{'sample_size': 60, 'difference': 0, 'noise': 0, 'n': 12, 'shap_error': 0.007186197934359204, 'shap_norm_sq': 0.005634020216394387, 'weighted_error': 1.0214151816337216, 'gamma': 0.34628202113101003, 'normalized_gamma': 61.0}
{'sample_size': 120, 'difference': 0, 'noise': 0, 'n': 12, 'shap_error': 0.003142680719464509, 'shap_norm_sq': 0.005634020216394387, 'weighted_error': 1.0093653281635526, 'gamma': 0.34628202113101003, 'normalized_gamma': 61.0}
{'sample_size': 240, 'difference': 0, 'noise': 0, 'n': 12, 'shap_error': 0.0007797903410506997, 'shap_norm_sq': 0.005634020216394387, 'weighted_error': 1.0023238096271225, 'gamma': 0.34628202113101003, 'normalized_gamma': 61.0}
{'sample_size': 480, 'difference': 0, 'noise': 0, 'n': 12, 'shap_error': 0.0001667097041647739, 'shap_norm_sq': 0.005634020216394387, 'weighted_error': 1.0004968012411948, 'gamma': 0.34628202113101003, 'normalized_gamma': 61.0}
{'sample_size': 960, 'difference': 0, 'noise': 0, 'n': 12, 'shap_error': 8.112814474674766e-05, 'shap_norm_sq': 0.005634020216394387, 'weighted_error': 1.000241765297529, 'gamma': 0.34628202113101003, 'normalized_gamma': 61.0}
{'sample_size': 1920, 'difference': 0, 'noise': 0, 'n': 12, 'shap_error': 4.117158035816679e-05, 'shap_norm_sq': 0.005634020216394387, 'weighted_error': 1.0001226924746511, 'gamma': 0.34628202113101003, 'normalized_gamma': 61.0}
{'sample_size': 60, 'difference': 0, 'noise': 0, 'n': 12, 'shap_error': 0.004031184095227681, 'shap_norm_sq': 0.030861381647389347, 'weighted_error': 1.010833236865146, 'gamma': 0.380978896307745, 'normalized_gamma': 12.0}
{'sample_size': 120, 'difference': 0, 'noise': 0, 'n': 12, 'shap_error': 0.0007895468716041934, 'shap_norm_sq': 0.030861381647389347, 'weighted_error': 1.0021217942742568, 'gamma': 0.380978896307745, 'normalized_gamma': 12.0}
{'sample_size': 240, 'difference': 0, 'noise': 0, 'n': 12, 'shap_error': 0.0005835879582107855, 'shap_norm_sq': 0.030861381647389347, 'weighted_error': 1.0015682914332256, 'gamma': 0.380978896307745, 'normalized_gamma': 12.0}
{'sample_size': 480, 'difference': 0, 'noise': 0, 'n': 12, 'shap_error': 0.00024366159047036365, 'shap_norm_sq': 0.030861381647389347, 'weighted_error': 1.0006548141073066, 'gamma': 0.380978896307745, 'normalized_gamma': 12.0}
{'sample_size': 960, 'difference': 0, 'noise': 0, 'n': 12, 'shap_error': 0.00010690644870342138, 'shap_norm_sq': 0.030861381647389347, 'weighted_error': 1.0002872972220767, 'gamma': 0.380978896307745, 'normalized_gamma': 12.0}
{'sample_size': 1920, 'difference': 0, 'noise': 0, 'n': 12, 'shap_error': 3.266611929513562e-05, 'shap_norm_sq': 0.030861381647389347, 'weighted_error': 1.000087784489849, 'gamma': 0.380978896307745, 'normalized_gamma': 12.0}
{'sample_size': 60, 'difference': 0, 'noise': 0, 'n': 12, 'shap_error': 0.007193534649140792, 'shap_norm_sq': 0.061892692345874495, 'weighted_error': 1.1104404134928831, 'gamma': 0.07659869759511914, 'normalized_gamma': 1.2}
{'sample_size': 120, 'difference': 0, 'noise': 0, 'n': 12, 'shap_error': 0.0006646635935659458, 'shap_norm_sq': 0.061892692345874495, 'weighted_error': 1.0102043701548502, 'gamma': 0.07659869759511914, 'normalized_gamma': 1.2}
{'sample_size': 240, 'difference': 0, 'noise': 0, 'n': 12, 'shap_error': 0.00031273537868939806, 'shap_norm_sq': 0.061892692345874495, 'weighted_error': 1.0048012614879223, 'gamma': 0.07659869759511914, 'normalized_gamma': 1.2}
{'sample_size': 480, 'difference': 0, 'noise': 0, 'n': 12, 'shap_error': 0.0002279389498380968, 'shap_norm_sq': 0.061892692345874495, 'weighted_error': 1.0034995161479885, 'gamma': 0.07659869759511914, 'normalized_gamma': 1.2}
{'sample_size': 960, 'difference': 0, 'noise': 0, 'n': 12, 'shap_error': 7.753677569246329e-05, 'shap_norm_sq': 0.061892692345874495, 'weighted_error': 1.0011904133012863, 'gamma': 0.07659869759511914, 'normalized_gamma': 1.2}
{'sample_size': 1920, 'difference': 0, 'noise': 0, 'n': 12, 'shap_error': 4.0197246824476854e-05, 'shap_norm_sq': 0.061892692345874495, 'weighted_error': 1.000617140829423, 'gamma': 0.07659869759511914, 'normalized_gamma': 1.2}
{'sample_size': 60, 'difference': 0, 'noise': 0, 'n': 12, 'shap_error': 4.757111957564603e-14, 'shap_norm_sq': 0.000995351024442015, 'weighted_error': 0.9999999999999526, 'gamma': 0.5931588091704234, 'normalized_gamma': 600.0}
{'sample_size': 120, 'difference': 0, 'noise': 0, 'n': 12, 'shap_error': 4.075917356751735e-14, 'shap_norm_sq': 0.000995351024442015, 'weighted_error': 0.9999999999999531, 'gamma': 0.5931588091704234, 'normalized_gamma': 600.0}
{'sample_size': 240, 'difference': 0, 'noise': 0, 'n': 12, 'shap_error': 4.035073240959018e-14, 'shap_norm_sq': 0.000995351024442015, 'weighted_error': 0.9999999999999416, 'gamma': 0.5931588091704234, 'normalized_gamma': 600.0}
{'sample_size': 480, 'difference': 0, 'noise': 0, 'n': 12, 'shap_error': 3.059565507273482e-14, 'shap_norm_sq': 0.000995351024442015, 'weighted_error': 0.9999999999999404, 'gamma': 0.5931588091704234, 'normalized_gamma': 600.0}
{'sample_size': 960, 'difference': 0, 'noise': 0, 'n': 12, 'shap_error': 3.460632801905675e-14, 'shap_norm_sq': 0.000995351024442015, 'weighted_error': 0.9999999999999405, 'gamma': 0.5931588091704234, 'normalized_gamma': 600.0}
{'sample_size': 1920, 'difference': 0, 'noise': 0, 'n': 12, 'shap_error': 3.5966637242729e-14, 'shap_norm_sq': 0.000995351024442015, 'weighted_error': 0.9999999999999398, 'gamma': 0.5931588091704234, 'normalized_gamma': 600.0}
{'sample_size': 60, 'difference': 0, 'noise': 0, 'n': 12, 'shap_error': 0.0036851462698430024, 'shap_norm_sq': 0.05192413524733969, 'weighted_error': 1.0113245171869327, 'gamma': 0.3424443698143275, 'normalized_gamma': 6.6}
{'sample_size': 120, 'difference': 0, 'noise': 0, 'n': 12, 'shap_error': 0.0003836217476087175, 'shap_norm_sq': 0.05192413524733969, 'weighted_error': 1.0011788792233474, 'gamma': 0.3424443698143275, 'normalized_gamma': 6.6}
{'sample_size': 240, 'difference': 0, 'noise': 0, 'n': 12, 'shap_error': 0.000762305890190144, 'shap_norm_sq': 0.05192413524733969, 'weighted_error': 1.0023425939982213, 'gamma': 0.3424443698143275, 'normalized_gamma': 6.6}
{'sample_size': 480, 'difference': 0, 'noise': 0, 'n': 12, 'shap_error': 0.00019327230488770848, 'shap_norm_sq': 0.05192413524733969, 'weighted_error': 1.000593929545765, 'gamma': 0.3424443698143275, 'normalized_gamma': 6.6}
{'sample_size': 960, 'difference': 0, 'noise': 0, 'n': 12, 'shap_error': 9.214951965451022e-05, 'shap_norm_sq': 0.05192413524733969, 'weighted_error': 1.0002831803292902, 'gamma': 0.3424443698143275, 'normalized_gamma': 6.6}
{'sample_size': 1920, 'difference': 0, 'noise': 0, 'n': 12, 'shap_error': 5.1956085977965736e-05, 'shap_norm_sq': 0.05192413524733969, 'weighted_error': 1.0001596636290386, 'gamma': 0.3424443698143275, 'normalized_gamma': 6.6}
{'sample_size': 60, 'difference': 0, 'noise': 0, 'n': 12, 'shap_error': 0.0012871939239515512, 'shap_norm_sq': 0.4654308295236672, 'weighted_error': 1.0345390735937103, 'gamma': 0.045594076379737454, 'normalized_gamma': 0.098}
{'sample_size': 120, 'difference': 0, 'noise': 0, 'n': 12, 'shap_error': 0.0003172040222061386, 'shap_norm_sq': 0.4654308295236672, 'weighted_error': 1.00851153202813, 'gamma': 0.045594076379737454, 'normalized_gamma': 0.098}
{'sample_size': 240, 'difference': 0, 'noise': 0, 'n': 12, 'shap_error': 0.00046307897602159564, 'shap_norm_sq': 0.4654308295236672, 'weighted_error': 1.0124258643479094, 'gamma': 0.045594076379737454, 'normalized_gamma': 0.098}
{'sample_size': 480, 'difference': 0, 'noise': 0, 'n': 12, 'shap_error': 8.915074074924693e-05, 'shap_norm_sq': 0.4654308295236672, 'weighted_error': 1.0023921310006716, 'gamma': 0.045594076379737454, 'normalized_gamma': 0.098}
{'sample_size': 960, 'difference': 0, 'noise': 0, 'n': 12, 'shap_error': 0.00010002657420692235, 'shap_norm_sq': 0.4654308295236672, 'weighted_error': 1.0026840095421465, 'gamma': 0.045594076379737454, 'normalized_gamma': 0.098}
{'sample_size': 1920, 'difference': 0, 'noise': 0, 'n': 12, 'shap_error': 1.2280474548211292e-05, 'shap_norm_sq': 0.4654308295236672, 'weighted_error': 1.0003295093211955, 'gamma': 0.045594076379737454, 'normalized_gamma': 0.098}
{'sample_size': 60, 'difference': 0, 'noise': 0, 'n': 12, 'shap_error': 0.014868565159816502, 'shap_norm_sq': 0.018084552695871458, 'weighted_error': 1.0170549245905722, 'gamma': 0.8746670657073672, 'normalized_gamma': 48.0}
{'sample_size': 120, 'difference': 0, 'noise': 0, 'n': 12, 'shap_error': 0.003402669514028066, 'shap_norm_sq': 0.018084552695871458, 'weighted_error': 1.0039030069524417, 'gamma': 0.8746670657073672, 'normalized_gamma': 48.0}
{'sample_size': 240, 'difference': 0, 'noise': 0, 'n': 12, 'shap_error': 0.0015609344893462564, 'shap_norm_sq': 0.018084552695871458, 'weighted_error': 1.0017904571699137, 'gamma': 0.8746670657073672, 'normalized_gamma': 48.0}
{'sample_size': 480, 'difference': 0, 'noise': 0, 'n': 12, 'shap_error': 0.00043931619738454933, 'shap_norm_sq': 0.018084552695871458, 'weighted_error': 1.0005039182778515, 'gamma': 0.8746670657073672, 'normalized_gamma': 48.0}
{'sample_size': 960, 'difference': 0, 'noise': 0, 'n': 12, 'shap_error': 0.0003600272322809001, 'shap_norm_sq': 0.018084552695871458, 'weighted_error': 1.0004129686047643, 'gamma': 0.8746670657073672, 'normalized_gamma': 48.0}
{'sample_size': 1920, 'difference': 0, 'noise': 0, 'n': 12, 'shap_error': 0.0003945938627980775, 'shap_norm_sq': 0.018084552695871458, 'weighted_error': 1.0004526182218059, 'gamma': 0.8746670657073672, 'normalized_gamma': 48.0}
{'sample_size': 60, 'difference': 0, 'noise': 0, 'n': 12, 'shap_error': 0.005457672017247177, 'shap_norm_sq': 0.01611218830828111, 'weighted_error': 1.0171312255180387, 'gamma': 0.3373182985674001, 'normalized_gamma': 21.0}
{'sample_size': 120, 'difference': 0, 'noise': 0, 'n': 12, 'shap_error': 0.0019590439525593926, 'shap_norm_sq': 0.01611218830828111, 'weighted_error': 1.0061492847026838, 'gamma': 0.3373182985674001, 'normalized_gamma': 21.0}
{'sample_size': 240, 'difference': 0, 'noise': 0, 'n': 12, 'shap_error': 0.0006010649010302275, 'shap_norm_sq': 0.01611218830828111, 'weighted_error': 1.0018867065574704, 'gamma': 0.3373182985674001, 'normalized_gamma': 21.0}
{'sample_size': 480, 'difference': 0, 'noise': 0, 'n': 12, 'shap_error': 0.00015514356373772802, 'shap_norm_sq': 0.01611218830828111, 'weighted_error': 1.0004869838558168, 'gamma': 0.3373182985674001, 'normalized_gamma': 21.0}
{'sample_size': 960, 'difference': 0, 'noise': 0, 'n': 12, 'shap_error': 0.0001693729488231701, 'shap_norm_sq': 0.01611218830828111, 'weighted_error': 1.000531651375941, 'gamma': 0.3373182985674001, 'normalized_gamma': 21.0}
{'sample_size': 1920, 'difference': 0, 'noise': 0, 'n': 12, 'shap_error': 2.598022665219506e-05, 'shap_norm_sq': 0.01611218830828111, 'weighted_error': 1.0000815498083508, 'gamma': 0.3373182985674001, 'normalized_gamma': 21.0}
{'sample_size': 60, 'difference': 0, 'noise': 0, 'n': 12, 'shap_error': 0.09120045087693084, 'shap_norm_sq': 0.0009441629430805183, 'weighted_error': 1.0791082715527829, 'gamma': 1.2375002389752618, 'normalized_gamma': 1300.0}
{'sample_size': 120, 'difference': 0, 'noise': 0, 'n': 12, 'shap_error': 0.08362245115264874, 'shap_norm_sq': 0.0009441629430805183, 'weighted_error': 1.0725349782977092, 'gamma': 1.2375002389752618, 'normalized_gamma': 1300.0}
{'sample_size': 240, 'difference': 0, 'noise': 0, 'n': 12, 'shap_error': 0.07395829798998758, 'shap_norm_sq': 0.0009441629430805183, 'weighted_error': 1.0641522223546889, 'gamma': 1.2375002389752618, 'normalized_gamma': 1300.0}
{'sample_size': 480, 'difference': 0, 'noise': 0, 'n': 12, 'shap_error': 0.010540963343349702, 'shap_norm_sq': 0.0009441629430805183, 'weighted_error': 1.0091433264983858, 'gamma': 1.2375002389752618, 'normalized_gamma': 1300.0}
{'sample_size': 960, 'difference': 0, 'noise': 0, 'n': 12, 'shap_error': 0.006085067661999226, 'shap_norm_sq': 0.0009441629430805183, 'weighted_error': 1.005278255437738, 'gamma': 1.2375002389752618, 'normalized_gamma': 1300.0}
{'sample_size': 1920, 'difference': 0, 'noise': 0, 'n': 12, 'shap_error': 0.0024356722720191687, 'shap_norm_sq': 0.0009441629430805183, 'weighted_error': 1.0021127278654063, 'gamma': 1.2375002389752618, 'normalized_gamma': 1300.0}
{'sample_size': 60, 'difference': 0, 'noise': 0, 'n': 12, 'shap_error': 0.0006993367010862577, 'shap_norm_sq': 0.07932903817108211, 'weighted_error': 1.0056752489261116, 'gamma': 0.15579416655489273, 'normalized_gamma': 2.0}
{'sample_size': 120, 'difference': 0, 'noise': 0, 'n': 12, 'shap_error': 0.00020080832878274308, 'shap_norm_sq': 0.07932903817108211, 'weighted_error': 1.001629606969028, 'gamma': 0.15579416655489273, 'normalized_gamma': 2.0}
{'sample_size': 240, 'difference': 0, 'noise': 0, 'n': 12, 'shap_error': 6.280354129998968e-05, 'shap_norm_sq': 0.07932903817108211, 'weighted_error': 1.0005096630804333, 'gamma': 0.15579416655489273, 'normalized_gamma': 2.0}
{'sample_size': 480, 'difference': 0, 'noise': 0, 'n': 12, 'shap_error': 5.019643133530307e-05, 'shap_norm_sq': 0.07932903817108211, 'weighted_error': 1.0004073613826963, 'gamma': 0.15579416655489273, 'normalized_gamma': 2.0}
{'sample_size': 960, 'difference': 0, 'noise': 0, 'n': 12, 'shap_error': 1.9510159785823703e-05, 'shap_norm_sq': 0.07932903817108211, 'weighted_error': 1.0001583309598565, 'gamma': 0.15579416655489273, 'normalized_gamma': 2.0}
{'sample_size': 1920, 'difference': 0, 'noise': 0, 'n': 12, 'shap_error': 7.569508278572689e-06, 'shap_norm_sq': 0.07932903817108211, 'weighted_error': 1.000061431003806, 'gamma': 0.15579416655489273, 'normalized_gamma': 2.0}
{'sample_size': 60, 'difference': 0, 'noise': 0, 'n': 12, 'shap_error': 0.0007312090046354414, 'shap_norm_sq': 0.22200627575780213, 'weighted_error': 1.0016978492047237, 'gamma': 0.5669574197135753, 'normalized_gamma': 2.6}
{'sample_size': 120, 'difference': 0, 'noise': 0, 'n': 12, 'shap_error': 0.0004971106632354705, 'shap_norm_sq': 0.22200627575780213, 'weighted_error': 1.0011542785054555, 'gamma': 0.5669574197135753, 'normalized_gamma': 2.6}
{'sample_size': 240, 'difference': 0, 'noise': 0, 'n': 12, 'shap_error': 0.0003756199255828039, 'shap_norm_sq': 0.22200627575780213, 'weighted_error': 1.0008721823257858, 'gamma': 0.5669574197135753, 'normalized_gamma': 2.6}
{'sample_size': 480, 'difference': 0, 'noise': 0, 'n': 12, 'shap_error': 7.746813508937526e-05, 'shap_norm_sq': 0.22200627575780213, 'weighted_error': 1.000179878525681, 'gamma': 0.5669574197135753, 'normalized_gamma': 2.6}
{'sample_size': 960, 'difference': 0, 'noise': 0, 'n': 12, 'shap_error': 0.00010409682199915826, 'shap_norm_sq': 0.22200627575780213, 'weighted_error': 1.000241711656708, 'gamma': 0.5669574197135753, 'normalized_gamma': 2.6}
{'sample_size': 1920, 'difference': 0, 'noise': 0, 'n': 12, 'shap_error': 3.718647883473132e-05, 'shap_norm_sq': 0.22200627575780213, 'weighted_error': 1.000086344543902, 'gamma': 0.5669574197135753, 'normalized_gamma': 2.6}
{'sample_size': 60, 'difference': 0, 'noise': 0, 'n': 12, 'shap_error': 0.0008348238591685948, 'shap_norm_sq': 0.05597135137190852, 'weighted_error': 1.0066993715880574, 'gamma': 0.14094846504571631, 'normalized_gamma': 2.5}
{'sample_size': 120, 'difference': 0, 'noise': 0, 'n': 12, 'shap_error': 0.0005129050911148489, 'shap_norm_sq': 0.05597135137190852, 'weighted_error': 1.0041159821215504, 'gamma': 0.14094846504571631, 'normalized_gamma': 2.5}
{'sample_size': 240, 'difference': 0, 'noise': 0, 'n': 12, 'shap_error': 0.0003539574879948674, 'shap_norm_sq': 0.05597135137190852, 'weighted_error': 1.0028404331775558, 'gamma': 0.14094846504571631, 'normalized_gamma': 2.5}
{'sample_size': 480, 'difference': 0, 'noise': 0, 'n': 12, 'shap_error': 0.00023054187592645074, 'shap_norm_sq': 0.05597135137190852, 'weighted_error': 1.001850064516333, 'gamma': 0.14094846504571631, 'normalized_gamma': 2.5}
{'sample_size': 960, 'difference': 0, 'noise': 0, 'n': 12, 'shap_error': 5.169393127228556e-05, 'shap_norm_sq': 0.05597135137190852, 'weighted_error': 1.0004148429647426, 'gamma': 0.14094846504571631, 'normalized_gamma': 2.5}
{'sample_size': 1920, 'difference': 0, 'noise': 0, 'n': 12, 'shap_error': 1.9608689645903257e-05, 'shap_norm_sq': 0.05597135137190852, 'weighted_error': 1.0001573625231148, 'gamma': 0.14094846504571631, 'normalized_gamma': 2.5}
{'sample_size': 60, 'difference': 0, 'noise': 0, 'n': 12, 'shap_error': 0.0034798671363026022, 'shap_norm_sq': 0.0020599155684413294, 'weighted_error': 1.0049738470617595, 'gamma': 0.8202107611818339, 'normalized_gamma': 400.0}
{'sample_size': 120, 'difference': 0, 'noise': 0, 'n': 12, 'shap_error': 0.0010363911459821144, 'shap_norm_sq': 0.0020599155684413294, 'weighted_error': 1.0014813350507974, 'gamma': 0.8202107611818339, 'normalized_gamma': 400.0}
{'sample_size': 240, 'difference': 0, 'noise': 0, 'n': 12, 'shap_error': 0.0004851288974084063, 'shap_norm_sq': 0.0020599155684413294, 'weighted_error': 1.0006934103155398, 'gamma': 0.8202107611818339, 'normalized_gamma': 400.0}
{'sample_size': 480, 'difference': 0, 'noise': 0, 'n': 12, 'shap_error': 0.00029268733482010184, 'shap_norm_sq': 0.0020599155684413294, 'weighted_error': 1.0004183471521213, 'gamma': 0.8202107611818339, 'normalized_gamma': 400.0}
{'sample_size': 960, 'difference': 0, 'noise': 0, 'n': 12, 'shap_error': 0.00026013950266350256, 'shap_norm_sq': 0.0020599155684413294, 'weighted_error': 1.0003718201243528, 'gamma': 0.8202107611818339, 'normalized_gamma': 400.0}
{'sample_size': 1920, 'difference': 0, 'noise': 0, 'n': 12, 'shap_error': 7.874182369966915e-05, 'shap_norm_sq': 0.0020599155684413294, 'weighted_error': 1.0001125483166715, 'gamma': 0.8202107611818339, 'normalized_gamma': 400.0}
{'sample_size': 60, 'difference': 0, 'noise': 0, 'n': 12, 'shap_error': 0.007741869258211863, 'shap_norm_sq': 0.06425485899656536, 'weighted_error': 1.1206683672986557, 'gamma': 0.07562590313553702, 'normalized_gamma': 1.2}
{'sample_size': 120, 'difference': 0, 'noise': 0, 'n': 12, 'shap_error': 0.0013967008759463596, 'shap_norm_sq': 0.06425485899656536, 'weighted_error': 1.0217695051053468, 'gamma': 0.07562590313553702, 'normalized_gamma': 1.2}
{'sample_size': 240, 'difference': 0, 'noise': 0, 'n': 12, 'shap_error': 0.0006198161357781221, 'shap_norm_sq': 0.06425485899656536, 'weighted_error': 1.0096607268065603, 'gamma': 0.07562590313553702, 'normalized_gamma': 1.2}
{'sample_size': 480, 'difference': 0, 'noise': 0, 'n': 12, 'shap_error': 0.0007402275928164823, 'shap_norm_sq': 0.06425485899656536, 'weighted_error': 1.0115375150980725, 'gamma': 0.07562590313553702, 'normalized_gamma': 1.2}
{'sample_size': 960, 'difference': 0, 'noise': 0, 'n': 12, 'shap_error': 0.00016307984843055265, 'shap_norm_sq': 0.06425485899656536, 'weighted_error': 1.0025418292297905, 'gamma': 0.07562590313553702, 'normalized_gamma': 1.2}
{'sample_size': 1920, 'difference': 0, 'noise': 0, 'n': 12, 'shap_error': 0.00021086041004162603, 'shap_norm_sq': 0.06425485899656536, 'weighted_error': 1.0032865132138369, 'gamma': 0.07562590313553702, 'normalized_gamma': 1.2}
{'sample_size': 60, 'difference': 0, 'noise': 0, 'n': 12, 'shap_error': 0.0008708926409613807, 'shap_norm_sq': 0.099927064741304, 'weighted_error': 1.0023646400903083, 'gamma': 0.5669633206044786, 'normalized_gamma': 5.7}
{'sample_size': 120, 'difference': 0, 'noise': 0, 'n': 12, 'shap_error': 0.00034086678977786127, 'shap_norm_sq': 0.099927064741304, 'weighted_error': 1.0009255276028786, 'gamma': 0.5669633206044786, 'normalized_gamma': 5.7}
{'sample_size': 240, 'difference': 0, 'noise': 0, 'n': 12, 'shap_error': 0.0001418683114492793, 'shap_norm_sq': 0.099927064741304, 'weighted_error': 1.0003851971595932, 'gamma': 0.5669633206044786, 'normalized_gamma': 5.7}
{'sample_size': 480, 'difference': 0, 'noise': 0, 'n': 12, 'shap_error': 6.024756386404111e-05, 'shap_norm_sq': 0.099927064741304, 'weighted_error': 1.0001635889585168, 'gamma': 0.5669633206044786, 'normalized_gamma': 5.7}
{'sample_size': 960, 'difference': 0, 'noise': 0, 'n': 12, 'shap_error': 5.0783989854866596e-05, 'shap_norm_sq': 0.099927064741304, 'weighted_error': 1.0001378882454433, 'gamma': 0.5669633206044786, 'normalized_gamma': 5.7}
{'sample_size': 1920, 'difference': 0, 'noise': 0, 'n': 12, 'shap_error': 9.986947960162098e-06, 'shap_norm_sq': 0.099927064741304, 'weighted_error': 1.0000271180088676, 'gamma': 0.5669633206044786, 'normalized_gamma': 5.7}
{'sample_size': 60, 'difference': 0, 'noise': 0, 'n': 12, 'shap_error': 0.001324624829127977, 'shap_norm_sq': 0.06982142258378178, 'weighted_error': 1.0112678206517152, 'gamma': 0.1460314567349837, 'normalized_gamma': 2.1}
{'sample_size': 120, 'difference': 0, 'noise': 0, 'n': 12, 'shap_error': 0.0011939344748711604, 'shap_norm_sq': 0.06982142258378178, 'weighted_error': 1.010156124509559, 'gamma': 0.1460314567349837, 'normalized_gamma': 2.1}
{'sample_size': 240, 'difference': 0, 'noise': 0, 'n': 12, 'shap_error': 0.0005646854702966523, 'shap_norm_sq': 0.06982142258378178, 'weighted_error': 1.0048034646942838, 'gamma': 0.1460314567349837, 'normalized_gamma': 2.1}
{'sample_size': 480, 'difference': 0, 'noise': 0, 'n': 12, 'shap_error': 0.00021864630720055, 'shap_norm_sq': 0.06982142258378178, 'weighted_error': 1.0018599134215225, 'gamma': 0.1460314567349837, 'normalized_gamma': 2.1}
{'sample_size': 960, 'difference': 0, 'noise': 0, 'n': 12, 'shap_error': 7.482445060175774e-05, 'shap_norm_sq': 0.06982142258378178, 'weighted_error': 1.0006364794306624, 'gamma': 0.1460314567349837, 'normalized_gamma': 2.1}
{'sample_size': 1920, 'difference': 0, 'noise': 0, 'n': 12, 'shap_error': 0.00013005674978745888, 'shap_norm_sq': 0.06982142258378178, 'weighted_error': 1.0011063104894076, 'gamma': 0.1460314567349837, 'normalized_gamma': 2.1}
{'sample_size': 60, 'difference': 0, 'noise': 0, 'n': 12, 'shap_error': 0.003401611477680578, 'shap_norm_sq': 0.01858869127208251, 'weighted_error': 1.009416123257033, 'gamma': 0.5925457620608439, 'normalized_gamma': 32.0}
{'sample_size': 120, 'difference': 0, 'noise': 0, 'n': 12, 'shap_error': 0.000831581025315187, 'shap_norm_sq': 0.01858869127208251, 'weighted_error': 1.0023019350580014, 'gamma': 0.5925457620608439, 'normalized_gamma': 32.0}
{'sample_size': 240, 'difference': 0, 'noise': 0, 'n': 12, 'shap_error': 0.000636877551340569, 'shap_norm_sq': 0.01858869127208251, 'weighted_error': 1.0017629801401213, 'gamma': 0.5925457620608439, 'normalized_gamma': 32.0}
{'sample_size': 480, 'difference': 0, 'noise': 0, 'n': 12, 'shap_error': 8.444617723279568e-05, 'shap_norm_sq': 0.01858869127208251, 'weighted_error': 1.0002337504352707, 'gamma': 0.5925457620608439, 'normalized_gamma': 32.0}
{'sample_size': 960, 'difference': 0, 'noise': 0, 'n': 12, 'shap_error': 0.00012245371284218994, 'shap_norm_sq': 0.01858869127208251, 'weighted_error': 1.000338969203201, 'gamma': 0.5925457620608439, 'normalized_gamma': 32.0}
{'sample_size': 1920, 'difference': 0, 'noise': 0, 'n': 12, 'shap_error': 4.755017341405465e-05, 'shap_norm_sq': 0.01858869127208251, 'weighted_error': 1.0001316223874768, 'gamma': 0.5925457620608439, 'normalized_gamma': 32.0}
{'sample_size': 60, 'difference': 0, 'noise': 0, 'n': 12, 'shap_error': 0.004337960731000474, 'shap_norm_sq': 0.03706858432595445, 'weighted_error': 1.0134707412895707, 'gamma': 0.3274769315038073, 'normalized_gamma': 8.8}
{'sample_size': 120, 'difference': 0, 'noise': 0, 'n': 12, 'shap_error': 0.005592123132708314, 'shap_norm_sq': 0.03706858432595445, 'weighted_error': 1.0173652818010808, 'gamma': 0.3274769315038073, 'normalized_gamma': 8.8}
{'sample_size': 240, 'difference': 0, 'noise': 0, 'n': 12, 'shap_error': 0.0020509638824266277, 'shap_norm_sq': 0.03706858432595445, 'weighted_error': 1.0063688743858648, 'gamma': 0.3274769315038073, 'normalized_gamma': 8.8}
{'sample_size': 480, 'difference': 0, 'noise': 0, 'n': 12, 'shap_error': 0.000246917822303491, 'shap_norm_sq': 0.03706858432595445, 'weighted_error': 1.0007667557586044, 'gamma': 0.3274769315038073, 'normalized_gamma': 8.8}
{'sample_size': 960, 'difference': 0, 'noise': 0, 'n': 12, 'shap_error': 0.0008046742889846984, 'shap_norm_sq': 0.03706858432595445, 'weighted_error': 1.0024987802987533, 'gamma': 0.3274769315038073, 'normalized_gamma': 8.8}
{'sample_size': 1920, 'difference': 0, 'noise': 0, 'n': 12, 'shap_error': 0.00025003454555575254, 'shap_norm_sq': 0.03706858432595445, 'weighted_error': 1.0007764349460353, 'gamma': 0.3274769315038073, 'normalized_gamma': 8.8}
{'sample_size': 60, 'difference': 0, 'noise': 0, 'n': 12, 'shap_error': 0.00274974271157764, 'shap_norm_sq': 0.003320776812407898, 'weighted_error': 1.0033522590033859, 'gamma': 0.831352388366863, 'normalized_gamma': 250.0}
{'sample_size': 120, 'difference': 0, 'noise': 0, 'n': 12, 'shap_error': 0.0006056349272190693, 'shap_norm_sq': 0.003320776812407898, 'weighted_error': 1.000738345041508, 'gamma': 0.831352388366863, 'normalized_gamma': 250.0}
{'sample_size': 240, 'difference': 0, 'noise': 0, 'n': 12, 'shap_error': 0.0002281146683620413, 'shap_norm_sq': 0.003320776812407898, 'weighted_error': 1.000278098459699, 'gamma': 0.831352388366863, 'normalized_gamma': 250.0}
{'sample_size': 480, 'difference': 0, 'noise': 0, 'n': 12, 'shap_error': 0.00010856294713830519, 'shap_norm_sq': 0.003320776812407898, 'weighted_error': 1.0001323507458122, 'gamma': 0.831352388366863, 'normalized_gamma': 250.0}
{'sample_size': 960, 'difference': 0, 'noise': 0, 'n': 12, 'shap_error': 5.2090533711888206e-05, 'shap_norm_sq': 0.003320776812407898, 'weighted_error': 1.000063504403076, 'gamma': 0.831352388366863, 'normalized_gamma': 250.0}
{'sample_size': 1920, 'difference': 0, 'noise': 0, 'n': 12, 'shap_error': 3.948515606648906e-05, 'shap_norm_sq': 0.003320776812407898, 'weighted_error': 1.0000481378306088, 'gamma': 0.831352388366863, 'normalized_gamma': 250.0}
{'sample_size': 60, 'difference': 0, 'noise': 0, 'n': 12, 'shap_error': 0.10761921663548805, 'shap_norm_sq': 0.0037547963458211845, 'weighted_error': 1.108855846337468, 'gamma': 1.0855330088427848, 'normalized_gamma': 290.0}
{'sample_size': 120, 'difference': 0, 'noise': 0, 'n': 12, 'shap_error': 0.01877513828041223, 'shap_norm_sq': 0.0037547963458211845, 'weighted_error': 1.0189909167165268, 'gamma': 1.0855330088427848, 'normalized_gamma': 290.0}
{'sample_size': 240, 'difference': 0, 'noise': 0, 'n': 12, 'shap_error': 0.007057457831349613, 'shap_norm_sq': 0.0037547963458211845, 'weighted_error': 1.007138551027011, 'gamma': 1.0855330088427848, 'normalized_gamma': 290.0}
{'sample_size': 480, 'difference': 0, 'noise': 0, 'n': 12, 'shap_error': 0.006346377171159783, 'shap_norm_sq': 0.0037547963458211845, 'weighted_error': 1.0064193002002042, 'gamma': 1.0855330088427848, 'normalized_gamma': 290.0}
{'sample_size': 960, 'difference': 0, 'noise': 0, 'n': 12, 'shap_error': 0.001041564261609062, 'shap_norm_sq': 0.0037547963458211845, 'weighted_error': 1.0010535310583215, 'gamma': 1.0855330088427848, 'normalized_gamma': 290.0}
{'sample_size': 1920, 'difference': 0, 'noise': 0, 'n': 12, 'shap_error': 0.0005210364971755299, 'shap_norm_sq': 0.0037547963458211845, 'weighted_error': 1.0005270199563359, 'gamma': 1.0855330088427848, 'normalized_gamma': 290.0}
{'sample_size': 60, 'difference': 0, 'noise': 0, 'n': 12, 'shap_error': 0.001499843268646169, 'shap_norm_sq': 0.03913879972889525, 'weighted_error': 1.003640676337001, 'gamma': 0.42285524807284186, 'normalized_gamma': 11.0}
{'sample_size': 120, 'difference': 0, 'noise': 0, 'n': 12, 'shap_error': 0.0008004450346827281, 'shap_norm_sq': 0.03913879972889525, 'weighted_error': 1.0019429754118565, 'gamma': 0.42285524807284186, 'normalized_gamma': 11.0}
{'sample_size': 240, 'difference': 0, 'noise': 0, 'n': 12, 'shap_error': 9.50101547339054e-05, 'shap_norm_sq': 0.03913879972889525, 'weighted_error': 1.0002306258752753, 'gamma': 0.42285524807284186, 'normalized_gamma': 11.0}
{'sample_size': 480, 'difference': 0, 'noise': 0, 'n': 12, 'shap_error': 4.6640326441261054e-05, 'shap_norm_sq': 0.03913879972889525, 'weighted_error': 1.000113212882976, 'gamma': 0.42285524807284186, 'normalized_gamma': 11.0}
{'sample_size': 960, 'difference': 0, 'noise': 0, 'n': 12, 'shap_error': 2.163515662990795e-05, 'shap_norm_sq': 0.03913879972889525, 'weighted_error': 1.0000525157108624, 'gamma': 0.42285524807284186, 'normalized_gamma': 11.0}
{'sample_size': 1920, 'difference': 0, 'noise': 0, 'n': 12, 'shap_error': 2.4878878287843215e-05, 'shap_norm_sq': 0.03913879972889525, 'weighted_error': 1.0000603911912915, 'gamma': 0.42285524807284186, 'normalized_gamma': 11.0}
{'sample_size': 60, 'difference': 0, 'noise': 0, 'n': 12, 'shap_error': 0.005828182863912834, 'shap_norm_sq': 0.09626096454790481, 'weighted_error': 1.0367189257694478, 'gamma': 0.19039545673513725, 'normalized_gamma': 2.0}
{'sample_size': 120, 'difference': 0, 'noise': 0, 'n': 12, 'shap_error': 0.0007601930737917167, 'shap_norm_sq': 0.09626096454790481, 'weighted_error': 1.0047894147470382, 'gamma': 0.19039545673513725, 'normalized_gamma': 2.0}
{'sample_size': 240, 'difference': 0, 'noise': 0, 'n': 12, 'shap_error': 0.000474150312812736, 'shap_norm_sq': 0.09626096454790481, 'weighted_error': 1.0029872609297064, 'gamma': 0.19039545673513725, 'normalized_gamma': 2.0}
{'sample_size': 480, 'difference': 0, 'noise': 0, 'n': 12, 'shap_error': 8.994575680242968e-05, 'shap_norm_sq': 0.09626096454790481, 'weighted_error': 1.0005666786440555, 'gamma': 0.19039545673513725, 'normalized_gamma': 2.0}
{'sample_size': 960, 'difference': 0, 'noise': 0, 'n': 12, 'shap_error': 0.00017854675025633175, 'shap_norm_sq': 0.09626096454790481, 'weighted_error': 1.0011248899931917, 'gamma': 0.19039545673513725, 'normalized_gamma': 2.0}
{'sample_size': 1920, 'difference': 0, 'noise': 0, 'n': 12, 'shap_error': 6.756872637643055e-05, 'shap_norm_sq': 0.09626096454790481, 'weighted_error': 1.0004257017938722, 'gamma': 0.19039545673513725, 'normalized_gamma': 2.0}
{'sample_size': 60, 'difference': 0, 'noise': 0, 'n': 12, 'shap_error': 3.0893364422205344e-14, 'shap_norm_sq': 0.0014072032586455493, 'weighted_error': 1.0000000000000697, 'gamma': 0.21626761822470436, 'normalized_gamma': 150.0}
{'sample_size': 120, 'difference': 0, 'noise': 0, 'n': 12, 'shap_error': 3.44690237112213e-14, 'shap_norm_sq': 0.0014072032586455493, 'weighted_error': 1.0000000000000437, 'gamma': 0.21626761822470436, 'normalized_gamma': 150.0}
{'sample_size': 240, 'difference': 0, 'noise': 0, 'n': 12, 'shap_error': 1.963244201116194e-14, 'shap_norm_sq': 0.0014072032586455493, 'weighted_error': 0.9999999999999901, 'gamma': 0.21626761822470436, 'normalized_gamma': 150.0}
{'sample_size': 480, 'difference': 0, 'noise': 0, 'n': 12, 'shap_error': 1.6635117085088655e-14, 'shap_norm_sq': 0.0014072032586455493, 'weighted_error': 0.99999999999997, 'gamma': 0.21626761822470436, 'normalized_gamma': 150.0}
{'sample_size': 960, 'difference': 0, 'noise': 0, 'n': 12, 'shap_error': 1.2282297978851195e-14, 'shap_norm_sq': 0.0014072032586455493, 'weighted_error': 0.9999999999999573, 'gamma': 0.21626761822470436, 'normalized_gamma': 150.0}
{'sample_size': 1920, 'difference': 0, 'noise': 0, 'n': 12, 'shap_error': 1.1282576905533956e-14, 'shap_norm_sq': 0.0014072032586455493, 'weighted_error': 0.9999999999999543, 'gamma': 0.21626761822470436, 'normalized_gamma': 150.0}
{'sample_size': 60, 'difference': 0, 'noise': 0, 'n': 12, 'shap_error': 0.004294703442460002, 'shap_norm_sq': 0.0672298597671931, 'weighted_error': 1.0206978633823762, 'gamma': 0.2207431811143688, 'normalized_gamma': 3.3}
{'sample_size': 120, 'difference': 0, 'noise': 0, 'n': 12, 'shap_error': 0.0007525011484692791, 'shap_norm_sq': 0.0672298597671931, 'weighted_error': 1.0036265962959996, 'gamma': 0.2207431811143688, 'normalized_gamma': 3.3}
{'sample_size': 240, 'difference': 0, 'noise': 0, 'n': 12, 'shap_error': 0.0007840913377956849, 'shap_norm_sq': 0.0672298597671931, 'weighted_error': 1.003778872267461, 'gamma': 0.2207431811143688, 'normalized_gamma': 3.3}
{'sample_size': 480, 'difference': 0, 'noise': 0, 'n': 12, 'shap_error': 0.0006031806711017785, 'shap_norm_sq': 0.0672298597671931, 'weighted_error': 1.0029069450371941, 'gamma': 0.2207431811143688, 'normalized_gamma': 3.3}
{'sample_size': 960, 'difference': 0, 'noise': 0, 'n': 12, 'shap_error': 0.0003465067382253555, 'shap_norm_sq': 0.0672298597671931, 'weighted_error': 1.0016699534680027, 'gamma': 0.2207431811143688, 'normalized_gamma': 3.3}
{'sample_size': 1920, 'difference': 0, 'noise': 0, 'n': 12, 'shap_error': 9.105761493916624e-05, 'shap_norm_sq': 0.0672298597671931, 'weighted_error': 1.0004388404805, 'gamma': 0.2207431811143688, 'normalized_gamma': 3.3}
{'sample_size': 60, 'difference': 0, 'noise': 0, 'n': 12, 'shap_error': 0.0035840205206911237, 'shap_norm_sq': 0.12262098664829399, 'weighted_error': 1.0166079911593342, 'gamma': 0.2599956218443566, 'normalized_gamma': 2.1}
{'sample_size': 120, 'difference': 0, 'noise': 0, 'n': 12, 'shap_error': 0.0015684290140719197, 'shap_norm_sq': 0.12262098664829399, 'weighted_error': 1.007267926853722, 'gamma': 0.2599956218443566, 'normalized_gamma': 2.1}
{'sample_size': 240, 'difference': 0, 'noise': 0, 'n': 12, 'shap_error': 0.0010232719593033976, 'shap_norm_sq': 0.12262098664829399, 'weighted_error': 1.0047417261628515, 'gamma': 0.2599956218443566, 'normalized_gamma': 2.1}
{'sample_size': 480, 'difference': 0, 'noise': 0, 'n': 12, 'shap_error': 0.0008101970598933677, 'shap_norm_sq': 0.12262098664829399, 'weighted_error': 1.0037543853919297, 'gamma': 0.2599956218443566, 'normalized_gamma': 2.1}
{'sample_size': 960, 'difference': 0, 'noise': 0, 'n': 12, 'shap_error': 0.00046651827326995297, 'shap_norm_sq': 0.12262098664829399, 'weighted_error': 1.002161782782151, 'gamma': 0.2599956218443566, 'normalized_gamma': 2.1}
{'sample_size': 1920, 'difference': 0, 'noise': 0, 'n': 12, 'shap_error': 0.00018959999736299578, 'shap_norm_sq': 0.12262098664829399, 'weighted_error': 1.0008785676165557, 'gamma': 0.2599956218443566, 'normalized_gamma': 2.1}
{'sample_size': 60, 'difference': 0, 'noise': 0, 'n': 12, 'shap_error': 0.037767140277131676, 'shap_norm_sq': 0.0009617704273857965, 'weighted_error': 1.02708976267816, 'gamma': 1.7263822427589122, 'normalized_gamma': 1800.0}
{'sample_size': 120, 'difference': 0, 'noise': 0, 'n': 12, 'shap_error': 0.004643497834543042, 'shap_norm_sq': 0.0009617704273857965, 'weighted_error': 1.0033307099743969, 'gamma': 1.7263822427589122, 'normalized_gamma': 1800.0}
{'sample_size': 240, 'difference': 0, 'noise': 0, 'n': 12, 'shap_error': 0.004790535194911547, 'shap_norm_sq': 0.0009617704273857965, 'weighted_error': 1.0034361817043886, 'gamma': 1.7263822427589122, 'normalized_gamma': 1800.0}
{'sample_size': 480, 'difference': 0, 'noise': 0, 'n': 12, 'shap_error': 0.0018707810280858671, 'shap_norm_sq': 0.0009617704273857965, 'weighted_error': 1.0013418835102663, 'gamma': 1.7263822427589122, 'normalized_gamma': 1800.0}
{'sample_size': 960, 'difference': 0, 'noise': 0, 'n': 12, 'shap_error': 0.0014330110503807446, 'shap_norm_sq': 0.0009617704273857965, 'weighted_error': 1.001027876538151, 'gamma': 1.7263822427589122, 'normalized_gamma': 1800.0}
{'sample_size': 1920, 'difference': 0, 'noise': 0, 'n': 12, 'shap_error': 0.00044442584992403857, 'shap_norm_sq': 0.0009617704273857965, 'weighted_error': 1.0003187779260094, 'gamma': 1.7263822427589122, 'normalized_gamma': 1800.0}
{'sample_size': 60, 'difference': 0, 'noise': 0, 'n': 12, 'shap_error': 0.00684558074816449, 'shap_norm_sq': 0.04927145524290314, 'weighted_error': 1.0449612311672118, 'gamma': 0.1863138918311252, 'normalized_gamma': 3.8}
{'sample_size': 120, 'difference': 0, 'noise': 0, 'n': 12, 'shap_error': 0.0026175303038497113, 'shap_norm_sq': 0.04927145524290314, 'weighted_error': 1.0171917666894634, 'gamma': 0.1863138918311252, 'normalized_gamma': 3.8}
{'sample_size': 240, 'difference': 0, 'noise': 0, 'n': 12, 'shap_error': 0.0007493892619634068, 'shap_norm_sq': 0.04927145524290314, 'weighted_error': 1.0049220057624884, 'gamma': 0.1863138918311252, 'normalized_gamma': 3.8}
{'sample_size': 480, 'difference': 0, 'noise': 0, 'n': 12, 'shap_error': 0.0007077473345714384, 'shap_norm_sq': 0.04927145524290314, 'weighted_error': 1.0046484800266928, 'gamma': 0.1863138918311252, 'normalized_gamma': 3.8}
{'sample_size': 960, 'difference': 0, 'noise': 0, 'n': 12, 'shap_error': 0.00014956425088625725, 'shap_norm_sq': 0.04927145524290314, 'weighted_error': 1.000982324216296, 'gamma': 0.1863138918311252, 'normalized_gamma': 3.8}
{'sample_size': 1920, 'difference': 0, 'noise': 0, 'n': 12, 'shap_error': 7.742217652521777e-05, 'shap_norm_sq': 0.04927145524290314, 'weighted_error': 1.0005084846386159, 'gamma': 0.1863138918311252, 'normalized_gamma': 3.8}
{'sample_size': 60, 'difference': 0, 'noise': 0, 'n': 12, 'shap_error': 0.04066526850810609, 'shap_norm_sq': 0.011820624614555637, 'weighted_error': 1.0753977213627228, 'gamma': 0.5861537131145687, 'normalized_gamma': 50.0}
{'sample_size': 120, 'difference': 0, 'noise': 0, 'n': 12, 'shap_error': 0.015284028287548178, 'shap_norm_sq': 0.011820624614555637, 'weighted_error': 1.0283382183831555, 'gamma': 0.5861537131145687, 'normalized_gamma': 50.0}
{'sample_size': 240, 'difference': 0, 'noise': 0, 'n': 12, 'shap_error': 0.005979613151512261, 'shap_norm_sq': 0.011820624614555637, 'weighted_error': 1.0110868486858322, 'gamma': 0.5861537131145687, 'normalized_gamma': 50.0}
{'sample_size': 480, 'difference': 0, 'noise': 0, 'n': 12, 'shap_error': 0.005343312269299374, 'shap_norm_sq': 0.011820624614555637, 'weighted_error': 1.009907064342558, 'gamma': 0.5861537131145687, 'normalized_gamma': 50.0}
{'sample_size': 960, 'difference': 0, 'noise': 0, 'n': 12, 'shap_error': 0.0028734598594211693, 'shap_norm_sq': 0.011820624614555637, 'weighted_error': 1.0053276957413884, 'gamma': 0.5861537131145687, 'normalized_gamma': 50.0}
{'sample_size': 1920, 'difference': 0, 'noise': 0, 'n': 12, 'shap_error': 0.0011656412850627857, 'shap_norm_sq': 0.011820624614555637, 'weighted_error': 1.002161217889433, 'gamma': 0.5861537131145687, 'normalized_gamma': 50.0}
{'sample_size': 60, 'difference': 0, 'noise': 0, 'n': 12, 'shap_error': 0.002784617387421865, 'shap_norm_sq': 0.11260169117972427, 'weighted_error': 1.0111609848172902, 'gamma': 0.3318816962002491, 'normalized_gamma': 2.9}
{'sample_size': 120, 'difference': 0, 'noise': 0, 'n': 12, 'shap_error': 0.0006119106117907444, 'shap_norm_sq': 0.11260169117972427, 'weighted_error': 1.0024525826203252, 'gamma': 0.3318816962002491, 'normalized_gamma': 2.9}
{'sample_size': 240, 'difference': 0, 'noise': 0, 'n': 12, 'shap_error': 0.0004101819624463011, 'shap_norm_sq': 0.11260169117972427, 'weighted_error': 1.0016440549848065, 'gamma': 0.3318816962002491, 'normalized_gamma': 2.9}
{'sample_size': 480, 'difference': 0, 'noise': 0, 'n': 12, 'shap_error': 0.00019867084316763434, 'shap_norm_sq': 0.11260169117972427, 'weighted_error': 1.0007963051537974, 'gamma': 0.3318816962002491, 'normalized_gamma': 2.9}
{'sample_size': 960, 'difference': 0, 'noise': 0, 'n': 12, 'shap_error': 0.00012021540171365072, 'shap_norm_sq': 0.11260169117972427, 'weighted_error': 1.0004818203005788, 'gamma': 0.3318816962002491, 'normalized_gamma': 2.9}
{'sample_size': 1920, 'difference': 0, 'noise': 0, 'n': 12, 'shap_error': 2.282003396710851e-05, 'shap_norm_sq': 0.11260169117972427, 'weighted_error': 1.0000914678165427, 'gamma': 0.3318816962002491, 'normalized_gamma': 2.9}
{'sample_size': 60, 'difference': 0, 'noise': 0, 'n': 12, 'shap_error': 0.005744451010773346, 'shap_norm_sq': 0.05030418141157239, 'weighted_error': 1.0509411923557386, 'gamma': 0.12049972440816258, 'normalized_gamma': 2.4}
{'sample_size': 120, 'difference': 0, 'noise': 0, 'n': 12, 'shap_error': 0.001226721888776113, 'shap_norm_sq': 0.05030418141157239, 'weighted_error': 1.0108784585184272, 'gamma': 0.12049972440816258, 'normalized_gamma': 2.4}
{'sample_size': 240, 'difference': 0, 'noise': 0, 'n': 12, 'shap_error': 0.0004629879600450157, 'shap_norm_sq': 0.05030418141157239, 'weighted_error': 1.00410569184532, 'gamma': 0.12049972440816258, 'normalized_gamma': 2.4}
{'sample_size': 480, 'difference': 0, 'noise': 0, 'n': 12, 'shap_error': 0.0003000529668654667, 'shap_norm_sq': 0.05030418141157239, 'weighted_error': 1.0026608309886593, 'gamma': 0.12049972440816258, 'normalized_gamma': 2.4}
{'sample_size': 960, 'difference': 0, 'noise': 0, 'n': 12, 'shap_error': 0.0001023063828263459, 'shap_norm_sq': 0.05030418141157239, 'weighted_error': 1.0009072509256922, 'gamma': 0.12049972440816258, 'normalized_gamma': 2.4}
{'sample_size': 1920, 'difference': 0, 'noise': 0, 'n': 12, 'shap_error': 5.684386941215556e-05, 'shap_norm_sq': 0.05030418141157239, 'weighted_error': 1.0005040855613387, 'gamma': 0.12049972440816258, 'normalized_gamma': 2.4}
{'sample_size': 60, 'difference': 0, 'noise': 0, 'n': 12, 'shap_error': 0.0030788245568018056, 'shap_norm_sq': 0.10111885764436053, 'weighted_error': 1.0178724977625084, 'gamma': 0.21615198301180782, 'normalized_gamma': 2.1}
{'sample_size': 120, 'difference': 0, 'noise': 0, 'n': 12, 'shap_error': 0.0007893534296544185, 'shap_norm_sq': 0.10111885764436053, 'weighted_error': 1.0045821784337337, 'gamma': 0.21615198301180782, 'normalized_gamma': 2.1}
{'sample_size': 240, 'difference': 0, 'noise': 0, 'n': 12, 'shap_error': 0.0005696551994388091, 'shap_norm_sq': 0.10111885764436053, 'weighted_error': 1.0033068412718622, 'gamma': 0.21615198301180782, 'normalized_gamma': 2.1}
{'sample_size': 480, 'difference': 0, 'noise': 0, 'n': 12, 'shap_error': 0.00035142729074289473, 'shap_norm_sq': 0.10111885764436053, 'weighted_error': 1.0020400337885673, 'gamma': 0.21615198301180782, 'normalized_gamma': 2.1}
{'sample_size': 960, 'difference': 0, 'noise': 0, 'n': 12, 'shap_error': 0.00012567704850380894, 'shap_norm_sq': 0.10111885764436053, 'weighted_error': 1.0007295614651344, 'gamma': 0.21615198301180782, 'normalized_gamma': 2.1}
{'sample_size': 1920, 'difference': 0, 'noise': 0, 'n': 12, 'shap_error': 6.605193104029055e-05, 'shap_norm_sq': 0.10111885764436053, 'weighted_error': 1.0003834275125023, 'gamma': 0.21615198301180782, 'normalized_gamma': 2.1}
{'sample_size': 60, 'difference': 0, 'noise': 0, 'n': 12, 'shap_error': 0.007777061815518628, 'shap_norm_sq': 0.33174130120892464, 'weighted_error': 1.017887869086878, 'gamma': 0.6237695988493525, 'normalized_gamma': 1.9}
{'sample_size': 120, 'difference': 0, 'noise': 0, 'n': 12, 'shap_error': 0.0017046716207469795, 'shap_norm_sq': 0.33174130120892464, 'weighted_error': 1.0039208758779556, 'gamma': 0.6237695988493525, 'normalized_gamma': 1.9}
{'sample_size': 240, 'difference': 0, 'noise': 0, 'n': 12, 'shap_error': 0.0007656637406082677, 'shap_norm_sq': 0.33174130120892464, 'weighted_error': 1.00176107687241, 'gamma': 0.6237695988493525, 'normalized_gamma': 1.9}
{'sample_size': 480, 'difference': 0, 'noise': 0, 'n': 12, 'shap_error': 0.0003742630163121659, 'shap_norm_sq': 0.33174130120892464, 'weighted_error': 1.0008608381289754, 'gamma': 0.6237695988493525, 'normalized_gamma': 1.9}
{'sample_size': 960, 'difference': 0, 'noise': 0, 'n': 12, 'shap_error': 0.00011494065003911673, 'shap_norm_sq': 0.33174130120892464, 'weighted_error': 1.0002643715401018, 'gamma': 0.6237695988493525, 'normalized_gamma': 1.9}
{'sample_size': 1920, 'difference': 0, 'noise': 0, 'n': 12, 'shap_error': 0.00016943491694351509, 'shap_norm_sq': 0.33174130120892464, 'weighted_error': 1.0003897167392466, 'gamma': 0.6237695988493525, 'normalized_gamma': 1.9}
{'sample_size': 60, 'difference': 0, 'noise': 0, 'n': 12, 'shap_error': 0.01249592802886589, 'shap_norm_sq': 0.051618335630334695, 'weighted_error': 1.0321267159625476, 'gamma': 0.40459089079516825, 'normalized_gamma': 7.8}
{'sample_size': 120, 'difference': 0, 'noise': 0, 'n': 12, 'shap_error': 0.0033351808269465075, 'shap_norm_sq': 0.051618335630334695, 'weighted_error': 1.0085746914700875, 'gamma': 0.40459089079516825, 'normalized_gamma': 7.8}
{'sample_size': 240, 'difference': 0, 'noise': 0, 'n': 12, 'shap_error': 0.001241143948735594, 'shap_norm_sq': 0.051618335630334695, 'weighted_error': 1.0031909648334787, 'gamma': 0.40459089079516825, 'normalized_gamma': 7.8}
{'sample_size': 480, 'difference': 0, 'noise': 0, 'n': 12, 'shap_error': 0.0002589301263917407, 'shap_norm_sq': 0.051618335630334695, 'weighted_error': 1.0006657073224032, 'gamma': 0.40459089079516825, 'normalized_gamma': 7.8}
{'sample_size': 960, 'difference': 0, 'noise': 0, 'n': 12, 'shap_error': 0.00027143429143272434, 'shap_norm_sq': 0.051618335630334695, 'weighted_error': 1.0006978606773027, 'gamma': 0.40459089079516825, 'normalized_gamma': 7.8}
{'sample_size': 1920, 'difference': 0, 'noise': 0, 'n': 12, 'shap_error': 0.0001332468095232844, 'shap_norm_sq': 0.051618335630334695, 'weighted_error': 1.0003425743087497, 'gamma': 0.40459089079516825, 'normalized_gamma': 7.8}
{'sample_size': 60, 'difference': 0, 'noise': 0, 'n': 12, 'shap_error': 0.002079108811414016, 'shap_norm_sq': 0.03595907316545765, 'weighted_error': 1.0040840845813679, 'gamma': 0.5217341409067993, 'normalized_gamma': 15.0}
{'sample_size': 120, 'difference': 0, 'noise': 0, 'n': 12, 'shap_error': 0.0008138394321040565, 'shap_norm_sq': 0.03595907316545765, 'weighted_error': 1.0015986619432133, 'gamma': 0.5217341409067993, 'normalized_gamma': 15.0}
{'sample_size': 240, 'difference': 0, 'noise': 0, 'n': 12, 'shap_error': 0.0002732475667491614, 'shap_norm_sq': 0.03595907316545765, 'weighted_error': 1.0005367462214594, 'gamma': 0.5217341409067993, 'normalized_gamma': 15.0}
{'sample_size': 480, 'difference': 0, 'noise': 0, 'n': 12, 'shap_error': 0.00022175920471861733, 'shap_norm_sq': 0.03595907316545765, 'weighted_error': 1.0004356092144095, 'gamma': 0.5217341409067993, 'normalized_gamma': 15.0}
{'sample_size': 960, 'difference': 0, 'noise': 0, 'n': 12, 'shap_error': 7.374207864474954e-05, 'shap_norm_sq': 0.03595907316545765, 'weighted_error': 1.000144857325831, 'gamma': 0.5217341409067993, 'normalized_gamma': 15.0}
{'sample_size': 1920, 'difference': 0, 'noise': 0, 'n': 12, 'shap_error': 2.7707087890470374e-05, 'shap_norm_sq': 0.03595907316545765, 'weighted_error': 1.0000544257322173, 'gamma': 0.5217341409067993, 'normalized_gamma': 15.0}
{'sample_size': 60, 'difference': 0, 'noise': 0, 'n': 12, 'shap_error': 0.04255780382654249, 'shap_norm_sq': 0.0007995286194036965, 'weighted_error': 1.0527657399962231, 'gamma': 0.8535331812443461, 'normalized_gamma': 1100.0}
{'sample_size': 120, 'difference': 0, 'noise': 0, 'n': 12, 'shap_error': 0.016145347684961467, 'shap_norm_sq': 0.0007995286194036965, 'weighted_error': 1.0200180069296971, 'gamma': 0.8535331812443461, 'normalized_gamma': 1100.0}
{'sample_size': 240, 'difference': 0, 'noise': 0, 'n': 12, 'shap_error': 0.0035730693484136867, 'shap_norm_sq': 0.0007995286194036965, 'weighted_error': 1.004430109545176, 'gamma': 0.8535331812443461, 'normalized_gamma': 1100.0}
{'sample_size': 480, 'difference': 0, 'noise': 0, 'n': 12, 'shap_error': 0.002806372601308748, 'shap_norm_sq': 0.0007995286194036965, 'weighted_error': 1.003479510174812, 'gamma': 0.8535331812443461, 'normalized_gamma': 1100.0}
{'sample_size': 960, 'difference': 0, 'noise': 0, 'n': 12, 'shap_error': 0.0012015385887579014, 'shap_norm_sq': 0.0007995286194036965, 'weighted_error': 1.0014897423700493, 'gamma': 0.8535331812443461, 'normalized_gamma': 1100.0}
{'sample_size': 1920, 'difference': 0, 'noise': 0, 'n': 12, 'shap_error': 0.00034752815100118215, 'shap_norm_sq': 0.0007995286194036965, 'weighted_error': 1.000430882831566, 'gamma': 0.8535331812443461, 'normalized_gamma': 1100.0}
{'sample_size': 60, 'difference': 0, 'noise': 0, 'n': 12, 'shap_error': 0.0009852584124125712, 'shap_norm_sq': 0.49774985931967897, 'weighted_error': 1.006818632585591, 'gamma': 0.17467781149116035, 'normalized_gamma': 0.35}
{'sample_size': 120, 'difference': 0, 'noise': 0, 'n': 12, 'shap_error': 0.00030146555405630463, 'shap_norm_sq': 0.49774985931967897, 'weighted_error': 1.0020863372557127, 'gamma': 0.17467781149116035, 'normalized_gamma': 0.35}
{'sample_size': 240, 'difference': 0, 'noise': 0, 'n': 12, 'shap_error': 0.00043807660331663393, 'shap_norm_sq': 0.49774985931967897, 'weighted_error': 1.0030318223979255, 'gamma': 0.17467781149116035, 'normalized_gamma': 0.35}
{'sample_size': 480, 'difference': 0, 'noise': 0, 'n': 12, 'shap_error': 5.572679355299369e-05, 'shap_norm_sq': 0.49774985931967897, 'weighted_error': 1.000385667654166, 'gamma': 0.17467781149116035, 'normalized_gamma': 0.35}
{'sample_size': 960, 'difference': 0, 'noise': 0, 'n': 12, 'shap_error': 6.0464297968778865e-05, 'shap_norm_sq': 0.49774985931967897, 'weighted_error': 1.0004184479124794, 'gamma': 0.17467781149116035, 'normalized_gamma': 0.35}
{'sample_size': 1920, 'difference': 0, 'noise': 0, 'n': 12, 'shap_error': 1.1219679442267685e-05, 'shap_norm_sq': 0.49774985931967897, 'weighted_error': 1.0000776462810066, 'gamma': 0.17467781149116035, 'normalized_gamma': 0.35}
{'sample_size': 60, 'difference': 0, 'noise': 0, 'n': 12, 'shap_error': 0.0006705994750250152, 'shap_norm_sq': 0.006670305781087802, 'weighted_error': 1.0012800285015153, 'gamma': 0.7065985139358123, 'normalized_gamma': 110.0}
{'sample_size': 120, 'difference': 0, 'noise': 0, 'n': 12, 'shap_error': 0.00020661074102896242, 'shap_norm_sq': 0.006670305781087802, 'weighted_error': 1.0003943744470576, 'gamma': 0.7065985139358123, 'normalized_gamma': 110.0}
{'sample_size': 240, 'difference': 0, 'noise': 0, 'n': 12, 'shap_error': 9.073113032012978e-05, 'shap_norm_sq': 0.006670305781087802, 'weighted_error': 1.0001731842697312, 'gamma': 0.7065985139358123, 'normalized_gamma': 110.0}
{'sample_size': 480, 'difference': 0, 'noise': 0, 'n': 12, 'shap_error': 4.2979622520029486e-05, 'shap_norm_sq': 0.006670305781087802, 'weighted_error': 1.0000820385434834, 'gamma': 0.7065985139358123, 'normalized_gamma': 110.0}
{'sample_size': 960, 'difference': 0, 'noise': 0, 'n': 12, 'shap_error': 2.6272419649386996e-05, 'shap_norm_sq': 0.006670305781087802, 'weighted_error': 1.0000501490102551, 'gamma': 0.7065985139358123, 'normalized_gamma': 110.0}
{'sample_size': 1920, 'difference': 0, 'noise': 0, 'n': 12, 'shap_error': 2.637260264512752e-05, 'shap_norm_sq': 0.006670305781087802, 'weighted_error': 1.0000503386937445, 'gamma': 0.7065985139358123, 'normalized_gamma': 110.0}
{'sample_size': 60, 'difference': 0, 'noise': 0, 'n': 12, 'shap_error': 0.00542165165647117, 'shap_norm_sq': 0.00204011308004558, 'weighted_error': 1.0060891531417466, 'gamma': 1.1396389937643634, 'normalized_gamma': 560.0}
{'sample_size': 120, 'difference': 0, 'noise': 0, 'n': 12, 'shap_error': 0.0010931457087820296, 'shap_norm_sq': 0.00204011308004558, 'weighted_error': 1.0012277373491674, 'gamma': 1.1396389937643634, 'normalized_gamma': 560.0}
{'sample_size': 240, 'difference': 0, 'noise': 0, 'n': 12, 'shap_error': 0.0003740185241557705, 'shap_norm_sq': 0.00204011308004558, 'weighted_error': 1.0004200714158225, 'gamma': 1.1396389937643634, 'normalized_gamma': 560.0}
{'sample_size': 480, 'difference': 0, 'noise': 0, 'n': 12, 'shap_error': 0.00046485251433111684, 'shap_norm_sq': 0.00204011308004558, 'weighted_error': 1.0005220822741376, 'gamma': 1.1396389937643634, 'normalized_gamma': 560.0}
{'sample_size': 960, 'difference': 0, 'noise': 0, 'n': 12, 'shap_error': 0.00019204848202088534, 'shap_norm_sq': 0.00204011308004558, 'weighted_error': 1.0002156959659612, 'gamma': 1.1396389937643634, 'normalized_gamma': 560.0}
{'sample_size': 1920, 'difference': 0, 'noise': 0, 'n': 12, 'shap_error': 5.4020698282457973e-05, 'shap_norm_sq': 0.00204011308004558, 'weighted_error': 1.0000606721047118, 'gamma': 1.1396389937643634, 'normalized_gamma': 560.0}
{'sample_size': 60, 'difference': 0, 'noise': 0, 'n': 12, 'shap_error': 0.015451814764242483, 'shap_norm_sq': 0.0020802566602557545, 'weighted_error': 1.0376448746245845, 'gamma': 0.4161344503328483, 'normalized_gamma': 200.0}
{'sample_size': 120, 'difference': 0, 'noise': 0, 'n': 12, 'shap_error': 0.013893739273471498, 'shap_norm_sq': 0.0020802566602557545, 'weighted_error': 1.0338489847278889, 'gamma': 0.4161344503328483, 'normalized_gamma': 200.0}
{'sample_size': 240, 'difference': 0, 'noise': 0, 'n': 12, 'shap_error': 0.0028297662893759646, 'shap_norm_sq': 0.0020802566602557545, 'weighted_error': 1.006894092659417, 'gamma': 0.4161344503328483, 'normalized_gamma': 200.0}
{'sample_size': 480, 'difference': 0, 'noise': 0, 'n': 12, 'shap_error': 0.0029082222582056225, 'shap_norm_sq': 0.0020802566602557545, 'weighted_error': 1.0070852280639833, 'gamma': 0.4161344503328483, 'normalized_gamma': 200.0}
{'sample_size': 960, 'difference': 0, 'noise': 0, 'n': 12, 'shap_error': 0.001361051142130118, 'shap_norm_sq': 0.0020802566602557545, 'weighted_error': 1.00331589257616, 'gamma': 0.4161344503328483, 'normalized_gamma': 200.0}
{'sample_size': 1920, 'difference': 0, 'noise': 0, 'n': 12, 'shap_error': 0.00042838942151301345, 'shap_norm_sq': 0.0020802566602557545, 'weighted_error': 1.0010436765620256, 'gamma': 0.4161344503328483, 'normalized_gamma': 200.0}
{'sample_size': 60, 'difference': 0, 'noise': 0, 'n': 12, 'shap_error': 0.01438938988940553, 'shap_norm_sq': 0.0018470490651422864, 'weighted_error': 1.0335956056132447, 'gamma': 0.43498913450913007, 'normalized_gamma': 240.0}
{'sample_size': 120, 'difference': 0, 'noise': 0, 'n': 12, 'shap_error': 0.0019136977260654818, 'shap_norm_sq': 0.0018470490651422864, 'weighted_error': 1.0044679847040372, 'gamma': 0.43498913450913007, 'normalized_gamma': 240.0}
{'sample_size': 240, 'difference': 0, 'noise': 0, 'n': 12, 'shap_error': 0.0031842829234266195, 'shap_norm_sq': 0.0018470490651422864, 'weighted_error': 1.0074344777263715, 'gamma': 0.43498913450913007, 'normalized_gamma': 240.0}
{'sample_size': 480, 'difference': 0, 'noise': 0, 'n': 12, 'shap_error': 0.00101879463063333, 'shap_norm_sq': 0.0018470490651422864, 'weighted_error': 1.002378612958464, 'gamma': 0.43498913450913007, 'normalized_gamma': 240.0}
{'sample_size': 960, 'difference': 0, 'noise': 0, 'n': 12, 'shap_error': 0.00048388893986903083, 'shap_norm_sq': 0.0018470490651422864, 'weighted_error': 1.0011297602788962, 'gamma': 0.43498913450913007, 'normalized_gamma': 240.0}
{'sample_size': 1920, 'difference': 0, 'noise': 0, 'n': 12, 'shap_error': 0.00010441180912929684, 'shap_norm_sq': 0.0018470490651422864, 'weighted_error': 1.000243776830069, 'gamma': 0.43498913450913007, 'normalized_gamma': 240.0}
{'sample_size': 60, 'difference': 0, 'noise': 0, 'n': 12, 'shap_error': 0.0013251081362350016, 'shap_norm_sq': 0.01504719596960407, 'weighted_error': 1.0011608739421458, 'gamma': 1.5212863465629325, 'normalized_gamma': 100.0}
{'sample_size': 120, 'difference': 0, 'noise': 0, 'n': 12, 'shap_error': 0.000360517749208014, 'shap_norm_sq': 0.01504719596960407, 'weighted_error': 1.0003158360154172, 'gamma': 1.5212863465629325, 'normalized_gamma': 100.0}
{'sample_size': 240, 'difference': 0, 'noise': 0, 'n': 12, 'shap_error': 0.000539852537745921, 'shap_norm_sq': 0.01504719596960407, 'weighted_error': 1.0004729462206794, 'gamma': 1.5212863465629325, 'normalized_gamma': 100.0}
{'sample_size': 480, 'difference': 0, 'noise': 0, 'n': 12, 'shap_error': 3.463092097509489e-05, 'shap_norm_sq': 0.01504719596960407, 'weighted_error': 1.0000303403126418, 'gamma': 1.5212863465629325, 'normalized_gamma': 100.0}
{'sample_size': 960, 'difference': 0, 'noise': 0, 'n': 12, 'shap_error': 3.2766716121177194e-05, 'shap_norm_sq': 0.01504719596960407, 'weighted_error': 1.0000287054033947, 'gamma': 1.5212863465629325, 'normalized_gamma': 100.0}
{'sample_size': 1920, 'difference': 0, 'noise': 0, 'n': 12, 'shap_error': 1.1855817222575768e-05, 'shap_norm_sq': 0.01504719596960407, 'weighted_error': 1.0000103863914995, 'gamma': 1.5212863465629325, 'normalized_gamma': 100.0}
{'sample_size': 60, 'difference': 0, 'noise': 0, 'n': 12, 'shap_error': 0.013224961636800654, 'shap_norm_sq': 0.0012721971528977674, 'weighted_error': 1.0563593489489203, 'gamma': 0.24796894018986637, 'normalized_gamma': 190.0}
{'sample_size': 120, 'difference': 0, 'noise': 0, 'n': 12, 'shap_error': 0.00702114744419504, 'shap_norm_sq': 0.0012721971528977674, 'weighted_error': 1.029921209653959, 'gamma': 0.24796894018986637, 'normalized_gamma': 190.0}
{'sample_size': 240, 'difference': 0, 'noise': 0, 'n': 12, 'shap_error': 0.0015223971145591577, 'shap_norm_sq': 0.0012721971528977674, 'weighted_error': 1.0064878744153218, 'gamma': 0.24796894018986637, 'normalized_gamma': 190.0}
{'sample_size': 480, 'difference': 0, 'noise': 0, 'n': 12, 'shap_error': 0.0012401455266831999, 'shap_norm_sq': 0.0012721971528977674, 'weighted_error': 1.0052849514506217, 'gamma': 0.24796894018986637, 'normalized_gamma': 190.0}
{'sample_size': 960, 'difference': 0, 'noise': 0, 'n': 12, 'shap_error': 8.050126064211586e-05, 'shap_norm_sq': 0.0012721971528977674, 'weighted_error': 1.000343056772793, 'gamma': 0.24796894018986637, 'normalized_gamma': 190.0}
{'sample_size': 1920, 'difference': 0, 'noise': 0, 'n': 12, 'shap_error': 0.00013653929154841708, 'shap_norm_sq': 0.0012721971528977674, 'weighted_error': 1.0005818628158634, 'gamma': 0.24796894018986637, 'normalized_gamma': 190.0}
{'sample_size': 60, 'difference': 0, 'noise': 0, 'n': 12, 'shap_error': 0.00550317781730184, 'shap_norm_sq': 0.009909114447333608, 'weighted_error': 1.0141552510187104, 'gamma': 0.41732318876976, 'normalized_gamma': 42.0}
{'sample_size': 120, 'difference': 0, 'noise': 0, 'n': 12, 'shap_error': 0.0015875345072843554, 'shap_norm_sq': 0.009909114447333608, 'weighted_error': 1.0040834424642224, 'gamma': 0.41732318876976, 'normalized_gamma': 42.0}
{'sample_size': 240, 'difference': 0, 'noise': 0, 'n': 12, 'shap_error': 0.0019038910112616596, 'shap_norm_sq': 0.009909114447333608, 'weighted_error': 1.0048971740552943, 'gamma': 0.41732318876976, 'normalized_gamma': 42.0}
{'sample_size': 480, 'difference': 0, 'noise': 0, 'n': 12, 'shap_error': 0.000768666949690655, 'shap_norm_sq': 0.009909114447333608, 'weighted_error': 1.00197717221229, 'gamma': 0.41732318876976, 'normalized_gamma': 42.0}
{'sample_size': 960, 'difference': 0, 'noise': 0, 'n': 12, 'shap_error': 6.672375849547913e-05, 'shap_norm_sq': 0.009909114447333608, 'weighted_error': 1.0001716246530474, 'gamma': 0.41732318876976, 'normalized_gamma': 42.0}
{'sample_size': 1920, 'difference': 0, 'noise': 0, 'n': 12, 'shap_error': 7.348719904597153e-05, 'shap_norm_sq': 0.009909114447333608, 'weighted_error': 1.000189021609066, 'gamma': 0.41732318876976, 'normalized_gamma': 42.0}
{'sample_size': 60, 'difference': 0, 'noise': 0, 'n': 12, 'shap_error': 1.5540856363658648e-14, 'shap_norm_sq': 0.012208765320333874, 'weighted_error': 0.999999999999988, 'gamma': 0.8327887795523073, 'normalized_gamma': 68.0}
{'sample_size': 120, 'difference': 0, 'noise': 0, 'n': 12, 'shap_error': 2.000776235364077e-14, 'shap_norm_sq': 0.012208765320333874, 'weighted_error': 0.9999999999999892, 'gamma': 0.8327887795523073, 'normalized_gamma': 68.0}
{'sample_size': 240, 'difference': 0, 'noise': 0, 'n': 12, 'shap_error': 1.376672210721221e-14, 'shap_norm_sq': 0.012208765320333874, 'weighted_error': 0.9999999999999857, 'gamma': 0.8327887795523073, 'normalized_gamma': 68.0}
{'sample_size': 480, 'difference': 0, 'noise': 0, 'n': 12, 'shap_error': 1.537727674716261e-14, 'shap_norm_sq': 0.012208765320333874, 'weighted_error': 0.9999999999999828, 'gamma': 0.8327887795523073, 'normalized_gamma': 68.0}
{'sample_size': 960, 'difference': 0, 'noise': 0, 'n': 12, 'shap_error': 1.8728893793062034e-14, 'shap_norm_sq': 0.012208765320333874, 'weighted_error': 0.9999999999999836, 'gamma': 0.8327887795523073, 'normalized_gamma': 68.0}
{'sample_size': 1920, 'difference': 0, 'noise': 0, 'n': 12, 'shap_error': 1.5042340292528174e-14, 'shap_norm_sq': 0.012208765320333874, 'weighted_error': 0.9999999999999826, 'gamma': 0.8327887795523073, 'normalized_gamma': 68.0}
{'sample_size': 60, 'difference': 0, 'noise': 0, 'n': 12, 'shap_error': 0.00038688062625967783, 'shap_norm_sq': 0.23408561988578097, 'weighted_error': 1.017443175582022, 'gamma': 0.026599010385560427, 'normalized_gamma': 0.11}
{'sample_size': 120, 'difference': 0, 'noise': 0, 'n': 12, 'shap_error': 0.0003390319502934931, 'shap_norm_sq': 0.23408561988578097, 'weighted_error': 1.0152858318688662, 'gamma': 0.026599010385560427, 'normalized_gamma': 0.11}
{'sample_size': 240, 'difference': 0, 'noise': 0, 'n': 12, 'shap_error': 0.00011993040260239802, 'shap_norm_sq': 0.23408561988578097, 'weighted_error': 1.005407219375161, 'gamma': 0.026599010385560427, 'normalized_gamma': 0.11}
{'sample_size': 480, 'difference': 0, 'noise': 0, 'n': 12, 'shap_error': 2.4460176049876967e-05, 'shap_norm_sq': 0.23408561988578097, 'weighted_error': 1.0011028614411246, 'gamma': 0.026599010385560427, 'normalized_gamma': 0.11}
{'sample_size': 960, 'difference': 0, 'noise': 0, 'n': 12, 'shap_error': 4.3853037755670764e-05, 'shap_norm_sq': 0.23408561988578097, 'weighted_error': 1.0019771540752622, 'gamma': 0.026599010385560427, 'normalized_gamma': 0.11}
{'sample_size': 1920, 'difference': 0, 'noise': 0, 'n': 12, 'shap_error': 6.022544156860666e-06, 'shap_norm_sq': 0.23408561988578097, 'weighted_error': 1.0002715471748245, 'gamma': 0.026599010385560427, 'normalized_gamma': 0.11}
{'sample_size': 60, 'difference': 0, 'noise': 0, 'n': 12, 'shap_error': 0.0032415709723256263, 'shap_norm_sq': 0.04983988784481626, 'weighted_error': 1.0107081649011493, 'gamma': 0.33095980262582986, 'normalized_gamma': 6.6}
{'sample_size': 120, 'difference': 0, 'noise': 0, 'n': 12, 'shap_error': 0.0006023470005976887, 'shap_norm_sq': 0.04983988784481626, 'weighted_error': 1.001989774789904, 'gamma': 0.33095980262582986, 'normalized_gamma': 6.6}
{'sample_size': 240, 'difference': 0, 'noise': 0, 'n': 12, 'shap_error': 0.0008378763988617359, 'shap_norm_sq': 0.04983988784481626, 'weighted_error': 1.0027678008180232, 'gamma': 0.33095980262582986, 'normalized_gamma': 6.6}
{'sample_size': 480, 'difference': 0, 'noise': 0, 'n': 12, 'shap_error': 0.0004051252228997322, 'shap_norm_sq': 0.04983988784481626, 'weighted_error': 1.0013382709821228, 'gamma': 0.33095980262582986, 'normalized_gamma': 6.6}
{'sample_size': 960, 'difference': 0, 'noise': 0, 'n': 12, 'shap_error': 0.00019443588944169, 'shap_norm_sq': 0.04983988784481626, 'weighted_error': 1.0006423014260073, 'gamma': 0.33095980262582986, 'normalized_gamma': 6.6}
{'sample_size': 1920, 'difference': 0, 'noise': 0, 'n': 12, 'shap_error': 2.5412237939524576e-05, 'shap_norm_sq': 0.04983988784481626, 'weighted_error': 1.0000839441323928, 'gamma': 0.33095980262582986, 'normalized_gamma': 6.6}
{'sample_size': 60, 'difference': 0, 'noise': 0, 'n': 12, 'shap_error': 0.001037693484141193, 'shap_norm_sq': 0.06163162162361144, 'weighted_error': 1.016453902220483, 'gamma': 0.07412758381927123, 'normalized_gamma': 1.2}
{'sample_size': 120, 'difference': 0, 'noise': 0, 'n': 12, 'shap_error': 0.0021072967827440526, 'shap_norm_sq': 0.06163162162361144, 'weighted_error': 1.0334138014867533, 'gamma': 0.07412758381927123, 'normalized_gamma': 1.2}
{'sample_size': 240, 'difference': 0, 'noise': 0, 'n': 12, 'shap_error': 0.00030708349677872746, 'shap_norm_sq': 0.06163162162361144, 'weighted_error': 1.0048692418254108, 'gamma': 0.07412758381927123, 'normalized_gamma': 1.2}
{'sample_size': 480, 'difference': 0, 'noise': 0, 'n': 12, 'shap_error': 0.00023843583087112698, 'shap_norm_sq': 0.06163162162361144, 'weighted_error': 1.0037807185242302, 'gamma': 0.07412758381927123, 'normalized_gamma': 1.2}
{'sample_size': 960, 'difference': 0, 'noise': 0, 'n': 12, 'shap_error': 0.00018262107272142103, 'shap_norm_sq': 0.06163162162361144, 'weighted_error': 1.0028956341393023, 'gamma': 0.07412758381927123, 'normalized_gamma': 1.2}
{'sample_size': 1920, 'difference': 0, 'noise': 0, 'n': 12, 'shap_error': 3.147278039873615e-05, 'shap_norm_sq': 0.06163162162361144, 'weighted_error': 1.0004990476861089, 'gamma': 0.07412758381927123, 'normalized_gamma': 1.2}
{'sample_size': 60, 'difference': 0, 'noise': 0, 'n': 12, 'shap_error': 0.0016278638094780777, 'shap_norm_sq': 0.10250985695720001, 'weighted_error': 1.0121625356235338, 'gamma': 0.16707142197274988, 'normalized_gamma': 1.6}
{'sample_size': 120, 'difference': 0, 'noise': 0, 'n': 12, 'shap_error': 0.0007906035554215224, 'shap_norm_sq': 0.10250985695720001, 'weighted_error': 1.0059070021300722, 'gamma': 0.16707142197274988, 'normalized_gamma': 1.6}
{'sample_size': 240, 'difference': 0, 'noise': 0, 'n': 12, 'shap_error': 0.0013760286469592974, 'shap_norm_sq': 0.10250985695720001, 'weighted_error': 1.0102810022607918, 'gamma': 0.16707142197274988, 'normalized_gamma': 1.6}
{'sample_size': 480, 'difference': 0, 'noise': 0, 'n': 12, 'shap_error': 5.625527376635535e-05, 'shap_norm_sq': 0.10250985695720001, 'weighted_error': 1.000420326372848, 'gamma': 0.16707142197274988, 'normalized_gamma': 1.6}
{'sample_size': 960, 'difference': 0, 'noise': 0, 'n': 12, 'shap_error': 8.935891022995258e-05, 'shap_norm_sq': 0.10250985695720001, 'weighted_error': 1.0006676555213363, 'gamma': 0.16707142197274988, 'normalized_gamma': 1.6}
{'sample_size': 1920, 'difference': 0, 'noise': 0, 'n': 12, 'shap_error': 6.770481557048218e-05, 'shap_norm_sq': 0.10250985695720001, 'weighted_error': 1.0005058534444577, 'gamma': 0.16707142197274988, 'normalized_gamma': 1.6}
{'sample_size': 60, 'difference': 0, 'noise': 0, 'n': 12, 'shap_error': 0.0019083688311519649, 'shap_norm_sq': 0.08108623197315978, 'weighted_error': 1.0087172581341632, 'gamma': 0.28244421329616726, 'normalized_gamma': 3.5}
{'sample_size': 120, 'difference': 0, 'noise': 0, 'n': 12, 'shap_error': 0.0009905082025207913, 'shap_norm_sq': 0.08108623197315978, 'weighted_error': 1.004524555741411, 'gamma': 0.28244421329616726, 'normalized_gamma': 3.5}
{'sample_size': 240, 'difference': 0, 'noise': 0, 'n': 12, 'shap_error': 0.0005911542653738052, 'shap_norm_sq': 0.08108623197315978, 'weighted_error': 1.0027003479164427, 'gamma': 0.28244421329616726, 'normalized_gamma': 3.5}
{'sample_size': 480, 'difference': 0, 'noise': 0, 'n': 12, 'shap_error': 0.00019592382328395357, 'shap_norm_sq': 0.08108623197315978, 'weighted_error': 1.0008949557508033, 'gamma': 0.28244421329616726, 'normalized_gamma': 3.5}
{'sample_size': 960, 'difference': 0, 'noise': 0, 'n': 12, 'shap_error': 3.46631774548679e-05, 'shap_norm_sq': 0.08108623197315978, 'weighted_error': 1.0001583372302172, 'gamma': 0.28244421329616726, 'normalized_gamma': 3.5}
{'sample_size': 1920, 'difference': 0, 'noise': 0, 'n': 12, 'shap_error': 4.619078290091123e-05, 'shap_norm_sq': 0.08108623197315978, 'weighted_error': 1.0002109989266765, 'gamma': 0.28244421329616726, 'normalized_gamma': 3.5}
{'sample_size': 60, 'difference': 0, 'noise': 0, 'n': 12, 'shap_error': 0.013352684074356504, 'shap_norm_sq': 0.11612998811799412, 'weighted_error': 1.062534769313195, 'gamma': 0.2796590583278766, 'normalized_gamma': 2.4}
{'sample_size': 120, 'difference': 0, 'noise': 0, 'n': 12, 'shap_error': 0.005519301639148107, 'shap_norm_sq': 0.11612998811799412, 'weighted_error': 1.0258486244116676, 'gamma': 0.2796590583278766, 'normalized_gamma': 2.4}
{'sample_size': 240, 'difference': 0, 'noise': 0, 'n': 12, 'shap_error': 0.0014178120238517865, 'shap_norm_sq': 0.11612998811799412, 'weighted_error': 1.0066400855961148, 'gamma': 0.2796590583278766, 'normalized_gamma': 2.4}
{'sample_size': 480, 'difference': 0, 'noise': 0, 'n': 12, 'shap_error': 0.0003777410922303257, 'shap_norm_sq': 0.11612998811799412, 'weighted_error': 1.001769085834985, 'gamma': 0.2796590583278766, 'normalized_gamma': 2.4}
{'sample_size': 960, 'difference': 0, 'noise': 0, 'n': 12, 'shap_error': 0.0002311794705886398, 'shap_norm_sq': 0.11612998811799412, 'weighted_error': 1.001082679648055, 'gamma': 0.2796590583278766, 'normalized_gamma': 2.4}
{'sample_size': 1920, 'difference': 0, 'noise': 0, 'n': 12, 'shap_error': 0.00013367120405100992, 'shap_norm_sq': 0.11612998811799412, 'weighted_error': 1.0006260425440079, 'gamma': 0.2796590583278766, 'normalized_gamma': 2.4}
{'sample_size': 60, 'difference': 0, 'noise': 0, 'n': 12, 'shap_error': 0.007536788475009517, 'shap_norm_sq': 0.0027728819914111663, 'weighted_error': 1.0071455767485678, 'gamma': 1.2757910579487868, 'normalized_gamma': 460.0}
{'sample_size': 120, 'difference': 0, 'noise': 0, 'n': 12, 'shap_error': 0.010708814452901979, 'shap_norm_sq': 0.0027728819914111663, 'weighted_error': 1.010152925818373, 'gamma': 1.2757910579487868, 'normalized_gamma': 460.0}
{'sample_size': 240, 'difference': 0, 'noise': 0, 'n': 12, 'shap_error': 0.002704007802390448, 'shap_norm_sq': 0.0027728819914111663, 'weighted_error': 1.0025636415701913, 'gamma': 1.2757910579487868, 'normalized_gamma': 460.0}
{'sample_size': 480, 'difference': 0, 'noise': 0, 'n': 12, 'shap_error': 0.0019093250143771532, 'shap_norm_sq': 0.0027728819914111663, 'weighted_error': 1.0018102185428897, 'gamma': 1.2757910579487868, 'normalized_gamma': 460.0}
{'sample_size': 960, 'difference': 0, 'noise': 0, 'n': 12, 'shap_error': 0.0016569073879417464, 'shap_norm_sq': 0.0027728819914111663, 'weighted_error': 1.0015709018613577, 'gamma': 1.2757910579487868, 'normalized_gamma': 460.0}
{'sample_size': 1920, 'difference': 0, 'noise': 0, 'n': 12, 'shap_error': 0.0006125386302357843, 'shap_norm_sq': 0.0027728819914111663, 'weighted_error': 1.000580744177877, 'gamma': 1.2757910579487868, 'normalized_gamma': 460.0}
{'sample_size': 60, 'difference': 0, 'noise': 0, 'n': 12, 'shap_error': 0.0017182160317341583, 'shap_norm_sq': 0.1256349394236844, 'weighted_error': 1.0064303515152295, 'gamma': 0.36220046291852676, 'normalized_gamma': 2.9}
{'sample_size': 120, 'difference': 0, 'noise': 0, 'n': 12, 'shap_error': 0.0013563231434974288, 'shap_norm_sq': 0.1256349394236844, 'weighted_error': 1.0050760072274747, 'gamma': 0.36220046291852676, 'normalized_gamma': 2.9}
{'sample_size': 240, 'difference': 0, 'noise': 0, 'n': 12, 'shap_error': 0.0008548095451310315, 'shap_norm_sq': 0.1256349394236844, 'weighted_error': 1.0031990867867056, 'gamma': 0.36220046291852676, 'normalized_gamma': 2.9}
{'sample_size': 480, 'difference': 0, 'noise': 0, 'n': 12, 'shap_error': 0.00032246729343219803, 'shap_norm_sq': 0.1256349394236844, 'weighted_error': 1.0012068070949178, 'gamma': 0.36220046291852676, 'normalized_gamma': 2.9}
{'sample_size': 960, 'difference': 0, 'noise': 0, 'n': 12, 'shap_error': 7.217563929841598e-05, 'shap_norm_sq': 0.1256349394236844, 'weighted_error': 1.000270117021794, 'gamma': 0.36220046291852676, 'normalized_gamma': 2.9}
{'sample_size': 1920, 'difference': 0, 'noise': 0, 'n': 12, 'shap_error': 0.00010375808259012525, 'shap_norm_sq': 0.1256349394236844, 'weighted_error': 1.0003883054820601, 'gamma': 0.36220046291852676, 'normalized_gamma': 2.9}
{'sample_size': 60, 'difference': 0, 'noise': 0, 'n': 12, 'shap_error': 0.0013705063579165957, 'shap_norm_sq': 0.0066784636532691895, 'weighted_error': 1.0318496418699763, 'gamma': 0.04713966403070163, 'normalized_gamma': 7.1}
{'sample_size': 120, 'difference': 0, 'noise': 0, 'n': 12, 'shap_error': 0.0007173260073172785, 'shap_norm_sq': 0.0066784636532691895, 'weighted_error': 1.0166700600581835, 'gamma': 0.04713966403070163, 'normalized_gamma': 7.1}
{'sample_size': 240, 'difference': 0, 'noise': 0, 'n': 12, 'shap_error': 0.00021043963524882233, 'shap_norm_sq': 0.0066784636532691895, 'weighted_error': 1.0048905663094043, 'gamma': 0.04713966403070163, 'normalized_gamma': 7.1}
{'sample_size': 480, 'difference': 0, 'noise': 0, 'n': 12, 'shap_error': 0.0001597992364610605, 'shap_norm_sq': 0.0066784636532691895, 'weighted_error': 1.0037136240480533, 'gamma': 0.04713966403070163, 'normalized_gamma': 7.1}
{'sample_size': 960, 'difference': 0, 'noise': 0, 'n': 12, 'shap_error': 0.00013146362204326841, 'shap_norm_sq': 0.0066784636532691895, 'weighted_error': 1.0030551806744123, 'gamma': 0.04713966403070163, 'normalized_gamma': 7.1}
{'sample_size': 1920, 'difference': 0, 'noise': 0, 'n': 12, 'shap_error': 1.5976054985044574e-05, 'shap_norm_sq': 0.0066784636532691895, 'weighted_error': 1.0003712628782846, 'gamma': 0.04713966403070163, 'normalized_gamma': 7.1}
{'sample_size': 60, 'difference': 0, 'noise': 0, 'n': 12, 'shap_error': 0.04189512648623224, 'shap_norm_sq': 0.0013314855192062712, 'weighted_error': 1.0470288581632643, 'gamma': 0.9109702853541681, 'normalized_gamma': 680.0}
{'sample_size': 120, 'difference': 0, 'noise': 0, 'n': 12, 'shap_error': 0.006121221683390365, 'shap_norm_sq': 0.0013314855192062712, 'weighted_error': 1.0068713052216927, 'gamma': 0.9109702853541681, 'normalized_gamma': 680.0}
{'sample_size': 240, 'difference': 0, 'noise': 0, 'n': 12, 'shap_error': 0.007297043517174565, 'shap_norm_sq': 0.0013314855192062712, 'weighted_error': 1.0081911959652268, 'gamma': 0.9109702853541681, 'normalized_gamma': 680.0}
{'sample_size': 480, 'difference': 0, 'noise': 0, 'n': 12, 'shap_error': 0.0028188956596427693, 'shap_norm_sq': 0.0013314855192062712, 'weighted_error': 1.0031643144551883, 'gamma': 0.9109702853541681, 'normalized_gamma': 680.0}
{'sample_size': 960, 'difference': 0, 'noise': 0, 'n': 12, 'shap_error': 0.000987696805297407, 'shap_norm_sq': 0.0013314855192062712, 'weighted_error': 1.0011087310717723, 'gamma': 0.9109702853541681, 'normalized_gamma': 680.0}
{'sample_size': 1920, 'difference': 0, 'noise': 0, 'n': 12, 'shap_error': 0.0009736398870007468, 'shap_norm_sq': 0.0013314855192062712, 'weighted_error': 1.0010929500932682, 'gamma': 0.9109702853541681, 'normalized_gamma': 680.0}
{'sample_size': 60, 'difference': 0, 'noise': 0, 'n': 12, 'shap_error': 0.005514079881824286, 'shap_norm_sq': 0.1171769540928823, 'weighted_error': 1.026392036489496, 'gamma': 0.2777002505416187, 'normalized_gamma': 2.4}
{'sample_size': 120, 'difference': 0, 'noise': 0, 'n': 12, 'shap_error': 0.0005394927705321692, 'shap_norm_sq': 0.1171769540928823, 'weighted_error': 1.0025821740390861, 'gamma': 0.2777002505416187, 'normalized_gamma': 2.4}
{'sample_size': 240, 'difference': 0, 'noise': 0, 'n': 12, 'shap_error': 0.00041508334156453665, 'shap_norm_sq': 0.1171769540928823, 'weighted_error': 1.0019867177803523, 'gamma': 0.2777002505416187, 'normalized_gamma': 2.4}
{'sample_size': 480, 'difference': 0, 'noise': 0, 'n': 12, 'shap_error': 0.0005859348921614111, 'shap_norm_sq': 0.1171769540928823, 'weighted_error': 1.002804471858938, 'gamma': 0.2777002505416187, 'normalized_gamma': 2.4}
{'sample_size': 960, 'difference': 0, 'noise': 0, 'n': 12, 'shap_error': 9.092925870243649e-05, 'shap_norm_sq': 0.1171769540928823, 'weighted_error': 1.0004352190040937, 'gamma': 0.2777002505416187, 'normalized_gamma': 2.4}
{'sample_size': 1920, 'difference': 0, 'noise': 0, 'n': 12, 'shap_error': 6.663269144181495e-05, 'shap_norm_sq': 0.1171769540928823, 'weighted_error': 1.0003189270197947, 'gamma': 0.2777002505416187, 'normalized_gamma': 2.4}
{'sample_size': 60, 'difference': 0, 'noise': 0, 'n': 12, 'shap_error': 0.0006004962246629938, 'shap_norm_sq': 0.07549595836738437, 'weighted_error': 1.0022379890770883, 'gamma': 0.3438016508693737, 'normalized_gamma': 4.6}
{'sample_size': 120, 'difference': 0, 'noise': 0, 'n': 12, 'shap_error': 0.000587472994960961, 'shap_norm_sq': 0.07549595836738437, 'weighted_error': 1.002189452521362, 'gamma': 0.3438016508693737, 'normalized_gamma': 4.6}
{'sample_size': 240, 'difference': 0, 'noise': 0, 'n': 12, 'shap_error': 0.00010334769193166539, 'shap_norm_sq': 0.07549595836738437, 'weighted_error': 1.0003851698322255, 'gamma': 0.3438016508693737, 'normalized_gamma': 4.6}
{'sample_size': 480, 'difference': 0, 'noise': 0, 'n': 12, 'shap_error': 0.00012113989925279908, 'shap_norm_sq': 0.07549595836738437, 'weighted_error': 1.00045147745991, 'gamma': 0.3438016508693737, 'normalized_gamma': 4.6}
{'sample_size': 960, 'difference': 0, 'noise': 0, 'n': 12, 'shap_error': 3.743899243423181e-05, 'shap_norm_sq': 0.07549595836738437, 'weighted_error': 1.0001395337613344, 'gamma': 0.3438016508693737, 'normalized_gamma': 4.6}
{'sample_size': 1920, 'difference': 0, 'noise': 0, 'n': 12, 'shap_error': 6.942469460523138e-06, 'shap_norm_sq': 0.07549595836738437, 'weighted_error': 1.0000258750899644, 'gamma': 0.3438016508693737, 'normalized_gamma': 4.6}
{'sample_size': 60, 'difference': 0, 'noise': 0, 'n': 12, 'shap_error': 0.02461526826828909, 'shap_norm_sq': 0.0024572156677576877, 'weighted_error': 1.0276139792297567, 'gamma': 0.8923522032871885, 'normalized_gamma': 360.0}
{'sample_size': 120, 'difference': 0, 'noise': 0, 'n': 12, 'shap_error': 0.014409932055173252, 'shap_norm_sq': 0.0024572156677576877, 'weighted_error': 1.016165399432999, 'gamma': 0.8923522032871885, 'normalized_gamma': 360.0}
{'sample_size': 240, 'difference': 0, 'noise': 0, 'n': 12, 'shap_error': 0.003564282674472827, 'shap_norm_sq': 0.0024572156677576877, 'weighted_error': 1.0039984875527446, 'gamma': 0.8923522032871885, 'normalized_gamma': 360.0}
{'sample_size': 480, 'difference': 0, 'noise': 0, 'n': 12, 'shap_error': 0.0007498592325945236, 'shap_norm_sq': 0.0024572156677576877, 'weighted_error': 1.0008412127754356, 'gamma': 0.8923522032871885, 'normalized_gamma': 360.0}
{'sample_size': 960, 'difference': 0, 'noise': 0, 'n': 12, 'shap_error': 0.0007689857914549857, 'shap_norm_sq': 0.0024572156677576877, 'weighted_error': 1.0008626655433686, 'gamma': 0.8923522032871885, 'normalized_gamma': 360.0}
{'sample_size': 1920, 'difference': 0, 'noise': 0, 'n': 12, 'shap_error': 0.000184531808670271, 'shap_norm_sq': 0.0024572156677576877, 'weighted_error': 1.0002070090078679, 'gamma': 0.8923522032871885, 'normalized_gamma': 360.0}
{'sample_size': 60, 'difference': 0, 'noise': 0, 'n': 12, 'shap_error': 0.009708598097637617, 'shap_norm_sq': 0.0024563941661042282, 'weighted_error': 1.0217013117828078, 'gamma': 0.4525659811211441, 'normalized_gamma': 180.0}
{'sample_size': 120, 'difference': 0, 'noise': 0, 'n': 12, 'shap_error': 0.004445878997809886, 'shap_norm_sq': 0.0024563941661042282, 'weighted_error': 1.0099377266302736, 'gamma': 0.4525659811211441, 'normalized_gamma': 180.0}
{'sample_size': 240, 'difference': 0, 'noise': 0, 'n': 12, 'shap_error': 0.0012743777328001352, 'shap_norm_sq': 0.0024563941661042282, 'weighted_error': 1.0028485493363035, 'gamma': 0.4525659811211441, 'normalized_gamma': 180.0}
{'sample_size': 480, 'difference': 0, 'noise': 0, 'n': 12, 'shap_error': 0.0009039549833098093, 'shap_norm_sq': 0.0024563941661042282, 'weighted_error': 1.0020205604719001, 'gamma': 0.4525659811211441, 'normalized_gamma': 180.0}
{'sample_size': 960, 'difference': 0, 'noise': 0, 'n': 12, 'shap_error': 0.0004447392501108423, 'shap_norm_sq': 0.0024563941661042282, 'weighted_error': 1.0009941138797531, 'gamma': 0.4525659811211441, 'normalized_gamma': 180.0}
{'sample_size': 1920, 'difference': 0, 'noise': 0, 'n': 12, 'shap_error': 0.0002139390866509461, 'shap_norm_sq': 0.0024563941661042282, 'weighted_error': 1.0004782158522327, 'gamma': 0.4525659811211441, 'normalized_gamma': 180.0}
{'sample_size': 60, 'difference': 0, 'noise': 0, 'n': 12, 'shap_error': 0.00082251322329612, 'shap_norm_sq': 0.006467049215096734, 'weighted_error': 1.0020051488781039, 'gamma': 0.6398138812244276, 'normalized_gamma': 99.0}
{'sample_size': 120, 'difference': 0, 'noise': 0, 'n': 12, 'shap_error': 0.0008936352560383167, 'shap_norm_sq': 0.006467049215096734, 'weighted_error': 1.0021785210772163, 'gamma': 0.6398138812244276, 'normalized_gamma': 99.0}
{'sample_size': 240, 'difference': 0, 'noise': 0, 'n': 12, 'shap_error': 0.00014928937441065725, 'shap_norm_sq': 0.006467049215096734, 'weighted_error': 1.0003639406310494, 'gamma': 0.6398138812244276, 'normalized_gamma': 99.0}
{'sample_size': 480, 'difference': 0, 'noise': 0, 'n': 12, 'shap_error': 3.8316495793784646e-05, 'shap_norm_sq': 0.006467049215096734, 'weighted_error': 1.0000934001570616, 'gamma': 0.6398138812244276, 'normalized_gamma': 99.0}
{'sample_size': 960, 'difference': 0, 'noise': 0, 'n': 12, 'shap_error': 5.535925425245627e-05, 'shap_norm_sq': 0.006467049215096734, 'weighted_error': 1.0001349530395633, 'gamma': 0.6398138812244276, 'normalized_gamma': 99.0}
{'sample_size': 1920, 'difference': 0, 'noise': 0, 'n': 12, 'shap_error': 2.1795136037086347e-05, 'shap_norm_sq': 0.006467049215096734, 'weighted_error': 1.000053134276601, 'gamma': 0.6398138812244276, 'normalized_gamma': 99.0}
{'sample_size': 60, 'difference': 0, 'noise': 0, 'n': 12, 'shap_error': 0.032451810515101695, 'shap_norm_sq': 0.001649649404642373, 'weighted_error': 1.05693056523217, 'gamma': 0.5704693196993578, 'normalized_gamma': 350.0}
{'sample_size': 120, 'difference': 0, 'noise': 0, 'n': 12, 'shap_error': 0.009122545915967494, 'shap_norm_sq': 0.001649649404642373, 'weighted_error': 1.016003769814476, 'gamma': 0.5704693196993578, 'normalized_gamma': 350.0}
{'sample_size': 240, 'difference': 0, 'noise': 0, 'n': 12, 'shap_error': 0.00698365958306879, 'shap_norm_sq': 0.001649649404642373, 'weighted_error': 1.0122515077772525, 'gamma': 0.5704693196993578, 'normalized_gamma': 350.0}
{'sample_size': 480, 'difference': 0, 'noise': 0, 'n': 12, 'shap_error': 0.003150260528633909, 'shap_norm_sq': 0.001649649404642373, 'weighted_error': 1.0055265353354794, 'gamma': 0.5704693196993578, 'normalized_gamma': 350.0}
{'sample_size': 960, 'difference': 0, 'noise': 0, 'n': 12, 'shap_error': 0.0006919488559112926, 'shap_norm_sq': 0.001649649404642373, 'weighted_error': 1.001213908349029, 'gamma': 0.5704693196993578, 'normalized_gamma': 350.0}
{'sample_size': 1920, 'difference': 0, 'noise': 0, 'n': 12, 'shap_error': 0.0002564205323345454, 'shap_norm_sq': 0.001649649404642373, 'weighted_error': 1.0004498513382638, 'gamma': 0.5704693196993578, 'normalized_gamma': 350.0}
{'sample_size': 60, 'difference': 0, 'noise': 0, 'n': 12, 'shap_error': 0.0020796829292430733, 'shap_norm_sq': 0.07822255669290895, 'weighted_error': 1.0311323126684406, 'gamma': 0.08357033293263803, 'normalized_gamma': 1.1}
{'sample_size': 120, 'difference': 0, 'noise': 0, 'n': 12, 'shap_error': 0.0011439933636284798, 'shap_norm_sq': 0.07822255669290895, 'weighted_error': 1.0171252534246678, 'gamma': 0.08357033293263803, 'normalized_gamma': 1.1}
{'sample_size': 240, 'difference': 0, 'noise': 0, 'n': 12, 'shap_error': 0.0008489299798405376, 'shap_norm_sq': 0.07822255669290895, 'weighted_error': 1.0127082928973878, 'gamma': 0.08357033293263803, 'normalized_gamma': 1.1}
{'sample_size': 480, 'difference': 0, 'noise': 0, 'n': 12, 'shap_error': 8.939420318230498e-05, 'shap_norm_sq': 0.07822255669290895, 'weighted_error': 1.0013381794774747, 'gamma': 0.08357033293263803, 'normalized_gamma': 1.1}
{'sample_size': 960, 'difference': 0, 'noise': 0, 'n': 12, 'shap_error': 0.0001841303796222049, 'shap_norm_sq': 0.07822255669290895, 'weighted_error': 1.0027564205527715, 'gamma': 0.08357033293263803, 'normalized_gamma': 1.1}
{'sample_size': 1920, 'difference': 0, 'noise': 0, 'n': 12, 'shap_error': 3.8012999849717724e-05, 'shap_norm_sq': 0.07822255669290895, 'weighted_error': 1.000569032659606, 'gamma': 0.08357033293263803, 'normalized_gamma': 1.1}
{'sample_size': 60, 'difference': 0, 'noise': 0, 'n': 12, 'shap_error': 0.003877229285471204, 'shap_norm_sq': 0.04708286444869971, 'weighted_error': 1.0230036440503045, 'gamma': 0.17922773100207173, 'normalized_gamma': 3.8}
{'sample_size': 120, 'difference': 0, 'noise': 0, 'n': 12, 'shap_error': 0.0023860622501680902, 'shap_norm_sq': 0.04708286444869971, 'weighted_error': 1.0141564954676126, 'gamma': 0.17922773100207173, 'normalized_gamma': 3.8}
{'sample_size': 240, 'difference': 0, 'noise': 0, 'n': 12, 'shap_error': 0.0010043496344140134, 'shap_norm_sq': 0.04708286444869971, 'weighted_error': 1.0059588115768325, 'gamma': 0.17922773100207173, 'normalized_gamma': 3.8}
{'sample_size': 480, 'difference': 0, 'noise': 0, 'n': 12, 'shap_error': 0.00028176311198303583, 'shap_norm_sq': 0.04708286444869971, 'weighted_error': 1.0016717004599407, 'gamma': 0.17922773100207173, 'normalized_gamma': 3.8}
{'sample_size': 960, 'difference': 0, 'noise': 0, 'n': 12, 'shap_error': 0.00019371279662800444, 'shap_norm_sq': 0.04708286444869971, 'weighted_error': 1.0011492999879703, 'gamma': 0.17922773100207173, 'normalized_gamma': 3.8}
{'sample_size': 1920, 'difference': 0, 'noise': 0, 'n': 12, 'shap_error': 0.00021652139471233775, 'shap_norm_sq': 0.04708286444869971, 'weighted_error': 1.0012846241425641, 'gamma': 0.17922773100207173, 'normalized_gamma': 3.8}
{'sample_size': 60, 'difference': 0, 'noise': 0, 'n': 12, 'shap_error': 0.05404310490721047, 'shap_norm_sq': 0.0006676262693139036, 'weighted_error': 1.0523762528682543, 'gamma': 1.142731638054149, 'normalized_gamma': 1700.0}
{'sample_size': 120, 'difference': 0, 'noise': 0, 'n': 12, 'shap_error': 0.011097685483841106, 'shap_norm_sq': 0.0006676262693139036, 'weighted_error': 1.010755417578253, 'gamma': 1.142731638054149, 'normalized_gamma': 1700.0}
{'sample_size': 240, 'difference': 0, 'noise': 0, 'n': 12, 'shap_error': 0.004410685866741068, 'shap_norm_sq': 0.0006676262693139036, 'weighted_error': 1.0042746466641137, 'gamma': 1.142731638054149, 'normalized_gamma': 1700.0}
{'sample_size': 480, 'difference': 0, 'noise': 0, 'n': 12, 'shap_error': 0.0032954858081955664, 'shap_norm_sq': 0.0006676262693139036, 'weighted_error': 1.0031938500852242, 'gamma': 1.142731638054149, 'normalized_gamma': 1700.0}
{'sample_size': 960, 'difference': 0, 'noise': 0, 'n': 12, 'shap_error': 0.00073568363441378, 'shap_norm_sq': 0.0006676262693139036, 'weighted_error': 1.0007129947872633, 'gamma': 1.142731638054149, 'normalized_gamma': 1700.0}
{'sample_size': 1920, 'difference': 0, 'noise': 0, 'n': 12, 'shap_error': 0.0003517532364320909, 'shap_norm_sq': 0.0006676262693139036, 'weighted_error': 1.0003409041342823, 'gamma': 1.142731638054149, 'normalized_gamma': 1700.0}
{'sample_size': 60, 'difference': 0, 'noise': 0, 'n': 12, 'shap_error': 0.02006336685443214, 'shap_norm_sq': 0.0014199216110490074, 'weighted_error': 1.023460006408747, 'gamma': 0.8665886723137527, 'normalized_gamma': 610.0}
{'sample_size': 120, 'difference': 0, 'noise': 0, 'n': 12, 'shap_error': 0.008587718599879722, 'shap_norm_sq': 0.0014199216110490074, 'weighted_error': 1.010041581315721, 'gamma': 0.8665886723137527, 'normalized_gamma': 610.0}
{'sample_size': 240, 'difference': 0, 'noise': 0, 'n': 12, 'shap_error': 0.0089573120775006, 'shap_norm_sq': 0.0014199216110490074, 'weighted_error': 1.010473760136564, 'gamma': 0.8665886723137527, 'normalized_gamma': 610.0}
{'sample_size': 480, 'difference': 0, 'noise': 0, 'n': 12, 'shap_error': 0.0019319067692786388, 'shap_norm_sq': 0.0014199216110490074, 'weighted_error': 1.002258968259003, 'gamma': 0.8665886723137527, 'normalized_gamma': 610.0}
{'sample_size': 960, 'difference': 0, 'noise': 0, 'n': 12, 'shap_error': 0.0003444079322804254, 'shap_norm_sq': 0.0014199216110490074, 'weighted_error': 1.0004027169995702, 'gamma': 0.8665886723137527, 'normalized_gamma': 610.0}
{'sample_size': 1920, 'difference': 0, 'noise': 0, 'n': 12, 'shap_error': 0.0006861761543075862, 'shap_norm_sq': 0.0014199216110490074, 'weighted_error': 1.0008023429065358, 'gamma': 0.8665886723137527, 'normalized_gamma': 610.0}
{'sample_size': 60, 'difference': 0, 'noise': 0, 'n': 12, 'shap_error': 0.003258143537572611, 'shap_norm_sq': 0.14997670093845428, 'weighted_error': 1.009594876323832, 'gamma': 0.47972112568454955, 'normalized_gamma': 3.2}
{'sample_size': 120, 'difference': 0, 'noise': 0, 'n': 12, 'shap_error': 0.0012481974606855695, 'shap_norm_sq': 0.14997670093845428, 'weighted_error': 1.00367580421736, 'gamma': 0.47972112568454955, 'normalized_gamma': 3.2}
{'sample_size': 240, 'difference': 0, 'noise': 0, 'n': 12, 'shap_error': 0.00040473242521138573, 'shap_norm_sq': 0.14997670093845428, 'weighted_error': 1.0011918737025656, 'gamma': 0.47972112568454955, 'normalized_gamma': 3.2}
{'sample_size': 480, 'difference': 0, 'noise': 0, 'n': 12, 'shap_error': 0.00014944402933995772, 'shap_norm_sq': 0.14997670093845428, 'weighted_error': 1.000440099851401, 'gamma': 0.47972112568454955, 'normalized_gamma': 3.2}
{'sample_size': 960, 'difference': 0, 'noise': 0, 'n': 12, 'shap_error': 4.7551735771430096e-05, 'shap_norm_sq': 0.14997670093845428, 'weighted_error': 1.0001400292168698, 'gamma': 0.47972112568454955, 'normalized_gamma': 3.2}
{'sample_size': 1920, 'difference': 0, 'noise': 0, 'n': 12, 'shap_error': 6.530589983076406e-05, 'shap_norm_sq': 0.14997670093845428, 'weighted_error': 1.0001923185456043, 'gamma': 0.47972112568454955, 'normalized_gamma': 3.2}
{'sample_size': 60, 'difference': 0, 'noise': 0, 'n': 12, 'shap_error': 0.004910864423471672, 'shap_norm_sq': 0.045632880813647456, 'weighted_error': 1.0447648965354324, 'gamma': 0.1190200369796469, 'normalized_gamma': 2.6}
{'sample_size': 120, 'difference': 0, 'noise': 0, 'n': 12, 'shap_error': 0.0018242682585522252, 'shap_norm_sq': 0.045632880813647456, 'weighted_error': 1.0166290742763557, 'gamma': 0.1190200369796469, 'normalized_gamma': 2.6}
{'sample_size': 240, 'difference': 0, 'noise': 0, 'n': 12, 'shap_error': 0.0005072634315556109, 'shap_norm_sq': 0.045632880813647456, 'weighted_error': 1.004623912259725, 'gamma': 0.1190200369796469, 'normalized_gamma': 2.6}
{'sample_size': 480, 'difference': 0, 'noise': 0, 'n': 12, 'shap_error': 0.00031872869619648686, 'shap_norm_sq': 0.045632880813647456, 'weighted_error': 1.0029053748443375, 'gamma': 0.1190200369796469, 'normalized_gamma': 2.6}
{'sample_size': 960, 'difference': 0, 'noise': 0, 'n': 12, 'shap_error': 0.00027596138234252, 'shap_norm_sq': 0.045632880813647456, 'weighted_error': 1.0025155231104124, 'gamma': 0.1190200369796469, 'normalized_gamma': 2.6}
{'sample_size': 1920, 'difference': 0, 'noise': 0, 'n': 12, 'shap_error': 7.292965901207128e-05, 'shap_norm_sq': 0.045632880813647456, 'weighted_error': 1.0006648085785677, 'gamma': 0.1190200369796469, 'normalized_gamma': 2.6}
{'sample_size': 60, 'difference': 0, 'noise': 0, 'n': 12, 'shap_error': 0.0011886802219020513, 'shap_norm_sq': 0.07897365396289663, 'weighted_error': 1.0117496584092949, 'gamma': 0.11019818040308461, 'normalized_gamma': 1.4}
{'sample_size': 120, 'difference': 0, 'noise': 0, 'n': 12, 'shap_error': 0.0003979518515230018, 'shap_norm_sq': 0.07897365396289663, 'weighted_error': 1.003933601547237, 'gamma': 0.11019818040308461, 'normalized_gamma': 1.4}
{'sample_size': 240, 'difference': 0, 'noise': 0, 'n': 12, 'shap_error': 0.00011393144759784062, 'shap_norm_sq': 0.07897365396289663, 'weighted_error': 1.0011261644280562, 'gamma': 0.11019818040308461, 'normalized_gamma': 1.4}
{'sample_size': 480, 'difference': 0, 'noise': 0, 'n': 12, 'shap_error': 9.641144867049284e-05, 'shap_norm_sq': 0.07897365396289663, 'weighted_error': 1.0009529809573838, 'gamma': 0.11019818040308461, 'normalized_gamma': 1.4}
{'sample_size': 960, 'difference': 0, 'noise': 0, 'n': 12, 'shap_error': 4.329892412576005e-05, 'shap_norm_sq': 0.07897365396289663, 'weighted_error': 1.0004279964919691, 'gamma': 0.11019818040308461, 'normalized_gamma': 1.4}
{'sample_size': 1920, 'difference': 0, 'noise': 0, 'n': 12, 'shap_error': 2.9465324876727754e-05, 'shap_norm_sq': 0.07897365396289663, 'weighted_error': 1.0002912617765616, 'gamma': 0.11019818040308461, 'normalized_gamma': 1.4}
{'sample_size': 60, 'difference': 0, 'noise': 0, 'n': 12, 'shap_error': 0.004083861316877335, 'shap_norm_sq': 0.002490358519697195, 'weighted_error': 1.0094132348359706, 'gamma': 0.44544691407589865, 'normalized_gamma': 180.0}
{'sample_size': 120, 'difference': 0, 'noise': 0, 'n': 12, 'shap_error': 0.001261162549987707, 'shap_norm_sq': 0.002490358519697195, 'weighted_error': 1.0029069471784096, 'gamma': 0.44544691407589865, 'normalized_gamma': 180.0}
{'sample_size': 240, 'difference': 0, 'noise': 0, 'n': 12, 'shap_error': 0.0003951128088692918, 'shap_norm_sq': 0.002490358519697195, 'weighted_error': 1.0009107328214892, 'gamma': 0.44544691407589865, 'normalized_gamma': 180.0}
{'sample_size': 480, 'difference': 0, 'noise': 0, 'n': 12, 'shap_error': 0.00012876660591085943, 'shap_norm_sq': 0.002490358519697195, 'weighted_error': 1.0002968043804201, 'gamma': 0.44544691407589865, 'normalized_gamma': 180.0}
{'sample_size': 960, 'difference': 0, 'noise': 0, 'n': 12, 'shap_error': 8.066237963278199e-05, 'shap_norm_sq': 0.002490358519697195, 'weighted_error': 1.0001859217811067, 'gamma': 0.44544691407589865, 'normalized_gamma': 180.0}
{'sample_size': 1920, 'difference': 0, 'noise': 0, 'n': 12, 'shap_error': 5.060040148702085e-05, 'shap_norm_sq': 0.002490358519697195, 'weighted_error': 1.0001166355408513, 'gamma': 0.44544691407589865, 'normalized_gamma': 180.0}
{'sample_size': 60, 'difference': 0, 'noise': 0, 'n': 12, 'shap_error': 0.00018160814180909622, 'shap_norm_sq': 0.011626604398934709, 'weighted_error': 1.0013743686089331, 'gamma': 0.14051435684169125, 'normalized_gamma': 12.0}
{'sample_size': 120, 'difference': 0, 'noise': 0, 'n': 12, 'shap_error': 1.8472469370667423e-05, 'shap_norm_sq': 0.011626604398934709, 'weighted_error': 1.0001397933462217, 'gamma': 0.14051435684169125, 'normalized_gamma': 12.0}
{'sample_size': 240, 'difference': 0, 'noise': 0, 'n': 12, 'shap_error': 1.526816686730289e-05, 'shap_norm_sq': 0.011626604398934709, 'weighted_error': 1.0001155427352353, 'gamma': 0.14051435684169125, 'normalized_gamma': 12.0}
{'sample_size': 480, 'difference': 0, 'noise': 0, 'n': 12, 'shap_error': 9.264395482946076e-06, 'shap_norm_sq': 0.011626604398934709, 'weighted_error': 1.0000701127714016, 'gamma': 0.14051435684169125, 'normalized_gamma': 12.0}
{'sample_size': 960, 'difference': 0, 'noise': 0, 'n': 12, 'shap_error': 3.889375379119262e-06, 'shap_norm_sq': 0.011626604398934709, 'weighted_error': 1.0000294357564414, 'gamma': 0.14051435684169125, 'normalized_gamma': 12.0}
{'sample_size': 1920, 'difference': 0, 'noise': 0, 'n': 12, 'shap_error': 4.328707492790193e-06, 'shap_norm_sq': 0.011626604398934709, 'weighted_error': 1.000032757496372, 'gamma': 0.14051435684169125, 'normalized_gamma': 12.0}
{'sample_size': 60, 'difference': 0, 'noise': 0, 'n': 12, 'shap_error': 0.014352431410166165, 'shap_norm_sq': 0.000882756356728074, 'weighted_error': 1.0319448768846897, 'gamma': 0.5180613717140812, 'normalized_gamma': 590.0}
{'sample_size': 120, 'difference': 0, 'noise': 0, 'n': 12, 'shap_error': 0.0026820227081574646, 'shap_norm_sq': 0.000882756356728074, 'weighted_error': 1.0059694938132877, 'gamma': 0.5180613717140812, 'normalized_gamma': 590.0}
{'sample_size': 240, 'difference': 0, 'noise': 0, 'n': 12, 'shap_error': 0.003792633867338842, 'shap_norm_sq': 0.000882756356728074, 'weighted_error': 1.0084414232587635, 'gamma': 0.5180613717140812, 'normalized_gamma': 590.0}
{'sample_size': 480, 'difference': 0, 'noise': 0, 'n': 12, 'shap_error': 0.0006528706628592504, 'shap_norm_sq': 0.000882756356728074, 'weighted_error': 1.0014531236712136, 'gamma': 0.5180613717140812, 'normalized_gamma': 590.0}
{'sample_size': 960, 'difference': 0, 'noise': 0, 'n': 12, 'shap_error': 0.00033004696033392216, 'shap_norm_sq': 0.000882756356728074, 'weighted_error': 1.0007346128704857, 'gamma': 0.5180613717140812, 'normalized_gamma': 590.0}
{'sample_size': 1920, 'difference': 0, 'noise': 0, 'n': 12, 'shap_error': 0.0001785485035912928, 'shap_norm_sq': 0.000882756356728074, 'weighted_error': 1.0003974148203376, 'gamma': 0.5180613717140812, 'normalized_gamma': 590.0}
{'sample_size': 60, 'difference': 0, 'noise': 0, 'n': 12, 'shap_error': 0.004586381058677594, 'shap_norm_sq': 0.0014724918665542292, 'weighted_error': 1.0113466933495647, 'gamma': 0.40545918372517575, 'normalized_gamma': 280.0}
{'sample_size': 120, 'difference': 0, 'noise': 0, 'n': 12, 'shap_error': 0.004627678753738176, 'shap_norm_sq': 0.0014724918665542292, 'weighted_error': 1.0114488691623167, 'gamma': 0.40545918372517575, 'normalized_gamma': 280.0}
{'sample_size': 240, 'difference': 0, 'noise': 0, 'n': 12, 'shap_error': 0.002782879221383626, 'shap_norm_sq': 0.0014724918665542292, 'weighted_error': 1.006884848463586, 'gamma': 0.40545918372517575, 'normalized_gamma': 280.0}
{'sample_size': 480, 'difference': 0, 'noise': 0, 'n': 12, 'shap_error': 0.0011049089996536107, 'shap_norm_sq': 0.0014724918665542292, 'weighted_error': 1.002733543137716, 'gamma': 0.40545918372517575, 'normalized_gamma': 280.0}
{'sample_size': 960, 'difference': 0, 'noise': 0, 'n': 12, 'shap_error': 0.0010879196254274307, 'shap_norm_sq': 0.0014724918665542292, 'weighted_error': 1.002691513542612, 'gamma': 0.40545918372517575, 'normalized_gamma': 280.0}
{'sample_size': 1920, 'difference': 0, 'noise': 0, 'n': 12, 'shap_error': 0.00035551686323808047, 'shap_norm_sq': 0.0014724918665542292, 'weighted_error': 1.0008795482223904, 'gamma': 0.40545918372517575, 'normalized_gamma': 280.0}
{'sample_size': 60, 'difference': 0, 'noise': 0, 'n': 12, 'shap_error': 0.07995396151439874, 'shap_norm_sq': 0.0003617373277103578, 'weighted_error': 1.0626471379455522, 'gamma': 1.2842843611686823, 'normalized_gamma': 3600.0}
{'sample_size': 120, 'difference': 0, 'noise': 0, 'n': 12, 'shap_error': 0.025920945287357347, 'shap_norm_sq': 0.0003617373277103578, 'weighted_error': 1.0203100781913568, 'gamma': 1.2842843611686823, 'normalized_gamma': 3600.0}
{'sample_size': 240, 'difference': 0, 'noise': 0, 'n': 12, 'shap_error': 0.013916783590134901, 'shap_norm_sq': 0.0003617373277103578, 'weighted_error': 1.0109043796389032, 'gamma': 1.2842843611686823, 'normalized_gamma': 3600.0}
{'sample_size': 480, 'difference': 0, 'noise': 0, 'n': 12, 'shap_error': 0.0028717487116943084, 'shap_norm_sq': 0.0003617373277103578, 'weighted_error': 1.0022501171495084, 'gamma': 1.2842843611686823, 'normalized_gamma': 3600.0}
{'sample_size': 960, 'difference': 0, 'noise': 0, 'n': 12, 'shap_error': 0.001217012798122288, 'shap_norm_sq': 0.0003617373277103578, 'weighted_error': 1.0009535623597423, 'gamma': 1.2842843611686823, 'normalized_gamma': 3600.0}
{'sample_size': 1920, 'difference': 0, 'noise': 0, 'n': 12, 'shap_error': 0.000980138772611351, 'shap_norm_sq': 0.0003617373277103578, 'weighted_error': 1.0007679812232968, 'gamma': 1.2842843611686823, 'normalized_gamma': 3600.0}
{'sample_size': 60, 'difference': 0, 'noise': 0, 'n': 12, 'shap_error': 0.0021107981000790524, 'shap_norm_sq': 0.16158013192755238, 'weighted_error': 1.0040389360037472, 'gamma': 0.894928209502111, 'normalized_gamma': 5.5}
{'sample_size': 120, 'difference': 0, 'noise': 0, 'n': 12, 'shap_error': 0.0004376086206786396, 'shap_norm_sq': 0.16158013192755238, 'weighted_error': 1.0008373477355275, 'gamma': 0.894928209502111, 'normalized_gamma': 5.5}
{'sample_size': 240, 'difference': 0, 'noise': 0, 'n': 12, 'shap_error': 0.0005265140555335408, 'shap_norm_sq': 0.16158013192755238, 'weighted_error': 1.0010074719067181, 'gamma': 0.894928209502111, 'normalized_gamma': 5.5}
{'sample_size': 480, 'difference': 0, 'noise': 0, 'n': 12, 'shap_error': 0.0002596651075149522, 'shap_norm_sq': 0.16158013192755238, 'weighted_error': 1.000496859927036, 'gamma': 0.894928209502111, 'normalized_gamma': 5.5}
{'sample_size': 960, 'difference': 0, 'noise': 0, 'n': 12, 'shap_error': 9.801726666287446e-05, 'shap_norm_sq': 0.16158013192755238, 'weighted_error': 1.0001875514146212, 'gamma': 0.894928209502111, 'normalized_gamma': 5.5}
{'sample_size': 1920, 'difference': 0, 'noise': 0, 'n': 12, 'shap_error': 6.203180846061089e-05, 'shap_norm_sq': 0.16158013192755238, 'weighted_error': 1.0001186936055484, 'gamma': 0.894928209502111, 'normalized_gamma': 5.5}
{'sample_size': 60, 'difference': 0, 'noise': 0, 'n': 12, 'shap_error': 0.0009376329295257386, 'shap_norm_sq': 0.08924123127433807, 'weighted_error': 1.0031442884013921, 'gamma': 0.4130973466599409, 'normalized_gamma': 4.6}
{'sample_size': 120, 'difference': 0, 'noise': 0, 'n': 12, 'shap_error': 0.0007104632255093298, 'shap_norm_sq': 0.08924123127433807, 'weighted_error': 1.002382479867308, 'gamma': 0.4130973466599409, 'normalized_gamma': 4.6}
{'sample_size': 240, 'difference': 0, 'noise': 0, 'n': 12, 'shap_error': 0.00040396954087240725, 'shap_norm_sq': 0.08924123127433807, 'weighted_error': 1.001354707058072, 'gamma': 0.4130973466599409, 'normalized_gamma': 4.6}
{'sample_size': 480, 'difference': 0, 'noise': 0, 'n': 12, 'shap_error': 0.00017959605125841886, 'shap_norm_sq': 0.08924123127433807, 'weighted_error': 1.0006022658866403, 'gamma': 0.4130973466599409, 'normalized_gamma': 4.6}
{'sample_size': 960, 'difference': 0, 'noise': 0, 'n': 12, 'shap_error': 0.00017819346779690556, 'shap_norm_sq': 0.08924123127433807, 'weighted_error': 1.0005975519709038, 'gamma': 0.4130973466599409, 'normalized_gamma': 4.6}
{'sample_size': 1920, 'difference': 0, 'noise': 0, 'n': 12, 'shap_error': 4.214249535899448e-05, 'shap_norm_sq': 0.08924123127433807, 'weighted_error': 1.0001413206997467, 'gamma': 0.4130973466599409, 'normalized_gamma': 4.6}
{'sample_size': 60, 'difference': 0, 'noise': 0, 'n': 12, 'shap_error': 0.0014504928504769892, 'shap_norm_sq': 0.06010942248297174, 'weighted_error': 1.0058451553263927, 'gamma': 0.30876282205131983, 'normalized_gamma': 5.1}
{'sample_size': 120, 'difference': 0, 'noise': 0, 'n': 12, 'shap_error': 0.0005063559906057747, 'shap_norm_sq': 0.06010942248297174, 'weighted_error': 1.0020405117167446, 'gamma': 0.30876282205131983, 'normalized_gamma': 5.1}
{'sample_size': 240, 'difference': 0, 'noise': 0, 'n': 12, 'shap_error': 0.0003295428972410045, 'shap_norm_sq': 0.06010942248297174, 'weighted_error': 1.0013279742905372, 'gamma': 0.30876282205131983, 'normalized_gamma': 5.1}
{'sample_size': 480, 'difference': 0, 'noise': 0, 'n': 12, 'shap_error': 8.902923825423584e-05, 'shap_norm_sq': 0.06010942248297174, 'weighted_error': 1.0003587697694745, 'gamma': 0.30876282205131983, 'normalized_gamma': 5.1}
{'sample_size': 960, 'difference': 0, 'noise': 0, 'n': 12, 'shap_error': 5.99667118595363e-05, 'shap_norm_sq': 0.06010942248297174, 'weighted_error': 1.000241655697315, 'gamma': 0.30876282205131983, 'normalized_gamma': 5.1}
{'sample_size': 1920, 'difference': 0, 'noise': 0, 'n': 12, 'shap_error': 2.4716395942411014e-05, 'shap_norm_sq': 0.06010942248297174, 'weighted_error': 1.0000995985643597, 'gamma': 0.30876282205131983, 'normalized_gamma': 5.1}
{'sample_size': 60, 'difference': 0, 'noise': 0, 'n': 12, 'shap_error': 0.0002002472798945953, 'shap_norm_sq': 0.7435285843222785, 'weighted_error': 1.0186076269551425, 'gamma': 0.01217183510496276, 'normalized_gamma': 0.016}
{'sample_size': 120, 'difference': 0, 'noise': 0, 'n': 12, 'shap_error': 0.00016999938458188486, 'shap_norm_sq': 0.7435285843222785, 'weighted_error': 1.01579674440569, 'gamma': 0.01217183510496276, 'normalized_gamma': 0.016}
{'sample_size': 240, 'difference': 0, 'noise': 0, 'n': 12, 'shap_error': 4.830775455358237e-05, 'shap_norm_sq': 0.7435285843222785, 'weighted_error': 1.0044889212700203, 'gamma': 0.01217183510496276, 'normalized_gamma': 0.016}
{'sample_size': 480, 'difference': 0, 'noise': 0, 'n': 12, 'shap_error': 1.3789299182645878e-05, 'shap_norm_sq': 0.7435285843222785, 'weighted_error': 1.0012813359105288, 'gamma': 0.01217183510496276, 'normalized_gamma': 0.016}
{'sample_size': 960, 'difference': 0, 'noise': 0, 'n': 12, 'shap_error': 1.5394022736916518e-05, 'shap_norm_sq': 0.7435285843222785, 'weighted_error': 1.0014304581947087, 'gamma': 0.01217183510496276, 'normalized_gamma': 0.016}
{'sample_size': 1920, 'difference': 0, 'noise': 0, 'n': 12, 'shap_error': 3.71888402280781e-06, 'shap_norm_sq': 0.7435285843222785, 'weighted_error': 1.000345573648113, 'gamma': 0.01217183510496276, 'normalized_gamma': 0.016}
{'sample_size': 60, 'difference': 0, 'noise': 0, 'n': 12, 'shap_error': 0.005311711386153247, 'shap_norm_sq': 0.1519531758464757, 'weighted_error': 1.0100050875178246, 'gamma': 0.8874155269291613, 'normalized_gamma': 5.8}
{'sample_size': 120, 'difference': 0, 'noise': 0, 'n': 12, 'shap_error': 0.0009918075853348862, 'shap_norm_sq': 0.1519531758464757, 'weighted_error': 1.0018681713172577, 'gamma': 0.8874155269291613, 'normalized_gamma': 5.8}
{'sample_size': 240, 'difference': 0, 'noise': 0, 'n': 12, 'shap_error': 0.0009638991271705321, 'shap_norm_sq': 0.1519531758464757, 'weighted_error': 1.0018156014663946, 'gamma': 0.8874155269291613, 'normalized_gamma': 5.8}
{'sample_size': 480, 'difference': 0, 'noise': 0, 'n': 12, 'shap_error': 0.0002924212139415481, 'shap_norm_sq': 0.1519531758464757, 'weighted_error': 1.000550798366025, 'gamma': 0.8874155269291613, 'normalized_gamma': 5.8}
{'sample_size': 960, 'difference': 0, 'noise': 0, 'n': 12, 'shap_error': 7.329736872822581e-05, 'shap_norm_sq': 0.1519531758464757, 'weighted_error': 1.0001380610508857, 'gamma': 0.8874155269291613, 'normalized_gamma': 5.8}
{'sample_size': 1920, 'difference': 0, 'noise': 0, 'n': 12, 'shap_error': 7.781132995596154e-05, 'shap_norm_sq': 0.1519531758464757, 'weighted_error': 1.00014656402664, 'gamma': 0.8874155269291613, 'normalized_gamma': 5.8}
{'sample_size': 60, 'difference': 0, 'noise': 0, 'n': 12, 'shap_error': 0.002811501861862633, 'shap_norm_sq': 0.0015522125589464298, 'weighted_error': 1.00919110311844, 'gamma': 0.3104703586126783, 'normalized_gamma': 200.0}
{'sample_size': 120, 'difference': 0, 'noise': 0, 'n': 12, 'shap_error': 0.001326660588672986, 'shap_norm_sq': 0.0015522125589464298, 'weighted_error': 1.0043370012364174, 'gamma': 0.3104703586126783, 'normalized_gamma': 200.0}
{'sample_size': 240, 'difference': 0, 'noise': 0, 'n': 12, 'shap_error': 0.0004545232723838384, 'shap_norm_sq': 0.0015522125589464298, 'weighted_error': 1.001485892097924, 'gamma': 0.3104703586126783, 'normalized_gamma': 200.0}
{'sample_size': 480, 'difference': 0, 'noise': 0, 'n': 12, 'shap_error': 0.00047492203030250163, 'shap_norm_sq': 0.0015522125589464298, 'weighted_error': 1.0015525804218255, 'gamma': 0.3104703586126783, 'normalized_gamma': 200.0}
{'sample_size': 960, 'difference': 0, 'noise': 0, 'n': 12, 'shap_error': 0.0008107185948506735, 'shap_norm_sq': 0.0015522125589464298, 'weighted_error': 1.0026503287174529, 'gamma': 0.3104703586126783, 'normalized_gamma': 200.0}
{'sample_size': 1920, 'difference': 0, 'noise': 0, 'n': 12, 'shap_error': 0.0003106831325051219, 'shap_norm_sq': 0.0015522125589464298, 'weighted_error': 1.00101566431774, 'gamma': 0.3104703586126783, 'normalized_gamma': 200.0}
{'sample_size': 60, 'difference': 0, 'noise': 0, 'n': 12, 'shap_error': 0.06074465336547559, 'shap_norm_sq': 0.0074563258959339865, 'weighted_error': 1.0474109678216745, 'gamma': 1.2827976785027388, 'normalized_gamma': 170.0}
{'sample_size': 120, 'difference': 0, 'noise': 0, 'n': 12, 'shap_error': 0.013326784314299678, 'shap_norm_sq': 0.0074563258959339865, 'weighted_error': 1.0104015059205176, 'gamma': 1.2827976785027388, 'normalized_gamma': 170.0}
{'sample_size': 240, 'difference': 0, 'noise': 0, 'n': 12, 'shap_error': 0.0028138189296281492, 'shap_norm_sq': 0.0074563258959339865, 'weighted_error': 1.0021961748002002, 'gamma': 1.2827976785027388, 'normalized_gamma': 170.0}
{'sample_size': 480, 'difference': 0, 'noise': 0, 'n': 12, 'shap_error': 0.0026013910669012213, 'shap_norm_sq': 0.0074563258959339865, 'weighted_error': 1.0020303751393342, 'gamma': 1.2827976785027388, 'normalized_gamma': 170.0}
{'sample_size': 960, 'difference': 0, 'noise': 0, 'n': 12, 'shap_error': 0.0024864179915821305, 'shap_norm_sq': 0.0074563258959339865, 'weighted_error': 1.0019406401335549, 'gamma': 1.2827976785027388, 'normalized_gamma': 170.0}
{'sample_size': 1920, 'difference': 0, 'noise': 0, 'n': 12, 'shap_error': 0.0004350304893833525, 'shap_norm_sq': 0.0074563258959339865, 'weighted_error': 1.000339542948989, 'gamma': 1.2827976785027388, 'normalized_gamma': 170.0}
{'sample_size': 60, 'difference': 0, 'noise': 0, 'n': 12, 'shap_error': 0.04250955198364882, 'shap_norm_sq': 0.0006543230621034639, 'weighted_error': 1.0231566681448265, 'gamma': 1.8777133226298217, 'normalized_gamma': 2900.0}
{'sample_size': 120, 'difference': 0, 'noise': 0, 'n': 12, 'shap_error': 0.010432560562248974, 'shap_norm_sq': 0.0006543230621034639, 'weighted_error': 1.0056830444615517, 'gamma': 1.8777133226298217, 'normalized_gamma': 2900.0}
{'sample_size': 240, 'difference': 0, 'noise': 0, 'n': 12, 'shap_error': 0.007616905479428114, 'shap_norm_sq': 0.0006543230621034639, 'weighted_error': 1.0041492271669767, 'gamma': 1.8777133226298217, 'normalized_gamma': 2900.0}
{'sample_size': 480, 'difference': 0, 'noise': 0, 'n': 12, 'shap_error': 0.0036678782510175113, 'shap_norm_sq': 0.0006543230621034639, 'weighted_error': 1.001998043529871, 'gamma': 1.8777133226298217, 'normalized_gamma': 2900.0}
{'sample_size': 960, 'difference': 0, 'noise': 0, 'n': 12, 'shap_error': 0.0010150660254069784, 'shap_norm_sq': 0.0006543230621034639, 'weighted_error': 1.0005529524909746, 'gamma': 1.8777133226298217, 'normalized_gamma': 2900.0}
{'sample_size': 1920, 'difference': 0, 'noise': 0, 'n': 12, 'shap_error': 0.0004324613657680752, 'shap_norm_sq': 0.0006543230621034639, 'weighted_error': 1.0002355759627986, 'gamma': 1.8777133226298217, 'normalized_gamma': 2900.0}
{'sample_size': 60, 'difference': 0, 'noise': 0, 'n': 12, 'shap_error': 0.0038432603701412135, 'shap_norm_sq': 0.004906147489822601, 'weighted_error': 1.009094880861971, 'gamma': 0.43079902088429056, 'normalized_gamma': 88.0}
{'sample_size': 120, 'difference': 0, 'noise': 0, 'n': 12, 'shap_error': 0.0012820785473885475, 'shap_norm_sq': 0.004906147489822601, 'weighted_error': 1.0030339892102085, 'gamma': 0.43079902088429056, 'normalized_gamma': 88.0}
{'sample_size': 240, 'difference': 0, 'noise': 0, 'n': 12, 'shap_error': 0.000599436042179808, 'shap_norm_sq': 0.004906147489822601, 'weighted_error': 1.0014185233260806, 'gamma': 0.43079902088429056, 'normalized_gamma': 88.0}
{'sample_size': 480, 'difference': 0, 'noise': 0, 'n': 12, 'shap_error': 0.0004285413057725269, 'shap_norm_sq': 0.004906147489822601, 'weighted_error': 1.0010141031235669, 'gamma': 0.43079902088429056, 'normalized_gamma': 88.0}
{'sample_size': 960, 'difference': 0, 'noise': 0, 'n': 12, 'shap_error': 0.00026077280568324944, 'shap_norm_sq': 0.004906147489822601, 'weighted_error': 1.0006171076614758, 'gamma': 0.43079902088429056, 'normalized_gamma': 88.0}
{'sample_size': 1920, 'difference': 0, 'noise': 0, 'n': 12, 'shap_error': 6.175546616241293e-05, 'shap_norm_sq': 0.004906147489822601, 'weighted_error': 1.0001461436581076, 'gamma': 0.43079902088429056, 'normalized_gamma': 88.0}
{'sample_size': 60, 'difference': 0, 'noise': 0, 'n': 12, 'shap_error': 0.0011342844923710126, 'shap_norm_sq': 0.08491949353669889, 'weighted_error': 1.0133188854638933, 'gamma': 0.10768418368375053, 'normalized_gamma': 1.3}
{'sample_size': 120, 'difference': 0, 'noise': 0, 'n': 12, 'shap_error': 0.0005728662605136093, 'shap_norm_sq': 0.08491949353669889, 'weighted_error': 1.0067266703415036, 'gamma': 0.10768418368375053, 'normalized_gamma': 1.3}
{'sample_size': 240, 'difference': 0, 'noise': 0, 'n': 12, 'shap_error': 0.0007795697041787997, 'shap_norm_sq': 0.08491949353669889, 'weighted_error': 1.0091538461425271, 'gamma': 0.10768418368375053, 'normalized_gamma': 1.3}
{'sample_size': 480, 'difference': 0, 'noise': 0, 'n': 12, 'shap_error': 0.00013569081098721464, 'shap_norm_sq': 0.08491949353669889, 'weighted_error': 1.0015932989574388, 'gamma': 0.10768418368375053, 'normalized_gamma': 1.3}
{'sample_size': 960, 'difference': 0, 'noise': 0, 'n': 12, 'shap_error': 8.19780961677307e-05, 'shap_norm_sq': 0.08491949353669889, 'weighted_error': 1.0009625987949935, 'gamma': 0.10768418368375053, 'normalized_gamma': 1.3}
{'sample_size': 1920, 'difference': 0, 'noise': 0, 'n': 12, 'shap_error': 7.834474340876552e-05, 'shap_norm_sq': 0.08491949353669889, 'weighted_error': 1.000919916811486, 'gamma': 0.10768418368375053, 'normalized_gamma': 1.3}
{'sample_size': 60, 'difference': 0, 'noise': 0, 'n': 12, 'shap_error': 0.00018133543542773635, 'shap_norm_sq': 0.004813374817264372, 'weighted_error': 1.0003391884317474, 'gamma': 0.546310181854057, 'normalized_gamma': 110.0}
{'sample_size': 120, 'difference': 0, 'noise': 0, 'n': 12, 'shap_error': 0.00014667877991218528, 'shap_norm_sq': 0.004813374817264372, 'weighted_error': 1.0002743668453629, 'gamma': 0.546310181854057, 'normalized_gamma': 110.0}
{'sample_size': 240, 'difference': 0, 'noise': 0, 'n': 12, 'shap_error': 2.1339833950495395e-05, 'shap_norm_sq': 0.004813374817264372, 'weighted_error': 1.0000399159948457, 'gamma': 0.546310181854057, 'normalized_gamma': 110.0}
{'sample_size': 480, 'difference': 0, 'noise': 0, 'n': 12, 'shap_error': 2.6238395065578215e-05, 'shap_norm_sq': 0.004813374817264372, 'weighted_error': 1.0000490793424641, 'gamma': 0.546310181854057, 'normalized_gamma': 110.0}
{'sample_size': 960, 'difference': 0, 'noise': 0, 'n': 12, 'shap_error': 7.683820208398334e-06, 'shap_norm_sq': 0.004813374817264372, 'weighted_error': 1.000014372554878, 'gamma': 0.546310181854057, 'normalized_gamma': 110.0}
{'sample_size': 1920, 'difference': 0, 'noise': 0, 'n': 12, 'shap_error': 3.099847914662615e-06, 'shap_norm_sq': 0.004813374817264372, 'weighted_error': 1.0000057983488382, 'gamma': 0.546310181854057, 'normalized_gamma': 110.0}
{'sample_size': 60, 'difference': 0, 'noise': 0, 'n': 12, 'shap_error': 0.2723921468738315, 'shap_norm_sq': 0.0002524129683966554, 'weighted_error': 1.063432561285186, 'gamma': 4.296566092259786, 'normalized_gamma': 17000.0}
{'sample_size': 120, 'difference': 0, 'noise': 0, 'n': 12, 'shap_error': 0.014356036127882003, 'shap_norm_sq': 0.0002524129683966554, 'weighted_error': 1.003343121583327, 'gamma': 4.296566092259786, 'normalized_gamma': 17000.0}
{'sample_size': 240, 'difference': 0, 'noise': 0, 'n': 12, 'shap_error': 0.021484870901003157, 'shap_norm_sq': 0.0002524129683966554, 'weighted_error': 1.0050032397842457, 'gamma': 4.296566092259786, 'normalized_gamma': 17000.0}
{'sample_size': 480, 'difference': 0, 'noise': 0, 'n': 12, 'shap_error': 0.018167229184593684, 'shap_norm_sq': 0.0002524129683966554, 'weighted_error': 1.0042306289654177, 'gamma': 4.296566092259786, 'normalized_gamma': 17000.0}
{'sample_size': 960, 'difference': 0, 'noise': 0, 'n': 12, 'shap_error': 0.005830399366937445, 'shap_norm_sq': 0.0002524129683966554, 'weighted_error': 1.0013577432642204, 'gamma': 4.296566092259786, 'normalized_gamma': 17000.0}
{'sample_size': 1920, 'difference': 0, 'noise': 0, 'n': 12, 'shap_error': 0.005138139795458539, 'shap_norm_sq': 0.0002524129683966554, 'weighted_error': 1.0011965290651823, 'gamma': 4.296566092259786, 'normalized_gamma': 17000.0}
{'sample_size': 60, 'difference': 0, 'noise': 0, 'n': 12, 'shap_error': 0.004142137830656278, 'shap_norm_sq': 0.27724031371972463, 'weighted_error': 1.0334417434646512, 'gamma': 0.18501721304384053, 'normalized_gamma': 0.67}
{'sample_size': 120, 'difference': 0, 'noise': 0, 'n': 12, 'shap_error': 0.0005871148290070708, 'shap_norm_sq': 0.27724031371972463, 'weighted_error': 1.0047400867173673, 'gamma': 0.18501721304384053, 'normalized_gamma': 0.67}
{'sample_size': 240, 'difference': 0, 'noise': 0, 'n': 12, 'shap_error': 0.0002205952018691705, 'shap_norm_sq': 0.27724031371972463, 'weighted_error': 1.00178098523583, 'gamma': 0.18501721304384053, 'normalized_gamma': 0.67}
{'sample_size': 480, 'difference': 0, 'noise': 0, 'n': 12, 'shap_error': 0.00016982171674490883, 'shap_norm_sq': 0.27724031371972463, 'weighted_error': 1.0013710485909217, 'gamma': 0.18501721304384053, 'normalized_gamma': 0.67}
{'sample_size': 960, 'difference': 0, 'noise': 0, 'n': 12, 'shap_error': 6.403152813048598e-05, 'shap_norm_sq': 0.27724031371972463, 'weighted_error': 1.0005169656327306, 'gamma': 0.18501721304384053, 'normalized_gamma': 0.67}
{'sample_size': 1920, 'difference': 0, 'noise': 0, 'n': 12, 'shap_error': 7.215898658764418e-05, 'shap_norm_sq': 0.27724031371972463, 'weighted_error': 1.0005825863512208, 'gamma': 0.18501721304384053, 'normalized_gamma': 0.67}
{'sample_size': 60, 'difference': 0, 'noise': 0, 'n': 12, 'shap_error': 0.000593167911365071, 'shap_norm_sq': 0.014792392096021574, 'weighted_error': 1.0009509545972757, 'gamma': 0.6477449002339841, 'normalized_gamma': 44.0}
{'sample_size': 120, 'difference': 0, 'noise': 0, 'n': 12, 'shap_error': 9.169422130991537e-05, 'shap_norm_sq': 0.014792392096021574, 'weighted_error': 1.0001470037850402, 'gamma': 0.6477449002339841, 'normalized_gamma': 44.0}
{'sample_size': 240, 'difference': 0, 'noise': 0, 'n': 12, 'shap_error': 5.371298576525376e-05, 'shap_norm_sq': 0.014792392096021574, 'weighted_error': 1.0000861108777566, 'gamma': 0.6477449002339841, 'normalized_gamma': 44.0}
{'sample_size': 480, 'difference': 0, 'noise': 0, 'n': 12, 'shap_error': 7.837640438844048e-05, 'shap_norm_sq': 0.014792392096021574, 'weighted_error': 1.0001256511280139, 'gamma': 0.6477449002339841, 'normalized_gamma': 44.0}
{'sample_size': 960, 'difference': 0, 'noise': 0, 'n': 12, 'shap_error': 2.85781989171218e-05, 'shap_norm_sq': 0.014792392096021574, 'weighted_error': 1.0000458160880206, 'gamma': 0.6477449002339841, 'normalized_gamma': 44.0}
{'sample_size': 1920, 'difference': 0, 'noise': 0, 'n': 12, 'shap_error': 2.059144027522835e-05, 'shap_norm_sq': 0.014792392096021574, 'weighted_error': 1.0000330125236294, 'gamma': 0.6477449002339841, 'normalized_gamma': 44.0}
{'sample_size': 60, 'difference': 0, 'noise': 0, 'n': 12, 'shap_error': 4.196353198633099e-14, 'shap_norm_sq': 0.00251609823723701, 'weighted_error': 1.0000000000000067, 'gamma': 0.3950972745390037, 'normalized_gamma': 160.0}
{'sample_size': 120, 'difference': 0, 'noise': 0, 'n': 12, 'shap_error': 2.24743019830814e-14, 'shap_norm_sq': 0.00251609823723701, 'weighted_error': 0.9999999999999661, 'gamma': 0.3950972745390037, 'normalized_gamma': 160.0}
{'sample_size': 240, 'difference': 0, 'noise': 0, 'n': 12, 'shap_error': 2.860049056970695e-14, 'shap_norm_sq': 0.00251609823723701, 'weighted_error': 0.9999999999999496, 'gamma': 0.3950972745390037, 'normalized_gamma': 160.0}
{'sample_size': 480, 'difference': 0, 'noise': 0, 'n': 12, 'shap_error': 2.019421267494515e-14, 'shap_norm_sq': 0.00251609823723701, 'weighted_error': 0.9999999999999584, 'gamma': 0.3950972745390037, 'normalized_gamma': 160.0}
{'sample_size': 960, 'difference': 0, 'noise': 0, 'n': 12, 'shap_error': 1.3483968244799062e-14, 'shap_norm_sq': 0.00251609823723701, 'weighted_error': 0.9999999999999484, 'gamma': 0.3950972745390037, 'normalized_gamma': 160.0}
{'sample_size': 1920, 'difference': 0, 'noise': 0, 'n': 12, 'shap_error': 2.137680781528393e-14, 'shap_norm_sq': 0.00251609823723701, 'weighted_error': 0.9999999999999412, 'gamma': 0.3950972745390037, 'normalized_gamma': 160.0}
{'sample_size': 60, 'difference': 0, 'noise': 0, 'n': 12, 'shap_error': 0.25344608083225845, 'shap_norm_sq': 0.00042645500664778937, 'weighted_error': 1.1325459456401281, 'gamma': 2.004326997888683, 'normalized_gamma': 4700.0}
{'sample_size': 120, 'difference': 0, 'noise': 0, 'n': 12, 'shap_error': 0.051056267887106266, 'shap_norm_sq': 0.00042645500664778937, 'weighted_error': 1.0267011017405645, 'gamma': 2.004326997888683, 'normalized_gamma': 4700.0}
{'sample_size': 240, 'difference': 0, 'noise': 0, 'n': 12, 'shap_error': 0.03222414229717178, 'shap_norm_sq': 0.00042645500664778937, 'weighted_error': 1.0168524237108032, 'gamma': 2.004326997888683, 'normalized_gamma': 4700.0}
{'sample_size': 480, 'difference': 0, 'noise': 0, 'n': 12, 'shap_error': 0.026336669957385917, 'shap_norm_sq': 0.00042645500664778937, 'weighted_error': 1.0137734488036723, 'gamma': 2.004326997888683, 'normalized_gamma': 4700.0}
{'sample_size': 960, 'difference': 0, 'noise': 0, 'n': 12, 'shap_error': 0.002492026122200189, 'shap_norm_sq': 0.00042645500664778937, 'weighted_error': 1.0013032724756648, 'gamma': 2.004326997888683, 'normalized_gamma': 4700.0}
{'sample_size': 1920, 'difference': 0, 'noise': 0, 'n': 12, 'shap_error': 0.0019884684074672307, 'shap_norm_sq': 0.00042645500664778937, 'weighted_error': 1.0010399203400124, 'gamma': 2.004326997888683, 'normalized_gamma': 4700.0}
{'sample_size': 60, 'difference': 0, 'noise': 0, 'n': 12, 'shap_error': 0.0007276437742134458, 'shap_norm_sq': 0.06865381790541472, 'weighted_error': 1.0049168660004155, 'gamma': 0.17491827985374306, 'normalized_gamma': 2.5}
{'sample_size': 120, 'difference': 0, 'noise': 0, 'n': 12, 'shap_error': 0.0006260565017659609, 'shap_norm_sq': 0.06865381790541472, 'weighted_error': 1.0042304399352704, 'gamma': 0.17491827985374306, 'normalized_gamma': 2.5}
{'sample_size': 240, 'difference': 0, 'noise': 0, 'n': 12, 'shap_error': 0.00036841316898978565, 'shap_norm_sq': 0.06865381790541472, 'weighted_error': 1.0024894934822788, 'gamma': 0.17491827985374306, 'normalized_gamma': 2.5}
{'sample_size': 480, 'difference': 0, 'noise': 0, 'n': 12, 'shap_error': 9.020094663240683e-05, 'shap_norm_sq': 0.06865381790541472, 'weighted_error': 1.000609511103925, 'gamma': 0.17491827985374306, 'normalized_gamma': 2.5}
{'sample_size': 960, 'difference': 0, 'noise': 0, 'n': 12, 'shap_error': 5.900641746782152e-05, 'shap_norm_sq': 0.06865381790541472, 'weighted_error': 1.0003987184797143, 'gamma': 0.17491827985374306, 'normalized_gamma': 2.5}
{'sample_size': 1920, 'difference': 0, 'noise': 0, 'n': 12, 'shap_error': 9.541290336542164e-06, 'shap_norm_sq': 0.06865381790541472, 'weighted_error': 1.000064475064231, 'gamma': 0.17491827985374306, 'normalized_gamma': 2.5}
{'sample_size': 60, 'difference': 0, 'noise': 0, 'n': 12, 'shap_error': 0.031397424147741305, 'shap_norm_sq': 0.004390679598607148, 'weighted_error': 1.0594076928745892, 'gamma': 0.528511939853909, 'normalized_gamma': 120.0}
{'sample_size': 120, 'difference': 0, 'noise': 0, 'n': 12, 'shap_error': 0.0020350773437198513, 'shap_norm_sq': 0.004390679598607148, 'weighted_error': 1.0038506194651766, 'gamma': 0.528511939853909, 'normalized_gamma': 120.0}
{'sample_size': 240, 'difference': 0, 'noise': 0, 'n': 12, 'shap_error': 0.0007051469001361432, 'shap_norm_sq': 0.004390679598607148, 'weighted_error': 1.001334222153506, 'gamma': 0.528511939853909, 'normalized_gamma': 120.0}
{'sample_size': 480, 'difference': 0, 'noise': 0, 'n': 12, 'shap_error': 0.000441723921814091, 'shap_norm_sq': 0.004390679598607148, 'weighted_error': 1.0008357925994726, 'gamma': 0.528511939853909, 'normalized_gamma': 120.0}
{'sample_size': 960, 'difference': 0, 'noise': 0, 'n': 12, 'shap_error': 0.00037709555845624504, 'shap_norm_sq': 0.004390679598607148, 'weighted_error': 1.000713508762709, 'gamma': 0.528511939853909, 'normalized_gamma': 120.0}
{'sample_size': 1920, 'difference': 0, 'noise': 0, 'n': 12, 'shap_error': 0.0001494557362491983, 'shap_norm_sq': 0.004390679598607148, 'weighted_error': 1.0002827861582242, 'gamma': 0.528511939853909, 'normalized_gamma': 120.0}
{'sample_size': 60, 'difference': 0, 'noise': 0, 'n': 12, 'shap_error': 0.01101073731589143, 'shap_norm_sq': 0.02440570195774985, 'weighted_error': 1.0222623654731626, 'gamma': 0.4993340745427843, 'normalized_gamma': 20.0}
{'sample_size': 120, 'difference': 0, 'noise': 0, 'n': 12, 'shap_error': 0.0071992032057152265, 'shap_norm_sq': 0.02440570195774985, 'weighted_error': 1.0145559054950353, 'gamma': 0.4993340745427843, 'normalized_gamma': 20.0}
{'sample_size': 240, 'difference': 0, 'noise': 0, 'n': 12, 'shap_error': 0.012736570539334505, 'shap_norm_sq': 0.02440570195774985, 'weighted_error': 1.0257517918814232, 'gamma': 0.4993340745427843, 'normalized_gamma': 20.0}
{'sample_size': 480, 'difference': 0, 'noise': 0, 'n': 12, 'shap_error': 0.0022120301901291757, 'shap_norm_sq': 0.02440570195774985, 'weighted_error': 1.004472434382512, 'gamma': 0.4993340745427843, 'normalized_gamma': 20.0}
{'sample_size': 960, 'difference': 0, 'noise': 0, 'n': 12, 'shap_error': 0.0010829755617632099, 'shap_norm_sq': 0.02440570195774985, 'weighted_error': 1.002189631223463, 'gamma': 0.4993340745427843, 'normalized_gamma': 20.0}
{'sample_size': 1920, 'difference': 0, 'noise': 0, 'n': 12, 'shap_error': 0.0004041482559989146, 'shap_norm_sq': 0.02440570195774985, 'weighted_error': 1.0008171392229428, 'gamma': 0.4993340745427843, 'normalized_gamma': 20.0}
{'sample_size': 60, 'difference': 0, 'noise': 0, 'n': 12, 'shap_error': 0.0009669236800924925, 'shap_norm_sq': 0.09238991139041178, 'weighted_error': 1.0078940232697748, 'gamma': 0.1618084657741022, 'normalized_gamma': 1.8}
{'sample_size': 120, 'difference': 0, 'noise': 0, 'n': 12, 'shap_error': 0.00036700793329222863, 'shap_norm_sq': 0.09238991139041178, 'weighted_error': 1.0029962840817754, 'gamma': 0.1618084657741022, 'normalized_gamma': 1.8}
{'sample_size': 240, 'difference': 0, 'noise': 0, 'n': 12, 'shap_error': 0.0001265076305032336, 'shap_norm_sq': 0.09238991139041178, 'weighted_error': 1.0010328035583127, 'gamma': 0.1618084657741022, 'normalized_gamma': 1.8}
{'sample_size': 480, 'difference': 0, 'noise': 0, 'n': 12, 'shap_error': 2.8788469839981306e-05, 'shap_norm_sq': 0.09238991139041178, 'weighted_error': 1.0002350368426243, 'gamma': 0.1618084657741022, 'normalized_gamma': 1.8}
{'sample_size': 960, 'difference': 0, 'noise': 0, 'n': 12, 'shap_error': 5.191792054433603e-05, 'shap_norm_sq': 0.09238991139041178, 'weighted_error': 1.0004238684258153, 'gamma': 0.1618084657741022, 'normalized_gamma': 1.8}
{'sample_size': 1920, 'difference': 0, 'noise': 0, 'n': 12, 'shap_error': 7.711345490540942e-06, 'shap_norm_sq': 0.09238991139041178, 'weighted_error': 1.000062956435641, 'gamma': 0.1618084657741022, 'normalized_gamma': 1.8}
{'sample_size': 60, 'difference': 0, 'noise': 0, 'n': 12, 'shap_error': 0.0017108635059046317, 'shap_norm_sq': 0.006782195792316931, 'weighted_error': 1.001482735801829, 'gamma': 1.167967118839501, 'normalized_gamma': 170.0}
{'sample_size': 120, 'difference': 0, 'noise': 0, 'n': 12, 'shap_error': 0.00021817058078095944, 'shap_norm_sq': 0.006782195792316931, 'weighted_error': 1.000189085261726, 'gamma': 1.167967118839501, 'normalized_gamma': 170.0}
{'sample_size': 240, 'difference': 0, 'noise': 0, 'n': 12, 'shap_error': 0.00043430330526523446, 'shap_norm_sq': 0.006782195792316931, 'weighted_error': 1.0003763946391415, 'gamma': 1.167967118839501, 'normalized_gamma': 170.0}
{'sample_size': 480, 'difference': 0, 'noise': 0, 'n': 12, 'shap_error': 0.0002524892225149284, 'shap_norm_sq': 0.006782195792316931, 'weighted_error': 1.0002188223652921, 'gamma': 1.167967118839501, 'normalized_gamma': 170.0}
{'sample_size': 960, 'difference': 0, 'noise': 0, 'n': 12, 'shap_error': 3.785404143133571e-05, 'shap_norm_sq': 0.006782195792316931, 'weighted_error': 1.000032807345043, 'gamma': 1.167967118839501, 'normalized_gamma': 170.0}
{'sample_size': 1920, 'difference': 0, 'noise': 0, 'n': 12, 'shap_error': 1.470574650240636e-05, 'shap_norm_sq': 0.006782195792316931, 'weighted_error': 1.0000127454435477, 'gamma': 1.167967118839501, 'normalized_gamma': 170.0}
{'sample_size': 60, 'difference': 0, 'noise': 0, 'n': 12, 'shap_error': 0.0075835262366136065, 'shap_norm_sq': 0.3224637845529216, 'weighted_error': 1.022972549912647, 'gamma': 0.4084494304621917, 'normalized_gamma': 1.3}
{'sample_size': 120, 'difference': 0, 'noise': 0, 'n': 12, 'shap_error': 0.0012954797234131373, 'shap_norm_sq': 0.3224637845529216, 'weighted_error': 1.0039243570113896, 'gamma': 0.4084494304621917, 'normalized_gamma': 1.3}
{'sample_size': 240, 'difference': 0, 'noise': 0, 'n': 12, 'shap_error': 0.0008091545015600737, 'shap_norm_sq': 0.3224637845529216, 'weighted_error': 1.0024511626670207, 'gamma': 0.4084494304621917, 'normalized_gamma': 1.3}
{'sample_size': 480, 'difference': 0, 'noise': 0, 'n': 12, 'shap_error': 0.0005311561141076094, 'shap_norm_sq': 0.3224637845529216, 'weighted_error': 1.001609017593158, 'gamma': 0.4084494304621917, 'normalized_gamma': 1.3}
{'sample_size': 960, 'difference': 0, 'noise': 0, 'n': 12, 'shap_error': 0.00022039299128590492, 'shap_norm_sq': 0.3224637845529216, 'weighted_error': 1.0006676238575056, 'gamma': 0.4084494304621917, 'normalized_gamma': 1.3}
{'sample_size': 1920, 'difference': 0, 'noise': 0, 'n': 12, 'shap_error': 8.603428411815291e-05, 'shap_norm_sq': 0.3224637845529216, 'weighted_error': 1.0002606260356568, 'gamma': 0.4084494304621917, 'normalized_gamma': 1.3}
{'sample_size': 60, 'difference': 0, 'noise': 0, 'n': 12, 'shap_error': 0.07685814393962871, 'shap_norm_sq': 0.0004562693290711918, 'weighted_error': 1.0418227045601314, 'gamma': 1.8522095559815968, 'normalized_gamma': 4100.0}
{'sample_size': 120, 'difference': 0, 'noise': 0, 'n': 12, 'shap_error': 0.026848695495433547, 'shap_norm_sq': 0.0004562693290711918, 'weighted_error': 1.0146098277902689, 'gamma': 1.8522095559815968, 'normalized_gamma': 4100.0}
{'sample_size': 240, 'difference': 0, 'noise': 0, 'n': 12, 'shap_error': 0.006534975610263325, 'shap_norm_sq': 0.0004562693290711918, 'weighted_error': 1.0035560431545842, 'gamma': 1.8522095559815968, 'normalized_gamma': 4100.0}
{'sample_size': 480, 'difference': 0, 'noise': 0, 'n': 12, 'shap_error': 0.0023240069751644513, 'shap_norm_sq': 0.0004562693290711918, 'weighted_error': 1.0012646226898128, 'gamma': 1.8522095559815968, 'normalized_gamma': 4100.0}
{'sample_size': 960, 'difference': 0, 'noise': 0, 'n': 12, 'shap_error': 0.002081566268586603, 'shap_norm_sq': 0.0004562693290711918, 'weighted_error': 1.0011326969856846, 'gamma': 1.8522095559815968, 'normalized_gamma': 4100.0}
{'sample_size': 1920, 'difference': 0, 'noise': 0, 'n': 12, 'shap_error': 0.0010695526292106006, 'shap_norm_sq': 0.0004562693290711918, 'weighted_error': 1.0005819958531863, 'gamma': 1.8522095559815968, 'normalized_gamma': 4100.0}
{'sample_size': 60, 'difference': 0, 'noise': 0, 'n': 12, 'shap_error': 0.007826854242414421, 'shap_norm_sq': 0.15565077084192144, 'weighted_error': 1.0287370236693056, 'gamma': 0.3724449274656605, 'normalized_gamma': 2.4}
{'sample_size': 120, 'difference': 0, 'noise': 0, 'n': 12, 'shap_error': 0.003097123499091179, 'shap_norm_sq': 0.15565077084192144, 'weighted_error': 1.0113713420457613, 'gamma': 0.3724449274656605, 'normalized_gamma': 2.4}
{'sample_size': 240, 'difference': 0, 'noise': 0, 'n': 12, 'shap_error': 0.0005994563267846869, 'shap_norm_sq': 0.15565077084192144, 'weighted_error': 1.0022009677037338, 'gamma': 0.3724449274656605, 'normalized_gamma': 2.4}
{'sample_size': 480, 'difference': 0, 'noise': 0, 'n': 12, 'shap_error': 0.00015909264873780656, 'shap_norm_sq': 0.15565077084192144, 'weighted_error': 1.0005841267374191, 'gamma': 0.3724449274656605, 'normalized_gamma': 2.4}
{'sample_size': 960, 'difference': 0, 'noise': 0, 'n': 12, 'shap_error': 9.310126218017754e-05, 'shap_norm_sq': 0.15565077084192144, 'weighted_error': 1.0003418368781969, 'gamma': 0.3724449274656605, 'normalized_gamma': 2.4}
{'sample_size': 1920, 'difference': 0, 'noise': 0, 'n': 12, 'shap_error': 6.151596756590021e-05, 'shap_norm_sq': 0.15565077084192144, 'weighted_error': 1.0002258647668536, 'gamma': 0.3724449274656605, 'normalized_gamma': 2.4}
{'sample_size': 60, 'difference': 0, 'noise': 0, 'n': 12, 'shap_error': 0.001757560846085972, 'shap_norm_sq': 0.07242720621170111, 'weighted_error': 1.026956780740469, 'gamma': 0.07400853104191372, 'normalized_gamma': 1.0}
{'sample_size': 120, 'difference': 0, 'noise': 0, 'n': 12, 'shap_error': 0.001131019693731682, 'shap_norm_sq': 0.07242720621170111, 'weighted_error': 1.0173469997078415, 'gamma': 0.07400853104191372, 'normalized_gamma': 1.0}
{'sample_size': 240, 'difference': 0, 'noise': 0, 'n': 12, 'shap_error': 0.00016106377680606015, 'shap_norm_sq': 0.07242720621170111, 'weighted_error': 1.002470333107688, 'gamma': 0.07400853104191372, 'normalized_gamma': 1.0}
{'sample_size': 480, 'difference': 0, 'noise': 0, 'n': 12, 'shap_error': 0.00010052143167924866, 'shap_norm_sq': 0.07242720621170111, 'weighted_error': 1.0015417432350358, 'gamma': 0.07400853104191372, 'normalized_gamma': 1.0}
{'sample_size': 960, 'difference': 0, 'noise': 0, 'n': 12, 'shap_error': 6.8097334086873e-05, 'shap_norm_sq': 0.07242720621170111, 'weighted_error': 1.0010444404510552, 'gamma': 0.07400853104191372, 'normalized_gamma': 1.0}
{'sample_size': 1920, 'difference': 0, 'noise': 0, 'n': 12, 'shap_error': 4.8994839487170756e-05, 'shap_norm_sq': 0.07242720621170111, 'weighted_error': 1.00075145736018, 'gamma': 0.07400853104191372, 'normalized_gamma': 1.0}
{'sample_size': 60, 'difference': 0, 'noise': 0, 'n': 12, 'shap_error': 0.012767081337913313, 'shap_norm_sq': 0.02346064381311203, 'weighted_error': 1.0172234148512598, 'gamma': 0.7426967390194229, 'normalized_gamma': 32.0}
{'sample_size': 120, 'difference': 0, 'noise': 0, 'n': 12, 'shap_error': 0.004265952088839086, 'shap_norm_sq': 0.02346064381311203, 'weighted_error': 1.0057549591171782, 'gamma': 0.7426967390194229, 'normalized_gamma': 32.0}
{'sample_size': 240, 'difference': 0, 'noise': 0, 'n': 12, 'shap_error': 0.0022456849984810474, 'shap_norm_sq': 0.02346064381311203, 'weighted_error': 1.0030295456099587, 'gamma': 0.7426967390194229, 'normalized_gamma': 32.0}
{'sample_size': 480, 'difference': 0, 'noise': 0, 'n': 12, 'shap_error': 0.0010434346548652733, 'shap_norm_sq': 0.02346064381311203, 'weighted_error': 1.0014076451164904, 'gamma': 0.7426967390194229, 'normalized_gamma': 32.0}
{'sample_size': 960, 'difference': 0, 'noise': 0, 'n': 12, 'shap_error': 0.0014885775107937396, 'shap_norm_sq': 0.02346064381311203, 'weighted_error': 1.002008170938411, 'gamma': 0.7426967390194229, 'normalized_gamma': 32.0}
{'sample_size': 1920, 'difference': 0, 'noise': 0, 'n': 12, 'shap_error': 0.0005514620724548983, 'shap_norm_sq': 0.02346064381311203, 'weighted_error': 1.0007439533362137, 'gamma': 0.7426967390194229, 'normalized_gamma': 32.0}
{'sample_size': 60, 'difference': 0, 'noise': 0, 'n': 12, 'shap_error': 0.019050940227281595, 'shap_norm_sq': 0.03288601858960833, 'weighted_error': 1.02971017887554, 'gamma': 0.6432914225824012, 'normalized_gamma': 20.0}
{'sample_size': 120, 'difference': 0, 'noise': 0, 'n': 12, 'shap_error': 0.003849892959147398, 'shap_norm_sq': 0.03288601858960833, 'weighted_error': 1.0060039371180258, 'gamma': 0.6432914225824012, 'normalized_gamma': 20.0}
{'sample_size': 240, 'difference': 0, 'noise': 0, 'n': 12, 'shap_error': 0.0006593759472170014, 'shap_norm_sq': 0.03288601858960833, 'weighted_error': 1.0010283119693835, 'gamma': 0.6432914225824012, 'normalized_gamma': 20.0}
{'sample_size': 480, 'difference': 0, 'noise': 0, 'n': 12, 'shap_error': 0.000587346989150118, 'shap_norm_sq': 0.03288601858960833, 'weighted_error': 1.000915970363256, 'gamma': 0.6432914225824012, 'normalized_gamma': 20.0}
{'sample_size': 960, 'difference': 0, 'noise': 0, 'n': 12, 'shap_error': 0.0003539492787764545, 'shap_norm_sq': 0.03288601858960833, 'weighted_error': 1.0005519886029377, 'gamma': 0.6432914225824012, 'normalized_gamma': 20.0}
{'sample_size': 1920, 'difference': 0, 'noise': 0, 'n': 12, 'shap_error': 0.00010465995438746888, 'shap_norm_sq': 0.03288601858960833, 'weighted_error': 1.0001632172657784, 'gamma': 0.6432914225824012, 'normalized_gamma': 20.0}
{'sample_size': 60, 'difference': 0, 'noise': 0, 'n': 12, 'shap_error': 0.03337616335182291, 'shap_norm_sq': 0.0181620524781537, 'weighted_error': 1.042858044780123, 'gamma': 0.778991771232677, 'normalized_gamma': 43.0}
{'sample_size': 120, 'difference': 0, 'noise': 0, 'n': 12, 'shap_error': 0.0036114881697814037, 'shap_norm_sq': 0.0181620524781537, 'weighted_error': 1.0046374883606546, 'gamma': 0.778991771232677, 'normalized_gamma': 43.0}
{'sample_size': 240, 'difference': 0, 'noise': 0, 'n': 12, 'shap_error': 0.006369401672139123, 'shap_norm_sq': 0.0181620524781537, 'weighted_error': 1.00817889465478, 'gamma': 0.778991771232677, 'normalized_gamma': 43.0}
{'sample_size': 480, 'difference': 0, 'noise': 0, 'n': 12, 'shap_error': 0.001531419221034741, 'shap_norm_sq': 0.0181620524781537, 'weighted_error': 1.0019664766314182, 'gamma': 0.778991771232677, 'normalized_gamma': 43.0}
{'sample_size': 960, 'difference': 0, 'noise': 0, 'n': 12, 'shap_error': 0.0006574550025821469, 'shap_norm_sq': 0.0181620524781537, 'weighted_error': 1.0008442362942103, 'gamma': 0.778991771232677, 'normalized_gamma': 43.0}
{'sample_size': 1920, 'difference': 0, 'noise': 0, 'n': 12, 'shap_error': 0.0002302419416526783, 'shap_norm_sq': 0.0181620524781537, 'weighted_error': 1.0002956548131088, 'gamma': 0.778991771232677, 'normalized_gamma': 43.0}
{'sample_size': 120, 'difference': 0, 'noise': 0.0005, 'n': 12, 'shap_error': 0.0031282401728514745, 'shap_norm_sq': 0.005634020216394387, 'weighted_error': 1.0093148721977587, 'gamma': 0.34628202113101003, 'normalized_gamma': 61.0}
{'sample_size': 120, 'difference': 0, 'noise': 0.001, 'n': 12, 'shap_error': 0.0011977104623135829, 'shap_norm_sq': 0.005634020216394387, 'weighted_error': 1.0035395967978569, 'gamma': 0.34628202113101003, 'normalized_gamma': 61.0}
{'sample_size': 120, 'difference': 0, 'noise': 0.005, 'n': 12, 'shap_error': 0.0020784675288658926, 'shap_norm_sq': 0.005634020216394387, 'weighted_error': 1.005452994060282, 'gamma': 0.34628202113101003, 'normalized_gamma': 61.0}
{'sample_size': 120, 'difference': 0, 'noise': 0.01, 'n': 12, 'shap_error': 0.004788326579269192, 'shap_norm_sq': 0.005634020216394387, 'weighted_error': 1.0113056747256646, 'gamma': 0.34628202113101003, 'normalized_gamma': 61.0}
{'sample_size': 120, 'difference': 0, 'noise': 0.05, 'n': 12, 'shap_error': 0.4784664805003225, 'shap_norm_sq': 0.005634020216394387, 'weighted_error': 2.3517560037336396, 'gamma': 0.34628202113101003, 'normalized_gamma': 61.0}
{'sample_size': 120, 'difference': 0, 'noise': 0.1, 'n': 12, 'shap_error': 0.6703066980157032, 'shap_norm_sq': 0.005634020216394387, 'weighted_error': 2.701167896595167, 'gamma': 0.34628202113101003, 'normalized_gamma': 61.0}
{'sample_size': 120, 'difference': 0, 'noise': 0.5, 'n': 12, 'shap_error': 20.401538244449643, 'shap_norm_sq': 0.005634020216394387, 'weighted_error': 54.3880687590095, 'gamma': 0.34628202113101003, 'normalized_gamma': 61.0}
{'sample_size': 120, 'difference': 0, 'noise': 1, 'n': 12, 'shap_error': 88.31732662256998, 'shap_norm_sq': 0.005634020216394387, 'weighted_error': 234.5518325766741, 'gamma': 0.34628202113101003, 'normalized_gamma': 61.0}
{'sample_size': 120, 'difference': 0, 'noise': 0.0005, 'n': 12, 'shap_error': 0.002528933255321188, 'shap_norm_sq': 0.030861381647389347, 'weighted_error': 1.0067835756003323, 'gamma': 0.380978896307745, 'normalized_gamma': 12.0}
{'sample_size': 120, 'difference': 0, 'noise': 0.001, 'n': 12, 'shap_error': 0.0011178589677146595, 'shap_norm_sq': 0.030861381647389347, 'weighted_error': 1.0029538336303807, 'gamma': 0.380978896307745, 'normalized_gamma': 12.0}
{'sample_size': 120, 'difference': 0, 'noise': 0.005, 'n': 12, 'shap_error': 0.002155388172059752, 'shap_norm_sq': 0.030861381647389347, 'weighted_error': 1.0045360436928832, 'gamma': 0.380978896307745, 'normalized_gamma': 12.0}
{'sample_size': 120, 'difference': 0, 'noise': 0.01, 'n': 12, 'shap_error': 0.008949958309472674, 'shap_norm_sq': 0.030861381647389347, 'weighted_error': 1.0190266688839533, 'gamma': 0.380978896307745, 'normalized_gamma': 12.0}
{'sample_size': 120, 'difference': 0, 'noise': 0.05, 'n': 12, 'shap_error': 0.12828906129022785, 'shap_norm_sq': 0.030861381647389347, 'weighted_error': 1.2191319079013265, 'gamma': 0.380978896307745, 'normalized_gamma': 12.0}
{'sample_size': 120, 'difference': 0, 'noise': 0.1, 'n': 12, 'shap_error': 1.1737506088979257, 'shap_norm_sq': 0.030861381647389347, 'weighted_error': 3.6517811313674744, 'gamma': 0.380978896307745, 'normalized_gamma': 12.0}
{'sample_size': 120, 'difference': 0, 'noise': 0.5, 'n': 12, 'shap_error': 34.565562062508015, 'shap_norm_sq': 0.030861381647389347, 'weighted_error': 81.32736290227459, 'gamma': 0.380978896307745, 'normalized_gamma': 12.0}
{'sample_size': 120, 'difference': 0, 'noise': 1, 'n': 12, 'shap_error': 66.77852946728233, 'shap_norm_sq': 0.030861381647389347, 'weighted_error': 130.20712044289613, 'gamma': 0.380978896307745, 'normalized_gamma': 12.0}
{'sample_size': 120, 'difference': 0, 'noise': 0.0005, 'n': 12, 'shap_error': 0.0005936539803434576, 'shap_norm_sq': 0.061892692345874495, 'weighted_error': 1.009107229390823, 'gamma': 0.07659869759511914, 'normalized_gamma': 1.2}
{'sample_size': 120, 'difference': 0, 'noise': 0.001, 'n': 12, 'shap_error': 0.0004888103717734221, 'shap_norm_sq': 0.061892692345874495, 'weighted_error': 1.007476421537559, 'gamma': 0.07659869759511914, 'normalized_gamma': 1.2}
{'sample_size': 120, 'difference': 0, 'noise': 0.005, 'n': 12, 'shap_error': 0.0007155638842831084, 'shap_norm_sq': 0.061892692345874495, 'weighted_error': 1.0102815418331834, 'gamma': 0.07659869759511914, 'normalized_gamma': 1.2}
{'sample_size': 120, 'difference': 0, 'noise': 0.01, 'n': 12, 'shap_error': 0.0018539758660276486, 'shap_norm_sq': 0.061892692345874495, 'weighted_error': 1.0256466559316515, 'gamma': 0.07659869759511914, 'normalized_gamma': 1.2}
{'sample_size': 120, 'difference': 0, 'noise': 0.05, 'n': 12, 'shap_error': 0.04057182848628421, 'shap_norm_sq': 0.061892692345874495, 'weighted_error': 1.552464476934301, 'gamma': 0.07659869759511914, 'normalized_gamma': 1.2}
{'sample_size': 120, 'difference': 0, 'noise': 0.1, 'n': 12, 'shap_error': 0.21204697623276847, 'shap_norm_sq': 0.061892692345874495, 'weighted_error': 3.973804270919641, 'gamma': 0.07659869759511914, 'normalized_gamma': 1.2}
{'sample_size': 120, 'difference': 0, 'noise': 0.5, 'n': 12, 'shap_error': 3.1272123226644073, 'shap_norm_sq': 0.061892692345874495, 'weighted_error': 41.96886945249558, 'gamma': 0.07659869759511914, 'normalized_gamma': 1.2}
{'sample_size': 120, 'difference': 0, 'noise': 1, 'n': 12, 'shap_error': 12.551849164128084, 'shap_norm_sq': 0.061892692345874495, 'weighted_error': 165.53566359196637, 'gamma': 0.07659869759511914, 'normalized_gamma': 1.2}
{'sample_size': 120, 'difference': 0, 'noise': 0.0005, 'n': 12, 'shap_error': 0.0003724603300007276, 'shap_norm_sq': 0.000995351024442015, 'weighted_error': 1.000542602522703, 'gamma': 0.5931588091704234, 'normalized_gamma': 600.0}
{'sample_size': 120, 'difference': 0, 'noise': 0.001, 'n': 12, 'shap_error': 0.00079166266472202, 'shap_norm_sq': 0.000995351024442015, 'weighted_error': 1.0009510536462938, 'gamma': 0.5931588091704234, 'normalized_gamma': 600.0}
{'sample_size': 120, 'difference': 0, 'noise': 0.005, 'n': 12, 'shap_error': 0.053712654604363065, 'shap_norm_sq': 0.000995351024442015, 'weighted_error': 1.0830194036575627, 'gamma': 0.5931588091704234, 'normalized_gamma': 600.0}
{'sample_size': 120, 'difference': 0, 'noise': 0.01, 'n': 12, 'shap_error': 0.16046208847258628, 'shap_norm_sq': 0.000995351024442015, 'weighted_error': 1.2370878372546552, 'gamma': 0.5931588091704234, 'normalized_gamma': 600.0}
{'sample_size': 120, 'difference': 0, 'noise': 0.05, 'n': 12, 'shap_error': 5.229983520017086, 'shap_norm_sq': 0.000995351024442015, 'weighted_error': 9.055194540707575, 'gamma': 0.5931588091704234, 'normalized_gamma': 600.0}
{'sample_size': 120, 'difference': 0, 'noise': 0.1, 'n': 12, 'shap_error': 6.820915524561946, 'shap_norm_sq': 0.000995351024442015, 'weighted_error': 8.59678974820393, 'gamma': 0.5931588091704234, 'normalized_gamma': 600.0}
{'sample_size': 120, 'difference': 0, 'noise': 0.5, 'n': 12, 'shap_error': 274.5446416195666, 'shap_norm_sq': 0.000995351024442015, 'weighted_error': 372.5941275919931, 'gamma': 0.5931588091704234, 'normalized_gamma': 600.0}
{'sample_size': 120, 'difference': 0, 'noise': 1, 'n': 12, 'shap_error': 2757.7794960899914, 'shap_norm_sq': 0.000995351024442015, 'weighted_error': 4385.8755981753275, 'gamma': 0.5931588091704234, 'normalized_gamma': 600.0}
{'sample_size': 120, 'difference': 0, 'noise': 0.0005, 'n': 12, 'shap_error': 0.00040422166130224817, 'shap_norm_sq': 0.05192413524733969, 'weighted_error': 1.001240629437777, 'gamma': 0.3424443698143275, 'normalized_gamma': 6.6}
{'sample_size': 120, 'difference': 0, 'noise': 0.001, 'n': 12, 'shap_error': 0.0009785623477198914, 'shap_norm_sq': 0.05192413524733969, 'weighted_error': 1.0030009148660528, 'gamma': 0.3424443698143275, 'normalized_gamma': 6.6}
{'sample_size': 120, 'difference': 0, 'noise': 0.005, 'n': 12, 'shap_error': 0.00042189610003666857, 'shap_norm_sq': 0.05192413524733969, 'weighted_error': 1.0011410200638153, 'gamma': 0.3424443698143275, 'normalized_gamma': 6.6}
{'sample_size': 120, 'difference': 0, 'noise': 0.01, 'n': 12, 'shap_error': 0.005885149852344828, 'shap_norm_sq': 0.05192413524733969, 'weighted_error': 1.01746330760724, 'gamma': 0.3424443698143275, 'normalized_gamma': 6.6}
{'sample_size': 120, 'difference': 0, 'noise': 0.05, 'n': 12, 'shap_error': 0.0804277386301504, 'shap_norm_sq': 0.05192413524733969, 'weighted_error': 1.2316094479282438, 'gamma': 0.3424443698143275, 'normalized_gamma': 6.6}
{'sample_size': 120, 'difference': 0, 'noise': 0.1, 'n': 12, 'shap_error': 0.07751557646684708, 'shap_norm_sq': 0.05192413524733969, 'weighted_error': 1.176021587875348, 'gamma': 0.3424443698143275, 'normalized_gamma': 6.6}
{'sample_size': 120, 'difference': 0, 'noise': 0.5, 'n': 12, 'shap_error': 5.517561509476104, 'shap_norm_sq': 0.05192413524733969, 'weighted_error': 16.400931635027817, 'gamma': 0.3424443698143275, 'normalized_gamma': 6.6}
{'sample_size': 120, 'difference': 0, 'noise': 1, 'n': 12, 'shap_error': 36.21751494275027, 'shap_norm_sq': 0.05192413524733969, 'weighted_error': 106.07851566762729, 'gamma': 0.3424443698143275, 'normalized_gamma': 6.6}
{'sample_size': 120, 'difference': 0, 'noise': 0.0005, 'n': 12, 'shap_error': 0.000576510581429091, 'shap_norm_sq': 0.4654308295236672, 'weighted_error': 1.0154685992069248, 'gamma': 0.045594076379737454, 'normalized_gamma': 0.098}
{'sample_size': 120, 'difference': 0, 'noise': 0.001, 'n': 12, 'shap_error': 0.0005054843363066638, 'shap_norm_sq': 0.4654308295236672, 'weighted_error': 1.0135601702039765, 'gamma': 0.045594076379737454, 'normalized_gamma': 0.098}
{'sample_size': 120, 'difference': 0, 'noise': 0.005, 'n': 12, 'shap_error': 0.0009157947624337995, 'shap_norm_sq': 0.4654308295236672, 'weighted_error': 1.024488823781107, 'gamma': 0.045594076379737454, 'normalized_gamma': 0.098}
{'sample_size': 120, 'difference': 0, 'noise': 0.01, 'n': 12, 'shap_error': 0.0005211494602018345, 'shap_norm_sq': 0.4654308295236672, 'weighted_error': 1.0136450775220827, 'gamma': 0.045594076379737454, 'normalized_gamma': 0.098}
{'sample_size': 120, 'difference': 0, 'noise': 0.05, 'n': 12, 'shap_error': 0.006774602351938611, 'shap_norm_sq': 0.4654308295236672, 'weighted_error': 1.1733098739351748, 'gamma': 0.045594076379737454, 'normalized_gamma': 0.098}
{'sample_size': 120, 'difference': 0, 'noise': 0.1, 'n': 12, 'shap_error': 0.007691678784285256, 'shap_norm_sq': 0.4654308295236672, 'weighted_error': 1.1724991623875192, 'gamma': 0.045594076379737454, 'normalized_gamma': 0.098}
{'sample_size': 120, 'difference': 0, 'noise': 0.5, 'n': 12, 'shap_error': 0.46856588142051253, 'shap_norm_sq': 0.4654308295236672, 'weighted_error': 12.725719540990111, 'gamma': 0.045594076379737454, 'normalized_gamma': 0.098}
{'sample_size': 120, 'difference': 0, 'noise': 1, 'n': 12, 'shap_error': 0.7287300959283184, 'shap_norm_sq': 0.4654308295236672, 'weighted_error': 17.164861697778125, 'gamma': 0.045594076379737454, 'normalized_gamma': 0.098}
{'sample_size': 120, 'difference': 0, 'noise': 0.0005, 'n': 12, 'shap_error': 0.0016830776042321138, 'shap_norm_sq': 0.018084552695871458, 'weighted_error': 1.0019283375062151, 'gamma': 0.8746670657073672, 'normalized_gamma': 48.0}
{'sample_size': 120, 'difference': 0, 'noise': 0.001, 'n': 12, 'shap_error': 0.004529380816301375, 'shap_norm_sq': 0.018084552695871458, 'weighted_error': 1.005186457584388, 'gamma': 0.8746670657073672, 'normalized_gamma': 48.0}
{'sample_size': 120, 'difference': 0, 'noise': 0.005, 'n': 12, 'shap_error': 0.02176518496329749, 'shap_norm_sq': 0.018084552695871458, 'weighted_error': 1.0247420745686713, 'gamma': 0.8746670657073672, 'normalized_gamma': 48.0}
{'sample_size': 120, 'difference': 0, 'noise': 0.01, 'n': 12, 'shap_error': 0.008303317843169232, 'shap_norm_sq': 0.018084552695871458, 'weighted_error': 1.008629989143358, 'gamma': 0.8746670657073672, 'normalized_gamma': 48.0}
{'sample_size': 120, 'difference': 0, 'noise': 0.05, 'n': 12, 'shap_error': 0.16327168767888192, 'shap_norm_sq': 0.018084552695871458, 'weighted_error': 1.1649225365397538, 'gamma': 0.8746670657073672, 'normalized_gamma': 48.0}
{'sample_size': 120, 'difference': 0, 'noise': 0.1, 'n': 12, 'shap_error': 0.322617867032833, 'shap_norm_sq': 0.018084552695871458, 'weighted_error': 1.2806270728749267, 'gamma': 0.8746670657073672, 'normalized_gamma': 48.0}
{'sample_size': 120, 'difference': 0, 'noise': 0.5, 'n': 12, 'shap_error': 10.874155649175739, 'shap_norm_sq': 0.018084552695871458, 'weighted_error': 11.237391986865552, 'gamma': 0.8746670657073672, 'normalized_gamma': 48.0}
{'sample_size': 120, 'difference': 0, 'noise': 1, 'n': 12, 'shap_error': 42.4578353728394, 'shap_norm_sq': 0.018084552695871458, 'weighted_error': 40.7580335233956, 'gamma': 0.8746670657073672, 'normalized_gamma': 48.0}
{'sample_size': 120, 'difference': 0, 'noise': 0.0005, 'n': 12, 'shap_error': 0.0010494488131329218, 'shap_norm_sq': 0.01611218830828111, 'weighted_error': 1.0032936891901325, 'gamma': 0.3373182985674001, 'normalized_gamma': 21.0}
{'sample_size': 120, 'difference': 0, 'noise': 0.001, 'n': 12, 'shap_error': 0.0007888881081048047, 'shap_norm_sq': 0.01611218830828111, 'weighted_error': 1.0024745017618777, 'gamma': 0.3373182985674001, 'normalized_gamma': 21.0}
{'sample_size': 120, 'difference': 0, 'noise': 0.005, 'n': 12, 'shap_error': 0.0014791162835288715, 'shap_norm_sq': 0.01611218830828111, 'weighted_error': 1.0045986170211898, 'gamma': 0.3373182985674001, 'normalized_gamma': 21.0}
{'sample_size': 120, 'difference': 0, 'noise': 0.01, 'n': 12, 'shap_error': 0.009876135291414328, 'shap_norm_sq': 0.01611218830828111, 'weighted_error': 1.0308234872465072, 'gamma': 0.3373182985674001, 'normalized_gamma': 21.0}
{'sample_size': 120, 'difference': 0, 'noise': 0.05, 'n': 12, 'shap_error': 0.15500538382392115, 'shap_norm_sq': 0.01611218830828111, 'weighted_error': 1.4821278803171105, 'gamma': 0.3373182985674001, 'normalized_gamma': 21.0}
{'sample_size': 120, 'difference': 0, 'noise': 0.1, 'n': 12, 'shap_error': 0.8732618053476939, 'shap_norm_sq': 0.01611218830828111, 'weighted_error': 3.723413504474441, 'gamma': 0.3373182985674001, 'normalized_gamma': 21.0}
{'sample_size': 120, 'difference': 0, 'noise': 0.5, 'n': 12, 'shap_error': 30.574707487416408, 'shap_norm_sq': 0.01611218830828111, 'weighted_error': 96.52948527178279, 'gamma': 0.3373182985674001, 'normalized_gamma': 21.0}
{'sample_size': 120, 'difference': 0, 'noise': 1, 'n': 12, 'shap_error': 54.30834473785132, 'shap_norm_sq': 0.01611218830828111, 'weighted_error': 169.7008118036971, 'gamma': 0.3373182985674001, 'normalized_gamma': 21.0}
{'sample_size': 120, 'difference': 0, 'noise': 0.0005, 'n': 12, 'shap_error': 0.14547711223900997, 'shap_norm_sq': 0.0009441629430805183, 'weighted_error': 1.126146862574838, 'gamma': 1.2375002389752618, 'normalized_gamma': 1300.0}
{'sample_size': 120, 'difference': 0, 'noise': 0.001, 'n': 12, 'shap_error': 0.05146896144517409, 'shap_norm_sq': 0.0009441629430805183, 'weighted_error': 1.0444785092996485, 'gamma': 1.2375002389752618, 'normalized_gamma': 1300.0}
{'sample_size': 120, 'difference': 0, 'noise': 0.005, 'n': 12, 'shap_error': 0.07732556246105006, 'shap_norm_sq': 0.0009441629430805183, 'weighted_error': 1.0629186176404546, 'gamma': 1.2375002389752618, 'normalized_gamma': 1300.0}
{'sample_size': 120, 'difference': 0, 'noise': 0.01, 'n': 12, 'shap_error': 0.1289861762876497, 'shap_norm_sq': 0.0009441629430805183, 'weighted_error': 1.0952666219732399, 'gamma': 1.2375002389752618, 'normalized_gamma': 1300.0}
{'sample_size': 120, 'difference': 0, 'noise': 0.05, 'n': 12, 'shap_error': 1.904551443920507, 'shap_norm_sq': 0.0009441629430805183, 'weighted_error': 2.236596714092852, 'gamma': 1.2375002389752618, 'normalized_gamma': 1300.0}
{'sample_size': 120, 'difference': 0, 'noise': 0.1, 'n': 12, 'shap_error': 9.385832294882341, 'shap_norm_sq': 0.0009441629430805183, 'weighted_error': 7.479646004261369, 'gamma': 1.2375002389752618, 'normalized_gamma': 1300.0}
{'sample_size': 120, 'difference': 0, 'noise': 0.5, 'n': 12, 'shap_error': 170.88624888904042, 'shap_norm_sq': 0.0009441629430805183, 'weighted_error': 107.68544170410685, 'gamma': 1.2375002389752618, 'normalized_gamma': 1300.0}
{'sample_size': 120, 'difference': 0, 'noise': 1, 'n': 12, 'shap_error': 958.3298145665442, 'shap_norm_sq': 0.0009441629430805183, 'weighted_error': 666.0930004804347, 'gamma': 1.2375002389752618, 'normalized_gamma': 1300.0}
{'sample_size': 120, 'difference': 0, 'noise': 0.0005, 'n': 12, 'shap_error': 0.00020456733430292275, 'shap_norm_sq': 0.07932903817108211, 'weighted_error': 1.0016595057216835, 'gamma': 0.15579416655489273, 'normalized_gamma': 2.0}
{'sample_size': 120, 'difference': 0, 'noise': 0.001, 'n': 12, 'shap_error': 0.00039739529034274755, 'shap_norm_sq': 0.07932903817108211, 'weighted_error': 1.0032225797711911, 'gamma': 0.15579416655489273, 'normalized_gamma': 2.0}
{'sample_size': 120, 'difference': 0, 'noise': 0.005, 'n': 12, 'shap_error': 0.0003032722456564875, 'shap_norm_sq': 0.07932903817108211, 'weighted_error': 1.0024025631228712, 'gamma': 0.15579416655489273, 'normalized_gamma': 2.0}
{'sample_size': 120, 'difference': 0, 'noise': 0.01, 'n': 12, 'shap_error': 0.0015104372463550333, 'shap_norm_sq': 0.07932903817108211, 'weighted_error': 1.0120231686595174, 'gamma': 0.15579416655489273, 'normalized_gamma': 2.0}
{'sample_size': 120, 'difference': 0, 'noise': 0.05, 'n': 12, 'shap_error': 0.012728350509874668, 'shap_norm_sq': 0.07932903817108211, 'weighted_error': 1.0974359814570482, 'gamma': 0.15579416655489273, 'normalized_gamma': 2.0}
{'sample_size': 120, 'difference': 0, 'noise': 0.1, 'n': 12, 'shap_error': 0.05667595655686376, 'shap_norm_sq': 0.07932903817108211, 'weighted_error': 1.436507589355353, 'gamma': 0.15579416655489273, 'normalized_gamma': 2.0}
{'sample_size': 120, 'difference': 0, 'noise': 0.5, 'n': 12, 'shap_error': 3.172431645110991, 'shap_norm_sq': 0.07932903817108211, 'weighted_error': 26.159106466782898, 'gamma': 0.15579416655489273, 'normalized_gamma': 2.0}
{'sample_size': 120, 'difference': 0, 'noise': 1, 'n': 12, 'shap_error': 5.522308569794855, 'shap_norm_sq': 0.07932903817108211, 'weighted_error': 43.47169586467858, 'gamma': 0.15579416655489273, 'normalized_gamma': 2.0}
{'sample_size': 120, 'difference': 0, 'noise': 0.0005, 'n': 12, 'shap_error': 0.0009015923996681676, 'shap_norm_sq': 0.22200627575780213, 'weighted_error': 1.0020928082235654, 'gamma': 0.5669574197135753, 'normalized_gamma': 2.6}
{'sample_size': 120, 'difference': 0, 'noise': 0.001, 'n': 12, 'shap_error': 0.0005893829690135866, 'shap_norm_sq': 0.22200627575780213, 'weighted_error': 1.0013658488413137, 'gamma': 0.5669574197135753, 'normalized_gamma': 2.6}
{'sample_size': 120, 'difference': 0, 'noise': 0.005, 'n': 12, 'shap_error': 0.0008721386288147239, 'shap_norm_sq': 0.22200627575780213, 'weighted_error': 1.0019581125399895, 'gamma': 0.5669574197135753, 'normalized_gamma': 2.6}
{'sample_size': 120, 'difference': 0, 'noise': 0.01, 'n': 12, 'shap_error': 0.001031168673101952, 'shap_norm_sq': 0.22200627575780213, 'weighted_error': 1.002126432919133, 'gamma': 0.5669574197135753, 'normalized_gamma': 2.6}
{'sample_size': 120, 'difference': 0, 'noise': 0.05, 'n': 12, 'shap_error': 0.00858680122000735, 'shap_norm_sq': 0.22200627575780213, 'weighted_error': 1.0132406736641248, 'gamma': 0.5669574197135753, 'normalized_gamma': 2.6}
{'sample_size': 120, 'difference': 0, 'noise': 0.1, 'n': 12, 'shap_error': 0.029456359003919557, 'shap_norm_sq': 0.22200627575780213, 'weighted_error': 1.0416062783888609, 'gamma': 0.5669574197135753, 'normalized_gamma': 2.6}
{'sample_size': 120, 'difference': 0, 'noise': 0.5, 'n': 12, 'shap_error': 1.6369394710574818, 'shap_norm_sq': 0.22200627575780213, 'weighted_error': 4.131167200249512, 'gamma': 0.5669574197135753, 'normalized_gamma': 2.6}
{'sample_size': 120, 'difference': 0, 'noise': 1, 'n': 12, 'shap_error': 4.495889094632125, 'shap_norm_sq': 0.22200627575780213, 'weighted_error': 8.760275088518075, 'gamma': 0.5669574197135753, 'normalized_gamma': 2.6}
{'sample_size': 120, 'difference': 0, 'noise': 0.0005, 'n': 12, 'shap_error': 0.000684905044800013, 'shap_norm_sq': 0.05597135137190852, 'weighted_error': 1.0054946639198035, 'gamma': 0.14094846504571631, 'normalized_gamma': 2.5}
{'sample_size': 120, 'difference': 0, 'noise': 0.001, 'n': 12, 'shap_error': 0.0012044284517212039, 'shap_norm_sq': 0.05597135137190852, 'weighted_error': 1.0096589173983181, 'gamma': 0.14094846504571631, 'normalized_gamma': 2.5}
{'sample_size': 120, 'difference': 0, 'noise': 0.005, 'n': 12, 'shap_error': 0.0007036740886579817, 'shap_norm_sq': 0.05597135137190852, 'weighted_error': 1.0054852855072804, 'gamma': 0.14094846504571631, 'normalized_gamma': 2.5}
{'sample_size': 120, 'difference': 0, 'noise': 0.01, 'n': 12, 'shap_error': 0.0022706464236265404, 'shap_norm_sq': 0.05597135137190852, 'weighted_error': 1.017575211027661, 'gamma': 0.14094846504571631, 'normalized_gamma': 2.5}
{'sample_size': 120, 'difference': 0, 'noise': 0.05, 'n': 12, 'shap_error': 0.045094994283337866, 'shap_norm_sq': 0.05597135137190852, 'weighted_error': 1.3457205131754115, 'gamma': 0.14094846504571631, 'normalized_gamma': 2.5}
{'sample_size': 120, 'difference': 0, 'noise': 0.1, 'n': 12, 'shap_error': 0.1352336038318319, 'shap_norm_sq': 0.05597135137190852, 'weighted_error': 2.020587983701292, 'gamma': 0.14094846504571631, 'normalized_gamma': 2.5}
{'sample_size': 120, 'difference': 0, 'noise': 0.5, 'n': 12, 'shap_error': 1.2718980323185018, 'shap_norm_sq': 0.05597135137190852, 'weighted_error': 9.590653815953376, 'gamma': 0.14094846504571631, 'normalized_gamma': 2.5}
{'sample_size': 120, 'difference': 0, 'noise': 1, 'n': 12, 'shap_error': 4.691040536646002, 'shap_norm_sq': 0.05597135137190852, 'weighted_error': 32.180329616071646, 'gamma': 0.14094846504571631, 'normalized_gamma': 2.5}
{'sample_size': 120, 'difference': 0, 'noise': 0.0005, 'n': 12, 'shap_error': 0.0016043343271232005, 'shap_norm_sq': 0.0020599155684413294, 'weighted_error': 1.0022510797811577, 'gamma': 0.8202107611818339, 'normalized_gamma': 400.0}
{'sample_size': 120, 'difference': 0, 'noise': 0.001, 'n': 12, 'shap_error': 0.0013628395017259913, 'shap_norm_sq': 0.0020599155684413294, 'weighted_error': 1.001779783538734, 'gamma': 0.8202107611818339, 'normalized_gamma': 400.0}
{'sample_size': 120, 'difference': 0, 'noise': 0.005, 'n': 12, 'shap_error': 0.011259670309217502, 'shap_norm_sq': 0.0020599155684413294, 'weighted_error': 1.0118898600373454, 'gamma': 0.8202107611818339, 'normalized_gamma': 400.0}
{'sample_size': 120, 'difference': 0, 'noise': 0.01, 'n': 12, 'shap_error': 0.08714935690759883, 'shap_norm_sq': 0.0020599155684413294, 'weighted_error': 1.1077491463560611, 'gamma': 0.8202107611818339, 'normalized_gamma': 400.0}
{'sample_size': 120, 'difference': 0, 'noise': 0.05, 'n': 12, 'shap_error': 2.1106643126630127, 'shap_norm_sq': 0.0020599155684413294, 'weighted_error': 3.596434457081138, 'gamma': 0.8202107611818339, 'normalized_gamma': 400.0}
{'sample_size': 120, 'difference': 0, 'noise': 0.1, 'n': 12, 'shap_error': 4.319468343441449, 'shap_norm_sq': 0.0020599155684413294, 'weighted_error': 5.492370602336477, 'gamma': 0.8202107611818339, 'normalized_gamma': 400.0}
{'sample_size': 120, 'difference': 0, 'noise': 0.5, 'n': 12, 'shap_error': 187.37299108441132, 'shap_norm_sq': 0.0020599155684413294, 'weighted_error': 226.77784649877736, 'gamma': 0.8202107611818339, 'normalized_gamma': 400.0}
{'sample_size': 120, 'difference': 0, 'noise': 1, 'n': 12, 'shap_error': 413.65244306597225, 'shap_norm_sq': 0.0020599155684413294, 'weighted_error': 424.0884727339713, 'gamma': 0.8202107611818339, 'normalized_gamma': 400.0}
{'sample_size': 120, 'difference': 0, 'noise': 0.0005, 'n': 12, 'shap_error': 0.0019083553736146989, 'shap_norm_sq': 0.06425485899656536, 'weighted_error': 1.0297371226583472, 'gamma': 0.07562590313553702, 'normalized_gamma': 1.2}
{'sample_size': 120, 'difference': 0, 'noise': 0.001, 'n': 12, 'shap_error': 0.0028555412421167746, 'shap_norm_sq': 0.06425485899656536, 'weighted_error': 1.0444783127801651, 'gamma': 0.07562590313553702, 'normalized_gamma': 1.2}
{'sample_size': 120, 'difference': 0, 'noise': 0.005, 'n': 12, 'shap_error': 0.001428226710537835, 'shap_norm_sq': 0.06425485899656536, 'weighted_error': 1.0215230774359259, 'gamma': 0.07562590313553702, 'normalized_gamma': 1.2}
{'sample_size': 120, 'difference': 0, 'noise': 0.01, 'n': 12, 'shap_error': 0.005962931910322327, 'shap_norm_sq': 0.06425485899656536, 'weighted_error': 1.0899893866230508, 'gamma': 0.07562590313553702, 'normalized_gamma': 1.2}
{'sample_size': 120, 'difference': 0, 'noise': 0.05, 'n': 12, 'shap_error': 0.0457057395301701, 'shap_norm_sq': 0.06425485899656536, 'weighted_error': 1.6386090035803231, 'gamma': 0.07562590313553702, 'normalized_gamma': 1.2}
{'sample_size': 120, 'difference': 0, 'noise': 0.1, 'n': 12, 'shap_error': 0.14936975126147697, 'shap_norm_sq': 0.06425485899656536, 'weighted_error': 3.0330193101789127, 'gamma': 0.07562590313553702, 'normalized_gamma': 1.2}
{'sample_size': 120, 'difference': 0, 'noise': 0.5, 'n': 12, 'shap_error': 2.5910746913827256, 'shap_norm_sq': 0.06425485899656536, 'weighted_error': 34.00752599577145, 'gamma': 0.07562590313553702, 'normalized_gamma': 1.2}
{'sample_size': 120, 'difference': 0, 'noise': 1, 'n': 12, 'shap_error': 8.365085009524925, 'shap_norm_sq': 0.06425485899656536, 'weighted_error': 101.8694547116159, 'gamma': 0.07562590313553702, 'normalized_gamma': 1.2}
{'sample_size': 120, 'difference': 0, 'noise': 0.0005, 'n': 12, 'shap_error': 0.0003114540665537292, 'shap_norm_sq': 0.099927064741304, 'weighted_error': 1.0008455395841382, 'gamma': 0.5669633206044786, 'normalized_gamma': 5.7}
{'sample_size': 120, 'difference': 0, 'noise': 0.001, 'n': 12, 'shap_error': 0.0017716078407684578, 'shap_norm_sq': 0.099927064741304, 'weighted_error': 1.0048098317843233, 'gamma': 0.5669633206044786, 'normalized_gamma': 5.7}
{'sample_size': 120, 'difference': 0, 'noise': 0.005, 'n': 12, 'shap_error': 0.0003775044187245423, 'shap_norm_sq': 0.099927064741304, 'weighted_error': 1.0010143649675196, 'gamma': 0.5669633206044786, 'normalized_gamma': 5.7}
{'sample_size': 120, 'difference': 0, 'noise': 0.01, 'n': 12, 'shap_error': 0.0009538270419346192, 'shap_norm_sq': 0.099927064741304, 'weighted_error': 1.0025473048962856, 'gamma': 0.5669633206044786, 'normalized_gamma': 5.7}
{'sample_size': 120, 'difference': 0, 'noise': 0.05, 'n': 12, 'shap_error': 0.02949684461474301, 'shap_norm_sq': 0.099927064741304, 'weighted_error': 1.0790265564602226, 'gamma': 0.5669633206044786, 'normalized_gamma': 5.7}
{'sample_size': 120, 'difference': 0, 'noise': 0.1, 'n': 12, 'shap_error': 0.03622802733712415, 'shap_norm_sq': 0.099927064741304, 'weighted_error': 1.094112976577844, 'gamma': 0.5669633206044786, 'normalized_gamma': 5.7}
{'sample_size': 120, 'difference': 0, 'noise': 0.5, 'n': 12, 'shap_error': 1.6004719399838392, 'shap_norm_sq': 0.099927064741304, 'weighted_error': 5.239269251530538, 'gamma': 0.5669633206044786, 'normalized_gamma': 5.7}
{'sample_size': 120, 'difference': 0, 'noise': 1, 'n': 12, 'shap_error': 2.9541726411274194, 'shap_norm_sq': 0.099927064741304, 'weighted_error': 8.595826049277884, 'gamma': 0.5669633206044786, 'normalized_gamma': 5.7}
{'sample_size': 120, 'difference': 0, 'noise': 0.0005, 'n': 12, 'shap_error': 0.00201529169168915, 'shap_norm_sq': 0.06982142258378178, 'weighted_error': 1.0171335648030362, 'gamma': 0.1460314567349837, 'normalized_gamma': 2.1}
{'sample_size': 120, 'difference': 0, 'noise': 0.001, 'n': 12, 'shap_error': 0.0007608925137554004, 'shap_norm_sq': 0.06982142258378178, 'weighted_error': 1.0064354578722159, 'gamma': 0.1460314567349837, 'normalized_gamma': 2.1}
{'sample_size': 120, 'difference': 0, 'noise': 0.005, 'n': 12, 'shap_error': 0.0006754607904529301, 'shap_norm_sq': 0.06982142258378178, 'weighted_error': 1.004820840049204, 'gamma': 0.1460314567349837, 'normalized_gamma': 2.1}
{'sample_size': 120, 'difference': 0, 'noise': 0.01, 'n': 12, 'shap_error': 0.0033740113859875784, 'shap_norm_sq': 0.06982142258378178, 'weighted_error': 1.025001191705905, 'gamma': 0.1460314567349837, 'normalized_gamma': 2.1}
{'sample_size': 120, 'difference': 0, 'noise': 0.05, 'n': 12, 'shap_error': 0.06576087142635802, 'shap_norm_sq': 0.06982142258378178, 'weighted_error': 1.4668995907363012, 'gamma': 0.1460314567349837, 'normalized_gamma': 2.1}
{'sample_size': 120, 'difference': 0, 'noise': 0.1, 'n': 12, 'shap_error': 0.3464438087178558, 'shap_norm_sq': 0.06982142258378178, 'weighted_error': 3.577035191905586, 'gamma': 0.1460314567349837, 'normalized_gamma': 2.1}
{'sample_size': 120, 'difference': 0, 'noise': 0.5, 'n': 12, 'shap_error': 4.666199070699371, 'shap_norm_sq': 0.06982142258378178, 'weighted_error': 31.44368225369421, 'gamma': 0.1460314567349837, 'normalized_gamma': 2.1}
{'sample_size': 120, 'difference': 0, 'noise': 1, 'n': 12, 'shap_error': 23.944443646149494, 'shap_norm_sq': 0.06982142258378178, 'weighted_error': 167.68552223426371, 'gamma': 0.1460314567349837, 'normalized_gamma': 2.1}
{'sample_size': 120, 'difference': 0, 'noise': 0.0005, 'n': 12, 'shap_error': 0.0009109556343439752, 'shap_norm_sq': 0.01858869127208251, 'weighted_error': 1.0025216397279777, 'gamma': 0.5925457620608439, 'normalized_gamma': 32.0}
{'sample_size': 120, 'difference': 0, 'noise': 0.001, 'n': 12, 'shap_error': 0.0008584222619562107, 'shap_norm_sq': 0.01858869127208251, 'weighted_error': 1.0023762009025696, 'gamma': 0.5925457620608439, 'normalized_gamma': 32.0}
{'sample_size': 120, 'difference': 0, 'noise': 0.005, 'n': 12, 'shap_error': 0.0011820378323901264, 'shap_norm_sq': 0.01858869127208251, 'weighted_error': 1.003271519934602, 'gamma': 0.5925457620608439, 'normalized_gamma': 32.0}
{'sample_size': 120, 'difference': 0, 'noise': 0.01, 'n': 12, 'shap_error': 0.0030240024363341906, 'shap_norm_sq': 0.01858869127208251, 'weighted_error': 1.0083687555475123, 'gamma': 0.5925457620608439, 'normalized_gamma': 32.0}
{'sample_size': 120, 'difference': 0, 'noise': 0.05, 'n': 12, 'shap_error': 0.10351652841810359, 'shap_norm_sq': 0.01858869127208251, 'weighted_error': 1.2864963585452642, 'gamma': 0.5925457620608439, 'normalized_gamma': 32.0}
{'sample_size': 120, 'difference': 0, 'noise': 0.1, 'n': 12, 'shap_error': 0.35840100068322533, 'shap_norm_sq': 0.01858869127208251, 'weighted_error': 1.9918954591339573, 'gamma': 0.5925457620608439, 'normalized_gamma': 32.0}
{'sample_size': 120, 'difference': 0, 'noise': 0.5, 'n': 12, 'shap_error': 2.4339309560377442, 'shap_norm_sq': 0.01858869127208251, 'weighted_error': 7.732292669616507, 'gamma': 0.5925457620608439, 'normalized_gamma': 32.0}
{'sample_size': 120, 'difference': 0, 'noise': 1, 'n': 12, 'shap_error': 45.458010748007595, 'shap_norm_sq': 0.01858869127208251, 'weighted_error': 126.8132733767264, 'gamma': 0.5925457620608439, 'normalized_gamma': 32.0}
{'sample_size': 120, 'difference': 0, 'noise': 0.0005, 'n': 12, 'shap_error': 0.00511064779446429, 'shap_norm_sq': 0.03706858432595445, 'weighted_error': 1.0158601485788912, 'gamma': 0.3274769315038073, 'normalized_gamma': 8.8}
{'sample_size': 120, 'difference': 0, 'noise': 0.001, 'n': 12, 'shap_error': 0.0037551014122606903, 'shap_norm_sq': 0.03706858432595445, 'weighted_error': 1.0116206856383703, 'gamma': 0.3274769315038073, 'normalized_gamma': 8.8}
{'sample_size': 120, 'difference': 0, 'noise': 0.005, 'n': 12, 'shap_error': 0.002495706885587697, 'shap_norm_sq': 0.03706858432595445, 'weighted_error': 1.0067480665408666, 'gamma': 0.3274769315038073, 'normalized_gamma': 8.8}
{'sample_size': 120, 'difference': 0, 'noise': 0.01, 'n': 12, 'shap_error': 0.007195088706532132, 'shap_norm_sq': 0.03706858432595445, 'weighted_error': 1.0183355980830715, 'gamma': 0.3274769315038073, 'normalized_gamma': 8.8}
{'sample_size': 120, 'difference': 0, 'noise': 0.05, 'n': 12, 'shap_error': 0.07480336843821218, 'shap_norm_sq': 0.03706858432595445, 'weighted_error': 1.1321028665450565, 'gamma': 0.3274769315038073, 'normalized_gamma': 8.8}
{'sample_size': 120, 'difference': 0, 'noise': 0.1, 'n': 12, 'shap_error': 0.5556353542539373, 'shap_norm_sq': 0.03706858432595445, 'weighted_error': 2.324682058697478, 'gamma': 0.3274769315038073, 'normalized_gamma': 8.8}
{'sample_size': 120, 'difference': 0, 'noise': 0.5, 'n': 12, 'shap_error': 6.403547682982101, 'shap_norm_sq': 0.03706858432595445, 'weighted_error': 10.866523533580382, 'gamma': 0.3274769315038073, 'normalized_gamma': 8.8}
{'sample_size': 120, 'difference': 0, 'noise': 1, 'n': 12, 'shap_error': 40.75520460883721, 'shap_norm_sq': 0.03706858432595445, 'weighted_error': 87.48369198233043, 'gamma': 0.3274769315038073, 'normalized_gamma': 8.8}
{'sample_size': 120, 'difference': 0, 'noise': 0.0005, 'n': 12, 'shap_error': 0.00037973771656061006, 'shap_norm_sq': 0.003320776812407898, 'weighted_error': 1.0004427875589608, 'gamma': 0.831352388366863, 'normalized_gamma': 250.0}
{'sample_size': 120, 'difference': 0, 'noise': 0.001, 'n': 12, 'shap_error': 0.0003774218186161205, 'shap_norm_sq': 0.003320776812407898, 'weighted_error': 1.000379485281616, 'gamma': 0.831352388366863, 'normalized_gamma': 250.0}
{'sample_size': 120, 'difference': 0, 'noise': 0.005, 'n': 12, 'shap_error': 0.0059828458864137546, 'shap_norm_sq': 0.003320776812407898, 'weighted_error': 1.0052779230934972, 'gamma': 0.831352388366863, 'normalized_gamma': 250.0}
{'sample_size': 120, 'difference': 0, 'noise': 0.01, 'n': 12, 'shap_error': 0.043131655004779466, 'shap_norm_sq': 0.003320776812407898, 'weighted_error': 1.0445190870002246, 'gamma': 0.831352388366863, 'normalized_gamma': 250.0}
{'sample_size': 120, 'difference': 0, 'noise': 0.05, 'n': 12, 'shap_error': 0.4912166650640086, 'shap_norm_sq': 0.003320776812407898, 'weighted_error': 1.3972645427539432, 'gamma': 0.831352388366863, 'normalized_gamma': 250.0}
{'sample_size': 120, 'difference': 0, 'noise': 0.1, 'n': 12, 'shap_error': 2.471924921612536, 'shap_norm_sq': 0.003320776812407898, 'weighted_error': 3.2072212748324795, 'gamma': 0.831352388366863, 'normalized_gamma': 250.0}
{'sample_size': 120, 'difference': 0, 'noise': 0.5, 'n': 12, 'shap_error': 74.02589819856314, 'shap_norm_sq': 0.003320776812407898, 'weighted_error': 71.0876077628864, 'gamma': 0.831352388366863, 'normalized_gamma': 250.0}
{'sample_size': 120, 'difference': 0, 'noise': 1, 'n': 12, 'shap_error': 274.4543111445972, 'shap_norm_sq': 0.003320776812407898, 'weighted_error': 254.95744335266528, 'gamma': 0.831352388366863, 'normalized_gamma': 250.0}
{'sample_size': 120, 'difference': 0, 'noise': 0.0005, 'n': 12, 'shap_error': 0.028313673870794916, 'shap_norm_sq': 0.0037547963458211845, 'weighted_error': 1.0286347058009073, 'gamma': 1.0855330088427848, 'normalized_gamma': 290.0}
{'sample_size': 120, 'difference': 0, 'noise': 0.001, 'n': 12, 'shap_error': 0.01646642551733637, 'shap_norm_sq': 0.0037547963458211845, 'weighted_error': 1.016638326892329, 'gamma': 1.0855330088427848, 'normalized_gamma': 290.0}
{'sample_size': 120, 'difference': 0, 'noise': 0.005, 'n': 12, 'shap_error': 0.013514423709907372, 'shap_norm_sq': 0.0037547963458211845, 'weighted_error': 1.0132368235084361, 'gamma': 1.0855330088427848, 'normalized_gamma': 290.0}
{'sample_size': 120, 'difference': 0, 'noise': 0.01, 'n': 12, 'shap_error': 0.059858596059467924, 'shap_norm_sq': 0.0037547963458211845, 'weighted_error': 1.0588148728552587, 'gamma': 1.0855330088427848, 'normalized_gamma': 290.0}
{'sample_size': 120, 'difference': 0, 'noise': 0.05, 'n': 12, 'shap_error': 0.8839984086060019, 'shap_norm_sq': 0.0037547963458211845, 'weighted_error': 1.8508676507144353, 'gamma': 1.0855330088427848, 'normalized_gamma': 290.0}
{'sample_size': 120, 'difference': 0, 'noise': 0.1, 'n': 12, 'shap_error': 5.253491802895389, 'shap_norm_sq': 0.0037547963458211845, 'weighted_error': 6.140704441678425, 'gamma': 1.0855330088427848, 'normalized_gamma': 290.0}
{'sample_size': 120, 'difference': 0, 'noise': 0.5, 'n': 12, 'shap_error': 95.01157686672842, 'shap_norm_sq': 0.0037547963458211845, 'weighted_error': 92.77447278330067, 'gamma': 1.0855330088427848, 'normalized_gamma': 290.0}
{'sample_size': 120, 'difference': 0, 'noise': 1, 'n': 12, 'shap_error': 158.64828130580105, 'shap_norm_sq': 0.0037547963458211845, 'weighted_error': 144.15573235844397, 'gamma': 1.0855330088427848, 'normalized_gamma': 290.0}
{'sample_size': 120, 'difference': 0, 'noise': 0.0005, 'n': 12, 'shap_error': 0.0006755864475772242, 'shap_norm_sq': 0.03913879972889525, 'weighted_error': 1.0016396848259774, 'gamma': 0.42285524807284186, 'normalized_gamma': 11.0}
{'sample_size': 120, 'difference': 0, 'noise': 0.001, 'n': 12, 'shap_error': 0.0005947172260968313, 'shap_norm_sq': 0.03913879972889525, 'weighted_error': 1.001442716609702, 'gamma': 0.42285524807284186, 'normalized_gamma': 11.0}
{'sample_size': 120, 'difference': 0, 'noise': 0.005, 'n': 12, 'shap_error': 0.0006903815831897669, 'shap_norm_sq': 0.03913879972889525, 'weighted_error': 1.0016536631465198, 'gamma': 0.42285524807284186, 'normalized_gamma': 11.0}
{'sample_size': 120, 'difference': 0, 'noise': 0.01, 'n': 12, 'shap_error': 0.0038511184754370206, 'shap_norm_sq': 0.03913879972889525, 'weighted_error': 1.0092594969747908, 'gamma': 0.42285524807284186, 'normalized_gamma': 11.0}
{'sample_size': 120, 'difference': 0, 'noise': 0.05, 'n': 12, 'shap_error': 0.04005996956019972, 'shap_norm_sq': 0.03913879972889525, 'weighted_error': 1.095025480728696, 'gamma': 0.42285524807284186, 'normalized_gamma': 11.0}
{'sample_size': 120, 'difference': 0, 'noise': 0.1, 'n': 12, 'shap_error': 0.10393981333358415, 'shap_norm_sq': 0.03913879972889525, 'weighted_error': 1.2434410600333108, 'gamma': 0.42285524807284186, 'normalized_gamma': 11.0}
{'sample_size': 120, 'difference': 0, 'noise': 0.5, 'n': 12, 'shap_error': 6.426172760393191, 'shap_norm_sq': 0.03913879972889525, 'weighted_error': 16.377222729586318, 'gamma': 0.42285524807284186, 'normalized_gamma': 11.0}
{'sample_size': 120, 'difference': 0, 'noise': 1, 'n': 12, 'shap_error': 14.939413788870336, 'shap_norm_sq': 0.03913879972889525, 'weighted_error': 36.37755849393261, 'gamma': 0.42285524807284186, 'normalized_gamma': 11.0}
{'sample_size': 120, 'difference': 0, 'noise': 0.0005, 'n': 12, 'shap_error': 0.0014794046596785185, 'shap_norm_sq': 0.09626096454790481, 'weighted_error': 1.0093168656432407, 'gamma': 0.19039545673513725, 'normalized_gamma': 2.0}
{'sample_size': 120, 'difference': 0, 'noise': 0.001, 'n': 12, 'shap_error': 0.0032170854654700303, 'shap_norm_sq': 0.09626096454790481, 'weighted_error': 1.0202533323097962, 'gamma': 0.19039545673513725, 'normalized_gamma': 2.0}
{'sample_size': 120, 'difference': 0, 'noise': 0.005, 'n': 12, 'shap_error': 0.0009136846832674453, 'shap_norm_sq': 0.09626096454790481, 'weighted_error': 1.0053795868798332, 'gamma': 0.19039545673513725, 'normalized_gamma': 2.0}
{'sample_size': 120, 'difference': 0, 'noise': 0.01, 'n': 12, 'shap_error': 0.0020808689799732836, 'shap_norm_sq': 0.09626096454790481, 'weighted_error': 1.0116025971608107, 'gamma': 0.19039545673513725, 'normalized_gamma': 2.0}
{'sample_size': 120, 'difference': 0, 'noise': 0.05, 'n': 12, 'shap_error': 0.03515512060523185, 'shap_norm_sq': 0.09626096454790481, 'weighted_error': 1.183801545057634, 'gamma': 0.19039545673513725, 'normalized_gamma': 2.0}
{'sample_size': 120, 'difference': 0, 'noise': 0.1, 'n': 12, 'shap_error': 0.221996126736107, 'shap_norm_sq': 0.09626096454790481, 'weighted_error': 2.2478919389481042, 'gamma': 0.19039545673513725, 'normalized_gamma': 2.0}
{'sample_size': 120, 'difference': 0, 'noise': 0.5, 'n': 12, 'shap_error': 3.0729411570371523, 'shap_norm_sq': 0.09626096454790481, 'weighted_error': 16.591840561557284, 'gamma': 0.19039545673513725, 'normalized_gamma': 2.0}
{'sample_size': 120, 'difference': 0, 'noise': 1, 'n': 12, 'shap_error': 16.946246709979974, 'shap_norm_sq': 0.09626096454790481, 'weighted_error': 92.69173120356027, 'gamma': 0.19039545673513725, 'normalized_gamma': 2.0}
{'sample_size': 120, 'difference': 0, 'noise': 0.0005, 'n': 12, 'shap_error': 0.00010523971857894293, 'shap_norm_sq': 0.0014072032586455493, 'weighted_error': 1.000612289563905, 'gamma': 0.21626761822470436, 'normalized_gamma': 150.0}
{'sample_size': 120, 'difference': 0, 'noise': 0.001, 'n': 12, 'shap_error': 0.0011648251930776237, 'shap_norm_sq': 0.0014072032586455493, 'weighted_error': 1.0069099863653506, 'gamma': 0.21626761822470436, 'normalized_gamma': 150.0}
{'sample_size': 120, 'difference': 0, 'noise': 0.005, 'n': 12, 'shap_error': 0.022507699037280147, 'shap_norm_sq': 0.0014072032586455493, 'weighted_error': 1.133093069002543, 'gamma': 0.21626761822470436, 'normalized_gamma': 150.0}
{'sample_size': 120, 'difference': 0, 'noise': 0.01, 'n': 12, 'shap_error': 0.0929308060545387, 'shap_norm_sq': 0.0014072032586455493, 'weighted_error': 1.549762643066571, 'gamma': 0.21626761822470436, 'normalized_gamma': 150.0}
{'sample_size': 120, 'difference': 0, 'noise': 0.05, 'n': 12, 'shap_error': 1.3999426483952457, 'shap_norm_sq': 0.0014072032586455493, 'weighted_error': 9.207060199197056, 'gamma': 0.21626761822470436, 'normalized_gamma': 150.0}
{'sample_size': 120, 'difference': 0, 'noise': 0.1, 'n': 12, 'shap_error': 4.79529178646849, 'shap_norm_sq': 0.0014072032586455493, 'weighted_error': 29.003946897323036, 'gamma': 0.21626761822470436, 'normalized_gamma': 150.0}
{'sample_size': 120, 'difference': 0, 'noise': 0.5, 'n': 12, 'shap_error': 202.70923752541498, 'shap_norm_sq': 0.0014072032586455493, 'weighted_error': 1197.79503565273, 'gamma': 0.21626761822470436, 'normalized_gamma': 150.0}
{'sample_size': 120, 'difference': 0, 'noise': 1, 'n': 12, 'shap_error': 637.6362927182461, 'shap_norm_sq': 0.0014072032586455493, 'weighted_error': 3749.530894601848, 'gamma': 0.21626761822470436, 'normalized_gamma': 150.0}
{'sample_size': 120, 'difference': 0, 'noise': 0.0005, 'n': 12, 'shap_error': 0.003568209571423564, 'shap_norm_sq': 0.0672298597671931, 'weighted_error': 1.017190835399335, 'gamma': 0.2207431811143688, 'normalized_gamma': 3.3}
{'sample_size': 120, 'difference': 0, 'noise': 0.001, 'n': 12, 'shap_error': 0.0009678635497526272, 'shap_norm_sq': 0.0672298597671931, 'weighted_error': 1.0046414169436928, 'gamma': 0.2207431811143688, 'normalized_gamma': 3.3}
{'sample_size': 120, 'difference': 0, 'noise': 0.005, 'n': 12, 'shap_error': 0.0028937651672931042, 'shap_norm_sq': 0.0672298597671931, 'weighted_error': 1.0133686750344626, 'gamma': 0.2207431811143688, 'normalized_gamma': 3.3}
{'sample_size': 120, 'difference': 0, 'noise': 0.01, 'n': 12, 'shap_error': 0.002566683152610261, 'shap_norm_sq': 0.0672298597671931, 'weighted_error': 1.0100601808893006, 'gamma': 0.2207431811143688, 'normalized_gamma': 3.3}
{'sample_size': 120, 'difference': 0, 'noise': 0.05, 'n': 12, 'shap_error': 0.0416841017356631, 'shap_norm_sq': 0.0672298597671931, 'weighted_error': 1.1431508123505851, 'gamma': 0.2207431811143688, 'normalized_gamma': 3.3}
{'sample_size': 120, 'difference': 0, 'noise': 0.1, 'n': 12, 'shap_error': 0.22565460593555156, 'shap_norm_sq': 0.0672298597671931, 'weighted_error': 1.8565533215808887, 'gamma': 0.2207431811143688, 'normalized_gamma': 3.3}
{'sample_size': 120, 'difference': 0, 'noise': 0.5, 'n': 12, 'shap_error': 3.5022547696967936, 'shap_norm_sq': 0.0672298597671931, 'weighted_error': 12.104631929934083, 'gamma': 0.2207431811143688, 'normalized_gamma': 3.3}
{'sample_size': 120, 'difference': 0, 'noise': 1, 'n': 12, 'shap_error': 24.168356287671397, 'shap_norm_sq': 0.0672298597671931, 'weighted_error': 94.38030858223445, 'gamma': 0.2207431811143688, 'normalized_gamma': 3.3}
{'sample_size': 120, 'difference': 0, 'noise': 0.0005, 'n': 12, 'shap_error': 0.0024081774340646727, 'shap_norm_sq': 0.12262098664829399, 'weighted_error': 1.0111578540293378, 'gamma': 0.2599956218443566, 'normalized_gamma': 2.1}
{'sample_size': 120, 'difference': 0, 'noise': 0.001, 'n': 12, 'shap_error': 0.0012099976894884034, 'shap_norm_sq': 0.12262098664829399, 'weighted_error': 1.005601377093315, 'gamma': 0.2599956218443566, 'normalized_gamma': 2.1}
{'sample_size': 120, 'difference': 0, 'noise': 0.005, 'n': 12, 'shap_error': 0.002339942945815389, 'shap_norm_sq': 0.12262098664829399, 'weighted_error': 1.0107020529971662, 'gamma': 0.2599956218443566, 'normalized_gamma': 2.1}
{'sample_size': 120, 'difference': 0, 'noise': 0.01, 'n': 12, 'shap_error': 0.003484809909980924, 'shap_norm_sq': 0.12262098664829399, 'weighted_error': 1.0155844551818394, 'gamma': 0.2599956218443566, 'normalized_gamma': 2.1}
{'sample_size': 120, 'difference': 0, 'noise': 0.05, 'n': 12, 'shap_error': 0.027418253359031974, 'shap_norm_sq': 0.12262098664829399, 'weighted_error': 1.112957839777271, 'gamma': 0.2599956218443566, 'normalized_gamma': 2.1}
{'sample_size': 120, 'difference': 0, 'noise': 0.1, 'n': 12, 'shap_error': 0.06495131485478445, 'shap_norm_sq': 0.12262098664829399, 'weighted_error': 1.2445958450356172, 'gamma': 0.2599956218443566, 'normalized_gamma': 2.1}
{'sample_size': 120, 'difference': 0, 'noise': 0.5, 'n': 12, 'shap_error': 2.0952347861778646, 'shap_norm_sq': 0.12262098664829399, 'weighted_error': 9.299555626948319, 'gamma': 0.2599956218443566, 'normalized_gamma': 2.1}
{'sample_size': 120, 'difference': 0, 'noise': 1, 'n': 12, 'shap_error': 3.99752283025694, 'shap_norm_sq': 0.12262098664829399, 'weighted_error': 13.885953179243751, 'gamma': 0.2599956218443566, 'normalized_gamma': 2.1}
{'sample_size': 120, 'difference': 0, 'noise': 0.0005, 'n': 12, 'shap_error': 0.0038229039311970118, 'shap_norm_sq': 0.0009617704273857965, 'weighted_error': 1.0027322705009936, 'gamma': 1.7263822427589122, 'normalized_gamma': 1800.0}
{'sample_size': 120, 'difference': 0, 'noise': 0.001, 'n': 12, 'shap_error': 0.007509917866330832, 'shap_norm_sq': 0.0009617704273857965, 'weighted_error': 1.0053473795160837, 'gamma': 1.7263822427589122, 'normalized_gamma': 1800.0}
{'sample_size': 120, 'difference': 0, 'noise': 0.005, 'n': 12, 'shap_error': 0.033022168629973626, 'shap_norm_sq': 0.0009617704273857965, 'weighted_error': 1.0227021471888889, 'gamma': 1.7263822427589122, 'normalized_gamma': 1800.0}
{'sample_size': 120, 'difference': 0, 'noise': 0.01, 'n': 12, 'shap_error': 0.09181744597597995, 'shap_norm_sq': 0.0009617704273857965, 'weighted_error': 1.0619226062336553, 'gamma': 1.7263822427589122, 'normalized_gamma': 1800.0}
{'sample_size': 120, 'difference': 0, 'noise': 0.05, 'n': 12, 'shap_error': 2.250149769771357, 'shap_norm_sq': 0.0009617704273857965, 'weighted_error': 2.5155818181921874, 'gamma': 1.7263822427589122, 'normalized_gamma': 1800.0}
{'sample_size': 120, 'difference': 0, 'noise': 0.1, 'n': 12, 'shap_error': 5.682029445902387, 'shap_norm_sq': 0.0009617704273857965, 'weighted_error': 4.681969916609666, 'gamma': 1.7263822427589122, 'normalized_gamma': 1800.0}
{'sample_size': 120, 'difference': 0, 'noise': 0.5, 'n': 12, 'shap_error': 71.16598875573722, 'shap_norm_sq': 0.0009617704273857965, 'weighted_error': 42.20473478624745, 'gamma': 1.7263822427589122, 'normalized_gamma': 1800.0}
{'sample_size': 120, 'difference': 0, 'noise': 1, 'n': 12, 'shap_error': 679.2381907151616, 'shap_norm_sq': 0.0009617704273857965, 'weighted_error': 448.8408205956574, 'gamma': 1.7263822427589122, 'normalized_gamma': 1800.0}
{'sample_size': 120, 'difference': 0, 'noise': 0.0005, 'n': 12, 'shap_error': 0.0015512522404535524, 'shap_norm_sq': 0.04927145524290314, 'weighted_error': 1.010181320313766, 'gamma': 0.1863138918311252, 'normalized_gamma': 3.8}
{'sample_size': 120, 'difference': 0, 'noise': 0.001, 'n': 12, 'shap_error': 0.0026593960269373144, 'shap_norm_sq': 0.04927145524290314, 'weighted_error': 1.0174381147781544, 'gamma': 0.1863138918311252, 'normalized_gamma': 3.8}
{'sample_size': 120, 'difference': 0, 'noise': 0.005, 'n': 12, 'shap_error': 0.002515421512185065, 'shap_norm_sq': 0.04927145524290314, 'weighted_error': 1.015803041933293, 'gamma': 0.1863138918311252, 'normalized_gamma': 3.8}
{'sample_size': 120, 'difference': 0, 'noise': 0.01, 'n': 12, 'shap_error': 0.0035578414487345603, 'shap_norm_sq': 0.04927145524290314, 'weighted_error': 1.020495546491398, 'gamma': 0.1863138918311252, 'normalized_gamma': 3.8}
{'sample_size': 120, 'difference': 0, 'noise': 0.05, 'n': 12, 'shap_error': 0.12638984082948357, 'shap_norm_sq': 0.04927145524290314, 'weighted_error': 1.7583202082677314, 'gamma': 0.1863138918311252, 'normalized_gamma': 3.8}
{'sample_size': 120, 'difference': 0, 'noise': 0.1, 'n': 12, 'shap_error': 0.27616176329981196, 'shap_norm_sq': 0.04927145524290314, 'weighted_error': 2.526613829288827, 'gamma': 0.1863138918311252, 'normalized_gamma': 3.8}
{'sample_size': 120, 'difference': 0, 'noise': 0.5, 'n': 12, 'shap_error': 4.95596797939355, 'shap_norm_sq': 0.04927145524290314, 'weighted_error': 26.370513181522092, 'gamma': 0.1863138918311252, 'normalized_gamma': 3.8}
{'sample_size': 120, 'difference': 0, 'noise': 1, 'n': 12, 'shap_error': 26.488835133016625, 'shap_norm_sq': 0.04927145524290314, 'weighted_error': 146.2570740839882, 'gamma': 0.1863138918311252, 'normalized_gamma': 3.8}
{'sample_size': 120, 'difference': 0, 'noise': 0.0005, 'n': 12, 'shap_error': 0.011595849783543704, 'shap_norm_sq': 0.011820624614555637, 'weighted_error': 1.0214993271851802, 'gamma': 0.5861537131145687, 'normalized_gamma': 50.0}
{'sample_size': 120, 'difference': 0, 'noise': 0.001, 'n': 12, 'shap_error': 0.027568145745872272, 'shap_norm_sq': 0.011820624614555637, 'weighted_error': 1.0511118049170443, 'gamma': 0.5861537131145687, 'normalized_gamma': 50.0}
{'sample_size': 120, 'difference': 0, 'noise': 0.005, 'n': 12, 'shap_error': 0.02291006279176742, 'shap_norm_sq': 0.011820624614555637, 'weighted_error': 1.042415175204316, 'gamma': 0.5861537131145687, 'normalized_gamma': 50.0}
{'sample_size': 120, 'difference': 0, 'noise': 0.01, 'n': 12, 'shap_error': 0.03487749105283507, 'shap_norm_sq': 0.011820624614555637, 'weighted_error': 1.0644165137643253, 'gamma': 0.5861537131145687, 'normalized_gamma': 50.0}
{'sample_size': 120, 'difference': 0, 'noise': 0.05, 'n': 12, 'shap_error': 0.17509473505265147, 'shap_norm_sq': 0.011820624614555637, 'weighted_error': 1.318392304826079, 'gamma': 0.5861537131145687, 'normalized_gamma': 50.0}
{'sample_size': 120, 'difference': 0, 'noise': 0.1, 'n': 12, 'shap_error': 1.8975039879467748, 'shap_norm_sq': 0.011820624614555637, 'weighted_error': 4.49316731450911, 'gamma': 0.5861537131145687, 'normalized_gamma': 50.0}
{'sample_size': 120, 'difference': 0, 'noise': 0.5, 'n': 12, 'shap_error': 13.125467651529009, 'shap_norm_sq': 0.011820624614555637, 'weighted_error': 24.71081686021927, 'gamma': 0.5861537131145687, 'normalized_gamma': 50.0}
{'sample_size': 120, 'difference': 0, 'noise': 1, 'n': 12, 'shap_error': 64.06747450076327, 'shap_norm_sq': 0.011820624614555637, 'weighted_error': 117.28713629721311, 'gamma': 0.5861537131145687, 'normalized_gamma': 50.0}
{'sample_size': 120, 'difference': 0, 'noise': 0.0005, 'n': 12, 'shap_error': 0.0008539907998005666, 'shap_norm_sq': 0.11260169117972427, 'weighted_error': 1.0034226652566165, 'gamma': 0.3318816962002491, 'normalized_gamma': 2.9}
{'sample_size': 120, 'difference': 0, 'noise': 0.001, 'n': 12, 'shap_error': 0.002753700366180773, 'shap_norm_sq': 0.11260169117972427, 'weighted_error': 1.0110361888745074, 'gamma': 0.3318816962002491, 'normalized_gamma': 2.9}
{'sample_size': 120, 'difference': 0, 'noise': 0.005, 'n': 12, 'shap_error': 0.0009484738764160885, 'shap_norm_sq': 0.11260169117972427, 'weighted_error': 1.0037778297115323, 'gamma': 0.3318816962002491, 'normalized_gamma': 2.9}
{'sample_size': 120, 'difference': 0, 'noise': 0.01, 'n': 12, 'shap_error': 0.0018640312514264397, 'shap_norm_sq': 0.11260169117972427, 'weighted_error': 1.0073762845737686, 'gamma': 0.3318816962002491, 'normalized_gamma': 2.9}
{'sample_size': 120, 'difference': 0, 'noise': 0.05, 'n': 12, 'shap_error': 0.0319583448959297, 'shap_norm_sq': 0.11260169117972427, 'weighted_error': 1.1257182637735446, 'gamma': 0.3318816962002491, 'normalized_gamma': 2.9}
{'sample_size': 120, 'difference': 0, 'noise': 0.1, 'n': 12, 'shap_error': 0.12684723072687182, 'shap_norm_sq': 0.11260169117972427, 'weighted_error': 1.4989201292407879, 'gamma': 0.3318816962002491, 'normalized_gamma': 2.9}
{'sample_size': 120, 'difference': 0, 'noise': 0.5, 'n': 12, 'shap_error': 3.6964295568459558, 'shap_norm_sq': 0.11260169117972427, 'weighted_error': 15.57825127391588, 'gamma': 0.3318816962002491, 'normalized_gamma': 2.9}
{'sample_size': 120, 'difference': 0, 'noise': 1, 'n': 12, 'shap_error': 14.150487388156568, 'shap_norm_sq': 0.11260169117972427, 'weighted_error': 56.76694027361345, 'gamma': 0.3318816962002491, 'normalized_gamma': 2.9}
{'sample_size': 120, 'difference': 0, 'noise': 0.0005, 'n': 12, 'shap_error': 0.0014211106497498767, 'shap_norm_sq': 0.05030418141157239, 'weighted_error': 1.0126010193165322, 'gamma': 0.12049972440816258, 'normalized_gamma': 2.4}
{'sample_size': 120, 'difference': 0, 'noise': 0.001, 'n': 12, 'shap_error': 0.0032541028214867172, 'shap_norm_sq': 0.05030418141157239, 'weighted_error': 1.0288522920273548, 'gamma': 0.12049972440816258, 'normalized_gamma': 2.4}
{'sample_size': 120, 'difference': 0, 'noise': 0.005, 'n': 12, 'shap_error': 0.0008943965012542171, 'shap_norm_sq': 0.05030418141157239, 'weighted_error': 1.0078122124049151, 'gamma': 0.12049972440816258, 'normalized_gamma': 2.4}
{'sample_size': 120, 'difference': 0, 'noise': 0.01, 'n': 12, 'shap_error': 0.0013314908203665365, 'shap_norm_sq': 0.05030418141157239, 'weighted_error': 1.01133071903424, 'gamma': 0.12049972440816258, 'normalized_gamma': 2.4}
{'sample_size': 120, 'difference': 0, 'noise': 0.05, 'n': 12, 'shap_error': 0.033897936987572395, 'shap_norm_sq': 0.05030418141157239, 'weighted_error': 1.288683301755544, 'gamma': 0.12049972440816258, 'normalized_gamma': 2.4}
{'sample_size': 120, 'difference': 0, 'noise': 0.1, 'n': 12, 'shap_error': 0.1868997427583586, 'shap_norm_sq': 0.05030418141157239, 'weighted_error': 2.609726553250101, 'gamma': 0.12049972440816258, 'normalized_gamma': 2.4}
{'sample_size': 120, 'difference': 0, 'noise': 0.5, 'n': 12, 'shap_error': 3.331268075678561, 'shap_norm_sq': 0.05030418141157239, 'weighted_error': 29.34932584765038, 'gamma': 0.12049972440816258, 'normalized_gamma': 2.4}
{'sample_size': 120, 'difference': 0, 'noise': 1, 'n': 12, 'shap_error': 6.858911475944247, 'shap_norm_sq': 0.05030418141157239, 'weighted_error': 57.0561306661487, 'gamma': 0.12049972440816258, 'normalized_gamma': 2.4}
{'sample_size': 120, 'difference': 0, 'noise': 0.0005, 'n': 12, 'shap_error': 0.0006859653320822688, 'shap_norm_sq': 0.10111885764436053, 'weighted_error': 1.0039819682925641, 'gamma': 0.21615198301180782, 'normalized_gamma': 2.1}
{'sample_size': 120, 'difference': 0, 'noise': 0.001, 'n': 12, 'shap_error': 0.0008151970269202272, 'shap_norm_sq': 0.10111885764436053, 'weighted_error': 1.0047320210906605, 'gamma': 0.21615198301180782, 'normalized_gamma': 2.1}
{'sample_size': 120, 'difference': 0, 'noise': 0.005, 'n': 12, 'shap_error': 0.0009052911224887458, 'shap_norm_sq': 0.10111885764436053, 'weighted_error': 1.0052507477612167, 'gamma': 0.21615198301180782, 'normalized_gamma': 2.1}
{'sample_size': 120, 'difference': 0, 'noise': 0.01, 'n': 12, 'shap_error': 0.0022289364630465685, 'shap_norm_sq': 0.10111885764436053, 'weighted_error': 1.01292115142429, 'gamma': 0.21615198301180782, 'normalized_gamma': 2.1}
{'sample_size': 120, 'difference': 0, 'noise': 0.05, 'n': 12, 'shap_error': 0.01922327537775312, 'shap_norm_sq': 0.10111885764436053, 'weighted_error': 1.111146655336893, 'gamma': 0.21615198301180782, 'normalized_gamma': 2.1}
{'sample_size': 120, 'difference': 0, 'noise': 0.1, 'n': 12, 'shap_error': 0.16831381184708746, 'shap_norm_sq': 0.10111885764436053, 'weighted_error': 1.9752814253779323, 'gamma': 0.21615198301180782, 'normalized_gamma': 2.1}
{'sample_size': 120, 'difference': 0, 'noise': 0.5, 'n': 12, 'shap_error': 6.072062623808455, 'shap_norm_sq': 0.10111885764436053, 'weighted_error': 36.20375758987361, 'gamma': 0.21615198301180782, 'normalized_gamma': 2.1}
{'sample_size': 120, 'difference': 0, 'noise': 1, 'n': 12, 'shap_error': 8.002052162505228, 'shap_norm_sq': 0.10111885764436053, 'weighted_error': 47.274092314617604, 'gamma': 0.21615198301180782, 'normalized_gamma': 2.1}
{'sample_size': 120, 'difference': 0, 'noise': 0.0005, 'n': 12, 'shap_error': 0.0016191374358025875, 'shap_norm_sq': 0.33174130120892464, 'weighted_error': 1.0037240651509303, 'gamma': 0.6237695988493525, 'normalized_gamma': 1.9}
{'sample_size': 120, 'difference': 0, 'noise': 0.001, 'n': 12, 'shap_error': 0.001417347440282926, 'shap_norm_sq': 0.33174130120892464, 'weighted_error': 1.0032596887024372, 'gamma': 0.6237695988493525, 'normalized_gamma': 1.9}
{'sample_size': 120, 'difference': 0, 'noise': 0.005, 'n': 12, 'shap_error': 0.002877011517992744, 'shap_norm_sq': 0.33174130120892464, 'weighted_error': 1.0066090873107179, 'gamma': 0.6237695988493525, 'normalized_gamma': 1.9}
{'sample_size': 120, 'difference': 0, 'noise': 0.01, 'n': 12, 'shap_error': 0.0033635151612824805, 'shap_norm_sq': 0.33174130120892464, 'weighted_error': 1.007703243695629, 'gamma': 0.6237695988493525, 'normalized_gamma': 1.9}
{'sample_size': 120, 'difference': 0, 'noise': 0.05, 'n': 12, 'shap_error': 0.007893612530173141, 'shap_norm_sq': 0.33174130120892464, 'weighted_error': 1.0173284654393402, 'gamma': 0.6237695988493525, 'normalized_gamma': 1.9}
{'sample_size': 120, 'difference': 0, 'noise': 0.1, 'n': 12, 'shap_error': 0.0638870436454655, 'shap_norm_sq': 0.33174130120892464, 'weighted_error': 1.1436355087432701, 'gamma': 0.6237695988493525, 'normalized_gamma': 1.9}
{'sample_size': 120, 'difference': 0, 'noise': 0.5, 'n': 12, 'shap_error': 0.34256383719354566, 'shap_norm_sq': 0.33174130120892464, 'weighted_error': 1.7051787232632094, 'gamma': 0.6237695988493525, 'normalized_gamma': 1.9}
{'sample_size': 120, 'difference': 0, 'noise': 1, 'n': 12, 'shap_error': 2.932077189919902, 'shap_norm_sq': 0.33174130120892464, 'weighted_error': 7.4130308865402315, 'gamma': 0.6237695988493525, 'normalized_gamma': 1.9}
{'sample_size': 120, 'difference': 0, 'noise': 0.0005, 'n': 12, 'shap_error': 0.0031310666293741553, 'shap_norm_sq': 0.051618335630334695, 'weighted_error': 1.0080422991482845, 'gamma': 0.40459089079516825, 'normalized_gamma': 7.8}
{'sample_size': 120, 'difference': 0, 'noise': 0.001, 'n': 12, 'shap_error': 0.0063257601523299374, 'shap_norm_sq': 0.051618335630334695, 'weighted_error': 1.0162330130083388, 'gamma': 0.40459089079516825, 'normalized_gamma': 7.8}
{'sample_size': 120, 'difference': 0, 'noise': 0.005, 'n': 12, 'shap_error': 0.008517395350323243, 'shap_norm_sq': 0.051618335630334695, 'weighted_error': 1.0211378707880001, 'gamma': 0.40459089079516825, 'normalized_gamma': 7.8}
{'sample_size': 120, 'difference': 0, 'noise': 0.01, 'n': 12, 'shap_error': 0.007593092085196805, 'shap_norm_sq': 0.051618335630334695, 'weighted_error': 1.0164810796208659, 'gamma': 0.40459089079516825, 'normalized_gamma': 7.8}
{'sample_size': 120, 'difference': 0, 'noise': 0.05, 'n': 12, 'shap_error': 0.2173868730379926, 'shap_norm_sq': 0.051618335630334695, 'weighted_error': 1.4828819882390312, 'gamma': 0.40459089079516825, 'normalized_gamma': 7.8}
{'sample_size': 120, 'difference': 0, 'noise': 0.1, 'n': 12, 'shap_error': 0.6981840146760961, 'shap_norm_sq': 0.051618335630334695, 'weighted_error': 2.490955853761114, 'gamma': 0.40459089079516825, 'normalized_gamma': 7.8}
{'sample_size': 120, 'difference': 0, 'noise': 0.5, 'n': 12, 'shap_error': 21.770965787860764, 'shap_norm_sq': 0.051618335630334695, 'weighted_error': 49.37117348821394, 'gamma': 0.40459089079516825, 'normalized_gamma': 7.8}
{'sample_size': 120, 'difference': 0, 'noise': 1, 'n': 12, 'shap_error': 36.30745000285427, 'shap_norm_sq': 0.051618335630334695, 'weighted_error': 63.93962521962306, 'gamma': 0.40459089079516825, 'normalized_gamma': 7.8}
{'sample_size': 120, 'difference': 0, 'noise': 0.0005, 'n': 12, 'shap_error': 0.0025573807914468826, 'shap_norm_sq': 0.03595907316545765, 'weighted_error': 1.005023576483024, 'gamma': 0.5217341409067993, 'normalized_gamma': 15.0}
{'sample_size': 120, 'difference': 0, 'noise': 0.001, 'n': 12, 'shap_error': 0.0008591606171067083, 'shap_norm_sq': 0.03595907316545765, 'weighted_error': 1.001687672566651, 'gamma': 0.5217341409067993, 'normalized_gamma': 15.0}
{'sample_size': 120, 'difference': 0, 'noise': 0.005, 'n': 12, 'shap_error': 0.0014072198343160253, 'shap_norm_sq': 0.03595907316545765, 'weighted_error': 1.0027641856072602, 'gamma': 0.5217341409067993, 'normalized_gamma': 15.0}
{'sample_size': 120, 'difference': 0, 'noise': 0.01, 'n': 12, 'shap_error': 0.0020769964685254136, 'shap_norm_sq': 0.03595907316545765, 'weighted_error': 1.0040796601618742, 'gamma': 0.5217341409067993, 'normalized_gamma': 15.0}
{'sample_size': 120, 'difference': 0, 'noise': 0.05, 'n': 12, 'shap_error': 0.023435622888367584, 'shap_norm_sq': 0.03595907316545765, 'weighted_error': 1.0460288740479387, 'gamma': 0.5217341409067993, 'normalized_gamma': 15.0}
{'sample_size': 120, 'difference': 0, 'noise': 0.1, 'n': 12, 'shap_error': 0.23582799734966134, 'shap_norm_sq': 0.03595907316545765, 'weighted_error': 1.463219800400697, 'gamma': 0.5217341409067993, 'normalized_gamma': 15.0}
{'sample_size': 120, 'difference': 0, 'noise': 0.5, 'n': 12, 'shap_error': 4.971915474655353, 'shap_norm_sq': 0.03595907316545765, 'weighted_error': 10.765868959694865, 'gamma': 0.5217341409067993, 'normalized_gamma': 15.0}
{'sample_size': 120, 'difference': 0, 'noise': 1, 'n': 12, 'shap_error': 10.355544056806277, 'shap_norm_sq': 0.03595907316545765, 'weighted_error': 21.33914850471537, 'gamma': 0.5217341409067993, 'normalized_gamma': 15.0}
{'sample_size': 120, 'difference': 0, 'noise': 0.0005, 'n': 12, 'shap_error': 0.004476468435316416, 'shap_norm_sq': 0.0007995286194036965, 'weighted_error': 1.0053071106894662, 'gamma': 0.8535331812443461, 'normalized_gamma': 1100.0}
{'sample_size': 120, 'difference': 0, 'noise': 0.001, 'n': 12, 'shap_error': 0.010049744547199013, 'shap_norm_sq': 0.0007995286194036965, 'weighted_error': 1.0114879528602385, 'gamma': 0.8535331812443461, 'normalized_gamma': 1100.0}
{'sample_size': 120, 'difference': 0, 'noise': 0.005, 'n': 12, 'shap_error': 0.06616790445398499, 'shap_norm_sq': 0.0007995286194036965, 'weighted_error': 1.0577313602127694, 'gamma': 0.8535331812443461, 'normalized_gamma': 1100.0}
{'sample_size': 120, 'difference': 0, 'noise': 0.01, 'n': 12, 'shap_error': 0.31219484796769686, 'shap_norm_sq': 0.0007995286194036965, 'weighted_error': 1.2898476948841622, 'gamma': 0.8535331812443461, 'normalized_gamma': 1100.0}
{'sample_size': 120, 'difference': 0, 'noise': 0.05, 'n': 12, 'shap_error': 5.664128447087847, 'shap_norm_sq': 0.0007995286194036965, 'weighted_error': 5.59197020671619, 'gamma': 0.8535331812443461, 'normalized_gamma': 1100.0}
{'sample_size': 120, 'difference': 0, 'noise': 0.1, 'n': 12, 'shap_error': 39.693415779699286, 'shap_norm_sq': 0.0007995286194036965, 'weighted_error': 40.49127276310021, 'gamma': 0.8535331812443461, 'normalized_gamma': 1100.0}
{'sample_size': 120, 'difference': 0, 'noise': 0.5, 'n': 12, 'shap_error': 877.6601235664635, 'shap_norm_sq': 0.0007995286194036965, 'weighted_error': 846.1004236234551, 'gamma': 0.8535331812443461, 'normalized_gamma': 1100.0}
{'sample_size': 120, 'difference': 0, 'noise': 1, 'n': 12, 'shap_error': 1820.1927282777535, 'shap_norm_sq': 0.0007995286194036965, 'weighted_error': 1285.481383361552, 'gamma': 0.8535331812443461, 'normalized_gamma': 1100.0}
{'sample_size': 120, 'difference': 0, 'noise': 0.0005, 'n': 12, 'shap_error': 0.00040607014186705935, 'shap_norm_sq': 0.49774985931967897, 'weighted_error': 1.0028102846485119, 'gamma': 0.17467781149116035, 'normalized_gamma': 0.35}
{'sample_size': 120, 'difference': 0, 'noise': 0.001, 'n': 12, 'shap_error': 0.0006083021326524229, 'shap_norm_sq': 0.49774985931967897, 'weighted_error': 1.0042098173868061, 'gamma': 0.17467781149116035, 'normalized_gamma': 0.35}
{'sample_size': 120, 'difference': 0, 'noise': 0.005, 'n': 12, 'shap_error': 0.0002965046879452815, 'shap_norm_sq': 0.49774985931967897, 'weighted_error': 1.0020494940740823, 'gamma': 0.17467781149116035, 'normalized_gamma': 0.35}
{'sample_size': 120, 'difference': 0, 'noise': 0.01, 'n': 12, 'shap_error': 0.0009512942015137007, 'shap_norm_sq': 0.49774985931967897, 'weighted_error': 1.006573621571524, 'gamma': 0.17467781149116035, 'normalized_gamma': 0.35}
{'sample_size': 120, 'difference': 0, 'noise': 0.05, 'n': 12, 'shap_error': 0.004044319226804231, 'shap_norm_sq': 0.49774985931967897, 'weighted_error': 1.0277394084432816, 'gamma': 0.17467781149116035, 'normalized_gamma': 0.35}
{'sample_size': 120, 'difference': 0, 'noise': 0.1, 'n': 12, 'shap_error': 0.023654245037370097, 'shap_norm_sq': 0.49774985931967897, 'weighted_error': 1.1627035466777886, 'gamma': 0.17467781149116035, 'normalized_gamma': 0.35}
{'sample_size': 120, 'difference': 0, 'noise': 0.5, 'n': 12, 'shap_error': 0.3907139659755995, 'shap_norm_sq': 0.49774985931967897, 'weighted_error': 3.679015827986748, 'gamma': 0.17467781149116035, 'normalized_gamma': 0.35}
{'sample_size': 120, 'difference': 0, 'noise': 1, 'n': 12, 'shap_error': 2.549423623583191, 'shap_norm_sq': 0.49774985931967897, 'weighted_error': 18.543769756202572, 'gamma': 0.17467781149116035, 'normalized_gamma': 0.35}
{'sample_size': 120, 'difference': 0, 'noise': 0.0005, 'n': 12, 'shap_error': 0.001209542556250067, 'shap_norm_sq': 0.006670305781087802, 'weighted_error': 1.0022440757936741, 'gamma': 0.7065985139358123, 'normalized_gamma': 110.0}
{'sample_size': 120, 'difference': 0, 'noise': 0.001, 'n': 12, 'shap_error': 0.0005875958437172699, 'shap_norm_sq': 0.006670305781087802, 'weighted_error': 1.000862864173754, 'gamma': 0.7065985139358123, 'normalized_gamma': 110.0}
{'sample_size': 120, 'difference': 0, 'noise': 0.005, 'n': 12, 'shap_error': 0.012131282069473075, 'shap_norm_sq': 0.006670305781087802, 'weighted_error': 1.0166877224790367, 'gamma': 0.7065985139358123, 'normalized_gamma': 110.0}
{'sample_size': 120, 'difference': 0, 'noise': 0.01, 'n': 12, 'shap_error': 0.052778751240668574, 'shap_norm_sq': 0.006670305781087802, 'weighted_error': 1.074870225987722, 'gamma': 0.7065985139358123, 'normalized_gamma': 110.0}
{'sample_size': 120, 'difference': 0, 'noise': 0.05, 'n': 12, 'shap_error': 1.13655483987244, 'shap_norm_sq': 0.006670305781087802, 'weighted_error': 2.522612939553004, 'gamma': 0.7065985139358123, 'normalized_gamma': 110.0}
{'sample_size': 120, 'difference': 0, 'noise': 0.1, 'n': 12, 'shap_error': 3.130731350271351, 'shap_norm_sq': 0.006670305781087802, 'weighted_error': 4.388598138866348, 'gamma': 0.7065985139358123, 'normalized_gamma': 110.0}
{'sample_size': 120, 'difference': 0, 'noise': 0.5, 'n': 12, 'shap_error': 64.42667960571364, 'shap_norm_sq': 0.006670305781087802, 'weighted_error': 59.294377580752275, 'gamma': 0.7065985139358123, 'normalized_gamma': 110.0}
{'sample_size': 120, 'difference': 0, 'noise': 1, 'n': 12, 'shap_error': 515.6287270277999, 'shap_norm_sq': 0.006670305781087802, 'weighted_error': 726.4937694016735, 'gamma': 0.7065985139358123, 'normalized_gamma': 110.0}
{'sample_size': 120, 'difference': 0, 'noise': 0.0005, 'n': 12, 'shap_error': 0.0032248093157926597, 'shap_norm_sq': 0.00204011308004558, 'weighted_error': 1.0036202879970328, 'gamma': 1.1396389937643634, 'normalized_gamma': 560.0}
{'sample_size': 120, 'difference': 0, 'noise': 0.001, 'n': 12, 'shap_error': 0.00452141325788562, 'shap_norm_sq': 0.00204011308004558, 'weighted_error': 1.0050718730947985, 'gamma': 1.1396389937643634, 'normalized_gamma': 560.0}
{'sample_size': 120, 'difference': 0, 'noise': 0.005, 'n': 12, 'shap_error': 0.01096540175631299, 'shap_norm_sq': 0.00204011308004558, 'weighted_error': 1.0121605023305242, 'gamma': 1.1396389937643634, 'normalized_gamma': 560.0}
{'sample_size': 120, 'difference': 0, 'noise': 0.01, 'n': 12, 'shap_error': 0.036143125296842604, 'shap_norm_sq': 0.00204011308004558, 'weighted_error': 1.0399732274901268, 'gamma': 1.1396389937643634, 'normalized_gamma': 560.0}
{'sample_size': 120, 'difference': 0, 'noise': 0.05, 'n': 12, 'shap_error': 1.7639522747936485, 'shap_norm_sq': 0.00204011308004558, 'weighted_error': 2.9656331366868636, 'gamma': 1.1396389937643634, 'normalized_gamma': 560.0}
{'sample_size': 120, 'difference': 0, 'noise': 0.1, 'n': 12, 'shap_error': 3.1016265832363805, 'shap_norm_sq': 0.00204011308004558, 'weighted_error': 4.421519906781258, 'gamma': 1.1396389937643634, 'normalized_gamma': 560.0}
{'sample_size': 120, 'difference': 0, 'noise': 0.5, 'n': 12, 'shap_error': 81.31274118097475, 'shap_norm_sq': 0.00204011308004558, 'weighted_error': 90.77447825838604, 'gamma': 1.1396389937643634, 'normalized_gamma': 560.0}
{'sample_size': 120, 'difference': 0, 'noise': 1, 'n': 12, 'shap_error': 257.39864816669564, 'shap_norm_sq': 0.00204011308004558, 'weighted_error': 283.8917822245265, 'gamma': 1.1396389937643634, 'normalized_gamma': 560.0}
{'sample_size': 120, 'difference': 0, 'noise': 0.0005, 'n': 12, 'shap_error': 0.016274449122440967, 'shap_norm_sq': 0.0020802566602557545, 'weighted_error': 1.0393567689926988, 'gamma': 0.4161344503328483, 'normalized_gamma': 200.0}
{'sample_size': 120, 'difference': 0, 'noise': 0.001, 'n': 12, 'shap_error': 0.013491604640499956, 'shap_norm_sq': 0.0020802566602557545, 'weighted_error': 1.0317002980095975, 'gamma': 0.4161344503328483, 'normalized_gamma': 200.0}
{'sample_size': 120, 'difference': 0, 'noise': 0.005, 'n': 12, 'shap_error': 0.03233343710854768, 'shap_norm_sq': 0.0020802566602557545, 'weighted_error': 1.0495494405636687, 'gamma': 0.4161344503328483, 'normalized_gamma': 200.0}
{'sample_size': 120, 'difference': 0, 'noise': 0.01, 'n': 12, 'shap_error': 0.18559019090356024, 'shap_norm_sq': 0.0020802566602557545, 'weighted_error': 1.3352541312749366, 'gamma': 0.4161344503328483, 'normalized_gamma': 200.0}
{'sample_size': 120, 'difference': 0, 'noise': 0.05, 'n': 12, 'shap_error': 5.037660041939226, 'shap_norm_sq': 0.0020802566602557545, 'weighted_error': 10.35076013872752, 'gamma': 0.4161344503328483, 'normalized_gamma': 200.0}
{'sample_size': 120, 'difference': 0, 'noise': 0.1, 'n': 12, 'shap_error': 11.075169230039172, 'shap_norm_sq': 0.0020802566602557545, 'weighted_error': 16.292703696056932, 'gamma': 0.4161344503328483, 'normalized_gamma': 200.0}
{'sample_size': 120, 'difference': 0, 'noise': 0.5, 'n': 12, 'shap_error': 513.4632990678294, 'shap_norm_sq': 0.0020802566602557545, 'weighted_error': 959.7013275809117, 'gamma': 0.4161344503328483, 'normalized_gamma': 200.0}
{'sample_size': 120, 'difference': 0, 'noise': 1, 'n': 12, 'shap_error': 2356.0866131310295, 'shap_norm_sq': 0.0020802566602557545, 'weighted_error': 4572.128885873796, 'gamma': 0.4161344503328483, 'normalized_gamma': 200.0}
{'sample_size': 120, 'difference': 0, 'noise': 0.0005, 'n': 12, 'shap_error': 0.0037443547628894414, 'shap_norm_sq': 0.0018470490651422864, 'weighted_error': 1.0086270070474543, 'gamma': 0.43498913450913007, 'normalized_gamma': 240.0}
{'sample_size': 120, 'difference': 0, 'noise': 0.001, 'n': 12, 'shap_error': 0.00654964175180116, 'shap_norm_sq': 0.0018470490651422864, 'weighted_error': 1.0148313020561532, 'gamma': 0.43498913450913007, 'normalized_gamma': 240.0}
{'sample_size': 120, 'difference': 0, 'noise': 0.005, 'n': 12, 'shap_error': 0.008708803892969175, 'shap_norm_sq': 0.0018470490651422864, 'weighted_error': 1.0088215170730916, 'gamma': 0.43498913450913007, 'normalized_gamma': 240.0}
{'sample_size': 120, 'difference': 0, 'noise': 0.01, 'n': 12, 'shap_error': 0.11588941392827276, 'shap_norm_sq': 0.0018470490651422864, 'weighted_error': 1.2245271442902461, 'gamma': 0.43498913450913007, 'normalized_gamma': 240.0}
{'sample_size': 120, 'difference': 0, 'noise': 0.05, 'n': 12, 'shap_error': 2.617100202751475, 'shap_norm_sq': 0.0018470490651422864, 'weighted_error': 5.959133942066548, 'gamma': 0.43498913450913007, 'normalized_gamma': 240.0}
{'sample_size': 120, 'difference': 0, 'noise': 0.1, 'n': 12, 'shap_error': 10.443281491698848, 'shap_norm_sq': 0.0018470490651422864, 'weighted_error': 20.777888832722812, 'gamma': 0.43498913450913007, 'normalized_gamma': 240.0}
{'sample_size': 120, 'difference': 0, 'noise': 0.5, 'n': 12, 'shap_error': 192.21924230866196, 'shap_norm_sq': 0.0018470490651422864, 'weighted_error': 334.67003657831884, 'gamma': 0.43498913450913007, 'normalized_gamma': 240.0}
{'sample_size': 120, 'difference': 0, 'noise': 1, 'n': 12, 'shap_error': 1983.137001596595, 'shap_norm_sq': 0.0018470490651422864, 'weighted_error': 4170.669987017998, 'gamma': 0.43498913450913007, 'normalized_gamma': 240.0}
{'sample_size': 120, 'difference': 0, 'noise': 0.0005, 'n': 12, 'shap_error': 0.0011912539140570223, 'shap_norm_sq': 0.01504719596960407, 'weighted_error': 1.0010432002959715, 'gamma': 1.5212863465629325, 'normalized_gamma': 100.0}
{'sample_size': 120, 'difference': 0, 'noise': 0.001, 'n': 12, 'shap_error': 0.00032653960938031816, 'shap_norm_sq': 0.01504719596960407, 'weighted_error': 1.000284433664083, 'gamma': 1.5212863465629325, 'normalized_gamma': 100.0}
{'sample_size': 120, 'difference': 0, 'noise': 0.005, 'n': 12, 'shap_error': 0.001508799059254519, 'shap_norm_sq': 0.01504719596960407, 'weighted_error': 1.0012808757506806, 'gamma': 1.5212863465629325, 'normalized_gamma': 100.0}
{'sample_size': 120, 'difference': 0, 'noise': 0.01, 'n': 12, 'shap_error': 0.006467839727740488, 'shap_norm_sq': 0.01504719596960407, 'weighted_error': 1.0055025921618155, 'gamma': 1.5212863465629325, 'normalized_gamma': 100.0}
{'sample_size': 120, 'difference': 0, 'noise': 0.05, 'n': 12, 'shap_error': 0.19317363914019517, 'shap_norm_sq': 0.01504719596960407, 'weighted_error': 1.165140625385484, 'gamma': 1.5212863465629325, 'normalized_gamma': 100.0}
{'sample_size': 120, 'difference': 0, 'noise': 0.1, 'n': 12, 'shap_error': 0.4606469073811897, 'shap_norm_sq': 0.01504719596960407, 'weighted_error': 1.3871891728586057, 'gamma': 1.5212863465629325, 'normalized_gamma': 100.0}
{'sample_size': 120, 'difference': 0, 'noise': 0.5, 'n': 12, 'shap_error': 18.488163225228416, 'shap_norm_sq': 0.01504719596960407, 'weighted_error': 16.78762367344533, 'gamma': 1.5212863465629325, 'normalized_gamma': 100.0}
{'sample_size': 120, 'difference': 0, 'noise': 1, 'n': 12, 'shap_error': 60.325888060034075, 'shap_norm_sq': 0.01504719596960407, 'weighted_error': 52.2126045730649, 'gamma': 1.5212863465629325, 'normalized_gamma': 100.0}
{'sample_size': 120, 'difference': 0, 'noise': 0.0005, 'n': 12, 'shap_error': 0.0058528370734152665, 'shap_norm_sq': 0.0012721971528977674, 'weighted_error': 1.0248546916531218, 'gamma': 0.24796894018986637, 'normalized_gamma': 190.0}
{'sample_size': 120, 'difference': 0, 'noise': 0.001, 'n': 12, 'shap_error': 0.013527913148285643, 'shap_norm_sq': 0.0012721971528977674, 'weighted_error': 1.0572995294108212, 'gamma': 0.24796894018986637, 'normalized_gamma': 190.0}
{'sample_size': 120, 'difference': 0, 'noise': 0.005, 'n': 12, 'shap_error': 0.025182433850616266, 'shap_norm_sq': 0.0012721971528977674, 'weighted_error': 1.0985470573482217, 'gamma': 0.24796894018986637, 'normalized_gamma': 190.0}
{'sample_size': 120, 'difference': 0, 'noise': 0.01, 'n': 12, 'shap_error': 0.04443348543523314, 'shap_norm_sq': 0.0012721971528977674, 'weighted_error': 1.15427620482954, 'gamma': 0.24796894018986637, 'normalized_gamma': 190.0}
{'sample_size': 120, 'difference': 0, 'noise': 0.05, 'n': 12, 'shap_error': 0.9112721128622883, 'shap_norm_sq': 0.0012721971528977674, 'weighted_error': 4.006443712304712, 'gamma': 0.24796894018986637, 'normalized_gamma': 190.0}
{'sample_size': 120, 'difference': 0, 'noise': 0.1, 'n': 12, 'shap_error': 7.34089814638987, 'shap_norm_sq': 0.0012721971528977674, 'weighted_error': 28.77579867013312, 'gamma': 0.24796894018986637, 'normalized_gamma': 190.0}
{'sample_size': 120, 'difference': 0, 'noise': 0.5, 'n': 12, 'shap_error': 170.34811771379867, 'shap_norm_sq': 0.0012721971528977674, 'weighted_error': 639.2513144380691, 'gamma': 0.24796894018986637, 'normalized_gamma': 190.0}
{'sample_size': 120, 'difference': 0, 'noise': 1, 'n': 12, 'shap_error': 449.2457801131288, 'shap_norm_sq': 0.0012721971528977674, 'weighted_error': 1564.691511316889, 'gamma': 0.24796894018986637, 'normalized_gamma': 190.0}
{'sample_size': 120, 'difference': 0, 'noise': 0.0005, 'n': 12, 'shap_error': 0.0015080542619778238, 'shap_norm_sq': 0.009909114447333608, 'weighted_error': 1.003878285491332, 'gamma': 0.41732318876976, 'normalized_gamma': 42.0}
{'sample_size': 120, 'difference': 0, 'noise': 0.001, 'n': 12, 'shap_error': 0.0015323687469171385, 'shap_norm_sq': 0.009909114447333608, 'weighted_error': 1.003938567832037, 'gamma': 0.41732318876976, 'normalized_gamma': 42.0}
{'sample_size': 120, 'difference': 0, 'noise': 0.005, 'n': 12, 'shap_error': 0.009619980146237661, 'shap_norm_sq': 0.009909114447333608, 'weighted_error': 1.0246699705244684, 'gamma': 0.41732318876976, 'normalized_gamma': 42.0}
{'sample_size': 120, 'difference': 0, 'noise': 0.01, 'n': 12, 'shap_error': 0.0049157070946772114, 'shap_norm_sq': 0.009909114447333608, 'weighted_error': 1.0123458501778815, 'gamma': 0.41732318876976, 'normalized_gamma': 42.0}
{'sample_size': 120, 'difference': 0, 'noise': 0.05, 'n': 12, 'shap_error': 0.15593159548564095, 'shap_norm_sq': 0.009909114447333608, 'weighted_error': 1.3936294422480806, 'gamma': 0.41732318876976, 'normalized_gamma': 42.0}
{'sample_size': 120, 'difference': 0, 'noise': 0.1, 'n': 12, 'shap_error': 0.5731708797279033, 'shap_norm_sq': 0.009909114447333608, 'weighted_error': 2.444478614636721, 'gamma': 0.41732318876976, 'normalized_gamma': 42.0}
{'sample_size': 120, 'difference': 0, 'noise': 0.5, 'n': 12, 'shap_error': 36.60030593537341, 'shap_norm_sq': 0.009909114447333608, 'weighted_error': 94.39755924747968, 'gamma': 0.41732318876976, 'normalized_gamma': 42.0}
{'sample_size': 120, 'difference': 0, 'noise': 1, 'n': 12, 'shap_error': 36.963917628302696, 'shap_norm_sq': 0.009909114447333608, 'weighted_error': 93.09540865517754, 'gamma': 0.41732318876976, 'normalized_gamma': 42.0}
{'sample_size': 120, 'difference': 0, 'noise': 0.0005, 'n': 12, 'shap_error': 1.4365714905986054e-05, 'shap_norm_sq': 0.012208765320333874, 'weighted_error': 1.0000193168721059, 'gamma': 0.8327887795523073, 'normalized_gamma': 68.0}
{'sample_size': 120, 'difference': 0, 'noise': 0.001, 'n': 12, 'shap_error': 7.429065871008323e-05, 'shap_norm_sq': 0.012208765320333874, 'weighted_error': 1.0001002677366277, 'gamma': 0.8327887795523073, 'normalized_gamma': 68.0}
{'sample_size': 120, 'difference': 0, 'noise': 0.005, 'n': 12, 'shap_error': 0.001162145863790488, 'shap_norm_sq': 0.012208765320333874, 'weighted_error': 1.0015565880484771, 'gamma': 0.8327887795523073, 'normalized_gamma': 68.0}
{'sample_size': 120, 'difference': 0, 'noise': 0.01, 'n': 12, 'shap_error': 0.0036080600139129474, 'shap_norm_sq': 0.012208765320333874, 'weighted_error': 1.0048041535595944, 'gamma': 0.8327887795523073, 'normalized_gamma': 68.0}
{'sample_size': 120, 'difference': 0, 'noise': 0.05, 'n': 12, 'shap_error': 0.0695350713024329, 'shap_norm_sq': 0.012208765320333874, 'weighted_error': 1.0918567649900175, 'gamma': 0.8327887795523073, 'normalized_gamma': 68.0}
{'sample_size': 120, 'difference': 0, 'noise': 0.1, 'n': 12, 'shap_error': 0.3716198714899522, 'shap_norm_sq': 0.012208765320333874, 'weighted_error': 1.4951959454683985, 'gamma': 0.8327887795523073, 'normalized_gamma': 68.0}
{'sample_size': 120, 'difference': 0, 'noise': 0.5, 'n': 12, 'shap_error': 6.874605373369975, 'shap_norm_sq': 0.012208765320333874, 'weighted_error': 10.077832776728078, 'gamma': 0.8327887795523073, 'normalized_gamma': 68.0}
{'sample_size': 120, 'difference': 0, 'noise': 1, 'n': 12, 'shap_error': 43.691705069306394, 'shap_norm_sq': 0.012208765320333874, 'weighted_error': 59.44449344255023, 'gamma': 0.8327887795523073, 'normalized_gamma': 68.0}
{'sample_size': 120, 'difference': 0, 'noise': 0.0005, 'n': 12, 'shap_error': 0.00027842407300607844, 'shap_norm_sq': 0.23408561988578097, 'weighted_error': 1.0125441261844423, 'gamma': 0.026599010385560427, 'normalized_gamma': 0.11}
{'sample_size': 120, 'difference': 0, 'noise': 0.001, 'n': 12, 'shap_error': 0.00021097800777225513, 'shap_norm_sq': 0.23408561988578097, 'weighted_error': 1.0094761158464223, 'gamma': 0.026599010385560427, 'normalized_gamma': 0.11}
{'sample_size': 120, 'difference': 0, 'noise': 0.005, 'n': 12, 'shap_error': 0.0006948974332097863, 'shap_norm_sq': 0.23408561988578097, 'weighted_error': 1.0304255342447395, 'gamma': 0.026599010385560427, 'normalized_gamma': 0.11}
{'sample_size': 120, 'difference': 0, 'noise': 0.01, 'n': 12, 'shap_error': 0.0006335699816120339, 'shap_norm_sq': 0.23408561988578097, 'weighted_error': 1.0249447273776944, 'gamma': 0.026599010385560427, 'normalized_gamma': 0.11}
{'sample_size': 120, 'difference': 0, 'noise': 0.05, 'n': 12, 'shap_error': 0.008304189038905237, 'shap_norm_sq': 0.23408561988578097, 'weighted_error': 1.2838889675952687, 'gamma': 0.026599010385560427, 'normalized_gamma': 0.11}
{'sample_size': 120, 'difference': 0, 'noise': 0.1, 'n': 12, 'shap_error': 0.03539207771935453, 'shap_norm_sq': 0.23408561988578097, 'weighted_error': 2.233633510355839, 'gamma': 0.026599010385560427, 'normalized_gamma': 0.11}
{'sample_size': 120, 'difference': 0, 'noise': 0.5, 'n': 12, 'shap_error': 1.7290910330237261, 'shap_norm_sq': 0.23408561988578097, 'weighted_error': 69.90682028985958, 'gamma': 0.026599010385560427, 'normalized_gamma': 0.11}
{'sample_size': 120, 'difference': 0, 'noise': 1, 'n': 12, 'shap_error': 5.773593694777825, 'shap_norm_sq': 0.23408561988578097, 'weighted_error': 225.10380676988683, 'gamma': 0.026599010385560427, 'normalized_gamma': 0.11}
{'sample_size': 120, 'difference': 0, 'noise': 0.0005, 'n': 12, 'shap_error': 0.0013087237097492474, 'shap_norm_sq': 0.04983988784481626, 'weighted_error': 1.004320982374086, 'gamma': 0.33095980262582986, 'normalized_gamma': 6.6}
{'sample_size': 120, 'difference': 0, 'noise': 0.001, 'n': 12, 'shap_error': 0.0005004552620222325, 'shap_norm_sq': 0.04983988784481626, 'weighted_error': 1.001644411297709, 'gamma': 0.33095980262582986, 'normalized_gamma': 6.6}
{'sample_size': 120, 'difference': 0, 'noise': 0.005, 'n': 12, 'shap_error': 0.000634995764224352, 'shap_norm_sq': 0.04983988784481626, 'weighted_error': 1.00187786237167, 'gamma': 0.33095980262582986, 'normalized_gamma': 6.6}
{'sample_size': 120, 'difference': 0, 'noise': 0.01, 'n': 12, 'shap_error': 0.002523994029595391, 'shap_norm_sq': 0.04983988784481626, 'weighted_error': 1.0074586398961505, 'gamma': 0.33095980262582986, 'normalized_gamma': 6.6}
{'sample_size': 120, 'difference': 0, 'noise': 0.05, 'n': 12, 'shap_error': 0.05206424145846459, 'shap_norm_sq': 0.04983988784481626, 'weighted_error': 1.150011298109443, 'gamma': 0.33095980262582986, 'normalized_gamma': 6.6}
{'sample_size': 120, 'difference': 0, 'noise': 0.1, 'n': 12, 'shap_error': 0.23696130414371888, 'shap_norm_sq': 0.04983988784481626, 'weighted_error': 1.6948662593428594, 'gamma': 0.33095980262582986, 'normalized_gamma': 6.6}
{'sample_size': 120, 'difference': 0, 'noise': 0.5, 'n': 12, 'shap_error': 4.476372039954494, 'shap_norm_sq': 0.04983988784481626, 'weighted_error': 13.589479998708123, 'gamma': 0.33095980262582986, 'normalized_gamma': 6.6}
{'sample_size': 120, 'difference': 0, 'noise': 1, 'n': 12, 'shap_error': 19.942837791192655, 'shap_norm_sq': 0.04983988784481626, 'weighted_error': 58.08807064900845, 'gamma': 0.33095980262582986, 'normalized_gamma': 6.6}
{'sample_size': 120, 'difference': 0, 'noise': 0.0005, 'n': 12, 'shap_error': 0.0010277672684332491, 'shap_norm_sq': 0.06163162162361144, 'weighted_error': 1.0162956829863132, 'gamma': 0.07412758381927123, 'normalized_gamma': 1.2}
{'sample_size': 120, 'difference': 0, 'noise': 0.001, 'n': 12, 'shap_error': 0.0006760931005711621, 'shap_norm_sq': 0.06163162162361144, 'weighted_error': 1.010716773127964, 'gamma': 0.07412758381927123, 'normalized_gamma': 1.2}
{'sample_size': 120, 'difference': 0, 'noise': 0.005, 'n': 12, 'shap_error': 0.0015442000309116486, 'shap_norm_sq': 0.06163162162361144, 'weighted_error': 1.024397031417318, 'gamma': 0.07412758381927123, 'normalized_gamma': 1.2}
{'sample_size': 120, 'difference': 0, 'noise': 0.01, 'n': 12, 'shap_error': 0.001363904996412498, 'shap_norm_sq': 0.06163162162361144, 'weighted_error': 1.0212743545606173, 'gamma': 0.07412758381927123, 'normalized_gamma': 1.2}
{'sample_size': 120, 'difference': 0, 'noise': 0.05, 'n': 12, 'shap_error': 0.012939242082642174, 'shap_norm_sq': 0.06163162162361144, 'weighted_error': 1.1963673109905872, 'gamma': 0.07412758381927123, 'normalized_gamma': 1.2}
{'sample_size': 120, 'difference': 0, 'noise': 0.1, 'n': 12, 'shap_error': 0.19020232060898287, 'shap_norm_sq': 0.06163162162361144, 'weighted_error': 3.980685321037992, 'gamma': 0.07412758381927123, 'normalized_gamma': 1.2}
{'sample_size': 120, 'difference': 0, 'noise': 0.5, 'n': 12, 'shap_error': 1.5004187506487006, 'shap_norm_sq': 0.06163162162361144, 'weighted_error': 23.910974337855816, 'gamma': 0.07412758381927123, 'normalized_gamma': 1.2}
{'sample_size': 120, 'difference': 0, 'noise': 1, 'n': 12, 'shap_error': 21.363858712150623, 'shap_norm_sq': 0.06163162162361144, 'weighted_error': 336.2295055551098, 'gamma': 0.07412758381927123, 'normalized_gamma': 1.2}
{'sample_size': 120, 'difference': 0, 'noise': 0.0005, 'n': 12, 'shap_error': 0.003691749014512885, 'shap_norm_sq': 0.10250985695720001, 'weighted_error': 1.0275819121504917, 'gamma': 0.16707142197274988, 'normalized_gamma': 1.6}
{'sample_size': 120, 'difference': 0, 'noise': 0.001, 'n': 12, 'shap_error': 0.0004031242365595015, 'shap_norm_sq': 0.10250985695720001, 'weighted_error': 1.003007359120449, 'gamma': 0.16707142197274988, 'normalized_gamma': 1.6}
{'sample_size': 120, 'difference': 0, 'noise': 0.005, 'n': 12, 'shap_error': 0.0017225664809040865, 'shap_norm_sq': 0.10250985695720001, 'weighted_error': 1.0127544660096612, 'gamma': 0.16707142197274988, 'normalized_gamma': 1.6}
{'sample_size': 120, 'difference': 0, 'noise': 0.01, 'n': 12, 'shap_error': 0.0018554845761891434, 'shap_norm_sq': 0.10250985695720001, 'weighted_error': 1.0134001737331055, 'gamma': 0.16707142197274988, 'normalized_gamma': 1.6}
{'sample_size': 120, 'difference': 0, 'noise': 0.05, 'n': 12, 'shap_error': 0.01595757055074292, 'shap_norm_sq': 0.10250985695720001, 'weighted_error': 1.1076491056700588, 'gamma': 0.16707142197274988, 'normalized_gamma': 1.6}
{'sample_size': 120, 'difference': 0, 'noise': 0.1, 'n': 12, 'shap_error': 0.07826787233573665, 'shap_norm_sq': 0.10250985695720001, 'weighted_error': 1.5384671028185013, 'gamma': 0.16707142197274988, 'normalized_gamma': 1.6}
{'sample_size': 120, 'difference': 0, 'noise': 0.5, 'n': 12, 'shap_error': 2.9103833607496377, 'shap_norm_sq': 0.10250985695720001, 'weighted_error': 21.58716567363028, 'gamma': 0.16707142197274988, 'normalized_gamma': 1.6}
{'sample_size': 120, 'difference': 0, 'noise': 1, 'n': 12, 'shap_error': 9.93806155945242, 'shap_norm_sq': 0.10250985695720001, 'weighted_error': 70.62111439060834, 'gamma': 0.16707142197274988, 'normalized_gamma': 1.6}
{'sample_size': 120, 'difference': 0, 'noise': 0.0005, 'n': 12, 'shap_error': 0.0012073048410071677, 'shap_norm_sq': 0.08108623197315978, 'weighted_error': 1.005513817017571, 'gamma': 0.28244421329616726, 'normalized_gamma': 3.5}
{'sample_size': 120, 'difference': 0, 'noise': 0.001, 'n': 12, 'shap_error': 0.0005976095212580109, 'shap_norm_sq': 0.08108623197315978, 'weighted_error': 1.0027257241133039, 'gamma': 0.28244421329616726, 'normalized_gamma': 3.5}
{'sample_size': 120, 'difference': 0, 'noise': 0.005, 'n': 12, 'shap_error': 0.001037289203592049, 'shap_norm_sq': 0.08108623197315978, 'weighted_error': 1.004635581375247, 'gamma': 0.28244421329616726, 'normalized_gamma': 3.5}
{'sample_size': 120, 'difference': 0, 'noise': 0.01, 'n': 12, 'shap_error': 0.0009772466398062687, 'shap_norm_sq': 0.08108623197315978, 'weighted_error': 1.0040532420303312, 'gamma': 0.28244421329616726, 'normalized_gamma': 3.5}
{'sample_size': 120, 'difference': 0, 'noise': 0.05, 'n': 12, 'shap_error': 0.033019645752603244, 'shap_norm_sq': 0.08108623197315978, 'weighted_error': 1.1405625992446626, 'gamma': 0.28244421329616726, 'normalized_gamma': 3.5}
{'sample_size': 120, 'difference': 0, 'noise': 0.1, 'n': 12, 'shap_error': 0.10653154083574434, 'shap_norm_sq': 0.08108623197315978, 'weighted_error': 1.4455534764508298, 'gamma': 0.28244421329616726, 'normalized_gamma': 3.5}
{'sample_size': 120, 'difference': 0, 'noise': 0.5, 'n': 12, 'shap_error': 1.616147097985759, 'shap_norm_sq': 0.08108623197315978, 'weighted_error': 7.355592634617812, 'gamma': 0.28244421329616726, 'normalized_gamma': 3.5}
{'sample_size': 120, 'difference': 0, 'noise': 1, 'n': 12, 'shap_error': 4.188746571881544, 'shap_norm_sq': 0.08108623197315978, 'weighted_error': 16.02653275842075, 'gamma': 0.28244421329616726, 'normalized_gamma': 3.5}
{'sample_size': 120, 'difference': 0, 'noise': 0.0005, 'n': 12, 'shap_error': 0.0021614598357631255, 'shap_norm_sq': 0.11612998811799412, 'weighted_error': 1.0101219065295668, 'gamma': 0.2796590583278766, 'normalized_gamma': 2.4}
{'sample_size': 120, 'difference': 0, 'noise': 0.001, 'n': 12, 'shap_error': 0.003228930229190532, 'shap_norm_sq': 0.11612998811799412, 'weighted_error': 1.0151187571284268, 'gamma': 0.2796590583278766, 'normalized_gamma': 2.4}
{'sample_size': 120, 'difference': 0, 'noise': 0.005, 'n': 12, 'shap_error': 0.001627091318526625, 'shap_norm_sq': 0.11612998811799412, 'weighted_error': 1.0075354328756265, 'gamma': 0.2796590583278766, 'normalized_gamma': 2.4}
{'sample_size': 120, 'difference': 0, 'noise': 0.01, 'n': 12, 'shap_error': 0.0026524840584730308, 'shap_norm_sq': 0.11612998811799412, 'weighted_error': 1.0120834089339368, 'gamma': 0.2796590583278766, 'normalized_gamma': 2.4}
{'sample_size': 120, 'difference': 0, 'noise': 0.05, 'n': 12, 'shap_error': 0.016288040859360045, 'shap_norm_sq': 0.11612998811799412, 'weighted_error': 1.0678058275569535, 'gamma': 0.2796590583278766, 'normalized_gamma': 2.4}
{'sample_size': 120, 'difference': 0, 'noise': 0.1, 'n': 12, 'shap_error': 0.05608909900302566, 'shap_norm_sq': 0.11612998811799412, 'weighted_error': 1.2287782903183975, 'gamma': 0.2796590583278766, 'normalized_gamma': 2.4}
{'sample_size': 120, 'difference': 0, 'noise': 0.5, 'n': 12, 'shap_error': 1.7757831855385313, 'shap_norm_sq': 0.11612998811799412, 'weighted_error': 8.468932908512445, 'gamma': 0.2796590583278766, 'normalized_gamma': 2.4}
{'sample_size': 120, 'difference': 0, 'noise': 1, 'n': 12, 'shap_error': 6.936914106435664, 'shap_norm_sq': 0.11612998811799412, 'weighted_error': 30.09728175954302, 'gamma': 0.2796590583278766, 'normalized_gamma': 2.4}
{'sample_size': 120, 'difference': 0, 'noise': 0.0005, 'n': 12, 'shap_error': 0.025709127613931775, 'shap_norm_sq': 0.0027728819914111663, 'weighted_error': 1.0243688098366812, 'gamma': 1.2757910579487868, 'normalized_gamma': 460.0}
{'sample_size': 120, 'difference': 0, 'noise': 0.001, 'n': 12, 'shap_error': 0.011142212164387237, 'shap_norm_sq': 0.0027728819914111663, 'weighted_error': 1.0105405926662756, 'gamma': 1.2757910579487868, 'normalized_gamma': 460.0}
{'sample_size': 120, 'difference': 0, 'noise': 0.005, 'n': 12, 'shap_error': 0.00890168799224418, 'shap_norm_sq': 0.0027728819914111663, 'weighted_error': 1.0078591619711628, 'gamma': 1.2757910579487868, 'normalized_gamma': 460.0}
{'sample_size': 120, 'difference': 0, 'noise': 0.01, 'n': 12, 'shap_error': 0.037610706467900726, 'shap_norm_sq': 0.0027728819914111663, 'weighted_error': 1.0333365606187404, 'gamma': 1.2757910579487868, 'normalized_gamma': 460.0}
{'sample_size': 120, 'difference': 0, 'noise': 0.05, 'n': 12, 'shap_error': 1.6038885719640856, 'shap_norm_sq': 0.0027728819914111663, 'weighted_error': 2.462586754893861, 'gamma': 1.2757910579487868, 'normalized_gamma': 460.0}
{'sample_size': 120, 'difference': 0, 'noise': 0.1, 'n': 12, 'shap_error': 4.279332902725768, 'shap_norm_sq': 0.0027728819914111663, 'weighted_error': 4.8250148957090016, 'gamma': 1.2757910579487868, 'normalized_gamma': 460.0}
{'sample_size': 120, 'difference': 0, 'noise': 0.5, 'n': 12, 'shap_error': 67.06976652709999, 'shap_norm_sq': 0.0027728819914111663, 'weighted_error': 58.78369643106673, 'gamma': 1.2757910579487868, 'normalized_gamma': 460.0}
{'sample_size': 120, 'difference': 0, 'noise': 1, 'n': 12, 'shap_error': 311.6581081198636, 'shap_norm_sq': 0.0027728819914111663, 'weighted_error': 273.26205061569266, 'gamma': 1.2757910579487868, 'normalized_gamma': 460.0}
{'sample_size': 120, 'difference': 0, 'noise': 0.0005, 'n': 12, 'shap_error': 0.0008756409230659001, 'shap_norm_sq': 0.1256349394236844, 'weighted_error': 1.0032765778456754, 'gamma': 0.36220046291852676, 'normalized_gamma': 2.9}
{'sample_size': 120, 'difference': 0, 'noise': 0.001, 'n': 12, 'shap_error': 0.0009372809847702997, 'shap_norm_sq': 0.1256349394236844, 'weighted_error': 1.003505912880639, 'gamma': 0.36220046291852676, 'normalized_gamma': 2.9}
{'sample_size': 120, 'difference': 0, 'noise': 0.005, 'n': 12, 'shap_error': 0.0008075729601235324, 'shap_norm_sq': 0.1256349394236844, 'weighted_error': 1.00297636299872, 'gamma': 0.36220046291852676, 'normalized_gamma': 2.9}
{'sample_size': 120, 'difference': 0, 'noise': 0.01, 'n': 12, 'shap_error': 0.001706831324141057, 'shap_norm_sq': 0.1256349394236844, 'weighted_error': 1.0062039347952292, 'gamma': 0.36220046291852676, 'normalized_gamma': 2.9}
{'sample_size': 120, 'difference': 0, 'noise': 0.05, 'n': 12, 'shap_error': 0.02132651588818865, 'shap_norm_sq': 0.1256349394236844, 'weighted_error': 1.075217818051848, 'gamma': 0.36220046291852676, 'normalized_gamma': 2.9}
{'sample_size': 120, 'difference': 0, 'noise': 0.1, 'n': 12, 'shap_error': 0.05300601221117116, 'shap_norm_sq': 0.1256349394236844, 'weighted_error': 1.1799894376019715, 'gamma': 0.36220046291852676, 'normalized_gamma': 2.9}
{'sample_size': 120, 'difference': 0, 'noise': 0.5, 'n': 12, 'shap_error': 1.902112631312128, 'shap_norm_sq': 0.1256349394236844, 'weighted_error': 7.658993677923669, 'gamma': 0.36220046291852676, 'normalized_gamma': 2.9}
{'sample_size': 120, 'difference': 0, 'noise': 1, 'n': 12, 'shap_error': 5.7164194797350545, 'shap_norm_sq': 0.1256349394236844, 'weighted_error': 20.555130786678525, 'gamma': 0.36220046291852676, 'normalized_gamma': 2.9}
{'sample_size': 120, 'difference': 0, 'noise': 0.0005, 'n': 12, 'shap_error': 0.0009285296166315722, 'shap_norm_sq': 0.0066784636532691895, 'weighted_error': 1.021573942367724, 'gamma': 0.04713966403070163, 'normalized_gamma': 7.1}
{'sample_size': 120, 'difference': 0, 'noise': 0.001, 'n': 12, 'shap_error': 0.0011080863430792847, 'shap_norm_sq': 0.0066784636532691895, 'weighted_error': 1.0257312650833847, 'gamma': 0.04713966403070163, 'normalized_gamma': 7.1}
{'sample_size': 120, 'difference': 0, 'noise': 0.005, 'n': 12, 'shap_error': 0.004815004787110556, 'shap_norm_sq': 0.0066784636532691895, 'weighted_error': 1.1114016837196317, 'gamma': 0.04713966403070163, 'normalized_gamma': 7.1}
{'sample_size': 120, 'difference': 0, 'noise': 0.01, 'n': 12, 'shap_error': 0.007133942832789679, 'shap_norm_sq': 0.0066784636532691895, 'weighted_error': 1.1638074540024823, 'gamma': 0.04713966403070163, 'normalized_gamma': 7.1}
{'sample_size': 120, 'difference': 0, 'noise': 0.05, 'n': 12, 'shap_error': 0.16699190847557446, 'shap_norm_sq': 0.0066784636532691895, 'weighted_error': 4.831245947177999, 'gamma': 0.04713966403070163, 'normalized_gamma': 7.1}
{'sample_size': 120, 'difference': 0, 'noise': 0.1, 'n': 12, 'shap_error': 1.4888778558581401, 'shap_norm_sq': 0.0066784636532691895, 'weighted_error': 35.40242718472406, 'gamma': 0.04713966403070163, 'normalized_gamma': 7.1}
{'sample_size': 120, 'difference': 0, 'noise': 0.5, 'n': 12, 'shap_error': 14.858972821625592, 'shap_norm_sq': 0.0066784636532691895, 'weighted_error': 341.35927008024356, 'gamma': 0.04713966403070163, 'normalized_gamma': 7.1}
{'sample_size': 120, 'difference': 0, 'noise': 1, 'n': 12, 'shap_error': 68.96865508517965, 'shap_norm_sq': 0.0066784636532691895, 'weighted_error': 1583.9725142116642, 'gamma': 0.04713966403070163, 'normalized_gamma': 7.1}
{'sample_size': 120, 'difference': 0, 'noise': 0.0005, 'n': 12, 'shap_error': 0.02573379366470084, 'shap_norm_sq': 0.0013314855192062712, 'weighted_error': 1.0288821172922562, 'gamma': 0.9109702853541681, 'normalized_gamma': 680.0}
{'sample_size': 120, 'difference': 0, 'noise': 0.001, 'n': 12, 'shap_error': 0.017448941223598708, 'shap_norm_sq': 0.0013314855192062712, 'weighted_error': 1.0195670672313957, 'gamma': 0.9109702853541681, 'normalized_gamma': 680.0}
{'sample_size': 120, 'difference': 0, 'noise': 0.005, 'n': 12, 'shap_error': 0.035447413495634635, 'shap_norm_sq': 0.0013314855192062712, 'weighted_error': 1.039290129313787, 'gamma': 0.9109702853541681, 'normalized_gamma': 680.0}
{'sample_size': 120, 'difference': 0, 'noise': 0.01, 'n': 12, 'shap_error': 0.026211194385799937, 'shap_norm_sq': 0.0013314855192062712, 'weighted_error': 1.0274192405515592, 'gamma': 0.9109702853541681, 'normalized_gamma': 680.0}
{'sample_size': 120, 'difference': 0, 'noise': 0.05, 'n': 12, 'shap_error': 0.523842575451593, 'shap_norm_sq': 0.0013314855192062712, 'weighted_error': 1.5379376371664242, 'gamma': 0.9109702853541681, 'normalized_gamma': 680.0}
{'sample_size': 120, 'difference': 0, 'noise': 0.1, 'n': 12, 'shap_error': 4.338783978411839, 'shap_norm_sq': 0.0013314855192062712, 'weighted_error': 5.670068500690241, 'gamma': 0.9109702853541681, 'normalized_gamma': 680.0}
{'sample_size': 120, 'difference': 0, 'noise': 0.5, 'n': 12, 'shap_error': 75.21074206719805, 'shap_norm_sq': 0.0013314855192062712, 'weighted_error': 80.41736572247282, 'gamma': 0.9109702853541681, 'normalized_gamma': 680.0}
{'sample_size': 120, 'difference': 0, 'noise': 1, 'n': 12, 'shap_error': 728.8995470707107, 'shap_norm_sq': 0.0013314855192062712, 'weighted_error': 799.1793394869335, 'gamma': 0.9109702853541681, 'normalized_gamma': 680.0}
{'sample_size': 120, 'difference': 0, 'noise': 0.0005, 'n': 12, 'shap_error': 0.0004381449935626615, 'shap_norm_sq': 0.1171769540928823, 'weighted_error': 1.0020966266171385, 'gamma': 0.2777002505416187, 'normalized_gamma': 2.4}
{'sample_size': 120, 'difference': 0, 'noise': 0.001, 'n': 12, 'shap_error': 0.0005547455622763407, 'shap_norm_sq': 0.1171769540928823, 'weighted_error': 1.002653368143977, 'gamma': 0.2777002505416187, 'normalized_gamma': 2.4}
{'sample_size': 120, 'difference': 0, 'noise': 0.005, 'n': 12, 'shap_error': 0.0011929128836550072, 'shap_norm_sq': 0.1171769540928823, 'weighted_error': 1.0056641374148887, 'gamma': 0.2777002505416187, 'normalized_gamma': 2.4}
{'sample_size': 120, 'difference': 0, 'noise': 0.01, 'n': 12, 'shap_error': 0.002013051926302489, 'shap_norm_sq': 0.1171769540928823, 'weighted_error': 1.0094530488928761, 'gamma': 0.2777002505416187, 'normalized_gamma': 2.4}
{'sample_size': 120, 'difference': 0, 'noise': 0.05, 'n': 12, 'shap_error': 0.015834049423814632, 'shap_norm_sq': 0.1171769540928823, 'weighted_error': 1.0712355362315227, 'gamma': 0.2777002505416187, 'normalized_gamma': 2.4}
{'sample_size': 120, 'difference': 0, 'noise': 0.1, 'n': 12, 'shap_error': 0.24233494604794167, 'shap_norm_sq': 0.1171769540928823, 'weighted_error': 2.141681325768396, 'gamma': 0.2777002505416187, 'normalized_gamma': 2.4}
{'sample_size': 120, 'difference': 0, 'noise': 0.5, 'n': 12, 'shap_error': 1.670007198881365, 'shap_norm_sq': 0.1171769540928823, 'weighted_error': 8.538055647931753, 'gamma': 0.2777002505416187, 'normalized_gamma': 2.4}
{'sample_size': 120, 'difference': 0, 'noise': 1, 'n': 12, 'shap_error': 3.501357990200965, 'shap_norm_sq': 0.1171769540928823, 'weighted_error': 15.93819432265503, 'gamma': 0.2777002505416187, 'normalized_gamma': 2.4}
{'sample_size': 120, 'difference': 0, 'noise': 0.0005, 'n': 12, 'shap_error': 0.0004176868600022535, 'shap_norm_sq': 0.07549595836738437, 'weighted_error': 1.0015545791124605, 'gamma': 0.3438016508693737, 'normalized_gamma': 4.6}
{'sample_size': 120, 'difference': 0, 'noise': 0.001, 'n': 12, 'shap_error': 0.00019388168922475729, 'shap_norm_sq': 0.07549595836738437, 'weighted_error': 1.0007141653033884, 'gamma': 0.3438016508693737, 'normalized_gamma': 4.6}
{'sample_size': 120, 'difference': 0, 'noise': 0.005, 'n': 12, 'shap_error': 0.0006268909511951435, 'shap_norm_sq': 0.07549595836738437, 'weighted_error': 1.002126065482023, 'gamma': 0.3438016508693737, 'normalized_gamma': 4.6}
{'sample_size': 120, 'difference': 0, 'noise': 0.01, 'n': 12, 'shap_error': 0.003439740056827707, 'shap_norm_sq': 0.07549595836738437, 'weighted_error': 1.0119784438390886, 'gamma': 0.3438016508693737, 'normalized_gamma': 4.6}
{'sample_size': 120, 'difference': 0, 'noise': 0.05, 'n': 12, 'shap_error': 0.04095660848352365, 'shap_norm_sq': 0.07549595836738437, 'weighted_error': 1.1316120719975162, 'gamma': 0.3438016508693737, 'normalized_gamma': 4.6}
{'sample_size': 120, 'difference': 0, 'noise': 0.1, 'n': 12, 'shap_error': 0.0765320080828084, 'shap_norm_sq': 0.07549595836738437, 'weighted_error': 1.2011096114896473, 'gamma': 0.3438016508693737, 'normalized_gamma': 4.6}
{'sample_size': 120, 'difference': 0, 'noise': 0.5, 'n': 12, 'shap_error': 3.528045385147663, 'shap_norm_sq': 0.07549595836738437, 'weighted_error': 12.045749082297855, 'gamma': 0.3438016508693737, 'normalized_gamma': 4.6}
{'sample_size': 120, 'difference': 0, 'noise': 1, 'n': 12, 'shap_error': 32.310633781849546, 'shap_norm_sq': 0.07549595836738437, 'weighted_error': 113.00700805510452, 'gamma': 0.3438016508693737, 'normalized_gamma': 4.6}
{'sample_size': 120, 'difference': 0, 'noise': 0.0005, 'n': 12, 'shap_error': 0.004635064330453173, 'shap_norm_sq': 0.0024572156677576877, 'weighted_error': 1.0051950667577696, 'gamma': 0.8923522032871885, 'normalized_gamma': 360.0}
{'sample_size': 120, 'difference': 0, 'noise': 0.001, 'n': 12, 'shap_error': 0.008366519888528504, 'shap_norm_sq': 0.0024572156677576877, 'weighted_error': 1.009367150250475, 'gamma': 0.8923522032871885, 'normalized_gamma': 360.0}
{'sample_size': 120, 'difference': 0, 'noise': 0.005, 'n': 12, 'shap_error': 0.0037193086439584614, 'shap_norm_sq': 0.0024572156677576877, 'weighted_error': 1.0037071885992797, 'gamma': 0.8923522032871885, 'normalized_gamma': 360.0}
{'sample_size': 120, 'difference': 0, 'noise': 0.01, 'n': 12, 'shap_error': 0.020919089325564057, 'shap_norm_sq': 0.0024572156677576877, 'weighted_error': 1.021606650729851, 'gamma': 0.8923522032871885, 'normalized_gamma': 360.0}
{'sample_size': 120, 'difference': 0, 'noise': 0.05, 'n': 12, 'shap_error': 1.184119818640721, 'shap_norm_sq': 0.0024572156677576877, 'weighted_error': 2.281852270949633, 'gamma': 0.8923522032871885, 'normalized_gamma': 360.0}
{'sample_size': 120, 'difference': 0, 'noise': 0.1, 'n': 12, 'shap_error': 3.545307288828923, 'shap_norm_sq': 0.0024572156677576877, 'weighted_error': 4.791122367882501, 'gamma': 0.8923522032871885, 'normalized_gamma': 360.0}
{'sample_size': 120, 'difference': 0, 'noise': 0.5, 'n': 12, 'shap_error': 66.58217982059426, 'shap_norm_sq': 0.0024572156677576877, 'weighted_error': 71.0412866531429, 'gamma': 0.8923522032871885, 'normalized_gamma': 360.0}
{'sample_size': 120, 'difference': 0, 'noise': 1, 'n': 12, 'shap_error': 178.00079030619725, 'shap_norm_sq': 0.0024572156677576877, 'weighted_error': 182.07675814345208, 'gamma': 0.8923522032871885, 'normalized_gamma': 360.0}
{'sample_size': 120, 'difference': 0, 'noise': 0.0005, 'n': 12, 'shap_error': 0.002108742662243334, 'shap_norm_sq': 0.0024563941661042282, 'weighted_error': 1.0047132106589869, 'gamma': 0.4525659811211441, 'normalized_gamma': 180.0}
{'sample_size': 120, 'difference': 0, 'noise': 0.001, 'n': 12, 'shap_error': 0.005182021833225702, 'shap_norm_sq': 0.0024563941661042282, 'weighted_error': 1.0115815881192223, 'gamma': 0.4525659811211441, 'normalized_gamma': 180.0}
{'sample_size': 120, 'difference': 0, 'noise': 0.005, 'n': 12, 'shap_error': 0.009561702734777076, 'shap_norm_sq': 0.0024563941661042282, 'weighted_error': 1.0213327327126422, 'gamma': 0.4525659811211441, 'normalized_gamma': 180.0}
{'sample_size': 120, 'difference': 0, 'noise': 0.01, 'n': 12, 'shap_error': 0.02409449059715639, 'shap_norm_sq': 0.0024563941661042282, 'weighted_error': 1.0536970114820836, 'gamma': 0.4525659811211441, 'normalized_gamma': 180.0}
{'sample_size': 120, 'difference': 0, 'noise': 0.05, 'n': 12, 'shap_error': 0.3633122786591817, 'shap_norm_sq': 0.0024563941661042282, 'weighted_error': 1.8080829287711153, 'gamma': 0.4525659811211441, 'normalized_gamma': 180.0}
{'sample_size': 120, 'difference': 0, 'noise': 0.1, 'n': 12, 'shap_error': 5.321994902583493, 'shap_norm_sq': 0.0024563941661042282, 'weighted_error': 12.880014078679595, 'gamma': 0.4525659811211441, 'normalized_gamma': 180.0}
{'sample_size': 120, 'difference': 0, 'noise': 0.5, 'n': 12, 'shap_error': 70.39993735035988, 'shap_norm_sq': 0.0024563941661042282, 'weighted_error': 157.96095991142715, 'gamma': 0.4525659811211441, 'normalized_gamma': 180.0}
{'sample_size': 120, 'difference': 0, 'noise': 1, 'n': 12, 'shap_error': 459.33892970363127, 'shap_norm_sq': 0.0024563941661042282, 'weighted_error': 1026.1384240143213, 'gamma': 0.4525659811211441, 'normalized_gamma': 180.0}
{'sample_size': 120, 'difference': 0, 'noise': 0.0005, 'n': 12, 'shap_error': 0.0004939082702421323, 'shap_norm_sq': 0.006467049215096734, 'weighted_error': 1.001196201925414, 'gamma': 0.6398138812244276, 'normalized_gamma': 99.0}
{'sample_size': 120, 'difference': 0, 'noise': 0.001, 'n': 12, 'shap_error': 0.0008356283503980227, 'shap_norm_sq': 0.006467049215096734, 'weighted_error': 1.0020055535678145, 'gamma': 0.6398138812244276, 'normalized_gamma': 99.0}
{'sample_size': 120, 'difference': 0, 'noise': 0.005, 'n': 12, 'shap_error': 0.0023617523522614413, 'shap_norm_sq': 0.006467049215096734, 'weighted_error': 1.0049680387895659, 'gamma': 0.6398138812244276, 'normalized_gamma': 99.0}
{'sample_size': 120, 'difference': 0, 'noise': 0.01, 'n': 12, 'shap_error': 0.017620080987545538, 'shap_norm_sq': 0.006467049215096734, 'weighted_error': 1.0397966548540647, 'gamma': 0.6398138812244276, 'normalized_gamma': 99.0}
{'sample_size': 120, 'difference': 0, 'noise': 0.05, 'n': 12, 'shap_error': 0.2735607778551145, 'shap_norm_sq': 0.006467049215096734, 'weighted_error': 1.5879414128498037, 'gamma': 0.6398138812244276, 'normalized_gamma': 99.0}
{'sample_size': 120, 'difference': 0, 'noise': 0.1, 'n': 12, 'shap_error': 1.1844402144355302, 'shap_norm_sq': 0.006467049215096734, 'weighted_error': 3.571652528833518, 'gamma': 0.6398138812244276, 'normalized_gamma': 99.0}
{'sample_size': 120, 'difference': 0, 'noise': 0.5, 'n': 12, 'shap_error': 31.21913252154225, 'shap_norm_sq': 0.006467049215096734, 'weighted_error': 69.21163215690207, 'gamma': 0.6398138812244276, 'normalized_gamma': 99.0}
{'sample_size': 120, 'difference': 0, 'noise': 1, 'n': 12, 'shap_error': 133.58715010143152, 'shap_norm_sq': 0.006467049215096734, 'weighted_error': 295.0815569983457, 'gamma': 0.6398138812244276, 'normalized_gamma': 99.0}
{'sample_size': 120, 'difference': 0, 'noise': 0.0005, 'n': 12, 'shap_error': 0.004502763739376816, 'shap_norm_sq': 0.001649649404642373, 'weighted_error': 1.0077347187831713, 'gamma': 0.5704693196993578, 'normalized_gamma': 350.0}
{'sample_size': 120, 'difference': 0, 'noise': 0.001, 'n': 12, 'shap_error': 0.013286011904558925, 'shap_norm_sq': 0.001649649404642373, 'weighted_error': 1.022649692383454, 'gamma': 0.5704693196993578, 'normalized_gamma': 350.0}
{'sample_size': 120, 'difference': 0, 'noise': 0.005, 'n': 12, 'shap_error': 0.04243908431908985, 'shap_norm_sq': 0.001649649404642373, 'weighted_error': 1.0579987210767994, 'gamma': 0.5704693196993578, 'normalized_gamma': 350.0}
{'sample_size': 120, 'difference': 0, 'noise': 0.01, 'n': 12, 'shap_error': 0.05414386606334425, 'shap_norm_sq': 0.001649649404642373, 'weighted_error': 1.0291750342882373, 'gamma': 0.5704693196993578, 'normalized_gamma': 350.0}
{'sample_size': 120, 'difference': 0, 'noise': 0.05, 'n': 12, 'shap_error': 2.913344041786156, 'shap_norm_sq': 0.001649649404642373, 'weighted_error': 4.465658678956898, 'gamma': 0.5704693196993578, 'normalized_gamma': 350.0}
{'sample_size': 120, 'difference': 0, 'noise': 0.1, 'n': 12, 'shap_error': 20.54412190328115, 'shap_norm_sq': 0.001649649404642373, 'weighted_error': 30.459768238175606, 'gamma': 0.5704693196993578, 'normalized_gamma': 350.0}
{'sample_size': 120, 'difference': 0, 'noise': 0.5, 'n': 12, 'shap_error': 285.73961802447343, 'shap_norm_sq': 0.001649649404642373, 'weighted_error': 337.751001489794, 'gamma': 0.5704693196993578, 'normalized_gamma': 350.0}
{'sample_size': 120, 'difference': 0, 'noise': 1, 'n': 12, 'shap_error': 1050.6118282679038, 'shap_norm_sq': 0.001649649404642373, 'weighted_error': 1185.9993588946445, 'gamma': 0.5704693196993578, 'normalized_gamma': 350.0}
{'sample_size': 120, 'difference': 0, 'noise': 0.0005, 'n': 12, 'shap_error': 0.0003989364790843035, 'shap_norm_sq': 0.07822255669290895, 'weighted_error': 1.0059686023551815, 'gamma': 0.08357033293263803, 'normalized_gamma': 1.1}
{'sample_size': 120, 'difference': 0, 'noise': 0.001, 'n': 12, 'shap_error': 0.0006410794838513281, 'shap_norm_sq': 0.07822255669290895, 'weighted_error': 1.00958314547122, 'gamma': 0.08357033293263803, 'normalized_gamma': 1.1}
{'sample_size': 120, 'difference': 0, 'noise': 0.005, 'n': 12, 'shap_error': 0.0003173050714020512, 'shap_norm_sq': 0.07822255669290895, 'weighted_error': 1.0044097184595204, 'gamma': 0.08357033293263803, 'normalized_gamma': 1.1}
{'sample_size': 120, 'difference': 0, 'noise': 0.01, 'n': 12, 'shap_error': 0.001661466244521483, 'shap_norm_sq': 0.07822255669290895, 'weighted_error': 1.0235110285064608, 'gamma': 0.08357033293263803, 'normalized_gamma': 1.1}
{'sample_size': 120, 'difference': 0, 'noise': 0.05, 'n': 12, 'shap_error': 0.035369553053749156, 'shap_norm_sq': 0.07822255669290895, 'weighted_error': 1.49545362859268, 'gamma': 0.08357033293263803, 'normalized_gamma': 1.1}
{'sample_size': 120, 'difference': 0, 'noise': 0.1, 'n': 12, 'shap_error': 0.09252563617158116, 'shap_norm_sq': 0.07822255669290895, 'weighted_error': 2.249007906401913, 'gamma': 0.08357033293263803, 'normalized_gamma': 1.1}
{'sample_size': 120, 'difference': 0, 'noise': 0.5, 'n': 12, 'shap_error': 1.9169252654137554, 'shap_norm_sq': 0.07822255669290895, 'weighted_error': 26.293943521061887, 'gamma': 0.08357033293263803, 'normalized_gamma': 1.1}
{'sample_size': 120, 'difference': 0, 'noise': 1, 'n': 12, 'shap_error': 5.2088705745870625, 'shap_norm_sq': 0.07822255669290895, 'weighted_error': 65.36772815911111, 'gamma': 0.08357033293263803, 'normalized_gamma': 1.1}
{'sample_size': 120, 'difference': 0, 'noise': 0.0005, 'n': 12, 'shap_error': 0.0009588121734074143, 'shap_norm_sq': 0.04708286444869971, 'weighted_error': 1.0056841681212958, 'gamma': 0.17922773100207173, 'normalized_gamma': 3.8}
{'sample_size': 120, 'difference': 0, 'noise': 0.001, 'n': 12, 'shap_error': 0.002139487344073003, 'shap_norm_sq': 0.04708286444869971, 'weighted_error': 1.0126757707322231, 'gamma': 0.17922773100207173, 'normalized_gamma': 3.8}
{'sample_size': 120, 'difference': 0, 'noise': 0.005, 'n': 12, 'shap_error': 0.003615141977468986, 'shap_norm_sq': 0.04708286444869971, 'weighted_error': 1.0210030001246704, 'gamma': 0.17922773100207173, 'normalized_gamma': 3.8}
{'sample_size': 120, 'difference': 0, 'noise': 0.01, 'n': 12, 'shap_error': 0.004069588038087707, 'shap_norm_sq': 0.04708286444869971, 'weighted_error': 1.0223620862298193, 'gamma': 0.17922773100207173, 'normalized_gamma': 3.8}
{'sample_size': 120, 'difference': 0, 'noise': 0.05, 'n': 12, 'shap_error': 0.03910924294634864, 'shap_norm_sq': 0.04708286444869971, 'weighted_error': 1.1874655721272498, 'gamma': 0.17922773100207173, 'normalized_gamma': 3.8}
{'sample_size': 120, 'difference': 0, 'noise': 0.1, 'n': 12, 'shap_error': 0.28582618786191744, 'shap_norm_sq': 0.04708286444869971, 'weighted_error': 2.5175298151234613, 'gamma': 0.17922773100207173, 'normalized_gamma': 3.8}
{'sample_size': 120, 'difference': 0, 'noise': 0.5, 'n': 12, 'shap_error': 6.805600890025985, 'shap_norm_sq': 0.04708286444869971, 'weighted_error': 36.92069760049116, 'gamma': 0.17922773100207173, 'normalized_gamma': 3.8}
{'sample_size': 120, 'difference': 0, 'noise': 1, 'n': 12, 'shap_error': 21.57153252836353, 'shap_norm_sq': 0.04708286444869971, 'weighted_error': 111.15613534102015, 'gamma': 0.17922773100207173, 'normalized_gamma': 3.8}
{'sample_size': 120, 'difference': 0, 'noise': 0.0005, 'n': 12, 'shap_error': 0.011723670112466713, 'shap_norm_sq': 0.0006676262693139036, 'weighted_error': 1.011361821847997, 'gamma': 1.142731638054149, 'normalized_gamma': 1700.0}
{'sample_size': 120, 'difference': 0, 'noise': 0.001, 'n': 12, 'shap_error': 0.013956599403547655, 'shap_norm_sq': 0.0006676262693139036, 'weighted_error': 1.0135250934487519, 'gamma': 1.142731638054149, 'normalized_gamma': 1700.0}
{'sample_size': 120, 'difference': 0, 'noise': 0.005, 'n': 12, 'shap_error': 0.018447989717086936, 'shap_norm_sq': 0.0006676262693139036, 'weighted_error': 1.0178533158676657, 'gamma': 1.142731638054149, 'normalized_gamma': 1700.0}
{'sample_size': 120, 'difference': 0, 'noise': 0.01, 'n': 12, 'shap_error': 0.10401397325439003, 'shap_norm_sq': 0.0006676262693139036, 'weighted_error': 1.1007032094579186, 'gamma': 1.142731638054149, 'normalized_gamma': 1700.0}
{'sample_size': 120, 'difference': 0, 'noise': 0.05, 'n': 12, 'shap_error': 1.8321236339634914, 'shap_norm_sq': 0.0006676262693139036, 'weighted_error': 2.7730477875110875, 'gamma': 1.142731638054149, 'normalized_gamma': 1700.0}
{'sample_size': 120, 'difference': 0, 'noise': 0.1, 'n': 12, 'shap_error': 4.9535123836084605, 'shap_norm_sq': 0.0006676262693139036, 'weighted_error': 5.790460052743224, 'gamma': 1.142731638054149, 'normalized_gamma': 1700.0}
{'sample_size': 120, 'difference': 0, 'noise': 0.5, 'n': 12, 'shap_error': 180.3482573379537, 'shap_norm_sq': 0.0006676262693139036, 'weighted_error': 175.52901807217867, 'gamma': 1.142731638054149, 'normalized_gamma': 1700.0}
{'sample_size': 120, 'difference': 0, 'noise': 1, 'n': 12, 'shap_error': 595.4138721799193, 'shap_norm_sq': 0.0006676262693139036, 'weighted_error': 577.0224485231387, 'gamma': 1.142731638054149, 'normalized_gamma': 1700.0}
{'sample_size': 120, 'difference': 0, 'noise': 0.0005, 'n': 12, 'shap_error': 0.010447127862373447, 'shap_norm_sq': 0.0014199216110490074, 'weighted_error': 1.0121493283638363, 'gamma': 0.8665886723137527, 'normalized_gamma': 610.0}
{'sample_size': 120, 'difference': 0, 'noise': 0.001, 'n': 12, 'shap_error': 0.029902970821509667, 'shap_norm_sq': 0.0014199216110490074, 'weighted_error': 1.0346995441901812, 'gamma': 0.8665886723137527, 'normalized_gamma': 610.0}
{'sample_size': 120, 'difference': 0, 'noise': 0.005, 'n': 12, 'shap_error': 0.03504953954536497, 'shap_norm_sq': 0.0014199216110490074, 'weighted_error': 1.0343367062767845, 'gamma': 0.8665886723137527, 'normalized_gamma': 610.0}
{'sample_size': 120, 'difference': 0, 'noise': 0.01, 'n': 12, 'shap_error': 0.13830563717299735, 'shap_norm_sq': 0.0014199216110490074, 'weighted_error': 1.1351339591729286, 'gamma': 0.8665886723137527, 'normalized_gamma': 610.0}
{'sample_size': 120, 'difference': 0, 'noise': 0.05, 'n': 12, 'shap_error': 1.5341031361861246, 'shap_norm_sq': 0.0014199216110490074, 'weighted_error': 2.12916213143745, 'gamma': 0.8665886723137527, 'normalized_gamma': 610.0}
{'sample_size': 120, 'difference': 0, 'noise': 0.1, 'n': 12, 'shap_error': 6.498071130034434, 'shap_norm_sq': 0.0014199216110490074, 'weighted_error': 5.939534013927232, 'gamma': 0.8665886723137527, 'normalized_gamma': 610.0}
{'sample_size': 120, 'difference': 0, 'noise': 0.5, 'n': 12, 'shap_error': 286.50120065591017, 'shap_norm_sq': 0.0014199216110490074, 'weighted_error': 269.53892047941156, 'gamma': 0.8665886723137527, 'normalized_gamma': 610.0}
{'sample_size': 120, 'difference': 0, 'noise': 1, 'n': 12, 'shap_error': 683.682426945039, 'shap_norm_sq': 0.0014199216110490074, 'weighted_error': 534.5636762702059, 'gamma': 0.8665886723137527, 'normalized_gamma': 610.0}
{'sample_size': 120, 'difference': 0, 'noise': 0.0005, 'n': 12, 'shap_error': 0.0008692558418798586, 'shap_norm_sq': 0.14997670093845428, 'weighted_error': 1.0025594000223774, 'gamma': 0.47972112568454955, 'normalized_gamma': 3.2}
{'sample_size': 120, 'difference': 0, 'noise': 0.001, 'n': 12, 'shap_error': 0.003263651061699983, 'shap_norm_sq': 0.14997670093845428, 'weighted_error': 1.0096092698773547, 'gamma': 0.47972112568454955, 'normalized_gamma': 3.2}
{'sample_size': 120, 'difference': 0, 'noise': 0.005, 'n': 12, 'shap_error': 0.001487531165976673, 'shap_norm_sq': 0.14997670093845428, 'weighted_error': 1.0043342749172457, 'gamma': 0.47972112568454955, 'normalized_gamma': 3.2}
{'sample_size': 120, 'difference': 0, 'noise': 0.01, 'n': 12, 'shap_error': 0.0010395184409255794, 'shap_norm_sq': 0.14997670093845428, 'weighted_error': 1.0028760761298416, 'gamma': 0.47972112568454955, 'normalized_gamma': 3.2}
{'sample_size': 120, 'difference': 0, 'noise': 0.05, 'n': 12, 'shap_error': 0.023853989586725816, 'shap_norm_sq': 0.14997670093845428, 'weighted_error': 1.0656181539477136, 'gamma': 0.47972112568454955, 'normalized_gamma': 3.2}
{'sample_size': 120, 'difference': 0, 'noise': 0.1, 'n': 12, 'shap_error': 0.14612001274654643, 'shap_norm_sq': 0.14997670093845428, 'weighted_error': 1.4117900150746359, 'gamma': 0.47972112568454955, 'normalized_gamma': 3.2}
{'sample_size': 120, 'difference': 0, 'noise': 0.5, 'n': 12, 'shap_error': 2.1811962068696817, 'shap_norm_sq': 0.14997670093845428, 'weighted_error': 6.960457288209465, 'gamma': 0.47972112568454955, 'normalized_gamma': 3.2}
{'sample_size': 120, 'difference': 0, 'noise': 1, 'n': 12, 'shap_error': 10.48964809545548, 'shap_norm_sq': 0.14997670093845428, 'weighted_error': 30.03914730930548, 'gamma': 0.47972112568454955, 'normalized_gamma': 3.2}
{'sample_size': 120, 'difference': 0, 'noise': 0.0005, 'n': 12, 'shap_error': 0.004641719762656419, 'shap_norm_sq': 0.045632880813647456, 'weighted_error': 1.0423108304367974, 'gamma': 0.1190200369796469, 'normalized_gamma': 2.6}
{'sample_size': 120, 'difference': 0, 'noise': 0.001, 'n': 12, 'shap_error': 0.005970627487687633, 'shap_norm_sq': 0.045632880813647456, 'weighted_error': 1.0544217661242665, 'gamma': 0.1190200369796469, 'normalized_gamma': 2.6}
{'sample_size': 120, 'difference': 0, 'noise': 0.005, 'n': 12, 'shap_error': 0.0020755546688231217, 'shap_norm_sq': 0.045632880813647456, 'weighted_error': 1.0188423347169868, 'gamma': 0.1190200369796469, 'normalized_gamma': 2.6}
{'sample_size': 120, 'difference': 0, 'noise': 0.01, 'n': 12, 'shap_error': 0.001513532911569235, 'shap_norm_sq': 0.045632880813647456, 'weighted_error': 1.0134867589022065, 'gamma': 0.1190200369796469, 'normalized_gamma': 2.6}
{'sample_size': 120, 'difference': 0, 'noise': 0.05, 'n': 12, 'shap_error': 0.0507401099063426, 'shap_norm_sq': 0.045632880813647456, 'weighted_error': 1.4547726501529108, 'gamma': 0.1190200369796469, 'normalized_gamma': 2.6}
{'sample_size': 120, 'difference': 0, 'noise': 0.1, 'n': 12, 'shap_error': 0.08373230372596503, 'shap_norm_sq': 0.045632880813647456, 'weighted_error': 1.732270283100039, 'gamma': 0.1190200369796469, 'normalized_gamma': 2.6}
{'sample_size': 120, 'difference': 0, 'noise': 0.5, 'n': 12, 'shap_error': 3.2887460002359625, 'shap_norm_sq': 0.045632880813647456, 'weighted_error': 30.203739620565052, 'gamma': 0.1190200369796469, 'normalized_gamma': 2.6}
{'sample_size': 120, 'difference': 0, 'noise': 1, 'n': 12, 'shap_error': 22.325038741545896, 'shap_norm_sq': 0.045632880813647456, 'weighted_error': 201.40434211285373, 'gamma': 0.1190200369796469, 'normalized_gamma': 2.6}
{'sample_size': 120, 'difference': 0, 'noise': 0.0005, 'n': 12, 'shap_error': 0.0005098777650105217, 'shap_norm_sq': 0.07897365396289663, 'weighted_error': 1.0050374014430252, 'gamma': 0.11019818040308461, 'normalized_gamma': 1.4}
{'sample_size': 120, 'difference': 0, 'noise': 0.001, 'n': 12, 'shap_error': 0.0006766297156882531, 'shap_norm_sq': 0.07897365396289663, 'weighted_error': 1.006677989509118, 'gamma': 0.11019818040308461, 'normalized_gamma': 1.4}
{'sample_size': 120, 'difference': 0, 'noise': 0.005, 'n': 12, 'shap_error': 0.0019721668762261494, 'shap_norm_sq': 0.07897365396289663, 'weighted_error': 1.019236997956265, 'gamma': 0.11019818040308461, 'normalized_gamma': 1.4}
{'sample_size': 120, 'difference': 0, 'noise': 0.01, 'n': 12, 'shap_error': 0.0017030241487093806, 'shap_norm_sq': 0.07897365396289663, 'weighted_error': 1.0158046193426966, 'gamma': 0.11019818040308461, 'normalized_gamma': 1.4}
{'sample_size': 120, 'difference': 0, 'noise': 0.05, 'n': 12, 'shap_error': 0.027358864062186013, 'shap_norm_sq': 0.07897365396289663, 'weighted_error': 1.2447027785569442, 'gamma': 0.11019818040308461, 'normalized_gamma': 1.4}
{'sample_size': 120, 'difference': 0, 'noise': 0.1, 'n': 12, 'shap_error': 0.11384930130966235, 'shap_norm_sq': 0.07897365396289663, 'weighted_error': 2.022440890477006, 'gamma': 0.11019818040308461, 'normalized_gamma': 1.4}
{'sample_size': 120, 'difference': 0, 'noise': 0.5, 'n': 12, 'shap_error': 2.174316165545348, 'shap_norm_sq': 0.07897365396289663, 'weighted_error': 19.919354040973293, 'gamma': 0.11019818040308461, 'normalized_gamma': 1.4}
{'sample_size': 120, 'difference': 0, 'noise': 1, 'n': 12, 'shap_error': 9.253710947087086, 'shap_norm_sq': 0.07897365396289663, 'weighted_error': 82.17770459097939, 'gamma': 0.11019818040308461, 'normalized_gamma': 1.4}
{'sample_size': 120, 'difference': 0, 'noise': 0.0005, 'n': 12, 'shap_error': 0.0013600584273666019, 'shap_norm_sq': 0.002490358519697195, 'weighted_error': 1.0029767100787266, 'gamma': 0.44544691407589865, 'normalized_gamma': 180.0}
{'sample_size': 120, 'difference': 0, 'noise': 0.001, 'n': 12, 'shap_error': 0.0016801730617589559, 'shap_norm_sq': 0.002490358519697195, 'weighted_error': 1.0032400085564965, 'gamma': 0.44544691407589865, 'normalized_gamma': 180.0}
{'sample_size': 120, 'difference': 0, 'noise': 0.005, 'n': 12, 'shap_error': 0.026188742656859075, 'shap_norm_sq': 0.002490358519697195, 'weighted_error': 1.0445455754113617, 'gamma': 0.44544691407589865, 'normalized_gamma': 180.0}
{'sample_size': 120, 'difference': 0, 'noise': 0.01, 'n': 12, 'shap_error': 0.13515433464132975, 'shap_norm_sq': 0.002490358519697195, 'weighted_error': 1.2482519228936126, 'gamma': 0.44544691407589865, 'normalized_gamma': 180.0}
{'sample_size': 120, 'difference': 0, 'noise': 0.05, 'n': 12, 'shap_error': 2.641459595707965, 'shap_norm_sq': 0.002490358519697195, 'weighted_error': 5.506609357290276, 'gamma': 0.44544691407589865, 'normalized_gamma': 180.0}
{'sample_size': 120, 'difference': 0, 'noise': 0.1, 'n': 12, 'shap_error': 3.7909233016761705, 'shap_norm_sq': 0.002490358519697195, 'weighted_error': 3.41037477432312, 'gamma': 0.44544691407589865, 'normalized_gamma': 180.0}
{'sample_size': 120, 'difference': 0, 'noise': 0.5, 'n': 12, 'shap_error': 144.7270258244971, 'shap_norm_sq': 0.002490358519697195, 'weighted_error': 176.40234652704962, 'gamma': 0.44544691407589865, 'normalized_gamma': 180.0}
{'sample_size': 120, 'difference': 0, 'noise': 1, 'n': 12, 'shap_error': 1367.7457551186221, 'shap_norm_sq': 0.002490358519697195, 'weighted_error': 2520.866694517417, 'gamma': 0.44544691407589865, 'normalized_gamma': 180.0}
{'sample_size': 120, 'difference': 0, 'noise': 0.0005, 'n': 12, 'shap_error': 0.00010247904165110218, 'shap_norm_sq': 0.011626604398934709, 'weighted_error': 1.0007502695545385, 'gamma': 0.14051435684169125, 'normalized_gamma': 12.0}
{'sample_size': 120, 'difference': 0, 'noise': 0.001, 'n': 12, 'shap_error': 0.00010953721562097612, 'shap_norm_sq': 0.011626604398934709, 'weighted_error': 1.0007278227380159, 'gamma': 0.14051435684169125, 'normalized_gamma': 12.0}
{'sample_size': 120, 'difference': 0, 'noise': 0.005, 'n': 12, 'shap_error': 0.0030649862457105908, 'shap_norm_sq': 0.011626604398934709, 'weighted_error': 1.0206669883890191, 'gamma': 0.14051435684169125, 'normalized_gamma': 12.0}
{'sample_size': 120, 'difference': 0, 'noise': 0.01, 'n': 12, 'shap_error': 0.006313282027768473, 'shap_norm_sq': 0.011626604398934709, 'weighted_error': 1.0376650114167052, 'gamma': 0.14051435684169125, 'normalized_gamma': 12.0}
{'sample_size': 120, 'difference': 0, 'noise': 0.05, 'n': 12, 'shap_error': 0.27750964749994284, 'shap_norm_sq': 0.011626604398934709, 'weighted_error': 2.847318269232003, 'gamma': 0.14051435684169125, 'normalized_gamma': 12.0}
{'sample_size': 120, 'difference': 0, 'noise': 0.1, 'n': 12, 'shap_error': 0.7126646137392818, 'shap_norm_sq': 0.011626604398934709, 'weighted_error': 5.382029067760483, 'gamma': 0.14051435684169125, 'normalized_gamma': 12.0}
{'sample_size': 120, 'difference': 0, 'noise': 0.5, 'n': 12, 'shap_error': 22.927519696380838, 'shap_norm_sq': 0.011626604398934709, 'weighted_error': 149.228990200205, 'gamma': 0.14051435684169125, 'normalized_gamma': 12.0}
{'sample_size': 120, 'difference': 0, 'noise': 1, 'n': 12, 'shap_error': 81.33838653020322, 'shap_norm_sq': 0.011626604398934709, 'weighted_error': 515.4251838597606, 'gamma': 0.14051435684169125, 'normalized_gamma': 12.0}
{'sample_size': 120, 'difference': 0, 'noise': 0.0005, 'n': 12, 'shap_error': 0.004651718618757559, 'shap_norm_sq': 0.000882756356728074, 'weighted_error': 1.0102177148888773, 'gamma': 0.5180613717140812, 'normalized_gamma': 590.0}
{'sample_size': 120, 'difference': 0, 'noise': 0.001, 'n': 12, 'shap_error': 0.0035291278609360472, 'shap_norm_sq': 0.000882756356728074, 'weighted_error': 1.0073115333205558, 'gamma': 0.5180613717140812, 'normalized_gamma': 590.0}
{'sample_size': 120, 'difference': 0, 'noise': 0.005, 'n': 12, 'shap_error': 0.028332021278317816, 'shap_norm_sq': 0.000882756356728074, 'weighted_error': 1.0494749029656767, 'gamma': 0.5180613717140812, 'normalized_gamma': 590.0}
{'sample_size': 120, 'difference': 0, 'noise': 0.01, 'n': 12, 'shap_error': 0.14877863658381593, 'shap_norm_sq': 0.000882756356728074, 'weighted_error': 1.276803385899235, 'gamma': 0.5180613717140812, 'normalized_gamma': 590.0}
{'sample_size': 120, 'difference': 0, 'noise': 0.05, 'n': 12, 'shap_error': 5.765922176935229, 'shap_norm_sq': 0.000882756356728074, 'weighted_error': 12.474977963973451, 'gamma': 0.5180613717140812, 'normalized_gamma': 590.0}
{'sample_size': 120, 'difference': 0, 'noise': 0.1, 'n': 12, 'shap_error': 18.10038325502038, 'shap_norm_sq': 0.000882756356728074, 'weighted_error': 35.8528539784337, 'gamma': 0.5180613717140812, 'normalized_gamma': 590.0}
{'sample_size': 120, 'difference': 0, 'noise': 0.5, 'n': 12, 'shap_error': 231.11553652909785, 'shap_norm_sq': 0.000882756356728074, 'weighted_error': 379.55395980404234, 'gamma': 0.5180613717140812, 'normalized_gamma': 590.0}
{'sample_size': 120, 'difference': 0, 'noise': 1, 'n': 12, 'shap_error': 2119.386674786289, 'shap_norm_sq': 0.000882756356728074, 'weighted_error': 4174.816592455459, 'gamma': 0.5180613717140812, 'normalized_gamma': 590.0}
{'sample_size': 120, 'difference': 0, 'noise': 0.0005, 'n': 12, 'shap_error': 0.011333831077105679, 'shap_norm_sq': 0.0014724918665542292, 'weighted_error': 1.0280393458472463, 'gamma': 0.40545918372517575, 'normalized_gamma': 280.0}
{'sample_size': 120, 'difference': 0, 'noise': 0.001, 'n': 12, 'shap_error': 0.0023954364435676964, 'shap_norm_sq': 0.0014724918665542292, 'weighted_error': 1.00592410878858, 'gamma': 0.40545918372517575, 'normalized_gamma': 280.0}
{'sample_size': 120, 'difference': 0, 'noise': 0.005, 'n': 12, 'shap_error': 0.007086931880960264, 'shap_norm_sq': 0.0014724918665542292, 'weighted_error': 1.0174783950701152, 'gamma': 0.40545918372517575, 'normalized_gamma': 280.0}
{'sample_size': 120, 'difference': 0, 'noise': 0.01, 'n': 12, 'shap_error': 0.06042664498925357, 'shap_norm_sq': 0.0014724918665542292, 'weighted_error': 1.1492768079478117, 'gamma': 0.40545918372517575, 'normalized_gamma': 280.0}
{'sample_size': 120, 'difference': 0, 'noise': 0.05, 'n': 12, 'shap_error': 2.118116585871039, 'shap_norm_sq': 0.0014724918665542292, 'weighted_error': 6.234753319491307, 'gamma': 0.40545918372517575, 'normalized_gamma': 280.0}
{'sample_size': 120, 'difference': 0, 'noise': 0.1, 'n': 12, 'shap_error': 5.669051831226308, 'shap_norm_sq': 0.0014724918665542292, 'weighted_error': 15.003362766337915, 'gamma': 0.40545918372517575, 'normalized_gamma': 280.0}
{'sample_size': 120, 'difference': 0, 'noise': 0.5, 'n': 12, 'shap_error': 100.34680965412032, 'shap_norm_sq': 0.0014724918665542292, 'weighted_error': 248.71121018674768, 'gamma': 0.40545918372517575, 'normalized_gamma': 280.0}
{'sample_size': 120, 'difference': 0, 'noise': 1, 'n': 12, 'shap_error': 693.0907754383851, 'shap_norm_sq': 0.0014724918665542292, 'weighted_error': 1713.5195131268626, 'gamma': 0.40545918372517575, 'normalized_gamma': 280.0}
{'sample_size': 120, 'difference': 0, 'noise': 0.0005, 'n': 12, 'shap_error': 0.011862254470892725, 'shap_norm_sq': 0.0003617373277103578, 'weighted_error': 1.0092546206749435, 'gamma': 1.2842843611686823, 'normalized_gamma': 3600.0}
{'sample_size': 120, 'difference': 0, 'noise': 0.001, 'n': 12, 'shap_error': 0.03895036016168942, 'shap_norm_sq': 0.0003617373277103578, 'weighted_error': 1.0303597594486595, 'gamma': 1.2842843611686823, 'normalized_gamma': 3600.0}
{'sample_size': 120, 'difference': 0, 'noise': 0.005, 'n': 12, 'shap_error': 0.12439004351394169, 'shap_norm_sq': 0.0003617373277103578, 'weighted_error': 1.0934767891258514, 'gamma': 1.2842843611686823, 'normalized_gamma': 3600.0}
{'sample_size': 120, 'difference': 0, 'noise': 0.01, 'n': 12, 'shap_error': 0.10743320575441474, 'shap_norm_sq': 0.0003617373277103578, 'weighted_error': 1.0682279228432898, 'gamma': 1.2842843611686823, 'normalized_gamma': 3600.0}
{'sample_size': 120, 'difference': 0, 'noise': 0.05, 'n': 12, 'shap_error': 4.328110851341959, 'shap_norm_sq': 0.0003617373277103578, 'weighted_error': 3.9924871646894955, 'gamma': 1.2842843611686823, 'normalized_gamma': 3600.0}
{'sample_size': 120, 'difference': 0, 'noise': 0.1, 'n': 12, 'shap_error': 18.875305718942027, 'shap_norm_sq': 0.0003617373277103578, 'weighted_error': 14.194515525685537, 'gamma': 1.2842843611686823, 'normalized_gamma': 3600.0}
{'sample_size': 120, 'difference': 0, 'noise': 0.5, 'n': 12, 'shap_error': 217.85580569555935, 'shap_norm_sq': 0.0003617373277103578, 'weighted_error': 131.82292684733278, 'gamma': 1.2842843611686823, 'normalized_gamma': 3600.0}
{'sample_size': 120, 'difference': 0, 'noise': 1, 'n': 12, 'shap_error': 1468.8875305381796, 'shap_norm_sq': 0.0003617373277103578, 'weighted_error': 992.4283096820825, 'gamma': 1.2842843611686823, 'normalized_gamma': 3600.0}
{'sample_size': 120, 'difference': 0, 'noise': 0.0005, 'n': 12, 'shap_error': 0.0003653128574230061, 'shap_norm_sq': 0.16158013192755238, 'weighted_error': 1.0006989459422162, 'gamma': 0.894928209502111, 'normalized_gamma': 5.5}
{'sample_size': 120, 'difference': 0, 'noise': 0.001, 'n': 12, 'shap_error': 0.002151063476919234, 'shap_norm_sq': 0.16158013192755238, 'weighted_error': 1.0041157003698102, 'gamma': 0.894928209502111, 'normalized_gamma': 5.5}
{'sample_size': 120, 'difference': 0, 'noise': 0.005, 'n': 12, 'shap_error': 0.0008727227091389209, 'shap_norm_sq': 0.16158013192755238, 'weighted_error': 1.0016632017908906, 'gamma': 0.894928209502111, 'normalized_gamma': 5.5}
{'sample_size': 120, 'difference': 0, 'noise': 0.01, 'n': 12, 'shap_error': 0.0009475984887462622, 'shap_norm_sq': 0.16158013192755238, 'weighted_error': 1.0017863215181746, 'gamma': 0.894928209502111, 'normalized_gamma': 5.5}
{'sample_size': 120, 'difference': 0, 'noise': 0.05, 'n': 12, 'shap_error': 0.007459237819691459, 'shap_norm_sq': 0.16158013192755238, 'weighted_error': 1.0136013363785568, 'gamma': 0.894928209502111, 'normalized_gamma': 5.5}
{'sample_size': 120, 'difference': 0, 'noise': 0.1, 'n': 12, 'shap_error': 0.029614522613914455, 'shap_norm_sq': 0.16158013192755238, 'weighted_error': 1.0539796700336836, 'gamma': 0.894928209502111, 'normalized_gamma': 5.5}
{'sample_size': 120, 'difference': 0, 'noise': 0.5, 'n': 12, 'shap_error': 0.8880279429411702, 'shap_norm_sq': 0.16158013192755238, 'weighted_error': 2.632044117776917, 'gamma': 0.894928209502111, 'normalized_gamma': 5.5}
{'sample_size': 120, 'difference': 0, 'noise': 1, 'n': 12, 'shap_error': 2.588339731386749, 'shap_norm_sq': 0.16158013192755238, 'weighted_error': 5.6840292955240965, 'gamma': 0.894928209502111, 'normalized_gamma': 5.5}
{'sample_size': 120, 'difference': 0, 'noise': 0.0005, 'n': 12, 'shap_error': 0.0008296054758085619, 'shap_norm_sq': 0.08924123127433807, 'weighted_error': 1.0027809081807688, 'gamma': 0.4130973466599409, 'normalized_gamma': 4.6}
{'sample_size': 120, 'difference': 0, 'noise': 0.001, 'n': 12, 'shap_error': 0.001213805061764219, 'shap_norm_sq': 0.08924123127433807, 'weighted_error': 1.004065822044512, 'gamma': 0.4130973466599409, 'normalized_gamma': 4.6}
{'sample_size': 120, 'difference': 0, 'noise': 0.005, 'n': 12, 'shap_error': 0.0011802629980294792, 'shap_norm_sq': 0.08924123127433807, 'weighted_error': 1.0038437574383532, 'gamma': 0.4130973466599409, 'normalized_gamma': 4.6}
{'sample_size': 120, 'difference': 0, 'noise': 0.01, 'n': 12, 'shap_error': 0.010083586195811615, 'shap_norm_sq': 0.08924123127433807, 'weighted_error': 1.0333580366301403, 'gamma': 0.4130973466599409, 'normalized_gamma': 4.6}
{'sample_size': 120, 'difference': 0, 'noise': 0.05, 'n': 12, 'shap_error': 0.032057805524322705, 'shap_norm_sq': 0.08924123127433807, 'weighted_error': 1.0960847171578096, 'gamma': 0.4130973466599409, 'normalized_gamma': 4.6}
{'sample_size': 120, 'difference': 0, 'noise': 0.1, 'n': 12, 'shap_error': 0.08871225739262548, 'shap_norm_sq': 0.08924123127433807, 'weighted_error': 1.2518139076235535, 'gamma': 0.4130973466599409, 'normalized_gamma': 4.6}
{'sample_size': 120, 'difference': 0, 'noise': 0.5, 'n': 12, 'shap_error': 1.4768525900283869, 'shap_norm_sq': 0.08924123127433807, 'weighted_error': 4.810596097599039, 'gamma': 0.4130973466599409, 'normalized_gamma': 4.6}
{'sample_size': 120, 'difference': 0, 'noise': 1, 'n': 12, 'shap_error': 16.36912865564962, 'shap_norm_sq': 0.08924123127433807, 'weighted_error': 51.325216851108294, 'gamma': 0.4130973466599409, 'normalized_gamma': 4.6}
{'sample_size': 120, 'difference': 0, 'noise': 0.0005, 'n': 12, 'shap_error': 0.0007074079641418787, 'shap_norm_sq': 0.06010942248297174, 'weighted_error': 1.0028498821676575, 'gamma': 0.30876282205131983, 'normalized_gamma': 5.1}
{'sample_size': 120, 'difference': 0, 'noise': 0.001, 'n': 12, 'shap_error': 0.00045321176948811696, 'shap_norm_sq': 0.06010942248297174, 'weighted_error': 1.001823085520048, 'gamma': 0.30876282205131983, 'normalized_gamma': 5.1}
{'sample_size': 120, 'difference': 0, 'noise': 0.005, 'n': 12, 'shap_error': 0.000633462397448172, 'shap_norm_sq': 0.06010942248297174, 'weighted_error': 1.002471327241413, 'gamma': 0.30876282205131983, 'normalized_gamma': 5.1}
{'sample_size': 120, 'difference': 0, 'noise': 0.01, 'n': 12, 'shap_error': 0.002990852951221111, 'shap_norm_sq': 0.06010942248297174, 'weighted_error': 1.011726977544585, 'gamma': 0.30876282205131983, 'normalized_gamma': 5.1}
{'sample_size': 120, 'difference': 0, 'noise': 0.05, 'n': 12, 'shap_error': 0.0344039102573377, 'shap_norm_sq': 0.06010942248297174, 'weighted_error': 1.1305025932150903, 'gamma': 0.30876282205131983, 'normalized_gamma': 5.1}
{'sample_size': 120, 'difference': 0, 'noise': 0.1, 'n': 12, 'shap_error': 0.12061301242164858, 'shap_norm_sq': 0.06010942248297174, 'weighted_error': 1.453493981227739, 'gamma': 0.30876282205131983, 'normalized_gamma': 5.1}
{'sample_size': 120, 'difference': 0, 'noise': 0.5, 'n': 12, 'shap_error': 2.7218460428610984, 'shap_norm_sq': 0.06010942248297174, 'weighted_error': 11.154691267955682, 'gamma': 0.30876282205131983, 'normalized_gamma': 5.1}
{'sample_size': 120, 'difference': 0, 'noise': 1, 'n': 12, 'shap_error': 16.236045794931602, 'shap_norm_sq': 0.06010942248297174, 'weighted_error': 63.172669834707435, 'gamma': 0.30876282205131983, 'normalized_gamma': 5.1}
{'sample_size': 120, 'difference': 0, 'noise': 0.0005, 'n': 12, 'shap_error': 0.00016175740815015043, 'shap_norm_sq': 0.7435285843222785, 'weighted_error': 1.0150283483715599, 'gamma': 0.01217183510496276, 'normalized_gamma': 0.016}
{'sample_size': 120, 'difference': 0, 'noise': 0.001, 'n': 12, 'shap_error': 0.0001091003817695095, 'shap_norm_sq': 0.7435285843222785, 'weighted_error': 1.0101268801396859, 'gamma': 0.01217183510496276, 'normalized_gamma': 0.016}
{'sample_size': 120, 'difference': 0, 'noise': 0.005, 'n': 12, 'shap_error': 8.13232319433125e-05, 'shap_norm_sq': 0.7435285843222785, 'weighted_error': 1.0072802293041532, 'gamma': 0.01217183510496276, 'normalized_gamma': 0.016}
{'sample_size': 120, 'difference': 0, 'noise': 0.01, 'n': 12, 'shap_error': 0.000121682605763018, 'shap_norm_sq': 0.7435285843222785, 'weighted_error': 1.010200433504798, 'gamma': 0.01217183510496276, 'normalized_gamma': 0.016}
{'sample_size': 120, 'difference': 0, 'noise': 0.05, 'n': 12, 'shap_error': 0.002750997308347806, 'shap_norm_sq': 0.7435285843222785, 'weighted_error': 1.227965039234637, 'gamma': 0.01217183510496276, 'normalized_gamma': 0.016}
{'sample_size': 120, 'difference': 0, 'noise': 0.1, 'n': 12, 'shap_error': 0.01001336899451694, 'shap_norm_sq': 0.7435285843222785, 'weighted_error': 1.8198084064792148, 'gamma': 0.01217183510496276, 'normalized_gamma': 0.016}
{'sample_size': 120, 'difference': 0, 'noise': 0.5, 'n': 12, 'shap_error': 0.2784608123905393, 'shap_norm_sq': 0.7435285843222785, 'weighted_error': 24.1088391892724, 'gamma': 0.01217183510496276, 'normalized_gamma': 0.016}
{'sample_size': 120, 'difference': 0, 'noise': 1, 'n': 12, 'shap_error': 0.5022969115079653, 'shap_norm_sq': 0.7435285843222785, 'weighted_error': 36.60844497996447, 'gamma': 0.01217183510496276, 'normalized_gamma': 0.016}
{'sample_size': 120, 'difference': 0, 'noise': 0.0005, 'n': 12, 'shap_error': 0.001168523851768918, 'shap_norm_sq': 0.1519531758464757, 'weighted_error': 1.002200416593245, 'gamma': 0.8874155269291613, 'normalized_gamma': 5.8}
{'sample_size': 120, 'difference': 0, 'noise': 0.001, 'n': 12, 'shap_error': 0.001304776456650021, 'shap_norm_sq': 0.1519531758464757, 'weighted_error': 1.002455234189809, 'gamma': 0.8874155269291613, 'normalized_gamma': 5.8}
{'sample_size': 120, 'difference': 0, 'noise': 0.005, 'n': 12, 'shap_error': 0.0008862998084044769, 'shap_norm_sq': 0.1519531758464757, 'weighted_error': 1.0016085471102478, 'gamma': 0.8874155269291613, 'normalized_gamma': 5.8}
{'sample_size': 120, 'difference': 0, 'noise': 0.01, 'n': 12, 'shap_error': 0.0014919695918031572, 'shap_norm_sq': 0.1519531758464757, 'weighted_error': 1.0025666862641864, 'gamma': 0.8874155269291613, 'normalized_gamma': 5.8}
{'sample_size': 120, 'difference': 0, 'noise': 0.05, 'n': 12, 'shap_error': 0.01291767301738604, 'shap_norm_sq': 0.1519531758464757, 'weighted_error': 1.0182423008050119, 'gamma': 0.8874155269291613, 'normalized_gamma': 5.8}
{'sample_size': 120, 'difference': 0, 'noise': 0.1, 'n': 12, 'shap_error': 0.05157384187561711, 'shap_norm_sq': 0.1519531758464757, 'weighted_error': 1.0727866976844418, 'gamma': 0.8874155269291613, 'normalized_gamma': 5.8}
{'sample_size': 120, 'difference': 0, 'noise': 0.5, 'n': 12, 'shap_error': 0.7757368376341023, 'shap_norm_sq': 0.1519531758464757, 'weighted_error': 1.8522362137549102, 'gamma': 0.8874155269291613, 'normalized_gamma': 5.8}
{'sample_size': 120, 'difference': 0, 'noise': 1, 'n': 12, 'shap_error': 6.5256228127246185, 'shap_norm_sq': 0.1519531758464757, 'weighted_error': 10.855886047179165, 'gamma': 0.8874155269291613, 'normalized_gamma': 5.8}
{'sample_size': 120, 'difference': 0, 'noise': 0.0005, 'n': 12, 'shap_error': 0.006921630540678135, 'shap_norm_sq': 0.0015522125589464298, 'weighted_error': 1.022218529060505, 'gamma': 0.3104703586126783, 'normalized_gamma': 200.0}
{'sample_size': 120, 'difference': 0, 'noise': 0.001, 'n': 12, 'shap_error': 0.004354848432319933, 'shap_norm_sq': 0.0015522125589464298, 'weighted_error': 1.0126000486052535, 'gamma': 0.3104703586126783, 'normalized_gamma': 200.0}
{'sample_size': 120, 'difference': 0, 'noise': 0.005, 'n': 12, 'shap_error': 0.05912905311293898, 'shap_norm_sq': 0.0015522125589464298, 'weighted_error': 1.152388711498394, 'gamma': 0.3104703586126783, 'normalized_gamma': 200.0}
{'sample_size': 120, 'difference': 0, 'noise': 0.01, 'n': 12, 'shap_error': 0.16962626185457352, 'shap_norm_sq': 0.0015522125589464298, 'weighted_error': 1.3908839049240567, 'gamma': 0.3104703586126783, 'normalized_gamma': 200.0}
{'sample_size': 120, 'difference': 0, 'noise': 0.05, 'n': 12, 'shap_error': 3.7910930164159087, 'shap_norm_sq': 0.0015522125589464298, 'weighted_error': 9.302426986903498, 'gamma': 0.3104703586126783, 'normalized_gamma': 200.0}
{'sample_size': 120, 'difference': 0, 'noise': 0.1, 'n': 12, 'shap_error': 20.741851237060445, 'shap_norm_sq': 0.0015522125589464298, 'weighted_error': 52.4431305378015, 'gamma': 0.3104703586126783, 'normalized_gamma': 200.0}
{'sample_size': 120, 'difference': 0, 'noise': 0.5, 'n': 12, 'shap_error': 772.9059071079254, 'shap_norm_sq': 0.0015522125589464298, 'weighted_error': 2118.6093622270464, 'gamma': 0.3104703586126783, 'normalized_gamma': 200.0}
{'sample_size': 120, 'difference': 0, 'noise': 1, 'n': 12, 'shap_error': 1908.6097378730303, 'shap_norm_sq': 0.0015522125589464298, 'weighted_error': 4604.028178757237, 'gamma': 0.3104703586126783, 'normalized_gamma': 200.0}
{'sample_size': 120, 'difference': 0, 'noise': 0.0005, 'n': 12, 'shap_error': 0.010756240567335014, 'shap_norm_sq': 0.0074563258959339865, 'weighted_error': 1.0083905677887954, 'gamma': 1.2827976785027388, 'normalized_gamma': 170.0}
{'sample_size': 120, 'difference': 0, 'noise': 0.001, 'n': 12, 'shap_error': 0.023977934562628606, 'shap_norm_sq': 0.0074563258959339865, 'weighted_error': 1.0186960615778249, 'gamma': 1.2827976785027388, 'normalized_gamma': 170.0}
{'sample_size': 120, 'difference': 0, 'noise': 0.005, 'n': 12, 'shap_error': 0.02380874569070727, 'shap_norm_sq': 0.0074563258959339865, 'weighted_error': 1.0181174529709525, 'gamma': 1.2827976785027388, 'normalized_gamma': 170.0}
{'sample_size': 120, 'difference': 0, 'noise': 0.01, 'n': 12, 'shap_error': 0.04906842397524316, 'shap_norm_sq': 0.0074563258959339865, 'weighted_error': 1.0364369797231057, 'gamma': 1.2827976785027388, 'normalized_gamma': 170.0}
{'sample_size': 120, 'difference': 0, 'noise': 0.05, 'n': 12, 'shap_error': 0.39658455129379366, 'shap_norm_sq': 0.0074563258959339865, 'weighted_error': 1.2630139516104666, 'gamma': 1.2827976785027388, 'normalized_gamma': 170.0}
{'sample_size': 120, 'difference': 0, 'noise': 0.1, 'n': 12, 'shap_error': 0.8741515938323129, 'shap_norm_sq': 0.0074563258959339865, 'weighted_error': 1.496196199606925, 'gamma': 1.2827976785027388, 'normalized_gamma': 170.0}
{'sample_size': 120, 'difference': 0, 'noise': 0.5, 'n': 12, 'shap_error': 29.09039511959315, 'shap_norm_sq': 0.0074563258959339865, 'weighted_error': 19.053051322023098, 'gamma': 1.2827976785027388, 'normalized_gamma': 170.0}
{'sample_size': 120, 'difference': 0, 'noise': 1, 'n': 12, 'shap_error': 131.80937971892746, 'shap_norm_sq': 0.0074563258959339865, 'weighted_error': 85.2691622584204, 'gamma': 1.2827976785027388, 'normalized_gamma': 170.0}
{'sample_size': 120, 'difference': 0, 'noise': 0.0005, 'n': 12, 'shap_error': 0.01401415868548235, 'shap_norm_sq': 0.0006543230621034639, 'weighted_error': 1.007423871788358, 'gamma': 1.8777133226298217, 'normalized_gamma': 2900.0}
{'sample_size': 120, 'difference': 0, 'noise': 0.001, 'n': 12, 'shap_error': 0.0090912077878308, 'shap_norm_sq': 0.0006543230621034639, 'weighted_error': 1.004111462241172, 'gamma': 1.8777133226298217, 'normalized_gamma': 2900.0}
{'sample_size': 120, 'difference': 0, 'noise': 0.005, 'n': 12, 'shap_error': 0.08539054569828046, 'shap_norm_sq': 0.0006543230621034639, 'weighted_error': 1.025493455137652, 'gamma': 1.8777133226298217, 'normalized_gamma': 2900.0}
{'sample_size': 120, 'difference': 0, 'noise': 0.01, 'n': 12, 'shap_error': 0.4081357703847048, 'shap_norm_sq': 0.0006543230621034639, 'weighted_error': 1.1382390910950402, 'gamma': 1.8777133226298217, 'normalized_gamma': 2900.0}
{'sample_size': 120, 'difference': 0, 'noise': 0.05, 'n': 12, 'shap_error': 17.770196415225765, 'shap_norm_sq': 0.0006543230621034639, 'weighted_error': 8.57792009062502, 'gamma': 1.8777133226298217, 'normalized_gamma': 2900.0}
{'sample_size': 120, 'difference': 0, 'noise': 0.1, 'n': 12, 'shap_error': 55.804235624137824, 'shap_norm_sq': 0.0006543230621034639, 'weighted_error': 22.989929210682863, 'gamma': 1.8777133226298217, 'normalized_gamma': 2900.0}
{'sample_size': 120, 'difference': 0, 'noise': 0.5, 'n': 12, 'shap_error': 1078.5349031340963, 'shap_norm_sq': 0.0006543230621034639, 'weighted_error': 378.2992937717499, 'gamma': 1.8777133226298217, 'normalized_gamma': 2900.0}
{'sample_size': 120, 'difference': 0, 'noise': 1, 'n': 12, 'shap_error': 4872.070074926861, 'shap_norm_sq': 0.0006543230621034639, 'weighted_error': 1814.1243168120493, 'gamma': 1.8777133226298217, 'normalized_gamma': 2900.0}
{'sample_size': 120, 'difference': 0, 'noise': 0.0005, 'n': 12, 'shap_error': 0.0045169130776732055, 'shap_norm_sq': 0.004906147489822601, 'weighted_error': 1.0106890299515823, 'gamma': 0.43079902088429056, 'normalized_gamma': 88.0}
{'sample_size': 120, 'difference': 0, 'noise': 0.001, 'n': 12, 'shap_error': 0.002597085857463414, 'shap_norm_sq': 0.004906147489822601, 'weighted_error': 1.0061456277059824, 'gamma': 0.43079902088429056, 'normalized_gamma': 88.0}
{'sample_size': 120, 'difference': 0, 'noise': 0.005, 'n': 12, 'shap_error': 0.0017135298925675779, 'shap_norm_sq': 0.004906147489822601, 'weighted_error': 1.0040493081678696, 'gamma': 0.43079902088429056, 'normalized_gamma': 88.0}
{'sample_size': 120, 'difference': 0, 'noise': 0.01, 'n': 12, 'shap_error': 0.00861237659165363, 'shap_norm_sq': 0.004906147489822601, 'weighted_error': 1.0203578977679606, 'gamma': 0.43079902088429056, 'normalized_gamma': 88.0}
{'sample_size': 120, 'difference': 0, 'noise': 0.05, 'n': 12, 'shap_error': 0.2777149476468701, 'shap_norm_sq': 0.004906147489822601, 'weighted_error': 1.656627695606517, 'gamma': 0.43079902088429056, 'normalized_gamma': 88.0}
{'sample_size': 120, 'difference': 0, 'noise': 0.1, 'n': 12, 'shap_error': 0.9481695746078993, 'shap_norm_sq': 0.004906147489822601, 'weighted_error': 3.241512988026169, 'gamma': 0.43079902088429056, 'normalized_gamma': 88.0}
{'sample_size': 120, 'difference': 0, 'noise': 0.5, 'n': 12, 'shap_error': 26.753040805135655, 'shap_norm_sq': 0.004906147489822601, 'weighted_error': 64.25266501953763, 'gamma': 0.43079902088429056, 'normalized_gamma': 88.0}
{'sample_size': 120, 'difference': 0, 'noise': 1, 'n': 12, 'shap_error': 96.8069703537677, 'shap_norm_sq': 0.004906147489822601, 'weighted_error': 229.8606164275572, 'gamma': 0.43079902088429056, 'normalized_gamma': 88.0}
{'sample_size': 120, 'difference': 0, 'noise': 0.0005, 'n': 12, 'shap_error': 0.0018822136185961576, 'shap_norm_sq': 0.08491949353669889, 'weighted_error': 1.02209852976876, 'gamma': 0.10768418368375053, 'normalized_gamma': 1.3}
{'sample_size': 120, 'difference': 0, 'noise': 0.001, 'n': 12, 'shap_error': 0.001099441695275412, 'shap_norm_sq': 0.08491949353669889, 'weighted_error': 1.0128995094304223, 'gamma': 0.10768418368375053, 'normalized_gamma': 1.3}
{'sample_size': 120, 'difference': 0, 'noise': 0.005, 'n': 12, 'shap_error': 0.000852740762512114, 'shap_norm_sq': 0.08491949353669889, 'weighted_error': 1.0097548525340985, 'gamma': 0.10768418368375053, 'normalized_gamma': 1.3}
{'sample_size': 120, 'difference': 0, 'noise': 0.01, 'n': 12, 'shap_error': 0.0010207910128341073, 'shap_norm_sq': 0.08491949353669889, 'weighted_error': 1.0109537495966907, 'gamma': 0.10768418368375053, 'normalized_gamma': 1.3}
{'sample_size': 120, 'difference': 0, 'noise': 0.05, 'n': 12, 'shap_error': 0.027983543291006455, 'shap_norm_sq': 0.08491949353669889, 'weighted_error': 1.3027739211892828, 'gamma': 0.10768418368375053, 'normalized_gamma': 1.3}
{'sample_size': 120, 'difference': 0, 'noise': 0.1, 'n': 12, 'shap_error': 0.08745954817098221, 'shap_norm_sq': 0.08491949353669889, 'weighted_error': 1.9237112322888719, 'gamma': 0.10768418368375053, 'normalized_gamma': 1.3}
{'sample_size': 120, 'difference': 0, 'noise': 0.5, 'n': 12, 'shap_error': 1.4436950674437325, 'shap_norm_sq': 0.08491949353669889, 'weighted_error': 15.370796622477569, 'gamma': 0.10768418368375053, 'normalized_gamma': 1.3}
{'sample_size': 120, 'difference': 0, 'noise': 1, 'n': 12, 'shap_error': 17.118602586134333, 'shap_norm_sq': 0.08491949353669889, 'weighted_error': 191.68382899495924, 'gamma': 0.10768418368375053, 'normalized_gamma': 1.3}
{'sample_size': 120, 'difference': 0, 'noise': 0.0005, 'n': 12, 'shap_error': 9.677305475640628e-05, 'shap_norm_sq': 0.004813374817264372, 'weighted_error': 1.000179148364349, 'gamma': 0.546310181854057, 'normalized_gamma': 110.0}
{'sample_size': 120, 'difference': 0, 'noise': 0.001, 'n': 12, 'shap_error': 0.00031542326892260815, 'shap_norm_sq': 0.004813374817264372, 'weighted_error': 1.0005825380054014, 'gamma': 0.546310181854057, 'normalized_gamma': 110.0}
{'sample_size': 120, 'difference': 0, 'noise': 0.005, 'n': 12, 'shap_error': 0.003549709501642945, 'shap_norm_sq': 0.004813374817264372, 'weighted_error': 1.006453196825441, 'gamma': 0.546310181854057, 'normalized_gamma': 110.0}
{'sample_size': 120, 'difference': 0, 'noise': 0.01, 'n': 12, 'shap_error': 0.017219739715025967, 'shap_norm_sq': 0.004813374817264372, 'weighted_error': 1.031463387301445, 'gamma': 0.546310181854057, 'normalized_gamma': 110.0}
{'sample_size': 120, 'difference': 0, 'noise': 0.05, 'n': 12, 'shap_error': 0.3462395626650931, 'shap_norm_sq': 0.004813374817264372, 'weighted_error': 1.628986477254348, 'gamma': 0.546310181854057, 'normalized_gamma': 110.0}
{'sample_size': 120, 'difference': 0, 'noise': 0.1, 'n': 12, 'shap_error': 1.6148241853210683, 'shap_norm_sq': 0.004813374817264372, 'weighted_error': 3.9459124061899553, 'gamma': 0.546310181854057, 'normalized_gamma': 110.0}
{'sample_size': 120, 'difference': 0, 'noise': 0.5, 'n': 12, 'shap_error': 53.622047084096494, 'shap_norm_sq': 0.004813374817264372, 'weighted_error': 99.43474177071981, 'gamma': 0.546310181854057, 'normalized_gamma': 110.0}
{'sample_size': 120, 'difference': 0, 'noise': 1, 'n': 12, 'shap_error': 146.59890618881943, 'shap_norm_sq': 0.004813374817264372, 'weighted_error': 267.75148009101736, 'gamma': 0.546310181854057, 'normalized_gamma': 110.0}
{'sample_size': 120, 'difference': 0, 'noise': 0.0005, 'n': 12, 'shap_error': 0.06717092148998892, 'shap_norm_sq': 0.0002524129683966554, 'weighted_error': 1.01556858315577, 'gamma': 4.296566092259786, 'normalized_gamma': 17000.0}
{'sample_size': 120, 'difference': 0, 'noise': 0.001, 'n': 12, 'shap_error': 0.05915037001798568, 'shap_norm_sq': 0.0002524129683966554, 'weighted_error': 1.0134798526647069, 'gamma': 4.296566092259786, 'normalized_gamma': 17000.0}
{'sample_size': 120, 'difference': 0, 'noise': 0.005, 'n': 12, 'shap_error': 0.22407099714708037, 'shap_norm_sq': 0.0002524129683966554, 'weighted_error': 1.0448145999190628, 'gamma': 4.296566092259786, 'normalized_gamma': 17000.0}
{'sample_size': 120, 'difference': 0, 'noise': 0.01, 'n': 12, 'shap_error': 0.8666423937594095, 'shap_norm_sq': 0.0002524129683966554, 'weighted_error': 1.1723556367713865, 'gamma': 4.296566092259786, 'normalized_gamma': 17000.0}
{'sample_size': 120, 'difference': 0, 'noise': 0.05, 'n': 12, 'shap_error': 12.145466877446314, 'shap_norm_sq': 0.0002524129683966554, 'weighted_error': 3.09181084785107, 'gamma': 4.296566092259786, 'normalized_gamma': 17000.0}
{'sample_size': 120, 'difference': 0, 'noise': 0.1, 'n': 12, 'shap_error': 133.59926100870098, 'shap_norm_sq': 0.0002524129683966554, 'weighted_error': 29.165428669535206, 'gamma': 4.296566092259786, 'normalized_gamma': 17000.0}
{'sample_size': 120, 'difference': 0, 'noise': 0.5, 'n': 12, 'shap_error': 3015.8712055304663, 'shap_norm_sq': 0.0002524129683966554, 'weighted_error': 629.659449137805, 'gamma': 4.296566092259786, 'normalized_gamma': 17000.0}
{'sample_size': 120, 'difference': 0, 'noise': 1, 'n': 12, 'shap_error': 4595.048967662111, 'shap_norm_sq': 0.0002524129683966554, 'weighted_error': 776.4468731569526, 'gamma': 4.296566092259786, 'normalized_gamma': 17000.0}
{'sample_size': 120, 'difference': 0, 'noise': 0.0005, 'n': 12, 'shap_error': 0.0011114354071082913, 'shap_norm_sq': 0.27724031371972463, 'weighted_error': 1.0089696998278306, 'gamma': 0.18501721304384053, 'normalized_gamma': 0.67}
{'sample_size': 120, 'difference': 0, 'noise': 0.001, 'n': 12, 'shap_error': 0.000846708303249531, 'shap_norm_sq': 0.27724031371972463, 'weighted_error': 1.006821747015392, 'gamma': 0.18501721304384053, 'normalized_gamma': 0.67}
{'sample_size': 120, 'difference': 0, 'noise': 0.005, 'n': 12, 'shap_error': 0.0025448447748479233, 'shap_norm_sq': 0.27724031371972463, 'weighted_error': 1.0201902253955204, 'gamma': 0.18501721304384053, 'normalized_gamma': 0.67}
{'sample_size': 120, 'difference': 0, 'noise': 0.01, 'n': 12, 'shap_error': 0.003141470685224055, 'shap_norm_sq': 0.27724031371972463, 'weighted_error': 1.0239400505421867, 'gamma': 0.18501721304384053, 'normalized_gamma': 0.67}
{'sample_size': 120, 'difference': 0, 'noise': 0.05, 'n': 12, 'shap_error': 0.030506934241794795, 'shap_norm_sq': 0.27724031371972463, 'weighted_error': 1.2107297381457298, 'gamma': 0.18501721304384053, 'normalized_gamma': 0.67}
{'sample_size': 120, 'difference': 0, 'noise': 0.1, 'n': 12, 'shap_error': 0.06630278965596476, 'shap_norm_sq': 0.27724031371972463, 'weighted_error': 1.3930208047005486, 'gamma': 0.18501721304384053, 'normalized_gamma': 0.67}
{'sample_size': 120, 'difference': 0, 'noise': 0.5, 'n': 12, 'shap_error': 1.281822574107373, 'shap_norm_sq': 0.27724031371972463, 'weighted_error': 7.791899628088438, 'gamma': 0.18501721304384053, 'normalized_gamma': 0.67}
{'sample_size': 120, 'difference': 0, 'noise': 1, 'n': 12, 'shap_error': 10.35455594469903, 'shap_norm_sq': 0.27724031371972463, 'weighted_error': 70.37022163943399, 'gamma': 0.18501721304384053, 'normalized_gamma': 0.67}
{'sample_size': 120, 'difference': 0, 'noise': 0.0005, 'n': 12, 'shap_error': 0.0007808524662362171, 'shap_norm_sq': 0.014792392096021574, 'weighted_error': 1.0012495879470118, 'gamma': 0.6477449002339841, 'normalized_gamma': 44.0}
{'sample_size': 120, 'difference': 0, 'noise': 0.001, 'n': 12, 'shap_error': 0.0005649990920736853, 'shap_norm_sq': 0.014792392096021574, 'weighted_error': 1.0008967410820753, 'gamma': 0.6477449002339841, 'normalized_gamma': 44.0}
{'sample_size': 120, 'difference': 0, 'noise': 0.005, 'n': 12, 'shap_error': 0.0013995747474801418, 'shap_norm_sq': 0.014792392096021574, 'weighted_error': 1.0020175653941321, 'gamma': 0.6477449002339841, 'normalized_gamma': 44.0}
{'sample_size': 120, 'difference': 0, 'noise': 0.01, 'n': 12, 'shap_error': 0.0036951335349967034, 'shap_norm_sq': 0.014792392096021574, 'weighted_error': 1.0050191234637764, 'gamma': 0.6477449002339841, 'normalized_gamma': 44.0}
{'sample_size': 120, 'difference': 0, 'noise': 0.05, 'n': 12, 'shap_error': 0.17163569094538575, 'shap_norm_sq': 0.014792392096021574, 'weighted_error': 1.2525419387216439, 'gamma': 0.6477449002339841, 'normalized_gamma': 44.0}
{'sample_size': 120, 'difference': 0, 'noise': 0.1, 'n': 12, 'shap_error': 0.5623759042159159, 'shap_norm_sq': 0.014792392096021574, 'weighted_error': 1.8111061394749461, 'gamma': 0.6477449002339841, 'normalized_gamma': 44.0}
{'sample_size': 120, 'difference': 0, 'noise': 0.5, 'n': 12, 'shap_error': 20.78588260744311, 'shap_norm_sq': 0.014792392096021574, 'weighted_error': 32.06140667625062, 'gamma': 0.6477449002339841, 'normalized_gamma': 44.0}
{'sample_size': 120, 'difference': 0, 'noise': 1, 'n': 12, 'shap_error': 55.77634853656795, 'shap_norm_sq': 0.014792392096021574, 'weighted_error': 81.37113861620678, 'gamma': 0.6477449002339841, 'normalized_gamma': 44.0}
{'sample_size': 120, 'difference': 0, 'noise': 0.0005, 'n': 12, 'shap_error': 0.00027164728785106576, 'shap_norm_sq': 0.00251609823723701, 'weighted_error': 1.0006709690041642, 'gamma': 0.3950972745390037, 'normalized_gamma': 160.0}
{'sample_size': 120, 'difference': 0, 'noise': 0.001, 'n': 12, 'shap_error': 0.0009441026177178224, 'shap_norm_sq': 0.00251609823723701, 'weighted_error': 1.0023108182563938, 'gamma': 0.3950972745390037, 'normalized_gamma': 160.0}
{'sample_size': 120, 'difference': 0, 'noise': 0.005, 'n': 12, 'shap_error': 0.00615466711365033, 'shap_norm_sq': 0.00251609823723701, 'weighted_error': 1.0120913476812086, 'gamma': 0.3950972745390037, 'normalized_gamma': 160.0}
{'sample_size': 120, 'difference': 0, 'noise': 0.01, 'n': 12, 'shap_error': 0.030277688580902438, 'shap_norm_sq': 0.00251609823723701, 'weighted_error': 1.0631809041589266, 'gamma': 0.3950972745390037, 'normalized_gamma': 160.0}
{'sample_size': 120, 'difference': 0, 'noise': 0.05, 'n': 12, 'shap_error': 0.7979864523354122, 'shap_norm_sq': 0.00251609823723701, 'weighted_error': 2.6869780733580457, 'gamma': 0.3950972745390037, 'normalized_gamma': 160.0}
{'sample_size': 120, 'difference': 0, 'noise': 0.1, 'n': 12, 'shap_error': 4.34005169428644, 'shap_norm_sq': 0.00251609823723701, 'weighted_error': 10.753699762220371, 'gamma': 0.3950972745390037, 'normalized_gamma': 160.0}
{'sample_size': 120, 'difference': 0, 'noise': 0.5, 'n': 12, 'shap_error': 81.06256116253813, 'shap_norm_sq': 0.00251609823723701, 'weighted_error': 173.00678121706193, 'gamma': 0.3950972745390037, 'normalized_gamma': 160.0}
{'sample_size': 120, 'difference': 0, 'noise': 1, 'n': 12, 'shap_error': 528.6705617700931, 'shap_norm_sq': 0.00251609823723701, 'weighted_error': 1224.207884018955, 'gamma': 0.3950972745390037, 'normalized_gamma': 160.0}
{'sample_size': 120, 'difference': 0, 'noise': 0.0005, 'n': 12, 'shap_error': 0.016347055731164045, 'shap_norm_sq': 0.00042645500664778937, 'weighted_error': 1.0084919903553664, 'gamma': 2.004326997888683, 'normalized_gamma': 4700.0}
{'sample_size': 120, 'difference': 0, 'noise': 0.001, 'n': 12, 'shap_error': 0.023177041534601574, 'shap_norm_sq': 0.00042645500664778937, 'weighted_error': 1.0118926254308929, 'gamma': 2.004326997888683, 'normalized_gamma': 4700.0}
{'sample_size': 120, 'difference': 0, 'noise': 0.005, 'n': 12, 'shap_error': 0.10419819589390862, 'shap_norm_sq': 0.00042645500664778937, 'weighted_error': 1.048783626163303, 'gamma': 2.004326997888683, 'normalized_gamma': 4700.0}
{'sample_size': 120, 'difference': 0, 'noise': 0.01, 'n': 12, 'shap_error': 0.43787089135375823, 'shap_norm_sq': 0.00042645500664778937, 'weighted_error': 1.2061579573528591, 'gamma': 2.004326997888683, 'normalized_gamma': 4700.0}
{'sample_size': 120, 'difference': 0, 'noise': 0.05, 'n': 12, 'shap_error': 5.759203519959318, 'shap_norm_sq': 0.00042645500664778937, 'weighted_error': 3.440981518925543, 'gamma': 2.004326997888683, 'normalized_gamma': 4700.0}
{'sample_size': 120, 'difference': 0, 'noise': 0.1, 'n': 12, 'shap_error': 22.748868784621326, 'shap_norm_sq': 0.00042645500664778937, 'weighted_error': 10.613336113411576, 'gamma': 2.004326997888683, 'normalized_gamma': 4700.0}
{'sample_size': 120, 'difference': 0, 'noise': 0.5, 'n': 12, 'shap_error': 675.844117991344, 'shap_norm_sq': 0.00042645500664778937, 'weighted_error': 297.3557185690605, 'gamma': 2.004326997888683, 'normalized_gamma': 4700.0}
{'sample_size': 120, 'difference': 0, 'noise': 1, 'n': 12, 'shap_error': 4085.5264865713916, 'shap_norm_sq': 0.00042645500664778937, 'weighted_error': 1909.2523212656608, 'gamma': 2.004326997888683, 'normalized_gamma': 4700.0}
{'sample_size': 120, 'difference': 0, 'noise': 0.0005, 'n': 12, 'shap_error': 0.0002944878982779572, 'shap_norm_sq': 0.06865381790541472, 'weighted_error': 1.001987373101644, 'gamma': 0.17491827985374306, 'normalized_gamma': 2.5}
{'sample_size': 120, 'difference': 0, 'noise': 0.001, 'n': 12, 'shap_error': 0.0008507298533704164, 'shap_norm_sq': 0.06865381790541472, 'weighted_error': 1.005738307759913, 'gamma': 0.17491827985374306, 'normalized_gamma': 2.5}
{'sample_size': 120, 'difference': 0, 'noise': 0.005, 'n': 12, 'shap_error': 0.0012575786578625085, 'shap_norm_sq': 0.06865381790541472, 'weighted_error': 1.0082408092216741, 'gamma': 0.17491827985374306, 'normalized_gamma': 2.5}
{'sample_size': 120, 'difference': 0, 'noise': 0.01, 'n': 12, 'shap_error': 0.0009261135759448448, 'shap_norm_sq': 0.06865381790541472, 'weighted_error': 1.005229863016134, 'gamma': 0.17491827985374306, 'normalized_gamma': 2.5}
{'sample_size': 120, 'difference': 0, 'noise': 0.05, 'n': 12, 'shap_error': 0.017832779575581152, 'shap_norm_sq': 0.06865381790541472, 'weighted_error': 1.0947971847541753, 'gamma': 0.17491827985374306, 'normalized_gamma': 2.5}
{'sample_size': 120, 'difference': 0, 'noise': 0.1, 'n': 12, 'shap_error': 0.14862002009985498, 'shap_norm_sq': 0.06865381790541472, 'weighted_error': 1.9014506118992602, 'gamma': 0.17491827985374306, 'normalized_gamma': 2.5}
{'sample_size': 120, 'difference': 0, 'noise': 0.5, 'n': 12, 'shap_error': 2.2186782478375164, 'shap_norm_sq': 0.06865381790541472, 'weighted_error': 13.421846891561765, 'gamma': 0.17491827985374306, 'normalized_gamma': 2.5}
{'sample_size': 120, 'difference': 0, 'noise': 1, 'n': 12, 'shap_error': 10.94660975518537, 'shap_norm_sq': 0.06865381790541472, 'weighted_error': 64.68775419153819, 'gamma': 0.17491827985374306, 'normalized_gamma': 2.5}
{'sample_size': 120, 'difference': 0, 'noise': 0.0005, 'n': 12, 'shap_error': 0.0011457220342877253, 'shap_norm_sq': 0.004390679598607148, 'weighted_error': 1.0021661440825582, 'gamma': 0.528511939853909, 'normalized_gamma': 120.0}
{'sample_size': 120, 'difference': 0, 'noise': 0.001, 'n': 12, 'shap_error': 0.0025160783042682284, 'shap_norm_sq': 0.004390679598607148, 'weighted_error': 1.0047539582774876, 'gamma': 0.528511939853909, 'normalized_gamma': 120.0}
{'sample_size': 120, 'difference': 0, 'noise': 0.005, 'n': 12, 'shap_error': 0.00465895052948976, 'shap_norm_sq': 0.004390679598607148, 'weighted_error': 1.0086464538231183, 'gamma': 0.528511939853909, 'normalized_gamma': 120.0}
{'sample_size': 120, 'difference': 0, 'noise': 0.01, 'n': 12, 'shap_error': 0.018146419163003455, 'shap_norm_sq': 0.004390679598607148, 'weighted_error': 1.0336598743449543, 'gamma': 0.528511939853909, 'normalized_gamma': 120.0}
{'sample_size': 120, 'difference': 0, 'noise': 0.05, 'n': 12, 'shap_error': 0.20454894982804847, 'shap_norm_sq': 0.004390679598607148, 'weighted_error': 1.3701480155017165, 'gamma': 0.528511939853909, 'normalized_gamma': 120.0}
{'sample_size': 120, 'difference': 0, 'noise': 0.1, 'n': 12, 'shap_error': 1.061655438192549, 'shap_norm_sq': 0.004390679598607148, 'weighted_error': 2.941246565215266, 'gamma': 0.528511939853909, 'normalized_gamma': 120.0}
{'sample_size': 120, 'difference': 0, 'noise': 0.5, 'n': 12, 'shap_error': 34.29253137168851, 'shap_norm_sq': 0.004390679598607148, 'weighted_error': 64.19725955507283, 'gamma': 0.528511939853909, 'normalized_gamma': 120.0}
{'sample_size': 120, 'difference': 0, 'noise': 1, 'n': 12, 'shap_error': 148.7925447674284, 'shap_norm_sq': 0.004390679598607148, 'weighted_error': 275.78004045527763, 'gamma': 0.528511939853909, 'normalized_gamma': 120.0}
{'sample_size': 120, 'difference': 0, 'noise': 0.0005, 'n': 12, 'shap_error': 0.005961370960166618, 'shap_norm_sq': 0.02440570195774985, 'weighted_error': 1.0120520028727298, 'gamma': 0.4993340745427843, 'normalized_gamma': 20.0}
{'sample_size': 120, 'difference': 0, 'noise': 0.001, 'n': 12, 'shap_error': 0.00902077737591638, 'shap_norm_sq': 0.02440570195774985, 'weighted_error': 1.0182342505590225, 'gamma': 0.4993340745427843, 'normalized_gamma': 20.0}
{'sample_size': 120, 'difference': 0, 'noise': 0.005, 'n': 12, 'shap_error': 0.003990484511515257, 'shap_norm_sq': 0.02440570195774985, 'weighted_error': 1.0079524080944688, 'gamma': 0.4993340745427843, 'normalized_gamma': 20.0}
{'sample_size': 120, 'difference': 0, 'noise': 0.01, 'n': 12, 'shap_error': 0.013855865845077586, 'shap_norm_sq': 0.02440570195774985, 'weighted_error': 1.0275514281294291, 'gamma': 0.4993340745427843, 'normalized_gamma': 20.0}
{'sample_size': 120, 'difference': 0, 'noise': 0.05, 'n': 12, 'shap_error': 0.09851818103221456, 'shap_norm_sq': 0.02440570195774985, 'weighted_error': 1.1876057483537845, 'gamma': 0.4993340745427843, 'normalized_gamma': 20.0}
{'sample_size': 120, 'difference': 0, 'noise': 0.1, 'n': 12, 'shap_error': 0.24507779928339138, 'shap_norm_sq': 0.02440570195774985, 'weighted_error': 1.4491737818850878, 'gamma': 0.4993340745427843, 'normalized_gamma': 20.0}
{'sample_size': 120, 'difference': 0, 'noise': 0.5, 'n': 12, 'shap_error': 4.2593793845277546, 'shap_norm_sq': 0.02440570195774985, 'weighted_error': 8.453360209537157, 'gamma': 0.4993340745427843, 'normalized_gamma': 20.0}
{'sample_size': 120, 'difference': 0, 'noise': 1, 'n': 12, 'shap_error': 72.94685543051753, 'shap_norm_sq': 0.02440570195774985, 'weighted_error': 143.85518220309638, 'gamma': 0.4993340745427843, 'normalized_gamma': 20.0}
{'sample_size': 120, 'difference': 0, 'noise': 0.0005, 'n': 12, 'shap_error': 0.0002630817083768426, 'shap_norm_sq': 0.09238991139041178, 'weighted_error': 1.002147775783373, 'gamma': 0.1618084657741022, 'normalized_gamma': 1.8}
{'sample_size': 120, 'difference': 0, 'noise': 0.001, 'n': 12, 'shap_error': 0.0001629181537915227, 'shap_norm_sq': 0.09238991139041178, 'weighted_error': 1.00132988657159, 'gamma': 0.1618084657741022, 'normalized_gamma': 1.8}
{'sample_size': 120, 'difference': 0, 'noise': 0.005, 'n': 12, 'shap_error': 0.000639128178194605, 'shap_norm_sq': 0.09238991139041178, 'weighted_error': 1.0052130783772673, 'gamma': 0.1618084657741022, 'normalized_gamma': 1.8}
{'sample_size': 120, 'difference': 0, 'noise': 0.01, 'n': 12, 'shap_error': 0.001369277112915551, 'shap_norm_sq': 0.09238991139041178, 'weighted_error': 1.0111596051040315, 'gamma': 0.1618084657741022, 'normalized_gamma': 1.8}
{'sample_size': 120, 'difference': 0, 'noise': 0.05, 'n': 12, 'shap_error': 0.03602561032312544, 'shap_norm_sq': 0.09238991139041178, 'weighted_error': 1.2936339082983555, 'gamma': 0.1618084657741022, 'normalized_gamma': 1.8}
{'sample_size': 120, 'difference': 0, 'noise': 0.1, 'n': 12, 'shap_error': 0.13281466360173735, 'shap_norm_sq': 0.09238991139041178, 'weighted_error': 2.082379898445483, 'gamma': 0.1618084657741022, 'normalized_gamma': 1.8}
{'sample_size': 120, 'difference': 0, 'noise': 0.5, 'n': 12, 'shap_error': 1.3237541732821836, 'shap_norm_sq': 0.09238991139041178, 'weighted_error': 11.759033179846355, 'gamma': 0.1618084657741022, 'normalized_gamma': 1.8}
{'sample_size': 120, 'difference': 0, 'noise': 1, 'n': 12, 'shap_error': 6.624155918684545, 'shap_norm_sq': 0.09238991139041178, 'weighted_error': 54.8873140848055, 'gamma': 0.1618084657741022, 'normalized_gamma': 1.8}
{'sample_size': 120, 'difference': 0, 'noise': 0.0005, 'n': 12, 'shap_error': 0.000695442524772781, 'shap_norm_sq': 0.006782195792316931, 'weighted_error': 1.0005940608251114, 'gamma': 1.167967118839501, 'normalized_gamma': 170.0}
{'sample_size': 120, 'difference': 0, 'noise': 0.001, 'n': 12, 'shap_error': 0.0007071375109338346, 'shap_norm_sq': 0.006782195792316931, 'weighted_error': 1.0005782708738995, 'gamma': 1.167967118839501, 'normalized_gamma': 170.0}
{'sample_size': 120, 'difference': 0, 'noise': 0.005, 'n': 12, 'shap_error': 0.003844182672963439, 'shap_norm_sq': 0.006782195792316931, 'weighted_error': 1.0024670558386182, 'gamma': 1.167967118839501, 'normalized_gamma': 170.0}
{'sample_size': 120, 'difference': 0, 'noise': 0.01, 'n': 12, 'shap_error': 0.014907589948056993, 'shap_norm_sq': 0.006782195792316931, 'weighted_error': 1.0094616562518774, 'gamma': 1.167967118839501, 'normalized_gamma': 170.0}
{'sample_size': 120, 'difference': 0, 'noise': 0.05, 'n': 12, 'shap_error': 1.0395229059538262, 'shap_norm_sq': 0.006782195792316931, 'weighted_error': 1.814462362546139, 'gamma': 1.167967118839501, 'normalized_gamma': 170.0}
{'sample_size': 120, 'difference': 0, 'noise': 0.1, 'n': 12, 'shap_error': 2.049103154212245, 'shap_norm_sq': 0.006782195792316931, 'weighted_error': 2.430065392191134, 'gamma': 1.167967118839501, 'normalized_gamma': 170.0}
{'sample_size': 120, 'difference': 0, 'noise': 0.5, 'n': 12, 'shap_error': 77.78114377248127, 'shap_norm_sq': 0.006782195792316931, 'weighted_error': 59.7646407388649, 'gamma': 1.167967118839501, 'normalized_gamma': 170.0}
{'sample_size': 120, 'difference': 0, 'noise': 1, 'n': 12, 'shap_error': 150.267523226799, 'shap_norm_sq': 0.006782195792316931, 'weighted_error': 96.64964421094945, 'gamma': 1.167967118839501, 'normalized_gamma': 170.0}
{'sample_size': 120, 'difference': 0, 'noise': 0.0005, 'n': 12, 'shap_error': 0.0007415072160191693, 'shap_norm_sq': 0.3224637845529216, 'weighted_error': 1.002245763107903, 'gamma': 0.4084494304621917, 'normalized_gamma': 1.3}
{'sample_size': 120, 'difference': 0, 'noise': 0.001, 'n': 12, 'shap_error': 0.0019167300530550297, 'shap_norm_sq': 0.3224637845529216, 'weighted_error': 1.0058045456114504, 'gamma': 0.4084494304621917, 'normalized_gamma': 1.3}
{'sample_size': 120, 'difference': 0, 'noise': 0.005, 'n': 12, 'shap_error': 0.0018410222582285751, 'shap_norm_sq': 0.3224637845529216, 'weighted_error': 1.0055326017715387, 'gamma': 0.4084494304621917, 'normalized_gamma': 1.3}
{'sample_size': 120, 'difference': 0, 'noise': 0.01, 'n': 12, 'shap_error': 0.0013189582122052847, 'shap_norm_sq': 0.3224637845529216, 'weighted_error': 1.0038180369337306, 'gamma': 0.4084494304621917, 'normalized_gamma': 1.3}
{'sample_size': 120, 'difference': 0, 'noise': 0.05, 'n': 12, 'shap_error': 0.010932160075308499, 'shap_norm_sq': 0.3224637845529216, 'weighted_error': 1.0286806498183543, 'gamma': 0.4084494304621917, 'normalized_gamma': 1.3}
{'sample_size': 120, 'difference': 0, 'noise': 0.1, 'n': 12, 'shap_error': 0.03442105824203175, 'shap_norm_sq': 0.3224637845529216, 'weighted_error': 1.0865273896250227, 'gamma': 0.4084494304621917, 'normalized_gamma': 1.3}
{'sample_size': 120, 'difference': 0, 'noise': 0.5, 'n': 12, 'shap_error': 0.7859129556590969, 'shap_norm_sq': 0.3224637845529216, 'weighted_error': 2.9371611162971014, 'gamma': 0.4084494304621917, 'normalized_gamma': 1.3}
{'sample_size': 120, 'difference': 0, 'noise': 1, 'n': 12, 'shap_error': 6.001767743089447, 'shap_norm_sq': 0.3224637845529216, 'weighted_error': 17.406666765403642, 'gamma': 0.4084494304621917, 'normalized_gamma': 1.3}
{'sample_size': 120, 'difference': 0, 'noise': 0.0005, 'n': 12, 'shap_error': 0.01375132978515949, 'shap_norm_sq': 0.0004562693290711918, 'weighted_error': 1.0073825802378995, 'gamma': 1.8522095559815968, 'normalized_gamma': 4100.0}
{'sample_size': 120, 'difference': 0, 'noise': 0.001, 'n': 12, 'shap_error': 0.00963247098551888, 'shap_norm_sq': 0.0004562693290711918, 'weighted_error': 1.00484048139503, 'gamma': 1.8522095559815968, 'normalized_gamma': 4100.0}
{'sample_size': 120, 'difference': 0, 'noise': 0.005, 'n': 12, 'shap_error': 0.12557946560447136, 'shap_norm_sq': 0.0004562693290711918, 'weighted_error': 1.0583076713737611, 'gamma': 1.8522095559815968, 'normalized_gamma': 4100.0}
{'sample_size': 120, 'difference': 0, 'noise': 0.01, 'n': 12, 'shap_error': 0.43643047068242197, 'shap_norm_sq': 0.0004562693290711918, 'weighted_error': 1.1973778657093144, 'gamma': 1.8522095559815968, 'normalized_gamma': 4100.0}
{'sample_size': 120, 'difference': 0, 'noise': 0.05, 'n': 12, 'shap_error': 8.070402988115683, 'shap_norm_sq': 0.0004562693290711918, 'weighted_error': 4.388854808310289, 'gamma': 1.8522095559815968, 'normalized_gamma': 4100.0}
{'sample_size': 120, 'difference': 0, 'noise': 0.1, 'n': 12, 'shap_error': 43.27497437147623, 'shap_norm_sq': 0.0004562693290711918, 'weighted_error': 20.537505032605377, 'gamma': 1.8522095559815968, 'normalized_gamma': 4100.0}
{'sample_size': 120, 'difference': 0, 'noise': 0.5, 'n': 12, 'shap_error': 855.0202647664465, 'shap_norm_sq': 0.0004562693290711918, 'weighted_error': 365.99400839681795, 'gamma': 1.8522095559815968, 'normalized_gamma': 4100.0}
{'sample_size': 120, 'difference': 0, 'noise': 1, 'n': 12, 'shap_error': 2677.688767000067, 'shap_norm_sq': 0.0004562693290711918, 'weighted_error': 1057.0000560341628, 'gamma': 1.8522095559815968, 'normalized_gamma': 4100.0}
{'sample_size': 120, 'difference': 0, 'noise': 0.0005, 'n': 12, 'shap_error': 0.0007831000752458865, 'shap_norm_sq': 0.15565077084192144, 'weighted_error': 1.002874874592025, 'gamma': 0.3724449274656605, 'normalized_gamma': 2.4}
{'sample_size': 120, 'difference': 0, 'noise': 0.001, 'n': 12, 'shap_error': 0.0011341029222442093, 'shap_norm_sq': 0.15565077084192144, 'weighted_error': 1.004162567777494, 'gamma': 0.3724449274656605, 'normalized_gamma': 2.4}
{'sample_size': 120, 'difference': 0, 'noise': 0.005, 'n': 12, 'shap_error': 0.0015562612068451126, 'shap_norm_sq': 0.15565077084192144, 'weighted_error': 1.0056794930264799, 'gamma': 0.3724449274656605, 'normalized_gamma': 2.4}
{'sample_size': 120, 'difference': 0, 'noise': 0.01, 'n': 12, 'shap_error': 0.0010061315124985362, 'shap_norm_sq': 0.15565077084192144, 'weighted_error': 1.0035561355608, 'gamma': 0.3724449274656605, 'normalized_gamma': 2.4}
{'sample_size': 120, 'difference': 0, 'noise': 0.05, 'n': 12, 'shap_error': 0.02032338540703888, 'shap_norm_sq': 0.15565077084192144, 'weighted_error': 1.071170202304746, 'gamma': 0.3724449274656605, 'normalized_gamma': 2.4}
{'sample_size': 120, 'difference': 0, 'noise': 0.1, 'n': 12, 'shap_error': 0.04832892947198073, 'shap_norm_sq': 0.15565077084192144, 'weighted_error': 1.1636480926700064, 'gamma': 0.3724449274656605, 'normalized_gamma': 2.4}
{'sample_size': 120, 'difference': 0, 'noise': 0.5, 'n': 12, 'shap_error': 0.5274519404758774, 'shap_norm_sq': 0.15565077084192144, 'weighted_error': 2.591694224256708, 'gamma': 0.3724449274656605, 'normalized_gamma': 2.4}
{'sample_size': 120, 'difference': 0, 'noise': 1, 'n': 12, 'shap_error': 8.00899098316356, 'shap_norm_sq': 0.15565077084192144, 'weighted_error': 29.026144964524995, 'gamma': 0.3724449274656605, 'normalized_gamma': 2.4}
{'sample_size': 120, 'difference': 0, 'noise': 0.0005, 'n': 12, 'shap_error': 0.0006678811966304176, 'shap_norm_sq': 0.07242720621170111, 'weighted_error': 1.0102234690523144, 'gamma': 0.07400853104191372, 'normalized_gamma': 1.0}
{'sample_size': 120, 'difference': 0, 'noise': 0.001, 'n': 12, 'shap_error': 0.0005954276197346686, 'shap_norm_sq': 0.07242720621170111, 'weighted_error': 1.0090516639346543, 'gamma': 0.07400853104191372, 'normalized_gamma': 1.0}
{'sample_size': 120, 'difference': 0, 'noise': 0.005, 'n': 12, 'shap_error': 0.0020620640048803636, 'shap_norm_sq': 0.07242720621170111, 'weighted_error': 1.0296079143658985, 'gamma': 0.07400853104191372, 'normalized_gamma': 1.0}
{'sample_size': 120, 'difference': 0, 'noise': 0.01, 'n': 12, 'shap_error': 0.004322759693098042, 'shap_norm_sq': 0.07242720621170111, 'weighted_error': 1.0582239182277233, 'gamma': 0.07400853104191372, 'normalized_gamma': 1.0}
{'sample_size': 120, 'difference': 0, 'noise': 0.05, 'n': 12, 'shap_error': 0.0709990810811528, 'shap_norm_sq': 0.07242720621170111, 'weighted_error': 1.8870391652815282, 'gamma': 0.07400853104191372, 'normalized_gamma': 1.0}
{'sample_size': 120, 'difference': 0, 'noise': 0.1, 'n': 12, 'shap_error': 0.2776611042982723, 'shap_norm_sq': 0.07242720621170111, 'weighted_error': 4.450991826956612, 'gamma': 0.07400853104191372, 'normalized_gamma': 1.0}
{'sample_size': 120, 'difference': 0, 'noise': 0.5, 'n': 12, 'shap_error': 5.446719454865726, 'shap_norm_sq': 0.07242720621170111, 'weighted_error': 64.3480763453775, 'gamma': 0.07400853104191372, 'normalized_gamma': 1.0}
{'sample_size': 120, 'difference': 0, 'noise': 1, 'n': 12, 'shap_error': 14.255681611953626, 'shap_norm_sq': 0.07242720621170111, 'weighted_error': 138.88200120261737, 'gamma': 0.07400853104191372, 'normalized_gamma': 1.0}
{'sample_size': 120, 'difference': 0, 'noise': 0.0005, 'n': 12, 'shap_error': 0.005214568149862871, 'shap_norm_sq': 0.02346064381311203, 'weighted_error': 1.0070333499123663, 'gamma': 0.7426967390194229, 'normalized_gamma': 32.0}
{'sample_size': 120, 'difference': 0, 'noise': 0.001, 'n': 12, 'shap_error': 0.00672697149335658, 'shap_norm_sq': 0.02346064381311203, 'weighted_error': 1.0090695325525503, 'gamma': 0.7426967390194229, 'normalized_gamma': 32.0}
{'sample_size': 120, 'difference': 0, 'noise': 0.005, 'n': 12, 'shap_error': 0.008673847143924931, 'shap_norm_sq': 0.02346064381311203, 'weighted_error': 1.0115645797425858, 'gamma': 0.7426967390194229, 'normalized_gamma': 32.0}
{'sample_size': 120, 'difference': 0, 'noise': 0.01, 'n': 12, 'shap_error': 0.005416694556164109, 'shap_norm_sq': 0.02346064381311203, 'weighted_error': 1.006759958714318, 'gamma': 0.7426967390194229, 'normalized_gamma': 32.0}
{'sample_size': 120, 'difference': 0, 'noise': 0.05, 'n': 12, 'shap_error': 0.17370828614718786, 'shap_norm_sq': 0.02346064381311203, 'weighted_error': 1.2206549076037143, 'gamma': 0.7426967390194229, 'normalized_gamma': 32.0}
{'sample_size': 120, 'difference': 0, 'noise': 0.1, 'n': 12, 'shap_error': 0.32380213077494047, 'shap_norm_sq': 0.02346064381311203, 'weighted_error': 1.3820812804199496, 'gamma': 0.7426967390194229, 'normalized_gamma': 32.0}
{'sample_size': 120, 'difference': 0, 'noise': 0.5, 'n': 12, 'shap_error': 11.381182417645773, 'shap_norm_sq': 0.02346064381311203, 'weighted_error': 14.985178665569931, 'gamma': 0.7426967390194229, 'normalized_gamma': 32.0}
{'sample_size': 120, 'difference': 0, 'noise': 1, 'n': 12, 'shap_error': 24.536644201131704, 'shap_norm_sq': 0.02346064381311203, 'weighted_error': 28.626791572360112, 'gamma': 0.7426967390194229, 'normalized_gamma': 32.0}
{'sample_size': 120, 'difference': 0, 'noise': 0.0005, 'n': 12, 'shap_error': 0.0013854007463399388, 'shap_norm_sq': 0.03288601858960833, 'weighted_error': 1.0021591668509677, 'gamma': 0.6432914225824012, 'normalized_gamma': 20.0}
{'sample_size': 120, 'difference': 0, 'noise': 0.001, 'n': 12, 'shap_error': 0.00572492858031898, 'shap_norm_sq': 0.03288601858960833, 'weighted_error': 1.008922542902611, 'gamma': 0.6432914225824012, 'normalized_gamma': 20.0}
{'sample_size': 120, 'difference': 0, 'noise': 0.005, 'n': 12, 'shap_error': 0.0040848849961362356, 'shap_norm_sq': 0.03288601858960833, 'weighted_error': 1.0062313734423156, 'gamma': 0.6432914225824012, 'normalized_gamma': 20.0}
{'sample_size': 120, 'difference': 0, 'noise': 0.01, 'n': 12, 'shap_error': 0.006910331919398867, 'shap_norm_sq': 0.03288601858960833, 'weighted_error': 1.010220517318458, 'gamma': 0.6432914225824012, 'normalized_gamma': 20.0}
{'sample_size': 120, 'difference': 0, 'noise': 0.05, 'n': 12, 'shap_error': 0.06887682233028898, 'shap_norm_sq': 0.03288601858960833, 'weighted_error': 1.0935084508666453, 'gamma': 0.6432914225824012, 'normalized_gamma': 20.0}
{'sample_size': 120, 'difference': 0, 'noise': 0.1, 'n': 12, 'shap_error': 0.3774105817827552, 'shap_norm_sq': 0.03288601858960833, 'weighted_error': 1.532953176426947, 'gamma': 0.6432914225824012, 'normalized_gamma': 20.0}
{'sample_size': 120, 'difference': 0, 'noise': 0.5, 'n': 12, 'shap_error': 3.7023048373342937, 'shap_norm_sq': 0.03288601858960833, 'weighted_error': 5.3832057051072795, 'gamma': 0.6432914225824012, 'normalized_gamma': 20.0}
{'sample_size': 120, 'difference': 0, 'noise': 1, 'n': 12, 'shap_error': 31.04058909278423, 'shap_norm_sq': 0.03288601858960833, 'weighted_error': 43.8458412549298, 'gamma': 0.6432914225824012, 'normalized_gamma': 20.0}
{'sample_size': 120, 'difference': 0, 'noise': 0.0005, 'n': 12, 'shap_error': 0.02241201252280664, 'shap_norm_sq': 0.0181620524781537, 'weighted_error': 1.0287773132168319, 'gamma': 0.778991771232677, 'normalized_gamma': 43.0}
{'sample_size': 120, 'difference': 0, 'noise': 0.001, 'n': 12, 'shap_error': 0.011446503881997427, 'shap_norm_sq': 0.0181620524781537, 'weighted_error': 1.0146913673134585, 'gamma': 0.778991771232677, 'normalized_gamma': 43.0}
{'sample_size': 120, 'difference': 0, 'noise': 0.005, 'n': 12, 'shap_error': 0.013339993397212351, 'shap_norm_sq': 0.0181620524781537, 'weighted_error': 1.0169543443088143, 'gamma': 0.778991771232677, 'normalized_gamma': 43.0}
{'sample_size': 120, 'difference': 0, 'noise': 0.01, 'n': 12, 'shap_error': 0.012347892316640314, 'shap_norm_sq': 0.0181620524781537, 'weighted_error': 1.0151541655723433, 'gamma': 0.778991771232677, 'normalized_gamma': 43.0}
{'sample_size': 120, 'difference': 0, 'noise': 0.05, 'n': 12, 'shap_error': 0.12166990845823518, 'shap_norm_sq': 0.0181620524781537, 'weighted_error': 1.1386938457989388, 'gamma': 0.778991771232677, 'normalized_gamma': 43.0}
{'sample_size': 120, 'difference': 0, 'noise': 0.1, 'n': 12, 'shap_error': 0.18994601698339916, 'shap_norm_sq': 0.0181620524781537, 'weighted_error': 1.17374219548039, 'gamma': 0.778991771232677, 'normalized_gamma': 43.0}
{'sample_size': 120, 'difference': 0, 'noise': 0.5, 'n': 12, 'shap_error': 18.380698891573577, 'shap_norm_sq': 0.0181620524781537, 'weighted_error': 22.848359594712655, 'gamma': 0.778991771232677, 'normalized_gamma': 43.0}
{'sample_size': 120, 'difference': 0, 'noise': 1, 'n': 12, 'shap_error': 69.8402984250745, 'shap_norm_sq': 0.0181620524781537, 'weighted_error': 83.66477427773034, 'gamma': 0.778991771232677, 'normalized_gamma': 43.0}
