{'sample_size': 40, 'difference': 2, 'noise': 0, 'n': 8, 'shap_error': 0.04219882740086939, 'shap_norm_sq': 11.283093307712885, 'weighted_error': 1.068998896340455, 'gamma': 0.6123904208048552, 'normalized_gamma': 0.054}
{'sample_size': 80, 'difference': 2, 'noise': 0, 'n': 8, 'shap_error': 0.006482914985250432, 'shap_norm_sq': 11.283093307712885, 'weighted_error': 1.0106001641330904, 'gamma': 0.6123904208048552, 'normalized_gamma': 0.054}
{'sample_size': 160, 'difference': 2, 'noise': 0, 'n': 8, 'shap_error': 0.0018393786619019723, 'shap_norm_sq': 11.283093307712885, 'weighted_error': 1.0030075465776553, 'gamma': 0.6123904208048552, 'normalized_gamma': 0.054}
{'sample_size': 320, 'difference': -64, 'noise': 0, 'n': 8, 'shap_error': 2.598751430209753e-14, 'shap_norm_sq': 11.283093307712885, 'weighted_error': 0.9999999999999643, 'gamma': 0.6123904208048552, 'normalized_gamma': 0.054}
{'sample_size': 640, 'difference': -384, 'noise': 0, 'n': 8, 'shap_error': 2.598751430209753e-14, 'shap_norm_sq': 11.283093307712885, 'weighted_error': 0.9999999999999643, 'gamma': 0.6123904208048552, 'normalized_gamma': 0.054}
{'sample_size': 1280, 'difference': -1024, 'noise': 0, 'n': 8, 'shap_error': 2.598751430209753e-14, 'shap_norm_sq': 11.283093307712885, 'weighted_error': 0.9999999999999643, 'gamma': 0.6123904208048552, 'normalized_gamma': 0.054}
{'sample_size': 40, 'difference': 2, 'noise': 0, 'n': 8, 'shap_error': 0.0005960917467882517, 'shap_norm_sq': 7.853769710632695, 'weighted_error': 1.0022382722468295, 'gamma': 0.27687006203218667, 'normalized_gamma': 0.035}
{'sample_size': 80, 'difference': 2, 'noise': 0, 'n': 8, 'shap_error': 0.001676637628984058, 'shap_norm_sq': 7.853769710632695, 'weighted_error': 1.006295680646655, 'gamma': 0.27687006203218667, 'normalized_gamma': 0.035}
{'sample_size': 160, 'difference': 2, 'noise': 0, 'n': 8, 'shap_error': 0.0011722940953264576, 'shap_norm_sq': 7.853769710632695, 'weighted_error': 1.0044019050248092, 'gamma': 0.27687006203218667, 'normalized_gamma': 0.035}
{'sample_size': 320, 'difference': -64, 'noise': 0, 'n': 8, 'shap_error': 4.8855101261060173e-14, 'shap_norm_sq': 7.853769710632695, 'weighted_error': 0.9999999999998697, 'gamma': 0.27687006203218667, 'normalized_gamma': 0.035}
{'sample_size': 640, 'difference': -384, 'noise': 0, 'n': 8, 'shap_error': 4.8855101261060173e-14, 'shap_norm_sq': 7.853769710632695, 'weighted_error': 0.9999999999998697, 'gamma': 0.27687006203218667, 'normalized_gamma': 0.035}
{'sample_size': 1280, 'difference': -1024, 'noise': 0, 'n': 8, 'shap_error': 4.8855101261060173e-14, 'shap_norm_sq': 7.853769710632695, 'weighted_error': 0.9999999999998697, 'gamma': 0.27687006203218667, 'normalized_gamma': 0.035}
{'sample_size': 40, 'difference': 2, 'noise': 0, 'n': 8, 'shap_error': 0.00942164988916152, 'shap_norm_sq': 4.301001218039636, 'weighted_error': 1.0493313767340386, 'gamma': 0.21310517330219672, 'normalized_gamma': 0.05}
{'sample_size': 80, 'difference': 2, 'noise': 0, 'n': 8, 'shap_error': 0.0035371385335405147, 'shap_norm_sq': 4.301001218039636, 'weighted_error': 1.0185203114427122, 'gamma': 0.21310517330219672, 'normalized_gamma': 0.05}
{'sample_size': 160, 'difference': 2, 'noise': 0, 'n': 8, 'shap_error': 0.00010721201150696991, 'shap_norm_sq': 4.301001218039636, 'weighted_error': 1.0005613657960142, 'gamma': 0.21310517330219672, 'normalized_gamma': 0.05}
{'sample_size': 320, 'difference': -64, 'noise': 0, 'n': 8, 'shap_error': 9.400785124857691e-14, 'shap_norm_sq': 4.301001218039636, 'weighted_error': 0.9999999999995126, 'gamma': 0.21310517330219672, 'normalized_gamma': 0.05}
{'sample_size': 640, 'difference': -384, 'noise': 0, 'n': 8, 'shap_error': 9.400785124857691e-14, 'shap_norm_sq': 4.301001218039636, 'weighted_error': 0.9999999999995126, 'gamma': 0.21310517330219672, 'normalized_gamma': 0.05}
{'sample_size': 1280, 'difference': -1024, 'noise': 0, 'n': 8, 'shap_error': 9.400785124857691e-14, 'shap_norm_sq': 4.301001218039636, 'weighted_error': 0.9999999999995126, 'gamma': 0.21310517330219672, 'normalized_gamma': 0.05}
{'sample_size': 40, 'difference': 2, 'noise': 0, 'n': 8, 'shap_error': 0.0018769792107467787, 'shap_norm_sq': 3.465094408658432, 'weighted_error': 1.009613017676446, 'gamma': 0.21314589357286004, 'normalized_gamma': 0.062}
{'sample_size': 80, 'difference': 2, 'noise': 0, 'n': 8, 'shap_error': 0.0009590246760031768, 'shap_norm_sq': 3.465094408658432, 'weighted_error': 1.0049117241005596, 'gamma': 0.21314589357286004, 'normalized_gamma': 0.062}
{'sample_size': 160, 'difference': 2, 'noise': 0, 'n': 8, 'shap_error': 0.0006889295134546285, 'shap_norm_sq': 3.465094408658432, 'weighted_error': 1.0035284289500426, 'gamma': 0.21314589357286004, 'normalized_gamma': 0.062}
{'sample_size': 320, 'difference': -64, 'noise': 0, 'n': 8, 'shap_error': 1.6398077617307102e-13, 'shap_norm_sq': 3.465094408658432, 'weighted_error': 0.9999999999993758, 'gamma': 0.21314589357286004, 'normalized_gamma': 0.062}
{'sample_size': 640, 'difference': -384, 'noise': 0, 'n': 8, 'shap_error': 1.6398077617307102e-13, 'shap_norm_sq': 3.465094408658432, 'weighted_error': 0.9999999999993758, 'gamma': 0.21314589357286004, 'normalized_gamma': 0.062}
{'sample_size': 1280, 'difference': -1024, 'noise': 0, 'n': 8, 'shap_error': 1.6398077617307102e-13, 'shap_norm_sq': 3.465094408658432, 'weighted_error': 0.9999999999993758, 'gamma': 0.21314589357286004, 'normalized_gamma': 0.062}
{'sample_size': 40, 'difference': 2, 'noise': 0, 'n': 8, 'shap_error': 0.005449207576775587, 'shap_norm_sq': 6.931122240463873, 'weighted_error': 1.0606030578338057, 'gamma': 0.10740776854379447, 'normalized_gamma': 0.015}
{'sample_size': 80, 'difference': 2, 'noise': 0, 'n': 8, 'shap_error': 0.000798043731598611, 'shap_norm_sq': 6.931122240463873, 'weighted_error': 1.0088754289148814, 'gamma': 0.10740776854379447, 'normalized_gamma': 0.015}
{'sample_size': 160, 'difference': 2, 'noise': 0, 'n': 8, 'shap_error': 0.0005045994788446778, 'shap_norm_sq': 6.931122240463873, 'weighted_error': 1.0056117739037045, 'gamma': 0.10740776854379447, 'normalized_gamma': 0.015}
{'sample_size': 320, 'difference': -64, 'noise': 0, 'n': 8, 'shap_error': 1.9854205613531134e-13, 'shap_norm_sq': 6.931122240463873, 'weighted_error': 0.9999999999976613, 'gamma': 0.10740776854379447, 'normalized_gamma': 0.015}
{'sample_size': 640, 'difference': -384, 'noise': 0, 'n': 8, 'shap_error': 1.9854205613531134e-13, 'shap_norm_sq': 6.931122240463873, 'weighted_error': 0.9999999999976613, 'gamma': 0.10740776854379447, 'normalized_gamma': 0.015}
{'sample_size': 1280, 'difference': -1024, 'noise': 0, 'n': 8, 'shap_error': 1.9854205613531134e-13, 'shap_norm_sq': 6.931122240463873, 'weighted_error': 0.9999999999976613, 'gamma': 0.10740776854379447, 'normalized_gamma': 0.015}
{'sample_size': 40, 'difference': 2, 'noise': 0, 'n': 8, 'shap_error': 0.0023156575942732, 'shap_norm_sq': 0.22582548026109683, 'weighted_error': 1.0098753803561151, 'gamma': 0.2596922338091845, 'normalized_gamma': 1.1}
{'sample_size': 80, 'difference': 2, 'noise': 0, 'n': 8, 'shap_error': 0.0007887222319495916, 'shap_norm_sq': 0.22582548026109683, 'weighted_error': 1.0033636592828041, 'gamma': 0.2596922338091845, 'normalized_gamma': 1.1}
{'sample_size': 160, 'difference': 2, 'noise': 0, 'n': 8, 'shap_error': 0.00014150768390394156, 'shap_norm_sq': 0.22582548026109683, 'weighted_error': 1.0006035148439938, 'gamma': 0.2596922338091845, 'normalized_gamma': 1.1}
{'sample_size': 320, 'difference': -64, 'noise': 0, 'n': 8, 'shap_error': 4.664502249989903e-13, 'shap_norm_sq': 0.22582548026109683, 'weighted_error': 0.9999999999980187, 'gamma': 0.2596922338091845, 'normalized_gamma': 1.1}
{'sample_size': 640, 'difference': -384, 'noise': 0, 'n': 8, 'shap_error': 4.664502249989903e-13, 'shap_norm_sq': 0.22582548026109683, 'weighted_error': 0.9999999999980187, 'gamma': 0.2596922338091845, 'normalized_gamma': 1.1}
{'sample_size': 1280, 'difference': -1024, 'noise': 0, 'n': 8, 'shap_error': 4.664502249989903e-13, 'shap_norm_sq': 0.22582548026109683, 'weighted_error': 0.9999999999980187, 'gamma': 0.2596922338091845, 'normalized_gamma': 1.1}
{'sample_size': 40, 'difference': 2, 'noise': 0, 'n': 8, 'shap_error': 0.016101534487871244, 'shap_norm_sq': 12.492635981112347, 'weighted_error': 1.0398130818902867, 'gamma': 0.40703596479803245, 'normalized_gamma': 0.033}
{'sample_size': 80, 'difference': 2, 'noise': 0, 'n': 8, 'shap_error': 0.000862637753999571, 'shap_norm_sq': 12.492635981112347, 'weighted_error': 1.0021329725505037, 'gamma': 0.40703596479803245, 'normalized_gamma': 0.033}
{'sample_size': 160, 'difference': 2, 'noise': 0, 'n': 8, 'shap_error': 0.0006775801316222215, 'shap_norm_sq': 12.492635981112347, 'weighted_error': 1.0016753871137434, 'gamma': 0.40703596479803245, 'normalized_gamma': 0.033}
{'sample_size': 320, 'difference': -64, 'noise': 0, 'n': 8, 'shap_error': 7.432064060700906e-14, 'shap_norm_sq': 12.492635981112347, 'weighted_error': 0.9999999999998126, 'gamma': 0.40703596479803245, 'normalized_gamma': 0.033}
{'sample_size': 640, 'difference': -384, 'noise': 0, 'n': 8, 'shap_error': 7.432064060700906e-14, 'shap_norm_sq': 12.492635981112347, 'weighted_error': 0.9999999999998126, 'gamma': 0.40703596479803245, 'normalized_gamma': 0.033}
{'sample_size': 1280, 'difference': -1024, 'noise': 0, 'n': 8, 'shap_error': 7.432064060700906e-14, 'shap_norm_sq': 12.492635981112347, 'weighted_error': 0.9999999999998126, 'gamma': 0.40703596479803245, 'normalized_gamma': 0.033}
{'sample_size': 40, 'difference': 2, 'noise': 0, 'n': 8, 'shap_error': 0.0033260602462950382, 'shap_norm_sq': 5.389242494544203, 'weighted_error': 1.0395273863651424, 'gamma': 0.09098427926138603, 'normalized_gamma': 0.017}
{'sample_size': 80, 'difference': 2, 'noise': 0, 'n': 8, 'shap_error': 0.0005833985724077058, 'shap_norm_sq': 5.389242494544203, 'weighted_error': 1.006933214960104, 'gamma': 0.09098427926138603, 'normalized_gamma': 0.017}
{'sample_size': 160, 'difference': 2, 'noise': 0, 'n': 8, 'shap_error': 0.00020914702113344707, 'shap_norm_sq': 5.389242494544203, 'weighted_error': 1.0024855641051218, 'gamma': 0.09098427926138603, 'normalized_gamma': 0.017}
{'sample_size': 320, 'difference': -64, 'noise': 0, 'n': 8, 'shap_error': 6.31859050224412e-14, 'shap_norm_sq': 5.389242494544203, 'weighted_error': 0.999999999999422, 'gamma': 0.09098427926138603, 'normalized_gamma': 0.017}
{'sample_size': 640, 'difference': -384, 'noise': 0, 'n': 8, 'shap_error': 6.31859050224412e-14, 'shap_norm_sq': 5.389242494544203, 'weighted_error': 0.999999999999422, 'gamma': 0.09098427926138603, 'normalized_gamma': 0.017}
{'sample_size': 1280, 'difference': -1024, 'noise': 0, 'n': 8, 'shap_error': 6.31859050224412e-14, 'shap_norm_sq': 5.389242494544203, 'weighted_error': 0.999999999999422, 'gamma': 0.09098427926138603, 'normalized_gamma': 0.017}
{'sample_size': 40, 'difference': 2, 'noise': 0, 'n': 8, 'shap_error': 0.0011986066146599719, 'shap_norm_sq': 7.136045619510271, 'weighted_error': 1.0616924941187973, 'gamma': 0.0270782626283082, 'normalized_gamma': 0.0038}
{'sample_size': 80, 'difference': 2, 'noise': 0, 'n': 8, 'shap_error': 0.0004501773914612788, 'shap_norm_sq': 7.136045619510271, 'weighted_error': 1.023171002009892, 'gamma': 0.0270782626283082, 'normalized_gamma': 0.0038}
{'sample_size': 160, 'difference': 2, 'noise': 0, 'n': 8, 'shap_error': 0.00010196581010904199, 'shap_norm_sq': 7.136045619510271, 'weighted_error': 1.0052482351669918, 'gamma': 0.0270782626283082, 'normalized_gamma': 0.0038}
{'sample_size': 320, 'difference': -64, 'noise': 0, 'n': 8, 'shap_error': 1.0710772165900131e-13, 'shap_norm_sq': 7.136045619510271, 'weighted_error': 0.9999999999948725, 'gamma': 0.0270782626283082, 'normalized_gamma': 0.0038}
{'sample_size': 640, 'difference': -384, 'noise': 0, 'n': 8, 'shap_error': 1.0710772165900131e-13, 'shap_norm_sq': 7.136045619510271, 'weighted_error': 0.9999999999948725, 'gamma': 0.0270782626283082, 'normalized_gamma': 0.0038}
{'sample_size': 1280, 'difference': -1024, 'noise': 0, 'n': 8, 'shap_error': 1.0710772165900131e-13, 'shap_norm_sq': 7.136045619510271, 'weighted_error': 0.9999999999948725, 'gamma': 0.0270782626283082, 'normalized_gamma': 0.0038}
{'sample_size': 40, 'difference': 2, 'noise': 0, 'n': 8, 'shap_error': 0.016458467968294543, 'shap_norm_sq': 5.0266752698027695, 'weighted_error': 1.0922979158798314, 'gamma': 0.18838844683799302, 'normalized_gamma': 0.037}
{'sample_size': 80, 'difference': 2, 'noise': 0, 'n': 8, 'shap_error': 0.000762781001670519, 'shap_norm_sq': 5.0266752698027695, 'weighted_error': 1.0042776523713546, 'gamma': 0.18838844683799302, 'normalized_gamma': 0.037}
{'sample_size': 160, 'difference': 2, 'noise': 0, 'n': 8, 'shap_error': 0.0002556735100055708, 'shap_norm_sq': 5.0266752698027695, 'weighted_error': 1.0014337644214668, 'gamma': 0.18838844683799302, 'normalized_gamma': 0.037}
{'sample_size': 320, 'difference': -64, 'noise': 0, 'n': 8, 'shap_error': 9.621834953529209e-14, 'shap_norm_sq': 5.0266752698027695, 'weighted_error': 0.9999999999995802, 'gamma': 0.18838844683799302, 'normalized_gamma': 0.037}
{'sample_size': 640, 'difference': -384, 'noise': 0, 'n': 8, 'shap_error': 9.621834953529209e-14, 'shap_norm_sq': 5.0266752698027695, 'weighted_error': 0.9999999999995802, 'gamma': 0.18838844683799302, 'normalized_gamma': 0.037}
{'sample_size': 1280, 'difference': -1024, 'noise': 0, 'n': 8, 'shap_error': 9.621834953529209e-14, 'shap_norm_sq': 5.0266752698027695, 'weighted_error': 0.9999999999995802, 'gamma': 0.18838844683799302, 'normalized_gamma': 0.037}
{'sample_size': 40, 'difference': 2, 'noise': 0, 'n': 8, 'shap_error': 0.007297005147570173, 'shap_norm_sq': 0.4866434826863054, 'weighted_error': 1.0462491844219577, 'gamma': 0.158979788301443, 'normalized_gamma': 0.33}
{'sample_size': 80, 'difference': 2, 'noise': 0, 'n': 8, 'shap_error': 0.0035129630300315493, 'shap_norm_sq': 0.4866434826863054, 'weighted_error': 1.0222654609858488, 'gamma': 0.158979788301443, 'normalized_gamma': 0.33}
{'sample_size': 160, 'difference': 2, 'noise': 0, 'n': 8, 'shap_error': 0.0007485777785414954, 'shap_norm_sq': 0.4866434826863054, 'weighted_error': 1.004744587340562, 'gamma': 0.158979788301443, 'normalized_gamma': 0.33}
{'sample_size': 320, 'difference': -64, 'noise': 0, 'n': 8, 'shap_error': 1.6374254473686754e-13, 'shap_norm_sq': 0.4866434826863054, 'weighted_error': 0.9999999999990066, 'gamma': 0.158979788301443, 'normalized_gamma': 0.33}
{'sample_size': 640, 'difference': -384, 'noise': 0, 'n': 8, 'shap_error': 1.6374254473686754e-13, 'shap_norm_sq': 0.4866434826863054, 'weighted_error': 0.9999999999990066, 'gamma': 0.158979788301443, 'normalized_gamma': 0.33}
{'sample_size': 1280, 'difference': -1024, 'noise': 0, 'n': 8, 'shap_error': 1.6374254473686754e-13, 'shap_norm_sq': 0.4866434826863054, 'weighted_error': 0.9999999999990066, 'gamma': 0.158979788301443, 'normalized_gamma': 0.33}
{'sample_size': 40, 'difference': 2, 'noise': 0, 'n': 8, 'shap_error': 0.0011523573793443646, 'shap_norm_sq': 7.517264471443485, 'weighted_error': 1.0417201833042806, 'gamma': 0.03284713156495005, 'normalized_gamma': 0.0044}
{'sample_size': 80, 'difference': 2, 'noise': 0, 'n': 8, 'shap_error': 0.0005599785387052799, 'shap_norm_sq': 7.517264471443485, 'weighted_error': 1.0202731211564604, 'gamma': 0.03284713156495005, 'normalized_gamma': 0.0044}
{'sample_size': 160, 'difference': 2, 'noise': 0, 'n': 8, 'shap_error': 7.367231693204415e-05, 'shap_norm_sq': 7.517264471443485, 'weighted_error': 1.0026671461106385, 'gamma': 0.03284713156495005, 'normalized_gamma': 0.0044}
{'sample_size': 320, 'difference': -64, 'noise': 0, 'n': 8, 'shap_error': 1.1675466899268318e-13, 'shap_norm_sq': 7.517264471443485, 'weighted_error': 0.999999999996197, 'gamma': 0.03284713156495005, 'normalized_gamma': 0.0044}
{'sample_size': 640, 'difference': -384, 'noise': 0, 'n': 8, 'shap_error': 1.1675466899268318e-13, 'shap_norm_sq': 7.517264471443485, 'weighted_error': 0.999999999996197, 'gamma': 0.03284713156495005, 'normalized_gamma': 0.0044}
{'sample_size': 1280, 'difference': -1024, 'noise': 0, 'n': 8, 'shap_error': 1.1675466899268318e-13, 'shap_norm_sq': 7.517264471443485, 'weighted_error': 0.999999999996197, 'gamma': 0.03284713156495005, 'normalized_gamma': 0.0044}
{'sample_size': 40, 'difference': 2, 'noise': 0, 'n': 8, 'shap_error': 0.01753438446118757, 'shap_norm_sq': 0.8028128452798684, 'weighted_error': 1.0695879092698304, 'gamma': 0.2531013724761013, 'normalized_gamma': 0.32}
{'sample_size': 80, 'difference': 2, 'noise': 0, 'n': 8, 'shap_error': 0.00117564057369927, 'shap_norm_sq': 0.8028128452798684, 'weighted_error': 1.00466570524959, 'gamma': 0.2531013724761013, 'normalized_gamma': 0.32}
{'sample_size': 160, 'difference': 2, 'noise': 0, 'n': 8, 'shap_error': 0.0008271160551376954, 'shap_norm_sq': 0.8028128452798684, 'weighted_error': 1.0032825140711714, 'gamma': 0.2531013724761013, 'normalized_gamma': 0.32}
{'sample_size': 320, 'difference': -64, 'noise': 0, 'n': 8, 'shap_error': 1.3765629576287503e-13, 'shap_norm_sq': 0.8028128452798684, 'weighted_error': 0.999999999999442, 'gamma': 0.2531013724761013, 'normalized_gamma': 0.32}
{'sample_size': 640, 'difference': -384, 'noise': 0, 'n': 8, 'shap_error': 1.3765629576287503e-13, 'shap_norm_sq': 0.8028128452798684, 'weighted_error': 0.999999999999442, 'gamma': 0.2531013724761013, 'normalized_gamma': 0.32}
{'sample_size': 1280, 'difference': -1024, 'noise': 0, 'n': 8, 'shap_error': 1.3765629576287503e-13, 'shap_norm_sq': 0.8028128452798684, 'weighted_error': 0.999999999999442, 'gamma': 0.2531013724761013, 'normalized_gamma': 0.32}
{'sample_size': 40, 'difference': 2, 'noise': 0, 'n': 8, 'shap_error': 0.00036050233595111877, 'shap_norm_sq': 4.3249478281854286, 'weighted_error': 1.007650484404475, 'gamma': 0.056085894916571156, 'normalized_gamma': 0.013}
{'sample_size': 80, 'difference': 2, 'noise': 0, 'n': 8, 'shap_error': 0.00024089803602607454, 'shap_norm_sq': 4.3249478281854286, 'weighted_error': 1.0051121353065493, 'gamma': 0.056085894916571156, 'normalized_gamma': 0.013}
{'sample_size': 160, 'difference': 2, 'noise': 0, 'n': 8, 'shap_error': 0.00021252975279475113, 'shap_norm_sq': 4.3249478281854286, 'weighted_error': 1.0045101080201588, 'gamma': 0.056085894916571156, 'normalized_gamma': 0.013}
{'sample_size': 320, 'difference': -64, 'noise': 0, 'n': 8, 'shap_error': 1.478106739121644e-13, 'shap_norm_sq': 4.3249478281854286, 'weighted_error': 0.9999999999973542, 'gamma': 0.056085894916571156, 'normalized_gamma': 0.013}
{'sample_size': 640, 'difference': -384, 'noise': 0, 'n': 8, 'shap_error': 1.478106739121644e-13, 'shap_norm_sq': 4.3249478281854286, 'weighted_error': 0.9999999999973542, 'gamma': 0.056085894916571156, 'normalized_gamma': 0.013}
{'sample_size': 1280, 'difference': -1024, 'noise': 0, 'n': 8, 'shap_error': 1.478106739121644e-13, 'shap_norm_sq': 4.3249478281854286, 'weighted_error': 0.9999999999973542, 'gamma': 0.056085894916571156, 'normalized_gamma': 0.013}
{'sample_size': 40, 'difference': 2, 'noise': 0, 'n': 8, 'shap_error': 0.0003444198391423347, 'shap_norm_sq': 3.8147497514361675, 'weighted_error': 1.0058508923927028, 'gamma': 0.07914608501454111, 'normalized_gamma': 0.021}
{'sample_size': 80, 'difference': 2, 'noise': 0, 'n': 8, 'shap_error': 0.0008868770498403691, 'shap_norm_sq': 3.8147497514361675, 'weighted_error': 1.0150660599164691, 'gamma': 0.07914608501454111, 'normalized_gamma': 0.021}
{'sample_size': 160, 'difference': 2, 'noise': 0, 'n': 8, 'shap_error': 7.2556499568649e-05, 'shap_norm_sq': 3.8147497514361675, 'weighted_error': 1.001232605210119, 'gamma': 0.07914608501454111, 'normalized_gamma': 0.021}
{'sample_size': 320, 'difference': -64, 'noise': 0, 'n': 8, 'shap_error': 5.6068293522360044e-14, 'shap_norm_sq': 3.8147497514361675, 'weighted_error': 0.9999999999991848, 'gamma': 0.07914608501454111, 'normalized_gamma': 0.021}
{'sample_size': 640, 'difference': -384, 'noise': 0, 'n': 8, 'shap_error': 5.6068293522360044e-14, 'shap_norm_sq': 3.8147497514361675, 'weighted_error': 0.9999999999991848, 'gamma': 0.07914608501454111, 'normalized_gamma': 0.021}
{'sample_size': 1280, 'difference': -1024, 'noise': 0, 'n': 8, 'shap_error': 5.6068293522360044e-14, 'shap_norm_sq': 3.8147497514361675, 'weighted_error': 0.9999999999991848, 'gamma': 0.07914608501454111, 'normalized_gamma': 0.021}
{'sample_size': 40, 'difference': 2, 'noise': 0, 'n': 8, 'shap_error': 0.010276848576038423, 'shap_norm_sq': 6.173454231813274, 'weighted_error': 1.0266398495454674, 'gamma': 0.3891288725775192, 'normalized_gamma': 0.063}
{'sample_size': 80, 'difference': 2, 'noise': 0, 'n': 8, 'shap_error': 0.0030457364872899066, 'shap_norm_sq': 6.173454231813274, 'weighted_error': 1.007895190625883, 'gamma': 0.3891288725775192, 'normalized_gamma': 0.063}
{'sample_size': 160, 'difference': 2, 'noise': 0, 'n': 8, 'shap_error': 0.002172841715283082, 'shap_norm_sq': 6.173454231813274, 'weighted_error': 1.0056324614255725, 'gamma': 0.3891288725775192, 'normalized_gamma': 0.063}
{'sample_size': 320, 'difference': -64, 'noise': 0, 'n': 8, 'shap_error': 4.5482013328279357e-14, 'shap_norm_sq': 6.173454231813274, 'weighted_error': 0.9999999999998984, 'gamma': 0.3891288725775192, 'normalized_gamma': 0.063}
{'sample_size': 640, 'difference': -384, 'noise': 0, 'n': 8, 'shap_error': 4.5482013328279357e-14, 'shap_norm_sq': 6.173454231813274, 'weighted_error': 0.9999999999998984, 'gamma': 0.3891288725775192, 'normalized_gamma': 0.063}
{'sample_size': 1280, 'difference': -1024, 'noise': 0, 'n': 8, 'shap_error': 4.5482013328279357e-14, 'shap_norm_sq': 6.173454231813274, 'weighted_error': 0.9999999999998984, 'gamma': 0.3891288725775192, 'normalized_gamma': 0.063}
{'sample_size': 40, 'difference': 2, 'noise': 0, 'n': 8, 'shap_error': 0.004758647695187287, 'shap_norm_sq': 3.0485538651457627, 'weighted_error': 1.0142783742430086, 'gamma': 0.3396370717676155, 'normalized_gamma': 0.11}
{'sample_size': 80, 'difference': 2, 'noise': 0, 'n': 8, 'shap_error': 0.002530948882491037, 'shap_norm_sq': 3.0485538651457627, 'weighted_error': 1.0075941915487694, 'gamma': 0.3396370717676155, 'normalized_gamma': 0.11}
{'sample_size': 160, 'difference': 2, 'noise': 0, 'n': 8, 'shap_error': 0.0012391594441915092, 'shap_norm_sq': 3.0485538651457627, 'weighted_error': 1.0037181765467946, 'gamma': 0.3396370717676155, 'normalized_gamma': 0.11}
{'sample_size': 320, 'difference': -64, 'noise': 0, 'n': 8, 'shap_error': 2.034465918715058e-13, 'shap_norm_sq': 3.0485538651457627, 'weighted_error': 0.9999999999994956, 'gamma': 0.3396370717676155, 'normalized_gamma': 0.11}
{'sample_size': 640, 'difference': -384, 'noise': 0, 'n': 8, 'shap_error': 2.034465918715058e-13, 'shap_norm_sq': 3.0485538651457627, 'weighted_error': 0.9999999999994956, 'gamma': 0.3396370717676155, 'normalized_gamma': 0.11}
{'sample_size': 1280, 'difference': -1024, 'noise': 0, 'n': 8, 'shap_error': 2.034465918715058e-13, 'shap_norm_sq': 3.0485538651457627, 'weighted_error': 0.9999999999994956, 'gamma': 0.3396370717676155, 'normalized_gamma': 0.11}
{'sample_size': 40, 'difference': 2, 'noise': 0, 'n': 8, 'shap_error': 0.0015778701366460904, 'shap_norm_sq': 8.581315158348554, 'weighted_error': 1.006608275677473, 'gamma': 0.2580011798639034, 'normalized_gamma': 0.03}
{'sample_size': 80, 'difference': 2, 'noise': 0, 'n': 8, 'shap_error': 0.0004385075366082978, 'shap_norm_sq': 8.581315158348554, 'weighted_error': 1.0018365263218385, 'gamma': 0.2580011798639034, 'normalized_gamma': 0.03}
{'sample_size': 160, 'difference': 2, 'noise': 0, 'n': 8, 'shap_error': 0.0004895535064386233, 'shap_norm_sq': 8.581315158348554, 'weighted_error': 1.0020503178013072, 'gamma': 0.2580011798639034, 'normalized_gamma': 0.03}
{'sample_size': 320, 'difference': -64, 'noise': 0, 'n': 8, 'shap_error': 8.89777486395395e-14, 'shap_norm_sq': 8.581315158348554, 'weighted_error': 0.9999999999996333, 'gamma': 0.2580011798639034, 'normalized_gamma': 0.03}
{'sample_size': 640, 'difference': -384, 'noise': 0, 'n': 8, 'shap_error': 8.89777486395395e-14, 'shap_norm_sq': 8.581315158348554, 'weighted_error': 0.9999999999996333, 'gamma': 0.2580011798639034, 'normalized_gamma': 0.03}
{'sample_size': 1280, 'difference': -1024, 'noise': 0, 'n': 8, 'shap_error': 8.89777486395395e-14, 'shap_norm_sq': 8.581315158348554, 'weighted_error': 0.9999999999996333, 'gamma': 0.2580011798639034, 'normalized_gamma': 0.03}
{'sample_size': 40, 'difference': 2, 'noise': 0, 'n': 8, 'shap_error': 0.024545625862724425, 'shap_norm_sq': 2.3697814585951384, 'weighted_error': 1.0450170518103414, 'gamma': 0.5592831850048154, 'normalized_gamma': 0.24}
{'sample_size': 80, 'difference': 2, 'noise': 0, 'n': 8, 'shap_error': 0.006385904847575197, 'shap_norm_sq': 2.3697814585951384, 'weighted_error': 1.011711828733166, 'gamma': 0.5592831850048154, 'normalized_gamma': 0.24}
{'sample_size': 160, 'difference': 2, 'noise': 0, 'n': 8, 'shap_error': 0.004131566613580639, 'shap_norm_sq': 2.3697814585951384, 'weighted_error': 1.0075773215055326, 'gamma': 0.5592831850048154, 'normalized_gamma': 0.24}
{'sample_size': 320, 'difference': -64, 'noise': 0, 'n': 8, 'shap_error': 1.5362267274003067e-13, 'shap_norm_sq': 2.3697814585951384, 'weighted_error': 0.9999999999997664, 'gamma': 0.5592831850048154, 'normalized_gamma': 0.24}
{'sample_size': 640, 'difference': -384, 'noise': 0, 'n': 8, 'shap_error': 1.5362267274003067e-13, 'shap_norm_sq': 2.3697814585951384, 'weighted_error': 0.9999999999997664, 'gamma': 0.5592831850048154, 'normalized_gamma': 0.24}
{'sample_size': 1280, 'difference': -1024, 'noise': 0, 'n': 8, 'shap_error': 1.5362267274003067e-13, 'shap_norm_sq': 2.3697814585951384, 'weighted_error': 0.9999999999997664, 'gamma': 0.5592831850048154, 'normalized_gamma': 0.24}
{'sample_size': 40, 'difference': 2, 'noise': 0, 'n': 8, 'shap_error': 0.022568130780212307, 'shap_norm_sq': 5.0360179064252995, 'weighted_error': 1.0421182752302214, 'gamma': 0.535884149990369, 'normalized_gamma': 0.11}
{'sample_size': 80, 'difference': 2, 'noise': 0, 'n': 8, 'shap_error': 0.0032694106647933084, 'shap_norm_sq': 5.0360179064252995, 'weighted_error': 1.0061015950013463, 'gamma': 0.535884149990369, 'normalized_gamma': 0.11}
{'sample_size': 160, 'difference': 2, 'noise': 0, 'n': 8, 'shap_error': 0.001834663489162325, 'shap_norm_sq': 5.0360179064252995, 'weighted_error': 1.0034239762490278, 'gamma': 0.535884149990369, 'normalized_gamma': 0.11}
{'sample_size': 320, 'difference': -64, 'noise': 0, 'n': 8, 'shap_error': 1.603401702872659e-14, 'shap_norm_sq': 5.0360179064252995, 'weighted_error': 0.9999999999999679, 'gamma': 0.535884149990369, 'normalized_gamma': 0.11}
{'sample_size': 640, 'difference': -384, 'noise': 0, 'n': 8, 'shap_error': 1.603401702872659e-14, 'shap_norm_sq': 5.0360179064252995, 'weighted_error': 0.9999999999999679, 'gamma': 0.535884149990369, 'normalized_gamma': 0.11}
{'sample_size': 1280, 'difference': -1024, 'noise': 0, 'n': 8, 'shap_error': 1.603401702872659e-14, 'shap_norm_sq': 5.0360179064252995, 'weighted_error': 0.9999999999999679, 'gamma': 0.535884149990369, 'normalized_gamma': 0.11}
{'sample_size': 40, 'difference': 2, 'noise': 0, 'n': 8, 'shap_error': 0.010944647226430638, 'shap_norm_sq': 4.909011418571472, 'weighted_error': 1.0230274046014913, 'gamma': 0.4766850211651444, 'normalized_gamma': 0.097}
{'sample_size': 80, 'difference': 2, 'noise': 0, 'n': 8, 'shap_error': 0.0077445684569112635, 'shap_norm_sq': 4.909011418571472, 'weighted_error': 1.0162944781365766, 'gamma': 0.4766850211651444, 'normalized_gamma': 0.097}
{'sample_size': 160, 'difference': 2, 'noise': 0, 'n': 8, 'shap_error': 8.13516438566112e-05, 'shap_norm_sq': 4.909011418571472, 'weighted_error': 1.0001711629105525, 'gamma': 0.4766850211651444, 'normalized_gamma': 0.097}
{'sample_size': 320, 'difference': -64, 'noise': 0, 'n': 8, 'shap_error': 1.2744067884931126e-14, 'shap_norm_sq': 4.909011418571472, 'weighted_error': 0.9999999999999784, 'gamma': 0.4766850211651444, 'normalized_gamma': 0.097}
{'sample_size': 640, 'difference': -384, 'noise': 0, 'n': 8, 'shap_error': 1.2744067884931126e-14, 'shap_norm_sq': 4.909011418571472, 'weighted_error': 0.9999999999999784, 'gamma': 0.4766850211651444, 'normalized_gamma': 0.097}
{'sample_size': 1280, 'difference': -1024, 'noise': 0, 'n': 8, 'shap_error': 1.2744067884931126e-14, 'shap_norm_sq': 4.909011418571472, 'weighted_error': 0.9999999999999784, 'gamma': 0.4766850211651444, 'normalized_gamma': 0.097}
{'sample_size': 40, 'difference': 2, 'noise': 0, 'n': 8, 'shap_error': 0.0024342909460324446, 'shap_norm_sq': 0.9322824715915776, 'weighted_error': 1.0087712200728962, 'gamma': 0.2775362142388952, 'normalized_gamma': 0.3}
{'sample_size': 80, 'difference': 2, 'noise': 0, 'n': 8, 'shap_error': 0.002000324874332862, 'shap_norm_sq': 0.9322824715915776, 'weighted_error': 1.0072075825223765, 'gamma': 0.2775362142388952, 'normalized_gamma': 0.3}
{'sample_size': 160, 'difference': 2, 'noise': 0, 'n': 8, 'shap_error': 0.0009543327678460606, 'shap_norm_sq': 0.9322824715915776, 'weighted_error': 1.0034386009890988, 'gamma': 0.2775362142388952, 'normalized_gamma': 0.3}
{'sample_size': 320, 'difference': -64, 'noise': 0, 'n': 8, 'shap_error': 1.4693073159535884e-13, 'shap_norm_sq': 0.9322824715915776, 'weighted_error': 0.9999999999994782, 'gamma': 0.2775362142388952, 'normalized_gamma': 0.3}
{'sample_size': 640, 'difference': -384, 'noise': 0, 'n': 8, 'shap_error': 1.4693073159535884e-13, 'shap_norm_sq': 0.9322824715915776, 'weighted_error': 0.9999999999994782, 'gamma': 0.2775362142388952, 'normalized_gamma': 0.3}
{'sample_size': 1280, 'difference': -1024, 'noise': 0, 'n': 8, 'shap_error': 1.4693073159535884e-13, 'shap_norm_sq': 0.9322824715915776, 'weighted_error': 0.9999999999994782, 'gamma': 0.2775362142388952, 'normalized_gamma': 0.3}
{'sample_size': 40, 'difference': 2, 'noise': 0, 'n': 8, 'shap_error': 0.0035120900184268107, 'shap_norm_sq': 1.9567787124941214, 'weighted_error': 1.024788074804617, 'gamma': 0.15017765397703625, 'normalized_gamma': 0.077}
{'sample_size': 80, 'difference': 2, 'noise': 0, 'n': 8, 'shap_error': 0.0007957230645563885, 'shap_norm_sq': 1.9567787124941214, 'weighted_error': 1.0056161615081671, 'gamma': 0.15017765397703625, 'normalized_gamma': 0.077}
{'sample_size': 160, 'difference': 2, 'noise': 0, 'n': 8, 'shap_error': 0.000694003177844632, 'shap_norm_sq': 1.9567787124941214, 'weighted_error': 1.0048982062062601, 'gamma': 0.15017765397703625, 'normalized_gamma': 0.077}
{'sample_size': 320, 'difference': -64, 'noise': 0, 'n': 8, 'shap_error': 5.006917255172195e-14, 'shap_norm_sq': 1.9567787124941214, 'weighted_error': 0.9999999999997353, 'gamma': 0.15017765397703625, 'normalized_gamma': 0.077}
{'sample_size': 640, 'difference': -384, 'noise': 0, 'n': 8, 'shap_error': 5.006917255172195e-14, 'shap_norm_sq': 1.9567787124941214, 'weighted_error': 0.9999999999997353, 'gamma': 0.15017765397703625, 'normalized_gamma': 0.077}
{'sample_size': 1280, 'difference': -1024, 'noise': 0, 'n': 8, 'shap_error': 5.006917255172195e-14, 'shap_norm_sq': 1.9567787124941214, 'weighted_error': 0.9999999999997353, 'gamma': 0.15017765397703625, 'normalized_gamma': 0.077}
{'sample_size': 40, 'difference': 2, 'noise': 0, 'n': 8, 'shap_error': 0.0022435036867096145, 'shap_norm_sq': 2.1129838425793, 'weighted_error': 1.0340794560606414, 'gamma': 0.07149112218048888, 'normalized_gamma': 0.034}
{'sample_size': 80, 'difference': 2, 'noise': 0, 'n': 8, 'shap_error': 0.0011888862928585463, 'shap_norm_sq': 2.1129838425793, 'weighted_error': 1.0180595351640818, 'gamma': 0.07149112218048888, 'normalized_gamma': 0.034}
{'sample_size': 160, 'difference': 2, 'noise': 0, 'n': 8, 'shap_error': 0.0003622300363564637, 'shap_norm_sq': 2.1129838425793, 'weighted_error': 1.005502357385342, 'gamma': 0.07149112218048888, 'normalized_gamma': 0.034}
{'sample_size': 320, 'difference': -64, 'noise': 0, 'n': 8, 'shap_error': 3.3826870356974524e-14, 'shap_norm_sq': 2.1129838425793, 'weighted_error': 0.9999999999996456, 'gamma': 0.07149112218048888, 'normalized_gamma': 0.034}
{'sample_size': 640, 'difference': -384, 'noise': 0, 'n': 8, 'shap_error': 3.3826870356974524e-14, 'shap_norm_sq': 2.1129838425793, 'weighted_error': 0.9999999999996456, 'gamma': 0.07149112218048888, 'normalized_gamma': 0.034}
{'sample_size': 1280, 'difference': -1024, 'noise': 0, 'n': 8, 'shap_error': 3.3826870356974524e-14, 'shap_norm_sq': 2.1129838425793, 'weighted_error': 0.9999999999996456, 'gamma': 0.07149112218048888, 'normalized_gamma': 0.034}
{'sample_size': 40, 'difference': 2, 'noise': 0, 'n': 8, 'shap_error': 0.000508772589195442, 'shap_norm_sq': 3.0403296409420855, 'weighted_error': 1.0170137553769532, 'gamma': 0.03343877348105261, 'normalized_gamma': 0.011}
{'sample_size': 80, 'difference': 2, 'noise': 0, 'n': 8, 'shap_error': 0.0001105027026972007, 'shap_norm_sq': 3.0403296409420855, 'weighted_error': 1.0036952961858736, 'gamma': 0.03343877348105261, 'normalized_gamma': 0.011}
{'sample_size': 160, 'difference': 2, 'noise': 0, 'n': 8, 'shap_error': 7.710991217283829e-05, 'shap_norm_sq': 3.0403296409420855, 'weighted_error': 1.0025786269024444, 'gamma': 0.03343877348105261, 'normalized_gamma': 0.011}
{'sample_size': 320, 'difference': -64, 'noise': 0, 'n': 8, 'shap_error': 3.175777471259127e-14, 'shap_norm_sq': 3.0403296409420855, 'weighted_error': 0.99999999999941, 'gamma': 0.03343877348105261, 'normalized_gamma': 0.011}
{'sample_size': 640, 'difference': -384, 'noise': 0, 'n': 8, 'shap_error': 3.175777471259127e-14, 'shap_norm_sq': 3.0403296409420855, 'weighted_error': 0.99999999999941, 'gamma': 0.03343877348105261, 'normalized_gamma': 0.011}
{'sample_size': 1280, 'difference': -1024, 'noise': 0, 'n': 8, 'shap_error': 3.175777471259127e-14, 'shap_norm_sq': 3.0403296409420855, 'weighted_error': 0.99999999999941, 'gamma': 0.03343877348105261, 'normalized_gamma': 0.011}
{'sample_size': 40, 'difference': 2, 'noise': 0, 'n': 8, 'shap_error': 0.018032486504512658, 'shap_norm_sq': 6.207851072720888, 'weighted_error': 1.044099852117087, 'gamma': 0.41238193406560714, 'normalized_gamma': 0.066}
{'sample_size': 80, 'difference': 2, 'noise': 0, 'n': 8, 'shap_error': 0.005626955455345361, 'shap_norm_sq': 6.207851072720888, 'weighted_error': 1.0137611419353874, 'gamma': 0.41238193406560714, 'normalized_gamma': 0.066}
{'sample_size': 160, 'difference': 2, 'noise': 0, 'n': 8, 'shap_error': 0.0005002588298540305, 'shap_norm_sq': 6.207851072720888, 'weighted_error': 1.0012234188332474, 'gamma': 0.41238193406560714, 'normalized_gamma': 0.066}
{'sample_size': 320, 'difference': -64, 'noise': 0, 'n': 8, 'shap_error': 1.8304701882404263e-14, 'shap_norm_sq': 6.207851072720888, 'weighted_error': 0.9999999999999587, 'gamma': 0.41238193406560714, 'normalized_gamma': 0.066}
{'sample_size': 640, 'difference': -384, 'noise': 0, 'n': 8, 'shap_error': 1.8304701882404263e-14, 'shap_norm_sq': 6.207851072720888, 'weighted_error': 0.9999999999999587, 'gamma': 0.41238193406560714, 'normalized_gamma': 0.066}
{'sample_size': 1280, 'difference': -1024, 'noise': 0, 'n': 8, 'shap_error': 1.8304701882404263e-14, 'shap_norm_sq': 6.207851072720888, 'weighted_error': 0.9999999999999587, 'gamma': 0.41238193406560714, 'normalized_gamma': 0.066}
{'sample_size': 40, 'difference': 2, 'noise': 0, 'n': 8, 'shap_error': 0.0817737656832818, 'shap_norm_sq': 11.499355738710491, 'weighted_error': 1.1453964712076166, 'gamma': 0.562446101869841, 'normalized_gamma': 0.049}
{'sample_size': 80, 'difference': 2, 'noise': 0, 'n': 8, 'shap_error': 0.007307108443000833, 'shap_norm_sq': 11.499355738710491, 'weighted_error': 1.0129922931734083, 'gamma': 0.562446101869841, 'normalized_gamma': 0.049}
{'sample_size': 160, 'difference': 2, 'noise': 0, 'n': 8, 'shap_error': 0.0021130434572249773, 'shap_norm_sq': 11.499355738710491, 'weighted_error': 1.0037570663785618, 'gamma': 0.562446101869841, 'normalized_gamma': 0.049}
{'sample_size': 320, 'difference': -64, 'noise': 0, 'n': 8, 'shap_error': 4.2888668834471954e-14, 'shap_norm_sq': 11.499355738710491, 'weighted_error': 0.9999999999999335, 'gamma': 0.562446101869841, 'normalized_gamma': 0.049}
{'sample_size': 640, 'difference': -384, 'noise': 0, 'n': 8, 'shap_error': 4.2888668834471954e-14, 'shap_norm_sq': 11.499355738710491, 'weighted_error': 0.9999999999999335, 'gamma': 0.562446101869841, 'normalized_gamma': 0.049}
{'sample_size': 1280, 'difference': -1024, 'noise': 0, 'n': 8, 'shap_error': 4.2888668834471954e-14, 'shap_norm_sq': 11.499355738710491, 'weighted_error': 0.9999999999999335, 'gamma': 0.562446101869841, 'normalized_gamma': 0.049}
{'sample_size': 40, 'difference': 2, 'noise': 0, 'n': 8, 'shap_error': 0.01926778705993129, 'shap_norm_sq': 7.655141947503893, 'weighted_error': 1.117452078284462, 'gamma': 0.23462244299943313, 'normalized_gamma': 0.031}
{'sample_size': 80, 'difference': 2, 'noise': 0, 'n': 8, 'shap_error': 0.002890477297383388, 'shap_norm_sq': 7.655141947503893, 'weighted_error': 1.0176197084785092, 'gamma': 0.23462244299943313, 'normalized_gamma': 0.031}
{'sample_size': 160, 'difference': 2, 'noise': 0, 'n': 8, 'shap_error': 0.0007979953040384143, 'shap_norm_sq': 7.655141947503893, 'weighted_error': 1.0048643923307816, 'gamma': 0.23462244299943313, 'normalized_gamma': 0.031}
{'sample_size': 320, 'difference': -64, 'noise': 0, 'n': 8, 'shap_error': 1.0035362347528723e-13, 'shap_norm_sq': 7.655141947503893, 'weighted_error': 0.9999999999994045, 'gamma': 0.23462244299943313, 'normalized_gamma': 0.031}
{'sample_size': 640, 'difference': -384, 'noise': 0, 'n': 8, 'shap_error': 1.0035362347528723e-13, 'shap_norm_sq': 7.655141947503893, 'weighted_error': 0.9999999999994045, 'gamma': 0.23462244299943313, 'normalized_gamma': 0.031}
{'sample_size': 1280, 'difference': -1024, 'noise': 0, 'n': 8, 'shap_error': 1.0035362347528723e-13, 'shap_norm_sq': 7.655141947503893, 'weighted_error': 0.9999999999994045, 'gamma': 0.23462244299943313, 'normalized_gamma': 0.031}
{'sample_size': 40, 'difference': 2, 'noise': 0, 'n': 8, 'shap_error': 0.03718853281019078, 'shap_norm_sq': 11.689138025777835, 'weighted_error': 1.0656918881387971, 'gamma': 0.5666894885180552, 'normalized_gamma': 0.048}
{'sample_size': 80, 'difference': 2, 'noise': 0, 'n': 8, 'shap_error': 0.010513650606383651, 'shap_norm_sq': 11.689138025777835, 'weighted_error': 1.0185718951441602, 'gamma': 0.5666894885180552, 'normalized_gamma': 0.048}
{'sample_size': 160, 'difference': 2, 'noise': 0, 'n': 8, 'shap_error': 0.0017842781816502587, 'shap_norm_sq': 11.689138025777835, 'weighted_error': 1.003151822674627, 'gamma': 0.5666894885180552, 'normalized_gamma': 0.048}
{'sample_size': 320, 'difference': -64, 'noise': 0, 'n': 8, 'shap_error': 4.6065686630099897e-14, 'shap_norm_sq': 11.689138025777835, 'weighted_error': 0.999999999999928, 'gamma': 0.5666894885180552, 'normalized_gamma': 0.048}
{'sample_size': 640, 'difference': -384, 'noise': 0, 'n': 8, 'shap_error': 4.6065686630099897e-14, 'shap_norm_sq': 11.689138025777835, 'weighted_error': 0.999999999999928, 'gamma': 0.5666894885180552, 'normalized_gamma': 0.048}
{'sample_size': 1280, 'difference': -1024, 'noise': 0, 'n': 8, 'shap_error': 4.6065686630099897e-14, 'shap_norm_sq': 11.689138025777835, 'weighted_error': 0.999999999999928, 'gamma': 0.5666894885180552, 'normalized_gamma': 0.048}
{'sample_size': 40, 'difference': 2, 'noise': 0, 'n': 8, 'shap_error': 0.002725011736410483, 'shap_norm_sq': 7.73283879016898, 'weighted_error': 1.0435247050380918, 'gamma': 0.0781292093392316, 'normalized_gamma': 0.01}
{'sample_size': 80, 'difference': 2, 'noise': 0, 'n': 8, 'shap_error': 0.00048469986960796577, 'shap_norm_sq': 7.73283879016898, 'weighted_error': 1.0077416121332172, 'gamma': 0.0781292093392316, 'normalized_gamma': 0.01}
{'sample_size': 160, 'difference': 2, 'noise': 0, 'n': 8, 'shap_error': 0.00018636287987151858, 'shap_norm_sq': 7.73283879016898, 'weighted_error': 1.0029766002537206, 'gamma': 0.0781292093392316, 'normalized_gamma': 0.01}
{'sample_size': 320, 'difference': -64, 'noise': 0, 'n': 8, 'shap_error': 4.1386943925703796e-13, 'shap_norm_sq': 7.73283879016898, 'weighted_error': 0.9999999999956733, 'gamma': 0.0781292093392316, 'normalized_gamma': 0.01}
{'sample_size': 640, 'difference': -384, 'noise': 0, 'n': 8, 'shap_error': 4.1386943925703796e-13, 'shap_norm_sq': 7.73283879016898, 'weighted_error': 0.9999999999956733, 'gamma': 0.0781292093392316, 'normalized_gamma': 0.01}
{'sample_size': 1280, 'difference': -1024, 'noise': 0, 'n': 8, 'shap_error': 4.1386943925703796e-13, 'shap_norm_sq': 7.73283879016898, 'weighted_error': 0.9999999999956733, 'gamma': 0.0781292093392316, 'normalized_gamma': 0.01}
{'sample_size': 40, 'difference': 2, 'noise': 0, 'n': 8, 'shap_error': 8.014177570128487e-06, 'shap_norm_sq': 0.038084197863679635, 'weighted_error': 1.001132069230651, 'gamma': 0.007099112673434751, 'normalized_gamma': 0.19}
{'sample_size': 80, 'difference': 2, 'noise': 0, 'n': 8, 'shap_error': 5.395670916545529e-05, 'shap_norm_sq': 0.038084197863679635, 'weighted_error': 1.0076236448333247, 'gamma': 0.007099112673434751, 'normalized_gamma': 0.19}
{'sample_size': 160, 'difference': 2, 'noise': 0, 'n': 8, 'shap_error': 2.586825136968216e-05, 'shap_norm_sq': 0.038084197863679635, 'weighted_error': 1.0036547202536314, 'gamma': 0.007099112673434751, 'normalized_gamma': 0.19}
{'sample_size': 320, 'difference': -64, 'noise': 0, 'n': 8, 'shap_error': 1.889115392116323e-12, 'shap_norm_sq': 0.038084197863679635, 'weighted_error': 0.9999999997400578, 'gamma': 0.007099112673434751, 'normalized_gamma': 0.19}
{'sample_size': 640, 'difference': -384, 'noise': 0, 'n': 8, 'shap_error': 1.889115392116323e-12, 'shap_norm_sq': 0.038084197863679635, 'weighted_error': 0.9999999997400578, 'gamma': 0.007099112673434751, 'normalized_gamma': 0.19}
{'sample_size': 1280, 'difference': -1024, 'noise': 0, 'n': 8, 'shap_error': 1.889115392116323e-12, 'shap_norm_sq': 0.038084197863679635, 'weighted_error': 0.9999999997400578, 'gamma': 0.007099112673434751, 'normalized_gamma': 0.19}
{'sample_size': 40, 'difference': 2, 'noise': 0, 'n': 8, 'shap_error': 0.013810367086215358, 'shap_norm_sq': 11.596083031403689, 'weighted_error': 1.0275644476224906, 'gamma': 0.5035467471153466, 'normalized_gamma': 0.043}
{'sample_size': 80, 'difference': 2, 'noise': 0, 'n': 8, 'shap_error': 0.00847785264015007, 'shap_norm_sq': 11.596083031403689, 'weighted_error': 1.0169211356945562, 'gamma': 0.5035467471153466, 'normalized_gamma': 0.043}
{'sample_size': 160, 'difference': 2, 'noise': 0, 'n': 8, 'shap_error': 0.0009463843235131242, 'shap_norm_sq': 11.596083031403689, 'weighted_error': 1.0018889108802018, 'gamma': 0.5035467471153466, 'normalized_gamma': 0.043}
{'sample_size': 320, 'difference': -64, 'noise': 0, 'n': 8, 'shap_error': 2.6906792217323773e-14, 'shap_norm_sq': 11.596083031403689, 'weighted_error': 0.999999999999954, 'gamma': 0.5035467471153466, 'normalized_gamma': 0.043}
{'sample_size': 640, 'difference': -384, 'noise': 0, 'n': 8, 'shap_error': 2.6906792217323773e-14, 'shap_norm_sq': 11.596083031403689, 'weighted_error': 0.999999999999954, 'gamma': 0.5035467471153466, 'normalized_gamma': 0.043}
{'sample_size': 1280, 'difference': -1024, 'noise': 0, 'n': 8, 'shap_error': 2.6906792217323773e-14, 'shap_norm_sq': 11.596083031403689, 'weighted_error': 0.999999999999954, 'gamma': 0.5035467471153466, 'normalized_gamma': 0.043}
{'sample_size': 40, 'difference': 2, 'noise': 0, 'n': 8, 'shap_error': 0.014147013982871983, 'shap_norm_sq': 7.8646694281355405, 'weighted_error': 1.0714044903026316, 'gamma': 0.2162957170078989, 'normalized_gamma': 0.028}
{'sample_size': 80, 'difference': 2, 'noise': 0, 'n': 8, 'shap_error': 0.004441719972024909, 'shap_norm_sq': 7.8646694281355405, 'weighted_error': 1.022418693410521, 'gamma': 0.2162957170078989, 'normalized_gamma': 0.028}
{'sample_size': 160, 'difference': 2, 'noise': 0, 'n': 8, 'shap_error': 0.0007150710267949524, 'shap_norm_sq': 7.8646694281355405, 'weighted_error': 1.0036091590339695, 'gamma': 0.2162957170078989, 'normalized_gamma': 0.028}
{'sample_size': 320, 'difference': -64, 'noise': 0, 'n': 8, 'shap_error': 9.946510329799432e-14, 'shap_norm_sq': 7.8646694281355405, 'weighted_error': 0.9999999999994678, 'gamma': 0.2162957170078989, 'normalized_gamma': 0.028}
{'sample_size': 640, 'difference': -384, 'noise': 0, 'n': 8, 'shap_error': 9.946510329799432e-14, 'shap_norm_sq': 7.8646694281355405, 'weighted_error': 0.9999999999994678, 'gamma': 0.2162957170078989, 'normalized_gamma': 0.028}
{'sample_size': 1280, 'difference': -1024, 'noise': 0, 'n': 8, 'shap_error': 9.946510329799432e-14, 'shap_norm_sq': 7.8646694281355405, 'weighted_error': 0.9999999999994678, 'gamma': 0.2162957170078989, 'normalized_gamma': 0.028}
{'sample_size': 40, 'difference': 2, 'noise': 0, 'n': 8, 'shap_error': 0.01865209631706977, 'shap_norm_sq': 0.7781715834599894, 'weighted_error': 1.072440475446772, 'gamma': 0.25875489132911667, 'normalized_gamma': 0.33}
{'sample_size': 80, 'difference': 2, 'noise': 0, 'n': 8, 'shap_error': 0.003052201238555811, 'shap_norm_sq': 0.7781715834599894, 'weighted_error': 1.0118540071445694, 'gamma': 0.25875489132911667, 'normalized_gamma': 0.33}
{'sample_size': 160, 'difference': 2, 'noise': 0, 'n': 8, 'shap_error': 0.0011872451220463346, 'shap_norm_sq': 0.7781715834599894, 'weighted_error': 1.0046110030432827, 'gamma': 0.25875489132911667, 'normalized_gamma': 0.33}
{'sample_size': 320, 'difference': -64, 'noise': 0, 'n': 8, 'shap_error': 1.476039994159197e-13, 'shap_norm_sq': 0.7781715834599894, 'weighted_error': 0.9999999999994602, 'gamma': 0.25875489132911667, 'normalized_gamma': 0.33}
{'sample_size': 640, 'difference': -384, 'noise': 0, 'n': 8, 'shap_error': 1.476039994159197e-13, 'shap_norm_sq': 0.7781715834599894, 'weighted_error': 0.9999999999994602, 'gamma': 0.25875489132911667, 'normalized_gamma': 0.33}
{'sample_size': 1280, 'difference': -1024, 'noise': 0, 'n': 8, 'shap_error': 1.476039994159197e-13, 'shap_norm_sq': 0.7781715834599894, 'weighted_error': 0.9999999999994602, 'gamma': 0.25875489132911667, 'normalized_gamma': 0.33}
{'sample_size': 40, 'difference': 2, 'noise': 0, 'n': 8, 'shap_error': 0.002808479062565731, 'shap_norm_sq': 10.000487753757653, 'weighted_error': 1.0735111569424316, 'gamma': 0.04508411099583179, 'normalized_gamma': 0.0045}
{'sample_size': 80, 'difference': 2, 'noise': 0, 'n': 8, 'shap_error': 0.0012171485179794605, 'shap_norm_sq': 10.000487753757653, 'weighted_error': 1.0318582938553356, 'gamma': 0.04508411099583179, 'normalized_gamma': 0.0045}
{'sample_size': 160, 'difference': 2, 'noise': 0, 'n': 8, 'shap_error': 0.0001604113942910234, 'shap_norm_sq': 10.000487753757653, 'weighted_error': 1.0041986214937384, 'gamma': 0.04508411099583179, 'normalized_gamma': 0.0045}
{'sample_size': 320, 'difference': -64, 'noise': 0, 'n': 8, 'shap_error': 6.674343443098887e-14, 'shap_norm_sq': 10.000487753757653, 'weighted_error': 0.9999999999984964, 'gamma': 0.04508411099583179, 'normalized_gamma': 0.0045}
{'sample_size': 640, 'difference': -384, 'noise': 0, 'n': 8, 'shap_error': 6.674343443098887e-14, 'shap_norm_sq': 10.000487753757653, 'weighted_error': 0.9999999999984964, 'gamma': 0.04508411099583179, 'normalized_gamma': 0.0045}
{'sample_size': 1280, 'difference': -1024, 'noise': 0, 'n': 8, 'shap_error': 6.674343443098887e-14, 'shap_norm_sq': 10.000487753757653, 'weighted_error': 0.9999999999984964, 'gamma': 0.04508411099583179, 'normalized_gamma': 0.0045}
{'sample_size': 40, 'difference': 2, 'noise': 0, 'n': 8, 'shap_error': 0.00813712396958565, 'shap_norm_sq': 0.8676799632298378, 'weighted_error': 1.0314931293376877, 'gamma': 0.2627512297382435, 'normalized_gamma': 0.3}
{'sample_size': 80, 'difference': 2, 'noise': 0, 'n': 8, 'shap_error': 0.0018602042186290184, 'shap_norm_sq': 0.8676799632298378, 'weighted_error': 1.0071994942501605, 'gamma': 0.2627512297382435, 'normalized_gamma': 0.3}
{'sample_size': 160, 'difference': 2, 'noise': 0, 'n': 8, 'shap_error': 0.0008699792918031578, 'shap_norm_sq': 0.8676799632298378, 'weighted_error': 1.0033670847221396, 'gamma': 0.2627512297382435, 'normalized_gamma': 0.3}
{'sample_size': 320, 'difference': -64, 'noise': 0, 'n': 8, 'shap_error': 1.4097082366458907e-13, 'shap_norm_sq': 0.8676799632298378, 'weighted_error': 0.9999999999997083, 'gamma': 0.2627512297382435, 'normalized_gamma': 0.3}
{'sample_size': 640, 'difference': -384, 'noise': 0, 'n': 8, 'shap_error': 1.4097082366458907e-13, 'shap_norm_sq': 0.8676799632298378, 'weighted_error': 0.9999999999997083, 'gamma': 0.2627512297382435, 'normalized_gamma': 0.3}
{'sample_size': 1280, 'difference': -1024, 'noise': 0, 'n': 8, 'shap_error': 1.4097082366458907e-13, 'shap_norm_sq': 0.8676799632298378, 'weighted_error': 0.9999999999997083, 'gamma': 0.2627512297382435, 'normalized_gamma': 0.3}
{'sample_size': 40, 'difference': 2, 'noise': 0, 'n': 8, 'shap_error': 0.015077485039842466, 'shap_norm_sq': 0.7669432875546787, 'weighted_error': 1.0353386627181498, 'gamma': 0.4276524600366727, 'normalized_gamma': 0.56}
{'sample_size': 80, 'difference': 2, 'noise': 0, 'n': 8, 'shap_error': 0.0086469276237106, 'shap_norm_sq': 0.7669432875546787, 'weighted_error': 1.0202666221087808, 'gamma': 0.4276524600366727, 'normalized_gamma': 0.56}
{'sample_size': 160, 'difference': 2, 'noise': 0, 'n': 8, 'shap_error': 0.0005662020496399376, 'shap_norm_sq': 0.7669432875546787, 'weighted_error': 1.0013270635137397, 'gamma': 0.4276524600366727, 'normalized_gamma': 0.56}
{'sample_size': 320, 'difference': -64, 'noise': 0, 'n': 8, 'shap_error': 3.7086449889633984e-14, 'shap_norm_sq': 0.7669432875546787, 'weighted_error': 0.9999999999999138, 'gamma': 0.4276524600366727, 'normalized_gamma': 0.56}
{'sample_size': 640, 'difference': -384, 'noise': 0, 'n': 8, 'shap_error': 3.7086449889633984e-14, 'shap_norm_sq': 0.7669432875546787, 'weighted_error': 0.9999999999999138, 'gamma': 0.4276524600366727, 'normalized_gamma': 0.56}
{'sample_size': 1280, 'difference': -1024, 'noise': 0, 'n': 8, 'shap_error': 3.7086449889633984e-14, 'shap_norm_sq': 0.7669432875546787, 'weighted_error': 0.9999999999999138, 'gamma': 0.4276524600366727, 'normalized_gamma': 0.56}
{'sample_size': 40, 'difference': 2, 'noise': 0, 'n': 8, 'shap_error': 0.012730790956878494, 'shap_norm_sq': 3.4838271187767376, 'weighted_error': 1.0495699974111965, 'gamma': 0.2678911509015702, 'normalized_gamma': 0.077}
{'sample_size': 80, 'difference': 2, 'noise': 0, 'n': 8, 'shap_error': 0.002224542204811334, 'shap_norm_sq': 3.4838271187767376, 'weighted_error': 1.0086617699397902, 'gamma': 0.2678911509015702, 'normalized_gamma': 0.077}
{'sample_size': 160, 'difference': 2, 'noise': 0, 'n': 8, 'shap_error': 0.0009798796491439971, 'shap_norm_sq': 3.4838271187767376, 'weighted_error': 1.0038153729349835, 'gamma': 0.2678911509015702, 'normalized_gamma': 0.077}
{'sample_size': 320, 'difference': -64, 'noise': 0, 'n': 8, 'shap_error': 5.96679592253426e-14, 'shap_norm_sq': 3.4838271187767376, 'weighted_error': 0.9999999999998042, 'gamma': 0.2678911509015702, 'normalized_gamma': 0.077}
{'sample_size': 640, 'difference': -384, 'noise': 0, 'n': 8, 'shap_error': 5.96679592253426e-14, 'shap_norm_sq': 3.4838271187767376, 'weighted_error': 0.9999999999998042, 'gamma': 0.2678911509015702, 'normalized_gamma': 0.077}
{'sample_size': 1280, 'difference': -1024, 'noise': 0, 'n': 8, 'shap_error': 5.96679592253426e-14, 'shap_norm_sq': 3.4838271187767376, 'weighted_error': 0.9999999999998042, 'gamma': 0.2678911509015702, 'normalized_gamma': 0.077}
{'sample_size': 40, 'difference': 2, 'noise': 0, 'n': 8, 'shap_error': 0.004157148316704291, 'shap_norm_sq': 9.852490820828468, 'weighted_error': 1.0380540818046937, 'gamma': 0.12892167398048138, 'normalized_gamma': 0.013}
{'sample_size': 80, 'difference': 2, 'noise': 0, 'n': 8, 'shap_error': 0.0033796706513946353, 'shap_norm_sq': 9.852490820828468, 'weighted_error': 1.0309371621920433, 'gamma': 0.12892167398048138, 'normalized_gamma': 0.013}
{'sample_size': 160, 'difference': 2, 'noise': 0, 'n': 8, 'shap_error': 0.00041139224873263633, 'shap_norm_sq': 9.852490820828468, 'weighted_error': 1.0037657904725035, 'gamma': 0.12892167398048138, 'normalized_gamma': 0.013}
{'sample_size': 320, 'difference': -64, 'noise': 0, 'n': 8, 'shap_error': 4.483916386998257e-13, 'shap_norm_sq': 9.852490820828468, 'weighted_error': 0.9999999999969441, 'gamma': 0.12892167398048138, 'normalized_gamma': 0.013}
{'sample_size': 640, 'difference': -384, 'noise': 0, 'n': 8, 'shap_error': 4.483916386998257e-13, 'shap_norm_sq': 9.852490820828468, 'weighted_error': 0.9999999999969441, 'gamma': 0.12892167398048138, 'normalized_gamma': 0.013}
{'sample_size': 1280, 'difference': -1024, 'noise': 0, 'n': 8, 'shap_error': 4.483916386998257e-13, 'shap_norm_sq': 9.852490820828468, 'weighted_error': 0.9999999999969441, 'gamma': 0.12892167398048138, 'normalized_gamma': 0.013}
{'sample_size': 40, 'difference': 2, 'noise': 0, 'n': 8, 'shap_error': 0.10507569562983107, 'shap_norm_sq': 6.7232226165276465, 'weighted_error': 1.1299178750204009, 'gamma': 0.8087892814982114, 'normalized_gamma': 0.12}
{'sample_size': 80, 'difference': 2, 'noise': 0, 'n': 8, 'shap_error': 0.009597588620787967, 'shap_norm_sq': 6.7232226165276465, 'weighted_error': 1.0118666933315008, 'gamma': 0.8087892814982114, 'normalized_gamma': 0.12}
{'sample_size': 160, 'difference': 2, 'noise': 0, 'n': 8, 'shap_error': 0.005045511858199404, 'shap_norm_sq': 6.7232226165276465, 'weighted_error': 1.0062383614377337, 'gamma': 0.8087892814982114, 'normalized_gamma': 0.12}
{'sample_size': 320, 'difference': -64, 'noise': 0, 'n': 8, 'shap_error': 4.1088238378817936e-14, 'shap_norm_sq': 6.7232226165276465, 'weighted_error': 0.9999999999999577, 'gamma': 0.8087892814982114, 'normalized_gamma': 0.12}
{'sample_size': 640, 'difference': -384, 'noise': 0, 'n': 8, 'shap_error': 4.1088238378817936e-14, 'shap_norm_sq': 6.7232226165276465, 'weighted_error': 0.9999999999999577, 'gamma': 0.8087892814982114, 'normalized_gamma': 0.12}
{'sample_size': 1280, 'difference': -1024, 'noise': 0, 'n': 8, 'shap_error': 4.1088238378817936e-14, 'shap_norm_sq': 6.7232226165276465, 'weighted_error': 0.9999999999999577, 'gamma': 0.8087892814982114, 'normalized_gamma': 0.12}
{'sample_size': 40, 'difference': 2, 'noise': 0, 'n': 8, 'shap_error': 0.000466535543348263, 'shap_norm_sq': 0.4486707058037744, 'weighted_error': 1.0565937597688055, 'gamma': 0.008933034818275936, 'normalized_gamma': 0.02}
{'sample_size': 80, 'difference': 2, 'noise': 0, 'n': 8, 'shap_error': 0.00019330142664612094, 'shap_norm_sq': 0.4486707058037744, 'weighted_error': 1.0234510802493648, 'gamma': 0.008933034818275936, 'normalized_gamma': 0.02}
{'sample_size': 160, 'difference': 2, 'noise': 0, 'n': 8, 'shap_error': 1.4121917644062622e-05, 'shap_norm_sq': 0.4486707058037744, 'weighted_error': 1.0017131564802106, 'gamma': 0.008933034818275936, 'normalized_gamma': 0.02}
{'sample_size': 320, 'difference': -64, 'noise': 0, 'n': 8, 'shap_error': 6.342513522205364e-13, 'shap_norm_sq': 0.4486707058037744, 'weighted_error': 0.9999999999236656, 'gamma': 0.008933034818275936, 'normalized_gamma': 0.02}
{'sample_size': 640, 'difference': -384, 'noise': 0, 'n': 8, 'shap_error': 6.342513522205364e-13, 'shap_norm_sq': 0.4486707058037744, 'weighted_error': 0.9999999999236656, 'gamma': 0.008933034818275936, 'normalized_gamma': 0.02}
{'sample_size': 1280, 'difference': -1024, 'noise': 0, 'n': 8, 'shap_error': 6.342513522205364e-13, 'shap_norm_sq': 0.4486707058037744, 'weighted_error': 0.9999999999236656, 'gamma': 0.008933034818275936, 'normalized_gamma': 0.02}
{'sample_size': 40, 'difference': 2, 'noise': 0, 'n': 8, 'shap_error': 0.003330288315885997, 'shap_norm_sq': 6.221848992260961, 'weighted_error': 1.026795110609956, 'gamma': 0.1421457422752904, 'normalized_gamma': 0.023}
{'sample_size': 80, 'difference': 2, 'noise': 0, 'n': 8, 'shap_error': 0.0008079591666770457, 'shap_norm_sq': 6.221848992260961, 'weighted_error': 1.0065007670768922, 'gamma': 0.1421457422752904, 'normalized_gamma': 0.023}
{'sample_size': 160, 'difference': 2, 'noise': 0, 'n': 8, 'shap_error': 0.00033717285829833817, 'shap_norm_sq': 6.221848992260961, 'weighted_error': 1.002712873889467, 'gamma': 0.1421457422752904, 'normalized_gamma': 0.023}
{'sample_size': 320, 'difference': -64, 'noise': 0, 'n': 8, 'shap_error': 7.672947923968833e-14, 'shap_norm_sq': 6.221848992260961, 'weighted_error': 0.9999999999994734, 'gamma': 0.1421457422752904, 'normalized_gamma': 0.023}
{'sample_size': 640, 'difference': -384, 'noise': 0, 'n': 8, 'shap_error': 7.672947923968833e-14, 'shap_norm_sq': 6.221848992260961, 'weighted_error': 0.9999999999994734, 'gamma': 0.1421457422752904, 'normalized_gamma': 0.023}
{'sample_size': 1280, 'difference': -1024, 'noise': 0, 'n': 8, 'shap_error': 7.672947923968833e-14, 'shap_norm_sq': 6.221848992260961, 'weighted_error': 0.9999999999994734, 'gamma': 0.1421457422752904, 'normalized_gamma': 0.023}
{'sample_size': 40, 'difference': 2, 'noise': 0, 'n': 8, 'shap_error': 0.006167136696468493, 'shap_norm_sq': 12.062630035185805, 'weighted_error': 1.0312357336571742, 'gamma': 0.20635756741253616, 'normalized_gamma': 0.017}
{'sample_size': 80, 'difference': 2, 'noise': 0, 'n': 8, 'shap_error': 0.0050947507090525895, 'shap_norm_sq': 12.062630035185805, 'weighted_error': 1.0258042647331338, 'gamma': 0.20635756741253616, 'normalized_gamma': 0.017}
{'sample_size': 160, 'difference': 2, 'noise': 0, 'n': 8, 'shap_error': 0.0008054323615276381, 'shap_norm_sq': 12.062630035185805, 'weighted_error': 1.0040793674396475, 'gamma': 0.20635756741253616, 'normalized_gamma': 0.017}
{'sample_size': 320, 'difference': -64, 'noise': 0, 'n': 8, 'shap_error': 1.0882681936420476e-13, 'shap_norm_sq': 12.062630035185805, 'weighted_error': 0.9999999999994411, 'gamma': 0.20635756741253616, 'normalized_gamma': 0.017}
{'sample_size': 640, 'difference': -384, 'noise': 0, 'n': 8, 'shap_error': 1.0882681936420476e-13, 'shap_norm_sq': 12.062630035185805, 'weighted_error': 0.9999999999994411, 'gamma': 0.20635756741253616, 'normalized_gamma': 0.017}
{'sample_size': 1280, 'difference': -1024, 'noise': 0, 'n': 8, 'shap_error': 1.0882681936420476e-13, 'shap_norm_sq': 12.062630035185805, 'weighted_error': 0.9999999999994411, 'gamma': 0.20635756741253616, 'normalized_gamma': 0.017}
{'sample_size': 40, 'difference': 2, 'noise': 0, 'n': 8, 'shap_error': 0.006508579717993921, 'shap_norm_sq': 5.400069149241925, 'weighted_error': 1.012596143129824, 'gamma': 0.5167753824002341, 'normalized_gamma': 0.096}
{'sample_size': 80, 'difference': 2, 'noise': 0, 'n': 8, 'shap_error': 0.003280115801137608, 'shap_norm_sq': 5.400069149241925, 'weighted_error': 1.0063480411101362, 'gamma': 0.5167753824002341, 'normalized_gamma': 0.096}
{'sample_size': 160, 'difference': 2, 'noise': 0, 'n': 8, 'shap_error': 0.0004245050932784648, 'shap_norm_sq': 5.400069149241925, 'weighted_error': 1.000821550760901, 'gamma': 0.5167753824002341, 'normalized_gamma': 0.096}
{'sample_size': 320, 'difference': -64, 'noise': 0, 'n': 8, 'shap_error': 6.467942276033471e-15, 'shap_norm_sq': 5.400069149241925, 'weighted_error': 0.9999999999999908, 'gamma': 0.5167753824002341, 'normalized_gamma': 0.096}
{'sample_size': 640, 'difference': -384, 'noise': 0, 'n': 8, 'shap_error': 6.467942276033471e-15, 'shap_norm_sq': 5.400069149241925, 'weighted_error': 0.9999999999999908, 'gamma': 0.5167753824002341, 'normalized_gamma': 0.096}
{'sample_size': 1280, 'difference': -1024, 'noise': 0, 'n': 8, 'shap_error': 6.467942276033471e-15, 'shap_norm_sq': 5.400069149241925, 'weighted_error': 0.9999999999999908, 'gamma': 0.5167753824002341, 'normalized_gamma': 0.096}
{'sample_size': 40, 'difference': 2, 'noise': 0, 'n': 8, 'shap_error': 0.009836583885067836, 'shap_norm_sq': 5.663971015475182, 'weighted_error': 1.1007278412423183, 'gamma': 0.11272741794882299, 'normalized_gamma': 0.02}
{'sample_size': 80, 'difference': 2, 'noise': 0, 'n': 8, 'shap_error': 0.0020117454256664826, 'shap_norm_sq': 5.663971015475182, 'weighted_error': 1.0206005510776366, 'gamma': 0.11272741794882299, 'normalized_gamma': 0.02}
{'sample_size': 160, 'difference': 2, 'noise': 0, 'n': 8, 'shap_error': 0.00017875135565303192, 'shap_norm_sq': 5.663971015475182, 'weighted_error': 1.0018304786215055, 'gamma': 0.11272741794882299, 'normalized_gamma': 0.02}
{'sample_size': 320, 'difference': -64, 'noise': 0, 'n': 8, 'shap_error': 1.5265886793598231e-13, 'shap_norm_sq': 5.663971015475182, 'weighted_error': 0.9999999999983912, 'gamma': 0.11272741794882299, 'normalized_gamma': 0.02}
{'sample_size': 640, 'difference': -384, 'noise': 0, 'n': 8, 'shap_error': 1.5265886793598231e-13, 'shap_norm_sq': 5.663971015475182, 'weighted_error': 0.9999999999983912, 'gamma': 0.11272741794882299, 'normalized_gamma': 0.02}
{'sample_size': 1280, 'difference': -1024, 'noise': 0, 'n': 8, 'shap_error': 1.5265886793598231e-13, 'shap_norm_sq': 5.663971015475182, 'weighted_error': 0.9999999999983912, 'gamma': 0.11272741794882299, 'normalized_gamma': 0.02}
{'sample_size': 40, 'difference': 2, 'noise': 0, 'n': 8, 'shap_error': 0.019033821112123293, 'shap_norm_sq': 11.419644263779858, 'weighted_error': 1.0400556917479014, 'gamma': 0.4782311631194956, 'normalized_gamma': 0.042}
{'sample_size': 80, 'difference': 2, 'noise': 0, 'n': 8, 'shap_error': 0.004065404489902406, 'shap_norm_sq': 11.419644263779858, 'weighted_error': 1.0085554264408314, 'gamma': 0.4782311631194956, 'normalized_gamma': 0.042}
{'sample_size': 160, 'difference': 2, 'noise': 0, 'n': 8, 'shap_error': 0.0017471954115934258, 'shap_norm_sq': 11.419644263779858, 'weighted_error': 1.0036768850339581, 'gamma': 0.4782311631194956, 'normalized_gamma': 0.042}
{'sample_size': 320, 'difference': -64, 'noise': 0, 'n': 8, 'shap_error': 2.3149407733777557e-14, 'shap_norm_sq': 11.419644263779858, 'weighted_error': 0.9999999999999489, 'gamma': 0.4782311631194956, 'normalized_gamma': 0.042}
{'sample_size': 640, 'difference': -384, 'noise': 0, 'n': 8, 'shap_error': 2.3149407733777557e-14, 'shap_norm_sq': 11.419644263779858, 'weighted_error': 0.9999999999999489, 'gamma': 0.4782311631194956, 'normalized_gamma': 0.042}
{'sample_size': 1280, 'difference': -1024, 'noise': 0, 'n': 8, 'shap_error': 2.3149407733777557e-14, 'shap_norm_sq': 11.419644263779858, 'weighted_error': 0.9999999999999489, 'gamma': 0.4782311631194956, 'normalized_gamma': 0.042}
{'sample_size': 40, 'difference': 2, 'noise': 0, 'n': 8, 'shap_error': 0.025604571160150053, 'shap_norm_sq': 2.3195267821313656, 'weighted_error': 1.0556597486841945, 'gamma': 0.4605160857940635, 'normalized_gamma': 0.2}
{'sample_size': 80, 'difference': 2, 'noise': 0, 'n': 8, 'shap_error': 0.01066848784626021, 'shap_norm_sq': 2.3195267821313656, 'weighted_error': 1.0231913657615406, 'gamma': 0.4605160857940635, 'normalized_gamma': 0.2}
{'sample_size': 160, 'difference': 2, 'noise': 0, 'n': 8, 'shap_error': 0.00072046928900907, 'shap_norm_sq': 2.3195267821313656, 'weighted_error': 1.0015661606239386, 'gamma': 0.4605160857940635, 'normalized_gamma': 0.2}
{'sample_size': 320, 'difference': -64, 'noise': 0, 'n': 8, 'shap_error': 4.4820870997030853e-14, 'shap_norm_sq': 2.3195267821313656, 'weighted_error': 0.9999999999999291, 'gamma': 0.4605160857940635, 'normalized_gamma': 0.2}
{'sample_size': 640, 'difference': -384, 'noise': 0, 'n': 8, 'shap_error': 4.4820870997030853e-14, 'shap_norm_sq': 2.3195267821313656, 'weighted_error': 0.9999999999999291, 'gamma': 0.4605160857940635, 'normalized_gamma': 0.2}
{'sample_size': 1280, 'difference': -1024, 'noise': 0, 'n': 8, 'shap_error': 4.4820870997030853e-14, 'shap_norm_sq': 2.3195267821313656, 'weighted_error': 0.9999999999999291, 'gamma': 0.4605160857940635, 'normalized_gamma': 0.2}
{'sample_size': 40, 'difference': 2, 'noise': 0, 'n': 8, 'shap_error': 0.004722509424306971, 'shap_norm_sq': 12.321436056203702, 'weighted_error': 1.0109489678704322, 'gamma': 0.4339688831207616, 'normalized_gamma': 0.035}
{'sample_size': 80, 'difference': 2, 'noise': 0, 'n': 8, 'shap_error': 0.008271636313680662, 'shap_norm_sq': 12.321436056203702, 'weighted_error': 1.0191775284337554, 'gamma': 0.4339688831207616, 'normalized_gamma': 0.035}
{'sample_size': 160, 'difference': 2, 'noise': 0, 'n': 8, 'shap_error': 0.0007631296258943663, 'shap_norm_sq': 12.321436056203702, 'weighted_error': 1.0017692993910947, 'gamma': 0.4339688831207616, 'normalized_gamma': 0.035}
{'sample_size': 320, 'difference': -64, 'noise': 0, 'n': 8, 'shap_error': 1.9735188769859188e-14, 'shap_norm_sq': 12.321436056203702, 'weighted_error': 0.9999999999999657, 'gamma': 0.4339688831207616, 'normalized_gamma': 0.035}
{'sample_size': 640, 'difference': -384, 'noise': 0, 'n': 8, 'shap_error': 1.9735188769859188e-14, 'shap_norm_sq': 12.321436056203702, 'weighted_error': 0.9999999999999657, 'gamma': 0.4339688831207616, 'normalized_gamma': 0.035}
{'sample_size': 1280, 'difference': -1024, 'noise': 0, 'n': 8, 'shap_error': 1.9735188769859188e-14, 'shap_norm_sq': 12.321436056203702, 'weighted_error': 0.9999999999999657, 'gamma': 0.4339688831207616, 'normalized_gamma': 0.035}
{'sample_size': 40, 'difference': 2, 'noise': 0, 'n': 8, 'shap_error': 0.006217101412996458, 'shap_norm_sq': 8.862634466984334, 'weighted_error': 1.0144096960956799, 'gamma': 0.43906264197981854, 'normalized_gamma': 0.05}
{'sample_size': 80, 'difference': 2, 'noise': 0, 'n': 8, 'shap_error': 0.0034247160151983508, 'shap_norm_sq': 8.862634466984334, 'weighted_error': 1.007937709171522, 'gamma': 0.43906264197981854, 'normalized_gamma': 0.05}
{'sample_size': 160, 'difference': 2, 'noise': 0, 'n': 8, 'shap_error': 0.0014231589693833053, 'shap_norm_sq': 8.862634466984334, 'weighted_error': 1.0032985290455463, 'gamma': 0.43906264197981854, 'normalized_gamma': 0.05}
{'sample_size': 320, 'difference': -64, 'noise': 0, 'n': 8, 'shap_error': 1.4816784950665301e-13, 'shap_norm_sq': 8.862634466984334, 'weighted_error': 0.9999999999996911, 'gamma': 0.43906264197981854, 'normalized_gamma': 0.05}
{'sample_size': 640, 'difference': -384, 'noise': 0, 'n': 8, 'shap_error': 1.4816784950665301e-13, 'shap_norm_sq': 8.862634466984334, 'weighted_error': 0.9999999999996911, 'gamma': 0.43906264197981854, 'normalized_gamma': 0.05}
{'sample_size': 1280, 'difference': -1024, 'noise': 0, 'n': 8, 'shap_error': 1.4816784950665301e-13, 'shap_norm_sq': 8.862634466984334, 'weighted_error': 0.9999999999996911, 'gamma': 0.43906264197981854, 'normalized_gamma': 0.05}
{'sample_size': 40, 'difference': 2, 'noise': 0, 'n': 8, 'shap_error': 0.0024609362156704775, 'shap_norm_sq': 5.352794397169357, 'weighted_error': 1.021348645640614, 'gamma': 0.11941818127357212, 'normalized_gamma': 0.022}
{'sample_size': 80, 'difference': 2, 'noise': 0, 'n': 8, 'shap_error': 0.001950383846560841, 'shap_norm_sq': 5.352794397169357, 'weighted_error': 1.01691958893401, 'gamma': 0.11941818127357212, 'normalized_gamma': 0.022}
{'sample_size': 160, 'difference': 2, 'noise': 0, 'n': 8, 'shap_error': 0.00029864216327977935, 'shap_norm_sq': 5.352794397169357, 'weighted_error': 1.00259072427922, 'gamma': 0.11941818127357212, 'normalized_gamma': 0.022}
{'sample_size': 320, 'difference': -64, 'noise': 0, 'n': 8, 'shap_error': 6.333941681288858e-15, 'shap_norm_sq': 5.352794397169357, 'weighted_error': 0.9999999999999806, 'gamma': 0.11941818127357212, 'normalized_gamma': 0.022}
{'sample_size': 640, 'difference': -384, 'noise': 0, 'n': 8, 'shap_error': 6.333941681288858e-15, 'shap_norm_sq': 5.352794397169357, 'weighted_error': 0.9999999999999806, 'gamma': 0.11941818127357212, 'normalized_gamma': 0.022}
{'sample_size': 1280, 'difference': -1024, 'noise': 0, 'n': 8, 'shap_error': 6.333941681288858e-15, 'shap_norm_sq': 5.352794397169357, 'weighted_error': 0.9999999999999806, 'gamma': 0.11941818127357212, 'normalized_gamma': 0.022}
{'sample_size': 40, 'difference': 2, 'noise': 0, 'n': 8, 'shap_error': 0.015492282158150596, 'shap_norm_sq': 3.195957986394835, 'weighted_error': 1.03458460856841, 'gamma': 0.4579278634147463, 'normalized_gamma': 0.14}
{'sample_size': 80, 'difference': 2, 'noise': 0, 'n': 8, 'shap_error': 0.0016179774659543526, 'shap_norm_sq': 3.195957986394835, 'weighted_error': 1.0036119381252033, 'gamma': 0.4579278634147463, 'normalized_gamma': 0.14}
{'sample_size': 160, 'difference': 2, 'noise': 0, 'n': 8, 'shap_error': 0.0014550088318272638, 'shap_norm_sq': 3.195957986394835, 'weighted_error': 1.0032480920359692, 'gamma': 0.4579278634147463, 'normalized_gamma': 0.14}
{'sample_size': 320, 'difference': -64, 'noise': 0, 'n': 8, 'shap_error': 1.694913476022616e-13, 'shap_norm_sq': 3.195957986394835, 'weighted_error': 0.9999999999996839, 'gamma': 0.4579278634147463, 'normalized_gamma': 0.14}
{'sample_size': 640, 'difference': -384, 'noise': 0, 'n': 8, 'shap_error': 1.694913476022616e-13, 'shap_norm_sq': 3.195957986394835, 'weighted_error': 0.9999999999996839, 'gamma': 0.4579278634147463, 'normalized_gamma': 0.14}
{'sample_size': 1280, 'difference': -1024, 'noise': 0, 'n': 8, 'shap_error': 1.694913476022616e-13, 'shap_norm_sq': 3.195957986394835, 'weighted_error': 0.9999999999996839, 'gamma': 0.4579278634147463, 'normalized_gamma': 0.14}
{'sample_size': 40, 'difference': 2, 'noise': 0, 'n': 8, 'shap_error': 0.034834797467171975, 'shap_norm_sq': 6.147525943335392, 'weighted_error': 1.092090102014854, 'gamma': 0.381469666879189, 'normalized_gamma': 0.062}
{'sample_size': 80, 'difference': 2, 'noise': 0, 'n': 8, 'shap_error': 0.007415759718127891, 'shap_norm_sq': 6.147525943335392, 'weighted_error': 1.0196045019324909, 'gamma': 0.381469666879189, 'normalized_gamma': 0.062}
{'sample_size': 160, 'difference': 2, 'noise': 0, 'n': 8, 'shap_error': 0.0009999263513536237, 'shap_norm_sq': 6.147525943335392, 'weighted_error': 1.002643419521287, 'gamma': 0.381469666879189, 'normalized_gamma': 0.062}
{'sample_size': 320, 'difference': -64, 'noise': 0, 'n': 8, 'shap_error': 5.666716109703672e-15, 'shap_norm_sq': 6.147525943335392, 'weighted_error': 0.9999999999999812, 'gamma': 0.381469666879189, 'normalized_gamma': 0.062}
{'sample_size': 640, 'difference': -384, 'noise': 0, 'n': 8, 'shap_error': 5.666716109703672e-15, 'shap_norm_sq': 6.147525943335392, 'weighted_error': 0.9999999999999812, 'gamma': 0.381469666879189, 'normalized_gamma': 0.062}
{'sample_size': 1280, 'difference': -1024, 'noise': 0, 'n': 8, 'shap_error': 5.666716109703672e-15, 'shap_norm_sq': 6.147525943335392, 'weighted_error': 0.9999999999999812, 'gamma': 0.381469666879189, 'normalized_gamma': 0.062}
{'sample_size': 40, 'difference': 2, 'noise': 0, 'n': 8, 'shap_error': 0.050751837768479025, 'shap_norm_sq': 1.8886864592317933, 'weighted_error': 1.1113302700373644, 'gamma': 0.45887037448388357, 'normalized_gamma': 0.24}
{'sample_size': 80, 'difference': 2, 'noise': 0, 'n': 8, 'shap_error': 0.0069031506059433695, 'shap_norm_sq': 1.8886864592317933, 'weighted_error': 1.0151428695382119, 'gamma': 0.45887037448388357, 'normalized_gamma': 0.24}
{'sample_size': 160, 'difference': 2, 'noise': 0, 'n': 8, 'shap_error': 0.002091669577009361, 'shap_norm_sq': 1.8886864592317933, 'weighted_error': 1.0045883109615934, 'gamma': 0.45887037448388357, 'normalized_gamma': 0.24}
{'sample_size': 320, 'difference': -64, 'noise': 0, 'n': 8, 'shap_error': 7.276407962330436e-14, 'shap_norm_sq': 1.8886864592317933, 'weighted_error': 0.9999999999998797, 'gamma': 0.45887037448388357, 'normalized_gamma': 0.24}
{'sample_size': 640, 'difference': -384, 'noise': 0, 'n': 8, 'shap_error': 7.276407962330436e-14, 'shap_norm_sq': 1.8886864592317933, 'weighted_error': 0.9999999999998797, 'gamma': 0.45887037448388357, 'normalized_gamma': 0.24}
{'sample_size': 1280, 'difference': -1024, 'noise': 0, 'n': 8, 'shap_error': 7.276407962330436e-14, 'shap_norm_sq': 1.8886864592317933, 'weighted_error': 0.9999999999998797, 'gamma': 0.45887037448388357, 'normalized_gamma': 0.24}
{'sample_size': 40, 'difference': 2, 'noise': 0, 'n': 8, 'shap_error': 0.010735447208736872, 'shap_norm_sq': 2.442608352710704, 'weighted_error': 1.0863019905505438, 'gamma': 0.13801164302784927, 'normalized_gamma': 0.057}
{'sample_size': 80, 'difference': 2, 'noise': 0, 'n': 8, 'shap_error': 0.0019543113036730527, 'shap_norm_sq': 2.442608352710704, 'weighted_error': 1.0157105844429437, 'gamma': 0.13801164302784927, 'normalized_gamma': 0.057}
{'sample_size': 160, 'difference': 2, 'noise': 0, 'n': 8, 'shap_error': 0.00013174456096044616, 'shap_norm_sq': 2.442608352710704, 'weighted_error': 1.001059067620816, 'gamma': 0.13801164302784927, 'normalized_gamma': 0.057}
{'sample_size': 320, 'difference': -64, 'noise': 0, 'n': 8, 'shap_error': 1.6817148844366743e-13, 'shap_norm_sq': 2.442608352710704, 'weighted_error': 0.9999999999990012, 'gamma': 0.13801164302784927, 'normalized_gamma': 0.057}
{'sample_size': 640, 'difference': -384, 'noise': 0, 'n': 8, 'shap_error': 1.6817148844366743e-13, 'shap_norm_sq': 2.442608352710704, 'weighted_error': 0.9999999999990012, 'gamma': 0.13801164302784927, 'normalized_gamma': 0.057}
{'sample_size': 1280, 'difference': -1024, 'noise': 0, 'n': 8, 'shap_error': 1.6817148844366743e-13, 'shap_norm_sq': 2.442608352710704, 'weighted_error': 0.9999999999990012, 'gamma': 0.13801164302784927, 'normalized_gamma': 0.057}
{'sample_size': 40, 'difference': 2, 'noise': 0, 'n': 8, 'shap_error': 0.003924243926493153, 'shap_norm_sq': 1.8691728530328282, 'weighted_error': 1.014572853960766, 'gamma': 0.27409479735166037, 'normalized_gamma': 0.15}
{'sample_size': 80, 'difference': 2, 'noise': 0, 'n': 8, 'shap_error': 0.0023213461110612134, 'shap_norm_sq': 1.8691728530328282, 'weighted_error': 1.0086205082901367, 'gamma': 0.27409479735166037, 'normalized_gamma': 0.15}
{'sample_size': 160, 'difference': 2, 'noise': 0, 'n': 8, 'shap_error': 0.0009728492373691348, 'shap_norm_sq': 1.8691728530328282, 'weighted_error': 1.003612744207891, 'gamma': 0.27409479735166037, 'normalized_gamma': 0.15}
{'sample_size': 320, 'difference': -64, 'noise': 0, 'n': 8, 'shap_error': 7.122309555983093e-14, 'shap_norm_sq': 1.8691728530328282, 'weighted_error': 0.999999999999793, 'gamma': 0.27409479735166037, 'normalized_gamma': 0.15}
{'sample_size': 640, 'difference': -384, 'noise': 0, 'n': 8, 'shap_error': 7.122309555983093e-14, 'shap_norm_sq': 1.8691728530328282, 'weighted_error': 0.999999999999793, 'gamma': 0.27409479735166037, 'normalized_gamma': 0.15}
{'sample_size': 1280, 'difference': -1024, 'noise': 0, 'n': 8, 'shap_error': 7.122309555983093e-14, 'shap_norm_sq': 1.8691728530328282, 'weighted_error': 0.999999999999793, 'gamma': 0.27409479735166037, 'normalized_gamma': 0.15}
{'sample_size': 40, 'difference': 2, 'noise': 0, 'n': 8, 'shap_error': 0.027565152242587907, 'shap_norm_sq': 5.896663891506909, 'weighted_error': 1.052296180643062, 'gamma': 0.5271243354574888, 'normalized_gamma': 0.089}
{'sample_size': 80, 'difference': 2, 'noise': 0, 'n': 8, 'shap_error': 0.012887749059522944, 'shap_norm_sq': 5.896663891506909, 'weighted_error': 1.0244504487891646, 'gamma': 0.5271243354574888, 'normalized_gamma': 0.089}
{'sample_size': 160, 'difference': 2, 'noise': 0, 'n': 8, 'shap_error': 0.0021012843006974146, 'shap_norm_sq': 5.896663891506909, 'weighted_error': 1.0039865282830411, 'gamma': 0.5271243354574888, 'normalized_gamma': 0.089}
{'sample_size': 320, 'difference': -64, 'noise': 0, 'n': 8, 'shap_error': 1.5981596294482024e-14, 'shap_norm_sq': 5.896663891506909, 'weighted_error': 0.999999999999975, 'gamma': 0.5271243354574888, 'normalized_gamma': 0.089}
{'sample_size': 640, 'difference': -384, 'noise': 0, 'n': 8, 'shap_error': 1.5981596294482024e-14, 'shap_norm_sq': 5.896663891506909, 'weighted_error': 0.999999999999975, 'gamma': 0.5271243354574888, 'normalized_gamma': 0.089}
{'sample_size': 1280, 'difference': -1024, 'noise': 0, 'n': 8, 'shap_error': 1.5981596294482024e-14, 'shap_norm_sq': 5.896663891506909, 'weighted_error': 0.999999999999975, 'gamma': 0.5271243354574888, 'normalized_gamma': 0.089}
{'sample_size': 40, 'difference': 2, 'noise': 0, 'n': 8, 'shap_error': 0.006711039374840293, 'shap_norm_sq': 4.366427609485605, 'weighted_error': 1.0213854374364433, 'gamma': 0.3261815840785534, 'normalized_gamma': 0.075}
{'sample_size': 80, 'difference': 2, 'noise': 0, 'n': 8, 'shap_error': 0.004872148215444686, 'shap_norm_sq': 4.366427609485605, 'weighted_error': 1.015525517819951, 'gamma': 0.3261815840785534, 'normalized_gamma': 0.075}
{'sample_size': 160, 'difference': 2, 'noise': 0, 'n': 8, 'shap_error': 0.0017835320046869446, 'shap_norm_sq': 4.366427609485605, 'weighted_error': 1.0056834084041597, 'gamma': 0.3261815840785534, 'normalized_gamma': 0.075}
{'sample_size': 320, 'difference': -64, 'noise': 0, 'n': 8, 'shap_error': 2.506909176039522e-13, 'shap_norm_sq': 4.366427609485605, 'weighted_error': 0.9999999999994625, 'gamma': 0.3261815840785534, 'normalized_gamma': 0.075}
{'sample_size': 640, 'difference': -384, 'noise': 0, 'n': 8, 'shap_error': 2.506909176039522e-13, 'shap_norm_sq': 4.366427609485605, 'weighted_error': 0.9999999999994625, 'gamma': 0.3261815840785534, 'normalized_gamma': 0.075}
{'sample_size': 1280, 'difference': -1024, 'noise': 0, 'n': 8, 'shap_error': 2.506909176039522e-13, 'shap_norm_sq': 4.366427609485605, 'weighted_error': 0.9999999999994625, 'gamma': 0.3261815840785534, 'normalized_gamma': 0.075}
{'sample_size': 40, 'difference': 2, 'noise': 0, 'n': 8, 'shap_error': 0.010310722080726214, 'shap_norm_sq': 8.817740069943158, 'weighted_error': 1.1124482057740663, 'gamma': 0.10673812510234876, 'normalized_gamma': 0.012}
{'sample_size': 80, 'difference': 2, 'noise': 0, 'n': 8, 'shap_error': 0.0017111987738748851, 'shap_norm_sq': 8.817740069943158, 'weighted_error': 1.0186623696397576, 'gamma': 0.10673812510234876, 'normalized_gamma': 0.012}
{'sample_size': 160, 'difference': 2, 'noise': 0, 'n': 8, 'shap_error': 0.00034739094009857764, 'shap_norm_sq': 8.817740069943158, 'weighted_error': 1.0037886204957025, 'gamma': 0.10673812510234876, 'normalized_gamma': 0.012}
{'sample_size': 320, 'difference': -64, 'noise': 0, 'n': 8, 'shap_error': 5.538764685012616e-14, 'shap_norm_sq': 8.817740069943158, 'weighted_error': 0.9999999999994287, 'gamma': 0.10673812510234876, 'normalized_gamma': 0.012}
{'sample_size': 640, 'difference': -384, 'noise': 0, 'n': 8, 'shap_error': 5.538764685012616e-14, 'shap_norm_sq': 8.817740069943158, 'weighted_error': 0.9999999999994287, 'gamma': 0.10673812510234876, 'normalized_gamma': 0.012}
{'sample_size': 1280, 'difference': -1024, 'noise': 0, 'n': 8, 'shap_error': 5.538764685012616e-14, 'shap_norm_sq': 8.817740069943158, 'weighted_error': 0.9999999999994287, 'gamma': 0.10673812510234876, 'normalized_gamma': 0.012}
{'sample_size': 40, 'difference': 2, 'noise': 0, 'n': 8, 'shap_error': 0.037941795605096966, 'shap_norm_sq': 0.7583211302883802, 'weighted_error': 1.1209054396148845, 'gamma': 0.3317616065329223, 'normalized_gamma': 0.44}
{'sample_size': 80, 'difference': 2, 'noise': 0, 'n': 8, 'shap_error': 0.0016948709055095346, 'shap_norm_sq': 0.7583211302883802, 'weighted_error': 1.0054008821448686, 'gamma': 0.3317616065329223, 'normalized_gamma': 0.44}
{'sample_size': 160, 'difference': 2, 'noise': 0, 'n': 8, 'shap_error': 0.0007703705131416373, 'shap_norm_sq': 0.7583211302883802, 'weighted_error': 1.0024548895061947, 'gamma': 0.3317616065329223, 'normalized_gamma': 0.44}
{'sample_size': 320, 'difference': -64, 'noise': 0, 'n': 8, 'shap_error': 2.7227122252092507e-13, 'shap_norm_sq': 0.7583211302883802, 'weighted_error': 0.999999999999216, 'gamma': 0.3317616065329223, 'normalized_gamma': 0.44}
{'sample_size': 640, 'difference': -384, 'noise': 0, 'n': 8, 'shap_error': 2.7227122252092507e-13, 'shap_norm_sq': 0.7583211302883802, 'weighted_error': 0.999999999999216, 'gamma': 0.3317616065329223, 'normalized_gamma': 0.44}
{'sample_size': 1280, 'difference': -1024, 'noise': 0, 'n': 8, 'shap_error': 2.7227122252092507e-13, 'shap_norm_sq': 0.7583211302883802, 'weighted_error': 0.999999999999216, 'gamma': 0.3317616065329223, 'normalized_gamma': 0.44}
{'sample_size': 40, 'difference': 2, 'noise': 0, 'n': 8, 'shap_error': 0.02903183744807098, 'shap_norm_sq': 6.240251196731736, 'weighted_error': 1.0681648434915967, 'gamma': 0.4290609289499485, 'normalized_gamma': 0.069}
{'sample_size': 80, 'difference': 2, 'noise': 0, 'n': 8, 'shap_error': 0.002191104684275734, 'shap_norm_sq': 6.240251196731736, 'weighted_error': 1.0051445534672343, 'gamma': 0.4290609289499485, 'normalized_gamma': 0.069}
{'sample_size': 160, 'difference': 2, 'noise': 0, 'n': 8, 'shap_error': 0.0019143534028754031, 'shap_norm_sq': 6.240251196731736, 'weighted_error': 1.0044947818029255, 'gamma': 0.4290609289499485, 'normalized_gamma': 0.069}
{'sample_size': 320, 'difference': -64, 'noise': 0, 'n': 8, 'shap_error': 4.267708070522972e-14, 'shap_norm_sq': 6.240251196731736, 'weighted_error': 0.9999999999998987, 'gamma': 0.4290609289499485, 'normalized_gamma': 0.069}
{'sample_size': 640, 'difference': -384, 'noise': 0, 'n': 8, 'shap_error': 4.267708070522972e-14, 'shap_norm_sq': 6.240251196731736, 'weighted_error': 0.9999999999998987, 'gamma': 0.4290609289499485, 'normalized_gamma': 0.069}
{'sample_size': 1280, 'difference': -1024, 'noise': 0, 'n': 8, 'shap_error': 4.267708070522972e-14, 'shap_norm_sq': 6.240251196731736, 'weighted_error': 0.9999999999998987, 'gamma': 0.4290609289499485, 'normalized_gamma': 0.069}
{'sample_size': 40, 'difference': 2, 'noise': 0, 'n': 8, 'shap_error': 0.036312770305820675, 'shap_norm_sq': 5.5485364009013285, 'weighted_error': 1.0799012007589088, 'gamma': 0.45529549815566084, 'normalized_gamma': 0.082}
{'sample_size': 80, 'difference': 2, 'noise': 0, 'n': 8, 'shap_error': 0.00622227819614827, 'shap_norm_sq': 5.5485364009013285, 'weighted_error': 1.0136912623182825, 'gamma': 0.45529549815566084, 'normalized_gamma': 0.082}
{'sample_size': 160, 'difference': 2, 'noise': 0, 'n': 8, 'shap_error': 0.0009601666534524154, 'shap_norm_sq': 5.5485364009013285, 'weighted_error': 1.0021127122476445, 'gamma': 0.45529549815566084, 'normalized_gamma': 0.082}
{'sample_size': 320, 'difference': -64, 'noise': 0, 'n': 8, 'shap_error': 3.0430145580283446e-14, 'shap_norm_sq': 5.5485364009013285, 'weighted_error': 0.9999999999999436, 'gamma': 0.45529549815566084, 'normalized_gamma': 0.082}
{'sample_size': 640, 'difference': -384, 'noise': 0, 'n': 8, 'shap_error': 3.0430145580283446e-14, 'shap_norm_sq': 5.5485364009013285, 'weighted_error': 0.9999999999999436, 'gamma': 0.45529549815566084, 'normalized_gamma': 0.082}
{'sample_size': 1280, 'difference': -1024, 'noise': 0, 'n': 8, 'shap_error': 3.0430145580283446e-14, 'shap_norm_sq': 5.5485364009013285, 'weighted_error': 0.9999999999999436, 'gamma': 0.45529549815566084, 'normalized_gamma': 0.082}
{'sample_size': 40, 'difference': 2, 'noise': 0, 'n': 8, 'shap_error': 0.0182615667477774, 'shap_norm_sq': 6.419103683355276, 'weighted_error': 1.0329289234546857, 'gamma': 0.5574323085636297, 'normalized_gamma': 0.087}
{'sample_size': 80, 'difference': 2, 'noise': 0, 'n': 8, 'shap_error': 0.004180597123709183, 'shap_norm_sq': 6.419103683355276, 'weighted_error': 1.0075383968366372, 'gamma': 0.5574323085636297, 'normalized_gamma': 0.087}
{'sample_size': 160, 'difference': 2, 'noise': 0, 'n': 8, 'shap_error': 0.000516040774963651, 'shap_norm_sq': 6.419103683355276, 'weighted_error': 1.0009305168410843, 'gamma': 0.5574323085636297, 'normalized_gamma': 0.087}
{'sample_size': 320, 'difference': -64, 'noise': 0, 'n': 8, 'shap_error': 5.323549570827916e-14, 'shap_norm_sq': 6.419103683355276, 'weighted_error': 0.9999999999999188, 'gamma': 0.5574323085636297, 'normalized_gamma': 0.087}
{'sample_size': 640, 'difference': -384, 'noise': 0, 'n': 8, 'shap_error': 5.323549570827916e-14, 'shap_norm_sq': 6.419103683355276, 'weighted_error': 0.9999999999999188, 'gamma': 0.5574323085636297, 'normalized_gamma': 0.087}
{'sample_size': 1280, 'difference': -1024, 'noise': 0, 'n': 8, 'shap_error': 5.323549570827916e-14, 'shap_norm_sq': 6.419103683355276, 'weighted_error': 0.9999999999999188, 'gamma': 0.5574323085636297, 'normalized_gamma': 0.087}
{'sample_size': 40, 'difference': 2, 'noise': 0, 'n': 8, 'shap_error': 0.024038744721854605, 'shap_norm_sq': 11.409537866193727, 'weighted_error': 1.0508424009544195, 'gamma': 0.47576844850290884, 'normalized_gamma': 0.042}
{'sample_size': 80, 'difference': 2, 'noise': 0, 'n': 8, 'shap_error': 0.003004178524773153, 'shap_norm_sq': 11.409537866193727, 'weighted_error': 1.0063538960429568, 'gamma': 0.47576844850290884, 'normalized_gamma': 0.042}
{'sample_size': 160, 'difference': 2, 'noise': 0, 'n': 8, 'shap_error': 0.0002764947023864269, 'shap_norm_sq': 11.409537866193727, 'weighted_error': 1.000584786008446, 'gamma': 0.47576844850290884, 'normalized_gamma': 0.042}
{'sample_size': 320, 'difference': -64, 'noise': 0, 'n': 8, 'shap_error': 4.055463686487267e-14, 'shap_norm_sq': 11.409537866193727, 'weighted_error': 0.999999999999911, 'gamma': 0.47576844850290884, 'normalized_gamma': 0.042}
{'sample_size': 640, 'difference': -384, 'noise': 0, 'n': 8, 'shap_error': 4.055463686487267e-14, 'shap_norm_sq': 11.409537866193727, 'weighted_error': 0.999999999999911, 'gamma': 0.47576844850290884, 'normalized_gamma': 0.042}
{'sample_size': 1280, 'difference': -1024, 'noise': 0, 'n': 8, 'shap_error': 4.055463686487267e-14, 'shap_norm_sq': 11.409537866193727, 'weighted_error': 0.999999999999911, 'gamma': 0.47576844850290884, 'normalized_gamma': 0.042}
{'sample_size': 40, 'difference': 2, 'noise': 0, 'n': 8, 'shap_error': 0.0154087886096934, 'shap_norm_sq': 5.80837526710511, 'weighted_error': 1.0375195590426822, 'gamma': 0.4106948799391418, 'normalized_gamma': 0.071}
{'sample_size': 80, 'difference': 2, 'noise': 0, 'n': 8, 'shap_error': 0.0004725337042300554, 'shap_norm_sq': 5.80837526710511, 'weighted_error': 1.0011505965466048, 'gamma': 0.4106948799391418, 'normalized_gamma': 0.071}
{'sample_size': 160, 'difference': 2, 'noise': 0, 'n': 8, 'shap_error': 0.001068343008738473, 'shap_norm_sq': 5.80837526710511, 'weighted_error': 1.0026013471734798, 'gamma': 0.4106948799391418, 'normalized_gamma': 0.071}
{'sample_size': 320, 'difference': -64, 'noise': 0, 'n': 8, 'shap_error': 1.648046227045089e-14, 'shap_norm_sq': 5.80837526710511, 'weighted_error': 0.9999999999999708, 'gamma': 0.4106948799391418, 'normalized_gamma': 0.071}
{'sample_size': 640, 'difference': -384, 'noise': 0, 'n': 8, 'shap_error': 1.648046227045089e-14, 'shap_norm_sq': 5.80837526710511, 'weighted_error': 0.9999999999999708, 'gamma': 0.4106948799391418, 'normalized_gamma': 0.071}
{'sample_size': 1280, 'difference': -1024, 'noise': 0, 'n': 8, 'shap_error': 1.648046227045089e-14, 'shap_norm_sq': 5.80837526710511, 'weighted_error': 0.9999999999999708, 'gamma': 0.4106948799391418, 'normalized_gamma': 0.071}
{'sample_size': 40, 'difference': 2, 'noise': 0, 'n': 8, 'shap_error': 0.012534755044761427, 'shap_norm_sq': 6.98081165687232, 'weighted_error': 1.0281435373755545, 'gamma': 0.44659327755179223, 'normalized_gamma': 0.064}
{'sample_size': 80, 'difference': 2, 'noise': 0, 'n': 8, 'shap_error': 0.002746153681865911, 'shap_norm_sq': 6.98081165687232, 'weighted_error': 1.0061657762640182, 'gamma': 0.44659327755179223, 'normalized_gamma': 0.064}
{'sample_size': 160, 'difference': 2, 'noise': 0, 'n': 8, 'shap_error': 0.0015356061725109902, 'shap_norm_sq': 6.98081165687232, 'weighted_error': 1.003447803361429, 'gamma': 0.44659327755179223, 'normalized_gamma': 0.064}
{'sample_size': 320, 'difference': -64, 'noise': 0, 'n': 8, 'shap_error': 8.500038435054045e-15, 'shap_norm_sq': 6.98081165687232, 'weighted_error': 0.999999999999982, 'gamma': 0.44659327755179223, 'normalized_gamma': 0.064}
{'sample_size': 640, 'difference': -384, 'noise': 0, 'n': 8, 'shap_error': 8.500038435054045e-15, 'shap_norm_sq': 6.98081165687232, 'weighted_error': 0.999999999999982, 'gamma': 0.44659327755179223, 'normalized_gamma': 0.064}
{'sample_size': 1280, 'difference': -1024, 'noise': 0, 'n': 8, 'shap_error': 8.500038435054045e-15, 'shap_norm_sq': 6.98081165687232, 'weighted_error': 0.999999999999982, 'gamma': 0.44659327755179223, 'normalized_gamma': 0.064}
{'sample_size': 40, 'difference': 2, 'noise': 0, 'n': 8, 'shap_error': 0.004422649422844973, 'shap_norm_sq': 2.051864642431771, 'weighted_error': 1.016412693591539, 'gamma': 0.2771026652028518, 'normalized_gamma': 0.14}
{'sample_size': 80, 'difference': 2, 'noise': 0, 'n': 8, 'shap_error': 0.0019327793358236275, 'shap_norm_sq': 2.051864642431771, 'weighted_error': 1.0071727293028898, 'gamma': 0.2771026652028518, 'normalized_gamma': 0.14}
{'sample_size': 160, 'difference': 2, 'noise': 0, 'n': 8, 'shap_error': 0.00044488362233531916, 'shap_norm_sq': 2.051864642431771, 'weighted_error': 1.0016510082771806, 'gamma': 0.2771026652028518, 'normalized_gamma': 0.14}
{'sample_size': 320, 'difference': -64, 'noise': 0, 'n': 8, 'shap_error': 1.575619890952407e-13, 'shap_norm_sq': 2.051864642431771, 'weighted_error': 0.9999999999995619, 'gamma': 0.2771026652028518, 'normalized_gamma': 0.14}
{'sample_size': 640, 'difference': -384, 'noise': 0, 'n': 8, 'shap_error': 1.575619890952407e-13, 'shap_norm_sq': 2.051864642431771, 'weighted_error': 0.9999999999995619, 'gamma': 0.2771026652028518, 'normalized_gamma': 0.14}
{'sample_size': 1280, 'difference': -1024, 'noise': 0, 'n': 8, 'shap_error': 1.575619890952407e-13, 'shap_norm_sq': 2.051864642431771, 'weighted_error': 0.9999999999995619, 'gamma': 0.2771026652028518, 'normalized_gamma': 0.14}
{'sample_size': 40, 'difference': 2, 'noise': 0, 'n': 8, 'shap_error': 0.002418919085825188, 'shap_norm_sq': 2.618732289864811, 'weighted_error': 1.0395065900497467, 'gamma': 0.06922188979860011, 'normalized_gamma': 0.026}
{'sample_size': 80, 'difference': 2, 'noise': 0, 'n': 8, 'shap_error': 0.0014047958781603744, 'shap_norm_sq': 2.618732289864811, 'weighted_error': 1.0229435561170106, 'gamma': 0.06922188979860011, 'normalized_gamma': 0.026}
{'sample_size': 160, 'difference': 2, 'noise': 0, 'n': 8, 'shap_error': 0.00011533167651306219, 'shap_norm_sq': 2.618732289864811, 'weighted_error': 1.001883673571113, 'gamma': 0.06922188979860011, 'normalized_gamma': 0.026}
{'sample_size': 320, 'difference': -64, 'noise': 0, 'n': 8, 'shap_error': 1.2993514840145797e-13, 'shap_norm_sq': 2.618732289864811, 'weighted_error': 0.9999999999986013, 'gamma': 0.06922188979860011, 'normalized_gamma': 0.026}
{'sample_size': 640, 'difference': -384, 'noise': 0, 'n': 8, 'shap_error': 1.2993514840145797e-13, 'shap_norm_sq': 2.618732289864811, 'weighted_error': 0.9999999999986013, 'gamma': 0.06922188979860011, 'normalized_gamma': 0.026}
{'sample_size': 1280, 'difference': -1024, 'noise': 0, 'n': 8, 'shap_error': 1.2993514840145797e-13, 'shap_norm_sq': 2.618732289864811, 'weighted_error': 0.9999999999986013, 'gamma': 0.06922188979860011, 'normalized_gamma': 0.026}
{'sample_size': 40, 'difference': 2, 'noise': 0, 'n': 8, 'shap_error': 0.03682434503031202, 'shap_norm_sq': 4.956860089494268, 'weighted_error': 1.0589632827804094, 'gamma': 0.6245920629877474, 'normalized_gamma': 0.13}
{'sample_size': 80, 'difference': 2, 'noise': 0, 'n': 8, 'shap_error': 0.003824398356236962, 'shap_norm_sq': 4.956860089494268, 'weighted_error': 1.0061236681057995, 'gamma': 0.6245920629877474, 'normalized_gamma': 0.13}
{'sample_size': 160, 'difference': 2, 'noise': 0, 'n': 8, 'shap_error': 0.00045391780422687913, 'shap_norm_sq': 4.956860089494268, 'weighted_error': 1.000726814726138, 'gamma': 0.6245920629877474, 'normalized_gamma': 0.13}
{'sample_size': 320, 'difference': -64, 'noise': 0, 'n': 8, 'shap_error': 3.1579082840701465e-14, 'shap_norm_sq': 4.956860089494268, 'weighted_error': 0.9999999999999446, 'gamma': 0.6245920629877474, 'normalized_gamma': 0.13}
{'sample_size': 640, 'difference': -384, 'noise': 0, 'n': 8, 'shap_error': 3.1579082840701465e-14, 'shap_norm_sq': 4.956860089494268, 'weighted_error': 0.9999999999999446, 'gamma': 0.6245920629877474, 'normalized_gamma': 0.13}
{'sample_size': 1280, 'difference': -1024, 'noise': 0, 'n': 8, 'shap_error': 3.1579082840701465e-14, 'shap_norm_sq': 4.956860089494268, 'weighted_error': 0.9999999999999446, 'gamma': 0.6245920629877474, 'normalized_gamma': 0.13}
{'sample_size': 40, 'difference': 2, 'noise': 0, 'n': 8, 'shap_error': 0.0018150812612708438, 'shap_norm_sq': 4.871705817396556, 'weighted_error': 1.0181816933414167, 'gamma': 0.11248009684672002, 'normalized_gamma': 0.023}
{'sample_size': 80, 'difference': 2, 'noise': 0, 'n': 8, 'shap_error': 0.0007659363712395954, 'shap_norm_sq': 4.871705817396556, 'weighted_error': 1.0076723132232221, 'gamma': 0.11248009684672002, 'normalized_gamma': 0.023}
{'sample_size': 160, 'difference': 2, 'noise': 0, 'n': 8, 'shap_error': 0.0003020519432712798, 'shap_norm_sq': 4.871705817396556, 'weighted_error': 1.0030256661307084, 'gamma': 0.11248009684672002, 'normalized_gamma': 0.023}
{'sample_size': 320, 'difference': -64, 'noise': 0, 'n': 8, 'shap_error': 1.061454633706158e-13, 'shap_norm_sq': 4.871705817396556, 'weighted_error': 0.9999999999993195, 'gamma': 0.11248009684672002, 'normalized_gamma': 0.023}
{'sample_size': 640, 'difference': -384, 'noise': 0, 'n': 8, 'shap_error': 1.061454633706158e-13, 'shap_norm_sq': 4.871705817396556, 'weighted_error': 0.9999999999993195, 'gamma': 0.11248009684672002, 'normalized_gamma': 0.023}
{'sample_size': 1280, 'difference': -1024, 'noise': 0, 'n': 8, 'shap_error': 1.061454633706158e-13, 'shap_norm_sq': 4.871705817396556, 'weighted_error': 0.9999999999993195, 'gamma': 0.11248009684672002, 'normalized_gamma': 0.023}
{'sample_size': 40, 'difference': 2, 'noise': 0, 'n': 8, 'shap_error': 0.013486408324801257, 'shap_norm_sq': 3.5111978443057374, 'weighted_error': 1.063805277548403, 'gamma': 0.21406954394620606, 'normalized_gamma': 0.061}
{'sample_size': 80, 'difference': 2, 'noise': 0, 'n': 8, 'shap_error': 0.002089023715834684, 'shap_norm_sq': 3.5111978443057374, 'weighted_error': 1.0098833494299173, 'gamma': 0.21406954394620606, 'normalized_gamma': 0.061}
{'sample_size': 160, 'difference': 2, 'noise': 0, 'n': 8, 'shap_error': 0.0005819816331104997, 'shap_norm_sq': 3.5111978443057374, 'weighted_error': 1.0027533904612231, 'gamma': 0.21406954394620606, 'normalized_gamma': 0.061}
{'sample_size': 320, 'difference': -64, 'noise': 0, 'n': 8, 'shap_error': 1.6550493650733326e-14, 'shap_norm_sq': 3.5111978443057374, 'weighted_error': 0.9999999999999366, 'gamma': 0.21406954394620606, 'normalized_gamma': 0.061}
{'sample_size': 640, 'difference': -384, 'noise': 0, 'n': 8, 'shap_error': 1.6550493650733326e-14, 'shap_norm_sq': 3.5111978443057374, 'weighted_error': 0.9999999999999366, 'gamma': 0.21406954394620606, 'normalized_gamma': 0.061}
{'sample_size': 1280, 'difference': -1024, 'noise': 0, 'n': 8, 'shap_error': 1.6550493650733326e-14, 'shap_norm_sq': 3.5111978443057374, 'weighted_error': 0.9999999999999366, 'gamma': 0.21406954394620606, 'normalized_gamma': 0.061}
{'sample_size': 40, 'difference': 2, 'noise': 0, 'n': 8, 'shap_error': 0.012425948418567059, 'shap_norm_sq': 10.002563492296897, 'weighted_error': 1.0403630940875832, 'gamma': 0.31173636631469165, 'normalized_gamma': 0.031}
{'sample_size': 80, 'difference': 2, 'noise': 0, 'n': 8, 'shap_error': 0.004302885692298446, 'shap_norm_sq': 10.002563492296897, 'weighted_error': 1.0139770225451792, 'gamma': 0.31173636631469165, 'normalized_gamma': 0.031}
{'sample_size': 160, 'difference': 2, 'noise': 0, 'n': 8, 'shap_error': 0.0008111626160721465, 'shap_norm_sq': 10.002563492296897, 'weighted_error': 1.002634897725462, 'gamma': 0.31173636631469165, 'normalized_gamma': 0.031}
{'sample_size': 320, 'difference': -64, 'noise': 0, 'n': 8, 'shap_error': 1.4924313794804247e-14, 'shap_norm_sq': 10.002563492296897, 'weighted_error': 0.9999999999999609, 'gamma': 0.31173636631469165, 'normalized_gamma': 0.031}
{'sample_size': 640, 'difference': -384, 'noise': 0, 'n': 8, 'shap_error': 1.4924313794804247e-14, 'shap_norm_sq': 10.002563492296897, 'weighted_error': 0.9999999999999609, 'gamma': 0.31173636631469165, 'normalized_gamma': 0.031}
{'sample_size': 1280, 'difference': -1024, 'noise': 0, 'n': 8, 'shap_error': 1.4924313794804247e-14, 'shap_norm_sq': 10.002563492296897, 'weighted_error': 0.9999999999999609, 'gamma': 0.31173636631469165, 'normalized_gamma': 0.031}
{'sample_size': 40, 'difference': 2, 'noise': 0, 'n': 8, 'shap_error': 0.0027087424693560997, 'shap_norm_sq': 10.186807481750462, 'weighted_error': 1.0145666756188005, 'gamma': 0.20487954016694676, 'normalized_gamma': 0.02}
{'sample_size': 80, 'difference': 2, 'noise': 0, 'n': 8, 'shap_error': 0.0007562504984608416, 'shap_norm_sq': 10.186807481750462, 'weighted_error': 1.0040668361552856, 'gamma': 0.20487954016694676, 'normalized_gamma': 0.02}
{'sample_size': 160, 'difference': 2, 'noise': 0, 'n': 8, 'shap_error': 0.0012629701629132313, 'shap_norm_sq': 10.186807481750462, 'weighted_error': 1.0067918281490134, 'gamma': 0.20487954016694676, 'normalized_gamma': 0.02}
{'sample_size': 320, 'difference': -64, 'noise': 0, 'n': 8, 'shap_error': 4.43134960951452e-14, 'shap_norm_sq': 10.186807481750462, 'weighted_error': 0.9999999999998517, 'gamma': 0.20487954016694676, 'normalized_gamma': 0.02}
{'sample_size': 640, 'difference': -384, 'noise': 0, 'n': 8, 'shap_error': 4.43134960951452e-14, 'shap_norm_sq': 10.186807481750462, 'weighted_error': 0.9999999999998517, 'gamma': 0.20487954016694676, 'normalized_gamma': 0.02}
{'sample_size': 1280, 'difference': -1024, 'noise': 0, 'n': 8, 'shap_error': 4.43134960951452e-14, 'shap_norm_sq': 10.186807481750462, 'weighted_error': 0.9999999999998517, 'gamma': 0.20487954016694676, 'normalized_gamma': 0.02}
{'sample_size': 40, 'difference': 2, 'noise': 0, 'n': 8, 'shap_error': 0.004242673098206263, 'shap_norm_sq': 0.8803187769109138, 'weighted_error': 1.018999021071985, 'gamma': 0.22333570272940925, 'normalized_gamma': 0.25}
{'sample_size': 80, 'difference': 2, 'noise': 0, 'n': 8, 'shap_error': 0.0021313155222702027, 'shap_norm_sq': 0.8803187769109138, 'weighted_error': 1.0095444233448705, 'gamma': 0.22333570272940925, 'normalized_gamma': 0.25}
{'sample_size': 160, 'difference': 2, 'noise': 0, 'n': 8, 'shap_error': 0.0021823018066501783, 'shap_norm_sq': 0.8803187769109138, 'weighted_error': 1.009772698924288, 'gamma': 0.22333570272940925, 'normalized_gamma': 0.25}
{'sample_size': 320, 'difference': -64, 'noise': 0, 'n': 8, 'shap_error': 4.418021860294628e-13, 'shap_norm_sq': 0.8803187769109138, 'weighted_error': 0.9999999999981029, 'gamma': 0.22333570272940925, 'normalized_gamma': 0.25}
{'sample_size': 640, 'difference': -384, 'noise': 0, 'n': 8, 'shap_error': 4.418021860294628e-13, 'shap_norm_sq': 0.8803187769109138, 'weighted_error': 0.9999999999981029, 'gamma': 0.22333570272940925, 'normalized_gamma': 0.25}
{'sample_size': 1280, 'difference': -1024, 'noise': 0, 'n': 8, 'shap_error': 4.418021860294628e-13, 'shap_norm_sq': 0.8803187769109138, 'weighted_error': 0.9999999999981029, 'gamma': 0.22333570272940925, 'normalized_gamma': 0.25}
{'sample_size': 40, 'difference': 2, 'noise': 0, 'n': 8, 'shap_error': 0.024837942685775303, 'shap_norm_sq': 4.137947025088677, 'weighted_error': 1.0852859831634278, 'gamma': 0.29565565195365523, 'normalized_gamma': 0.071}
{'sample_size': 80, 'difference': 2, 'noise': 0, 'n': 8, 'shap_error': 0.0023614287519989406, 'shap_norm_sq': 4.137947025088677, 'weighted_error': 1.0081084181889126, 'gamma': 0.29565565195365523, 'normalized_gamma': 0.071}
{'sample_size': 160, 'difference': 2, 'noise': 0, 'n': 8, 'shap_error': 0.0007779037535469557, 'shap_norm_sq': 4.137947025088677, 'weighted_error': 1.0026710915387196, 'gamma': 0.29565565195365523, 'normalized_gamma': 0.071}
{'sample_size': 320, 'difference': -64, 'noise': 0, 'n': 8, 'shap_error': 6.931715401301983e-15, 'shap_norm_sq': 4.137947025088677, 'weighted_error': 0.9999999999999821, 'gamma': 0.29565565195365523, 'normalized_gamma': 0.071}
{'sample_size': 640, 'difference': -384, 'noise': 0, 'n': 8, 'shap_error': 6.931715401301983e-15, 'shap_norm_sq': 4.137947025088677, 'weighted_error': 0.9999999999999821, 'gamma': 0.29565565195365523, 'normalized_gamma': 0.071}
{'sample_size': 1280, 'difference': -1024, 'noise': 0, 'n': 8, 'shap_error': 6.931715401301983e-15, 'shap_norm_sq': 4.137947025088677, 'weighted_error': 0.9999999999999821, 'gamma': 0.29565565195365523, 'normalized_gamma': 0.071}
{'sample_size': 40, 'difference': 2, 'noise': 0, 'n': 8, 'shap_error': 0.012644740569451184, 'shap_norm_sq': 7.340056178479393, 'weighted_error': 1.0372270598668483, 'gamma': 0.34457690139330177, 'normalized_gamma': 0.047}
{'sample_size': 80, 'difference': 2, 'noise': 0, 'n': 8, 'shap_error': 0.00183074719025969, 'shap_norm_sq': 7.340056178479393, 'weighted_error': 1.0053898561214454, 'gamma': 0.34457690139330177, 'normalized_gamma': 0.047}
{'sample_size': 160, 'difference': 2, 'noise': 0, 'n': 8, 'shap_error': 0.002185232374226645, 'shap_norm_sq': 7.340056178479393, 'weighted_error': 1.0064334669893142, 'gamma': 0.34457690139330177, 'normalized_gamma': 0.047}
{'sample_size': 320, 'difference': -64, 'noise': 0, 'n': 8, 'shap_error': 1.927915032236192e-14, 'shap_norm_sq': 7.340056178479393, 'weighted_error': 0.9999999999999514, 'gamma': 0.34457690139330177, 'normalized_gamma': 0.047}
{'sample_size': 640, 'difference': -384, 'noise': 0, 'n': 8, 'shap_error': 1.927915032236192e-14, 'shap_norm_sq': 7.340056178479393, 'weighted_error': 0.9999999999999514, 'gamma': 0.34457690139330177, 'normalized_gamma': 0.047}
{'sample_size': 1280, 'difference': -1024, 'noise': 0, 'n': 8, 'shap_error': 1.927915032236192e-14, 'shap_norm_sq': 7.340056178479393, 'weighted_error': 0.9999999999999514, 'gamma': 0.34457690139330177, 'normalized_gamma': 0.047}
{'sample_size': 40, 'difference': 2, 'noise': 0, 'n': 8, 'shap_error': 0.004521601140261764, 'shap_norm_sq': 6.6170948415512125, 'weighted_error': 1.0163405598981676, 'gamma': 0.2817735822408415, 'normalized_gamma': 0.043}
{'sample_size': 80, 'difference': 2, 'noise': 0, 'n': 8, 'shap_error': 0.005155466194480649, 'shap_norm_sq': 6.6170948415512125, 'weighted_error': 1.0186313135747074, 'gamma': 0.2817735822408415, 'normalized_gamma': 0.043}
{'sample_size': 160, 'difference': 2, 'noise': 0, 'n': 8, 'shap_error': 0.0006736738130782647, 'shap_norm_sq': 6.6170948415512125, 'weighted_error': 1.0024345841514775, 'gamma': 0.2817735822408415, 'normalized_gamma': 0.043}
{'sample_size': 320, 'difference': -64, 'noise': 0, 'n': 8, 'shap_error': 2.5902884659057788e-14, 'shap_norm_sq': 6.6170948415512125, 'weighted_error': 0.9999999999999228, 'gamma': 0.2817735822408415, 'normalized_gamma': 0.043}
{'sample_size': 640, 'difference': -384, 'noise': 0, 'n': 8, 'shap_error': 2.5902884659057788e-14, 'shap_norm_sq': 6.6170948415512125, 'weighted_error': 0.9999999999999228, 'gamma': 0.2817735822408415, 'normalized_gamma': 0.043}
{'sample_size': 1280, 'difference': -1024, 'noise': 0, 'n': 8, 'shap_error': 2.5902884659057788e-14, 'shap_norm_sq': 6.6170948415512125, 'weighted_error': 0.9999999999999228, 'gamma': 0.2817735822408415, 'normalized_gamma': 0.043}
{'sample_size': 40, 'difference': 2, 'noise': 0, 'n': 8, 'shap_error': 0.004702797614377214, 'shap_norm_sq': 0.8625345802507074, 'weighted_error': 1.1050844481952098, 'gamma': 0.04483743015361205, 'normalized_gamma': 0.052}
{'sample_size': 80, 'difference': 2, 'noise': 0, 'n': 8, 'shap_error': 0.0006034335335589825, 'shap_norm_sq': 0.8625345802507074, 'weighted_error': 1.0134836867597719, 'gamma': 0.04483743015361205, 'normalized_gamma': 0.052}
{'sample_size': 160, 'difference': 2, 'noise': 0, 'n': 8, 'shap_error': 0.0001065812174019158, 'shap_norm_sq': 0.8625345802507074, 'weighted_error': 1.0023816012808482, 'gamma': 0.04483743015361205, 'normalized_gamma': 0.052}
{'sample_size': 320, 'difference': -64, 'noise': 0, 'n': 8, 'shap_error': 1.727653135399425e-13, 'shap_norm_sq': 0.8625345802507074, 'weighted_error': 0.9999999999965069, 'gamma': 0.04483743015361205, 'normalized_gamma': 0.052}
{'sample_size': 640, 'difference': -384, 'noise': 0, 'n': 8, 'shap_error': 1.727653135399425e-13, 'shap_norm_sq': 0.8625345802507074, 'weighted_error': 0.9999999999965069, 'gamma': 0.04483743015361205, 'normalized_gamma': 0.052}
{'sample_size': 1280, 'difference': -1024, 'noise': 0, 'n': 8, 'shap_error': 1.727653135399425e-13, 'shap_norm_sq': 0.8625345802507074, 'weighted_error': 0.9999999999965069, 'gamma': 0.04483743015361205, 'normalized_gamma': 0.052}
{'sample_size': 40, 'difference': 2, 'noise': 0, 'n': 8, 'shap_error': 0.012105434842931057, 'shap_norm_sq': 0.8887723837651913, 'weighted_error': 1.02820938600874, 'gamma': 0.4349861564530619, 'normalized_gamma': 0.49}
{'sample_size': 80, 'difference': 2, 'noise': 0, 'n': 8, 'shap_error': 0.0036464278643575593, 'shap_norm_sq': 0.8887723837651913, 'weighted_error': 1.0084973106827935, 'gamma': 0.4349861564530619, 'normalized_gamma': 0.49}
{'sample_size': 160, 'difference': 2, 'noise': 0, 'n': 8, 'shap_error': 0.0018221724665402825, 'shap_norm_sq': 0.8887723837651913, 'weighted_error': 1.0042462195068917, 'gamma': 0.4349861564530619, 'normalized_gamma': 0.49}
{'sample_size': 320, 'difference': -64, 'noise': 0, 'n': 8, 'shap_error': 1.4679694260019377e-13, 'shap_norm_sq': 0.8887723837651913, 'weighted_error': 0.9999999999996974, 'gamma': 0.4349861564530619, 'normalized_gamma': 0.49}
{'sample_size': 640, 'difference': -384, 'noise': 0, 'n': 8, 'shap_error': 1.4679694260019377e-13, 'shap_norm_sq': 0.8887723837651913, 'weighted_error': 0.9999999999996974, 'gamma': 0.4349861564530619, 'normalized_gamma': 0.49}
{'sample_size': 1280, 'difference': -1024, 'noise': 0, 'n': 8, 'shap_error': 1.4679694260019377e-13, 'shap_norm_sq': 0.8887723837651913, 'weighted_error': 0.9999999999996974, 'gamma': 0.4349861564530619, 'normalized_gamma': 0.49}
{'sample_size': 40, 'difference': 2, 'noise': 0, 'n': 8, 'shap_error': 0.01345512149517477, 'shap_norm_sq': 7.1766357716712905, 'weighted_error': 1.040440411133085, 'gamma': 0.33822184582062825, 'normalized_gamma': 0.047}
{'sample_size': 80, 'difference': 2, 'noise': 0, 'n': 8, 'shap_error': 0.0026872708204097287, 'shap_norm_sq': 7.1766357716712905, 'weighted_error': 1.0080767905796, 'gamma': 0.33822184582062825, 'normalized_gamma': 0.047}
{'sample_size': 160, 'difference': 2, 'noise': 0, 'n': 8, 'shap_error': 0.0013825810900965337, 'shap_norm_sq': 7.1766357716712905, 'weighted_error': 1.0041554265648387, 'gamma': 0.33822184582062825, 'normalized_gamma': 0.047}
{'sample_size': 320, 'difference': -64, 'noise': 0, 'n': 8, 'shap_error': 4.049922493064105e-14, 'shap_norm_sq': 7.1766357716712905, 'weighted_error': 0.9999999999999012, 'gamma': 0.33822184582062825, 'normalized_gamma': 0.047}
{'sample_size': 640, 'difference': -384, 'noise': 0, 'n': 8, 'shap_error': 4.049922493064105e-14, 'shap_norm_sq': 7.1766357716712905, 'weighted_error': 0.9999999999999012, 'gamma': 0.33822184582062825, 'normalized_gamma': 0.047}
{'sample_size': 1280, 'difference': -1024, 'noise': 0, 'n': 8, 'shap_error': 4.049922493064105e-14, 'shap_norm_sq': 7.1766357716712905, 'weighted_error': 0.9999999999999012, 'gamma': 0.33822184582062825, 'normalized_gamma': 0.047}
{'sample_size': 40, 'difference': 2, 'noise': 0, 'n': 8, 'shap_error': 0.001928523596063727, 'shap_norm_sq': 8.15905629244432, 'weighted_error': 1.108373048005902, 'gamma': 0.02309111536382398, 'normalized_gamma': 0.0028}
{'sample_size': 80, 'difference': 2, 'noise': 0, 'n': 8, 'shap_error': 0.0005343834527699893, 'shap_norm_sq': 8.15905629244432, 'weighted_error': 1.030029590982829, 'gamma': 0.02309111536382398, 'normalized_gamma': 0.0028}
{'sample_size': 160, 'difference': 2, 'noise': 0, 'n': 8, 'shap_error': 0.0001313582670390292, 'shap_norm_sq': 8.15905629244432, 'weighted_error': 1.0073813636962097, 'gamma': 0.02309111536382398, 'normalized_gamma': 0.0028}
{'sample_size': 320, 'difference': -64, 'noise': 0, 'n': 8, 'shap_error': 6.526770363251501e-13, 'shap_norm_sq': 8.15905629244432, 'weighted_error': 0.9999999999747913, 'gamma': 0.02309111536382398, 'normalized_gamma': 0.0028}
{'sample_size': 640, 'difference': -384, 'noise': 0, 'n': 8, 'shap_error': 6.526770363251501e-13, 'shap_norm_sq': 8.15905629244432, 'weighted_error': 0.9999999999747913, 'gamma': 0.02309111536382398, 'normalized_gamma': 0.0028}
{'sample_size': 1280, 'difference': -1024, 'noise': 0, 'n': 8, 'shap_error': 6.526770363251501e-13, 'shap_norm_sq': 8.15905629244432, 'weighted_error': 0.9999999999747913, 'gamma': 0.02309111536382398, 'normalized_gamma': 0.0028}
{'sample_size': 40, 'difference': 2, 'noise': 0, 'n': 8, 'shap_error': 0.0037379061903179134, 'shap_norm_sq': 1.5981181294253042, 'weighted_error': 1.042070107540879, 'gamma': 0.11316593672640088, 'normalized_gamma': 0.071}
{'sample_size': 80, 'difference': 2, 'noise': 0, 'n': 8, 'shap_error': 0.0038594858640199643, 'shap_norm_sq': 1.5981181294253042, 'weighted_error': 1.0434387936955674, 'gamma': 0.11316593672640088, 'normalized_gamma': 0.071}
{'sample_size': 160, 'difference': 2, 'noise': 0, 'n': 8, 'shap_error': 0.0006209345311335712, 'shap_norm_sq': 1.5981181294253042, 'weighted_error': 1.0069886067027538, 'gamma': 0.11316593672640088, 'normalized_gamma': 0.071}
{'sample_size': 320, 'difference': -64, 'noise': 0, 'n': 8, 'shap_error': 4.589590813565274e-13, 'shap_norm_sq': 1.5981181294253042, 'weighted_error': 0.9999999999956501, 'gamma': 0.11316593672640088, 'normalized_gamma': 0.071}
{'sample_size': 640, 'difference': -384, 'noise': 0, 'n': 8, 'shap_error': 4.589590813565274e-13, 'shap_norm_sq': 1.5981181294253042, 'weighted_error': 0.9999999999956501, 'gamma': 0.11316593672640088, 'normalized_gamma': 0.071}
{'sample_size': 1280, 'difference': -1024, 'noise': 0, 'n': 8, 'shap_error': 4.589590813565274e-13, 'shap_norm_sq': 1.5981181294253042, 'weighted_error': 0.9999999999956501, 'gamma': 0.11316593672640088, 'normalized_gamma': 0.071}
{'sample_size': 40, 'difference': 2, 'noise': 0, 'n': 8, 'shap_error': 0.000493115106637205, 'shap_norm_sq': 14.650570757779397, 'weighted_error': 1.0135431541282591, 'gamma': 0.040137834793725936, 'normalized_gamma': 0.0027}
{'sample_size': 80, 'difference': 2, 'noise': 0, 'n': 8, 'shap_error': 0.00013103039822392153, 'shap_norm_sq': 14.650570757779397, 'weighted_error': 1.0035985919925872, 'gamma': 0.040137834793725936, 'normalized_gamma': 0.0027}
{'sample_size': 160, 'difference': 2, 'noise': 0, 'n': 8, 'shap_error': 9.3475319471146e-05, 'shap_norm_sq': 14.650570757779397, 'weighted_error': 1.0025670994772689, 'gamma': 0.040137834793725936, 'normalized_gamma': 0.0027}
{'sample_size': 320, 'difference': -64, 'noise': 0, 'n': 8, 'shap_error': 1.3564736650904565e-13, 'shap_norm_sq': 14.650570757779397, 'weighted_error': 0.999999999996828, 'gamma': 0.040137834793725936, 'normalized_gamma': 0.0027}
{'sample_size': 640, 'difference': -384, 'noise': 0, 'n': 8, 'shap_error': 1.3564736650904565e-13, 'shap_norm_sq': 14.650570757779397, 'weighted_error': 0.999999999996828, 'gamma': 0.040137834793725936, 'normalized_gamma': 0.0027}
{'sample_size': 1280, 'difference': -1024, 'noise': 0, 'n': 8, 'shap_error': 1.3564736650904565e-13, 'shap_norm_sq': 14.650570757779397, 'weighted_error': 0.999999999996828, 'gamma': 0.040137834793725936, 'normalized_gamma': 0.0027}
{'sample_size': 40, 'difference': 2, 'noise': 0, 'n': 8, 'shap_error': 0.007349781128914676, 'shap_norm_sq': 5.043587558642691, 'weighted_error': 1.020663096492624, 'gamma': 0.365736927155691, 'normalized_gamma': 0.073}
{'sample_size': 80, 'difference': 2, 'noise': 0, 'n': 8, 'shap_error': 0.0018891310763625286, 'shap_norm_sq': 5.043587558642691, 'weighted_error': 1.005311084183694, 'gamma': 0.365736927155691, 'normalized_gamma': 0.073}
{'sample_size': 160, 'difference': 2, 'noise': 0, 'n': 8, 'shap_error': 0.0007030932379831008, 'shap_norm_sq': 5.043587558642691, 'weighted_error': 1.0019766452647498, 'gamma': 0.365736927155691, 'normalized_gamma': 0.073}
{'sample_size': 320, 'difference': -64, 'noise': 0, 'n': 8, 'shap_error': 5.980843962657015e-14, 'shap_norm_sq': 5.043587558642691, 'weighted_error': 0.999999999999872, 'gamma': 0.365736927155691, 'normalized_gamma': 0.073}
{'sample_size': 640, 'difference': -384, 'noise': 0, 'n': 8, 'shap_error': 5.980843962657015e-14, 'shap_norm_sq': 5.043587558642691, 'weighted_error': 0.999999999999872, 'gamma': 0.365736927155691, 'normalized_gamma': 0.073}
{'sample_size': 1280, 'difference': -1024, 'noise': 0, 'n': 8, 'shap_error': 5.980843962657015e-14, 'shap_norm_sq': 5.043587558642691, 'weighted_error': 0.999999999999872, 'gamma': 0.365736927155691, 'normalized_gamma': 0.073}
{'sample_size': 40, 'difference': 2, 'noise': 0, 'n': 8, 'shap_error': 0.00021088633686177136, 'shap_norm_sq': 7.401176257071544, 'weighted_error': 1.0101283248138222, 'gamma': 0.023739824638433625, 'normalized_gamma': 0.0032}
{'sample_size': 80, 'difference': 2, 'noise': 0, 'n': 8, 'shap_error': 0.00037458953138911927, 'shap_norm_sq': 7.401176257071544, 'weighted_error': 1.0179905293845286, 'gamma': 0.023739824638433625, 'normalized_gamma': 0.0032}
{'sample_size': 160, 'difference': 2, 'noise': 0, 'n': 8, 'shap_error': 4.485969822768688e-05, 'shap_norm_sq': 7.401176257071544, 'weighted_error': 1.0021545873437572, 'gamma': 0.023739824638433625, 'normalized_gamma': 0.0032}
{'sample_size': 320, 'difference': -64, 'noise': 0, 'n': 8, 'shap_error': 1.0920476678589409e-13, 'shap_norm_sq': 7.401176257071544, 'weighted_error': 0.9999999999962066, 'gamma': 0.023739824638433625, 'normalized_gamma': 0.0032}
{'sample_size': 640, 'difference': -384, 'noise': 0, 'n': 8, 'shap_error': 1.0920476678589409e-13, 'shap_norm_sq': 7.401176257071544, 'weighted_error': 0.9999999999962066, 'gamma': 0.023739824638433625, 'normalized_gamma': 0.0032}
{'sample_size': 1280, 'difference': -1024, 'noise': 0, 'n': 8, 'shap_error': 1.0920476678589409e-13, 'shap_norm_sq': 7.401176257071544, 'weighted_error': 0.9999999999962066, 'gamma': 0.023739824638433625, 'normalized_gamma': 0.0032}
{'sample_size': 40, 'difference': 2, 'noise': 0, 'n': 8, 'shap_error': 0.01394954435651282, 'shap_norm_sq': 6.140510080214641, 'weighted_error': 1.0353188687214268, 'gamma': 0.4029101220205768, 'normalized_gamma': 0.066}
{'sample_size': 80, 'difference': 2, 'noise': 0, 'n': 8, 'shap_error': 0.0009241296722847144, 'shap_norm_sq': 6.140510080214641, 'weighted_error': 1.0023398228512468, 'gamma': 0.4029101220205768, 'normalized_gamma': 0.066}
{'sample_size': 160, 'difference': 2, 'noise': 0, 'n': 8, 'shap_error': 0.0007321007098104754, 'shap_norm_sq': 6.140510080214641, 'weighted_error': 1.0018536178995177, 'gamma': 0.4029101220205768, 'normalized_gamma': 0.066}
{'sample_size': 320, 'difference': -64, 'noise': 0, 'n': 8, 'shap_error': 1.1488272355465313e-13, 'shap_norm_sq': 6.140510080214641, 'weighted_error': 0.9999999999997465, 'gamma': 0.4029101220205768, 'normalized_gamma': 0.066}
{'sample_size': 640, 'difference': -384, 'noise': 0, 'n': 8, 'shap_error': 1.1488272355465313e-13, 'shap_norm_sq': 6.140510080214641, 'weighted_error': 0.9999999999997465, 'gamma': 0.4029101220205768, 'normalized_gamma': 0.066}
{'sample_size': 1280, 'difference': -1024, 'noise': 0, 'n': 8, 'shap_error': 1.1488272355465313e-13, 'shap_norm_sq': 6.140510080214641, 'weighted_error': 0.9999999999997465, 'gamma': 0.4029101220205768, 'normalized_gamma': 0.066}
{'sample_size': 40, 'difference': 2, 'noise': 0, 'n': 8, 'shap_error': 0.02957722721488732, 'shap_norm_sq': 4.346726604694032, 'weighted_error': 1.0601427268431107, 'gamma': 0.4932395697695833, 'normalized_gamma': 0.11}
{'sample_size': 80, 'difference': 2, 'noise': 0, 'n': 8, 'shap_error': 0.007201167909794506, 'shap_norm_sq': 4.346726604694032, 'weighted_error': 1.0146429392599572, 'gamma': 0.4932395697695833, 'normalized_gamma': 0.11}
{'sample_size': 160, 'difference': 2, 'noise': 0, 'n': 8, 'shap_error': 0.0009705335099732563, 'shap_norm_sq': 4.346726604694032, 'weighted_error': 1.0019734882597857, 'gamma': 0.4932395697695833, 'normalized_gamma': 0.11}
{'sample_size': 320, 'difference': -64, 'noise': 0, 'n': 8, 'shap_error': 9.194679912504483e-15, 'shap_norm_sq': 4.346726604694032, 'weighted_error': 0.9999999999999828, 'gamma': 0.4932395697695833, 'normalized_gamma': 0.11}
{'sample_size': 640, 'difference': -384, 'noise': 0, 'n': 8, 'shap_error': 9.194679912504483e-15, 'shap_norm_sq': 4.346726604694032, 'weighted_error': 0.9999999999999828, 'gamma': 0.4932395697695833, 'normalized_gamma': 0.11}
{'sample_size': 1280, 'difference': -1024, 'noise': 0, 'n': 8, 'shap_error': 9.194679912504483e-15, 'shap_norm_sq': 4.346726604694032, 'weighted_error': 0.9999999999999828, 'gamma': 0.4932395697695833, 'normalized_gamma': 0.11}
{'sample_size': 40, 'difference': 2, 'noise': 0, 'n': 8, 'shap_error': 0.013988405234531908, 'shap_norm_sq': 1.2335342259146802, 'weighted_error': 1.0727519516099604, 'gamma': 0.22077611031871733, 'normalized_gamma': 0.18}
{'sample_size': 80, 'difference': 2, 'noise': 0, 'n': 8, 'shap_error': 0.0006874769664680612, 'shap_norm_sq': 1.2335342259146802, 'weighted_error': 1.003575415598622, 'gamma': 0.22077611031871733, 'normalized_gamma': 0.18}
{'sample_size': 160, 'difference': 2, 'noise': 0, 'n': 8, 'shap_error': 0.0003793632120415985, 'shap_norm_sq': 1.2335342259146802, 'weighted_error': 1.0019730076104132, 'gamma': 0.22077611031871733, 'normalized_gamma': 0.18}
{'sample_size': 320, 'difference': -64, 'noise': 0, 'n': 8, 'shap_error': 1.0864191622428039e-13, 'shap_norm_sq': 1.2335342259146802, 'weighted_error': 0.9999999999995419, 'gamma': 0.22077611031871733, 'normalized_gamma': 0.18}
{'sample_size': 640, 'difference': -384, 'noise': 0, 'n': 8, 'shap_error': 1.0864191622428039e-13, 'shap_norm_sq': 1.2335342259146802, 'weighted_error': 0.9999999999995419, 'gamma': 0.22077611031871733, 'normalized_gamma': 0.18}
{'sample_size': 1280, 'difference': -1024, 'noise': 0, 'n': 8, 'shap_error': 1.0864191622428039e-13, 'shap_norm_sq': 1.2335342259146802, 'weighted_error': 0.9999999999995419, 'gamma': 0.22077611031871733, 'normalized_gamma': 0.18}
{'sample_size': 40, 'difference': 2, 'noise': 0, 'n': 8, 'shap_error': 0.0026115001645327955, 'shap_norm_sq': 10.12626530007953, 'weighted_error': 1.0624344569392081, 'gamma': 0.049488646999132496, 'normalized_gamma': 0.0049}
{'sample_size': 80, 'difference': 2, 'noise': 0, 'n': 8, 'shap_error': 0.0012591831395514653, 'shap_norm_sq': 10.12626530007953, 'weighted_error': 1.0301038594770284, 'gamma': 0.049488646999132496, 'normalized_gamma': 0.0049}
{'sample_size': 160, 'difference': 2, 'noise': 0, 'n': 8, 'shap_error': 0.0003199456175373129, 'shap_norm_sq': 10.12626530007953, 'weighted_error': 1.0076491611729086, 'gamma': 0.049488646999132496, 'normalized_gamma': 0.0049}
{'sample_size': 320, 'difference': -64, 'noise': 0, 'n': 8, 'shap_error': 9.399860773791279e-14, 'shap_norm_sq': 10.12626530007953, 'weighted_error': 0.9999999999984858, 'gamma': 0.049488646999132496, 'normalized_gamma': 0.0049}
{'sample_size': 640, 'difference': -384, 'noise': 0, 'n': 8, 'shap_error': 9.399860773791279e-14, 'shap_norm_sq': 10.12626530007953, 'weighted_error': 0.9999999999984858, 'gamma': 0.049488646999132496, 'normalized_gamma': 0.0049}
{'sample_size': 1280, 'difference': -1024, 'noise': 0, 'n': 8, 'shap_error': 9.399860773791279e-14, 'shap_norm_sq': 10.12626530007953, 'weighted_error': 0.9999999999984858, 'gamma': 0.049488646999132496, 'normalized_gamma': 0.0049}
{'sample_size': 40, 'difference': 2, 'noise': 0, 'n': 8, 'shap_error': 0.00048194013562399926, 'shap_norm_sq': 6.3030979223809105, 'weighted_error': 1.0118023427381926, 'gamma': 0.04413746605352431, 'normalized_gamma': 0.007}
{'sample_size': 80, 'difference': 2, 'noise': 0, 'n': 8, 'shap_error': 0.0001785378670747802, 'shap_norm_sq': 6.3030979223809105, 'weighted_error': 1.0043722489093607, 'gamma': 0.04413746605352431, 'normalized_gamma': 0.007}
{'sample_size': 160, 'difference': 2, 'noise': 0, 'n': 8, 'shap_error': 0.0001708149592371588, 'shap_norm_sq': 6.3030979223809105, 'weighted_error': 1.0041830909163563, 'gamma': 0.04413746605352431, 'normalized_gamma': 0.007}
{'sample_size': 320, 'difference': -64, 'noise': 0, 'n': 8, 'shap_error': 1.892708650038079e-14, 'shap_norm_sq': 6.3030979223809105, 'weighted_error': 0.9999999999996744, 'gamma': 0.04413746605352431, 'normalized_gamma': 0.007}
{'sample_size': 640, 'difference': -384, 'noise': 0, 'n': 8, 'shap_error': 1.892708650038079e-14, 'shap_norm_sq': 6.3030979223809105, 'weighted_error': 0.9999999999996744, 'gamma': 0.04413746605352431, 'normalized_gamma': 0.007}
{'sample_size': 1280, 'difference': -1024, 'noise': 0, 'n': 8, 'shap_error': 1.892708650038079e-14, 'shap_norm_sq': 6.3030979223809105, 'weighted_error': 0.9999999999996744, 'gamma': 0.04413746605352431, 'normalized_gamma': 0.007}
{'sample_size': 40, 'difference': 2, 'noise': 0, 'n': 8, 'shap_error': 0.0007940304360193202, 'shap_norm_sq': 5.106391727345954, 'weighted_error': 1.0025773689804816, 'gamma': 0.3147222201711393, 'normalized_gamma': 0.062}
{'sample_size': 80, 'difference': 2, 'noise': 0, 'n': 8, 'shap_error': 0.001094533756073308, 'shap_norm_sq': 5.106391727345954, 'weighted_error': 1.0035527809425173, 'gamma': 0.3147222201711393, 'normalized_gamma': 0.062}
{'sample_size': 160, 'difference': 2, 'noise': 0, 'n': 8, 'shap_error': 0.0014511136729708737, 'shap_norm_sq': 5.106391727345954, 'weighted_error': 1.0047102053473884, 'gamma': 0.3147222201711393, 'normalized_gamma': 0.062}
{'sample_size': 320, 'difference': -64, 'noise': 0, 'n': 8, 'shap_error': 3.141674624749366e-14, 'shap_norm_sq': 5.106391727345954, 'weighted_error': 0.9999999999999185, 'gamma': 0.3147222201711393, 'normalized_gamma': 0.062}
{'sample_size': 640, 'difference': -384, 'noise': 0, 'n': 8, 'shap_error': 3.141674624749366e-14, 'shap_norm_sq': 5.106391727345954, 'weighted_error': 0.9999999999999185, 'gamma': 0.3147222201711393, 'normalized_gamma': 0.062}
{'sample_size': 1280, 'difference': -1024, 'noise': 0, 'n': 8, 'shap_error': 3.141674624749366e-14, 'shap_norm_sq': 5.106391727345954, 'weighted_error': 0.9999999999999185, 'gamma': 0.3147222201711393, 'normalized_gamma': 0.062}
{'sample_size': 40, 'difference': 2, 'noise': 0, 'n': 8, 'shap_error': 0.0034705459393701166, 'shap_norm_sq': 5.619418845366897, 'weighted_error': 1.056759908689354, 'gamma': 0.06886788354448048, 'normalized_gamma': 0.012}
{'sample_size': 80, 'difference': 2, 'noise': 0, 'n': 8, 'shap_error': 0.0013326801440537485, 'shap_norm_sq': 5.619418845366897, 'weighted_error': 1.0217956375290798, 'gamma': 0.06886788354448048, 'normalized_gamma': 0.012}
{'sample_size': 160, 'difference': 2, 'noise': 0, 'n': 8, 'shap_error': 0.0003663522437667391, 'shap_norm_sq': 5.619418845366897, 'weighted_error': 1.005991666937704, 'gamma': 0.06886788354448048, 'normalized_gamma': 0.012}
{'sample_size': 320, 'difference': -64, 'noise': 0, 'n': 8, 'shap_error': 5.781881150866908e-14, 'shap_norm_sq': 5.619418845366897, 'weighted_error': 0.9999999999992057, 'gamma': 0.06886788354448048, 'normalized_gamma': 0.012}
{'sample_size': 640, 'difference': -384, 'noise': 0, 'n': 8, 'shap_error': 5.781881150866908e-14, 'shap_norm_sq': 5.619418845366897, 'weighted_error': 0.9999999999992057, 'gamma': 0.06886788354448048, 'normalized_gamma': 0.012}
{'sample_size': 1280, 'difference': -1024, 'noise': 0, 'n': 8, 'shap_error': 5.781881150866908e-14, 'shap_norm_sq': 5.619418845366897, 'weighted_error': 0.9999999999992057, 'gamma': 0.06886788354448048, 'normalized_gamma': 0.012}
{'sample_size': 40, 'difference': 2, 'noise': 0, 'n': 8, 'shap_error': 0.05937021098052097, 'shap_norm_sq': 7.755400723635039, 'weighted_error': 1.0986290544534345, 'gamma': 0.6020244392192597, 'normalized_gamma': 0.078}
{'sample_size': 80, 'difference': 2, 'noise': 0, 'n': 8, 'shap_error': 0.007606567913727501, 'shap_norm_sq': 7.755400723635039, 'weighted_error': 1.0126364393507152, 'gamma': 0.6020244392192597, 'normalized_gamma': 0.078}
{'sample_size': 160, 'difference': 2, 'noise': 0, 'n': 8, 'shap_error': 0.0008916508768152705, 'shap_norm_sq': 7.755400723635039, 'weighted_error': 1.00148126419046, 'gamma': 0.6020244392192597, 'normalized_gamma': 0.078}
{'sample_size': 320, 'difference': -64, 'noise': 0, 'n': 8, 'shap_error': 4.559539348417045e-14, 'shap_norm_sq': 7.755400723635039, 'weighted_error': 0.9999999999999336, 'gamma': 0.6020244392192597, 'normalized_gamma': 0.078}
{'sample_size': 640, 'difference': -384, 'noise': 0, 'n': 8, 'shap_error': 4.559539348417045e-14, 'shap_norm_sq': 7.755400723635039, 'weighted_error': 0.9999999999999336, 'gamma': 0.6020244392192597, 'normalized_gamma': 0.078}
{'sample_size': 1280, 'difference': -1024, 'noise': 0, 'n': 8, 'shap_error': 4.559539348417045e-14, 'shap_norm_sq': 7.755400723635039, 'weighted_error': 0.9999999999999336, 'gamma': 0.6020244392192597, 'normalized_gamma': 0.078}
{'sample_size': 40, 'difference': 2, 'noise': 0, 'n': 8, 'shap_error': 0.002384821249175713, 'shap_norm_sq': 5.347399201051035, 'weighted_error': 1.0247563186986048, 'gamma': 0.11569092194644015, 'normalized_gamma': 0.022}
{'sample_size': 80, 'difference': 2, 'noise': 0, 'n': 8, 'shap_error': 0.0006505673021315008, 'shap_norm_sq': 5.347399201051035, 'weighted_error': 1.006753439746424, 'gamma': 0.11569092194644015, 'normalized_gamma': 0.022}
{'sample_size': 160, 'difference': 2, 'noise': 0, 'n': 8, 'shap_error': 0.00030715501631869773, 'shap_norm_sq': 5.347399201051035, 'weighted_error': 1.0031884848270056, 'gamma': 0.11569092194644015, 'normalized_gamma': 0.022}
{'sample_size': 320, 'difference': -64, 'noise': 0, 'n': 8, 'shap_error': 1.3188877063073263e-13, 'shap_norm_sq': 5.347399201051035, 'weighted_error': 0.9999999999985401, 'gamma': 0.11569092194644015, 'normalized_gamma': 0.022}
{'sample_size': 640, 'difference': -384, 'noise': 0, 'n': 8, 'shap_error': 1.3188877063073263e-13, 'shap_norm_sq': 5.347399201051035, 'weighted_error': 0.9999999999985401, 'gamma': 0.11569092194644015, 'normalized_gamma': 0.022}
{'sample_size': 1280, 'difference': -1024, 'noise': 0, 'n': 8, 'shap_error': 1.3188877063073263e-13, 'shap_norm_sq': 5.347399201051035, 'weighted_error': 0.9999999999985401, 'gamma': 0.11569092194644015, 'normalized_gamma': 0.022}
{'sample_size': 40, 'difference': 2, 'noise': 0, 'n': 8, 'shap_error': 0.0023817644927409576, 'shap_norm_sq': 2.744736646059668, 'weighted_error': 1.0162362854307143, 'gamma': 0.15479578669204216, 'normalized_gamma': 0.056}
{'sample_size': 80, 'difference': 2, 'noise': 0, 'n': 8, 'shap_error': 0.0035121649309142653, 'shap_norm_sq': 2.744736646059668, 'weighted_error': 1.0239422756568515, 'gamma': 0.15479578669204216, 'normalized_gamma': 0.056}
{'sample_size': 160, 'difference': 2, 'noise': 0, 'n': 8, 'shap_error': 0.0006712390381576755, 'shap_norm_sq': 2.744736646059668, 'weighted_error': 1.0045757587123985, 'gamma': 0.15479578669204216, 'normalized_gamma': 0.056}
{'sample_size': 320, 'difference': -64, 'noise': 0, 'n': 8, 'shap_error': 1.8291248209411963e-13, 'shap_norm_sq': 2.744736646059668, 'weighted_error': 0.9999999999994488, 'gamma': 0.15479578669204216, 'normalized_gamma': 0.056}
{'sample_size': 640, 'difference': -384, 'noise': 0, 'n': 8, 'shap_error': 1.8291248209411963e-13, 'shap_norm_sq': 2.744736646059668, 'weighted_error': 0.9999999999994488, 'gamma': 0.15479578669204216, 'normalized_gamma': 0.056}
{'sample_size': 1280, 'difference': -1024, 'noise': 0, 'n': 8, 'shap_error': 1.8291248209411963e-13, 'shap_norm_sq': 2.744736646059668, 'weighted_error': 0.9999999999994488, 'gamma': 0.15479578669204216, 'normalized_gamma': 0.056}
{'sample_size': 40, 'difference': 2, 'noise': 0, 'n': 8, 'shap_error': 0.06674439833399419, 'shap_norm_sq': 2.0307413175651137, 'weighted_error': 1.099628943087402, 'gamma': 0.6792127556941269, 'normalized_gamma': 0.33}
{'sample_size': 80, 'difference': 2, 'noise': 0, 'n': 8, 'shap_error': 0.002783175376543617, 'shap_norm_sq': 2.0307413175651137, 'weighted_error': 1.0041544298877945, 'gamma': 0.6792127556941269, 'normalized_gamma': 0.33}
{'sample_size': 160, 'difference': 2, 'noise': 0, 'n': 8, 'shap_error': 0.002808380577828308, 'shap_norm_sq': 2.0307413175651137, 'weighted_error': 1.004192088054335, 'gamma': 0.6792127556941269, 'normalized_gamma': 0.33}
{'sample_size': 320, 'difference': -64, 'noise': 0, 'n': 8, 'shap_error': 1.1103144405507203e-13, 'shap_norm_sq': 2.0307413175651137, 'weighted_error': 0.99999999999986, 'gamma': 0.6792127556941269, 'normalized_gamma': 0.33}
{'sample_size': 640, 'difference': -384, 'noise': 0, 'n': 8, 'shap_error': 1.1103144405507203e-13, 'shap_norm_sq': 2.0307413175651137, 'weighted_error': 0.99999999999986, 'gamma': 0.6792127556941269, 'normalized_gamma': 0.33}
{'sample_size': 1280, 'difference': -1024, 'noise': 0, 'n': 8, 'shap_error': 1.1103144405507203e-13, 'shap_norm_sq': 2.0307413175651137, 'weighted_error': 0.99999999999986, 'gamma': 0.6792127556941269, 'normalized_gamma': 0.33}
{'sample_size': 40, 'difference': 2, 'noise': 0, 'n': 8, 'shap_error': 0.00994687360923541, 'shap_norm_sq': 6.855263381776049, 'weighted_error': 1.0643609030744923, 'gamma': 0.17764284043610115, 'normalized_gamma': 0.026}
{'sample_size': 80, 'difference': 2, 'noise': 0, 'n': 8, 'shap_error': 0.0032134713172308725, 'shap_norm_sq': 6.855263381776049, 'weighted_error': 1.02079249886679, 'gamma': 0.17764284043610115, 'normalized_gamma': 0.026}
{'sample_size': 160, 'difference': 2, 'noise': 0, 'n': 8, 'shap_error': 0.0005782667735970485, 'shap_norm_sq': 6.855263381776049, 'weighted_error': 1.003741684438037, 'gamma': 0.17764284043610115, 'normalized_gamma': 0.026}
{'sample_size': 320, 'difference': -64, 'noise': 0, 'n': 8, 'shap_error': 1.1485154711655087e-13, 'shap_norm_sq': 6.855263381776049, 'weighted_error': 0.9999999999992891, 'gamma': 0.17764284043610115, 'normalized_gamma': 0.026}
{'sample_size': 640, 'difference': -384, 'noise': 0, 'n': 8, 'shap_error': 1.1485154711655087e-13, 'shap_norm_sq': 6.855263381776049, 'weighted_error': 0.9999999999992891, 'gamma': 0.17764284043610115, 'normalized_gamma': 0.026}
{'sample_size': 1280, 'difference': -1024, 'noise': 0, 'n': 8, 'shap_error': 1.1485154711655087e-13, 'shap_norm_sq': 6.855263381776049, 'weighted_error': 0.9999999999992891, 'gamma': 0.17764284043610115, 'normalized_gamma': 0.026}
{'sample_size': 40, 'difference': 2, 'noise': 0, 'n': 8, 'shap_error': 0.001978837187837757, 'shap_norm_sq': 3.5795544687201337, 'weighted_error': 1.0451313669033289, 'gamma': 0.05750920794000576, 'normalized_gamma': 0.016}
{'sample_size': 80, 'difference': 2, 'noise': 0, 'n': 8, 'shap_error': 0.00026702920169612525, 'shap_norm_sq': 3.5795544687201337, 'weighted_error': 1.0060902517071866, 'gamma': 0.05750920794000576, 'normalized_gamma': 0.016}
{'sample_size': 160, 'difference': 2, 'noise': 0, 'n': 8, 'shap_error': 0.00013408923404083312, 'shap_norm_sq': 3.5795544687201337, 'weighted_error': 1.0030582135713837, 'gamma': 0.05750920794000576, 'normalized_gamma': 0.016}
{'sample_size': 320, 'difference': -64, 'noise': 0, 'n': 8, 'shap_error': 4.57934105841968e-14, 'shap_norm_sq': 3.5795544687201337, 'weighted_error': 0.999999999999089, 'gamma': 0.05750920794000576, 'normalized_gamma': 0.016}
{'sample_size': 640, 'difference': -384, 'noise': 0, 'n': 8, 'shap_error': 4.57934105841968e-14, 'shap_norm_sq': 3.5795544687201337, 'weighted_error': 0.999999999999089, 'gamma': 0.05750920794000576, 'normalized_gamma': 0.016}
{'sample_size': 1280, 'difference': -1024, 'noise': 0, 'n': 8, 'shap_error': 4.57934105841968e-14, 'shap_norm_sq': 3.5795544687201337, 'weighted_error': 0.999999999999089, 'gamma': 0.05750920794000576, 'normalized_gamma': 0.016}
{'sample_size': 40, 'difference': 2, 'noise': 0, 'n': 8, 'shap_error': 0.001040202488071408, 'shap_norm_sq': 5.480851698417519, 'weighted_error': 1.0373777008728067, 'gamma': 0.03481653555846463, 'normalized_gamma': 0.0064}
{'sample_size': 80, 'difference': 2, 'noise': 0, 'n': 8, 'shap_error': 0.0013506929065755225, 'shap_norm_sq': 5.480851698417519, 'weighted_error': 1.0485350148664376, 'gamma': 0.03481653555846463, 'normalized_gamma': 0.0064}
{'sample_size': 160, 'difference': 2, 'noise': 0, 'n': 8, 'shap_error': 0.00014417813487737288, 'shap_norm_sq': 5.480851698417519, 'weighted_error': 1.0051805173526396, 'gamma': 0.03481653555846463, 'normalized_gamma': 0.0064}
{'sample_size': 320, 'difference': -64, 'noise': 0, 'n': 8, 'shap_error': 2.0794119269232794e-13, 'shap_norm_sq': 5.480851698417519, 'weighted_error': 0.999999999992291, 'gamma': 0.03481653555846463, 'normalized_gamma': 0.0064}
{'sample_size': 640, 'difference': -384, 'noise': 0, 'n': 8, 'shap_error': 2.0794119269232794e-13, 'shap_norm_sq': 5.480851698417519, 'weighted_error': 0.999999999992291, 'gamma': 0.03481653555846463, 'normalized_gamma': 0.0064}
{'sample_size': 1280, 'difference': -1024, 'noise': 0, 'n': 8, 'shap_error': 2.0794119269232794e-13, 'shap_norm_sq': 5.480851698417519, 'weighted_error': 0.999999999992291, 'gamma': 0.03481653555846463, 'normalized_gamma': 0.0064}
{'sample_size': 40, 'difference': 2, 'noise': 0, 'n': 8, 'shap_error': 0.0057315282518666, 'shap_norm_sq': 5.15142839591321, 'weighted_error': 1.0117435384042925, 'gamma': 0.4900755469057405, 'normalized_gamma': 0.095}
{'sample_size': 80, 'difference': 2, 'noise': 0, 'n': 8, 'shap_error': 0.008106701554553857, 'shap_norm_sq': 5.15142839591321, 'weighted_error': 1.016610103545274, 'gamma': 0.4900755469057405, 'normalized_gamma': 0.095}
{'sample_size': 160, 'difference': 2, 'noise': 0, 'n': 8, 'shap_error': 0.0007442190524233148, 'shap_norm_sq': 5.15142839591321, 'weighted_error': 1.0015248581321916, 'gamma': 0.4900755469057405, 'normalized_gamma': 0.095}
{'sample_size': 320, 'difference': -64, 'noise': 0, 'n': 8, 'shap_error': 1.4551920107429675e-14, 'shap_norm_sq': 5.15142839591321, 'weighted_error': 0.9999999999999779, 'gamma': 0.4900755469057405, 'normalized_gamma': 0.095}
{'sample_size': 640, 'difference': -384, 'noise': 0, 'n': 8, 'shap_error': 1.4551920107429675e-14, 'shap_norm_sq': 5.15142839591321, 'weighted_error': 0.9999999999999779, 'gamma': 0.4900755469057405, 'normalized_gamma': 0.095}
{'sample_size': 1280, 'difference': -1024, 'noise': 0, 'n': 8, 'shap_error': 1.4551920107429675e-14, 'shap_norm_sq': 5.15142839591321, 'weighted_error': 0.9999999999999779, 'gamma': 0.4900755469057405, 'normalized_gamma': 0.095}
{'sample_size': 40, 'difference': 2, 'noise': 0, 'n': 8, 'shap_error': 0.0004328087981679732, 'shap_norm_sq': 0.057351712471646436, 'weighted_error': 1.0131212835844619, 'gamma': 0.04509692469129101, 'normalized_gamma': 0.79}
{'sample_size': 80, 'difference': 2, 'noise': 0, 'n': 8, 'shap_error': 0.0004669124608250572, 'shap_norm_sq': 0.057351712471646436, 'weighted_error': 1.0141561972363213, 'gamma': 0.04509692469129101, 'normalized_gamma': 0.79}
{'sample_size': 160, 'difference': 2, 'noise': 0, 'n': 8, 'shap_error': 0.0001337627634838935, 'shap_norm_sq': 0.057351712471646436, 'weighted_error': 1.004055633687212, 'gamma': 0.04509692469129101, 'normalized_gamma': 0.79}
{'sample_size': 320, 'difference': -64, 'noise': 0, 'n': 8, 'shap_error': 1.7959288450475963e-12, 'shap_norm_sq': 0.057351712471646436, 'weighted_error': 0.9999999999477347, 'gamma': 0.04509692469129101, 'normalized_gamma': 0.79}
{'sample_size': 640, 'difference': -384, 'noise': 0, 'n': 8, 'shap_error': 1.7959288450475963e-12, 'shap_norm_sq': 0.057351712471646436, 'weighted_error': 0.9999999999477347, 'gamma': 0.04509692469129101, 'normalized_gamma': 0.79}
{'sample_size': 1280, 'difference': -1024, 'noise': 0, 'n': 8, 'shap_error': 1.7959288450475963e-12, 'shap_norm_sq': 0.057351712471646436, 'weighted_error': 0.9999999999477347, 'gamma': 0.04509692469129101, 'normalized_gamma': 0.79}
{'sample_size': 80, 'difference': 2, 'noise': 0.0005, 'n': 8, 'shap_error': 0.0064864646271020655, 'shap_norm_sq': 11.283093307712885, 'weighted_error': 1.0106059650491512, 'gamma': 0.6123904208048552, 'normalized_gamma': 0.054}
{'sample_size': 80, 'difference': 2, 'noise': 0.001, 'n': 8, 'shap_error': 0.0064900835698857625, 'shap_norm_sq': 11.283093307712885, 'weighted_error': 1.0106118731884723, 'gamma': 0.6123904208048552, 'normalized_gamma': 0.054}
{'sample_size': 80, 'difference': 2, 'noise': 0.005, 'n': 8, 'shap_error': 0.006521529945710039, 'shap_norm_sq': 11.283093307712885, 'weighted_error': 1.0106629983404105, 'gamma': 0.6123904208048552, 'normalized_gamma': 0.054}
{'sample_size': 80, 'difference': 2, 'noise': 0.01, 'n': 8, 'shap_error': 0.006567074999377235, 'shap_norm_sq': 11.283093307712885, 'weighted_error': 1.0107365548737601, 'gamma': 0.6123904208048552, 'normalized_gamma': 0.054}
{'sample_size': 80, 'difference': 2, 'noise': 0.05, 'n': 8, 'shap_error': 0.007180918784187634, 'shap_norm_sq': 11.283093307712885, 'weighted_error': 1.0117110108776222, 'gamma': 0.6123904208048552, 'normalized_gamma': 0.054}
{'sample_size': 80, 'difference': 2, 'noise': 0.1, 'n': 8, 'shap_error': 0.008571931903882892, 'shap_norm_sq': 11.283093307712885, 'weighted_error': 1.0138940902251126, 'gamma': 0.6123904208048552, 'normalized_gamma': 0.054}
{'sample_size': 80, 'difference': 2, 'noise': 0.5, 'n': 8, 'shap_error': 0.04464837240873466, 'shap_norm_sq': 11.283093307712885, 'weighted_error': 1.0699590987115546, 'gamma': 0.6123904208048552, 'normalized_gamma': 0.054}
{'sample_size': 80, 'difference': 2, 'noise': 1, 'n': 8, 'shap_error': 0.1521147619080237, 'shap_norm_sq': 11.283093307712885, 'weighted_error': 1.2365412935858997, 'gamma': 0.6123904208048552, 'normalized_gamma': 0.054}
{'sample_size': 80, 'difference': 2, 'noise': 0.0005, 'n': 8, 'shap_error': 0.001681238021792271, 'shap_norm_sq': 7.853769710632695, 'weighted_error': 1.006312851371857, 'gamma': 0.27687006203218667, 'normalized_gamma': 0.035}
{'sample_size': 80, 'difference': 2, 'noise': 0.001, 'n': 8, 'shap_error': 0.0016859249202157477, 'shap_norm_sq': 7.853769710632695, 'weighted_error': 1.006330139993089, 'gamma': 0.27687006203218667, 'normalized_gamma': 0.035}
{'sample_size': 80, 'difference': 2, 'noise': 0.005, 'n': 8, 'shap_error': 0.0017265343097539578, 'shap_norm_sq': 7.853769710632695, 'weighted_error': 1.0064726932200134, 'gamma': 0.27687006203218667, 'normalized_gamma': 0.035}
{'sample_size': 80, 'difference': 2, 'noise': 0.01, 'n': 8, 'shap_error': 0.001785081552052403, 'shap_norm_sq': 7.853769710632695, 'weighted_error': 1.0066614953963422, 'gamma': 0.27687006203218667, 'normalized_gamma': 0.035}
{'sample_size': 80, 'difference': 2, 'noise': 0.05, 'n': 8, 'shap_error': 0.0025648797054682922, 'shap_norm_sq': 7.853769710632695, 'weighted_error': 1.0085963385139063, 'gamma': 0.27687006203218667, 'normalized_gamma': 0.035}
{'sample_size': 80, 'difference': 2, 'noise': 0.1, 'n': 8, 'shap_error': 0.004318177934808255, 'shap_norm_sq': 7.853769710632695, 'weighted_error': 1.0120759566781934, 'gamma': 0.27687006203218667, 'normalized_gamma': 0.035}
{'sample_size': 80, 'difference': 2, 'noise': 0.5, 'n': 8, 'shap_error': 0.049486585272336375, 'shap_norm_sq': 7.853769710632695, 'weighted_error': 1.0823554726857672, 'gamma': 0.27687006203218667, 'normalized_gamma': 0.035}
{'sample_size': 80, 'difference': 2, 'noise': 1, 'n': 8, 'shap_error': 0.18380214820126634, 'shap_norm_sq': 7.853769710632695, 'weighted_error': 1.2763112944284254, 'gamma': 0.27687006203218667, 'normalized_gamma': 0.035}
{'sample_size': 80, 'difference': 2, 'noise': 0.0005, 'n': 8, 'shap_error': 0.0035363733504823846, 'shap_norm_sq': 4.301001218039636, 'weighted_error': 1.0185162531642507, 'gamma': 0.21310517330219672, 'normalized_gamma': 0.05}
{'sample_size': 80, 'difference': 2, 'noise': 0.001, 'n': 8, 'shap_error': 0.0035356538790800975, 'shap_norm_sq': 4.301001218039636, 'weighted_error': 1.0185123305446526, 'gamma': 0.21310517330219672, 'normalized_gamma': 0.05}
{'sample_size': 80, 'difference': 2, 'noise': 0.005, 'n': 8, 'shap_error': 0.00353154372747364, 'shap_norm_sq': 4.301001218039636, 'weighted_error': 1.018485833306965, 'gamma': 0.21310517330219672, 'normalized_gamma': 0.05}
{'sample_size': 80, 'difference': 2, 'noise': 0.01, 'n': 8, 'shap_error': 0.003530520086994736, 'shap_norm_sq': 4.301001218039636, 'weighted_error': 1.018464921057596, 'gamma': 0.21310517330219672, 'normalized_gamma': 0.05}
{'sample_size': 80, 'difference': 2, 'noise': 0.05, 'n': 8, 'shap_error': 0.0036868929243308807, 'shap_norm_sq': 4.301001218039636, 'weighted_error': 1.018785994972268, 'gamma': 0.21310517330219672, 'normalized_gamma': 0.05}
{'sample_size': 80, 'difference': 2, 'noise': 0.1, 'n': 8, 'shap_error': 0.004293763873919579, 'shap_norm_sq': 4.301001218039636, 'weighted_error': 1.0204082671396695, 'gamma': 0.21310517330219672, 'normalized_gamma': 0.05}
{'sample_size': 80, 'difference': 2, 'noise': 0.5, 'n': 8, 'shap_error': 0.02560492758736838, 'shap_norm_sq': 4.301001218039636, 'weighted_error': 1.0822236354413295, 'gamma': 0.21310517330219672, 'normalized_gamma': 0.05}
{'sample_size': 80, 'difference': 2, 'noise': 1, 'n': 8, 'shap_error': 0.0933843725210277, 'shap_norm_sq': 4.301001218039636, 'weighted_error': 1.2815858232245272, 'gamma': 0.21310517330219672, 'normalized_gamma': 0.05}
{'sample_size': 80, 'difference': 2, 'noise': 0.0005, 'n': 8, 'shap_error': 0.0009580172541162313, 'shap_norm_sq': 3.465094408658432, 'weighted_error': 1.0049064278382298, 'gamma': 0.21314589357286004, 'normalized_gamma': 0.062}
{'sample_size': 80, 'difference': 2, 'noise': 0.001, 'n': 8, 'shap_error': 0.0009571479226117447, 'shap_norm_sq': 3.465094408658432, 'weighted_error': 1.0049015661473941, 'gamma': 0.21314589357286004, 'normalized_gamma': 0.062}
{'sample_size': 80, 'difference': 2, 'noise': 0.005, 'n': 8, 'shap_error': 0.0009551645243442993, 'shap_norm_sq': 3.465094408658432, 'weighted_error': 1.0048783171945053, 'gamma': 0.21314589357286004, 'normalized_gamma': 0.062}
{'sample_size': 80, 'difference': 2, 'noise': 0.01, 'n': 8, 'shap_error': 0.0009651134109310762, 'shap_norm_sq': 3.465094408658432, 'weighted_error': 1.0048883674378826, 'gamma': 0.21314589357286004, 'normalized_gamma': 0.062}
{'sample_size': 80, 'difference': 2, 'noise': 0.05, 'n': 8, 'shap_error': 0.001541829880468907, 'shap_norm_sq': 3.465094408658432, 'weighted_error': 1.006533226764451, 'gamma': 0.21314589357286004, 'normalized_gamma': 0.062}
{'sample_size': 80, 'difference': 2, 'noise': 0.1, 'n': 8, 'shap_error': 0.0035055389095002385, 'shap_norm_sq': 3.465094408658432, 'weighted_error': 1.012500444371533, 'gamma': 0.21314589357286004, 'normalized_gamma': 0.062}
{'sample_size': 80, 'difference': 2, 'noise': 0.5, 'n': 8, 'shap_error': 0.06892774882611237, 'shap_norm_sq': 3.465094408658432, 'weighted_error': 1.2166839231830735, 'gamma': 0.21314589357286004, 'normalized_gamma': 0.062}
{'sample_size': 80, 'difference': 2, 'noise': 1, 'n': 8, 'shap_error': 0.2749868554327812, 'shap_norm_sq': 3.465094408658432, 'weighted_error': 1.8630276165847026, 'gamma': 0.21314589357286004, 'normalized_gamma': 0.062}
{'sample_size': 80, 'difference': 2, 'noise': 0.0005, 'n': 8, 'shap_error': 0.0007981824038030978, 'shap_norm_sq': 6.931122240463873, 'weighted_error': 1.0088769317228867, 'gamma': 0.10740776854379447, 'normalized_gamma': 0.015}
{'sample_size': 80, 'difference': 2, 'noise': 0.001, 'n': 8, 'shap_error': 0.0007983636533070315, 'shap_norm_sq': 6.931122240463873, 'weighted_error': 1.0088788282661416, 'gamma': 0.10740776854379447, 'normalized_gamma': 0.015}
{'sample_size': 80, 'difference': 2, 'noise': 0.005, 'n': 8, 'shap_error': 0.0008013464321179605, 'shap_norm_sq': 6.931122240463873, 'weighted_error': 1.0089081750811657, 'gamma': 0.10740776854379447, 'normalized_gamma': 0.015}
{'sample_size': 80, 'difference': 2, 'noise': 0.01, 'n': 8, 'shap_error': 0.0008089068625802781, 'shap_norm_sq': 6.931122240463873, 'weighted_error': 1.0089802947724045, 'gamma': 0.10740776854379447, 'normalized_gamma': 0.015}
{'sample_size': 80, 'difference': 2, 'noise': 0.05, 'n': 8, 'shap_error': 0.0010226685842245457, 'shap_norm_sq': 6.931122240463873, 'weighted_error': 1.0109746992006572, 'gamma': 0.10740776854379447, 'normalized_gamma': 0.015}
{'sample_size': 80, 'difference': 2, 'noise': 0.1, 'n': 8, 'shap_error': 0.0016730664311444782, 'shap_norm_sq': 6.931122240463873, 'weighted_error': 1.0170113219818326, 'gamma': 0.10740776854379447, 'normalized_gamma': 0.015}
{'sample_size': 80, 'difference': 2, 'noise': 0.5, 'n': 8, 'shap_error': 0.022204077001088448, 'shap_norm_sq': 6.931122240463873, 'weighted_error': 1.2070489940656248, 'gamma': 0.10740776854379447, 'normalized_gamma': 0.015}
{'sample_size': 80, 'difference': 2, 'noise': 1, 'n': 8, 'shap_error': 0.08618740969997925, 'shap_norm_sq': 6.931122240463873, 'weighted_error': 1.7989578087563332, 'gamma': 0.10740776854379447, 'normalized_gamma': 0.015}
{'sample_size': 80, 'difference': 2, 'noise': 0.0005, 'n': 8, 'shap_error': 0.0008027248356621187, 'shap_norm_sq': 0.22582548026109683, 'weighted_error': 1.003423120635811, 'gamma': 0.2596922338091845, 'normalized_gamma': 1.1}
{'sample_size': 80, 'difference': 2, 'noise': 0.001, 'n': 8, 'shap_error': 0.0008177082598728857, 'shap_norm_sq': 0.22582548026109683, 'weighted_error': 1.0034862599378618, 'gamma': 0.2596922338091845, 'normalized_gamma': 1.1}
{'sample_size': 80, 'difference': 2, 'noise': 0.005, 'n': 8, 'shap_error': 0.0009728851914956726, 'shap_norm_sq': 0.22582548026109683, 'weighted_error': 1.004123780519843, 'gamma': 0.2596922338091845, 'normalized_gamma': 1.1}
{'sample_size': 80, 'difference': 2, 'noise': 0.01, 'n': 8, 'shap_error': 0.0012551302008657862, 'shap_norm_sq': 0.22582548026109683, 'weighted_error': 1.0052516966612608, 'gamma': 0.2596922338091845, 'normalized_gamma': 1.1}
{'sample_size': 80, 'difference': 2, 'noise': 0.05, 'n': 8, 'shap_error': 0.007044044069491655, 'shap_norm_sq': 0.22582548026109683, 'weighted_error': 1.0275156423502239, 'gamma': 0.2596922338091845, 'normalized_gamma': 1.1}
{'sample_size': 80, 'difference': 2, 'noise': 0.1, 'n': 8, 'shap_error': 0.02310757088943647, 'shap_norm_sq': 0.22582548026109683, 'weighted_error': 1.0884471158554847, 'gamma': 0.2596922338091845, 'normalized_gamma': 1.1}
{'sample_size': 80, 'difference': 2, 'noise': 0.5, 'n': 8, 'shap_error': 0.5047111648154919, 'shap_norm_sq': 0.22582548026109683, 'weighted_error': 2.899960559659837, 'gamma': 0.2596922338091845, 'normalized_gamma': 1.1}
{'sample_size': 80, 'difference': 2, 'noise': 1, 'n': 8, 'shap_error': 1.9894541056393038, 'shap_norm_sq': 0.22582548026109683, 'weighted_error': 8.474506503820946, 'gamma': 0.2596922338091845, 'normalized_gamma': 1.1}
{'sample_size': 80, 'difference': 2, 'noise': 0.0005, 'n': 8, 'shap_error': 0.0008633623881251811, 'shap_norm_sq': 12.492635981112347, 'weighted_error': 1.0021347539205105, 'gamma': 0.40703596479803245, 'normalized_gamma': 0.033}
{'sample_size': 80, 'difference': 2, 'noise': 0.001, 'n': 8, 'shap_error': 0.0008641109016760386, 'shap_norm_sq': 12.492635981112347, 'weighted_error': 1.0021365734050847, 'gamma': 0.40703596479803245, 'normalized_gamma': 0.033}
{'sample_size': 80, 'difference': 2, 'noise': 0.005, 'n': 8, 'shap_error': 0.0008709586693910372, 'shap_norm_sq': 12.492635981112347, 'weighted_error': 1.002152501406115, 'gamma': 0.40703596479803245, 'normalized_gamma': 0.033}
{'sample_size': 80, 'difference': 2, 'noise': 0.01, 'n': 8, 'shap_error': 0.0008816675273053326, 'shap_norm_sq': 12.492635981112347, 'weighted_error': 1.0021758417184914, 'gamma': 0.40703596479803245, 'normalized_gamma': 0.033}
{'sample_size': 80, 'difference': 2, 'noise': 0.05, 'n': 8, 'shap_error': 0.0010533043214416725, 'shap_norm_sq': 12.492635981112347, 'weighted_error': 1.002499776661044, 'gamma': 0.40703596479803245, 'normalized_gamma': 0.033}
{'sample_size': 80, 'difference': 2, 'noise': 0.1, 'n': 8, 'shap_error': 0.0014827651411669718, 'shap_norm_sq': 12.492635981112347, 'weighted_error': 1.0032477264480884, 'gamma': 0.40703596479803245, 'normalized_gamma': 0.033}
{'sample_size': 80, 'difference': 2, 'noise': 0.5, 'n': 8, 'shap_error': 0.013515044781162779, 'shap_norm_sq': 12.492635981112347, 'weighted_error': 1.0229525690985937, 'gamma': 0.40703596479803245, 'normalized_gamma': 0.033}
{'sample_size': 80, 'difference': 2, 'noise': 1, 'n': 8, 'shap_error': 0.050046877036641464, 'shap_norm_sq': 12.492635981112347, 'weighted_error': 1.0818867332971003, 'gamma': 0.40703596479803245, 'normalized_gamma': 0.033}
{'sample_size': 80, 'difference': 2, 'noise': 0.0005, 'n': 8, 'shap_error': 0.0005775026815666204, 'shap_norm_sq': 5.389242494544203, 'weighted_error': 1.0068628268755382, 'gamma': 0.09098427926138603, 'normalized_gamma': 0.017}
{'sample_size': 80, 'difference': 2, 'noise': 0.001, 'n': 8, 'shap_error': 0.0005717337612037221, 'shap_norm_sq': 5.389242494544203, 'weighted_error': 1.0067933068384152, 'gamma': 0.09098427926138603, 'normalized_gamma': 0.017}
{'sample_size': 80, 'difference': 2, 'noise': 0.005, 'n': 8, 'shap_error': 0.0005301533355154768, 'shap_norm_sq': 5.389242494544203, 'weighted_error': 1.0062683962493477, 'gamma': 0.09098427926138603, 'normalized_gamma': 0.017}
{'sample_size': 80, 'difference': 2, 'noise': 0.01, 'n': 8, 'shap_error': 0.0004896051464425008, 'shap_norm_sq': 5.389242494544203, 'weighted_error': 1.00569038228281, 'gamma': 0.09098427926138603, 'normalized_gamma': 0.017}
{'sample_size': 80, 'difference': 2, 'noise': 0.05, 'n': 8, 'shap_error': 0.0006223133553519456, 'shap_norm_sq': 5.389242494544203, 'weighted_error': 1.004191241342381, 'gamma': 0.09098427926138603, 'normalized_gamma': 0.017}
{'sample_size': 80, 'difference': 2, 'noise': 0.1, 'n': 8, 'shap_error': 0.0019309329202218902, 'shap_norm_sq': 5.389242494544203, 'weighted_error': 1.0101297421465256, 'gamma': 0.09098427926138603, 'normalized_gamma': 0.017}
{'sample_size': 80, 'difference': 2, 'noise': 0.5, 'n': 8, 'shap_error': 0.05810926158850711, 'shap_norm_sq': 5.389242494544203, 'weighted_error': 1.3701348277669034, 'gamma': 0.09098427926138603, 'normalized_gamma': 0.017}
{'sample_size': 80, 'difference': 2, 'noise': 1, 'n': 8, 'shap_error': 0.24260560279717758, 'shap_norm_sq': 5.389242494544203, 'weighted_error': 2.6013838827604303, 'gamma': 0.09098427926138603, 'normalized_gamma': 0.017}
{'sample_size': 80, 'difference': 2, 'noise': 0.0005, 'n': 8, 'shap_error': 0.00044366706795244583, 'shap_norm_sq': 7.136045619510271, 'weighted_error': 1.022835420490212, 'gamma': 0.0270782626283082, 'normalized_gamma': 0.0038}
{'sample_size': 80, 'difference': 2, 'noise': 0.001, 'n': 8, 'shap_error': 0.000437249354495036, 'shap_norm_sq': 7.136045619510271, 'weighted_error': 1.0225036272300767, 'gamma': 0.0270782626283082, 'normalized_gamma': 0.0038}
{'sample_size': 80, 'difference': 2, 'noise': 0.005, 'n': 8, 'shap_error': 0.0003892416086855644, 'shap_norm_sq': 7.136045619510271, 'weighted_error': 1.0199856584925537, 'gamma': 0.0270782626283082, 'normalized_gamma': 0.0038}
{'sample_size': 80, 'difference': 2, 'noise': 0.01, 'n': 8, 'shap_error': 0.00033756683104878645, 'shap_norm_sq': 7.136045619510271, 'weighted_error': 1.0171791409295683, 'gamma': 0.0270782626283082, 'normalized_gamma': 0.0038}
{'sample_size': 80, 'difference': 2, 'noise': 0.05, 'n': 8, 'shap_error': 0.000257564794956819, 'shap_norm_sq': 7.136045619510271, 'weighted_error': 1.0083647347824043, 'gamma': 0.0270782626283082, 'normalized_gamma': 0.0038}
{'sample_size': 80, 'difference': 2, 'noise': 0.1, 'n': 8, 'shap_error': 0.0009910527123474443, 'shap_norm_sq': 7.136045619510271, 'weighted_error': 1.0314410629902515, 'gamma': 0.0270782626283082, 'normalized_gamma': 0.0038}
{'sample_size': 80, 'difference': 2, 'noise': 0.5, 'n': 8, 'shap_error': 0.040198574551695156, 'shap_norm_sq': 7.136045619510271, 'weighted_error': 2.579825124325047, 'gamma': 0.0270782626283082, 'normalized_gamma': 0.0038}
{'sample_size': 80, 'difference': 2, 'noise': 1, 'n': 8, 'shap_error': 0.17255702310143686, 'shap_norm_sq': 7.136045619510271, 'weighted_error': 7.924738790173605, 'gamma': 0.0270782626283082, 'normalized_gamma': 0.0038}
{'sample_size': 80, 'difference': 2, 'noise': 0.0005, 'n': 8, 'shap_error': 0.0007655399441038614, 'shap_norm_sq': 5.0266752698027695, 'weighted_error': 1.0042931149825176, 'gamma': 0.18838844683799302, 'normalized_gamma': 0.037}
{'sample_size': 80, 'difference': 2, 'noise': 0.001, 'n': 8, 'shap_error': 0.0007683536627204257, 'shap_norm_sq': 5.0266752698027695, 'weighted_error': 1.0043088656120096, 'gamma': 0.18838844683799302, 'normalized_gamma': 0.037}
{'sample_size': 80, 'difference': 2, 'noise': 0.005, 'n': 8, 'shap_error': 0.0007928353542491534, 'shap_norm_sq': 5.0266752698027695, 'weighted_error': 1.0044452393077992, 'gamma': 0.18838844683799302, 'normalized_gamma': 0.037}
{'sample_size': 80, 'difference': 2, 'noise': 0.01, 'n': 8, 'shap_error': 0.0008283673251505112, 'shap_norm_sq': 5.0266752698027695, 'weighted_error': 1.0046416280771684, 'gamma': 0.18838844683799302, 'normalized_gamma': 0.037}
{'sample_size': 80, 'difference': 2, 'noise': 0.05, 'n': 8, 'shap_error': 0.001309817351979356, 'shap_norm_sq': 5.0266752698027695, 'weighted_error': 1.007249604217398, 'gamma': 0.18838844683799302, 'normalized_gamma': 0.037}
{'sample_size': 80, 'difference': 2, 'noise': 0.1, 'n': 8, 'shap_error': 0.0024046155345603137, 'shap_norm_sq': 5.0266752698027695, 'weighted_error': 1.0131017393558726, 'gamma': 0.18838844683799302, 'normalized_gamma': 0.037}
{'sample_size': 80, 'difference': 2, 'noise': 0.5, 'n': 8, 'shap_error': 0.03088242695700488, 'shap_norm_sq': 5.0266752698027695, 'weighted_error': 1.1636054189911966, 'gamma': 0.18838844683799302, 'normalized_gamma': 0.037}
{'sample_size': 80, 'difference': 2, 'noise': 1, 'n': 8, 'shap_error': 0.11577825613955255, 'shap_norm_sq': 5.0266752698027695, 'weighted_error': 1.6109515148541669, 'gamma': 0.18838844683799302, 'normalized_gamma': 0.037}
{'sample_size': 80, 'difference': 2, 'noise': 0.0005, 'n': 8, 'shap_error': 0.003543160426234973, 'shap_norm_sq': 0.4866434826863054, 'weighted_error': 1.0224556017588653, 'gamma': 0.158979788301443, 'normalized_gamma': 0.33}
{'sample_size': 80, 'difference': 2, 'noise': 0.001, 'n': 8, 'shap_error': 0.0035745306517702444, 'shap_norm_sq': 0.4866434826863054, 'weighted_error': 1.022650673947101, 'gamma': 0.158979788301443, 'normalized_gamma': 0.33}
{'sample_size': 80, 'difference': 2, 'noise': 0.005, 'n': 8, 'shap_error': 0.0038677143119987, 'shap_norm_sq': 0.4866434826863054, 'weighted_error': 1.0243887824008946, 'gamma': 0.158979788301443, 'normalized_gamma': 0.33}
{'sample_size': 80, 'difference': 2, 'noise': 0.01, 'n': 8, 'shap_error': 0.0043397485271498846, 'shap_norm_sq': 0.4866434826863054, 'weighted_error': 1.0270052453379015, 'gamma': 0.158979788301443, 'normalized_gamma': 0.33}
{'sample_size': 80, 'difference': 2, 'noise': 0.05, 'n': 8, 'shap_error': 0.012338207842984629, 'shap_norm_sq': 0.4866434826863054, 'weighted_error': 1.065690043624548, 'gamma': 0.158979788301443, 'normalized_gamma': 0.33}
{'sample_size': 80, 'difference': 2, 'noise': 0.1, 'n': 8, 'shap_error': 0.032891745974341094, 'shap_norm_sq': 0.4866434826863054, 'weighted_error': 1.1584287784593341, 'gamma': 0.158979788301443, 'normalized_gamma': 0.33}
{'sample_size': 80, 'difference': 2, 'noise': 0.5, 'n': 8, 'shap_error': 0.6195386104877159, 'shap_norm_sq': 0.4866434826863054, 'weighted_error': 3.675648136196765, 'gamma': 0.158979788301443, 'normalized_gamma': 0.33}
{'sample_size': 80, 'difference': 2, 'noise': 1, 'n': 8, 'shap_error': 2.4083935897857423, 'shap_norm_sq': 0.4866434826863054, 'weighted_error': 11.260446031016407, 'gamma': 0.158979788301443, 'normalized_gamma': 0.33}
{'sample_size': 80, 'difference': 2, 'noise': 0.0005, 'n': 8, 'shap_error': 0.000557050252708716, 'shap_norm_sq': 7.517264471443485, 'weighted_error': 1.0201670249704449, 'gamma': 0.03284713156495005, 'normalized_gamma': 0.0044}
{'sample_size': 80, 'difference': 2, 'noise': 0.001, 'n': 8, 'shap_error': 0.0005542086558977758, 'shap_norm_sq': 7.517264471443485, 'weighted_error': 1.0200639043935538, 'gamma': 0.03284713156495005, 'normalized_gamma': 0.0044}
{'sample_size': 80, 'difference': 2, 'noise': 0.005, 'n': 8, 'shap_error': 0.0005345966920925195, 'shap_norm_sq': 7.517264471443485, 'weighted_error': 1.0193460617069092, 'gamma': 0.03284713156495005, 'normalized_gamma': 0.0044}
{'sample_size': 80, 'difference': 2, 'noise': 0.01, 'n': 8, 'shap_error': 0.0005178837640417004, 'shap_norm_sq': 7.517264471443485, 'weighted_error': 1.0187165631698172, 'gamma': 0.03284713156495005, 'normalized_gamma': 0.0044}
{'sample_size': 80, 'difference': 2, 'noise': 0.05, 'n': 8, 'shap_error': 0.0006962614078654704, 'shap_norm_sq': 7.517264471443485, 'weighted_error': 1.0243927677216182, 'gamma': 0.03284713156495005, 'normalized_gamma': 0.0044}
{'sample_size': 80, 'difference': 2, 'noise': 0.1, 'n': 8, 'shap_error': 0.0016994361332208561, 'shap_norm_sq': 7.517264471443485, 'weighted_error': 1.0582685055327126, 'gamma': 0.03284713156495005, 'normalized_gamma': 0.0044}
{'sample_size': 80, 'difference': 2, 'noise': 0.5, 'n': 8, 'shap_error': 0.04093294075909137, 'shap_norm_sq': 7.517264471443485, 'weighted_error': 2.400493692875193, 'gamma': 0.03284713156495005, 'normalized_gamma': 0.0044}
{'sample_size': 80, 'difference': 2, 'noise': 1, 'n': 8, 'shap_error': 0.16799508859899792, 'shap_norm_sq': 7.517264471443485, 'weighted_error': 6.756323389187605, 'gamma': 0.03284713156495005, 'normalized_gamma': 0.0044}
{'sample_size': 80, 'difference': 2, 'noise': 0.0005, 'n': 8, 'shap_error': 0.0011918027048895034, 'shap_norm_sq': 0.8028128452798684, 'weighted_error': 1.004729398559875, 'gamma': 0.2531013724761013, 'normalized_gamma': 0.32}
{'sample_size': 80, 'difference': 2, 'noise': 0.001, 'n': 8, 'shap_error': 0.0012088143092725315, 'shap_norm_sq': 0.8028128452798684, 'weighted_error': 1.0047955646337585, 'gamma': 0.2531013724761013, 'normalized_gamma': 0.32}
{'sample_size': 80, 'difference': 2, 'noise': 0.005, 'n': 8, 'shap_error': 0.0013754881792776051, 'shap_norm_sq': 0.8028128452798684, 'weighted_error': 1.0054139127143438, 'gamma': 0.2531013724761013, 'normalized_gamma': 0.32}
{'sample_size': 80, 'difference': 2, 'noise': 0.01, 'n': 8, 'shap_error': 0.0016602831041361303, 'shap_norm_sq': 0.8028128452798684, 'weighted_error': 1.0064093965388812, 'gamma': 0.2531013724761013, 'normalized_gamma': 0.32}
{'sample_size': 80, 'difference': 2, 'noise': 0.05, 'n': 8, 'shap_error': 0.0069967459970918565, 'shap_norm_sq': 0.8028128452798684, 'weighted_error': 1.0232752160873797, 'gamma': 0.2531013724761013, 'normalized_gamma': 0.32}
{'sample_size': 80, 'difference': 2, 'noise': 0.1, 'n': 8, 'shap_error': 0.021312583348505217, 'shap_norm_sq': 0.8028128452798684, 'weighted_error': 1.0666123629035054, 'gamma': 0.2531013724761013, 'normalized_gamma': 0.32}
{'sample_size': 80, 'difference': 2, 'noise': 0.5, 'n': 8, 'shap_error': 0.44164963156856074, 'shap_norm_sq': 0.8028128452798684, 'weighted_error': 2.303504432652611, 'gamma': 0.2531013724761013, 'normalized_gamma': 0.32}
{'sample_size': 80, 'difference': 2, 'noise': 1, 'n': 8, 'shap_error': 1.7315968153655015, 'shap_norm_sq': 0.8028128452798684, 'weighted_error': 6.075106757889243, 'gamma': 0.2531013724761013, 'normalized_gamma': 0.32}
{'sample_size': 80, 'difference': 2, 'noise': 0.0005, 'n': 8, 'shap_error': 0.00024088783034961804, 'shap_norm_sq': 4.3249478281854286, 'weighted_error': 1.0051116966355442, 'gamma': 0.056085894916571156, 'normalized_gamma': 0.013}
{'sample_size': 80, 'difference': 2, 'noise': 0.001, 'n': 8, 'shap_error': 0.00024095773122863033, 'shap_norm_sq': 4.3249478281854286, 'weighted_error': 1.0051125102157648, 'gamma': 0.056085894916571156, 'normalized_gamma': 0.013}
{'sample_size': 80, 'difference': 2, 'noise': 0.005, 'n': 8, 'shap_error': 0.0002444007742577854, 'shap_norm_sq': 4.3249478281854286, 'weighted_error': 1.0051640999016571, 'gamma': 0.056085894916571156, 'normalized_gamma': 0.013}
{'sample_size': 80, 'difference': 2, 'noise': 0.01, 'n': 8, 'shap_error': 0.000255914168036834, 'shap_norm_sq': 4.3249478281854286, 'weighted_error': 1.0053412896193432, 'gamma': 0.056085894916571156, 'normalized_gamma': 0.013}
{'sample_size': 80, 'difference': 2, 'noise': 0.05, 'n': 8, 'shap_error': 0.0006364049179736189, 'shap_norm_sq': 4.3249478281854286, 'weighted_error': 1.0112669117736601, 'gamma': 0.056085894916571156, 'normalized_gamma': 0.013}
{'sample_size': 80, 'difference': 2, 'noise': 0.1, 'n': 8, 'shap_error': 0.0018329773546554924, 'shap_norm_sq': 4.3249478281854286, 'weighted_error': 1.0299442004986235, 'gamma': 0.056085894916571156, 'normalized_gamma': 0.013}
{'sample_size': 80, 'difference': 2, 'noise': 0.5, 'n': 8, 'shap_error': 0.040243916818546464, 'shap_norm_sq': 4.3249478281854286, 'weighted_error': 1.630172951581021, 'gamma': 0.056085894916571156, 'normalized_gamma': 0.013}
{'sample_size': 80, 'difference': 2, 'noise': 1, 'n': 8, 'shap_error': 0.16035349107450014, 'shap_norm_sq': 4.3249478281854286, 'weighted_error': 3.50748499364075, 'gamma': 0.056085894916571156, 'normalized_gamma': 0.013}
{'sample_size': 80, 'difference': 2, 'noise': 0.0005, 'n': 8, 'shap_error': 0.000881762053417082, 'shap_norm_sq': 3.8147497514361675, 'weighted_error': 1.014979162478397, 'gamma': 0.07914608501454111, 'normalized_gamma': 0.021}
{'sample_size': 80, 'difference': 2, 'noise': 0.001, 'n': 8, 'shap_error': 0.0008767129977567458, 'shap_norm_sq': 3.8147497514361675, 'weighted_error': 1.014893376527529, 'gamma': 0.07914608501454111, 'normalized_gamma': 0.021}
{'sample_size': 80, 'difference': 2, 'noise': 0.005, 'n': 8, 'shap_error': 0.0008386944199408354, 'shap_norm_sq': 3.8147497514361675, 'weighted_error': 1.0142471024599342, 'gamma': 0.07914608501454111, 'normalized_gamma': 0.021}
{'sample_size': 80, 'difference': 2, 'noise': 0.01, 'n': 8, 'shap_error': 0.0007971058663376086, 'shap_norm_sq': 3.8147497514361675, 'weighted_error': 1.0135392937238128, 'gamma': 0.07914608501454111, 'normalized_gamma': 0.021}
{'sample_size': 80, 'difference': 2, 'noise': 0.05, 'n': 8, 'shap_error': 0.0007017841841793697, 'shap_norm_sq': 3.8147497514361675, 'weighted_error': 1.0118781777697092, 'gamma': 0.07914608501454111, 'normalized_gamma': 0.021}
{'sample_size': 80, 'difference': 2, 'noise': 0.1, 'n': 8, 'shap_error': 0.0011760989481502968, 'shap_norm_sq': 3.8147497514361675, 'weighted_error': 1.019805167664253, 'gamma': 0.07914608501454111, 'normalized_gamma': 0.021}
{'sample_size': 80, 'difference': 2, 'noise': 0.5, 'n': 8, 'shap_error': 0.028709291726666697, 'shap_norm_sq': 3.8147497514361675, 'weighted_error': 1.4833564803075339, 'gamma': 0.07914608501454111, 'normalized_gamma': 0.021}
{'sample_size': 80, 'difference': 2, 'noise': 1, 'n': 8, 'shap_error': 0.12247246936668492, 'shap_norm_sq': 3.8147497514361675, 'weighted_error': 3.063134104828965, 'gamma': 0.07914608501454111, 'normalized_gamma': 0.021}
{'sample_size': 80, 'difference': 2, 'noise': 0.0005, 'n': 8, 'shap_error': 0.0030477991290918586, 'shap_norm_sq': 6.173454231813274, 'weighted_error': 1.007900489733247, 'gamma': 0.3891288725775192, 'normalized_gamma': 0.063}
{'sample_size': 80, 'difference': 2, 'noise': 0.001, 'n': 8, 'shap_error': 0.0030499703918441612, 'shap_norm_sq': 6.173454231813274, 'weighted_error': 1.0079059747795263, 'gamma': 0.3891288725775192, 'normalized_gamma': 0.063}
{'sample_size': 80, 'difference': 2, 'noise': 0.005, 'n': 8, 'shap_error': 0.0030712508480761577, 'shap_norm_sq': 6.173454231813274, 'weighted_error': 1.0079565489507083, 'gamma': 0.3891288725775192, 'normalized_gamma': 0.063}
{'sample_size': 80, 'difference': 2, 'noise': 0.01, 'n': 8, 'shap_error': 0.0031076273039000917, 'shap_norm_sq': 6.173454231813274, 'weighted_error': 1.0080365011670556, 'gamma': 0.3891288725775192, 'normalized_gamma': 0.063}
{'sample_size': 80, 'difference': 2, 'noise': 0.05, 'n': 8, 'shap_error': 0.003789674371848254, 'shap_norm_sq': 6.173454231813274, 'weighted_error': 1.0093454989926334, 'gamma': 0.3891288725775192, 'normalized_gamma': 0.063}
{'sample_size': 80, 'difference': 2, 'noise': 0.1, 'n': 8, 'shap_error': 0.005619821760175111, 'shap_norm_sq': 6.173454231813274, 'weighted_error': 1.0126551965116024, 'gamma': 0.3891288725775192, 'normalized_gamma': 0.063}
{'sample_size': 80, 'difference': 2, 'noise': 0.5, 'n': 8, 'shap_error': 0.0593645430024586, 'shap_norm_sq': 6.173454231813274, 'weighted_error': 1.1060707861432293, 'gamma': 0.3891288725775192, 'normalized_gamma': 0.063}
{'sample_size': 80, 'difference': 2, 'noise': 1, 'n': 8, 'shap_error': 0.22430429989448372, 'shap_norm_sq': 6.173454231813274, 'weighted_error': 1.3901852968824489, 'gamma': 0.3891288725775192, 'normalized_gamma': 0.063}
{'sample_size': 80, 'difference': 2, 'noise': 0.0005, 'n': 8, 'shap_error': 0.0025342507041916104, 'shap_norm_sq': 3.0485538651457627, 'weighted_error': 1.0076040956306624, 'gamma': 0.3396370717676155, 'normalized_gamma': 0.11}
{'sample_size': 80, 'difference': 2, 'noise': 0.001, 'n': 8, 'shap_error': 0.002537640714650885, 'shap_norm_sq': 3.0485538651457627, 'weighted_error': 1.0076142582621659, 'gamma': 0.3396370717676155, 'normalized_gamma': 0.11}
{'sample_size': 80, 'difference': 2, 'noise': 0.005, 'n': 8, 'shap_error': 0.0025679355936388698, 'shap_norm_sq': 3.0485538651457627, 'weighted_error': 1.0077048671001572, 'gamma': 0.3396370717676155, 'normalized_gamma': 0.11}
{'sample_size': 80, 'difference': 2, 'noise': 0.01, 'n': 8, 'shap_error': 0.002613741180658263, 'shap_norm_sq': 3.0485538651457627, 'weighted_error': 1.0078413976125575, 'gamma': 0.3396370717676155, 'normalized_gamma': 0.11}
{'sample_size': 80, 'difference': 2, 'noise': 0.05, 'n': 8, 'shap_error': 0.0032976654081898205, 'shap_norm_sq': 3.0485538651457627, 'weighted_error': 1.0098644203082185, 'gamma': 0.3396370717676155, 'normalized_gamma': 0.11}
{'sample_size': 80, 'difference': 2, 'noise': 0.1, 'n': 8, 'shap_error': 0.00494626952104527, 'shap_norm_sq': 3.0485538651457627, 'weighted_error': 1.0147201451689398, 'gamma': 0.3396370717676155, 'normalized_gamma': 0.11}
{'sample_size': 80, 'difference': 2, 'noise': 0.5, 'n': 8, 'shap_error': 0.04988305556152995, 'shap_norm_sq': 3.0485538651457627, 'weighted_error': 1.1466438037004991, 'gamma': 0.3396370717676155, 'normalized_gamma': 0.11}
{'sample_size': 80, 'difference': 2, 'noise': 1, 'n': 8, 'shap_error': 0.18542392095623839, 'shap_norm_sq': 3.0485538651457627, 'weighted_error': 1.5442430259794202, 'gamma': 0.3396370717676155, 'normalized_gamma': 0.11}
{'sample_size': 80, 'difference': 2, 'noise': 0.0005, 'n': 8, 'shap_error': 0.00044395878674603935, 'shap_norm_sq': 8.581315158348554, 'weighted_error': 1.0018592691052437, 'gamma': 0.2580011798639034, 'normalized_gamma': 0.03}
{'sample_size': 80, 'difference': 2, 'noise': 0.001, 'n': 8, 'shap_error': 0.00044951310535028917, 'shap_norm_sq': 8.581315158348554, 'weighted_error': 1.0018822684496564, 'gamma': 0.2580011798639034, 'normalized_gamma': 0.03}
{'sample_size': 80, 'difference': 2, 'noise': 0.005, 'n': 8, 'shap_error': 0.0004976581189767953, 'shap_norm_sq': 8.581315158348554, 'weighted_error': 1.002075499401239, 'gamma': 0.2580011798639034, 'normalized_gamma': 0.03}
{'sample_size': 80, 'difference': 2, 'noise': 0.01, 'n': 8, 'shap_error': 0.0005671155479916926, 'shap_norm_sq': 8.581315158348554, 'weighted_error': 1.0023401285814149, 'gamma': 0.2580011798639034, 'normalized_gamma': 0.03}
{'sample_size': 80, 'difference': 2, 'noise': 0.05, 'n': 8, 'shap_error': 0.0014938214593806715, 'shap_norm_sq': 8.581315158348554, 'weighted_error': 1.005380781650744, 'gamma': 0.2580011798639034, 'normalized_gamma': 0.03}
{'sample_size': 80, 'difference': 2, 'noise': 0.1, 'n': 8, 'shap_error': 0.003579820046791429, 'shap_norm_sq': 8.581315158348554, 'weighted_error': 1.011490647057209, 'gamma': 0.2580011798639034, 'normalized_gamma': 0.03}
{'sample_size': 80, 'difference': 2, 'noise': 0.5, 'n': 8, 'shap_error': 0.057372456673058715, 'shap_norm_sq': 8.581315158348554, 'weighted_error': 1.1527315331010564, 'gamma': 0.2580011798639034, 'normalized_gamma': 0.03}
{'sample_size': 80, 'difference': 2, 'noise': 1, 'n': 8, 'shap_error': 0.21737487227334615, 'shap_norm_sq': 8.581315158348554, 'weighted_error': 1.5601875476361864, 'gamma': 0.2580011798639034, 'normalized_gamma': 0.03}
{'sample_size': 80, 'difference': 2, 'noise': 0.0005, 'n': 8, 'shap_error': 0.006408126956566865, 'shap_norm_sq': 2.3697814585951384, 'weighted_error': 1.0117525679553185, 'gamma': 0.5592831850048154, 'normalized_gamma': 0.24}
{'sample_size': 80, 'difference': 2, 'noise': 0.001, 'n': 8, 'shap_error': 0.006430480722555625, 'shap_norm_sq': 2.3697814585951384, 'weighted_error': 1.011793515357878, 'gamma': 0.5592831850048154, 'normalized_gamma': 0.24}
{'sample_size': 80, 'difference': 2, 'noise': 0.005, 'n': 8, 'shap_error': 0.006614050502361941, 'shap_norm_sq': 2.3697814585951384, 'weighted_error': 1.0121285890729954, 'gamma': 0.5592831850048154, 'normalized_gamma': 0.24}
{'sample_size': 80, 'difference': 2, 'noise': 0.01, 'n': 8, 'shap_error': 0.006855361856860093, 'shap_norm_sq': 2.3697814585951384, 'weighted_error': 1.0125661674534927, 'gamma': 0.5592831850048154, 'normalized_gamma': 0.24}
{'sample_size': 80, 'difference': 2, 'noise': 0.05, 'n': 8, 'shap_error': 0.00925981788245686, 'shap_norm_sq': 2.3697814585951384, 'weighted_error': 1.016816243961521, 'gamma': 0.5592831850048154, 'normalized_gamma': 0.24}
{'sample_size': 80, 'difference': 2, 'noise': 0.1, 'n': 8, 'shap_error': 0.013450300888481316, 'shap_norm_sq': 2.3697814585951384, 'weighted_error': 1.0240024632566773, 'gamma': 0.5592831850048154, 'normalized_gamma': 0.24}
{'sample_size': 80, 'difference': 2, 'noise': 0.5, 'n': 8, 'shap_error': 0.0943706838978178, 'shap_norm_sq': 2.3697814585951384, 'weighted_error': 1.156437164022775, 'gamma': 0.5592831850048154, 'normalized_gamma': 0.24}
{'sample_size': 80, 'difference': 2, 'noise': 1, 'n': 8, 'shap_error': 0.31401246006234046, 'shap_norm_sq': 2.3697814585951384, 'weighted_error': 1.5093429059925139, 'gamma': 0.5592831850048154, 'normalized_gamma': 0.24}
{'sample_size': 80, 'difference': 2, 'noise': 0.0005, 'n': 8, 'shap_error': 0.003268181550670616, 'shap_norm_sq': 5.0360179064252995, 'weighted_error': 1.0060992922524672, 'gamma': 0.535884149990369, 'normalized_gamma': 0.11}
{'sample_size': 80, 'difference': 2, 'noise': 0.001, 'n': 8, 'shap_error': 0.0032670169880570188, 'shap_norm_sq': 5.0360179064252995, 'weighted_error': 1.0060970921088652, 'gamma': 0.535884149990369, 'normalized_gamma': 0.11}
{'sample_size': 80, 'difference': 2, 'noise': 0.005, 'n': 8, 'shap_error': 0.0032600243414740897, 'shap_norm_sq': 5.0360179064252995, 'weighted_error': 1.006083184750017, 'gamma': 0.535884149990369, 'normalized_gamma': 0.11}
{'sample_size': 80, 'difference': 2, 'noise': 0.01, 'n': 8, 'shap_error': 0.0032570931690606214, 'shap_norm_sq': 5.0360179064252995, 'weighted_error': 1.006075035026379, 'gamma': 0.535884149990369, 'normalized_gamma': 0.11}
{'sample_size': 80, 'difference': 2, 'noise': 0.05, 'n': 8, 'shap_error': 0.00346602922236064, 'shap_norm_sq': 5.0360179064252995, 'weighted_error': 1.006379216234175, 'gamma': 0.535884149990369, 'normalized_gamma': 0.11}
{'sample_size': 80, 'difference': 2, 'noise': 0.1, 'n': 8, 'shap_error': 0.004308162870504844, 'shap_norm_sq': 5.0360179064252995, 'weighted_error': 1.007682890236166, 'gamma': 0.535884149990369, 'normalized_gamma': 0.11}
{'sample_size': 80, 'difference': 2, 'noise': 0.5, 'n': 8, 'shap_error': 0.034283775316427144, 'shap_norm_sq': 5.0360179064252995, 'weighted_error': 1.055050181941954, 'gamma': 0.535884149990369, 'normalized_gamma': 0.11}
{'sample_size': 80, 'difference': 2, 'noise': 1, 'n': 8, 'shap_error': 0.12984964902575086, 'shap_norm_sq': 5.0360179064252995, 'weighted_error': 1.2066040457988343, 'gamma': 0.535884149990369, 'normalized_gamma': 0.11}
{'sample_size': 80, 'difference': 2, 'noise': 0.0005, 'n': 8, 'shap_error': 0.007731755964139599, 'shap_norm_sq': 4.909011418571472, 'weighted_error': 1.0162673741803043, 'gamma': 0.4766850211651444, 'normalized_gamma': 0.097}
{'sample_size': 80, 'difference': 2, 'noise': 0.001, 'n': 8, 'shap_error': 0.007719153113882433, 'shap_norm_sq': 4.909011418571472, 'weighted_error': 1.0162404180514875, 'gamma': 0.4766850211651444, 'normalized_gamma': 0.097}
{'sample_size': 80, 'difference': 2, 'noise': 0.005, 'n': 8, 'shap_error': 0.007625877442348658, 'shap_norm_sq': 4.909011418571472, 'weighted_error': 1.016030090809344, 'gamma': 0.4766850211651444, 'normalized_gamma': 0.097}
{'sample_size': 80, 'difference': 2, 'noise': 0.01, 'n': 8, 'shap_error': 0.007528150679240206, 'shap_norm_sq': 4.909011418571472, 'weighted_error': 1.015780486227644, 'gamma': 0.4766850211651444, 'normalized_gamma': 0.097}
{'sample_size': 80, 'difference': 2, 'noise': 0.05, 'n': 8, 'shap_error': 0.007501049626719634, 'shap_norm_sq': 4.909011418571472, 'weighted_error': 1.014315828413212, 'gamma': 0.4766850211651444, 'normalized_gamma': 0.097}
{'sample_size': 80, 'difference': 2, 'noise': 0.1, 'n': 8, 'shap_error': 0.009353955941937438, 'shap_norm_sq': 4.909011418571472, 'weighted_error': 1.0138154532430952, 'gamma': 0.4766850211651444, 'normalized_gamma': 0.097}
{'sample_size': 80, 'difference': 2, 'noise': 0.5, 'n': 8, 'shap_error': 0.09964851169842252, 'shap_norm_sq': 4.909011418571472, 'weighted_error': 1.0630303357990631, 'gamma': 0.4766850211651444, 'normalized_gamma': 0.097}
{'sample_size': 80, 'difference': 2, 'noise': 1, 'n': 8, 'shap_error': 0.4011949694808847, 'shap_norm_sq': 4.909011418571472, 'weighted_error': 1.257593648786283, 'gamma': 0.4766850211651444, 'normalized_gamma': 0.097}
{'sample_size': 80, 'difference': 2, 'noise': 0.0005, 'n': 8, 'shap_error': 0.002002448830681557, 'shap_norm_sq': 0.9322824715915776, 'weighted_error': 1.0072149015035214, 'gamma': 0.2775362142388952, 'normalized_gamma': 0.3}
{'sample_size': 80, 'difference': 2, 'noise': 0.001, 'n': 8, 'shap_error': 0.0020050467478752287, 'shap_norm_sq': 0.9322824715915776, 'weighted_error': 1.007223260653615, 'gamma': 0.2775362142388952, 'normalized_gamma': 0.3}
{'sample_size': 80, 'difference': 2, 'noise': 0.005, 'n': 8, 'shap_error': 0.0020428926758427135, 'shap_norm_sq': 0.9322824715915776, 'weighted_error': 1.0073275799365113, 'gamma': 0.2775362142388952, 'normalized_gamma': 0.3}
{'sample_size': 80, 'difference': 2, 'noise': 0.01, 'n': 8, 'shap_error': 0.002132856561847797, 'shap_norm_sq': 0.9322824715915776, 'weighted_error': 1.0075515942455038, 'gamma': 0.2775362142388952, 'normalized_gamma': 0.3}
{'sample_size': 80, 'difference': 2, 'noise': 0.05, 'n': 8, 'shap_error': 0.004558826691715947, 'shap_norm_sq': 0.9322824715915776, 'weighted_error': 1.0130883169323293, 'gamma': 0.2775362142388952, 'normalized_gamma': 0.3}
{'sample_size': 80, 'difference': 2, 'noise': 0.1, 'n': 8, 'shap_error': 0.011856936958620237, 'shap_norm_sq': 0.9322824715915776, 'weighted_error': 1.029370740828074, 'gamma': 0.2775362142388952, 'normalized_gamma': 0.3}
{'sample_size': 80, 'difference': 2, 'noise': 0.5, 'n': 8, 'shap_error': 0.2408677232766161, 'shap_norm_sq': 0.9322824715915776, 'weighted_error': 1.5340909534825629, 'gamma': 0.2775362142388952, 'normalized_gamma': 0.3}
{'sample_size': 80, 'difference': 2, 'noise': 1, 'n': 8, 'shap_error': 0.9536959666310155, 'shap_norm_sq': 0.9322824715915776, 'weighted_error': 3.1011432730219983, 'gamma': 0.2775362142388952, 'normalized_gamma': 0.3}
{'sample_size': 80, 'difference': 2, 'noise': 0.0005, 'n': 8, 'shap_error': 0.0007935829647046076, 'shap_norm_sq': 1.9567787124941214, 'weighted_error': 1.005601032872323, 'gamma': 0.15017765397703625, 'normalized_gamma': 0.077}
{'sample_size': 80, 'difference': 2, 'noise': 0.001, 'n': 8, 'shap_error': 0.0007915458752887549, 'shap_norm_sq': 1.9567787124941214, 'weighted_error': 1.0055865835094464, 'gamma': 0.15017765397703625, 'normalized_gamma': 0.077}
{'sample_size': 80, 'difference': 2, 'noise': 0.005, 'n': 8, 'shap_error': 0.0007789575356558849, 'shap_norm_sq': 1.9567787124941214, 'weighted_error': 1.0054954424332783, 'gamma': 0.15017765397703625, 'normalized_gamma': 0.077}
{'sample_size': 80, 'difference': 2, 'noise': 0.01, 'n': 8, 'shap_error': 0.000772493050349476, 'shap_norm_sq': 1.9567787124941214, 'weighted_error': 1.0054426506551728, 'gamma': 0.15017765397703625, 'normalized_gamma': 0.077}
{'sample_size': 80, 'difference': 2, 'noise': 0.05, 'n': 8, 'shap_error': 0.0010916147372853236, 'shap_norm_sq': 1.9567787124941214, 'weighted_error': 1.0074656991145603, 'gamma': 0.15017765397703625, 'normalized_gamma': 0.077}
{'sample_size': 80, 'difference': 2, 'noise': 0.1, 'n': 8, 'shap_error': 0.0024176107694229895, 'shap_norm_sq': 1.9567787124941214, 'weighted_error': 1.0161079663993668, 'gamma': 0.15017765397703625, 'normalized_gamma': 0.077}
{'sample_size': 80, 'difference': 2, 'noise': 0.5, 'n': 8, 'shap_error': 0.05010933596523903, 'shap_norm_sq': 1.9567787124941214, 'weighted_error': 1.3297843731006822, 'gamma': 0.15017765397703625, 'normalized_gamma': 0.077}
{'sample_size': 80, 'difference': 2, 'noise': 1, 'n': 8, 'shap_error': 0.20243338480679568, 'shap_norm_sq': 1.9567787124941214, 'weighted_error': 2.3332255525344903, 'gamma': 0.15017765397703625, 'normalized_gamma': 0.077}
{'sample_size': 80, 'difference': 2, 'noise': 0.0005, 'n': 8, 'shap_error': 0.0012030196984596107, 'shap_norm_sq': 2.1129838425793, 'weighted_error': 1.0182733557387953, 'gamma': 0.07149112218048888, 'normalized_gamma': 0.034}
{'sample_size': 80, 'difference': 2, 'noise': 0.001, 'n': 8, 'shap_error': 0.0012174931716797733, 'shap_norm_sq': 2.1129838425793, 'weighted_error': 1.0184906048615883, 'gamma': 0.07149112218048888, 'normalized_gamma': 0.034}
{'sample_size': 80, 'difference': 2, 'noise': 0.005, 'n': 8, 'shap_error': 0.001345523391728402, 'shap_norm_sq': 2.1129838425793, 'weighted_error': 1.0203520255747915, 'gamma': 0.07149112218048888, 'normalized_gamma': 0.034}
{'sample_size': 80, 'difference': 2, 'noise': 0.01, 'n': 8, 'shap_error': 0.001536167252507539, 'shap_norm_sq': 2.1129838425793, 'weighted_error': 1.0229873707934445, 'gamma': 0.07149112218048888, 'normalized_gamma': 0.034}
{'sample_size': 80, 'difference': 2, 'noise': 0.05, 'n': 8, 'shap_error': 0.0042855615674745155, 'shap_norm_sq': 2.1129838425793, 'weighted_error': 1.0564129056286224, 'gamma': 0.07149112218048888, 'normalized_gamma': 0.034}
{'sample_size': 80, 'difference': 2, 'noise': 0.1, 'n': 8, 'shap_error': 0.010782913033018008, 'shap_norm_sq': 2.1129838425793, 'weighted_error': 1.1290517568874832, 'gamma': 0.07149112218048888, 'normalized_gamma': 0.034}
{'sample_size': 80, 'difference': 2, 'noise': 0.5, 'n': 8, 'shap_error': 0.18518606763075596, 'shap_norm_sq': 2.1129838425793, 'weighted_error': 2.9444398755538868, 'gamma': 0.07149112218048888, 'normalized_gamma': 0.034}
{'sample_size': 80, 'difference': 2, 'noise': 1, 'n': 8, 'shap_error': 0.7092508680614046, 'shap_norm_sq': 2.1129838425793, 'weighted_error': 8.299368295375702, 'gamma': 0.07149112218048888, 'normalized_gamma': 0.034}
{'sample_size': 80, 'difference': 2, 'noise': 0.0005, 'n': 8, 'shap_error': 0.00011190181888671218, 'shap_norm_sq': 3.0403296409420855, 'weighted_error': 1.0037414677156005, 'gamma': 0.03343877348105261, 'normalized_gamma': 0.011}
{'sample_size': 80, 'difference': 2, 'noise': 0.001, 'n': 8, 'shap_error': 0.00011338930281876986, 'shap_norm_sq': 3.0403296409420855, 'weighted_error': 1.0037893635620163, 'gamma': 0.03343877348105261, 'normalized_gamma': 0.011}
{'sample_size': 80, 'difference': 2, 'noise': 0.005, 'n': 8, 'shap_error': 0.00012847041300683557, 'shap_norm_sq': 3.0403296409420855, 'weighted_error': 1.00423460573414, 'gamma': 0.03343877348105261, 'normalized_gamma': 0.011}
{'sample_size': 80, 'difference': 2, 'noise': 0.01, 'n': 8, 'shap_error': 0.0001552748975709514, 'shap_norm_sq': 3.0403296409420855, 'weighted_error': 1.0049463469512878, 'gamma': 0.03343877348105261, 'normalized_gamma': 0.011}
{'sample_size': 80, 'difference': 2, 'noise': 0.05, 'n': 8, 'shap_error': 0.000687834647245206, 'shap_norm_sq': 3.0403296409420855, 'weighted_error': 1.016847816768196, 'gamma': 0.03343877348105261, 'normalized_gamma': 0.011}
{'sample_size': 80, 'difference': 2, 'noise': 0.1, 'n': 8, 'shap_error': 0.0021488440172413416, 'shap_norm_sq': 3.0403296409420855, 'weighted_error': 1.0472435042386476, 'gamma': 0.03343877348105261, 'normalized_gamma': 0.011}
{'sample_size': 80, 'difference': 2, 'noise': 0.5, 'n': 8, 'shap_error': 0.045649306293343135, 'shap_norm_sq': 3.0403296409420855, 'weighted_error': 1.9111630119749168, 'gamma': 0.03343877348105261, 'normalized_gamma': 0.011}
{'sample_size': 80, 'difference': 2, 'noise': 1, 'n': 8, 'shap_error': 0.17955585242880204, 'shap_norm_sq': 3.0403296409420855, 'weighted_error': 4.54294741657689, 'gamma': 0.03343877348105261, 'normalized_gamma': 0.011}
{'sample_size': 80, 'difference': 2, 'noise': 0.0005, 'n': 8, 'shap_error': 0.0056321487523105646, 'shap_norm_sq': 6.207851072720888, 'weighted_error': 1.0137737453309599, 'gamma': 0.41238193406560714, 'normalized_gamma': 0.066}
{'sample_size': 80, 'difference': 2, 'noise': 0.001, 'n': 8, 'shap_error': 0.0056374542903444005, 'shap_norm_sq': 6.207851072720888, 'weighted_error': 1.0137864287716325, 'gamma': 0.41238193406560714, 'normalized_gamma': 0.066}
{'sample_size': 80, 'difference': 2, 'noise': 0.005, 'n': 8, 'shap_error': 0.005683939273083945, 'shap_norm_sq': 6.207851072720888, 'weighted_error': 1.0138907779206308, 'gamma': 0.41238193406560714, 'normalized_gamma': 0.066}
{'sample_size': 80, 'difference': 2, 'noise': 0.01, 'n': 8, 'shap_error': 0.005752147197681039, 'shap_norm_sq': 6.207851072720888, 'weighted_error': 1.014028418415918, 'gamma': 0.41238193406560714, 'normalized_gamma': 0.066}
{'sample_size': 80, 'difference': 2, 'noise': 0.05, 'n': 8, 'shap_error': 0.006701878441362709, 'shap_norm_sq': 6.207851072720888, 'weighted_error': 1.0154177047397834, 'gamma': 0.41238193406560714, 'normalized_gamma': 0.066}
{'sample_size': 80, 'difference': 2, 'noise': 0.1, 'n': 8, 'shap_error': 0.00889921211322738, 'shap_norm_sq': 6.207851072720888, 'weighted_error': 1.0178747185485344, 'gamma': 0.41238193406560714, 'normalized_gamma': 0.066}
{'sample_size': 80, 'difference': 2, 'noise': 0.5, 'n': 8, 'shap_error': 0.06688466617864727, 'shap_norm_sq': 6.207851072720888, 'weighted_error': 1.0663470651753268, 'gamma': 0.41238193406560714, 'normalized_gamma': 0.066}
{'sample_size': 80, 'difference': 2, 'noise': 1, 'n': 8, 'shap_error': 0.24038344548667845, 'shap_norm_sq': 6.207851072720888, 'weighted_error': 1.1989780888507724, 'gamma': 0.41238193406560714, 'normalized_gamma': 0.066}
{'sample_size': 80, 'difference': 2, 'noise': 0.0005, 'n': 8, 'shap_error': 0.007318306126249668, 'shap_norm_sq': 11.499355738710491, 'weighted_error': 1.0130121905753735, 'gamma': 0.562446101869841, 'normalized_gamma': 0.049}
{'sample_size': 80, 'difference': 2, 'noise': 0.001, 'n': 8, 'shap_error': 0.007329533873712498, 'shap_norm_sq': 11.499355738710491, 'weighted_error': 1.0130321164477862, 'gamma': 0.562446101869841, 'normalized_gamma': 0.049}
{'sample_size': 80, 'difference': 2, 'noise': 0.005, 'n': 8, 'shap_error': 0.007420438165119838, 'shap_norm_sq': 11.499355738710491, 'weighted_error': 1.013192548363198, 'gamma': 0.562446101869841, 'normalized_gamma': 0.049}
{'sample_size': 80, 'difference': 2, 'noise': 0.01, 'n': 8, 'shap_error': 0.007536774308640539, 'shap_norm_sq': 11.499355738710491, 'weighted_error': 1.0133956505977393, 'gamma': 0.562446101869841, 'normalized_gamma': 0.049}
{'sample_size': 80, 'difference': 2, 'noise': 0.05, 'n': 8, 'shap_error': 0.008575694627267164, 'shap_norm_sq': 11.499355738710491, 'weighted_error': 1.015122962085126, 'gamma': 0.562446101869841, 'normalized_gamma': 0.049}
{'sample_size': 80, 'difference': 2, 'noise': 0.1, 'n': 8, 'shap_error': 0.010144922951703121, 'shap_norm_sq': 11.499355738710491, 'weighted_error': 1.0175383354720036, 'gamma': 0.562446101869841, 'normalized_gamma': 0.049}
{'sample_size': 80, 'difference': 2, 'noise': 0.5, 'n': 8, 'shap_error': 0.03352186659329825, 'shap_norm_sq': 11.499355738710491, 'weighted_error': 1.0471106836727908, 'gamma': 0.562446101869841, 'normalized_gamma': 0.049}
{'sample_size': 80, 'difference': 2, 'noise': 1, 'n': 8, 'shap_error': 0.08980083876056073, 'shap_norm_sq': 11.499355738710491, 'weighted_error': 1.1096995216881929, 'gamma': 0.562446101869841, 'normalized_gamma': 0.049}
{'sample_size': 80, 'difference': 2, 'noise': 0.0005, 'n': 8, 'shap_error': 0.00289265321135959, 'shap_norm_sq': 7.655141947503893, 'weighted_error': 1.0176329676176876, 'gamma': 0.23462244299943313, 'normalized_gamma': 0.031}
{'sample_size': 80, 'difference': 2, 'noise': 0.001, 'n': 8, 'shap_error': 0.0028948405905408875, 'shap_norm_sq': 7.655141947503893, 'weighted_error': 1.0176462871241199, 'gamma': 0.23462244299943313, 'normalized_gamma': 0.031}
{'sample_size': 80, 'difference': 2, 'noise': 0.005, 'n': 8, 'shap_error': 0.0029127523713747844, 'shap_norm_sq': 7.655141947503893, 'weighted_error': 1.0177550163967073, 'gamma': 0.23462244299943313, 'normalized_gamma': 0.031}
{'sample_size': 80, 'difference': 2, 'noise': 0.01, 'n': 8, 'shap_error': 0.002936173965875875, 'shap_norm_sq': 7.655141947503893, 'weighted_error': 1.0178963610402667, 'gamma': 0.23462244299943313, 'normalized_gamma': 0.031}
{'sample_size': 80, 'difference': 2, 'noise': 0.05, 'n': 8, 'shap_error': 0.003164821460233238, 'shap_norm_sq': 7.655141947503893, 'weighted_error': 1.0192444403017409, 'gamma': 0.23462244299943313, 'normalized_gamma': 0.031}
{'sample_size': 80, 'difference': 2, 'noise': 0.1, 'n': 8, 'shap_error': 0.0035538176740516113, 'shap_norm_sq': 7.655141947503893, 'weighted_error': 1.0214728446610835, 'gamma': 0.23462244299943313, 'normalized_gamma': 0.031}
{'sample_size': 80, 'difference': 2, 'noise': 0.5, 'n': 8, 'shap_error': 0.01079326121946496, 'shap_norm_sq': 7.655141947503893, 'weighted_error': 1.0610322908358116, 'gamma': 0.23462244299943313, 'normalized_gamma': 0.031}
{'sample_size': 80, 'difference': 2, 'noise': 1, 'n': 8, 'shap_error': 0.030161250238397677, 'shap_norm_sq': 7.655141947503893, 'weighted_error': 1.1648121268041924, 'gamma': 0.23462244299943313, 'normalized_gamma': 0.031}
{'sample_size': 80, 'difference': 2, 'noise': 0.0005, 'n': 8, 'shap_error': 0.010506493917148769, 'shap_norm_sq': 11.689138025777835, 'weighted_error': 1.0185592516785955, 'gamma': 0.5666894885180552, 'normalized_gamma': 0.048}
{'sample_size': 80, 'difference': 2, 'noise': 0.001, 'n': 8, 'shap_error': 0.010499352627908723, 'shap_norm_sq': 11.689138025777835, 'weighted_error': 1.0185466323931835, 'gamma': 0.5666894885180552, 'normalized_gamma': 0.048}
{'sample_size': 80, 'difference': 2, 'noise': 0.005, 'n': 8, 'shap_error': 0.010442776713802563, 'shap_norm_sq': 11.689138025777835, 'weighted_error': 1.0184465485953742, 'gamma': 0.5666894885180552, 'normalized_gamma': 0.048}
{'sample_size': 80, 'difference': 2, 'noise': 0.01, 'n': 8, 'shap_error': 0.010373442820705304, 'shap_norm_sq': 11.689138025777835, 'weighted_error': 1.0183236200618326, 'gamma': 0.5666894885180552, 'normalized_gamma': 0.048}
{'sample_size': 80, 'difference': 2, 'noise': 0.05, 'n': 8, 'shap_error': 0.00987421165734567, 'shap_norm_sq': 11.689138025777835, 'weighted_error': 1.0174272403422928, 'gamma': 0.5666894885180552, 'normalized_gamma': 0.048}
{'sample_size': 80, 'difference': 2, 'noise': 0.1, 'n': 8, 'shap_error': 0.009388772656691937, 'shap_norm_sq': 11.689138025777835, 'weighted_error': 1.0165243870648502, 'gamma': 0.5666894885180552, 'normalized_gamma': 0.048}
{'sample_size': 80, 'difference': 2, 'noise': 0.5, 'n': 8, 'shap_error': 0.011049258793295007, 'shap_norm_sq': 11.689138025777835, 'weighted_error': 1.018006415724593, 'gamma': 0.5666894885180552, 'normalized_gamma': 0.048}
{'sample_size': 80, 'difference': 2, 'noise': 1, 'n': 8, 'shap_error': 0.026984861818631176, 'shap_norm_sq': 11.689138025777835, 'weighted_error': 1.041621088747484, 'gamma': 0.5666894885180552, 'normalized_gamma': 0.048}
{'sample_size': 80, 'difference': 2, 'noise': 0.0005, 'n': 8, 'shap_error': 0.0004891035759431553, 'shap_norm_sq': 7.73283879016898, 'weighted_error': 1.007811927281276, 'gamma': 0.0781292093392316, 'normalized_gamma': 0.01}
{'sample_size': 80, 'difference': 2, 'noise': 0.001, 'n': 8, 'shap_error': 0.0004935429072447837, 'shap_norm_sq': 7.73283879016898, 'weighted_error': 1.0078827695431474, 'gamma': 0.0781292093392316, 'normalized_gamma': 0.01}
{'sample_size': 80, 'difference': 2, 'noise': 0.005, 'n': 8, 'shap_error': 0.0005303400564490483, 'shap_norm_sq': 7.73283879016898, 'weighted_error': 1.0084684837353812, 'gamma': 0.0781292093392316, 'normalized_gamma': 0.01}
{'sample_size': 80, 'difference': 2, 'noise': 0.01, 'n': 8, 'shap_error': 0.0005795427399325997, 'shap_norm_sq': 7.73283879016898, 'weighted_error': 1.0092480667188288, 'gamma': 0.0781292093392316, 'normalized_gamma': 0.01}
{'sample_size': 80, 'difference': 2, 'noise': 0.05, 'n': 8, 'shap_error': 0.0011014140869301402, 'shap_norm_sq': 7.73283879016898, 'weighted_error': 1.0173823403126143, 'gamma': 0.0781292093392316, 'normalized_gamma': 0.01}
{'sample_size': 80, 'difference': 2, 'noise': 0.1, 'n': 8, 'shap_error': 0.002074377968499697, 'shap_norm_sq': 7.73283879016898, 'weighted_error': 1.0322942066203573, 'gamma': 0.0781292093392316, 'normalized_gamma': 0.01}
{'sample_size': 80, 'difference': 2, 'noise': 0.5, 'n': 8, 'shap_error': 0.022683076933961783, 'shap_norm_sq': 7.73283879016898, 'weighted_error': 1.3413501097027563, 'gamma': 0.0781292093392316, 'normalized_gamma': 0.01}
{'sample_size': 80, 'difference': 2, 'noise': 1, 'n': 8, 'shap_error': 0.08050642042305327, 'shap_norm_sq': 7.73283879016898, 'weighted_error': 2.202072420106887, 'gamma': 0.0781292093392316, 'normalized_gamma': 0.01}
{'sample_size': 80, 'difference': 2, 'noise': 0.0005, 'n': 8, 'shap_error': 6.063094798661808e-05, 'shap_norm_sq': 0.038084197863679635, 'weighted_error': 1.0085658009802236, 'gamma': 0.007099112673434751, 'normalized_gamma': 0.19}
{'sample_size': 80, 'difference': 2, 'noise': 0.001, 'n': 8, 'shap_error': 7.868567134372449e-05, 'shap_norm_sq': 0.038084197863679635, 'weighted_error': 1.011113378423873, 'gamma': 0.007099112673434751, 'normalized_gamma': 0.19}
{'sample_size': 80, 'difference': 2, 'noise': 0.005, 'n': 8, 'shap_error': 0.0006328209014945218, 'shap_norm_sq': 0.038084197863679635, 'weighted_error': 1.0892891646560523, 'gamma': 0.007099112673434751, 'normalized_gamma': 0.19}
{'sample_size': 80, 'difference': 2, 'noise': 0.01, 'n': 8, 'shap_error': 0.0023497335474178638, 'shap_norm_sq': 0.038084197863679635, 'weighted_error': 1.331496814153742, 'gamma': 0.007099112673434751, 'normalized_gamma': 0.19}
{'sample_size': 80, 'difference': 2, 'noise': 0.05, 'n': 8, 'shap_error': 0.05705477904419924, 'shap_norm_sq': 0.038084197863679635, 'weighted_error': 9.048674678434022, 'gamma': 0.007099112673434751, 'normalized_gamma': 0.19}
{'sample_size': 80, 'difference': 2, 'noise': 0.1, 'n': 8, 'shap_error': 0.22786044673866193, 'shap_norm_sq': 0.038084197863679635, 'weighted_error': 33.143938679531175, 'gamma': 0.007099112673434751, 'normalized_gamma': 0.19}
{'sample_size': 80, 'difference': 2, 'noise': 0.5, 'n': 8, 'shap_error': 5.69128022123381, 'shap_norm_sq': 0.038084197863679635, 'weighted_error': 803.8577175181816, 'gamma': 0.007099112673434751, 'normalized_gamma': 0.19}
{'sample_size': 80, 'difference': 2, 'noise': 1, 'n': 8, 'shap_error': 22.76299102170136, 'shap_norm_sq': 0.038084197863679635, 'weighted_error': 3212.1291081411773, 'gamma': 0.007099112673434751, 'normalized_gamma': 0.19}
{'sample_size': 80, 'difference': 2, 'noise': 0.0005, 'n': 8, 'shap_error': 0.00847901267275936, 'shap_norm_sq': 11.596083031403689, 'weighted_error': 1.0169234479394427, 'gamma': 0.5035467471153466, 'normalized_gamma': 0.043}
{'sample_size': 80, 'difference': 2, 'noise': 0.001, 'n': 8, 'shap_error': 0.008480226601452116, 'shap_norm_sq': 11.596083031403689, 'weighted_error': 1.0169258615944379, 'gamma': 0.5035467471153466, 'normalized_gamma': 0.043}
{'sample_size': 80, 'difference': 2, 'noise': 0.005, 'n': 8, 'shap_error': 0.008491878289996277, 'shap_norm_sq': 11.596083031403689, 'weighted_error': 1.0169488215982943, 'gamma': 0.5035467471153466, 'normalized_gamma': 0.043}
{'sample_size': 80, 'difference': 2, 'noise': 0.01, 'n': 8, 'shap_error': 0.008511293548182633, 'shap_norm_sq': 11.596083031403689, 'weighted_error': 1.0169866485128567, 'gamma': 0.5035467471153466, 'normalized_gamma': 0.043}
{'sample_size': 80, 'difference': 2, 'noise': 0.05, 'n': 8, 'shap_error': 0.008860641513919017, 'shap_norm_sq': 11.596083031403689, 'weighted_error': 1.0176543402190288, 'gamma': 0.5035467471153466, 'normalized_gamma': 0.043}
{'sample_size': 80, 'difference': 2, 'noise': 0.1, 'n': 8, 'shap_error': 0.009782391221703409, 'shap_norm_sq': 11.596083031403689, 'weighted_error': 1.019401645825928, 'gamma': 0.5035467471153466, 'normalized_gamma': 0.043}
{'sample_size': 80, 'difference': 2, 'noise': 0.5, 'n': 8, 'shap_error': 0.036558978908533775, 'shap_norm_sq': 11.596083031403689, 'weighted_error': 1.0698877296484675, 'gamma': 0.5035467471153466, 'normalized_gamma': 0.043}
{'sample_size': 80, 'difference': 2, 'noise': 1, 'n': 8, 'shap_error': 0.11853618857846031, 'shap_norm_sq': 11.596083031403689, 'weighted_error': 1.2242644318450073, 'gamma': 0.5035467471153466, 'normalized_gamma': 0.043}
{'sample_size': 80, 'difference': 2, 'noise': 0.0005, 'n': 8, 'shap_error': 0.004433846387932061, 'shap_norm_sq': 7.8646694281355405, 'weighted_error': 1.0223789479815895, 'gamma': 0.2162957170078989, 'normalized_gamma': 0.028}
{'sample_size': 80, 'difference': 2, 'noise': 0.001, 'n': 8, 'shap_error': 0.004426017806379461, 'shap_norm_sq': 7.8646694281355405, 'weighted_error': 1.022339419836598, 'gamma': 0.2162957170078989, 'normalized_gamma': 0.028}
{'sample_size': 80, 'difference': 2, 'noise': 0.005, 'n': 8, 'shap_error': 0.004365009245405218, 'shap_norm_sq': 7.8646694281355405, 'weighted_error': 1.0220310168984923, 'gamma': 0.2162957170078989, 'normalized_gamma': 0.028}
{'sample_size': 80, 'difference': 2, 'noise': 0.01, 'n': 8, 'shap_error': 0.0042927987728044814, 'shap_norm_sq': 7.8646694281355405, 'weighted_error': 1.0216650687804312, 'gamma': 0.2162957170078989, 'normalized_gamma': 0.028}
{'sample_size': 80, 'difference': 2, 'noise': 0.05, 'n': 8, 'shap_error': 0.0038771241366804864, 'shap_norm_sq': 7.8646694281355405, 'weighted_error': 1.0195197060187808, 'gamma': 0.2162957170078989, 'normalized_gamma': 0.028}
{'sample_size': 80, 'difference': 2, 'noise': 0.1, 'n': 8, 'shap_error': 0.0037625537032303256, 'shap_norm_sq': 7.8646694281355405, 'weighted_error': 1.0187935580238134, 'gamma': 0.2162957170078989, 'normalized_gamma': 0.028}
{'sample_size': 80, 'difference': 2, 'noise': 0.5, 'n': 8, 'shap_error': 0.01904690470382368, 'shap_norm_sq': 7.8646694281355405, 'weighted_error': 1.0912065923478957, 'gamma': 0.2162957170078989, 'normalized_gamma': 0.028}
{'sample_size': 80, 'difference': 2, 'noise': 1, 'n': 8, 'shap_error': 0.07865462962505133, 'shap_norm_sq': 7.8646694281355405, 'weighted_error': 1.3772784309625508, 'gamma': 0.2162957170078989, 'normalized_gamma': 0.028}
{'sample_size': 80, 'difference': 2, 'noise': 0.0005, 'n': 8, 'shap_error': 0.0030898513621454658, 'shap_norm_sq': 0.7781715834599894, 'weighted_error': 1.0120002331444335, 'gamma': 0.25875489132911667, 'normalized_gamma': 0.33}
{'sample_size': 80, 'difference': 2, 'noise': 0.001, 'n': 8, 'shap_error': 0.0031287360728598987, 'shap_norm_sq': 0.7781715834599894, 'weighted_error': 1.0121512540131756, 'gamma': 0.25875489132911667, 'normalized_gamma': 0.33}
{'sample_size': 80, 'difference': 2, 'noise': 0.005, 'n': 8, 'shap_error': 0.003484258895065952, 'shap_norm_sq': 0.7781715834599894, 'weighted_error': 1.0135320362427092, 'gamma': 0.25875489132911667, 'normalized_gamma': 0.33}
{'sample_size': 80, 'difference': 2, 'noise': 0.01, 'n': 8, 'shap_error': 0.0040397752640504, 'shap_norm_sq': 0.7781715834599894, 'weighted_error': 1.0156895522286202, 'gamma': 0.25875489132911667, 'normalized_gamma': 0.33}
{'sample_size': 80, 'difference': 2, 'noise': 0.05, 'n': 8, 'shap_error': 0.012928419865000594, 'shap_norm_sq': 0.7781715834599894, 'weighted_error': 1.050211208075693, 'gamma': 0.25875489132911667, 'normalized_gamma': 0.33}
{'sample_size': 80, 'difference': 2, 'noise': 0.1, 'n': 8, 'shap_error': 0.035150509738874965, 'shap_norm_sq': 0.7781715834599894, 'weighted_error': 1.1365170977839905, 'gamma': 0.25875489132911667, 'normalized_gamma': 0.33}
{'sample_size': 80, 'difference': 2, 'noise': 0.5, 'n': 8, 'shap_error': 0.657378593637333, 'shap_norm_sq': 0.7781715834599894, 'weighted_error': 3.553117011428639, 'gamma': 0.25875489132911667, 'normalized_gamma': 0.33}
{'sample_size': 80, 'difference': 2, 'noise': 1, 'n': 8, 'shap_error': 2.546292110779064, 'shap_norm_sq': 0.7781715834599894, 'weighted_error': 10.88924889343012, 'gamma': 0.25875489132911667, 'normalized_gamma': 0.33}
{'sample_size': 80, 'difference': 2, 'noise': 0.0005, 'n': 8, 'shap_error': 0.001219452758323107, 'shap_norm_sq': 10.000487753757653, 'weighted_error': 1.031917990926686, 'gamma': 0.04508411099583179, 'normalized_gamma': 0.0045}
{'sample_size': 80, 'difference': 2, 'noise': 0.001, 'n': 8, 'shap_error': 0.0012218208096234405, 'shap_norm_sq': 10.000487753757653, 'weighted_error': 1.0319781274377515, 'gamma': 0.04508411099583179, 'normalized_gamma': 0.0045}
{'sample_size': 80, 'difference': 2, 'noise': 0.005, 'n': 8, 'shap_error': 0.0012430624144657697, 'shap_norm_sq': 10.000487753757653, 'weighted_error': 1.0324750393559696, 'gamma': 0.04508411099583179, 'normalized_gamma': 0.0045}
{'sample_size': 80, 'difference': 2, 'noise': 0.01, 'n': 8, 'shap_error': 0.0012753574066183158, 'shap_norm_sq': 10.000487753757653, 'weighted_error': 1.0331357288279963, 'gamma': 0.04508411099583179, 'normalized_gamma': 0.0045}
{'sample_size': 80, 'difference': 2, 'noise': 0.05, 'n': 8, 'shap_error': 0.0017634367878227395, 'shap_norm_sq': 10.000487753757653, 'weighted_error': 1.0400032275743294, 'gamma': 0.04508411099583179, 'normalized_gamma': 0.0045}
{'sample_size': 80, 'difference': 2, 'noise': 0.1, 'n': 8, 'shap_error': 0.0029478346242885994, 'shap_norm_sq': 10.000487753757653, 'weighted_error': 1.0525425584325514, 'gamma': 0.04508411099583179, 'normalized_gamma': 0.0045}
{'sample_size': 80, 'difference': 2, 'noise': 0.5, 'n': 8, 'shap_error': 0.03539496171442819, 'shap_norm_sq': 10.000487753757653, 'weighted_error': 1.3110555023105452, 'gamma': 0.04508411099583179, 'normalized_gamma': 0.0045}
{'sample_size': 80, 'difference': 2, 'noise': 1, 'n': 8, 'shap_error': 0.13338373157313435, 'shap_norm_sq': 10.000487753757653, 'weighted_error': 2.029692424688577, 'gamma': 0.04508411099583179, 'normalized_gamma': 0.0045}
{'sample_size': 80, 'difference': 2, 'noise': 0.0005, 'n': 8, 'shap_error': 0.001847636067801056, 'shap_norm_sq': 0.8676799632298378, 'weighted_error': 1.0071504616826659, 'gamma': 0.2627512297382435, 'normalized_gamma': 0.3}
{'sample_size': 80, 'difference': 2, 'noise': 0.001, 'n': 8, 'shap_error': 0.001835424186341441, 'shap_norm_sq': 0.8676799632298378, 'weighted_error': 1.0071020265136392, 'gamma': 0.2627512297382435, 'normalized_gamma': 0.3}
{'sample_size': 80, 'difference': 2, 'noise': 0.005, 'n': 8, 'shap_error': 0.0017505548319258833, 'shap_norm_sq': 0.8676799632298378, 'weighted_error': 1.0067360515062842, 'gamma': 0.2627512297382435, 'normalized_gamma': 0.3}
{'sample_size': 80, 'difference': 2, 'noise': 0.01, 'n': 8, 'shap_error': 0.0016765323820596622, 'shap_norm_sq': 0.8676799632298378, 'weighted_error': 1.0063323486092333, 'gamma': 0.2627512297382435, 'normalized_gamma': 0.3}
{'sample_size': 80, 'difference': 2, 'noise': 0.05, 'n': 8, 'shap_error': 0.0023669225092587897, 'shap_norm_sq': 0.8676799632298378, 'weighted_error': 1.005253359918546, 'gamma': 0.2627512297382435, 'normalized_gamma': 0.3}
{'sample_size': 80, 'difference': 2, 'noise': 0.1, 'n': 8, 'shap_error': 0.006436334483579937, 'shap_norm_sq': 0.8676799632298378, 'weighted_error': 1.0092812102694877, 'gamma': 0.2627512297382435, 'normalized_gamma': 0.3}
{'sample_size': 80, 'difference': 2, 'noise': 0.5, 'n': 8, 'shap_error': 0.16724860289103943, 'shap_norm_sq': 0.8676799632298378, 'weighted_error': 1.2565674616490554, 'gamma': 0.2627512297382435, 'normalized_gamma': 0.3}
{'sample_size': 80, 'difference': 2, 'noise': 1, 'n': 8, 'shap_error': 0.6889063699325891, 'shap_norm_sq': 0.8676799632298378, 'weighted_error': 2.1033338973035964, 'gamma': 0.2627512297382435, 'normalized_gamma': 0.3}
{'sample_size': 80, 'difference': 2, 'noise': 0.0005, 'n': 8, 'shap_error': 0.00867872629632649, 'shap_norm_sq': 0.7669432875546787, 'weighted_error': 1.0203401156596004, 'gamma': 0.4276524600366727, 'normalized_gamma': 0.56}
{'sample_size': 80, 'difference': 2, 'noise': 0.001, 'n': 8, 'shap_error': 0.008711655062782273, 'shap_norm_sq': 0.7669432875546787, 'weighted_error': 1.0204141856285964, 'gamma': 0.4276524600366727, 'normalized_gamma': 0.56}
{'sample_size': 80, 'difference': 2, 'noise': 0.005, 'n': 8, 'shap_error': 0.00901576857266224, 'shap_norm_sq': 0.7669432875546787, 'weighted_error': 1.0210274964349058, 'gamma': 0.4276524600366727, 'normalized_gamma': 0.56}
{'sample_size': 80, 'difference': 2, 'noise': 0.01, 'n': 8, 'shap_error': 0.009497618905597567, 'shap_norm_sq': 0.7669432875546787, 'weighted_error': 1.0218460125786477, 'gamma': 0.4276524600366727, 'normalized_gamma': 0.56}
{'sample_size': 80, 'difference': 2, 'noise': 0.05, 'n': 8, 'shap_error': 0.01742075939249261, 'shap_norm_sq': 0.7669432875546787, 'weighted_error': 1.0304692471628139, 'gamma': 0.4276524600366727, 'normalized_gamma': 0.56}
{'sample_size': 80, 'difference': 2, 'noise': 0.1, 'n': 8, 'shap_error': 0.037495529559642526, 'shap_norm_sq': 0.7669432875546787, 'weighted_error': 1.0464360539785929, 'gamma': 0.4276524600366727, 'normalized_gamma': 0.56}
{'sample_size': 80, 'difference': 2, 'noise': 0.5, 'n': 8, 'shap_error': 0.6049274732380862, 'shap_norm_sq': 0.7669432875546787, 'weighted_error': 1.3816810519276594, 'gamma': 0.4276524600366727, 'normalized_gamma': 0.56}
{'sample_size': 80, 'difference': 2, 'noise': 1, 'n': 8, 'shap_error': 2.3313018586892524, 'shap_norm_sq': 0.7669432875546787, 'weighted_error': 2.319513657921086, 'gamma': 0.4276524600366727, 'normalized_gamma': 0.56}
{'sample_size': 80, 'difference': 2, 'noise': 0.0005, 'n': 8, 'shap_error': 0.0022114111181845532, 'shap_norm_sq': 3.4838271187767376, 'weighted_error': 1.0086104363044222, 'gamma': 0.2678911509015702, 'normalized_gamma': 0.077}
{'sample_size': 80, 'difference': 2, 'noise': 0.001, 'n': 8, 'shap_error': 0.002198499882386269, 'shap_norm_sq': 3.4838271187767376, 'weighted_error': 1.0085595490091972, 'gamma': 0.2678911509015702, 'normalized_gamma': 0.077}
{'sample_size': 80, 'difference': 2, 'noise': 0.005, 'n': 8, 'shap_error': 0.002103124625825733, 'shap_norm_sq': 3.4838271187767376, 'weighted_error': 1.0081685188925638, 'gamma': 0.2678911509015702, 'normalized_gamma': 0.077}
{'sample_size': 80, 'difference': 2, 'noise': 0.01, 'n': 8, 'shap_error': 0.0020036921296893895, 'shap_norm_sq': 3.4838271187767376, 'weighted_error': 1.0077199018596854, 'gamma': 0.2678911509015702, 'normalized_gamma': 0.077}
{'sample_size': 80, 'difference': 2, 'noise': 0.05, 'n': 8, 'shap_error': 0.0019996951431717883, 'shap_norm_sq': 3.4838271187767376, 'weighted_error': 1.0057377901132005, 'gamma': 0.2678911509015702, 'normalized_gamma': 0.077}
{'sample_size': 80, 'difference': 2, 'noise': 0.1, 'n': 8, 'shap_error': 0.00397335636645761, 'shap_norm_sq': 3.4838271187767376, 'weighted_error': 1.0072772117214457, 'gamma': 0.2678911509015702, 'normalized_gamma': 0.077}
{'sample_size': 80, 'difference': 2, 'noise': 0.5, 'n': 8, 'shap_error': 0.09890894441005704, 'shap_norm_sq': 3.4838271187767376, 'weighted_error': 1.180275036241482, 'gamma': 0.2678911509015702, 'normalized_gamma': 0.077}
{'sample_size': 80, 'difference': 2, 'noise': 1, 'n': 8, 'shap_error': 0.4154441751078389, 'shap_norm_sq': 3.4838271187767376, 'weighted_error': 1.7982284460267095, 'gamma': 0.2678911509015702, 'normalized_gamma': 0.077}
{'sample_size': 80, 'difference': 2, 'noise': 0.0005, 'n': 8, 'shap_error': 0.0033857314855707094, 'shap_norm_sq': 9.852490820828468, 'weighted_error': 1.0309925733385836, 'gamma': 0.12892167398048138, 'normalized_gamma': 0.013}
{'sample_size': 80, 'difference': 2, 'noise': 0.001, 'n': 8, 'shap_error': 0.0033918343094323836, 'shap_norm_sq': 9.852490820828468, 'weighted_error': 1.0310482295167456, 'gamma': 0.12892167398048138, 'normalized_gamma': 0.013}
{'sample_size': 80, 'difference': 2, 'noise': 0.005, 'n': 8, 'shap_error': 0.0034421685290085763, 'shap_norm_sq': 9.852490820828468, 'weighted_error': 1.0315023000804282, 'gamma': 0.12892167398048138, 'normalized_gamma': 0.013}
{'sample_size': 80, 'difference': 2, 'noise': 0.01, 'n': 8, 'shap_error': 0.003508865375185617, 'shap_norm_sq': 9.852490820828468, 'weighted_error': 1.0320919411309957, 'gamma': 0.12892167398048138, 'normalized_gamma': 0.013}
{'sample_size': 80, 'difference': 2, 'noise': 0.05, 'n': 8, 'shap_error': 0.004193603012875271, 'shap_norm_sq': 9.852490820828468, 'weighted_error': 1.037691183374156, 'gamma': 0.12892167398048138, 'normalized_gamma': 0.013}
{'sample_size': 80, 'difference': 2, 'noise': 0.1, 'n': 8, 'shap_error': 0.005427432230670212, 'shap_norm_sq': 9.852490820828468, 'weighted_error': 1.0468955207746429, 'gamma': 0.12892167398048138, 'normalized_gamma': 0.013}
{'sample_size': 80, 'difference': 2, 'noise': 0.5, 'n': 8, 'shap_error': 0.03041435280034583, 'shap_norm_sq': 9.852490820828468, 'weighted_error': 1.208741603840034, 'gamma': 0.12892167398048138, 'normalized_gamma': 0.013}
{'sample_size': 80, 'difference': 2, 'noise': 1, 'n': 8, 'shap_error': 0.09943872058073092, 'shap_norm_sq': 9.852490820828468, 'weighted_error': 1.6315776673255116, 'gamma': 0.12892167398048138, 'normalized_gamma': 0.013}
{'sample_size': 80, 'difference': 2, 'noise': 0.0005, 'n': 8, 'shap_error': 0.009581156489988826, 'shap_norm_sq': 6.7232226165276465, 'weighted_error': 1.0118463511628255, 'gamma': 0.8087892814982114, 'normalized_gamma': 0.12}
{'sample_size': 80, 'difference': 2, 'noise': 0.001, 'n': 8, 'shap_error': 0.00956481833418704, 'shap_norm_sq': 6.7232226165276465, 'weighted_error': 1.0118260749439851, 'gamma': 0.8087892814982114, 'normalized_gamma': 0.12}
{'sample_size': 80, 'difference': 2, 'noise': 0.005, 'n': 8, 'shap_error': 0.009437496187678359, 'shap_norm_sq': 6.7232226165276465, 'weighted_error': 1.0116662393873193, 'gamma': 0.8087892814982114, 'normalized_gamma': 0.12}
{'sample_size': 80, 'difference': 2, 'noise': 0.01, 'n': 8, 'shap_error': 0.009286801254305942, 'shap_norm_sq': 6.7232226165276465, 'weighted_error': 1.0114723804266288, 'gamma': 0.8087892814982114, 'normalized_gamma': 0.12}
{'sample_size': 80, 'difference': 2, 'noise': 0.05, 'n': 8, 'shap_error': 0.00841955177786418, 'shap_norm_sq': 6.7232226165276465, 'weighted_error': 1.010158928146778, 'gamma': 0.8087892814982114, 'normalized_gamma': 0.12}
{'sample_size': 80, 'difference': 2, 'noise': 0.1, 'n': 8, 'shap_error': 0.00818126490865627, 'shap_norm_sq': 6.7232226165276465, 'weighted_error': 1.0091106613111491, 'gamma': 0.8087892814982114, 'normalized_gamma': 0.12}
{'sample_size': 80, 'difference': 2, 'noise': 0.5, 'n': 8, 'shap_error': 0.04010596900876477, 'shap_norm_sq': 6.7232226165276465, 'weighted_error': 1.0244664671935304, 'gamma': 0.8087892814982114, 'normalized_gamma': 0.12}
{'sample_size': 80, 'difference': 2, 'noise': 1, 'n': 8, 'shap_error': 0.16458934676832968, 'shap_norm_sq': 6.7232226165276465, 'weighted_error': 1.1030160759650285, 'gamma': 0.8087892814982114, 'normalized_gamma': 0.12}
{'sample_size': 80, 'difference': 2, 'noise': 0.0005, 'n': 8, 'shap_error': 0.0001873727233568143, 'shap_norm_sq': 0.4486707058037744, 'weighted_error': 1.022730044561801, 'gamma': 0.008933034818275936, 'normalized_gamma': 0.02}
{'sample_size': 80, 'difference': 2, 'noise': 0.001, 'n': 8, 'shap_error': 0.00018230183581761345, 'shap_norm_sq': 0.4486707058037744, 'weighted_error': 1.0221094472644066, 'gamma': 0.008933034818275936, 'normalized_gamma': 0.02}
{'sample_size': 80, 'difference': 2, 'noise': 0.005, 'n': 8, 'shap_error': 0.0001726161025082614, 'shap_norm_sq': 0.4486707058037744, 'weighted_error': 1.0207604509313937, 'gamma': 0.008933034818275936, 'normalized_gamma': 0.02}
{'sample_size': 80, 'difference': 2, 'noise': 0.01, 'n': 8, 'shap_error': 0.000237712353382135, 'shap_norm_sq': 0.4486707058037744, 'weighted_error': 1.028113660630478, 'gamma': 0.008933034818275936, 'normalized_gamma': 0.02}
{'sample_size': 80, 'difference': 2, 'noise': 0.05, 'n': 8, 'shap_error': 0.003846619060795633, 'shap_norm_sq': 0.4486707058037744, 'weighted_error': 1.4485175428371646, 'gamma': 0.008933034818275936, 'normalized_gamma': 0.02}
{'sample_size': 80, 'difference': 2, 'noise': 0.1, 'n': 8, 'shap_error': 0.016078094196118782, 'shap_norm_sq': 0.4486707058037744, 'weighted_error': 2.8779679071305555, 'gamma': 0.008933034818275936, 'normalized_gamma': 0.02}
{'sample_size': 80, 'difference': 2, 'noise': 0.5, 'n': 8, 'shap_error': 0.4227435653209564, 'shap_norm_sq': 0.4486707058037744, 'weighted_error': 50.471391282879104, 'gamma': 0.008933034818275936, 'normalized_gamma': 0.02}
{'sample_size': 80, 'difference': 2, 'noise': 1, 'n': 8, 'shap_error': 1.7031095793326323, 'shap_norm_sq': 0.4486707058037744, 'weighted_error': 200.35772165606815, 'gamma': 0.008933034818275936, 'normalized_gamma': 0.02}
{'sample_size': 80, 'difference': 2, 'noise': 0.0005, 'n': 8, 'shap_error': 0.0008072304275663228, 'shap_norm_sq': 6.221848992260961, 'weighted_error': 1.0064948529098476, 'gamma': 0.1421457422752904, 'normalized_gamma': 0.023}
{'sample_size': 80, 'difference': 2, 'noise': 0.001, 'n': 8, 'shap_error': 0.0008065431319360443, 'shap_norm_sq': 6.221848992260961, 'weighted_error': 1.0064891706224801, 'gamma': 0.1421457422752904, 'normalized_gamma': 0.023}
{'sample_size': 80, 'difference': 2, 'noise': 0.005, 'n': 8, 'shap_error': 0.0008025367321897584, 'shap_norm_sq': 6.221848992260961, 'weighted_error': 1.0064520599919125, 'gamma': 0.1421457422752904, 'normalized_gamma': 0.023}
{'sample_size': 80, 'difference': 2, 'noise': 0.01, 'n': 8, 'shap_error': 0.0008012586457467397, 'shap_norm_sq': 6.221848992260961, 'weighted_error': 1.0064265408746365, 'gamma': 0.1421457422752904, 'normalized_gamma': 0.023}
{'sample_size': 80, 'difference': 2, 'noise': 0.05, 'n': 8, 'shap_error': 0.0009402304837960587, 'shap_norm_sq': 6.221848992260961, 'weighted_error': 1.0070571547737415, 'gamma': 0.1421457422752904, 'normalized_gamma': 0.023}
{'sample_size': 80, 'difference': 2, 'noise': 0.1, 'n': 8, 'shap_error': 0.001486936605341438, 'shap_norm_sq': 6.221848992260961, 'weighted_error': 1.0099323392409116, 'gamma': 0.1421457422752904, 'normalized_gamma': 0.023}
{'sample_size': 80, 'difference': 2, 'noise': 0.5, 'n': 8, 'shap_error': 0.020780238537053745, 'shap_norm_sq': 6.221848992260961, 'weighted_error': 1.116410498709827, 'gamma': 0.1421457422752904, 'normalized_gamma': 0.023}
{'sample_size': 80, 'difference': 2, 'noise': 1, 'n': 8, 'shap_error': 0.08219599835006731, 'shap_norm_sq': 6.221848992260961, 'weighted_error': 1.4581999073748542, 'gamma': 0.1421457422752904, 'normalized_gamma': 0.023}
{'sample_size': 80, 'difference': 2, 'noise': 0.0005, 'n': 8, 'shap_error': 0.0051051049154425335, 'shap_norm_sq': 12.062630035185805, 'weighted_error': 1.0258567074370264, 'gamma': 0.20635756741253616, 'normalized_gamma': 0.017}
{'sample_size': 80, 'difference': 2, 'noise': 0.001, 'n': 8, 'shap_error': 0.005115480034441483, 'shap_norm_sq': 12.062630035185805, 'weighted_error': 1.0259092558786347, 'gamma': 0.20635756741253616, 'normalized_gamma': 0.017}
{'sample_size': 80, 'difference': 2, 'noise': 0.005, 'n': 8, 'shap_error': 0.005199233840355272, 'shap_norm_sq': 12.062630035185805, 'weighted_error': 1.0263334499692576, 'gamma': 0.20635756741253616, 'normalized_gamma': 0.017}
{'sample_size': 80, 'difference': 2, 'noise': 0.01, 'n': 8, 'shap_error': 0.005305808232553477, 'shap_norm_sq': 12.062630035185805, 'weighted_error': 1.0268732089769288, 'gamma': 0.20635756741253616, 'normalized_gamma': 0.017}
{'sample_size': 80, 'difference': 2, 'noise': 0.05, 'n': 8, 'shap_error': 0.006233688762378212, 'shap_norm_sq': 12.062630035185805, 'weighted_error': 1.0315719368140102, 'gamma': 0.20635756741253616, 'normalized_gamma': 0.017}
{'sample_size': 80, 'difference': 2, 'noise': 0.1, 'n': 8, 'shap_error': 0.0075817529052565405, 'shap_norm_sq': 12.062630035185805, 'weighted_error': 1.0383969860496416, 'gamma': 0.20635756741253616, 'normalized_gamma': 0.017}
{'sample_size': 80, 'difference': 2, 'noise': 0.5, 'n': 8, 'shap_error': 0.025894805272183255, 'shap_norm_sq': 12.062630035185805, 'weighted_error': 1.1310629575058724, 'gamma': 0.20635756741253616, 'normalized_gamma': 0.017}
{'sample_size': 80, 'difference': 2, 'noise': 1, 'n': 8, 'shap_error': 0.06760746879059092, 'shap_norm_sq': 12.062630035185805, 'weighted_error': 1.3420593657541122, 'gamma': 0.20635756741253616, 'normalized_gamma': 0.017}
{'sample_size': 80, 'difference': 2, 'noise': 0.0005, 'n': 8, 'shap_error': 0.003284157416624411, 'shap_norm_sq': 5.400069149241925, 'weighted_error': 1.006355861989151, 'gamma': 0.5167753824002341, 'normalized_gamma': 0.096}
{'sample_size': 80, 'difference': 2, 'noise': 0.001, 'n': 8, 'shap_error': 0.003288272411131013, 'shap_norm_sq': 5.400069149241925, 'weighted_error': 1.0063638231199992, 'gamma': 0.5167753824002341, 'normalized_gamma': 0.096}
{'sample_size': 80, 'difference': 2, 'noise': 0.005, 'n': 8, 'shap_error': 0.003323834011896914, 'shap_norm_sq': 5.400069149241925, 'weighted_error': 1.0064325612327563, 'gamma': 0.5167753824002341, 'normalized_gamma': 0.096}
{'sample_size': 80, 'difference': 2, 'noise': 0.01, 'n': 8, 'shap_error': 0.003374890124637059, 'shap_norm_sq': 5.400069149241925, 'weighted_error': 1.0065311065386406, 'gamma': 0.5167753824002341, 'normalized_gamma': 0.096}
{'sample_size': 80, 'difference': 2, 'noise': 0.05, 'n': 8, 'shap_error': 0.004047503497869431, 'shap_norm_sq': 5.400069149241925, 'weighted_error': 1.0078243755832135, 'gamma': 0.5167753824002341, 'normalized_gamma': 0.096}
{'sample_size': 80, 'difference': 2, 'noise': 0.1, 'n': 8, 'shap_error': 0.005548681392687709, 'shap_norm_sq': 5.400069149241925, 'weighted_error': 1.010703228382678, 'gamma': 0.5167753824002341, 'normalized_gamma': 0.096}
{'sample_size': 80, 'difference': 2, 'noise': 0.5, 'n': 8, 'shap_error': 0.043974551682347415, 'shap_norm_sq': 5.400069149241925, 'weighted_error': 1.084224710528318, 'gamma': 0.5167753824002341, 'normalized_gamma': 0.096}
{'sample_size': 80, 'difference': 2, 'noise': 1, 'n': 8, 'shap_error': 0.15804800737220545, 'shap_norm_sq': 5.400069149241925, 'weighted_error': 1.3023532125851813, 'gamma': 0.5167753824002341, 'normalized_gamma': 0.096}
{'sample_size': 80, 'difference': 2, 'noise': 0.0005, 'n': 8, 'shap_error': 0.0020145571036747903, 'shap_norm_sq': 5.663971015475182, 'weighted_error': 1.020629216290064, 'gamma': 0.11272741794882299, 'normalized_gamma': 0.02}
{'sample_size': 80, 'difference': 2, 'noise': 0.001, 'n': 8, 'shap_error': 0.002017430840477985, 'shap_norm_sq': 5.663971015475182, 'weighted_error': 1.020658262093349, 'gamma': 0.11272741794882299, 'normalized_gamma': 0.02}
{'sample_size': 80, 'difference': 2, 'noise': 0.005, 'n': 8, 'shap_error': 0.002042654851520987, 'shap_norm_sq': 5.663971015475182, 'weighted_error': 1.0209043297905231, 'gamma': 0.11272741794882299, 'normalized_gamma': 0.02}
{'sample_size': 80, 'difference': 2, 'noise': 0.01, 'n': 8, 'shap_error': 0.002079770156868194, 'shap_norm_sq': 5.663971015475182, 'weighted_error': 1.0212461675892197, 'gamma': 0.11272741794882299, 'normalized_gamma': 0.02}
{'sample_size': 80, 'difference': 2, 'noise': 0.05, 'n': 8, 'shap_error': 0.002600104261385258, 'shap_norm_sq': 5.663971015475182, 'weighted_error': 1.0253509970679833, 'gamma': 0.11272741794882299, 'normalized_gamma': 0.02}
{'sample_size': 80, 'difference': 2, 'noise': 0.1, 'n': 8, 'shap_error': 0.003809051046379742, 'shap_norm_sq': 5.663971015475182, 'weighted_error': 1.0339073516394113, 'gamma': 0.11272741794882299, 'normalized_gamma': 0.02}
{'sample_size': 80, 'difference': 2, 'noise': 0.5, 'n': 8, 'shap_error': 0.03582179150026153, 'shap_norm_sq': 5.663971015475182, 'weighted_error': 1.2393708971297495, 'gamma': 0.11272741794882299, 'normalized_gamma': 0.02}
{'sample_size': 80, 'difference': 2, 'noise': 1, 'n': 8, 'shap_error': 0.1316906325024286, 'shap_norm_sq': 5.663971015475182, 'weighted_error': 1.8387321012899638, 'gamma': 0.11272741794882299, 'normalized_gamma': 0.02}
{'sample_size': 80, 'difference': 2, 'noise': 0.0005, 'n': 8, 'shap_error': 0.004071213371928676, 'shap_norm_sq': 11.419644263779858, 'weighted_error': 1.008567641737809, 'gamma': 0.4782311631194956, 'normalized_gamma': 0.042}
{'sample_size': 80, 'difference': 2, 'noise': 0.001, 'n': 8, 'shap_error': 0.004077044738801108, 'shap_norm_sq': 11.419644263779858, 'weighted_error': 1.0085798860217938, 'gamma': 0.4782311631194956, 'normalized_gamma': 0.042}
{'sample_size': 80, 'difference': 2, 'noise': 0.005, 'n': 8, 'shap_error': 0.0041245051282437105, 'shap_norm_sq': 11.419644263779858, 'weighted_error': 1.0086788838259395, 'gamma': 0.4782311631194956, 'normalized_gamma': 0.042}
{'sample_size': 80, 'difference': 2, 'noise': 0.01, 'n': 8, 'shap_error': 0.00418585425120449, 'shap_norm_sq': 11.419644263779858, 'weighted_error': 1.008805239911784, 'gamma': 0.4782311631194956, 'normalized_gamma': 0.042}
{'sample_size': 80, 'difference': 2, 'noise': 0.05, 'n': 8, 'shap_error': 0.004757592681190363, 'shap_norm_sq': 11.419644263779858, 'weighted_error': 1.0099204418250505, 'gamma': 0.4782311631194956, 'normalized_gamma': 0.042}
{'sample_size': 80, 'difference': 2, 'noise': 0.1, 'n': 8, 'shap_error': 0.005674629334422461, 'shap_norm_sq': 11.419644263779858, 'weighted_error': 1.0115753272829098, 'gamma': 0.4782311631194956, 'normalized_gamma': 0.042}
{'sample_size': 80, 'difference': 2, 'noise': 0.5, 'n': 8, 'shap_error': 0.021105467190268637, 'shap_norm_sq': 11.419644263779858, 'weighted_error': 1.0352497335968205, 'gamma': 0.4782311631194956, 'normalized_gamma': 0.042}
{'sample_size': 80, 'difference': 2, 'noise': 1, 'n': 8, 'shap_error': 0.0606303760850498, 'shap_norm_sq': 11.419644263779858, 'weighted_error': 1.090931048116803, 'gamma': 0.4782311631194956, 'normalized_gamma': 0.042}
{'sample_size': 80, 'difference': 2, 'noise': 0.0005, 'n': 8, 'shap_error': 0.010656920358985428, 'shap_norm_sq': 2.3195267821313656, 'weighted_error': 1.0231662153230685, 'gamma': 0.4605160857940635, 'normalized_gamma': 0.2}
{'sample_size': 80, 'difference': 2, 'noise': 0.001, 'n': 8, 'shap_error': 0.010645454566760757, 'shap_norm_sq': 2.3195267821313656, 'weighted_error': 1.0231412763350451, 'gamma': 0.4605160857940635, 'normalized_gamma': 0.2}
{'sample_size': 80, 'difference': 2, 'noise': 0.005, 'n': 8, 'shap_error': 0.010557389250767648, 'shap_norm_sq': 2.3195267821313656, 'weighted_error': 1.0229493766470152, 'gamma': 0.4605160857940635, 'normalized_gamma': 0.2}
{'sample_size': 80, 'difference': 2, 'noise': 0.01, 'n': 8, 'shap_error': 0.010456460160286766, 'shap_norm_sq': 2.3195267821313656, 'weighted_error': 1.0227285325773683, 'gamma': 0.4605160857940635, 'normalized_gamma': 0.2}
{'sample_size': 80, 'difference': 2, 'noise': 0.05, 'n': 8, 'shap_error': 0.010015129616864182, 'shap_norm_sq': 2.3195267821313656, 'weighted_error': 1.0217230016358214, 'gamma': 0.4605160857940635, 'normalized_gamma': 0.2}
{'sample_size': 80, 'difference': 2, 'noise': 0.1, 'n': 8, 'shap_error': 0.010378721888645848, 'shap_norm_sq': 2.3195267821313656, 'weighted_error': 1.0223691419979526, 'gamma': 0.4605160857940635, 'normalized_gamma': 0.2}
{'sample_size': 80, 'difference': 2, 'noise': 0.5, 'n': 8, 'shap_error': 0.04989767810529608, 'shap_norm_sq': 2.3195267821313656, 'weighted_error': 1.1036604264576189, 'gamma': 0.4605160857940635, 'normalized_gamma': 0.2}
{'sample_size': 80, 'difference': 2, 'noise': 1, 'n': 8, 'shap_error': 0.19082191848210203, 'shap_norm_sq': 2.3195267821313656, 'weighted_error': 1.3955799359387429, 'gamma': 0.4605160857940635, 'normalized_gamma': 0.2}
{'sample_size': 80, 'difference': 2, 'noise': 0.0005, 'n': 8, 'shap_error': 0.00826588698171785, 'shap_norm_sq': 12.321436056203702, 'weighted_error': 1.019164194308234, 'gamma': 0.4339688831207616, 'normalized_gamma': 0.035}
{'sample_size': 80, 'difference': 2, 'noise': 0.001, 'n': 8, 'shap_error': 0.008260183035982386, 'shap_norm_sq': 12.321436056203702, 'weighted_error': 1.019150956441592, 'gamma': 0.4339688831207616, 'normalized_gamma': 0.035}
{'sample_size': 80, 'difference': 2, 'noise': 0.005, 'n': 8, 'shap_error': 0.00821618537428327, 'shap_norm_sq': 12.321436056203702, 'weighted_error': 1.0190485188281113, 'gamma': 0.4339688831207616, 'normalized_gamma': 0.035}
{'sample_size': 80, 'difference': 2, 'noise': 0.01, 'n': 8, 'shap_error': 0.008165273057620536, 'shap_norm_sq': 12.321436056203702, 'weighted_error': 1.018929135110401, 'gamma': 0.4339688831207616, 'normalized_gamma': 0.035}
{'sample_size': 80, 'difference': 2, 'noise': 0.05, 'n': 8, 'shap_error': 0.007921364942767352, 'shap_norm_sq': 12.321436056203702, 'weighted_error': 1.018320597334347, 'gamma': 0.4339688831207616, 'normalized_gamma': 0.035}
{'sample_size': 80, 'difference': 2, 'noise': 0.1, 'n': 8, 'shap_error': 0.00802495584532205, 'shap_norm_sq': 12.321436056203702, 'weighted_error': 1.0184262550283465, 'gamma': 0.4339688831207616, 'normalized_gamma': 0.035}
{'sample_size': 80, 'difference': 2, 'noise': 0.5, 'n': 8, 'shap_error': 0.025192724910607738, 'shap_norm_sq': 12.321436056203702, 'weighted_error': 1.0539247131430292, 'gamma': 0.4339688831207616, 'normalized_gamma': 0.035}
{'sample_size': 80, 'difference': 2, 'noise': 1, 'n': 8, 'shap_error': 0.0875000408543351, 'shap_norm_sq': 12.321436056203702, 'weighted_error': 1.184930777193099, 'gamma': 0.4339688831207616, 'normalized_gamma': 0.035}
{'sample_size': 80, 'difference': 2, 'noise': 0.0005, 'n': 8, 'shap_error': 0.0034190703629109484, 'shap_norm_sq': 8.862634466984334, 'weighted_error': 1.0079246075789692, 'gamma': 0.43906264197981854, 'normalized_gamma': 0.05}
{'sample_size': 80, 'difference': 2, 'noise': 0.001, 'n': 8, 'shap_error': 0.003413451533494411, 'shap_norm_sq': 8.862634466984334, 'weighted_error': 1.0079115356487827, 'gamma': 0.43906264197981854, 'normalized_gamma': 0.05}
{'sample_size': 80, 'difference': 2, 'noise': 0.005, 'n': 8, 'shap_error': 0.003369466521513808, 'shap_norm_sq': 8.862634466984334, 'weighted_error': 1.007808028052493, 'gamma': 0.43906264197981854, 'normalized_gamma': 0.05}
{'sample_size': 80, 'difference': 2, 'noise': 0.01, 'n': 8, 'shap_error': 0.003316899314916984, 'shap_norm_sq': 8.862634466984334, 'weighted_error': 1.0076813131701339, 'gamma': 0.43906264197981854, 'normalized_gamma': 0.05}
{'sample_size': 80, 'difference': 2, 'noise': 0.05, 'n': 8, 'shap_error': 0.0029929239973010132, 'shap_norm_sq': 8.862634466984334, 'weighted_error': 1.0067743786313865, 'gamma': 0.43906264197981854, 'normalized_gamma': 0.05}
{'sample_size': 80, 'difference': 2, 'noise': 0.1, 'n': 8, 'shap_error': 0.002829360688177492, 'shap_norm_sq': 8.862634466984334, 'weighted_error': 1.0059076717582642, 'gamma': 0.43906264197981854, 'normalized_gamma': 0.05}
{'sample_size': 80, 'difference': 2, 'noise': 0.5, 'n': 8, 'shap_error': 0.011177087731046803, 'shap_norm_sq': 8.862634466984334, 'weighted_error': 1.0096524687857502, 'gamma': 0.43906264197981854, 'normalized_gamma': 0.05}
{'sample_size': 80, 'difference': 2, 'noise': 1, 'n': 8, 'shap_error': 0.045752330324277196, 'shap_norm_sq': 8.862634466984334, 'weighted_error': 1.041029595101273, 'gamma': 0.43906264197981854, 'normalized_gamma': 0.05}
{'sample_size': 80, 'difference': 2, 'noise': 0.0005, 'n': 8, 'shap_error': 0.0019447771820254444, 'shap_norm_sq': 5.352794397169357, 'weighted_error': 1.0168708585480422, 'gamma': 0.11941818127357212, 'normalized_gamma': 0.022}
{'sample_size': 80, 'difference': 2, 'noise': 0.001, 'n': 8, 'shap_error': 0.0019393000552584063, 'shap_norm_sq': 5.352794397169357, 'weighted_error': 1.0168230664261468, 'gamma': 0.11941818127357212, 'normalized_gamma': 0.022}
{'sample_size': 80, 'difference': 2, 'noise': 0.005, 'n': 8, 'shap_error': 0.0019001464007828213, 'shap_norm_sq': 5.352794397169357, 'weighted_error': 1.01647450695758, 'gamma': 0.11941818127357212, 'normalized_gamma': 0.022}
{'sample_size': 80, 'difference': 2, 'noise': 0.01, 'n': 8, 'shap_error': 0.0018628627318403174, 'shap_norm_sq': 5.352794397169357, 'weighted_error': 1.0161232513883665, 'gamma': 0.11941818127357212, 'normalized_gamma': 0.022}
{'sample_size': 80, 'difference': 2, 'noise': 0.05, 'n': 8, 'shap_error': 0.002030929346379447, 'shap_norm_sq': 5.352794397169357, 'weighted_error': 1.016690957494436, 'gamma': 0.11941818127357212, 'normalized_gamma': 0.022}
{'sample_size': 80, 'difference': 2, 'noise': 0.1, 'n': 8, 'shap_error': 0.0034068525297510695, 'shap_norm_sq': 5.352794397169357, 'weighted_error': 1.0258449667764706, 'gamma': 0.11941818127357212, 'normalized_gamma': 0.022}
{'sample_size': 80, 'difference': 2, 'noise': 0.5, 'n': 8, 'shap_error': 0.06104783460463294, 'shap_norm_sq': 5.352794397169357, 'weighted_error': 1.4368521070106621, 'gamma': 0.11941818127357212, 'normalized_gamma': 0.022}
{'sample_size': 80, 'difference': 2, 'noise': 1, 'n': 8, 'shap_error': 0.24968305371800736, 'shap_norm_sq': 5.352794397169357, 'weighted_error': 2.7950486972481845, 'gamma': 0.11941818127357212, 'normalized_gamma': 0.022}
{'sample_size': 80, 'difference': 2, 'noise': 0.0005, 'n': 8, 'shap_error': 0.0016153071265072154, 'shap_norm_sq': 3.195957986394835, 'weighted_error': 1.003605873168162, 'gamma': 0.4579278634147463, 'normalized_gamma': 0.14}
{'sample_size': 80, 'difference': 2, 'noise': 0.001, 'n': 8, 'shap_error': 0.001612770144207155, 'shap_norm_sq': 3.195957986394835, 'weighted_error': 1.0035998986892434, 'gamma': 0.4579278634147463, 'normalized_gamma': 0.14}
{'sample_size': 80, 'difference': 2, 'noise': 0.005, 'n': 8, 'shap_error': 0.0015972751431010078, 'shap_norm_sq': 3.195957986394835, 'weighted_error': 1.0035553600703115, 'gamma': 0.4579278634147463, 'normalized_gamma': 0.14}
{'sample_size': 80, 'difference': 2, 'noise': 0.01, 'n': 8, 'shap_error': 0.00158990853495431, 'shap_norm_sq': 3.195957986394835, 'weighted_error': 1.0035078298276892, 'gamma': 0.4579278634147463, 'normalized_gamma': 0.14}
{'sample_size': 80, 'difference': 2, 'noise': 0.05, 'n': 8, 'shap_error': 0.0020110613992198, 'shap_norm_sq': 3.195957986394835, 'weighted_error': 1.0034533091284021, 'gamma': 0.4579278634147463, 'normalized_gamma': 0.14}
{'sample_size': 80, 'difference': 2, 'noise': 0.1, 'n': 8, 'shap_error': 0.0037377168031493928, 'shap_norm_sq': 3.195957986394835, 'weighted_error': 1.0041994613585252, 'gamma': 0.4579278634147463, 'normalized_gamma': 0.14}
{'sample_size': 80, 'difference': 2, 'noise': 0.5, 'n': 8, 'shap_error': 0.06555953297849551, 'shap_norm_sq': 3.195957986394835, 'weighted_error': 1.0427408033687748, 'gamma': 0.4579278634147463, 'normalized_gamma': 0.14}
{'sample_size': 80, 'difference': 2, 'noise': 1, 'n': 8, 'shap_error': 0.26285823555745136, 'shap_norm_sq': 3.195957986394835, 'weighted_error': 1.1723477913047498, 'gamma': 0.4579278634147463, 'normalized_gamma': 0.14}
{'sample_size': 80, 'difference': 2, 'noise': 0.0005, 'n': 8, 'shap_error': 0.007428568376754733, 'shap_norm_sq': 6.147525943335392, 'weighted_error': 1.0196383532648303, 'gamma': 0.381469666879189, 'normalized_gamma': 0.062}
{'sample_size': 80, 'difference': 2, 'noise': 0.001, 'n': 8, 'shap_error': 0.007441404703056842, 'shap_norm_sq': 6.147525943335392, 'weighted_error': 1.0196722578362312, 'gamma': 0.381469666879189, 'normalized_gamma': 0.062}
{'sample_size': 80, 'difference': 2, 'noise': 0.005, 'n': 8, 'shap_error': 0.0075450913497843155, 'shap_norm_sq': 6.147525943335392, 'weighted_error': 1.0199454110136512, 'gamma': 0.381469666879189, 'normalized_gamma': 0.062}
{'sample_size': 80, 'difference': 2, 'noise': 0.01, 'n': 8, 'shap_error': 0.007677189748969908, 'shap_norm_sq': 6.147525943335392, 'weighted_error': 1.0202916440009604, 'gamma': 0.381469666879189, 'normalized_gamma': 0.062}
{'sample_size': 80, 'difference': 2, 'noise': 0.05, 'n': 8, 'shap_error': 0.008833580573508243, 'shap_norm_sq': 6.147525943335392, 'weighted_error': 1.0232531685207964, 'gamma': 0.381469666879189, 'normalized_gamma': 0.062}
{'sample_size': 80, 'difference': 2, 'noise': 0.1, 'n': 8, 'shap_error': 0.010528078181815026, 'shap_norm_sq': 6.147525943335392, 'weighted_error': 1.0274342257239968, 'gamma': 0.381469666879189, 'normalized_gamma': 0.062}
{'sample_size': 80, 'difference': 2, 'noise': 0.5, 'n': 8, 'shap_error': 0.03404442215362206, 'shap_norm_sq': 6.147525943335392, 'weighted_error': 1.0800487454857992, 'gamma': 0.381469666879189, 'normalized_gamma': 0.062}
{'sample_size': 80, 'difference': 2, 'noise': 1, 'n': 8, 'shap_error': 0.08834075988176278, 'shap_norm_sq': 6.147525943335392, 'weighted_error': 1.1937320505285551, 'gamma': 0.381469666879189, 'normalized_gamma': 0.062}
{'sample_size': 80, 'difference': 2, 'noise': 0.0005, 'n': 8, 'shap_error': 0.006895960353792961, 'shap_norm_sq': 1.8886864592317933, 'weighted_error': 1.015127091439493, 'gamma': 0.45887037448388357, 'normalized_gamma': 0.24}
{'sample_size': 80, 'difference': 2, 'noise': 0.001, 'n': 8, 'shap_error': 0.006888796440911784, 'shap_norm_sq': 1.8886864592317933, 'weighted_error': 1.0151113601339548, 'gamma': 0.45887037448388357, 'normalized_gamma': 0.24}
{'sample_size': 80, 'difference': 2, 'noise': 0.005, 'n': 8, 'shap_error': 0.0068324333515540564, 'shap_norm_sq': 1.8886864592317933, 'weighted_error': 1.0149871942441526, 'gamma': 0.45887037448388357, 'normalized_gamma': 0.24}
{'sample_size': 80, 'difference': 2, 'noise': 0.01, 'n': 8, 'shap_error': 0.006764350024086425, 'shap_norm_sq': 1.8886864592317933, 'weighted_error': 1.0148361982681622, 'gamma': 0.45887037448388357, 'normalized_gamma': 0.24}
{'sample_size': 80, 'difference': 2, 'noise': 0.05, 'n': 8, 'shap_error': 0.006314504773528449, 'shap_norm_sq': 1.8886864592317933, 'weighted_error': 1.013796685910735, 'gamma': 0.45887037448388357, 'normalized_gamma': 0.24}
{'sample_size': 80, 'difference': 2, 'noise': 0.1, 'n': 8, 'shap_error': 0.005989251633287878, 'shap_norm_sq': 1.8886864592317933, 'weighted_error': 1.0129184340901902, 'gamma': 0.45887037448388357, 'normalized_gamma': 0.24}
{'sample_size': 80, 'difference': 2, 'noise': 0.5, 'n': 8, 'shap_error': 0.012869363429639834, 'shap_norm_sq': 1.8886864592317933, 'weighted_error': 1.0227379645753725, 'gamma': 0.45887037448388357, 'normalized_gamma': 0.24}
{'sample_size': 80, 'difference': 2, 'noise': 1, 'n': 8, 'shap_error': 0.04517484547077148, 'shap_norm_sq': 1.8886864592317933, 'weighted_error': 1.0771262403057087, 'gamma': 0.45887037448388357, 'normalized_gamma': 0.24}
{'sample_size': 80, 'difference': 2, 'noise': 0.0005, 'n': 8, 'shap_error': 0.0019576507295438385, 'shap_norm_sq': 2.442608352710704, 'weighted_error': 1.01573739968964, 'gamma': 0.13801164302784927, 'normalized_gamma': 0.057}
{'sample_size': 80, 'difference': 2, 'noise': 0.001, 'n': 8, 'shap_error': 0.0019611147007241466, 'shap_norm_sq': 2.442608352710704, 'weighted_error': 1.0157651574823194, 'gamma': 0.13801164302784927, 'normalized_gamma': 0.057}
{'sample_size': 80, 'difference': 2, 'noise': 0.005, 'n': 8, 'shap_error': 0.0019933101013095457, 'shap_norm_sq': 2.442608352710704, 'weighted_error': 1.0160211514791482, 'gamma': 0.13801164302784927, 'normalized_gamma': 0.057}
{'sample_size': 80, 'difference': 2, 'noise': 0.01, 'n': 8, 'shap_error': 0.002044763429898389, 'shap_norm_sq': 2.442608352710704, 'weighted_error': 1.0164259731136633, 'gamma': 0.13801164302784927, 'normalized_gamma': 0.057}
{'sample_size': 80, 'difference': 2, 'noise': 0.05, 'n': 8, 'shap_error': 0.0029047531728934118, 'shap_norm_sq': 2.442608352710704, 'weighted_error': 1.0230577117289654, 'gamma': 0.13801164302784927, 'normalized_gamma': 0.057}
{'sample_size': 80, 'difference': 2, 'noise': 0.1, 'n': 8, 'shap_error': 0.005100648137347878, 'shap_norm_sq': 2.442608352710704, 'weighted_error': 1.0398302988460413, 'gamma': 0.13801164302784927, 'normalized_gamma': 0.057}
{'sample_size': 80, 'difference': 2, 'noise': 0.5, 'n': 8, 'shap_error': 0.06750411928141117, 'shap_norm_sq': 2.442608352710704, 'weighted_error': 1.5133275497005902, 'gamma': 0.13801164302784927, 'normalized_gamma': 0.057}
{'sample_size': 80, 'difference': 2, 'noise': 1, 'n': 8, 'shap_error': 0.2575992367825589, 'shap_norm_sq': 2.442608352710704, 'weighted_error': 2.9534904980636325, 'gamma': 0.13801164302784927, 'normalized_gamma': 0.057}
{'sample_size': 80, 'difference': 2, 'noise': 0.0005, 'n': 8, 'shap_error': 0.00232372584892254, 'shap_norm_sq': 1.8691728530328282, 'weighted_error': 1.0086291395575118, 'gamma': 0.27409479735166037, 'normalized_gamma': 0.15}
{'sample_size': 80, 'difference': 2, 'noise': 0.001, 'n': 8, 'shap_error': 0.002326311012182187, 'shap_norm_sq': 1.8691728530328282, 'weighted_error': 1.0086381214135502, 'gamma': 0.27409479735166037, 'normalized_gamma': 0.15}
{'sample_size': 80, 'difference': 2, 'noise': 0.005, 'n': 8, 'shap_error': 0.0023543876325985546, 'shap_norm_sq': 1.8691728530328282, 'weighted_error': 1.0087225974537535, 'gamma': 0.27409479735166037, 'normalized_gamma': 0.15}
{'sample_size': 80, 'difference': 2, 'noise': 0.01, 'n': 8, 'shap_error': 0.002407971693967011, 'shap_norm_sq': 1.8691728530328282, 'weighted_error': 1.0088597454837391, 'gamma': 0.27409479735166037, 'normalized_gamma': 0.15}
{'sample_size': 80, 'difference': 2, 'noise': 0.05, 'n': 8, 'shap_error': 0.0035761756188336046, 'shap_norm_sq': 1.8691728530328282, 'weighted_error': 1.011219048912901, 'gamma': 0.27409479735166037, 'normalized_gamma': 0.15}
{'sample_size': 80, 'difference': 2, 'noise': 0.1, 'n': 8, 'shap_error': 0.006885259109714615, 'shap_norm_sq': 1.8691728530328282, 'weighted_error': 1.0173234761725432, 'gamma': 0.27409479735166037, 'normalized_gamma': 0.15}
{'sample_size': 80, 'difference': 2, 'noise': 0.5, 'n': 8, 'shap_error': 0.10731107042867313, 'shap_norm_sq': 1.8691728530328282, 'weighted_error': 1.1923708131772914, 'gamma': 0.27409479735166037, 'normalized_gamma': 0.15}
{'sample_size': 80, 'difference': 2, 'noise': 1, 'n': 8, 'shap_error': 0.4177261930571472, 'shap_norm_sq': 1.8691728530328282, 'weighted_error': 1.72670978175225, 'gamma': 0.27409479735166037, 'normalized_gamma': 0.15}
{'sample_size': 80, 'difference': 2, 'noise': 0.0005, 'n': 8, 'shap_error': 0.012900465258134007, 'shap_norm_sq': 5.896663891506909, 'weighted_error': 1.0244745442415975, 'gamma': 0.5271243354574888, 'normalized_gamma': 0.089}
{'sample_size': 80, 'difference': 2, 'noise': 0.001, 'n': 8, 'shap_error': 0.01291327079141142, 'shap_norm_sq': 5.896663891506909, 'weighted_error': 1.0244987501429115, 'gamma': 0.5271243354574888, 'normalized_gamma': 0.089}
{'sample_size': 80, 'difference': 2, 'noise': 0.005, 'n': 8, 'shap_error': 0.013018931105618716, 'shap_norm_sq': 5.896663891506909, 'weighted_error': 1.0246963735131158, 'gamma': 0.5271243354574888, 'normalized_gamma': 0.089}
{'sample_size': 80, 'difference': 2, 'noise': 0.01, 'n': 8, 'shap_error': 0.013159046618348153, 'shap_norm_sq': 5.896663891506909, 'weighted_error': 1.0249533431251108, 'gamma': 0.5271243354574888, 'normalized_gamma': 0.089}
{'sample_size': 80, 'difference': 2, 'noise': 0.05, 'n': 8, 'shap_error': 0.014601575518992216, 'shap_norm_sq': 5.896663891506909, 'weighted_error': 1.0274067159906242, 'gamma': 0.5271243354574888, 'normalized_gamma': 0.089}
{'sample_size': 80, 'difference': 2, 'noise': 0.1, 'n': 8, 'shap_error': 0.01720874864181965, 'shap_norm_sq': 5.896663891506909, 'weighted_error': 1.0314674719964039, 'gamma': 0.5271243354574888, 'normalized_gamma': 0.089}
{'sample_size': 80, 'difference': 2, 'noise': 0.5, 'n': 8, 'shap_error': 0.07022661350533616, 'shap_norm_sq': 5.896663891506909, 'weighted_error': 1.103715116998156, 'gamma': 0.5271243354574888, 'normalized_gamma': 0.089}
{'sample_size': 80, 'difference': 2, 'noise': 1, 'n': 8, 'shap_error': 0.21690014428697327, 'shap_norm_sq': 5.896663891506909, 'weighted_error': 1.2934286656391307, 'gamma': 0.5271243354574888, 'normalized_gamma': 0.089}
{'sample_size': 80, 'difference': 2, 'noise': 0.0005, 'n': 8, 'shap_error': 0.004872407634791094, 'shap_norm_sq': 4.366427609485605, 'weighted_error': 1.0155263334755833, 'gamma': 0.3261815840785534, 'normalized_gamma': 0.075}
{'sample_size': 80, 'difference': 2, 'noise': 0.001, 'n': 8, 'shap_error': 0.0048727009405028915, 'shap_norm_sq': 4.366427609485605, 'weighted_error': 1.0155272348037752, 'gamma': 0.3261815840785534, 'normalized_gamma': 0.075}
{'sample_size': 80, 'difference': 2, 'noise': 0.005, 'n': 8, 'shap_error': 0.004876267295346665, 'shap_norm_sq': 4.366427609485605, 'weighted_error': 1.0155375296414404, 'gamma': 0.3261815840785534, 'normalized_gamma': 0.075}
{'sample_size': 80, 'difference': 2, 'noise': 0.01, 'n': 8, 'shap_error': 0.0048837750117767306, 'shap_norm_sq': 4.366427609485605, 'weighted_error': 1.0155581087188539, 'gamma': 0.3261815840785534, 'normalized_gamma': 0.075}
{'sample_size': 80, 'difference': 2, 'noise': 0.05, 'n': 8, 'shap_error': 0.005065827658228445, 'shap_norm_sq': 4.366427609485605, 'weighted_error': 1.0160311625514145, 'gamma': 0.3261815840785534, 'normalized_gamma': 0.075}
{'sample_size': 80, 'difference': 2, 'noise': 0.1, 'n': 8, 'shap_error': 0.005598370753820853, 'shap_norm_sq': 4.366427609485605, 'weighted_error': 1.0173935328752524, 'gamma': 0.3261815840785534, 'normalized_gamma': 0.075}
{'sample_size': 80, 'difference': 2, 'noise': 0.5, 'n': 8, 'shap_error': 0.022057807019673862, 'shap_norm_sq': 4.366427609485605, 'weighted_error': 1.0591346167914295, 'gamma': 0.3261815840785534, 'normalized_gamma': 0.075}
{'sample_size': 80, 'difference': 2, 'noise': 1, 'n': 8, 'shap_error': 0.07312983110477407, 'shap_norm_sq': 4.366427609485605, 'weighted_error': 1.1884162750003393, 'gamma': 0.3261815840785534, 'normalized_gamma': 0.075}
{'sample_size': 80, 'difference': 2, 'noise': 0.0005, 'n': 8, 'shap_error': 0.0017097708951059865, 'shap_norm_sq': 8.817740069943158, 'weighted_error': 1.0186467963388592, 'gamma': 0.10673812510234876, 'normalized_gamma': 0.012}
{'sample_size': 80, 'difference': 2, 'noise': 0.001, 'n': 8, 'shap_error': 0.0017083715855501264, 'shap_norm_sq': 8.817740069943158, 'weighted_error': 1.0186315329748297, 'gamma': 0.10673812510234876, 'normalized_gamma': 0.012}
{'sample_size': 80, 'difference': 2, 'noise': 0.005, 'n': 8, 'shap_error': 0.0016982056007728546, 'shap_norm_sq': 8.817740069943158, 'weighted_error': 1.0185205837898677, 'gamma': 0.10673812510234876, 'normalized_gamma': 0.012}
{'sample_size': 80, 'difference': 2, 'noise': 0.01, 'n': 8, 'shap_error': 0.0016880693489750235, 'shap_norm_sq': 8.817740069943158, 'weighted_error': 1.018409791626851, 'gamma': 0.10673812510234876, 'normalized_gamma': 0.012}
{'sample_size': 80, 'difference': 2, 'noise': 0.05, 'n': 8, 'shap_error': 0.0017098285015431185, 'shap_norm_sq': 8.817740069943158, 'weighted_error': 1.0186392270501528, 'gamma': 0.10673812510234876, 'normalized_gamma': 0.012}
{'sample_size': 80, 'difference': 2, 'noise': 0.1, 'n': 8, 'shap_error': 0.001994150359629966, 'shap_norm_sq': 8.817740069943158, 'weighted_error': 1.021715453147863, 'gamma': 0.10673812510234876, 'normalized_gamma': 0.012}
{'sample_size': 80, 'difference': 2, 'noise': 0.5, 'n': 8, 'shap_error': 0.014553641919395791, 'shap_norm_sq': 8.817740069943158, 'weighted_error': 1.157902534672898, 'gamma': 0.10673812510234876, 'normalized_gamma': 0.012}
{'sample_size': 80, 'difference': 2, 'noise': 1, 'n': 8, 'shap_error': 0.055965298106780394, 'shap_norm_sq': 8.817740069943158, 'weighted_error': 1.6070795684375743, 'gamma': 0.10673812510234876, 'normalized_gamma': 0.012}
{'sample_size': 80, 'difference': 2, 'noise': 0.0005, 'n': 8, 'shap_error': 0.001719735477500496, 'shap_norm_sq': 0.7583211302883802, 'weighted_error': 1.005479983276142, 'gamma': 0.3317616065329223, 'normalized_gamma': 0.44}
{'sample_size': 80, 'difference': 2, 'noise': 0.001, 'n': 8, 'shap_error': 0.0017449597416768748, 'shap_norm_sq': 0.7583211302883802, 'weighted_error': 1.00555996656209, 'gamma': 0.3317616065329223, 'normalized_gamma': 0.44}
{'sample_size': 80, 'difference': 2, 'noise': 0.005, 'n': 8, 'shap_error': 0.0019597027737632677, 'shap_norm_sq': 0.7583211302883802, 'weighted_error': 1.0062315904179768, 'gamma': 0.3317616065329223, 'normalized_gamma': 0.44}
{'sample_size': 80, 'difference': 2, 'noise': 0.01, 'n': 8, 'shap_error': 0.0022605038605596254, 'shap_norm_sq': 0.7583211302883802, 'weighted_error': 1.0071505141585886, 'gamma': 0.3317616065329223, 'normalized_gamma': 0.44}
{'sample_size': 80, 'difference': 2, 'noise': 0.05, 'n': 8, 'shap_error': 0.005961804422465341, 'shap_norm_sq': 0.7583211302883802, 'weighted_error': 1.0176776609136127, 'gamma': 0.3317616065329223, 'normalized_gamma': 0.44}
{'sample_size': 80, 'difference': 2, 'noise': 0.1, 'n': 8, 'shap_error': 0.013825659793684589, 'shap_norm_sq': 0.7583211302883802, 'weighted_error': 1.0387759864327195, 'gamma': 0.3317616065329223, 'normalized_gamma': 0.44}
{'sample_size': 80, 'difference': 2, 'noise': 0.5, 'n': 8, 'shap_error': 0.20622568951692186, 'shap_norm_sq': 0.7583211302883802, 'weighted_error': 1.5251382735986234, 'gamma': 0.3317616065329223, 'normalized_gamma': 0.44}
{'sample_size': 80, 'difference': 2, 'noise': 1, 'n': 8, 'shap_error': 0.770448693554677, 'shap_norm_sq': 0.7583211302883802, 'weighted_error': 2.9270303400886313, 'gamma': 0.3317616065329223, 'normalized_gamma': 0.44}
{'sample_size': 80, 'difference': 2, 'noise': 0.0005, 'n': 8, 'shap_error': 0.002199868578969041, 'shap_norm_sq': 6.240251196731736, 'weighted_error': 1.005165043172611, 'gamma': 0.4290609289499485, 'normalized_gamma': 0.069}
{'sample_size': 80, 'difference': 2, 'noise': 0.001, 'n': 8, 'shap_error': 0.0022087806315161285, 'shap_norm_sq': 6.240251196731736, 'weighted_error': 1.0051857061113945, 'gamma': 0.4290609289499485, 'normalized_gamma': 0.069}
{'sample_size': 80, 'difference': 2, 'noise': 0.005, 'n': 8, 'shap_error': 0.002285410734628087, 'shap_norm_sq': 6.240251196731736, 'weighted_error': 1.0053572460243059, 'gamma': 0.4290609289499485, 'normalized_gamma': 0.069}
{'sample_size': 80, 'difference': 2, 'noise': 0.01, 'n': 8, 'shap_error': 0.0023945325703566933, 'shap_norm_sq': 6.240251196731736, 'weighted_error': 1.0055872619220552, 'gamma': 0.4290609289499485, 'normalized_gamma': 0.069}
{'sample_size': 80, 'difference': 2, 'noise': 0.05, 'n': 8, 'shap_error': 0.0038008755297304127, 'shap_norm_sq': 6.240251196731736, 'weighted_error': 1.0080510293684515, 'gamma': 0.4290609289499485, 'normalized_gamma': 0.069}
{'sample_size': 80, 'difference': 2, 'noise': 0.1, 'n': 8, 'shap_error': 0.006892224912809617, 'shap_norm_sq': 6.240251196731736, 'weighted_error': 1.0126898393374506, 'gamma': 0.4290609289499485, 'normalized_gamma': 0.069}
{'sample_size': 80, 'difference': 2, 'noise': 0.5, 'n': 8, 'shap_error': 0.08495984733192756, 'shap_norm_sq': 6.240251196731736, 'weighted_error': 1.1121643455295958, 'gamma': 0.4290609289499485, 'normalized_gamma': 0.069}
{'sample_size': 80, 'difference': 2, 'noise': 1, 'n': 8, 'shap_error': 0.31588644374203506, 'shap_norm_sq': 6.240251196731736, 'weighted_error': 1.3924175443701532, 'gamma': 0.4290609289499485, 'normalized_gamma': 0.069}
{'sample_size': 80, 'difference': 2, 'noise': 0.0005, 'n': 8, 'shap_error': 0.006219603742816484, 'shap_norm_sq': 5.5485364009013285, 'weighted_error': 1.0136853670114356, 'gamma': 0.45529549815566084, 'normalized_gamma': 0.082}
{'sample_size': 80, 'difference': 2, 'noise': 0.001, 'n': 8, 'shap_error': 0.00621697901202675, 'shap_norm_sq': 5.5485364009013285, 'weighted_error': 1.0136795599636672, 'gamma': 0.45529549815566084, 'normalized_gamma': 0.082}
{'sample_size': 80, 'difference': 2, 'noise': 0.005, 'n': 8, 'shap_error': 0.006197771177224095, 'shap_norm_sq': 5.5485364009013285, 'weighted_error': 1.0136362809083588, 'gamma': 0.45529549815566084, 'normalized_gamma': 0.082}
{'sample_size': 80, 'difference': 2, 'noise': 0.01, 'n': 8, 'shap_error': 0.006178236412508156, 'shap_norm_sq': 5.5485364009013285, 'weighted_error': 1.0135901254063189, 'gamma': 0.45529549815566084, 'normalized_gamma': 0.082}
{'sample_size': 80, 'difference': 2, 'noise': 0.05, 'n': 8, 'shap_error': 0.006200959446279098, 'shap_norm_sq': 5.5485364009013285, 'weighted_error': 1.0135386140738396, 'gamma': 0.45529549815566084, 'normalized_gamma': 0.082}
{'sample_size': 80, 'difference': 2, 'noise': 0.1, 'n': 8, 'shap_error': 0.006676866117237853, 'shap_norm_sq': 5.5485364009013285, 'weighted_error': 1.014268556617837, 'gamma': 0.45529549815566084, 'normalized_gamma': 0.082}
{'sample_size': 80, 'difference': 2, 'noise': 0.5, 'n': 8, 'shap_error': 0.028384234634710043, 'shap_norm_sq': 5.5485364009013285, 'weighted_error': 1.051881365353679, 'gamma': 0.45529549815566084, 'normalized_gamma': 0.082}
{'sample_size': 80, 'difference': 2, 'noise': 1, 'n': 8, 'shap_error': 0.10026873315605606, 'shap_norm_sq': 5.5485364009013285, 'weighted_error': 1.178330547233137, 'gamma': 0.45529549815566084, 'normalized_gamma': 0.082}
{'sample_size': 80, 'difference': 2, 'noise': 0.0005, 'n': 8, 'shap_error': 0.004169572014361525, 'shap_norm_sq': 6.419103683355276, 'weighted_error': 1.0075185159065483, 'gamma': 0.5574323085636297, 'normalized_gamma': 0.087}
{'sample_size': 80, 'difference': 2, 'noise': 0.001, 'n': 8, 'shap_error': 0.004158611056740088, 'shap_norm_sq': 6.419103683355276, 'weighted_error': 1.00749874922431, 'gamma': 0.5574323085636297, 'normalized_gamma': 0.087}
{'sample_size': 80, 'difference': 2, 'noise': 0.005, 'n': 8, 'shap_error': 0.004073232857910747, 'shap_norm_sq': 6.419103683355276, 'weighted_error': 1.007344728689011, 'gamma': 0.5574323085636297, 'normalized_gamma': 0.087}
{'sample_size': 80, 'difference': 2, 'noise': 0.01, 'n': 8, 'shap_error': 0.003972283764729476, 'shap_norm_sq': 6.419103683355276, 'weighted_error': 1.007162485326411, 'gamma': 0.5574323085636297, 'normalized_gamma': 0.087}
{'sample_size': 80, 'difference': 2, 'noise': 0.05, 'n': 8, 'shap_error': 0.0033956372334968195, 'shap_norm_sq': 6.419103683355276, 'weighted_error': 1.0061158306865619, 'gamma': 0.5574323085636297, 'normalized_gamma': 0.087}
{'sample_size': 80, 'difference': 2, 'noise': 0.1, 'n': 8, 'shap_error': 0.003252194604999721, 'shap_norm_sq': 6.419103683355276, 'weighted_error': 1.005835743039127, 'gamma': 0.5574323085636297, 'normalized_gamma': 0.087}
{'sample_size': 80, 'difference': 2, 'noise': 0.5, 'n': 8, 'shap_error': 0.025199274998772794, 'shap_norm_sq': 6.419103683355276, 'weighted_error': 1.0447242679547135, 'gamma': 0.5574323085636297, 'normalized_gamma': 0.087}
{'sample_size': 80, 'difference': 2, 'noise': 1, 'n': 8, 'shap_error': 0.11036967904536336, 'shap_norm_sq': 6.419103683355276, 'weighted_error': 1.196157989336855, 'gamma': 0.5574323085636297, 'normalized_gamma': 0.087}
{'sample_size': 80, 'difference': 2, 'noise': 0.0005, 'n': 8, 'shap_error': 0.003012353415362092, 'shap_norm_sq': 11.409537866193727, 'weighted_error': 1.0063711860384117, 'gamma': 0.47576844850290884, 'normalized_gamma': 0.042}
{'sample_size': 80, 'difference': 2, 'noise': 0.001, 'n': 8, 'shap_error': 0.003020547962067252, 'shap_norm_sq': 11.409537866193727, 'weighted_error': 1.0063885175085225, 'gamma': 0.47576844850290884, 'normalized_gamma': 0.042}
{'sample_size': 80, 'difference': 2, 'noise': 0.005, 'n': 8, 'shap_error': 0.003086811955890965, 'shap_norm_sq': 11.409537866193727, 'weighted_error': 1.0065286623570127, 'gamma': 0.47576844850290884, 'normalized_gamma': 0.042}
{'sample_size': 80, 'difference': 2, 'noise': 0.01, 'n': 8, 'shap_error': 0.003171410998627104, 'shap_norm_sq': 11.409537866193727, 'weighted_error': 1.006707576136637, 'gamma': 0.47576844850290884, 'normalized_gamma': 0.042}
{'sample_size': 80, 'difference': 2, 'noise': 0.05, 'n': 8, 'shap_error': 0.0039189653587759785, 'shap_norm_sq': 11.409537866193727, 'weighted_error': 1.0082881951341038, 'gamma': 0.47576844850290884, 'normalized_gamma': 0.042}
{'sample_size': 80, 'difference': 2, 'noise': 0.1, 'n': 8, 'shap_error': 0.005030313354611123, 'shap_norm_sq': 11.409537866193727, 'weighted_error': 1.0106372407821123, 'gamma': 0.47576844850290884, 'normalized_gamma': 0.042}
{'sample_size': 80, 'difference': 2, 'noise': 0.5, 'n': 8, 'shap_error': 0.020997299147257, 'shap_norm_sq': 11.409537866193727, 'weighted_error': 1.0443604820131973, 'gamma': 0.47576844850290884, 'normalized_gamma': 0.042}
{'sample_size': 80, 'difference': 2, 'noise': 1, 'n': 8, 'shap_error': 0.05864653595297573, 'shap_norm_sq': 11.409537866193727, 'weighted_error': 1.1238417236695972, 'gamma': 0.47576844850290884, 'normalized_gamma': 0.042}
{'sample_size': 80, 'difference': 2, 'noise': 0.0005, 'n': 8, 'shap_error': 0.00046573504925227587, 'shap_norm_sq': 5.80837526710511, 'weighted_error': 1.0011340206226098, 'gamma': 0.4106948799391418, 'normalized_gamma': 0.071}
{'sample_size': 80, 'difference': 2, 'noise': 0.001, 'n': 8, 'shap_error': 0.00045908935063275296, 'shap_norm_sq': 5.80837526710511, 'weighted_error': 1.0011177741999862, 'gamma': 0.4106948799391418, 'normalized_gamma': 0.071}
{'sample_size': 80, 'difference': 2, 'noise': 0.005, 'n': 8, 'shap_error': 0.00041143019057430336, 'shap_norm_sq': 5.80837526710511, 'weighted_error': 1.0009996648683688, 'gamma': 0.4106948799391418, 'normalized_gamma': 0.071}
{'sample_size': 80, 'difference': 2, 'noise': 0.01, 'n': 8, 'shap_error': 0.00036562231274548594, 'shap_norm_sq': 5.80837526710511, 'weighted_error': 1.0008816833272756, 'gamma': 0.4106948799391418, 'normalized_gamma': 0.071}
{'sample_size': 80, 'difference': 2, 'noise': 0.05, 'n': 8, 'shap_error': 0.0005498021798849673, 'shap_norm_sq': 5.80837526710511, 'weighted_error': 1.0011240359356717, 'gamma': 0.4106948799391418, 'normalized_gamma': 0.071}
{'sample_size': 80, 'difference': 2, 'noise': 0.1, 'n': 8, 'shap_error': 0.0021566342382342858, 'shap_norm_sq': 5.80837526710511, 'weighted_error': 1.0043924890390201, 'gamma': 0.4106948799391418, 'normalized_gamma': 0.071}
{'sample_size': 80, 'difference': 2, 'noise': 0.5, 'n': 8, 'shap_error': 0.07007557968202756, 'shap_norm_sq': 5.80837526710511, 'weighted_error': 1.1491606075799323, 'gamma': 0.4106948799391418, 'normalized_gamma': 0.071}
{'sample_size': 80, 'difference': 2, 'noise': 1, 'n': 8, 'shap_error': 0.2926349839292658, 'shap_norm_sq': 5.80837526710511, 'weighted_error': 1.6266719900413855, 'gamma': 0.4106948799391418, 'normalized_gamma': 0.071}
{'sample_size': 80, 'difference': 2, 'noise': 0.0005, 'n': 8, 'shap_error': 0.0027324019906521642, 'shap_norm_sq': 6.98081165687232, 'weighted_error': 1.006134889079968, 'gamma': 0.44659327755179223, 'normalized_gamma': 0.064}
{'sample_size': 80, 'difference': 2, 'noise': 0.001, 'n': 8, 'shap_error': 0.0027187409957029423, 'shap_norm_sq': 6.98081165687232, 'weighted_error': 1.0061041827831352, 'gamma': 0.44659327755179223, 'normalized_gamma': 0.064}
{'sample_size': 80, 'difference': 2, 'noise': 0.005, 'n': 8, 'shap_error': 0.0026127181016290034, 'shap_norm_sq': 6.98081165687232, 'weighted_error': 1.0058650443482804, 'gamma': 0.44659327755179223, 'normalized_gamma': 0.064}
{'sample_size': 80, 'difference': 2, 'noise': 0.01, 'n': 8, 'shap_error': 0.00248835214783713, 'shap_norm_sq': 6.98081165687232, 'weighted_error': 1.0055824011542362, 'gamma': 0.44659327755179223, 'normalized_gamma': 0.064}
{'sample_size': 80, 'difference': 2, 'noise': 0.05, 'n': 8, 'shap_error': 0.0018199310695226829, 'shap_norm_sq': 6.98081165687232, 'weighted_error': 1.0039724495828395, 'gamma': 0.44659327755179223, 'normalized_gamma': 0.064}
{'sample_size': 80, 'difference': 2, 'noise': 0.1, 'n': 8, 'shap_error': 0.0018006711016811114, 'shap_norm_sq': 6.98081165687232, 'weighted_error': 1.003587995070988, 'gamma': 0.44659327755179223, 'normalized_gamma': 0.064}
{'sample_size': 80, 'difference': 2, 'noise': 0.5, 'n': 8, 'shap_error': 0.03429724656100854, 'shap_norm_sq': 6.98081165687232, 'weighted_error': 1.0656317570719398, 'gamma': 0.44659327755179223, 'normalized_gamma': 0.064}
{'sample_size': 80, 'difference': 2, 'noise': 1, 'n': 8, 'shap_error': 0.15654460389031769, 'shap_norm_sq': 6.98081165687232, 'weighted_error': 1.3059849548125395, 'gamma': 0.44659327755179223, 'normalized_gamma': 0.064}
{'sample_size': 80, 'difference': 2, 'noise': 0.0005, 'n': 8, 'shap_error': 0.001930275613600917, 'shap_norm_sq': 2.051864642431771, 'weighted_error': 1.0071632395730243, 'gamma': 0.2771026652028518, 'normalized_gamma': 0.14}
{'sample_size': 80, 'difference': 2, 'noise': 0.001, 'n': 8, 'shap_error': 0.0019281089518238756, 'shap_norm_sq': 2.051864642431771, 'weighted_error': 1.0071546026076683, 'gamma': 0.2771026652028518, 'normalized_gamma': 0.14}
{'sample_size': 80, 'difference': 2, 'noise': 0.005, 'n': 8, 'shap_error': 0.0019229098336511275, 'shap_norm_sq': 2.051864642431771, 'weighted_error': 1.0071162064071624, 'gamma': 0.2771026652028518, 'normalized_gamma': 0.14}
{'sample_size': 80, 'difference': 2, 'noise': 0.01, 'n': 8, 'shap_error': 0.0019467463760443875, 'shap_norm_sq': 2.051864642431771, 'weighted_error': 1.007144959962386, 'gamma': 0.2771026652028518, 'normalized_gamma': 0.14}
{'sample_size': 80, 'difference': 2, 'noise': 0.05, 'n': 8, 'shap_error': 0.003350856319557369, 'shap_norm_sq': 2.051864642431771, 'weighted_error': 1.010444940638421, 'gamma': 0.2771026652028518, 'normalized_gamma': 0.14}
{'sample_size': 80, 'difference': 2, 'noise': 0.1, 'n': 8, 'shap_error': 0.008139537759866046, 'shap_norm_sq': 2.051864642431771, 'weighted_error': 1.0222447970690771, 'gamma': 0.2771026652028518, 'normalized_gamma': 0.14}
{'sample_size': 80, 'difference': 2, 'noise': 0.5, 'n': 8, 'shap_error': 0.1677907497190322, 'shap_norm_sq': 2.051864642431771, 'weighted_error': 1.4236388719387967, 'gamma': 0.2771026652028518, 'normalized_gamma': 0.14}
{'sample_size': 80, 'difference': 2, 'noise': 1, 'n': 8, 'shap_error': 0.6707091657597318, 'shap_norm_sq': 2.051864642431771, 'weighted_error': 2.6928695240871305, 'gamma': 0.2771026652028518, 'normalized_gamma': 0.14}
{'sample_size': 80, 'difference': 2, 'noise': 0.0005, 'n': 8, 'shap_error': 0.0014095360834265928, 'shap_norm_sq': 2.618732289864811, 'weighted_error': 1.0230207816870287, 'gamma': 0.06922188979860011, 'normalized_gamma': 0.026}
{'sample_size': 80, 'difference': 2, 'noise': 0.001, 'n': 8, 'shap_error': 0.0014143273374504683, 'shap_norm_sq': 2.618732289864811, 'weighted_error': 1.0230984563714483, 'gamma': 0.06922188979860011, 'normalized_gamma': 0.026}
{'sample_size': 80, 'difference': 2, 'noise': 0.005, 'n': 8, 'shap_error': 0.001454495124917271, 'shap_norm_sq': 2.618732289864811, 'weighted_error': 1.023736021965252, 'gamma': 0.06922188979860011, 'normalized_gamma': 0.026}
{'sample_size': 80, 'difference': 2, 'noise': 0.01, 'n': 8, 'shap_error': 0.001509299247440305, 'shap_norm_sq': 2.618732289864811, 'weighted_error': 1.0245733992536235, 'gamma': 0.06922188979860011, 'normalized_gamma': 0.026}
{'sample_size': 80, 'difference': 2, 'noise': 0.05, 'n': 8, 'shap_error': 0.0021315077552054237, 'shap_norm_sq': 2.618732289864811, 'weighted_error': 1.0328892294052838, 'gamma': 0.06922188979860011, 'normalized_gamma': 0.026}
{'sample_size': 80, 'difference': 2, 'noise': 0.1, 'n': 8, 'shap_error': 0.0033687072088639863, 'shap_norm_sq': 2.618732289864811, 'weighted_error': 1.0473260467065786, 'gamma': 0.06922188979860011, 'normalized_gamma': 0.026}
{'sample_size': 80, 'difference': 2, 'noise': 0.5, 'n': 8, 'shap_error': 0.031643855596218434, 'shap_norm_sq': 2.618732289864811, 'weighted_error': 1.3245017695856742, 'gamma': 0.06922188979860011, 'normalized_gamma': 0.026}
{'sample_size': 80, 'difference': 2, 'noise': 1, 'n': 8, 'shap_error': 0.11293167297562653, 'shap_norm_sq': 2.618732289864811, 'weighted_error': 2.0751743843563983, 'gamma': 0.06922188979860011, 'normalized_gamma': 0.026}
{'sample_size': 80, 'difference': 2, 'noise': 0.0005, 'n': 8, 'shap_error': 0.0038276414730596836, 'shap_norm_sq': 4.956860089494268, 'weighted_error': 1.0061288601645046, 'gamma': 0.6245920629877474, 'normalized_gamma': 0.13}
{'sample_size': 80, 'difference': 2, 'noise': 0.001, 'n': 8, 'shap_error': 0.0038309081678966532, 'shap_norm_sq': 4.956860089494268, 'weighted_error': 1.0061340882150003, 'gamma': 0.6245920629877474, 'normalized_gamma': 0.13}
{'sample_size': 80, 'difference': 2, 'noise': 0.005, 'n': 8, 'shap_error': 0.003857890535104878, 'shap_norm_sq': 4.956860089494268, 'weighted_error': 1.0061772083234366, 'gamma': 0.6245920629877474, 'normalized_gamma': 0.13}
{'sample_size': 80, 'difference': 2, 'noise': 0.01, 'n': 8, 'shap_error': 0.0038937405153963833, 'shap_norm_sq': 4.956860089494268, 'weighted_error': 1.0062343477201545, 'gamma': 0.6245920629877474, 'normalized_gamma': 0.13}
{'sample_size': 80, 'difference': 2, 'noise': 0.05, 'n': 8, 'shap_error': 0.004265421208978403, 'shap_norm_sq': 4.956860089494268, 'weighted_error': 1.0068210333408036, 'gamma': 0.6245920629877474, 'normalized_gamma': 0.13}
{'sample_size': 80, 'difference': 2, 'noise': 0.1, 'n': 8, 'shap_error': 0.0049422242040811, 'shap_norm_sq': 4.956860089494268, 'weighted_error': 1.0078783164838816, 'gamma': 0.6245920629877474, 'normalized_gamma': 0.13}
{'sample_size': 80, 'difference': 2, 'noise': 0.5, 'n': 8, 'shap_error': 0.01884473328990583, 'shap_norm_sq': 4.956860089494268, 'weighted_error': 1.0292936263191486, 'gamma': 0.6245920629877474, 'normalized_gamma': 0.13}
{'sample_size': 80, 'difference': 2, 'noise': 1, 'n': 8, 'shap_error': 0.0574430824596959, 'shap_norm_sq': 4.956860089494268, 'weighted_error': 1.088455375339846, 'gamma': 0.6245920629877474, 'normalized_gamma': 0.13}
{'sample_size': 80, 'difference': 2, 'noise': 0.0005, 'n': 8, 'shap_error': 0.000773086616438076, 'shap_norm_sq': 4.871705817396556, 'weighted_error': 1.0077438348547403, 'gamma': 0.11248009684672002, 'normalized_gamma': 0.023}
{'sample_size': 80, 'difference': 2, 'noise': 0.001, 'n': 8, 'shap_error': 0.0007803242393353156, 'shap_norm_sq': 4.871705817396556, 'weighted_error': 1.0078160291227451, 'gamma': 0.11248009684672002, 'normalized_gamma': 0.023}
{'sample_size': 80, 'difference': 2, 'noise': 0.005, 'n': 8, 'shap_error': 0.0008413708196688739, 'shap_norm_sq': 4.871705817396556, 'weighted_error': 1.0084177981803153, 'gamma': 0.11248009684672002, 'normalized_gamma': 0.023}
{'sample_size': 80, 'difference': 2, 'noise': 0.01, 'n': 8, 'shap_error': 0.0009255430379748379, 'shap_norm_sq': 4.871705817396556, 'weighted_error': 1.0092305467861016, 'gamma': 0.11248009684672002, 'normalized_gamma': 0.023}
{'sample_size': 80, 'difference': 2, 'noise': 0.05, 'n': 8, 'shap_error': 0.0019134804999837946, 'shap_norm_sq': 4.871705817396556, 'weighted_error': 1.0181540269853682, 'gamma': 0.11248009684672002, 'normalized_gamma': 0.023}
{'sample_size': 80, 'difference': 2, 'noise': 0.1, 'n': 8, 'shap_error': 0.003934801616398034, 'shap_norm_sq': 4.871705817396556, 'weighted_error': 1.0353621056168874, 'gamma': 0.11248009684672002, 'normalized_gamma': 0.023}
{'sample_size': 80, 'difference': 2, 'noise': 0.5, 'n': 8, 'shap_error': 0.0515613421038321, 'shap_norm_sq': 4.871705817396556, 'weighted_error': 1.4151758699664634, 'gamma': 0.11248009684672002, 'normalized_gamma': 0.023}
{'sample_size': 80, 'difference': 2, 'noise': 1, 'n': 8, 'shap_error': 0.1897344466034256, 'shap_norm_sq': 4.871705817396556, 'weighted_error': 2.495315913646993, 'gamma': 0.11248009684672002, 'normalized_gamma': 0.023}
{'sample_size': 80, 'difference': 2, 'noise': 0.0005, 'n': 8, 'shap_error': 0.0020778412278071104, 'shap_norm_sq': 3.5111978443057374, 'weighted_error': 1.0098303352585567, 'gamma': 0.21406954394620606, 'normalized_gamma': 0.061}
{'sample_size': 80, 'difference': 2, 'noise': 0.001, 'n': 8, 'shap_error': 0.0020667948095617304, 'shap_norm_sq': 3.5111978443057374, 'weighted_error': 1.0097777470464366, 'gamma': 0.21406954394620606, 'normalized_gamma': 0.061}
{'sample_size': 80, 'difference': 2, 'noise': 0.005, 'n': 8, 'shap_error': 0.0019833219757553365, 'shap_norm_sq': 3.5111978443057374, 'weighted_error': 1.0093723758821158, 'gamma': 0.21406954394620606, 'normalized_gamma': 0.061}
{'sample_size': 80, 'difference': 2, 'noise': 0.01, 'n': 8, 'shap_error': 0.0018912272138896298, 'shap_norm_sq': 3.5111978443057374, 'weighted_error': 1.0089039982583186, 'gamma': 0.21406954394620606, 'normalized_gamma': 0.061}
{'sample_size': 80, 'difference': 2, 'noise': 0.05, 'n': 8, 'shap_error': 0.0016443203346550564, 'shap_norm_sq': 3.5111978443057374, 'weighted_error': 1.006690430532071, 'gamma': 0.21406954394620606, 'normalized_gamma': 0.061}
{'sample_size': 80, 'difference': 2, 'noise': 0.1, 'n': 8, 'shap_error': 0.0025603147748390924, 'shap_norm_sq': 3.5111978443057374, 'weighted_error': 1.0077571040345914, 'gamma': 0.21406954394620606, 'normalized_gamma': 0.061}
{'sample_size': 80, 'difference': 2, 'noise': 0.5, 'n': 8, 'shap_error': 0.058873391865405564, 'shap_norm_sq': 3.5111978443057374, 'weighted_error': 1.169635818467961, 'gamma': 0.21406954394620606, 'normalized_gamma': 0.061}
{'sample_size': 80, 'difference': 2, 'noise': 1, 'n': 8, 'shap_error': 0.25172754215134857, 'shap_norm_sq': 3.5111978443057374, 'weighted_error': 1.7553475275426886, 'gamma': 0.21406954394620606, 'normalized_gamma': 0.061}
{'sample_size': 80, 'difference': 2, 'noise': 0.0005, 'n': 8, 'shap_error': 0.004305259364910914, 'shap_norm_sq': 10.002563492296897, 'weighted_error': 1.0139847327306861, 'gamma': 0.31173636631469165, 'normalized_gamma': 0.031}
{'sample_size': 80, 'difference': 2, 'noise': 0.001, 'n': 8, 'shap_error': 0.004307688337195347, 'shap_norm_sq': 10.002563492296897, 'weighted_error': 1.0139926222286553, 'gamma': 0.31173636631469165, 'normalized_gamma': 0.031}
{'sample_size': 80, 'difference': 2, 'noise': 0.005, 'n': 8, 'shap_error': 0.004329110903660444, 'shap_norm_sq': 10.002563492296897, 'weighted_error': 1.0140621934610383, 'gamma': 0.31173636631469165, 'normalized_gamma': 0.031}
{'sample_size': 80, 'difference': 2, 'noise': 0.01, 'n': 8, 'shap_error': 0.004360866082216405, 'shap_norm_sq': 10.002563492296897, 'weighted_error': 1.0141652956230938, 'gamma': 0.31173636631469165, 'normalized_gamma': 0.031}
{'sample_size': 80, 'difference': 2, 'noise': 0.05, 'n': 8, 'shap_error': 0.00481398632964776, 'shap_norm_sq': 10.002563492296897, 'weighted_error': 1.0156356377826228, 'gamma': 0.31173636631469165, 'normalized_gamma': 0.031}
{'sample_size': 80, 'difference': 2, 'noise': 0.1, 'n': 8, 'shap_error': 0.005878083686395836, 'shap_norm_sq': 10.002563492296897, 'weighted_error': 1.0190873776397398, 'gamma': 0.31173636631469165, 'normalized_gamma': 0.031}
{'sample_size': 80, 'difference': 2, 'noise': 0.5, 'n': 8, 'shap_error': 0.03429874443873541, 'shap_norm_sq': 10.002563492296897, 'weighted_error': 1.1112537828049125, 'gamma': 0.31173636631469165, 'normalized_gamma': 0.031}
{'sample_size': 80, 'difference': 2, 'noise': 1, 'n': 8, 'shap_error': 0.11959427512504833, 'shap_norm_sq': 10.002563492296897, 'weighted_error': 1.3878430050319708, 'gamma': 0.31173636631469165, 'normalized_gamma': 0.031}
{'sample_size': 80, 'difference': 2, 'noise': 0.0005, 'n': 8, 'shap_error': 0.0007594469565080258, 'shap_norm_sq': 10.186807481750462, 'weighted_error': 1.0040840110365554, 'gamma': 0.20487954016694676, 'normalized_gamma': 0.02}
{'sample_size': 80, 'difference': 2, 'noise': 0.001, 'n': 8, 'shap_error': 0.0007626905390700392, 'shap_norm_sq': 10.186807481750462, 'weighted_error': 1.0041014101824004, 'gamma': 0.20487954016694676, 'normalized_gamma': 0.02}
{'sample_size': 80, 'difference': 2, 'noise': 0.005, 'n': 8, 'shap_error': 0.0007903356821008785, 'shap_norm_sq': 10.186807481750462, 'weighted_error': 1.004248676873897, 'gamma': 0.20487954016694676, 'normalized_gamma': 0.02}
{'sample_size': 80, 'difference': 2, 'noise': 0.01, 'n': 8, 'shap_error': 0.0008291333172259817, 'shap_norm_sq': 10.186807481750462, 'weighted_error': 1.0044529440501004, 'gamma': 0.20487954016694676, 'normalized_gamma': 0.02}
{'sample_size': 80, 'difference': 2, 'noise': 0.05, 'n': 8, 'shap_error': 0.0013091626516892041, 'shap_norm_sq': 10.186807481750462, 'weighted_error': 1.0068944339330592, 'gamma': 0.20487954016694676, 'normalized_gamma': 0.02}
{'sample_size': 80, 'difference': 2, 'noise': 0.1, 'n': 8, 'shap_error': 0.002333319953424419, 'shap_norm_sq': 10.186807481750462, 'weighted_error': 1.011964677470083, 'gamma': 0.20487954016694676, 'normalized_gamma': 0.02}
{'sample_size': 80, 'difference': 2, 'noise': 0.5, 'n': 8, 'shap_error': 0.027491403713553714, 'shap_norm_sq': 10.186807481750462, 'weighted_error': 1.133261873099276, 'gamma': 0.20487954016694676, 'normalized_gamma': 0.02}
{'sample_size': 80, 'difference': 2, 'noise': 1, 'n': 8, 'shap_error': 0.1013510717793338, 'shap_norm_sq': 10.186807481750462, 'weighted_error': 1.4867214859682754, 'gamma': 0.20487954016694676, 'normalized_gamma': 0.02}
{'sample_size': 80, 'difference': 2, 'noise': 0.0005, 'n': 8, 'shap_error': 0.002137105167266398, 'shap_norm_sq': 0.8803187769109138, 'weighted_error': 1.0095703060245194, 'gamma': 0.22333570272940925, 'normalized_gamma': 0.25}
{'sample_size': 80, 'difference': 2, 'noise': 0.001, 'n': 8, 'shap_error': 0.0021431992019698407, 'shap_norm_sq': 0.8803187769109138, 'weighted_error': 1.0095974652401227, 'gamma': 0.22333570272940925, 'normalized_gamma': 0.25}
{'sample_size': 80, 'difference': 2, 'noise': 0.005, 'n': 8, 'shap_error': 0.0022029095090580087, 'shap_norm_sq': 0.8803187769109138, 'weighted_error': 1.009860694259325, 'gamma': 0.22333570272940925, 'normalized_gamma': 0.25}
{'sample_size': 80, 'difference': 2, 'noise': 0.01, 'n': 8, 'shap_error': 0.0023049424665698595, 'shap_norm_sq': 0.8803187769109138, 'weighted_error': 1.0103046187692617, 'gamma': 0.22333570272940925, 'normalized_gamma': 0.25}
{'sample_size': 80, 'difference': 2, 'noise': 0.05, 'n': 8, 'shap_error': 0.004217009072730562, 'shap_norm_sq': 0.8803187769109138, 'weighted_error': 1.018451544286133, 'gamma': 0.22333570272940925, 'normalized_gamma': 0.25}
{'sample_size': 80, 'difference': 2, 'noise': 0.1, 'n': 8, 'shap_error': 0.009346599695596064, 'shap_norm_sq': 0.8803187769109138, 'weighted_error': 1.0401240247756645, 'gamma': 0.22333570272940925, 'normalized_gamma': 0.25}
{'sample_size': 80, 'difference': 2, 'noise': 0.5, 'n': 8, 'shap_error': 0.15996361928510447, 'shap_norm_sq': 0.8803187769109138, 'weighted_error': 1.6730568124295933, 'gamma': 0.22333570272940925, 'normalized_gamma': 0.25}
{'sample_size': 80, 'difference': 2, 'noise': 1, 'n': 8, 'shap_error': 0.6221856302884518, 'shap_norm_sq': 0.8803187769109138, 'weighted_error': 3.6131051563412027, 'gamma': 0.22333570272940925, 'normalized_gamma': 0.25}
{'sample_size': 80, 'difference': 2, 'noise': 0.0005, 'n': 8, 'shap_error': 0.0023496623831528517, 'shap_norm_sq': 4.137947025088677, 'weighted_error': 1.0080679781768378, 'gamma': 0.29565565195365523, 'normalized_gamma': 0.071}
{'sample_size': 80, 'difference': 2, 'noise': 0.001, 'n': 8, 'shap_error': 0.0023380415684845293, 'shap_norm_sq': 4.137947025088677, 'weighted_error': 1.008027962301695, 'gamma': 0.29565565195365523, 'normalized_gamma': 0.071}
{'sample_size': 80, 'difference': 2, 'noise': 0.005, 'n': 8, 'shap_error': 0.002250315001537404, 'shap_norm_sq': 4.137947025088677, 'weighted_error': 1.0077231042301062, 'gamma': 0.29565565195365523, 'normalized_gamma': 0.071}
{'sample_size': 80, 'difference': 2, 'noise': 0.01, 'n': 8, 'shap_error': 0.002153756668852129, 'shap_norm_sq': 4.137947025088677, 'weighted_error': 1.0073802039645006, 'gamma': 0.29565565195365523, 'normalized_gamma': 0.071}
{'sample_size': 80, 'difference': 2, 'noise': 0.05, 'n': 8, 'shap_error': 0.0019052850473149727, 'shap_norm_sq': 4.137947025088677, 'weighted_error': 1.0061638947948872, 'gamma': 0.29565565195365523, 'normalized_gamma': 0.071}
{'sample_size': 80, 'difference': 2, 'noise': 0.1, 'n': 8, 'shap_error': 0.0029046831202562524, 'shap_norm_sq': 4.137947025088677, 'weighted_error': 1.0084607407209467, 'gamma': 0.29565565195365523, 'normalized_gamma': 0.071}
{'sample_size': 80, 'difference': 2, 'noise': 0.5, 'n': 8, 'shap_error': 0.06329937169829511, 'shap_norm_sq': 4.137947025088677, 'weighted_error': 1.1795248036524695, 'gamma': 0.29565565195365523, 'normalized_gamma': 0.071}
{'sample_size': 80, 'difference': 2, 'noise': 1, 'n': 8, 'shap_error': 0.2697914924071155, 'shap_norm_sq': 4.137947025088677, 'weighted_error': 1.7750781211244937, 'gamma': 0.29565565195365523, 'normalized_gamma': 0.071}
{'sample_size': 80, 'difference': 2, 'noise': 0.0005, 'n': 8, 'shap_error': 0.0018328417829492915, 'shap_norm_sq': 7.340056178479393, 'weighted_error': 1.0053960155103805, 'gamma': 0.34457690139330177, 'normalized_gamma': 0.047}
{'sample_size': 80, 'difference': 2, 'noise': 0.001, 'n': 8, 'shap_error': 0.0018349796060109702, 'shap_norm_sq': 7.340056178479393, 'weighted_error': 1.0054022875673472, 'gamma': 0.34457690139330177, 'normalized_gamma': 0.047}
{'sample_size': 80, 'difference': 2, 'noise': 0.005, 'n': 8, 'shap_error': 0.0018536384838998918, 'shap_norm_sq': 7.340056178479393, 'weighted_error': 1.0054565200722312, 'gamma': 0.34457690139330177, 'normalized_gamma': 0.047}
{'sample_size': 80, 'difference': 2, 'noise': 0.01, 'n': 8, 'shap_error': 0.0018808528147495637, 'shap_norm_sq': 7.340056178479393, 'weighted_error': 1.0055344508262092, 'gamma': 0.34457690139330177, 'normalized_gamma': 0.047}
{'sample_size': 80, 'difference': 2, 'noise': 0.05, 'n': 8, 'shap_error': 0.002254196801086171, 'shap_norm_sq': 7.340056178479393, 'weighted_error': 1.0065635017729602, 'gamma': 0.34457690139330177, 'normalized_gamma': 0.047}
{'sample_size': 80, 'difference': 2, 'noise': 0.1, 'n': 8, 'shap_error': 0.0031099501328555675, 'shap_norm_sq': 7.340056178479393, 'weighted_error': 1.0088638277437136, 'gamma': 0.34457690139330177, 'normalized_gamma': 0.047}
{'sample_size': 80, 'difference': 2, 'noise': 0.5, 'n': 8, 'shap_error': 0.025518910740955993, 'shap_norm_sq': 7.340056178479393, 'weighted_error': 1.0678269270023286, 'gamma': 0.34457690139330177, 'normalized_gamma': 0.047}
{'sample_size': 80, 'difference': 2, 'noise': 1, 'n': 8, 'shap_error': 0.09243744638594434, 'shap_norm_sq': 7.340056178479393, 'weighted_error': 1.2429320298070672, 'gamma': 0.34457690139330177, 'normalized_gamma': 0.047}
{'sample_size': 80, 'difference': 2, 'noise': 0.0005, 'n': 8, 'shap_error': 0.005153182647405078, 'shap_norm_sq': 6.6170948415512125, 'weighted_error': 1.018623042990531, 'gamma': 0.2817735822408415, 'normalized_gamma': 0.043}
{'sample_size': 80, 'difference': 2, 'noise': 0.001, 'n': 8, 'shap_error': 0.005150929828382673, 'shap_norm_sq': 6.6170948415512125, 'weighted_error': 1.0186148471832397, 'gamma': 0.2817735822408415, 'normalized_gamma': 0.043}
{'sample_size': 80, 'difference': 2, 'noise': 0.005, 'n': 8, 'shap_error': 0.005134013486116093, 'shap_norm_sq': 6.6170948415512125, 'weighted_error': 1.0185519726927685, 'gamma': 0.2817735822408415, 'normalized_gamma': 0.043}
{'sample_size': 80, 'difference': 2, 'noise': 0.01, 'n': 8, 'shap_error': 0.00511563358306499, 'shap_norm_sq': 6.6170948415512125, 'weighted_error': 1.0184801094993279, 'gamma': 0.2817735822408415, 'normalized_gamma': 0.043}
{'sample_size': 80, 'difference': 2, 'noise': 0.05, 'n': 8, 'shap_error': 0.00507921534994107, 'shap_norm_sq': 6.6170948415512125, 'weighted_error': 1.0181744007377485, 'gamma': 0.2817735822408415, 'normalized_gamma': 0.043}
{'sample_size': 80, 'difference': 2, 'noise': 0.1, 'n': 8, 'shap_error': 0.005310245036748418, 'shap_norm_sq': 6.6170948415512125, 'weighted_error': 1.0184652567506352, 'gamma': 0.2817735822408415, 'normalized_gamma': 0.043}
{'sample_size': 80, 'difference': 2, 'noise': 0.5, 'n': 8, 'shap_error': 0.01822058165969708, 'shap_norm_sq': 6.6170948415512125, 'weighted_error': 1.047711783448171, 'gamma': 0.2817735822408415, 'normalized_gamma': 0.043}
{'sample_size': 80, 'difference': 2, 'noise': 1, 'n': 8, 'shap_error': 0.06201375025960742, 'shap_norm_sq': 6.6170948415512125, 'weighted_error': 1.151569138306196, 'gamma': 0.2817735822408415, 'normalized_gamma': 0.043}
{'sample_size': 80, 'difference': 2, 'noise': 0.0005, 'n': 8, 'shap_error': 0.0006046736786046757, 'shap_norm_sq': 0.8625345802507074, 'weighted_error': 1.0135112166174922, 'gamma': 0.04483743015361205, 'normalized_gamma': 0.052}
{'sample_size': 80, 'difference': 2, 'noise': 0.001, 'n': 8, 'shap_error': 0.000606189746676317, 'shap_norm_sq': 0.8625345802507074, 'weighted_error': 1.0135445444664075, 'gamma': 0.04483743015361205, 'normalized_gamma': 0.052}
{'sample_size': 80, 'difference': 2, 'noise': 0.005, 'n': 8, 'shap_error': 0.000628251520183709, 'shap_norm_sq': 0.8625345802507074, 'weighted_error': 1.0140198949407602, 'gamma': 0.04483743015361205, 'normalized_gamma': 0.052}
{'sample_size': 80, 'difference': 2, 'noise': 0.01, 'n': 8, 'shap_error': 0.0006806618094036143, 'shap_norm_sq': 0.8625345802507074, 'weighted_error': 1.0151359022412738, 'gamma': 0.04483743015361205, 'normalized_gamma': 0.052}
{'sample_size': 80, 'difference': 2, 'noise': 0.05, 'n': 8, 'shap_error': 0.0020932670165889275, 'shap_norm_sq': 0.8625345802507074, 'weighted_error': 1.0449367289482656, 'gamma': 0.04483743015361205, 'normalized_gamma': 0.052}
{'sample_size': 80, 'difference': 2, 'noise': 0.1, 'n': 8, 'shap_error': 0.006342330759135903, 'shap_norm_sq': 0.8625345802507074, 'weighted_error': 1.1343696830892223, 'gamma': 0.04483743015361205, 'normalized_gamma': 0.052}
{'sample_size': 80, 'difference': 2, 'noise': 0.5, 'n': 8, 'shap_error': 0.1396671300421247, 'shap_norm_sq': 0.8625345802507074, 'weighted_error': 3.9371101465055363, 'gamma': 0.04483743015361205, 'normalized_gamma': 0.052}
{'sample_size': 80, 'difference': 2, 'noise': 1, 'n': 8, 'shap_error': 0.5546538525023937, 'shap_norm_sq': 0.8625345802507074, 'weighted_error': 12.658727801497593, 'gamma': 0.04483743015361205, 'normalized_gamma': 0.052}
{'sample_size': 80, 'difference': 2, 'noise': 0.0005, 'n': 8, 'shap_error': 0.0036770103157812294, 'shap_norm_sq': 0.8887723837651913, 'weighted_error': 1.0085678128952362, 'gamma': 0.4349861564530619, 'normalized_gamma': 0.49}
{'sample_size': 80, 'difference': 2, 'noise': 0.001, 'n': 8, 'shap_error': 0.0037086037659548677, 'shap_norm_sq': 0.8887723837651913, 'weighted_error': 1.0086391431125878, 'gamma': 0.4349861564530619, 'normalized_gamma': 0.49}
{'sample_size': 80, 'difference': 2, 'noise': 0.005, 'n': 8, 'shap_error': 0.003997747322343574, 'shap_norm_sq': 0.8887723837651913, 'weighted_error': 1.0092395930281242, 'gamma': 0.4349861564530619, 'normalized_gamma': 0.49}
{'sample_size': 80, 'difference': 2, 'noise': 0.01, 'n': 8, 'shap_error': 0.0044501666553281504, 'shap_norm_sq': 0.8887723837651913, 'weighted_error': 1.0100646758643501, 'gamma': 0.4349861564530619, 'normalized_gamma': 0.49}
{'sample_size': 80, 'difference': 2, 'noise': 0.05, 'n': 8, 'shap_error': 0.011709116819152071, 'shap_norm_sq': 0.8887723837651913, 'weighted_error': 1.019646156226379, 'gamma': 0.4349861564530619, 'normalized_gamma': 0.49}
{'sample_size': 80, 'difference': 2, 'noise': 0.1, 'n': 8, 'shap_error': 0.02988179327380049, 'shap_norm_sq': 0.8887723837651913, 'weighted_error': 1.039075050859471, 'gamma': 0.4349861564530619, 'normalized_gamma': 0.49}
{'sample_size': 80, 'difference': 2, 'noise': 0.5, 'n': 8, 'shap_error': 0.539222754905729, 'shap_norm_sq': 0.8887723837651913, 'weighted_error': 1.492587975146454, 'gamma': 0.4349861564530619, 'normalized_gamma': 0.49}
{'sample_size': 80, 'difference': 2, 'noise': 1, 'n': 8, 'shap_error': 2.0857978319324912, 'shap_norm_sq': 0.8887723837651913, 'weighted_error': 2.804683548560792, 'gamma': 0.4349861564530619, 'normalized_gamma': 0.49}
{'sample_size': 80, 'difference': 2, 'noise': 0.0005, 'n': 8, 'shap_error': 0.002688639989534663, 'shap_norm_sq': 7.1766357716712905, 'weighted_error': 1.0080809030867992, 'gamma': 0.33822184582062825, 'normalized_gamma': 0.047}
{'sample_size': 80, 'difference': 2, 'noise': 0.001, 'n': 8, 'shap_error': 0.0026900408713687127, 'shap_norm_sq': 7.1766357716712905, 'weighted_error': 1.0080851055793765, 'gamma': 0.33822184582062825, 'normalized_gamma': 0.047}
{'sample_size': 80, 'difference': 2, 'noise': 0.005, 'n': 8, 'shap_error': 0.0027023895835682557, 'shap_norm_sq': 7.1766357716712905, 'weighted_error': 1.0081219649936024, 'gamma': 0.33822184582062825, 'normalized_gamma': 0.047}
{'sample_size': 80, 'difference': 2, 'noise': 0.01, 'n': 8, 'shap_error': 0.0027206796176358367, 'shap_norm_sq': 7.1766357716712905, 'weighted_error': 1.0081761379454033, 'gamma': 0.33822184582062825, 'normalized_gamma': 0.047}
{'sample_size': 80, 'difference': 2, 'noise': 0.05, 'n': 8, 'shap_error': 0.0029811656429010354, 'shap_norm_sq': 7.1766357716712905, 'weighted_error': 1.0089334689205358, 'gamma': 0.33822184582062825, 'normalized_gamma': 0.047}
{'sample_size': 80, 'difference': 2, 'noise': 0.1, 'n': 8, 'shap_error': 0.003592187556294103, 'shap_norm_sq': 7.1766357716712905, 'weighted_error': 1.0106900010412683, 'gamma': 0.33822184582062825, 'normalized_gamma': 0.047}
{'sample_size': 80, 'difference': 2, 'noise': 0.5, 'n': 8, 'shap_error': 0.019896938135901262, 'shap_norm_sq': 7.1766357716712905, 'weighted_error': 1.057136994079783, 'gamma': 0.33822184582062825, 'normalized_gamma': 0.047}
{'sample_size': 80, 'difference': 2, 'noise': 1, 'n': 8, 'shap_error': 0.06881931454156716, 'shap_norm_sq': 7.1766357716712905, 'weighted_error': 1.1961825755595696, 'gamma': 0.33822184582062825, 'normalized_gamma': 0.047}
{'sample_size': 80, 'difference': 2, 'noise': 0.0005, 'n': 8, 'shap_error': 0.0005358002044900109, 'shap_norm_sq': 8.15905629244432, 'weighted_error': 1.0301065801751963, 'gamma': 0.02309111536382398, 'normalized_gamma': 0.0028}
{'sample_size': 80, 'difference': 2, 'noise': 0.001, 'n': 8, 'shap_error': 0.0005373232208373185, 'shap_norm_sq': 8.15905629244432, 'weighted_error': 1.0301843234330028, 'gamma': 0.02309111536382398, 'normalized_gamma': 0.0028}
{'sample_size': 80, 'difference': 2, 'noise': 0.005, 'n': 8, 'shap_error': 0.0005533328781974163, 'shap_norm_sq': 8.15905629244432, 'weighted_error': 1.0308334158512313, 'gamma': 0.02309111536382398, 'normalized_gamma': 0.0028}
{'sample_size': 80, 'difference': 2, 'noise': 0.01, 'n': 8, 'shap_error': 0.0005829087663517298, 'shap_norm_sq': 8.15905629244432, 'weighted_error': 1.0317126472634612, 'gamma': 0.02309111536382398, 'normalized_gamma': 0.0028}
{'sample_size': 80, 'difference': 2, 'noise': 0.05, 'n': 8, 'shap_error': 0.0012020685297538956, 'shap_norm_sq': 8.15905629244432, 'weighted_error': 1.0414611341390707, 'gamma': 0.02309111536382398, 'normalized_gamma': 0.0028}
{'sample_size': 80, 'difference': 2, 'noise': 0.1, 'n': 8, 'shap_error': 0.0029323998794257293, 'shap_norm_sq': 8.15905629244432, 'weighted_error': 1.0604333316780103, 'gamma': 0.02309111536382398, 'normalized_gamma': 0.0028}
{'sample_size': 80, 'difference': 2, 'noise': 0.5, 'n': 8, 'shap_error': 0.0550303164935649, 'shap_norm_sq': 8.15905629244432, 'weighted_error': 1.4836744697666018, 'gamma': 0.02309111536382398, 'normalized_gamma': 0.0028}
{'sample_size': 80, 'difference': 2, 'noise': 1, 'n': 8, 'shap_error': 0.21579087680315018, 'shap_norm_sq': 8.15905629244432, 'weighted_error': 2.691384786820026, 'gamma': 0.02309111536382398, 'normalized_gamma': 0.0028}
{'sample_size': 80, 'difference': 2, 'noise': 0.0005, 'n': 8, 'shap_error': 0.0038492897008431323, 'shap_norm_sq': 1.5981181294253042, 'weighted_error': 1.0433240340491985, 'gamma': 0.11316593672640088, 'normalized_gamma': 0.071}
{'sample_size': 80, 'difference': 2, 'noise': 0.001, 'n': 8, 'shap_error': 0.00383917944386767, 'shap_norm_sq': 1.5981181294253042, 'weighted_error': 1.0432102387777444, 'gamma': 0.11316593672640088, 'normalized_gamma': 0.071}
{'sample_size': 80, 'difference': 2, 'noise': 0.005, 'n': 8, 'shap_error': 0.0037613900113135754, 'shap_norm_sq': 1.5981181294253042, 'weighted_error': 1.0423345941030369, 'gamma': 0.11316593672640088, 'normalized_gamma': 0.071}
{'sample_size': 80, 'difference': 2, 'noise': 0.01, 'n': 8, 'shap_error': 0.00367188477874513, 'shap_norm_sq': 1.5981181294253042, 'weighted_error': 1.0413268320019706, 'gamma': 0.11316593672640088, 'normalized_gamma': 0.071}
{'sample_size': 80, 'difference': 2, 'noise': 0.05, 'n': 8, 'shap_error': 0.003265105243162651, 'shap_norm_sq': 1.5981181294253042, 'weighted_error': 1.0367364848861689, 'gamma': 0.11316593672640088, 'normalized_gamma': 0.071}
{'sample_size': 80, 'difference': 2, 'noise': 0.1, 'n': 8, 'shap_error': 0.0035297866360975193, 'shap_norm_sq': 1.5981181294253042, 'weighted_error': 1.0396779252232318, 'gamma': 0.11316593672640088, 'normalized_gamma': 0.071}
{'sample_size': 80, 'difference': 2, 'noise': 0.5, 'n': 8, 'shap_error': 0.03657347027609595, 'shap_norm_sq': 1.5981181294253042, 'weighted_error': 1.410384417192357, 'gamma': 0.11316593672640088, 'normalized_gamma': 0.071}
{'sample_size': 80, 'difference': 2, 'noise': 1, 'n': 8, 'shap_error': 0.15519365606739258, 'shap_norm_sq': 1.5981181294253042, 'weighted_error': 2.7417049553353174, 'gamma': 0.11316593672640088, 'normalized_gamma': 0.071}
{'sample_size': 80, 'difference': 2, 'noise': 0.0005, 'n': 8, 'shap_error': 0.0001310730657969312, 'shap_norm_sq': 14.650570757779397, 'weighted_error': 1.0035997114398592, 'gamma': 0.040137834793725936, 'normalized_gamma': 0.0027}
{'sample_size': 80, 'difference': 2, 'noise': 0.001, 'n': 8, 'shap_error': 0.00013112436040925419, 'shap_norm_sq': 14.650570757779397, 'weighted_error': 1.0036009628367755, 'gamma': 0.040137834793725936, 'normalized_gamma': 0.0027}
{'sample_size': 80, 'difference': 2, 'noise': 0.005, 'n': 8, 'shap_error': 0.000131845290723097, 'shap_norm_sq': 14.650570757779397, 'weighted_error': 1.0036157241993178, 'gamma': 0.040137834793725936, 'normalized_gamma': 0.0027}
{'sample_size': 80, 'difference': 2, 'noise': 0.01, 'n': 8, 'shap_error': 0.00013352288715351657, 'shap_norm_sq': 14.650570757779397, 'weighted_error': 1.0036460513705203, 'gamma': 0.040137834793725936, 'normalized_gamma': 0.0027}
{'sample_size': 80, 'difference': 2, 'noise': 0.05, 'n': 8, 'shap_error': 0.00017800100012143228, 'shap_norm_sq': 14.650570757779397, 'weighted_error': 1.004363687461135, 'gamma': 0.040137834793725936, 'normalized_gamma': 0.0027}
{'sample_size': 80, 'difference': 2, 'noise': 0.1, 'n': 8, 'shap_error': 0.0003112419951427815, 'shap_norm_sq': 14.650570757779397, 'weighted_error': 1.006448279376885, 'gamma': 0.040137834793725936, 'normalized_gamma': 0.0027}
{'sample_size': 80, 'difference': 2, 'noise': 0.5, 'n': 8, 'shap_error': 0.004482904107771604, 'shap_norm_sq': 14.650570757779397, 'weighted_error': 1.0706268868021676, 'gamma': 0.040137834793725936, 'normalized_gamma': 0.0027}
{'sample_size': 80, 'difference': 2, 'noise': 1, 'n': 8, 'shap_error': 0.01746181712970273, 'shap_norm_sq': 14.650570757779397, 'weighted_error': 1.269604826331978, 'gamma': 0.040137834793725936, 'normalized_gamma': 0.0027}
{'sample_size': 80, 'difference': 2, 'noise': 0.0005, 'n': 8, 'shap_error': 0.0018936394441270792, 'shap_norm_sq': 5.043587558642691, 'weighted_error': 1.0053237549402636, 'gamma': 0.365736927155691, 'normalized_gamma': 0.073}
{'sample_size': 80, 'difference': 2, 'noise': 0.001, 'n': 8, 'shap_error': 0.0018982150106092459, 'shap_norm_sq': 5.043587558642691, 'weighted_error': 1.005336606590115, 'gamma': 0.365736927155691, 'normalized_gamma': 0.073}
{'sample_size': 80, 'difference': 2, 'noise': 0.005, 'n': 8, 'shap_error': 0.0019372386963011374, 'shap_norm_sq': 5.043587558642691, 'weighted_error': 1.005445931947079, 'gamma': 0.365736927155691, 'normalized_gamma': 0.073}
{'sample_size': 80, 'difference': 2, 'noise': 0.01, 'n': 8, 'shap_error': 0.001992066188002184, 'shap_norm_sq': 5.043587558642691, 'weighted_error': 1.0055988690386628, 'gamma': 0.365736927155691, 'normalized_gamma': 0.073}
{'sample_size': 80, 'difference': 2, 'noise': 0.05, 'n': 8, 'shap_error': 0.0026726015050592493, 'shap_norm_sq': 5.043587558642691, 'weighted_error': 1.007473581586501, 'gamma': 0.365736927155691, 'normalized_gamma': 0.073}
{'sample_size': 80, 'difference': 2, 'noise': 0.1, 'n': 8, 'shap_error': 0.004128059110002102, 'shap_norm_sq': 5.043587558642691, 'weighted_error': 1.0114450118092175, 'gamma': 0.365736927155691, 'normalized_gamma': 0.073}
{'sample_size': 80, 'difference': 2, 'noise': 0.5, 'n': 8, 'shap_error': 0.039963258294405515, 'shap_norm_sq': 5.043587558642691, 'weighted_error': 1.108338035107685, 'gamma': 0.365736927155691, 'normalized_gamma': 0.073}
{'sample_size': 80, 'difference': 2, 'noise': 1, 'n': 8, 'shap_error': 0.14523610313706137, 'shap_norm_sq': 5.043587558642691, 'weighted_error': 1.3922582680226103, 'gamma': 0.365736927155691, 'normalized_gamma': 0.073}
{'sample_size': 80, 'difference': 2, 'noise': 0.0005, 'n': 8, 'shap_error': 0.00037565876246671, 'shap_norm_sq': 7.401176257071544, 'weighted_error': 1.018041879041041, 'gamma': 0.023739824638433625, 'normalized_gamma': 0.0032}
{'sample_size': 80, 'difference': 2, 'noise': 0.001, 'n': 8, 'shap_error': 0.0003767493165694957, 'shap_norm_sq': 7.401176257071544, 'weighted_error': 1.0180942456579196, 'gamma': 0.023739824638433625, 'normalized_gamma': 0.0032}
{'sample_size': 80, 'difference': 2, 'noise': 0.005, 'n': 8, 'shap_error': 0.00038624137829873436, 'shap_norm_sq': 7.401176257071544, 'weighted_error': 1.0185497891661346, 'gamma': 0.023739824638433625, 'normalized_gamma': 0.0032}
{'sample_size': 80, 'difference': 2, 'noise': 0.01, 'n': 8, 'shap_error': 0.0004000255277277002, 'shap_norm_sq': 7.401176257071544, 'weighted_error': 1.019210744984368, 'gamma': 0.023739824638433625, 'normalized_gamma': 0.0032}
{'sample_size': 80, 'difference': 2, 'noise': 0.05, 'n': 8, 'shap_error': 0.0005870616138559958, 'shap_norm_sq': 7.401176257071544, 'weighted_error': 1.0281594488488244, 'gamma': 0.023739824638433625, 'normalized_gamma': 0.0032}
{'sample_size': 80, 'difference': 2, 'noise': 0.1, 'n': 8, 'shap_error': 0.0010127639482578, 'shap_norm_sq': 7.401176257071544, 'weighted_error': 1.0484979719758667, 'gamma': 0.023739824638433625, 'normalized_gamma': 0.0032}
{'sample_size': 80, 'difference': 2, 'noise': 0.5, 'n': 8, 'shap_error': 0.01209467169312963, 'shap_norm_sq': 7.401176257071544, 'weighted_error': 1.5773118888510966, 'gamma': 0.023739824638433625, 'normalized_gamma': 0.0032}
{'sample_size': 80, 'difference': 2, 'noise': 1, 'n': 8, 'shap_error': 0.045137779048362935, 'shap_norm_sq': 7.401176257071544, 'weighted_error': 3.1535936145923653, 'gamma': 0.023739824638433625, 'normalized_gamma': 0.0032}
{'sample_size': 80, 'difference': 2, 'noise': 0.0005, 'n': 8, 'shap_error': 0.0009276017338624005, 'shap_norm_sq': 6.140510080214641, 'weighted_error': 1.0023485383840043, 'gamma': 0.4029101220205768, 'normalized_gamma': 0.066}
{'sample_size': 80, 'difference': 2, 'noise': 0.001, 'n': 8, 'shap_error': 0.0009311995723097307, 'shap_norm_sq': 6.140510080214641, 'weighted_error': 1.0023574212819963, 'gamma': 0.4029101220205768, 'normalized_gamma': 0.066}
{'sample_size': 80, 'difference': 2, 'noise': 0.005, 'n': 8, 'shap_error': 0.0009645102471953966, 'shap_norm_sq': 6.140510080214641, 'weighted_error': 1.0024345096143714, 'gamma': 0.4029101220205768, 'normalized_gamma': 0.066}
{'sample_size': 80, 'difference': 2, 'noise': 0.01, 'n': 8, 'shap_error': 0.0010174685090701926, 'shap_norm_sq': 6.140510080214641, 'weighted_error': 1.002545932900942, 'gamma': 0.4029101220205768, 'normalized_gamma': 0.066}
{'sample_size': 80, 'difference': 2, 'noise': 0.05, 'n': 8, 'shap_error': 0.0018939313347771391, 'shap_norm_sq': 6.140510080214641, 'weighted_error': 1.0040398340375603, 'gamma': 0.4029101220205768, 'normalized_gamma': 0.066}
{'sample_size': 80, 'difference': 2, 'noise': 0.1, 'n': 8, 'shap_error': 0.00412150169368203, 'shap_norm_sq': 6.140510080214641, 'weighted_error': 1.0074134975684672, 'gamma': 0.4029101220205768, 'normalized_gamma': 0.066}
{'sample_size': 80, 'difference': 2, 'noise': 0.5, 'n': 8, 'shap_error': 0.06722173763577165, 'shap_norm_sq': 6.140510080214641, 'weighted_error': 1.0946542902211003, 'gamma': 0.4029101220205768, 'normalized_gamma': 0.066}
{'sample_size': 80, 'difference': 2, 'noise': 1, 'n': 8, 'shap_error': 0.25929621524050944, 'shap_norm_sq': 6.140510080214641, 'weighted_error': 1.3543339920503317, 'gamma': 0.4029101220205768, 'normalized_gamma': 0.066}
{'sample_size': 80, 'difference': 2, 'noise': 0.0005, 'n': 8, 'shap_error': 0.0072057188075461045, 'shap_norm_sq': 4.346726604694032, 'weighted_error': 1.0146521784546814, 'gamma': 0.4932395697695833, 'normalized_gamma': 0.11}
{'sample_size': 80, 'difference': 2, 'noise': 0.001, 'n': 8, 'shap_error': 0.007210289408101893, 'shap_norm_sq': 4.346726604694032, 'weighted_error': 1.0146614284213522, 'gamma': 0.4932395697695833, 'normalized_gamma': 0.11}
{'sample_size': 80, 'difference': 2, 'noise': 0.005, 'n': 8, 'shap_error': 0.007247563513500576, 'shap_norm_sq': 4.346726604694032, 'weighted_error': 1.0147358159448148, 'gamma': 0.4932395697695833, 'normalized_gamma': 0.11}
{'sample_size': 80, 'difference': 2, 'noise': 0.01, 'n': 8, 'shap_error': 0.007295929397629354, 'shap_norm_sq': 4.346726604694032, 'weighted_error': 1.01482976982438, 'gamma': 0.4932395697695833, 'normalized_gamma': 0.11}
{'sample_size': 80, 'difference': 2, 'noise': 0.05, 'n': 8, 'shap_error': 0.007753786565878525, 'shap_norm_sq': 4.346726604694032, 'weighted_error': 1.0156201798703783, 'gamma': 0.4932395697695833, 'normalized_gamma': 0.11}
{'sample_size': 80, 'difference': 2, 'noise': 0.1, 'n': 8, 'shap_error': 0.008503433264237388, 'shap_norm_sq': 4.346726604694032, 'weighted_error': 1.0167051399515725, 'gamma': 0.4932395697695833, 'normalized_gamma': 0.11}
{'sample_size': 80, 'difference': 2, 'noise': 0.5, 'n': 8, 'shap_error': 0.021593616373003797, 'shap_norm_sq': 4.346726604694032, 'weighted_error': 1.029262721548951, 'gamma': 0.4932395697695833, 'normalized_gamma': 0.11}
{'sample_size': 80, 'difference': 2, 'noise': 1, 'n': 8, 'shap_error': 0.055688869063700804, 'shap_norm_sq': 4.346726604694032, 'weighted_error': 1.0546544509152382, 'gamma': 0.4932395697695833, 'normalized_gamma': 0.11}
{'sample_size': 80, 'difference': 2, 'noise': 0.0005, 'n': 8, 'shap_error': 0.0006834488618645565, 'shap_norm_sq': 1.2335342259146802, 'weighted_error': 1.0035544662583542, 'gamma': 0.22077611031871733, 'normalized_gamma': 0.18}
{'sample_size': 80, 'difference': 2, 'noise': 0.001, 'n': 8, 'shap_error': 0.0006797733971224955, 'shap_norm_sq': 1.2335342259146802, 'weighted_error': 1.0035353506057774, 'gamma': 0.22077611031871733, 'normalized_gamma': 0.18}
{'sample_size': 80, 'difference': 2, 'noise': 0.005, 'n': 8, 'shap_error': 0.0006630647141978661, 'shap_norm_sq': 1.2335342259146802, 'weighted_error': 1.0034484381420417, 'gamma': 0.22077611031871733, 'normalized_gamma': 0.18}
{'sample_size': 80, 'difference': 2, 'noise': 0.01, 'n': 8, 'shap_error': 0.0006739164480717311, 'shap_norm_sq': 1.2335342259146802, 'weighted_error': 1.0035048294545683, 'gamma': 0.22077611031871733, 'normalized_gamma': 0.18}
{'sample_size': 80, 'difference': 2, 'noise': 0.05, 'n': 8, 'shap_error': 0.002030233820249011, 'shap_norm_sq': 1.2335342259146802, 'weighted_error': 1.0105572356426522, 'gamma': 0.22077611031871733, 'normalized_gamma': 0.18}
{'sample_size': 80, 'difference': 2, 'noise': 0.1, 'n': 8, 'shap_error': 0.006899389288436481, 'shap_norm_sq': 1.2335342259146802, 'weighted_error': 1.0358759325974298, 'gamma': 0.22077611031871733, 'normalized_gamma': 0.18}
{'sample_size': 80, 'difference': 2, 'noise': 0.5, 'n': 8, 'shap_error': 0.17280298315257023, 'shap_norm_sq': 1.2335342259146802, 'weighted_error': 1.8985530770225418, 'gamma': 0.22077611031871733, 'normalized_gamma': 0.18}
{'sample_size': 80, 'difference': 2, 'noise': 1, 'n': 8, 'shap_error': 0.6975583507793229, 'shap_norm_sq': 1.2335342259146802, 'weighted_error': 4.6272184295211645, 'gamma': 0.22077611031871733, 'normalized_gamma': 0.18}
{'sample_size': 80, 'difference': 2, 'noise': 0.0005, 'n': 8, 'shap_error': 0.0012606948430826457, 'shap_norm_sq': 10.12626530007953, 'weighted_error': 1.030139836303579, 'gamma': 0.049488646999132496, 'normalized_gamma': 0.0049}
{'sample_size': 80, 'difference': 2, 'noise': 0.001, 'n': 8, 'shap_error': 0.0012622435352597672, 'shap_norm_sq': 10.12626530007953, 'weighted_error': 1.0301763676844404, 'gamma': 0.049488646999132496, 'normalized_gamma': 0.0049}
{'sample_size': 80, 'difference': 2, 'noise': 0.005, 'n': 8, 'shap_error': 0.001275964663930586, 'shap_norm_sq': 10.12626530007953, 'weighted_error': 1.0304885826865218, 'gamma': 0.049488646999132496, 'normalized_gamma': 0.0049}
{'sample_size': 80, 'difference': 2, 'noise': 0.01, 'n': 8, 'shap_error': 0.0012964450529037517, 'shap_norm_sq': 10.12626530007953, 'weighted_error': 1.0309287613270999, 'gamma': 0.049488646999132496, 'normalized_gamma': 0.0049}
{'sample_size': 80, 'difference': 2, 'noise': 0.05, 'n': 8, 'shap_error': 0.0015934472900748444, 'shap_norm_sq': 10.12626530007953, 'weighted_error': 1.0364465859708043, 'gamma': 0.049488646999132496, 'normalized_gamma': 0.0049}
{'sample_size': 80, 'difference': 2, 'noise': 0.1, 'n': 8, 'shap_error': 0.0022975979000032383, 'shap_norm_sq': 10.12626530007953, 'weighted_error': 1.0483348555731287, 'gamma': 0.049488646999132496, 'normalized_gamma': 0.0049}
{'sample_size': 80, 'difference': 2, 'noise': 0.5, 'n': 8, 'shap_error': 0.021246715318010125, 'shap_norm_sq': 10.12626530007953, 'weighted_error': 1.3430805642994585, 'gamma': 0.049488646999132496, 'normalized_gamma': 0.0049}
{'sample_size': 80, 'difference': 2, 'noise': 1, 'n': 8, 'shap_error': 0.07822289343696882, 'shap_norm_sq': 10.12626530007953, 'weighted_error': 2.210611579976722, 'gamma': 0.049488646999132496, 'normalized_gamma': 0.0049}
{'sample_size': 80, 'difference': 2, 'noise': 0.0005, 'n': 8, 'shap_error': 0.0001779345384004771, 'shap_norm_sq': 6.3030979223809105, 'weighted_error': 1.0043573218980006, 'gamma': 0.04413746605352431, 'normalized_gamma': 0.007}
{'sample_size': 80, 'difference': 2, 'noise': 0.001, 'n': 8, 'shap_error': 0.0001774275507072728, 'shap_norm_sq': 6.3030979223809105, 'weighted_error': 1.0043444498091212, 'gamma': 0.04413746605352431, 'normalized_gamma': 0.007}
{'sample_size': 80, 'difference': 2, 'noise': 0.005, 'n': 8, 'shap_error': 0.00017683992448137143, 'shap_norm_sq': 6.3030979223809105, 'weighted_error': 1.0043154503074003, 'gamma': 0.04413746605352431, 'normalized_gamma': 0.007}
{'sample_size': 80, 'difference': 2, 'noise': 0.01, 'n': 8, 'shap_error': 0.00018477607999828414, 'shap_norm_sq': 6.3030979223809105, 'weighted_error': 1.004464143953529, 'gamma': 0.04413746605352431, 'normalized_gamma': 0.007}
{'sample_size': 80, 'difference': 2, 'noise': 0.05, 'n': 8, 'shap_error': 0.0005950928561052695, 'shap_norm_sq': 6.3030979223809105, 'weighted_error': 1.013051414053748, 'gamma': 0.04413746605352431, 'normalized_gamma': 0.007}
{'sample_size': 80, 'difference': 2, 'noise': 0.1, 'n': 8, 'shap_error': 0.0019750576561681854, 'shap_norm_sq': 6.3030979223809105, 'weighted_error': 1.0422798040069985, 'gamma': 0.04413746605352431, 'normalized_gamma': 0.007}
{'sample_size': 80, 'difference': 2, 'noise': 0.5, 'n': 8, 'shap_error': 0.047697529253838966, 'shap_norm_sq': 6.3030979223809105, 'weighted_error': 2.015879016752071, 'gamma': 0.04413746605352431, 'normalized_gamma': 0.007}
{'sample_size': 80, 'difference': 2, 'noise': 1, 'n': 8, 'shap_error': 0.19155750174384598, 'shap_norm_sq': 6.3030979223809105, 'weighted_error': 5.082308265481082, 'gamma': 0.04413746605352431, 'normalized_gamma': 0.007}
{'sample_size': 80, 'difference': 2, 'noise': 0.0005, 'n': 8, 'shap_error': 0.0010956283275916864, 'shap_norm_sq': 5.106391727345954, 'weighted_error': 1.0035563300645112, 'gamma': 0.3147222201711393, 'normalized_gamma': 0.062}
{'sample_size': 80, 'difference': 2, 'noise': 0.001, 'n': 8, 'shap_error': 0.0010967749737668276, 'shap_norm_sq': 5.106391727345954, 'weighted_error': 1.0035600407458758, 'gamma': 0.3147222201711393, 'normalized_gamma': 0.062}
{'sample_size': 80, 'difference': 2, 'noise': 0.005, 'n': 8, 'shap_error': 0.001107822830810777, 'shap_norm_sq': 5.106391727345954, 'weighted_error': 1.0035955423341225, 'gamma': 0.3147222201711393, 'normalized_gamma': 0.062}
{'sample_size': 80, 'difference': 2, 'noise': 0.01, 'n': 8, 'shap_error': 0.001126319371222882, 'shap_norm_sq': 5.106391727345954, 'weighted_error': 1.0036544596627626, 'gamma': 0.3147222201711393, 'normalized_gamma': 0.062}
{'sample_size': 80, 'difference': 2, 'noise': 0.05, 'n': 8, 'shap_error': 0.0014617604588065079, 'shap_norm_sq': 5.106391727345954, 'weighted_error': 1.0047074120251307, 'gamma': 0.3147222201711393, 'normalized_gamma': 0.062}
{'sample_size': 80, 'difference': 2, 'noise': 0.1, 'n': 8, 'shap_error': 0.002349733729003123, 'shap_norm_sq': 5.106391727345954, 'weighted_error': 1.0074776368112155, 'gamma': 0.3147222201711393, 'normalized_gamma': 0.062}
{'sample_size': 80, 'difference': 2, 'noise': 0.5, 'n': 8, 'shap_error': 0.028200396319259538, 'shap_norm_sq': 5.106391727345954, 'weighted_error': 1.0878008084248536, 'gamma': 0.3147222201711393, 'normalized_gamma': 0.062}
{'sample_size': 80, 'difference': 2, 'noise': 1, 'n': 8, 'shap_error': 0.10738091562878889, 'shap_norm_sq': 5.106391727345954, 'weighted_error': 1.3336082062543089, 'gamma': 0.3147222201711393, 'normalized_gamma': 0.062}
{'sample_size': 80, 'difference': 2, 'noise': 0.0005, 'n': 8, 'shap_error': 0.0013267184696507197, 'shap_norm_sq': 5.619418845366897, 'weighted_error': 1.0216980744662834, 'gamma': 0.06886788354448048, 'normalized_gamma': 0.012}
{'sample_size': 80, 'difference': 2, 'noise': 0.001, 'n': 8, 'shap_error': 0.0013207986264530678, 'shap_norm_sq': 5.619418845366897, 'weighted_error': 1.021601073438044, 'gamma': 0.06886788354448048, 'normalized_gamma': 0.012}
{'sample_size': 80, 'difference': 2, 'noise': 0.005, 'n': 8, 'shap_error': 0.0012749458042651926, 'shap_norm_sq': 5.619418845366897, 'weighted_error': 1.0208452984561915, 'gamma': 0.06886788354448048, 'normalized_gamma': 0.012}
{'sample_size': 80, 'difference': 2, 'noise': 0.01, 'n': 8, 'shap_error': 0.001221394585013725, 'shap_norm_sq': 5.619418845366897, 'weighted_error': 1.0199511628390288, 'gamma': 0.06886788354448048, 'normalized_gamma': 0.012}
{'sample_size': 80, 'difference': 2, 'noise': 0.05, 'n': 8, 'shap_error': 0.0009435771703367259, 'shap_norm_sq': 5.619418845366897, 'weighted_error': 1.0148214023078324, 'gamma': 0.06886788354448048, 'normalized_gamma': 0.012}
{'sample_size': 80, 'difference': 2, 'noise': 0.1, 'n': 8, 'shap_error': 0.0009727862503275009, 'shap_norm_sq': 5.619418845366897, 'weighted_error': 1.0134675126591028, 'gamma': 0.06886788354448048, 'normalized_gamma': 0.012}
{'sample_size': 80, 'difference': 2, 'noise': 0.5, 'n': 8, 'shap_error': 0.016265692823734156, 'shap_norm_sq': 5.619418845366897, 'weighted_error': 1.204968836079912, 'gamma': 0.06886788354448048, 'normalized_gamma': 0.012}
{'sample_size': 80, 'difference': 2, 'noise': 1, 'n': 8, 'shap_error': 0.07302991087419364, 'shap_norm_sq': 5.619418845366897, 'weighted_error': 1.9501765918825391, 'gamma': 0.06886788354448048, 'normalized_gamma': 0.012}
{'sample_size': 80, 'difference': 2, 'noise': 0.0005, 'n': 8, 'shap_error': 0.007612382857964696, 'shap_norm_sq': 7.755400723635039, 'weighted_error': 1.0126460992599204, 'gamma': 0.6020244392192597, 'normalized_gamma': 0.078}
{'sample_size': 80, 'difference': 2, 'noise': 0.001, 'n': 8, 'shap_error': 0.007618226663913677, 'shap_norm_sq': 7.755400723635039, 'weighted_error': 1.0126558067653764, 'gamma': 0.6020244392192597, 'normalized_gamma': 0.078}
{'sample_size': 80, 'difference': 2, 'noise': 0.005, 'n': 8, 'shap_error': 0.00766601613313182, 'shap_norm_sq': 7.755400723635039, 'weighted_error': 1.01273518027406, 'gamma': 0.6020244392192597, 'normalized_gamma': 0.078}
{'sample_size': 80, 'difference': 2, 'noise': 0.01, 'n': 8, 'shap_error': 0.007728350523719921, 'shap_norm_sq': 7.755400723635039, 'weighted_error': 1.0128386808225016, 'gamma': 0.6020244392192597, 'normalized_gamma': 0.078}
{'sample_size': 80, 'difference': 2, 'noise': 0.05, 'n': 8, 'shap_error': 0.008330927811040993, 'shap_norm_sq': 7.755400723635039, 'weighted_error': 1.013838031713529, 'gamma': 0.6020244392192597, 'normalized_gamma': 0.078}
{'sample_size': 80, 'difference': 2, 'noise': 0.1, 'n': 8, 'shap_error': 0.009343904826733095, 'shap_norm_sq': 7.755400723635039, 'weighted_error': 1.0155155865860428, 'gamma': 0.6020244392192597, 'normalized_gamma': 0.078}
{'sample_size': 80, 'difference': 2, 'noise': 0.5, 'n': 8, 'shap_error': 0.02783793721389913, 'shap_norm_sq': 7.755400723635039, 'weighted_error': 1.0460706759153549, 'gamma': 0.6020244392192597, 'normalized_gamma': 0.078}
{'sample_size': 80, 'difference': 2, 'noise': 1, 'n': 8, 'shap_error': 0.07693101835192985, 'shap_norm_sq': 7.755400723635039, 'weighted_error': 1.127101163449997, 'gamma': 0.6020244392192597, 'normalized_gamma': 0.078}
{'sample_size': 80, 'difference': 2, 'noise': 0.0005, 'n': 8, 'shap_error': 0.0006505182562748931, 'shap_norm_sq': 5.347399201051035, 'weighted_error': 1.0067527323076906, 'gamma': 0.11569092194644015, 'normalized_gamma': 0.022}
{'sample_size': 80, 'difference': 2, 'noise': 0.001, 'n': 8, 'shap_error': 0.0006506365360355542, 'shap_norm_sq': 5.347399201051035, 'weighted_error': 1.0067533678086094, 'gamma': 0.11569092194644015, 'normalized_gamma': 0.022}
{'sample_size': 80, 'difference': 2, 'noise': 0.005, 'n': 8, 'shap_error': 0.0006576064963430564, 'shap_norm_sq': 5.347399201051035, 'weighted_error': 1.0068067976434163, 'gamma': 0.11569092194644015, 'normalized_gamma': 0.022}
{'sample_size': 80, 'difference': 2, 'noise': 0.01, 'n': 8, 'shap_error': 0.0006813782522826257, 'shap_norm_sq': 5.347399201051035, 'weighted_error': 1.0069944495055707, 'gamma': 0.11569092194644015, 'normalized_gamma': 0.022}
{'sample_size': 80, 'difference': 2, 'noise': 0.05, 'n': 8, 'shap_error': 0.0014739245220078345, 'shap_norm_sq': 5.347399201051035, 'weighted_error': 1.013330247148633, 'gamma': 0.11569092194644015, 'normalized_gamma': 0.022}
{'sample_size': 80, 'difference': 2, 'noise': 0.1, 'n': 8, 'shap_error': 0.00397053791468574, 'shap_norm_sq': 5.347399201051035, 'weighted_error': 1.0333364510670289, 'gamma': 0.11569092194644015, 'normalized_gamma': 0.022}
{'sample_size': 80, 'difference': 2, 'noise': 0.5, 'n': 8, 'shap_error': 0.08418066727696691, 'shap_norm_sq': 5.347399201051035, 'weighted_error': 1.6768443569969402, 'gamma': 0.11569092194644015, 'normalized_gamma': 0.022}
{'sample_size': 80, 'difference': 2, 'noise': 1, 'n': 8, 'shap_error': 0.33503638453196305, 'shap_norm_sq': 5.347399201051035, 'weighted_error': 3.689874925866185, 'gamma': 0.11569092194644015, 'normalized_gamma': 0.022}
{'sample_size': 80, 'difference': 2, 'noise': 0.0005, 'n': 8, 'shap_error': 0.0035278007283412118, 'shap_norm_sq': 2.744736646059668, 'weighted_error': 1.0240488427585106, 'gamma': 0.15479578669204216, 'normalized_gamma': 0.056}
{'sample_size': 80, 'difference': 2, 'noise': 0.001, 'n': 8, 'shap_error': 0.0035435357225748246, 'shap_norm_sq': 2.744736646059668, 'weighted_error': 1.0241560432982737, 'gamma': 0.15479578669204216, 'normalized_gamma': 0.056}
{'sample_size': 80, 'difference': 2, 'noise': 0.005, 'n': 8, 'shap_error': 0.003672986761484691, 'shap_norm_sq': 2.744736646059668, 'weighted_error': 1.0250364513881232, 'gamma': 0.15479578669204216, 'normalized_gamma': 0.056}
{'sample_size': 80, 'difference': 2, 'noise': 0.01, 'n': 8, 'shap_error': 0.0038437282727242744, 'shap_norm_sq': 2.744736646059668, 'weighted_error': 1.0261939709297967, 'gamma': 0.15479578669204216, 'normalized_gamma': 0.056}
{'sample_size': 80, 'difference': 2, 'noise': 0.05, 'n': 8, 'shap_error': 0.005566768866732355, 'shap_norm_sq': 2.744736646059668, 'weighted_error': 1.0377345044376656, 'gamma': 0.15479578669204216, 'normalized_gamma': 0.056}
{'sample_size': 80, 'difference': 2, 'noise': 0.1, 'n': 8, 'shap_error': 0.0086133408694703, 'shap_norm_sq': 2.744736646059668, 'weighted_error': 1.0578611142586987, 'gamma': 0.15479578669204216, 'normalized_gamma': 0.056}
{'sample_size': 80, 'difference': 2, 'noise': 0.5, 'n': 8, 'shap_error': 0.06869676730049051, 'shap_norm_sq': 2.744736646059668, 'weighted_error': 1.4469117102748528, 'gamma': 0.15479578669204216, 'normalized_gamma': 0.056}
{'sample_size': 80, 'difference': 2, 'noise': 1, 'n': 8, 'shap_error': 0.2330781763620572, 'shap_norm_sq': 2.744736646059668, 'weighted_error': 2.5033192489147704, 'gamma': 0.15479578669204216, 'normalized_gamma': 0.056}
{'sample_size': 80, 'difference': 2, 'noise': 0.0005, 'n': 8, 'shap_error': 0.0027782084363341276, 'shap_norm_sq': 2.0307413175651137, 'weighted_error': 1.0041469230642486, 'gamma': 0.6792127556941269, 'normalized_gamma': 0.33}
{'sample_size': 80, 'difference': 2, 'noise': 0.001, 'n': 8, 'shap_error': 0.002773465902989377, 'shap_norm_sq': 2.0307413175651137, 'weighted_error': 1.004139565814395, 'gamma': 0.6792127556941269, 'normalized_gamma': 0.33}
{'sample_size': 80, 'difference': 2, 'noise': 0.005, 'n': 8, 'shap_error': 0.002743604283361798, 'shap_norm_sq': 2.0307413175651137, 'weighted_error': 1.0040860924684785, 'gamma': 0.6792127556941269, 'normalized_gamma': 0.33}
{'sample_size': 80, 'difference': 2, 'noise': 0.01, 'n': 8, 'shap_error': 0.002726473876653454, 'shap_norm_sq': 2.0307413175651137, 'weighted_error': 1.0040327124183661, 'gamma': 0.6792127556941269, 'normalized_gamma': 0.33}
{'sample_size': 80, 'difference': 2, 'noise': 0.05, 'n': 8, 'shap_error': 0.0033972953360316177, 'shap_norm_sq': 2.0307413175651137, 'weighted_error': 1.0041441373088071, 'gamma': 0.6792127556941269, 'normalized_gamma': 0.33}
{'sample_size': 80, 'difference': 2, 'noise': 0.1, 'n': 8, 'shap_error': 0.006255483942866795, 'shap_norm_sq': 2.0307413175651137, 'weighted_error': 1.0056295816502059, 'gamma': 0.6792127556941269, 'normalized_gamma': 0.33}
{'sample_size': 80, 'difference': 2, 'noise': 0.5, 'n': 8, 'shap_error': 0.10990746410204777, 'shap_norm_sq': 2.0307413175651137, 'weighted_error': 1.0713596655152906, 'gamma': 0.6792127556941269, 'normalized_gamma': 0.33}
{'sample_size': 80, 'difference': 2, 'noise': 1, 'n': 8, 'shap_error': 0.4414386175622727, 'shap_norm_sq': 2.0307413175651137, 'weighted_error': 1.2881385931813856, 'gamma': 0.6792127556941269, 'normalized_gamma': 0.33}
{'sample_size': 80, 'difference': 2, 'noise': 0.0005, 'n': 8, 'shap_error': 0.003225898657903937, 'shap_norm_sq': 6.855263381776049, 'weighted_error': 1.0208728884366933, 'gamma': 0.17764284043610115, 'normalized_gamma': 0.026}
{'sample_size': 80, 'difference': 2, 'noise': 0.001, 'n': 8, 'shap_error': 0.003238413333425003, 'shap_norm_sq': 6.855263381776049, 'weighted_error': 1.0209538017022792, 'gamma': 0.17764284043610115, 'normalized_gamma': 0.026}
{'sample_size': 80, 'difference': 2, 'noise': 0.005, 'n': 8, 'shap_error': 0.0033416747921194926, 'shap_norm_sq': 6.855263381776049, 'weighted_error': 1.0216199608715582, 'gamma': 0.17764284043610115, 'normalized_gamma': 0.026}
{'sample_size': 80, 'difference': 2, 'noise': 0.01, 'n': 8, 'shap_error': 0.003478611751803113, 'shap_norm_sq': 6.855263381776049, 'weighted_error': 1.0224997924446346, 'gamma': 0.17764284043610115, 'normalized_gamma': 0.026}
{'sample_size': 80, 'difference': 2, 'noise': 0.05, 'n': 8, 'shap_error': 0.004888512881891433, 'shap_norm_sq': 6.855263381776049, 'weighted_error': 1.031423749488339, 'gamma': 0.17764284043610115, 'normalized_gamma': 0.026}
{'sample_size': 80, 'difference': 2, 'noise': 0.1, 'n': 8, 'shap_error': 0.0074369029260502395, 'shap_norm_sq': 6.855263381776049, 'weighted_error': 1.0472919569407053, 'gamma': 0.17764284043610115, 'normalized_gamma': 0.026}
{'sample_size': 80, 'difference': 2, 'noise': 0.5, 'n': 8, 'shap_error': 0.059264568541255565, 'shap_norm_sq': 6.855263381776049, 'weighted_error': 1.3627680624690688, 'gamma': 0.17764284043610115, 'normalized_gamma': 0.026}
{'sample_size': 80, 'difference': 2, 'noise': 1, 'n': 8, 'shap_error': 0.2026505137150996, 'shap_norm_sq': 6.855263381776049, 'weighted_error': 2.228439309153102, 'gamma': 0.17764284043610115, 'normalized_gamma': 0.026}
{'sample_size': 80, 'difference': 2, 'noise': 0.0005, 'n': 8, 'shap_error': 0.0002670059020544777, 'shap_norm_sq': 3.5795544687201337, 'weighted_error': 1.006089686470154, 'gamma': 0.05750920794000576, 'normalized_gamma': 0.016}
{'sample_size': 80, 'difference': 2, 'noise': 0.001, 'n': 8, 'shap_error': 0.00026701054186893403, 'shap_norm_sq': 3.5795544687201337, 'weighted_error': 1.006089689709064, 'gamma': 0.05750920794000576, 'normalized_gamma': 0.016}
{'sample_size': 80, 'difference': 2, 'noise': 0.005, 'n': 8, 'shap_error': 0.0002680534808041332, 'shap_norm_sq': 3.5795544687201337, 'weighted_error': 1.006110180754275, 'gamma': 0.05750920794000576, 'normalized_gamma': 0.016}
{'sample_size': 80, 'difference': 2, 'noise': 0.01, 'n': 8, 'shap_error': 0.0002718717055220437, 'shap_norm_sq': 3.5795544687201337, 'weighted_error': 1.0061869573956161, 'gamma': 0.05750920794000576, 'normalized_gamma': 0.016}
{'sample_size': 80, 'difference': 2, 'noise': 0.05, 'n': 8, 'shap_error': 0.0004029995452218175, 'shap_norm_sq': 3.5795544687201337, 'weighted_error': 1.0088476839194436, 'gamma': 0.05750920794000576, 'normalized_gamma': 0.016}
{'sample_size': 80, 'difference': 2, 'noise': 0.1, 'n': 8, 'shap_error': 0.0008183644497377458, 'shap_norm_sq': 3.5795544687201337, 'weighted_error': 1.0172898755569733, 'gamma': 0.05750920794000576, 'normalized_gamma': 0.016}
{'sample_size': 80, 'difference': 2, 'noise': 0.5, 'n': 8, 'shap_error': 0.014199487881513413, 'shap_norm_sq': 3.5795544687201337, 'weighted_error': 1.289478747967025, 'gamma': 0.05750920794000576, 'normalized_gamma': 0.016}
{'sample_size': 80, 'difference': 2, 'noise': 1, 'n': 8, 'shap_error': 0.056071402660353646, 'shap_norm_sq': 3.5795544687201337, 'weighted_error': 2.141343186754125, 'gamma': 0.05750920794000576, 'normalized_gamma': 0.016}
{'sample_size': 80, 'difference': 2, 'noise': 0.0005, 'n': 8, 'shap_error': 0.001347259436284917, 'shap_norm_sq': 5.480851698417519, 'weighted_error': 1.0484114023678164, 'gamma': 0.03481653555846463, 'normalized_gamma': 0.0064}
{'sample_size': 80, 'difference': 2, 'noise': 0.001, 'n': 8, 'shap_error': 0.0013438801152313425, 'shap_norm_sq': 5.480851698417519, 'weighted_error': 1.048289267509984, 'gamma': 0.03481653555846463, 'normalized_gamma': 0.0064}
{'sample_size': 80, 'difference': 2, 'noise': 0.005, 'n': 8, 'shap_error': 0.0013187949193357617, 'shap_norm_sq': 5.480851698417519, 'weighted_error': 1.0473653837157302, 'gamma': 0.03481653555846463, 'normalized_gamma': 0.0064}
{'sample_size': 80, 'difference': 2, 'noise': 0.01, 'n': 8, 'shap_error': 0.0012923118557989367, 'shap_norm_sq': 5.480851698417519, 'weighted_error': 1.0463435166439328, 'gamma': 0.03481653555846463, 'normalized_gamma': 0.0064}
{'sample_size': 80, 'difference': 2, 'noise': 0.05, 'n': 8, 'shap_error': 0.0012753846008102334, 'shap_norm_sq': 5.480851698417519, 'weighted_error': 1.043488086910326, 'gamma': 0.03481653555846463, 'normalized_gamma': 0.0064}
{'sample_size': 80, 'difference': 2, 'noise': 0.1, 'n': 8, 'shap_error': 0.0017415686653390798, 'shap_norm_sq': 5.480851698417519, 'weighted_error': 1.0532175668452513, 'gamma': 0.03481653555846463, 'normalized_gamma': 0.0064}
{'sample_size': 80, 'difference': 2, 'noise': 0.5, 'n': 8, 'shap_error': 0.024964766512158943, 'shap_norm_sq': 5.480851698417519, 'weighted_error': 1.6630040904019998, 'gamma': 0.03481653555846463, 'normalized_gamma': 0.0064}
{'sample_size': 80, 'difference': 2, 'noise': 1, 'n': 8, 'shap_error': 0.10272807714715664, 'shap_norm_sq': 5.480851698417519, 'weighted_error': 3.755113955041301, 'gamma': 0.03481653555846463, 'normalized_gamma': 0.0064}
{'sample_size': 80, 'difference': 2, 'noise': 0.0005, 'n': 8, 'shap_error': 0.008110865095646465, 'shap_norm_sq': 5.15142839591321, 'weighted_error': 1.016618616864857, 'gamma': 0.4900755469057405, 'normalized_gamma': 0.095}
{'sample_size': 80, 'difference': 2, 'noise': 0.001, 'n': 8, 'shap_error': 0.00811505615181578, 'shap_norm_sq': 5.15142839591321, 'weighted_error': 1.0166271515712022, 'gamma': 0.4900755469057405, 'normalized_gamma': 0.095}
{'sample_size': 80, 'difference': 2, 'noise': 0.005, 'n': 8, 'shap_error': 0.008149575143934855, 'shap_norm_sq': 5.15142839591321, 'weighted_error': 1.016696199145389, 'gamma': 0.4900755469057405, 'normalized_gamma': 0.095}
{'sample_size': 80, 'difference': 2, 'noise': 0.01, 'n': 8, 'shap_error': 0.008195200240994559, 'shap_norm_sq': 5.15142839591321, 'weighted_error': 1.0167844334216862, 'gamma': 0.4900755469057405, 'normalized_gamma': 0.095}
{'sample_size': 80, 'difference': 2, 'noise': 0.05, 'n': 8, 'shap_error': 0.00865925529390656, 'shap_norm_sq': 5.15142839591321, 'weighted_error': 1.0175672999746344, 'gamma': 0.4900755469057405, 'normalized_gamma': 0.095}
{'sample_size': 80, 'difference': 2, 'noise': 0.1, 'n': 8, 'shap_error': 0.009486959801132702, 'shap_norm_sq': 5.15142839591321, 'weighted_error': 1.01873836402224, 'gamma': 0.4900755469057405, 'normalized_gamma': 0.095}
{'sample_size': 80, 'difference': 2, 'noise': 0.5, 'n': 8, 'shap_error': 0.026014023502384482, 'shap_norm_sq': 5.15142839591321, 'weighted_error': 1.035806110659932, 'gamma': 0.4900755469057405, 'normalized_gamma': 0.095}
{'sample_size': 80, 'difference': 2, 'noise': 1, 'n': 8, 'shap_error': 0.07143642223755634, 'shap_norm_sq': 5.15142839591321, 'weighted_error': 1.0763888795991567, 'gamma': 0.4900755469057405, 'normalized_gamma': 0.095}
{'sample_size': 80, 'difference': 2, 'noise': 0.0005, 'n': 8, 'shap_error': 0.0004845936991832798, 'shap_norm_sq': 0.057351712471646436, 'weighted_error': 1.0146725707087574, 'gamma': 0.04509692469129101, 'normalized_gamma': 0.79}
{'sample_size': 80, 'difference': 2, 'noise': 0.001, 'n': 8, 'shap_error': 0.0005073002742745993, 'shap_norm_sq': 0.057351712471646436, 'weighted_error': 1.0153019564803252, 'gamma': 0.04509692469129101, 'normalized_gamma': 0.79}
{'sample_size': 80, 'difference': 2, 'noise': 0.005, 'n': 8, 'shap_error': 0.0008698649973963188, 'shap_norm_sq': 0.057351712471646436, 'weighted_error': 1.0244054854215876, 'gamma': 0.04509692469129101, 'normalized_gamma': 0.79}
{'sample_size': 80, 'difference': 2, 'noise': 0.01, 'n': 8, 'shap_error': 0.0017753512072765487, 'shap_norm_sq': 0.057351712471646436, 'weighted_error': 1.045956003519975, 'gamma': 0.04509692469129101, 'normalized_gamma': 0.79}
{'sample_size': 80, 'difference': 2, 'noise': 0.05, 'n': 8, 'shap_error': 0.027110453125441938, 'shap_norm_sq': 0.057351712471646436, 'weighted_error': 1.6252044251794604, 'gamma': 0.04509692469129101, 'normalized_gamma': 0.79}
{'sample_size': 80, 'difference': 2, 'noise': 0.1, 'n': 8, 'shap_error': 0.10400736112095708, 'shap_norm_sq': 0.057351712471646436, 'weighted_error': 3.366375644434766, 'gamma': 0.04509692469129101, 'normalized_gamma': 0.79}
{'sample_size': 80, 'difference': 2, 'noise': 0.5, 'n': 8, 'shap_error': 2.528303848997414, 'shap_norm_sq': 0.057351712471646436, 'weighted_error': 57.980173085715165, 'gamma': 0.04509692469129101, 'normalized_gamma': 0.79}
{'sample_size': 80, 'difference': 2, 'noise': 1, 'n': 8, 'shap_error': 10.081477518623831, 'shap_norm_sq': 0.057351712471646436, 'weighted_error': 227.95848910541085, 'gamma': 0.04509692469129101, 'normalized_gamma': 0.79}
