{'sample_size': 505, 'difference': -43, 'noise': 0, 'n': 101, 'shap_error': 0.08923388310161305, 'shap_norm_sq': 59126.951380871506}
{'sample_size': 1010, 'difference': 10, 'noise': 0, 'n': 101, 'shap_error': 0.030441571937176667, 'shap_norm_sq': 59126.951380871506}
{'sample_size': 2020, 'difference': 14, 'noise': 0, 'n': 101, 'shap_error': 0.014425972582019568, 'shap_norm_sq': 59126.951380871506}
{'sample_size': 4040, 'difference': 18, 'noise': 0, 'n': 101, 'shap_error': 0.006826684995502106, 'shap_norm_sq': 59126.951380871506}
{'sample_size': 8080, 'difference': -92, 'noise': 0, 'n': 101, 'shap_error': 0.002858595372876637, 'shap_norm_sq': 59126.951380871506}
{'sample_size': 16160, 'difference': -32, 'noise': 0, 'n': 101, 'shap_error': 0.0012532968226793637, 'shap_norm_sq': 59126.951380871506}
{'sample_size': 505, 'difference': 31, 'noise': 0, 'n': 101, 'shap_error': 0.012765778625233794, 'shap_norm_sq': 56114.82307307525}
{'sample_size': 1010, 'difference': -16, 'noise': 0, 'n': 101, 'shap_error': 0.006444117124393073, 'shap_norm_sq': 56114.82307307525}
{'sample_size': 2020, 'difference': 8, 'noise': 0, 'n': 101, 'shap_error': 0.0024331070251130873, 'shap_norm_sq': 56114.82307307525}
{'sample_size': 4040, 'difference': -50, 'noise': 0, 'n': 101, 'shap_error': 0.0011780632837363283, 'shap_norm_sq': 56114.82307307525}
{'sample_size': 8080, 'difference': -124, 'noise': 0, 'n': 101, 'shap_error': 0.0006013425939877039, 'shap_norm_sq': 56114.82307307525}
{'sample_size': 16160, 'difference': -78, 'noise': 0, 'n': 101, 'shap_error': 0.00027139168043546926, 'shap_norm_sq': 56114.82307307525}
{'sample_size': 505, 'difference': 5, 'noise': 0, 'n': 101, 'shap_error': 0.027837713886939324, 'shap_norm_sq': 123732.80055088935}
{'sample_size': 1010, 'difference': 2, 'noise': 0, 'n': 101, 'shap_error': 0.012651622237823791, 'shap_norm_sq': 123732.80055088935}
{'sample_size': 2020, 'difference': -42, 'noise': 0, 'n': 101, 'shap_error': 0.004446311582879192, 'shap_norm_sq': 123732.80055088935}
{'sample_size': 4040, 'difference': -18, 'noise': 0, 'n': 101, 'shap_error': 0.0024893135172127604, 'shap_norm_sq': 123732.80055088935}
{'sample_size': 8080, 'difference': -50, 'noise': 0, 'n': 101, 'shap_error': 0.001284641995692709, 'shap_norm_sq': 123732.80055088935}
{'sample_size': 16160, 'difference': -168, 'noise': 0, 'n': 101, 'shap_error': 0.0005517007739756813, 'shap_norm_sq': 123732.80055088935}
{'sample_size': 505, 'difference': -9, 'noise': 0, 'n': 101, 'shap_error': 0.07940345363763632, 'shap_norm_sq': 75323.89170692668}
{'sample_size': 1010, 'difference': 14, 'noise': 0, 'n': 101, 'shap_error': 0.021743920295489837, 'shap_norm_sq': 75323.89170692668}
{'sample_size': 2020, 'difference': -36, 'noise': 0, 'n': 101, 'shap_error': 0.014374515906779904, 'shap_norm_sq': 75323.89170692668}
{'sample_size': 4040, 'difference': -80, 'noise': 0, 'n': 101, 'shap_error': 0.0058052586847200565, 'shap_norm_sq': 75323.89170692668}
{'sample_size': 8080, 'difference': 106, 'noise': 0, 'n': 101, 'shap_error': 0.0025740875584505394, 'shap_norm_sq': 75323.89170692668}
{'sample_size': 16160, 'difference': 18, 'noise': 0, 'n': 101, 'shap_error': 0.001487564058516572, 'shap_norm_sq': 75323.89170692668}
{'sample_size': 505, 'difference': 23, 'noise': 0, 'n': 101, 'shap_error': 0.018222450324952705, 'shap_norm_sq': 64521.39943917334}
{'sample_size': 1010, 'difference': -2, 'noise': 0, 'n': 101, 'shap_error': 0.007664058365353089, 'shap_norm_sq': 64521.39943917334}
{'sample_size': 2020, 'difference': -20, 'noise': 0, 'n': 101, 'shap_error': 0.003124104625718178, 'shap_norm_sq': 64521.39943917334}
{'sample_size': 4040, 'difference': -2, 'noise': 0, 'n': 101, 'shap_error': 0.001231100666889724, 'shap_norm_sq': 64521.39943917334}
{'sample_size': 8080, 'difference': -130, 'noise': 0, 'n': 101, 'shap_error': 0.0005576469969267835, 'shap_norm_sq': 64521.39943917334}
{'sample_size': 16160, 'difference': -122, 'noise': 0, 'n': 101, 'shap_error': 0.00029952718306076875, 'shap_norm_sq': 64521.39943917334}
{'sample_size': 505, 'difference': 7, 'noise': 0, 'n': 101, 'shap_error': 0.058249097146768035, 'shap_norm_sq': 55014.228611529696}
{'sample_size': 1010, 'difference': 4, 'noise': 0, 'n': 101, 'shap_error': 0.016703956482974076, 'shap_norm_sq': 55014.228611529696}
{'sample_size': 2020, 'difference': -34, 'noise': 0, 'n': 101, 'shap_error': 0.008338063973575975, 'shap_norm_sq': 55014.228611529696}
{'sample_size': 4040, 'difference': 34, 'noise': 0, 'n': 101, 'shap_error': 0.004890410530432614, 'shap_norm_sq': 55014.228611529696}
{'sample_size': 8080, 'difference': -58, 'noise': 0, 'n': 101, 'shap_error': 0.0020488027803606925, 'shap_norm_sq': 55014.228611529696}
{'sample_size': 16160, 'difference': 94, 'noise': 0, 'n': 101, 'shap_error': 0.000903101103483198, 'shap_norm_sq': 55014.228611529696}
{'sample_size': 505, 'difference': -7, 'noise': 0, 'n': 101, 'shap_error': 0.051091063850751406, 'shap_norm_sq': 59108.491020566165}
{'sample_size': 1010, 'difference': 4, 'noise': 0, 'n': 101, 'shap_error': 0.018424708936155422, 'shap_norm_sq': 59108.491020566165}
{'sample_size': 2020, 'difference': -12, 'noise': 0, 'n': 101, 'shap_error': 0.00735954238102607, 'shap_norm_sq': 59108.491020566165}
{'sample_size': 4040, 'difference': -82, 'noise': 0, 'n': 101, 'shap_error': 0.0035116711017030406, 'shap_norm_sq': 59108.491020566165}
{'sample_size': 8080, 'difference': -56, 'noise': 0, 'n': 101, 'shap_error': 0.0025530960333261838, 'shap_norm_sq': 59108.491020566165}
{'sample_size': 16160, 'difference': -84, 'noise': 0, 'n': 101, 'shap_error': 0.0011678148088601571, 'shap_norm_sq': 59108.491020566165}
{'sample_size': 505, 'difference': 9, 'noise': 0, 'n': 101, 'shap_error': 0.010870569920676846, 'shap_norm_sq': 70563.89182048912}
{'sample_size': 1010, 'difference': 2, 'noise': 0, 'n': 101, 'shap_error': 0.004455239390668737, 'shap_norm_sq': 70563.89182048912}
{'sample_size': 2020, 'difference': 52, 'noise': 0, 'n': 101, 'shap_error': 0.0023961211316569832, 'shap_norm_sq': 70563.89182048912}
{'sample_size': 4040, 'difference': -34, 'noise': 0, 'n': 101, 'shap_error': 0.0011063816341399095, 'shap_norm_sq': 70563.89182048912}
{'sample_size': 8080, 'difference': -100, 'noise': 0, 'n': 101, 'shap_error': 0.0004596937500252697, 'shap_norm_sq': 70563.89182048912}
{'sample_size': 16160, 'difference': -10, 'noise': 0, 'n': 101, 'shap_error': 0.00022128327621351657, 'shap_norm_sq': 70563.89182048912}
{'sample_size': 505, 'difference': -33, 'noise': 0, 'n': 101, 'shap_error': 0.004518838501996629, 'shap_norm_sq': 42515.97581372667}
{'sample_size': 1010, 'difference': -2, 'noise': 0, 'n': 101, 'shap_error': 0.0013246863689114997, 'shap_norm_sq': 42515.97581372667}
{'sample_size': 2020, 'difference': -50, 'noise': 0, 'n': 101, 'shap_error': 0.0006509340702764081, 'shap_norm_sq': 42515.97581372667}
{'sample_size': 4040, 'difference': -8, 'noise': 0, 'n': 101, 'shap_error': 0.00035239308544878184, 'shap_norm_sq': 42515.97581372667}
{'sample_size': 8080, 'difference': -174, 'noise': 0, 'n': 101, 'shap_error': 0.00016747169996321934, 'shap_norm_sq': 42515.97581372667}
{'sample_size': 16160, 'difference': -36, 'noise': 0, 'n': 101, 'shap_error': 8.095202077780537e-05, 'shap_norm_sq': 42515.97581372667}
{'sample_size': 505, 'difference': -33, 'noise': 0, 'n': 101, 'shap_error': 0.04974912383412386, 'shap_norm_sq': 57989.40208692046}
{'sample_size': 1010, 'difference': -34, 'noise': 0, 'n': 101, 'shap_error': 0.017110359132749976, 'shap_norm_sq': 57989.40208692046}
{'sample_size': 2020, 'difference': -78, 'noise': 0, 'n': 101, 'shap_error': 0.005202420040600734, 'shap_norm_sq': 57989.40208692046}
{'sample_size': 4040, 'difference': 28, 'noise': 0, 'n': 101, 'shap_error': 0.0032602358731857223, 'shap_norm_sq': 57989.40208692046}
{'sample_size': 8080, 'difference': -98, 'noise': 0, 'n': 101, 'shap_error': 0.0019002040843200995, 'shap_norm_sq': 57989.40208692046}
{'sample_size': 16160, 'difference': -146, 'noise': 0, 'n': 101, 'shap_error': 0.0009720656768786337, 'shap_norm_sq': 57989.40208692046}
{'sample_size': 505, 'difference': 5, 'noise': 0, 'n': 101, 'shap_error': 0.013224813754856218, 'shap_norm_sq': 218736.90952783328}
{'sample_size': 1010, 'difference': -10, 'noise': 0, 'n': 101, 'shap_error': 0.006058376425241757, 'shap_norm_sq': 218736.90952783328}
{'sample_size': 2020, 'difference': -4, 'noise': 0, 'n': 101, 'shap_error': 0.0024483295218067046, 'shap_norm_sq': 218736.90952783328}
{'sample_size': 4040, 'difference': -26, 'noise': 0, 'n': 101, 'shap_error': 0.0012544616530388963, 'shap_norm_sq': 218736.90952783328}
{'sample_size': 8080, 'difference': 64, 'noise': 0, 'n': 101, 'shap_error': 0.0005293859213472044, 'shap_norm_sq': 218736.90952783328}
{'sample_size': 16160, 'difference': -150, 'noise': 0, 'n': 101, 'shap_error': 0.00028324941472565005, 'shap_norm_sq': 218736.90952783328}
{'sample_size': 505, 'difference': 15, 'noise': 0, 'n': 101, 'shap_error': 0.055053809211377404, 'shap_norm_sq': 64280.028071749155}
{'sample_size': 1010, 'difference': -18, 'noise': 0, 'n': 101, 'shap_error': 0.026812660192139147, 'shap_norm_sq': 64280.028071749155}
{'sample_size': 2020, 'difference': -26, 'noise': 0, 'n': 101, 'shap_error': 0.010427588294341995, 'shap_norm_sq': 64280.028071749155}
{'sample_size': 4040, 'difference': -50, 'noise': 0, 'n': 101, 'shap_error': 0.005351699440124641, 'shap_norm_sq': 64280.028071749155}
{'sample_size': 8080, 'difference': -38, 'noise': 0, 'n': 101, 'shap_error': 0.002104743880899653, 'shap_norm_sq': 64280.028071749155}
{'sample_size': 16160, 'difference': -188, 'noise': 0, 'n': 101, 'shap_error': 0.0010926021906038864, 'shap_norm_sq': 64280.028071749155}
{'sample_size': 505, 'difference': -27, 'noise': 0, 'n': 101, 'shap_error': 0.012142320275496598, 'shap_norm_sq': 79156.80629839945}
{'sample_size': 1010, 'difference': 16, 'noise': 0, 'n': 101, 'shap_error': 0.004481487782175622, 'shap_norm_sq': 79156.80629839945}
{'sample_size': 2020, 'difference': 4, 'noise': 0, 'n': 101, 'shap_error': 0.001774365091099842, 'shap_norm_sq': 79156.80629839945}
{'sample_size': 4040, 'difference': -116, 'noise': 0, 'n': 101, 'shap_error': 0.0014209052966027919, 'shap_norm_sq': 79156.80629839945}
{'sample_size': 8080, 'difference': 106, 'noise': 0, 'n': 101, 'shap_error': 0.0005031154752389747, 'shap_norm_sq': 79156.80629839945}
{'sample_size': 16160, 'difference': 30, 'noise': 0, 'n': 101, 'shap_error': 0.00031462520340361916, 'shap_norm_sq': 79156.80629839945}
{'sample_size': 505, 'difference': -21, 'noise': 0, 'n': 101, 'shap_error': 0.031036914814392646, 'shap_norm_sq': 59602.05839434324}
{'sample_size': 1010, 'difference': 14, 'noise': 0, 'n': 101, 'shap_error': 0.006355472761707798, 'shap_norm_sq': 59602.05839434324}
{'sample_size': 2020, 'difference': 8, 'noise': 0, 'n': 101, 'shap_error': 0.0036265201647067333, 'shap_norm_sq': 59602.05839434324}
{'sample_size': 4040, 'difference': -114, 'noise': 0, 'n': 101, 'shap_error': 0.0017919375981948248, 'shap_norm_sq': 59602.05839434324}
{'sample_size': 8080, 'difference': -26, 'noise': 0, 'n': 101, 'shap_error': 0.0008109618729310456, 'shap_norm_sq': 59602.05839434324}
{'sample_size': 16160, 'difference': -208, 'noise': 0, 'n': 101, 'shap_error': 0.000495314649891248, 'shap_norm_sq': 59602.05839434324}
{'sample_size': 505, 'difference': -11, 'noise': 0, 'n': 101, 'shap_error': 0.15055952766959316, 'shap_norm_sq': 73074.2043817374}
{'sample_size': 1010, 'difference': -22, 'noise': 0, 'n': 101, 'shap_error': 0.07206494000141728, 'shap_norm_sq': 73074.2043817374}
{'sample_size': 2020, 'difference': -64, 'noise': 0, 'n': 101, 'shap_error': 0.028400000100002414, 'shap_norm_sq': 73074.2043817374}
{'sample_size': 4040, 'difference': -12, 'noise': 0, 'n': 101, 'shap_error': 0.01808815996326547, 'shap_norm_sq': 73074.2043817374}
{'sample_size': 8080, 'difference': 38, 'noise': 0, 'n': 101, 'shap_error': 0.005945583398494513, 'shap_norm_sq': 73074.2043817374}
{'sample_size': 16160, 'difference': -260, 'noise': 0, 'n': 101, 'shap_error': 0.0028364944598731345, 'shap_norm_sq': 73074.2043817374}
{'sample_size': 505, 'difference': 3, 'noise': 0, 'n': 101, 'shap_error': 0.013908253551492323, 'shap_norm_sq': 379988.59932513384}
{'sample_size': 1010, 'difference': -16, 'noise': 0, 'n': 101, 'shap_error': 0.00922452091362073, 'shap_norm_sq': 379988.59932513384}
{'sample_size': 2020, 'difference': -24, 'noise': 0, 'n': 101, 'shap_error': 0.00312861514277168, 'shap_norm_sq': 379988.59932513384}
{'sample_size': 4040, 'difference': -110, 'noise': 0, 'n': 101, 'shap_error': 0.0013587040375694732, 'shap_norm_sq': 379988.59932513384}
{'sample_size': 8080, 'difference': -32, 'noise': 0, 'n': 101, 'shap_error': 0.0009799230534278764, 'shap_norm_sq': 379988.59932513384}
{'sample_size': 16160, 'difference': -122, 'noise': 0, 'n': 101, 'shap_error': 0.0003661993756140381, 'shap_norm_sq': 379988.59932513384}
{'sample_size': 505, 'difference': 5, 'noise': 0, 'n': 101, 'shap_error': 0.033922764644438434, 'shap_norm_sq': 56690.81825222265}
{'sample_size': 1010, 'difference': -14, 'noise': 0, 'n': 101, 'shap_error': 0.013732052299805073, 'shap_norm_sq': 56690.81825222265}
{'sample_size': 2020, 'difference': 26, 'noise': 0, 'n': 101, 'shap_error': 0.006859302184050003, 'shap_norm_sq': 56690.81825222265}
{'sample_size': 4040, 'difference': -26, 'noise': 0, 'n': 101, 'shap_error': 0.002572743951213893, 'shap_norm_sq': 56690.81825222265}
{'sample_size': 8080, 'difference': -142, 'noise': 0, 'n': 101, 'shap_error': 0.0017977378316643819, 'shap_norm_sq': 56690.81825222265}
{'sample_size': 16160, 'difference': -164, 'noise': 0, 'n': 101, 'shap_error': 0.0007242908348262713, 'shap_norm_sq': 56690.81825222265}
{'sample_size': 505, 'difference': -19, 'noise': 0, 'n': 101, 'shap_error': 0.011316525167674505, 'shap_norm_sq': 58010.756053934965}
{'sample_size': 1010, 'difference': -8, 'noise': 0, 'n': 101, 'shap_error': 0.00655807396752088, 'shap_norm_sq': 58010.756053934965}
{'sample_size': 2020, 'difference': -68, 'noise': 0, 'n': 101, 'shap_error': 0.0029110096147717543, 'shap_norm_sq': 58010.756053934965}
{'sample_size': 4040, 'difference': -28, 'noise': 0, 'n': 101, 'shap_error': 0.0010672302889339744, 'shap_norm_sq': 58010.756053934965}
{'sample_size': 8080, 'difference': -72, 'noise': 0, 'n': 101, 'shap_error': 0.0006482443601918679, 'shap_norm_sq': 58010.756053934965}
{'sample_size': 16160, 'difference': 80, 'noise': 0, 'n': 101, 'shap_error': 0.0002424286600408308, 'shap_norm_sq': 58010.756053934965}
{'sample_size': 505, 'difference': 29, 'noise': 0, 'n': 101, 'shap_error': 0.00013084499819342312, 'shap_norm_sq': 28612.152929676366}
{'sample_size': 1010, 'difference': -4, 'noise': 0, 'n': 101, 'shap_error': 4.461746653008987e-05, 'shap_norm_sq': 28612.152929676366}
{'sample_size': 2020, 'difference': -40, 'noise': 0, 'n': 101, 'shap_error': 2.3202806392709567e-05, 'shap_norm_sq': 28612.152929676366}
{'sample_size': 4040, 'difference': -46, 'noise': 0, 'n': 101, 'shap_error': 1.3685501274080028e-05, 'shap_norm_sq': 28612.152929676366}
{'sample_size': 8080, 'difference': -74, 'noise': 0, 'n': 101, 'shap_error': 5.282151602595807e-06, 'shap_norm_sq': 28612.152929676366}
{'sample_size': 16160, 'difference': -116, 'noise': 0, 'n': 101, 'shap_error': 2.167689262036107e-06, 'shap_norm_sq': 28612.152929676366}
{'sample_size': 505, 'difference': -7, 'noise': 0, 'n': 101, 'shap_error': 0.014353488951075603, 'shap_norm_sq': 72623.21294999527}
{'sample_size': 1010, 'difference': 46, 'noise': 0, 'n': 101, 'shap_error': 0.005138073057824221, 'shap_norm_sq': 72623.21294999527}
{'sample_size': 2020, 'difference': -6, 'noise': 0, 'n': 101, 'shap_error': 0.0020516746558065404, 'shap_norm_sq': 72623.21294999527}
{'sample_size': 4040, 'difference': -46, 'noise': 0, 'n': 101, 'shap_error': 0.0012149985511743814, 'shap_norm_sq': 72623.21294999527}
{'sample_size': 8080, 'difference': 18, 'noise': 0, 'n': 101, 'shap_error': 0.0004454794922612093, 'shap_norm_sq': 72623.21294999527}
{'sample_size': 16160, 'difference': 2, 'noise': 0, 'n': 101, 'shap_error': 0.0002441273256157547, 'shap_norm_sq': 72623.21294999527}
{'sample_size': 505, 'difference': -9, 'noise': 0, 'n': 101, 'shap_error': 0.04017429513348985, 'shap_norm_sq': 585818.9618428921}
{'sample_size': 1010, 'difference': 10, 'noise': 0, 'n': 101, 'shap_error': 0.015135565846337596, 'shap_norm_sq': 585818.9618428921}
{'sample_size': 2020, 'difference': -24, 'noise': 0, 'n': 101, 'shap_error': 0.007083420682711114, 'shap_norm_sq': 585818.9618428921}
{'sample_size': 4040, 'difference': 104, 'noise': 0, 'n': 101, 'shap_error': 0.002899212493889454, 'shap_norm_sq': 585818.9618428921}
{'sample_size': 8080, 'difference': -148, 'noise': 0, 'n': 101, 'shap_error': 0.0016236909963621988, 'shap_norm_sq': 585818.9618428921}
{'sample_size': 16160, 'difference': -148, 'noise': 0, 'n': 101, 'shap_error': 0.000941581485945944, 'shap_norm_sq': 585818.9618428921}
{'sample_size': 505, 'difference': -7, 'noise': 0, 'n': 101, 'shap_error': 0.01897577226801336, 'shap_norm_sq': 59056.80155040595}
{'sample_size': 1010, 'difference': 26, 'noise': 0, 'n': 101, 'shap_error': 0.0062042517617010035, 'shap_norm_sq': 59056.80155040595}
{'sample_size': 2020, 'difference': 0, 'noise': 0, 'n': 101, 'shap_error': 0.003182758934014796, 'shap_norm_sq': 59056.80155040595}
{'sample_size': 4040, 'difference': -22, 'noise': 0, 'n': 101, 'shap_error': 0.0014603450214929164, 'shap_norm_sq': 59056.80155040595}
{'sample_size': 8080, 'difference': -60, 'noise': 0, 'n': 101, 'shap_error': 0.000599201711579383, 'shap_norm_sq': 59056.80155040595}
{'sample_size': 16160, 'difference': -18, 'noise': 0, 'n': 101, 'shap_error': 0.00041669597879522816, 'shap_norm_sq': 59056.80155040595}
{'sample_size': 505, 'difference': -17, 'noise': 0, 'n': 101, 'shap_error': 0.06920636235357201, 'shap_norm_sq': 68105.12030796155}
{'sample_size': 1010, 'difference': -16, 'noise': 0, 'n': 101, 'shap_error': 0.023470896548072863, 'shap_norm_sq': 68105.12030796155}
{'sample_size': 2020, 'difference': -28, 'noise': 0, 'n': 101, 'shap_error': 0.009653768381370659, 'shap_norm_sq': 68105.12030796155}
{'sample_size': 4040, 'difference': -110, 'noise': 0, 'n': 101, 'shap_error': 0.0036756834988984494, 'shap_norm_sq': 68105.12030796155}
{'sample_size': 8080, 'difference': -76, 'noise': 0, 'n': 101, 'shap_error': 0.0016997265133549561, 'shap_norm_sq': 68105.12030796155}
{'sample_size': 16160, 'difference': -246, 'noise': 0, 'n': 101, 'shap_error': 0.0012177010860760919, 'shap_norm_sq': 68105.12030796155}
{'sample_size': 505, 'difference': -7, 'noise': 0, 'n': 101, 'shap_error': 0.07833148228381023, 'shap_norm_sq': 139441.27744293964}
{'sample_size': 1010, 'difference': -26, 'noise': 0, 'n': 101, 'shap_error': 0.030264956815800215, 'shap_norm_sq': 139441.27744293964}
{'sample_size': 2020, 'difference': 46, 'noise': 0, 'n': 101, 'shap_error': 0.013036969681761455, 'shap_norm_sq': 139441.27744293964}
{'sample_size': 4040, 'difference': -84, 'noise': 0, 'n': 101, 'shap_error': 0.005740796331913125, 'shap_norm_sq': 139441.27744293964}
{'sample_size': 8080, 'difference': -180, 'noise': 0, 'n': 101, 'shap_error': 0.0022945492135694177, 'shap_norm_sq': 139441.27744293964}
{'sample_size': 16160, 'difference': 22, 'noise': 0, 'n': 101, 'shap_error': 0.001026955490042325, 'shap_norm_sq': 139441.27744293964}
{'sample_size': 505, 'difference': 7, 'noise': 0, 'n': 101, 'shap_error': 0.07555884196500792, 'shap_norm_sq': 167533.94330480884}
{'sample_size': 1010, 'difference': -8, 'noise': 0, 'n': 101, 'shap_error': 0.03204030283893046, 'shap_norm_sq': 167533.94330480884}
{'sample_size': 2020, 'difference': -62, 'noise': 0, 'n': 101, 'shap_error': 0.012326157661127693, 'shap_norm_sq': 167533.94330480884}
{'sample_size': 4040, 'difference': -52, 'noise': 0, 'n': 101, 'shap_error': 0.00684437050106407, 'shap_norm_sq': 167533.94330480884}
{'sample_size': 8080, 'difference': -10, 'noise': 0, 'n': 101, 'shap_error': 0.002186073206513556, 'shap_norm_sq': 167533.94330480884}
{'sample_size': 16160, 'difference': -106, 'noise': 0, 'n': 101, 'shap_error': 0.0017153816707658769, 'shap_norm_sq': 167533.94330480884}
{'sample_size': 505, 'difference': 17, 'noise': 0, 'n': 101, 'shap_error': 0.039673666904193536, 'shap_norm_sq': 56582.391996151935}
{'sample_size': 1010, 'difference': -12, 'noise': 0, 'n': 101, 'shap_error': 0.016617572521243035, 'shap_norm_sq': 56582.391996151935}
{'sample_size': 2020, 'difference': -36, 'noise': 0, 'n': 101, 'shap_error': 0.005944976196720428, 'shap_norm_sq': 56582.391996151935}
{'sample_size': 4040, 'difference': -20, 'noise': 0, 'n': 101, 'shap_error': 0.0035411035458011208, 'shap_norm_sq': 56582.391996151935}
{'sample_size': 8080, 'difference': -132, 'noise': 0, 'n': 101, 'shap_error': 0.0018918312514391536, 'shap_norm_sq': 56582.391996151935}
{'sample_size': 16160, 'difference': -114, 'noise': 0, 'n': 101, 'shap_error': 0.0006542402610313521, 'shap_norm_sq': 56582.391996151935}
{'sample_size': 505, 'difference': -9, 'noise': 0, 'n': 101, 'shap_error': 0.022047125628982218, 'shap_norm_sq': 64877.84173911159}
{'sample_size': 1010, 'difference': 8, 'noise': 0, 'n': 101, 'shap_error': 0.0071008857743654055, 'shap_norm_sq': 64877.84173911159}
{'sample_size': 2020, 'difference': -100, 'noise': 0, 'n': 101, 'shap_error': 0.0037392336595532525, 'shap_norm_sq': 64877.84173911159}
{'sample_size': 4040, 'difference': -20, 'noise': 0, 'n': 101, 'shap_error': 0.0018253289995094693, 'shap_norm_sq': 64877.84173911159}
{'sample_size': 8080, 'difference': 14, 'noise': 0, 'n': 101, 'shap_error': 0.0009269552176874516, 'shap_norm_sq': 64877.84173911159}
{'sample_size': 16160, 'difference': -34, 'noise': 0, 'n': 101, 'shap_error': 0.0003914468598486009, 'shap_norm_sq': 64877.84173911159}
{'sample_size': 505, 'difference': -3, 'noise': 0, 'n': 101, 'shap_error': 0.032800676699621965, 'shap_norm_sq': 91655.66755265628}
{'sample_size': 1010, 'difference': -6, 'noise': 0, 'n': 101, 'shap_error': 0.015826047919241887, 'shap_norm_sq': 91655.66755265628}
{'sample_size': 2020, 'difference': -22, 'noise': 0, 'n': 101, 'shap_error': 0.007047364025911372, 'shap_norm_sq': 91655.66755265628}
{'sample_size': 4040, 'difference': -40, 'noise': 0, 'n': 101, 'shap_error': 0.0032545458654967374, 'shap_norm_sq': 91655.66755265628}
{'sample_size': 8080, 'difference': -80, 'noise': 0, 'n': 101, 'shap_error': 0.0014154798732577023, 'shap_norm_sq': 91655.66755265628}
{'sample_size': 16160, 'difference': 6, 'noise': 0, 'n': 101, 'shap_error': 0.0005243979947373794, 'shap_norm_sq': 91655.66755265628}
{'sample_size': 505, 'difference': 7, 'noise': 0, 'n': 101, 'shap_error': 0.009781087605980449, 'shap_norm_sq': 65852.8644272331}
{'sample_size': 1010, 'difference': -24, 'noise': 0, 'n': 101, 'shap_error': 0.0069927948444844954, 'shap_norm_sq': 65852.8644272331}
{'sample_size': 2020, 'difference': 54, 'noise': 0, 'n': 101, 'shap_error': 0.0025504989074911777, 'shap_norm_sq': 65852.8644272331}
{'sample_size': 4040, 'difference': 28, 'noise': 0, 'n': 101, 'shap_error': 0.0008712963522321038, 'shap_norm_sq': 65852.8644272331}
{'sample_size': 8080, 'difference': -136, 'noise': 0, 'n': 101, 'shap_error': 0.00046779916935927256, 'shap_norm_sq': 65852.8644272331}
{'sample_size': 16160, 'difference': -142, 'noise': 0, 'n': 101, 'shap_error': 0.00023639825155238203, 'shap_norm_sq': 65852.8644272331}
{'sample_size': 505, 'difference': 17, 'noise': 0, 'n': 101, 'shap_error': 0.023557361296924418, 'shap_norm_sq': 68578.74388306007}
{'sample_size': 1010, 'difference': -12, 'noise': 0, 'n': 101, 'shap_error': 0.008865900628803729, 'shap_norm_sq': 68578.74388306007}
{'sample_size': 2020, 'difference': 22, 'noise': 0, 'n': 101, 'shap_error': 0.0027409902043088272, 'shap_norm_sq': 68578.74388306007}
{'sample_size': 4040, 'difference': -76, 'noise': 0, 'n': 101, 'shap_error': 0.0017363325924138128, 'shap_norm_sq': 68578.74388306007}
{'sample_size': 8080, 'difference': -48, 'noise': 0, 'n': 101, 'shap_error': 0.000671312727301344, 'shap_norm_sq': 68578.74388306007}
{'sample_size': 16160, 'difference': -250, 'noise': 0, 'n': 101, 'shap_error': 0.0004536078309606725, 'shap_norm_sq': 68578.74388306007}
{'sample_size': 505, 'difference': 1, 'noise': 0, 'n': 101, 'shap_error': 0.019450850566160884, 'shap_norm_sq': 15436.66169381117}
{'sample_size': 1010, 'difference': 16, 'noise': 0, 'n': 101, 'shap_error': 0.005868631320356354, 'shap_norm_sq': 15436.66169381117}
{'sample_size': 2020, 'difference': 0, 'noise': 0, 'n': 101, 'shap_error': 0.0027770391412735235, 'shap_norm_sq': 15436.66169381117}
{'sample_size': 4040, 'difference': 60, 'noise': 0, 'n': 101, 'shap_error': 0.0012587882297520182, 'shap_norm_sq': 15436.66169381117}
{'sample_size': 8080, 'difference': -32, 'noise': 0, 'n': 101, 'shap_error': 0.0006383962930870563, 'shap_norm_sq': 15436.66169381117}
{'sample_size': 16160, 'difference': -112, 'noise': 0, 'n': 101, 'shap_error': 0.0003081801424447287, 'shap_norm_sq': 15436.66169381117}
{'sample_size': 505, 'difference': -15, 'noise': 0, 'n': 101, 'shap_error': 0.02430479495110944, 'shap_norm_sq': 59988.42633215804}
{'sample_size': 1010, 'difference': 10, 'noise': 0, 'n': 101, 'shap_error': 0.008348533218831243, 'shap_norm_sq': 59988.42633215804}
{'sample_size': 2020, 'difference': 30, 'noise': 0, 'n': 101, 'shap_error': 0.00397884369872483, 'shap_norm_sq': 59988.42633215804}
{'sample_size': 4040, 'difference': -30, 'noise': 0, 'n': 101, 'shap_error': 0.0018896551634145279, 'shap_norm_sq': 59988.42633215804}
{'sample_size': 8080, 'difference': -40, 'noise': 0, 'n': 101, 'shap_error': 0.0009765098449596976, 'shap_norm_sq': 59988.42633215804}
{'sample_size': 16160, 'difference': -30, 'noise': 0, 'n': 101, 'shap_error': 0.0004702609482445745, 'shap_norm_sq': 59988.42633215804}
{'sample_size': 505, 'difference': 3, 'noise': 0, 'n': 101, 'shap_error': 0.015059576424118641, 'shap_norm_sq': 70948.06025453871}
{'sample_size': 1010, 'difference': 4, 'noise': 0, 'n': 101, 'shap_error': 0.0106429601521632, 'shap_norm_sq': 70948.06025453871}
{'sample_size': 2020, 'difference': 22, 'noise': 0, 'n': 101, 'shap_error': 0.0031573806251868, 'shap_norm_sq': 70948.06025453871}
{'sample_size': 4040, 'difference': 86, 'noise': 0, 'n': 101, 'shap_error': 0.001461094561727811, 'shap_norm_sq': 70948.06025453871}
{'sample_size': 8080, 'difference': -52, 'noise': 0, 'n': 101, 'shap_error': 0.0007338338308200828, 'shap_norm_sq': 70948.06025453871}
{'sample_size': 16160, 'difference': -100, 'noise': 0, 'n': 101, 'shap_error': 0.00033889175115067635, 'shap_norm_sq': 70948.06025453871}
{'sample_size': 505, 'difference': -29, 'noise': 0, 'n': 101, 'shap_error': 0.0622035116482731, 'shap_norm_sq': 77924.32063228902}
{'sample_size': 1010, 'difference': -34, 'noise': 0, 'n': 101, 'shap_error': 0.04092791981077749, 'shap_norm_sq': 77924.32063228902}
{'sample_size': 2020, 'difference': -46, 'noise': 0, 'n': 101, 'shap_error': 0.012511393682726352, 'shap_norm_sq': 77924.32063228902}
{'sample_size': 4040, 'difference': -40, 'noise': 0, 'n': 101, 'shap_error': 0.006530708416160152, 'shap_norm_sq': 77924.32063228902}
{'sample_size': 8080, 'difference': -62, 'noise': 0, 'n': 101, 'shap_error': 0.0030081725571369814, 'shap_norm_sq': 77924.32063228902}
{'sample_size': 16160, 'difference': -86, 'noise': 0, 'n': 101, 'shap_error': 0.0015533891608318915, 'shap_norm_sq': 77924.32063228902}
{'sample_size': 505, 'difference': -5, 'noise': 0, 'n': 101, 'shap_error': 0.06626219727411306, 'shap_norm_sq': 58480.294322778}
{'sample_size': 1010, 'difference': -54, 'noise': 0, 'n': 101, 'shap_error': 0.021884803258077092, 'shap_norm_sq': 58480.294322778}
{'sample_size': 2020, 'difference': -2, 'noise': 0, 'n': 101, 'shap_error': 0.007124242474166282, 'shap_norm_sq': 58480.294322778}
{'sample_size': 4040, 'difference': 12, 'noise': 0, 'n': 101, 'shap_error': 0.004619219102137348, 'shap_norm_sq': 58480.294322778}
{'sample_size': 8080, 'difference': -48, 'noise': 0, 'n': 101, 'shap_error': 0.002233081902818874, 'shap_norm_sq': 58480.294322778}
{'sample_size': 16160, 'difference': -66, 'noise': 0, 'n': 101, 'shap_error': 0.0010881776984881556, 'shap_norm_sq': 58480.294322778}
{'sample_size': 505, 'difference': -27, 'noise': 0, 'n': 101, 'shap_error': 0.07332769175485065, 'shap_norm_sq': 142861.1072230097}
{'sample_size': 1010, 'difference': -4, 'noise': 0, 'n': 101, 'shap_error': 0.023901035358792656, 'shap_norm_sq': 142861.1072230097}
{'sample_size': 2020, 'difference': -62, 'noise': 0, 'n': 101, 'shap_error': 0.00805905251814075, 'shap_norm_sq': 142861.1072230097}
{'sample_size': 4040, 'difference': -14, 'noise': 0, 'n': 101, 'shap_error': 0.003904414801051284, 'shap_norm_sq': 142861.1072230097}
{'sample_size': 8080, 'difference': -42, 'noise': 0, 'n': 101, 'shap_error': 0.0013675955797883615, 'shap_norm_sq': 142861.1072230097}
{'sample_size': 16160, 'difference': -230, 'noise': 0, 'n': 101, 'shap_error': 0.001323975966706455, 'shap_norm_sq': 142861.1072230097}
{'sample_size': 505, 'difference': -25, 'noise': 0, 'n': 101, 'shap_error': 0.11762815128133251, 'shap_norm_sq': 29155.982366292}
{'sample_size': 1010, 'difference': 36, 'noise': 0, 'n': 101, 'shap_error': 0.031085769013869533, 'shap_norm_sq': 29155.982366292}
{'sample_size': 2020, 'difference': -6, 'noise': 0, 'n': 101, 'shap_error': 0.014929396065879591, 'shap_norm_sq': 29155.982366292}
{'sample_size': 4040, 'difference': -36, 'noise': 0, 'n': 101, 'shap_error': 0.00506088090895766, 'shap_norm_sq': 29155.982366292}
{'sample_size': 8080, 'difference': -104, 'noise': 0, 'n': 101, 'shap_error': 0.003037180739667959, 'shap_norm_sq': 29155.982366292}
{'sample_size': 16160, 'difference': -180, 'noise': 0, 'n': 101, 'shap_error': 0.0011520855511538103, 'shap_norm_sq': 29155.982366292}
{'sample_size': 505, 'difference': -19, 'noise': 0, 'n': 101, 'shap_error': 0.025220187066418598, 'shap_norm_sq': 68210.27030421194}
{'sample_size': 1010, 'difference': 26, 'noise': 0, 'n': 101, 'shap_error': 0.0063583623350692165, 'shap_norm_sq': 68210.27030421194}
{'sample_size': 2020, 'difference': 8, 'noise': 0, 'n': 101, 'shap_error': 0.0038686463442752636, 'shap_norm_sq': 68210.27030421194}
{'sample_size': 4040, 'difference': 0, 'noise': 0, 'n': 101, 'shap_error': 0.001384201600009013, 'shap_norm_sq': 68210.27030421194}
{'sample_size': 8080, 'difference': -102, 'noise': 0, 'n': 101, 'shap_error': 0.0008043010305776206, 'shap_norm_sq': 68210.27030421194}
{'sample_size': 16160, 'difference': -32, 'noise': 0, 'n': 101, 'shap_error': 0.000401198422928345, 'shap_norm_sq': 68210.27030421194}
{'sample_size': 505, 'difference': -39, 'noise': 0, 'n': 101, 'shap_error': 0.032390062927879756, 'shap_norm_sq': 86211.11074959261}
{'sample_size': 1010, 'difference': -6, 'noise': 0, 'n': 101, 'shap_error': 0.007838095588834242, 'shap_norm_sq': 86211.11074959261}
{'sample_size': 2020, 'difference': -30, 'noise': 0, 'n': 101, 'shap_error': 0.0044720843362293875, 'shap_norm_sq': 86211.11074959261}
{'sample_size': 4040, 'difference': -50, 'noise': 0, 'n': 101, 'shap_error': 0.0027572747108751783, 'shap_norm_sq': 86211.11074959261}
{'sample_size': 8080, 'difference': -30, 'noise': 0, 'n': 101, 'shap_error': 0.0011884243661621308, 'shap_norm_sq': 86211.11074959261}
{'sample_size': 16160, 'difference': 34, 'noise': 0, 'n': 101, 'shap_error': 0.0006395779022771487, 'shap_norm_sq': 86211.11074959261}
{'sample_size': 505, 'difference': -1, 'noise': 0, 'n': 101, 'shap_error': 0.02314751453683069, 'shap_norm_sq': 71614.5711912898}
{'sample_size': 1010, 'difference': -30, 'noise': 0, 'n': 101, 'shap_error': 0.007812794902565623, 'shap_norm_sq': 71614.5711912898}
{'sample_size': 2020, 'difference': -86, 'noise': 0, 'n': 101, 'shap_error': 0.003963646978401179, 'shap_norm_sq': 71614.5711912898}
{'sample_size': 4040, 'difference': 54, 'noise': 0, 'n': 101, 'shap_error': 0.0024288815000063206, 'shap_norm_sq': 71614.5711912898}
{'sample_size': 8080, 'difference': -82, 'noise': 0, 'n': 101, 'shap_error': 0.001020589273508619, 'shap_norm_sq': 71614.5711912898}
{'sample_size': 16160, 'difference': -112, 'noise': 0, 'n': 101, 'shap_error': 0.0006025102594970791, 'shap_norm_sq': 71614.5711912898}
{'sample_size': 505, 'difference': -43, 'noise': 0, 'n': 101, 'shap_error': 0.16006162041954125, 'shap_norm_sq': 363781.09591590613}
{'sample_size': 1010, 'difference': 8, 'noise': 0, 'n': 101, 'shap_error': 0.03705262579328894, 'shap_norm_sq': 363781.09591590613}
{'sample_size': 2020, 'difference': -22, 'noise': 0, 'n': 101, 'shap_error': 0.014592199972299165, 'shap_norm_sq': 363781.09591590613}
{'sample_size': 4040, 'difference': 2, 'noise': 0, 'n': 101, 'shap_error': 0.006581775338711056, 'shap_norm_sq': 363781.09591590613}
{'sample_size': 8080, 'difference': -82, 'noise': 0, 'n': 101, 'shap_error': 0.002405016492024132, 'shap_norm_sq': 363781.09591590613}
{'sample_size': 16160, 'difference': -52, 'noise': 0, 'n': 101, 'shap_error': 0.001286808039768058, 'shap_norm_sq': 363781.09591590613}
{'sample_size': 505, 'difference': 9, 'noise': 0, 'n': 101, 'shap_error': 0.0857274805345574, 'shap_norm_sq': 65152.18994262499}
{'sample_size': 1010, 'difference': 16, 'noise': 0, 'n': 101, 'shap_error': 0.024628400407741356, 'shap_norm_sq': 65152.18994262499}
{'sample_size': 2020, 'difference': 50, 'noise': 0, 'n': 101, 'shap_error': 0.011196275487196827, 'shap_norm_sq': 65152.18994262499}
{'sample_size': 4040, 'difference': -84, 'noise': 0, 'n': 101, 'shap_error': 0.004267196086147477, 'shap_norm_sq': 65152.18994262499}
{'sample_size': 8080, 'difference': 14, 'noise': 0, 'n': 101, 'shap_error': 0.002673806541240032, 'shap_norm_sq': 65152.18994262499}
{'sample_size': 16160, 'difference': -96, 'noise': 0, 'n': 101, 'shap_error': 0.0015521901712639496, 'shap_norm_sq': 65152.18994262499}
{'sample_size': 505, 'difference': -11, 'noise': 0, 'n': 101, 'shap_error': 0.011620642436632762, 'shap_norm_sq': 61475.04748303989}
{'sample_size': 1010, 'difference': 34, 'noise': 0, 'n': 101, 'shap_error': 0.002907197613250982, 'shap_norm_sq': 61475.04748303989}
{'sample_size': 2020, 'difference': -8, 'noise': 0, 'n': 101, 'shap_error': 0.001996861828142136, 'shap_norm_sq': 61475.04748303989}
{'sample_size': 4040, 'difference': -42, 'noise': 0, 'n': 101, 'shap_error': 0.0008215942382135698, 'shap_norm_sq': 61475.04748303989}
{'sample_size': 8080, 'difference': -164, 'noise': 0, 'n': 101, 'shap_error': 0.0003500693675001449, 'shap_norm_sq': 61475.04748303989}
{'sample_size': 16160, 'difference': -198, 'noise': 0, 'n': 101, 'shap_error': 0.00016274196033782515, 'shap_norm_sq': 61475.04748303989}
{'sample_size': 505, 'difference': 11, 'noise': 0, 'n': 101, 'shap_error': 0.04530940660420843, 'shap_norm_sq': 64529.68913311736}
{'sample_size': 1010, 'difference': -22, 'noise': 0, 'n': 101, 'shap_error': 0.01625414976653669, 'shap_norm_sq': 64529.68913311736}
{'sample_size': 2020, 'difference': 10, 'noise': 0, 'n': 101, 'shap_error': 0.007265902870377518, 'shap_norm_sq': 64529.68913311736}
{'sample_size': 4040, 'difference': 108, 'noise': 0, 'n': 101, 'shap_error': 0.0029873879314288635, 'shap_norm_sq': 64529.68913311736}
{'sample_size': 8080, 'difference': -168, 'noise': 0, 'n': 101, 'shap_error': 0.0018244346589184315, 'shap_norm_sq': 64529.68913311736}
{'sample_size': 16160, 'difference': -138, 'noise': 0, 'n': 101, 'shap_error': 0.0008114114948385424, 'shap_norm_sq': 64529.68913311736}
{'sample_size': 505, 'difference': 1, 'noise': 0, 'n': 101, 'shap_error': 0.09251028309947353, 'shap_norm_sq': 37054.59474406034}
{'sample_size': 1010, 'difference': -24, 'noise': 0, 'n': 101, 'shap_error': 0.03652513785352127, 'shap_norm_sq': 37054.59474406034}
{'sample_size': 2020, 'difference': 2, 'noise': 0, 'n': 101, 'shap_error': 0.013731644433919919, 'shap_norm_sq': 37054.59474406034}
{'sample_size': 4040, 'difference': -22, 'noise': 0, 'n': 101, 'shap_error': 0.006874651331987737, 'shap_norm_sq': 37054.59474406034}
{'sample_size': 8080, 'difference': 30, 'noise': 0, 'n': 101, 'shap_error': 0.003792015833069488, 'shap_norm_sq': 37054.59474406034}
{'sample_size': 16160, 'difference': -12, 'noise': 0, 'n': 101, 'shap_error': 0.0017613203413308894, 'shap_norm_sq': 37054.59474406034}
{'sample_size': 505, 'difference': 1, 'noise': 0, 'n': 101, 'shap_error': 0.021415367462154777, 'shap_norm_sq': 67634.43522297681}
{'sample_size': 1010, 'difference': 36, 'noise': 0, 'n': 101, 'shap_error': 0.006510672265029802, 'shap_norm_sq': 67634.43522297681}
{'sample_size': 2020, 'difference': -26, 'noise': 0, 'n': 101, 'shap_error': 0.003202346110165281, 'shap_norm_sq': 67634.43522297681}
{'sample_size': 4040, 'difference': 40, 'noise': 0, 'n': 101, 'shap_error': 0.0011838257859395382, 'shap_norm_sq': 67634.43522297681}
{'sample_size': 8080, 'difference': -82, 'noise': 0, 'n': 101, 'shap_error': 0.0006445839221864684, 'shap_norm_sq': 67634.43522297681}
{'sample_size': 16160, 'difference': -354, 'noise': 0, 'n': 101, 'shap_error': 0.00038527962058505636, 'shap_norm_sq': 67634.43522297681}
{'sample_size': 505, 'difference': -33, 'noise': 0, 'n': 101, 'shap_error': 0.053263240410465096, 'shap_norm_sq': 65693.15553171656}
{'sample_size': 1010, 'difference': -4, 'noise': 0, 'n': 101, 'shap_error': 0.022725974202315757, 'shap_norm_sq': 65693.15553171656}
{'sample_size': 2020, 'difference': -62, 'noise': 0, 'n': 101, 'shap_error': 0.009453006264396952, 'shap_norm_sq': 65693.15553171656}
{'sample_size': 4040, 'difference': -38, 'noise': 0, 'n': 101, 'shap_error': 0.004337164904013263, 'shap_norm_sq': 65693.15553171656}
{'sample_size': 8080, 'difference': -154, 'noise': 0, 'n': 101, 'shap_error': 0.001960457386044769, 'shap_norm_sq': 65693.15553171656}
{'sample_size': 16160, 'difference': -330, 'noise': 0, 'n': 101, 'shap_error': 0.0006994478221422673, 'shap_norm_sq': 65693.15553171656}
{'sample_size': 505, 'difference': -23, 'noise': 0, 'n': 101, 'shap_error': 0.0500996876648226, 'shap_norm_sq': 90026.51727442787}
{'sample_size': 1010, 'difference': -34, 'noise': 0, 'n': 101, 'shap_error': 0.011922753838554418, 'shap_norm_sq': 90026.51727442787}
{'sample_size': 2020, 'difference': 8, 'noise': 0, 'n': 101, 'shap_error': 0.005324919847218687, 'shap_norm_sq': 90026.51727442787}
{'sample_size': 4040, 'difference': -16, 'noise': 0, 'n': 101, 'shap_error': 0.00262908783783977, 'shap_norm_sq': 90026.51727442787}
{'sample_size': 8080, 'difference': -196, 'noise': 0, 'n': 101, 'shap_error': 0.0013300802206940722, 'shap_norm_sq': 90026.51727442787}
{'sample_size': 16160, 'difference': -86, 'noise': 0, 'n': 101, 'shap_error': 0.0006831436622250123, 'shap_norm_sq': 90026.51727442787}
{'sample_size': 505, 'difference': -15, 'noise': 0, 'n': 101, 'shap_error': 0.01924464870178122, 'shap_norm_sq': 60278.702543096995}
{'sample_size': 1010, 'difference': 0, 'noise': 0, 'n': 101, 'shap_error': 0.0061523472556045365, 'shap_norm_sq': 60278.702543096995}
{'sample_size': 2020, 'difference': -34, 'noise': 0, 'n': 101, 'shap_error': 0.00288757352886043, 'shap_norm_sq': 60278.702543096995}
{'sample_size': 4040, 'difference': -132, 'noise': 0, 'n': 101, 'shap_error': 0.001039208824136344, 'shap_norm_sq': 60278.702543096995}
{'sample_size': 8080, 'difference': 100, 'noise': 0, 'n': 101, 'shap_error': 0.00048596055025168603, 'shap_norm_sq': 60278.702543096995}
{'sample_size': 16160, 'difference': -6, 'noise': 0, 'n': 101, 'shap_error': 0.0002538711168244292, 'shap_norm_sq': 60278.702543096995}
{'sample_size': 505, 'difference': -43, 'noise': 0, 'n': 101, 'shap_error': 0.09927751450678442, 'shap_norm_sq': 60517.72849368696}
{'sample_size': 1010, 'difference': 18, 'noise': 0, 'n': 101, 'shap_error': 0.030862576284472545, 'shap_norm_sq': 60517.72849368696}
{'sample_size': 2020, 'difference': -8, 'noise': 0, 'n': 101, 'shap_error': 0.015991638730285578, 'shap_norm_sq': 60517.72849368696}
{'sample_size': 4040, 'difference': 8, 'noise': 0, 'n': 101, 'shap_error': 0.0066301401757109584, 'shap_norm_sq': 60517.72849368696}
{'sample_size': 8080, 'difference': -80, 'noise': 0, 'n': 101, 'shap_error': 0.003453261877450501, 'shap_norm_sq': 60517.72849368696}
{'sample_size': 16160, 'difference': -118, 'noise': 0, 'n': 101, 'shap_error': 0.0016777098421744776, 'shap_norm_sq': 60517.72849368696}
{'sample_size': 505, 'difference': -13, 'noise': 0, 'n': 101, 'shap_error': 0.00029418055833575703, 'shap_norm_sq': 10837.687552913987}
{'sample_size': 1010, 'difference': -14, 'noise': 0, 'n': 101, 'shap_error': 0.00012781801832725042, 'shap_norm_sq': 10837.687552913987}
{'sample_size': 2020, 'difference': 104, 'noise': 0, 'n': 101, 'shap_error': 4.9225751987969545e-05, 'shap_norm_sq': 10837.687552913987}
{'sample_size': 4040, 'difference': 42, 'noise': 0, 'n': 101, 'shap_error': 2.404893921237856e-05, 'shap_norm_sq': 10837.687552913987}
{'sample_size': 8080, 'difference': -30, 'noise': 0, 'n': 101, 'shap_error': 1.0446269890273515e-05, 'shap_norm_sq': 10837.687552913987}
{'sample_size': 16160, 'difference': -24, 'noise': 0, 'n': 101, 'shap_error': 4.487891777020998e-06, 'shap_norm_sq': 10837.687552913987}
{'sample_size': 505, 'difference': 29, 'noise': 0, 'n': 101, 'shap_error': 0.048854060913466724, 'shap_norm_sq': 59094.93972924952}
{'sample_size': 1010, 'difference': 28, 'noise': 0, 'n': 101, 'shap_error': 0.024933617039980798, 'shap_norm_sq': 59094.93972924952}
{'sample_size': 2020, 'difference': -52, 'noise': 0, 'n': 101, 'shap_error': 0.012226715086188049, 'shap_norm_sq': 59094.93972924952}
{'sample_size': 4040, 'difference': -76, 'noise': 0, 'n': 101, 'shap_error': 0.004623962002936322, 'shap_norm_sq': 59094.93972924952}
{'sample_size': 8080, 'difference': -18, 'noise': 0, 'n': 101, 'shap_error': 0.001947657216253026, 'shap_norm_sq': 59094.93972924952}
{'sample_size': 16160, 'difference': -20, 'noise': 0, 'n': 101, 'shap_error': 0.0012345750252077473, 'shap_norm_sq': 59094.93972924952}
{'sample_size': 505, 'difference': 1, 'noise': 0, 'n': 101, 'shap_error': 0.013125765978027918, 'shap_norm_sq': 81644.161193724}
{'sample_size': 1010, 'difference': -16, 'noise': 0, 'n': 101, 'shap_error': 0.005074257096597681, 'shap_norm_sq': 81644.161193724}
{'sample_size': 2020, 'difference': -34, 'noise': 0, 'n': 101, 'shap_error': 0.004235088054595969, 'shap_norm_sq': 81644.161193724}
{'sample_size': 4040, 'difference': 108, 'noise': 0, 'n': 101, 'shap_error': 0.000995503940568025, 'shap_norm_sq': 81644.161193724}
{'sample_size': 8080, 'difference': -114, 'noise': 0, 'n': 101, 'shap_error': 0.0006635361244531288, 'shap_norm_sq': 81644.161193724}
{'sample_size': 16160, 'difference': -12, 'noise': 0, 'n': 101, 'shap_error': 0.0003179671634880144, 'shap_norm_sq': 81644.161193724}
{'sample_size': 505, 'difference': -5, 'noise': 0, 'n': 101, 'shap_error': 0.08418375136583295, 'shap_norm_sq': 50053.765987219485}
{'sample_size': 1010, 'difference': 12, 'noise': 0, 'n': 101, 'shap_error': 0.031187325971225505, 'shap_norm_sq': 50053.765987219485}
{'sample_size': 2020, 'difference': -60, 'noise': 0, 'n': 101, 'shap_error': 0.011107548076550561, 'shap_norm_sq': 50053.765987219485}
{'sample_size': 4040, 'difference': -50, 'noise': 0, 'n': 101, 'shap_error': 0.007134846811319348, 'shap_norm_sq': 50053.765987219485}
{'sample_size': 8080, 'difference': -86, 'noise': 0, 'n': 101, 'shap_error': 0.0035061651156752882, 'shap_norm_sq': 50053.765987219485}
{'sample_size': 16160, 'difference': -142, 'noise': 0, 'n': 101, 'shap_error': 0.001431546182539849, 'shap_norm_sq': 50053.765987219485}
{'sample_size': 505, 'difference': -19, 'noise': 0, 'n': 101, 'shap_error': 0.03419514746164423, 'shap_norm_sq': 402205.52813783445}
{'sample_size': 1010, 'difference': -12, 'noise': 0, 'n': 101, 'shap_error': 0.0111723925606047, 'shap_norm_sq': 402205.52813783445}
{'sample_size': 2020, 'difference': -10, 'noise': 0, 'n': 101, 'shap_error': 0.0060946630503995805, 'shap_norm_sq': 402205.52813783445}
{'sample_size': 4040, 'difference': 10, 'noise': 0, 'n': 101, 'shap_error': 0.0019484379982912478, 'shap_norm_sq': 402205.52813783445}
{'sample_size': 8080, 'difference': 24, 'noise': 0, 'n': 101, 'shap_error': 0.0009398955660029671, 'shap_norm_sq': 402205.52813783445}
{'sample_size': 16160, 'difference': -144, 'noise': 0, 'n': 101, 'shap_error': 0.0006166115483847945, 'shap_norm_sq': 402205.52813783445}
{'sample_size': 505, 'difference': 15, 'noise': 0, 'n': 101, 'shap_error': 0.019584283288209832, 'shap_norm_sq': 59051.703621773784}
{'sample_size': 1010, 'difference': -8, 'noise': 0, 'n': 101, 'shap_error': 0.007042380195144141, 'shap_norm_sq': 59051.703621773784}
{'sample_size': 2020, 'difference': 36, 'noise': 0, 'n': 101, 'shap_error': 0.002299779447300577, 'shap_norm_sq': 59051.703621773784}
{'sample_size': 4040, 'difference': -138, 'noise': 0, 'n': 101, 'shap_error': 0.0014057315176229375, 'shap_norm_sq': 59051.703621773784}
{'sample_size': 8080, 'difference': -66, 'noise': 0, 'n': 101, 'shap_error': 0.0006404085724564017, 'shap_norm_sq': 59051.703621773784}
{'sample_size': 16160, 'difference': -76, 'noise': 0, 'n': 101, 'shap_error': 0.0002566004401038868, 'shap_norm_sq': 59051.703621773784}
{'sample_size': 505, 'difference': -15, 'noise': 0, 'n': 101, 'shap_error': 0.015334836100674144, 'shap_norm_sq': 45343.17351124053}
{'sample_size': 1010, 'difference': -16, 'noise': 0, 'n': 101, 'shap_error': 0.006445637758901869, 'shap_norm_sq': 45343.17351124053}
{'sample_size': 2020, 'difference': -12, 'noise': 0, 'n': 101, 'shap_error': 0.0033611321360033203, 'shap_norm_sq': 45343.17351124053}
{'sample_size': 4040, 'difference': -46, 'noise': 0, 'n': 101, 'shap_error': 0.001415197777154308, 'shap_norm_sq': 45343.17351124053}
{'sample_size': 8080, 'difference': -160, 'noise': 0, 'n': 101, 'shap_error': 0.0006832731290272036, 'shap_norm_sq': 45343.17351124053}
{'sample_size': 16160, 'difference': -240, 'noise': 0, 'n': 101, 'shap_error': 0.00041770593581114774, 'shap_norm_sq': 45343.17351124053}
{'sample_size': 505, 'difference': -19, 'noise': 0, 'n': 101, 'shap_error': 0.05936893535693952, 'shap_norm_sq': 69286.48627175041}
{'sample_size': 1010, 'difference': -22, 'noise': 0, 'n': 101, 'shap_error': 0.020445587362957204, 'shap_norm_sq': 69286.48627175041}
{'sample_size': 2020, 'difference': -26, 'noise': 0, 'n': 101, 'shap_error': 0.008036528109304815, 'shap_norm_sq': 69286.48627175041}
{'sample_size': 4040, 'difference': 62, 'noise': 0, 'n': 101, 'shap_error': 0.00492481754028852, 'shap_norm_sq': 69286.48627175041}
{'sample_size': 8080, 'difference': -100, 'noise': 0, 'n': 101, 'shap_error': 0.002123699459562293, 'shap_norm_sq': 69286.48627175041}
{'sample_size': 16160, 'difference': -92, 'noise': 0, 'n': 101, 'shap_error': 0.0012806840240945055, 'shap_norm_sq': 69286.48627175041}
{'sample_size': 505, 'difference': -35, 'noise': 0, 'n': 101, 'shap_error': 0.005647181708411825, 'shap_norm_sq': 64740.40159642255}
{'sample_size': 1010, 'difference': 4, 'noise': 0, 'n': 101, 'shap_error': 0.0016269514015429145, 'shap_norm_sq': 64740.40159642255}
{'sample_size': 2020, 'difference': -18, 'noise': 0, 'n': 101, 'shap_error': 0.0006381454256463995, 'shap_norm_sq': 64740.40159642255}
{'sample_size': 4040, 'difference': -90, 'noise': 0, 'n': 101, 'shap_error': 0.00032981841331159036, 'shap_norm_sq': 64740.40159642255}
{'sample_size': 8080, 'difference': 4, 'noise': 0, 'n': 101, 'shap_error': 0.00014347288477630762, 'shap_norm_sq': 64740.40159642255}
{'sample_size': 16160, 'difference': -44, 'noise': 0, 'n': 101, 'shap_error': 7.553063845960034e-05, 'shap_norm_sq': 64740.40159642255}
{'sample_size': 505, 'difference': -1, 'noise': 0, 'n': 101, 'shap_error': 0.031819767117325766, 'shap_norm_sq': 78281.04079348833}
{'sample_size': 1010, 'difference': 14, 'noise': 0, 'n': 101, 'shap_error': 0.009580210293820193, 'shap_norm_sq': 78281.04079348833}
{'sample_size': 2020, 'difference': 12, 'noise': 0, 'n': 101, 'shap_error': 0.004571807338151626, 'shap_norm_sq': 78281.04079348833}
{'sample_size': 4040, 'difference': -34, 'noise': 0, 'n': 101, 'shap_error': 0.0025161826612906356, 'shap_norm_sq': 78281.04079348833}
{'sample_size': 8080, 'difference': -22, 'noise': 0, 'n': 101, 'shap_error': 0.0010838811596214713, 'shap_norm_sq': 78281.04079348833}
{'sample_size': 16160, 'difference': -352, 'noise': 0, 'n': 101, 'shap_error': 0.000610152733857482, 'shap_norm_sq': 78281.04079348833}
{'sample_size': 505, 'difference': 7, 'noise': 0, 'n': 101, 'shap_error': 0.030377248642159075, 'shap_norm_sq': 80933.95894743361}
{'sample_size': 1010, 'difference': -40, 'noise': 0, 'n': 101, 'shap_error': 0.013735384645744069, 'shap_norm_sq': 80933.95894743361}
{'sample_size': 2020, 'difference': -58, 'noise': 0, 'n': 101, 'shap_error': 0.004698140793015688, 'shap_norm_sq': 80933.95894743361}
{'sample_size': 4040, 'difference': -14, 'noise': 0, 'n': 101, 'shap_error': 0.002907137726441767, 'shap_norm_sq': 80933.95894743361}
{'sample_size': 8080, 'difference': -28, 'noise': 0, 'n': 101, 'shap_error': 0.001022389801464772, 'shap_norm_sq': 80933.95894743361}
{'sample_size': 16160, 'difference': -54, 'noise': 0, 'n': 101, 'shap_error': 0.0004775789299442553, 'shap_norm_sq': 80933.95894743361}
{'sample_size': 505, 'difference': 23, 'noise': 0, 'n': 101, 'shap_error': 0.015136413332738562, 'shap_norm_sq': 194115.54527974554}
{'sample_size': 1010, 'difference': -28, 'noise': 0, 'n': 101, 'shap_error': 0.005191900189412254, 'shap_norm_sq': 194115.54527974554}
{'sample_size': 2020, 'difference': -98, 'noise': 0, 'n': 101, 'shap_error': 0.0023280512346841023, 'shap_norm_sq': 194115.54527974554}
{'sample_size': 4040, 'difference': 2, 'noise': 0, 'n': 101, 'shap_error': 0.0009586386707740542, 'shap_norm_sq': 194115.54527974554}
{'sample_size': 8080, 'difference': -110, 'noise': 0, 'n': 101, 'shap_error': 0.0006469472426487317, 'shap_norm_sq': 194115.54527974554}
{'sample_size': 16160, 'difference': -86, 'noise': 0, 'n': 101, 'shap_error': 0.00028839216094340205, 'shap_norm_sq': 194115.54527974554}
{'sample_size': 505, 'difference': 3, 'noise': 0, 'n': 101, 'shap_error': 0.012784510987923362, 'shap_norm_sq': 53079.06010629076}
{'sample_size': 1010, 'difference': -8, 'noise': 0, 'n': 101, 'shap_error': 0.006562551594018811, 'shap_norm_sq': 53079.06010629076}
{'sample_size': 2020, 'difference': -14, 'noise': 0, 'n': 101, 'shap_error': 0.0034003917265476246, 'shap_norm_sq': 53079.06010629076}
{'sample_size': 4040, 'difference': -92, 'noise': 0, 'n': 101, 'shap_error': 0.001187303183776121, 'shap_norm_sq': 53079.06010629076}
{'sample_size': 8080, 'difference': -198, 'noise': 0, 'n': 101, 'shap_error': 0.0005742491629503193, 'shap_norm_sq': 53079.06010629076}
{'sample_size': 16160, 'difference': -88, 'noise': 0, 'n': 101, 'shap_error': 0.0003042779222483318, 'shap_norm_sq': 53079.06010629076}
{'sample_size': 505, 'difference': -13, 'noise': 0, 'n': 101, 'shap_error': 0.057889757347374275, 'shap_norm_sq': 64529.68913311736}
{'sample_size': 1010, 'difference': -22, 'noise': 0, 'n': 101, 'shap_error': 0.013129682826464702, 'shap_norm_sq': 64529.68913311736}
{'sample_size': 2020, 'difference': -86, 'noise': 0, 'n': 101, 'shap_error': 0.006110964452447361, 'shap_norm_sq': 64529.68913311736}
{'sample_size': 4040, 'difference': 6, 'noise': 0, 'n': 101, 'shap_error': 0.003730963227608048, 'shap_norm_sq': 64529.68913311736}
{'sample_size': 8080, 'difference': -44, 'noise': 0, 'n': 101, 'shap_error': 0.0015998969522080248, 'shap_norm_sq': 64529.68913311736}
{'sample_size': 16160, 'difference': 44, 'noise': 0, 'n': 101, 'shap_error': 0.0007632611692333966, 'shap_norm_sq': 64529.68913311736}
{'sample_size': 505, 'difference': -3, 'noise': 0, 'n': 101, 'shap_error': 0.03784784531515776, 'shap_norm_sq': 95208.64754927717}
{'sample_size': 1010, 'difference': 18, 'noise': 0, 'n': 101, 'shap_error': 0.016113962524184657, 'shap_norm_sq': 95208.64754927717}
{'sample_size': 2020, 'difference': -6, 'noise': 0, 'n': 101, 'shap_error': 0.009252866078453497, 'shap_norm_sq': 95208.64754927717}
{'sample_size': 4040, 'difference': 26, 'noise': 0, 'n': 101, 'shap_error': 0.0030759781445568635, 'shap_norm_sq': 95208.64754927717}
{'sample_size': 8080, 'difference': -122, 'noise': 0, 'n': 101, 'shap_error': 0.0014387947615794807, 'shap_norm_sq': 95208.64754927717}
{'sample_size': 16160, 'difference': -132, 'noise': 0, 'n': 101, 'shap_error': 0.0008032962003889901, 'shap_norm_sq': 95208.64754927717}
{'sample_size': 505, 'difference': -5, 'noise': 0, 'n': 101, 'shap_error': 0.026935396969821945, 'shap_norm_sq': 49611.86676062929}
{'sample_size': 1010, 'difference': 22, 'noise': 0, 'n': 101, 'shap_error': 0.008138300040648468, 'shap_norm_sq': 49611.86676062929}
{'sample_size': 2020, 'difference': -42, 'noise': 0, 'n': 101, 'shap_error': 0.003309304683065658, 'shap_norm_sq': 49611.86676062929}
{'sample_size': 4040, 'difference': 24, 'noise': 0, 'n': 101, 'shap_error': 0.0018498657217369948, 'shap_norm_sq': 49611.86676062929}
{'sample_size': 8080, 'difference': 8, 'noise': 0, 'n': 101, 'shap_error': 0.0008157027019875704, 'shap_norm_sq': 49611.86676062929}
{'sample_size': 16160, 'difference': -66, 'noise': 0, 'n': 101, 'shap_error': 0.0002961854467149911, 'shap_norm_sq': 49611.86676062929}
{'sample_size': 505, 'difference': -39, 'noise': 0, 'n': 101, 'shap_error': 0.020623876948183777, 'shap_norm_sq': 54630.12408325359}
{'sample_size': 1010, 'difference': -30, 'noise': 0, 'n': 101, 'shap_error': 0.0062488884170242825, 'shap_norm_sq': 54630.12408325359}
{'sample_size': 2020, 'difference': -22, 'noise': 0, 'n': 101, 'shap_error': 0.002596297908155603, 'shap_norm_sq': 54630.12408325359}
{'sample_size': 4040, 'difference': -40, 'noise': 0, 'n': 101, 'shap_error': 0.0014870436400491968, 'shap_norm_sq': 54630.12408325359}
{'sample_size': 8080, 'difference': 8, 'noise': 0, 'n': 101, 'shap_error': 0.0006854522438756392, 'shap_norm_sq': 54630.12408325359}
{'sample_size': 16160, 'difference': 16, 'noise': 0, 'n': 101, 'shap_error': 0.0002647720258188467, 'shap_norm_sq': 54630.12408325359}
{'sample_size': 505, 'difference': 17, 'noise': 0, 'n': 101, 'shap_error': 0.025939210243161908, 'shap_norm_sq': 36586.72494949802}
{'sample_size': 1010, 'difference': -32, 'noise': 0, 'n': 101, 'shap_error': 0.008433382140273433, 'shap_norm_sq': 36586.72494949802}
{'sample_size': 2020, 'difference': 16, 'noise': 0, 'n': 101, 'shap_error': 0.0030039284338462223, 'shap_norm_sq': 36586.72494949802}
{'sample_size': 4040, 'difference': -18, 'noise': 0, 'n': 101, 'shap_error': 0.0017228269726018673, 'shap_norm_sq': 36586.72494949802}
{'sample_size': 8080, 'difference': -12, 'noise': 0, 'n': 101, 'shap_error': 0.0006405533195760577, 'shap_norm_sq': 36586.72494949802}
{'sample_size': 16160, 'difference': -184, 'noise': 0, 'n': 101, 'shap_error': 0.0003065973057437636, 'shap_norm_sq': 36586.72494949802}
{'sample_size': 505, 'difference': 15, 'noise': 0, 'n': 101, 'shap_error': 0.044854394845936424, 'shap_norm_sq': 95922.30425254253}
{'sample_size': 1010, 'difference': 10, 'noise': 0, 'n': 101, 'shap_error': 0.012949985539208468, 'shap_norm_sq': 95922.30425254253}
{'sample_size': 2020, 'difference': 16, 'noise': 0, 'n': 101, 'shap_error': 0.007733201879596998, 'shap_norm_sq': 95922.30425254253}
{'sample_size': 4040, 'difference': 42, 'noise': 0, 'n': 101, 'shap_error': 0.00280936063478245, 'shap_norm_sq': 95922.30425254253}
{'sample_size': 8080, 'difference': 50, 'noise': 0, 'n': 101, 'shap_error': 0.001350008218084945, 'shap_norm_sq': 95922.30425254253}
{'sample_size': 16160, 'difference': -174, 'noise': 0, 'n': 101, 'shap_error': 0.0007173589238108301, 'shap_norm_sq': 95922.30425254253}
{'sample_size': 505, 'difference': 3, 'noise': 0, 'n': 101, 'shap_error': 0.034323340128859, 'shap_norm_sq': 66146.79000065055}
{'sample_size': 1010, 'difference': 2, 'noise': 0, 'n': 101, 'shap_error': 0.00925288960916158, 'shap_norm_sq': 66146.79000065055}
{'sample_size': 2020, 'difference': -38, 'noise': 0, 'n': 101, 'shap_error': 0.0043582389326333165, 'shap_norm_sq': 66146.79000065055}
{'sample_size': 4040, 'difference': -10, 'noise': 0, 'n': 101, 'shap_error': 0.0028990376967155474, 'shap_norm_sq': 66146.79000065055}
{'sample_size': 8080, 'difference': -198, 'noise': 0, 'n': 101, 'shap_error': 0.0011693418747795723, 'shap_norm_sq': 66146.79000065055}
{'sample_size': 16160, 'difference': -368, 'noise': 0, 'n': 101, 'shap_error': 0.0005663095227824543, 'shap_norm_sq': 66146.79000065055}
{'sample_size': 505, 'difference': 11, 'noise': 0, 'n': 101, 'shap_error': 0.014927440889306276, 'shap_norm_sq': 36099.76370580298}
{'sample_size': 1010, 'difference': 48, 'noise': 0, 'n': 101, 'shap_error': 0.005870020314071961, 'shap_norm_sq': 36099.76370580298}
{'sample_size': 2020, 'difference': 32, 'noise': 0, 'n': 101, 'shap_error': 0.0022543434637134563, 'shap_norm_sq': 36099.76370580298}
{'sample_size': 4040, 'difference': -94, 'noise': 0, 'n': 101, 'shap_error': 0.001150649277755506, 'shap_norm_sq': 36099.76370580298}
{'sample_size': 8080, 'difference': 8, 'noise': 0, 'n': 101, 'shap_error': 0.0005144275257105364, 'shap_norm_sq': 36099.76370580298}
{'sample_size': 16160, 'difference': 40, 'noise': 0, 'n': 101, 'shap_error': 0.00025402771187207245, 'shap_norm_sq': 36099.76370580298}
{'sample_size': 505, 'difference': 1, 'noise': 0, 'n': 101, 'shap_error': 0.03439173543308931, 'shap_norm_sq': 115202.0167338266}
{'sample_size': 1010, 'difference': 22, 'noise': 0, 'n': 101, 'shap_error': 0.014049642830834718, 'shap_norm_sq': 115202.0167338266}
{'sample_size': 2020, 'difference': -12, 'noise': 0, 'n': 101, 'shap_error': 0.004078567436135561, 'shap_norm_sq': 115202.0167338266}
{'sample_size': 4040, 'difference': 82, 'noise': 0, 'n': 101, 'shap_error': 0.0027273321314746812, 'shap_norm_sq': 115202.0167338266}
{'sample_size': 8080, 'difference': -44, 'noise': 0, 'n': 101, 'shap_error': 0.0014627338717703817, 'shap_norm_sq': 115202.0167338266}
{'sample_size': 16160, 'difference': -84, 'noise': 0, 'n': 101, 'shap_error': 0.0008466113617229499, 'shap_norm_sq': 115202.0167338266}
{'sample_size': 505, 'difference': -5, 'noise': 0, 'n': 101, 'shap_error': 0.10698866061596127, 'shap_norm_sq': 45790.27580792465}
{'sample_size': 1010, 'difference': -6, 'noise': 0, 'n': 101, 'shap_error': 0.036100357832113905, 'shap_norm_sq': 45790.27580792465}
{'sample_size': 2020, 'difference': 18, 'noise': 0, 'n': 101, 'shap_error': 0.012024611202042162, 'shap_norm_sq': 45790.27580792465}
{'sample_size': 4040, 'difference': -78, 'noise': 0, 'n': 101, 'shap_error': 0.00918496132593555, 'shap_norm_sq': 45790.27580792465}
{'sample_size': 8080, 'difference': -86, 'noise': 0, 'n': 101, 'shap_error': 0.004116260182330697, 'shap_norm_sq': 45790.27580792465}
{'sample_size': 16160, 'difference': -38, 'noise': 0, 'n': 101, 'shap_error': 0.001733734635222968, 'shap_norm_sq': 45790.27580792465}
{'sample_size': 505, 'difference': -1, 'noise': 0, 'n': 101, 'shap_error': 0.005127480405614235, 'shap_norm_sq': 132753.67474576674}
{'sample_size': 1010, 'difference': 18, 'noise': 0, 'n': 101, 'shap_error': 0.001521718387861265, 'shap_norm_sq': 132753.67474576674}
{'sample_size': 2020, 'difference': 36, 'noise': 0, 'n': 101, 'shap_error': 0.0008145770048340052, 'shap_norm_sq': 132753.67474576674}
{'sample_size': 4040, 'difference': -84, 'noise': 0, 'n': 101, 'shap_error': 0.00032172571895736627, 'shap_norm_sq': 132753.67474576674}
{'sample_size': 8080, 'difference': -168, 'noise': 0, 'n': 101, 'shap_error': 0.00019301213325856388, 'shap_norm_sq': 132753.67474576674}
{'sample_size': 16160, 'difference': 6, 'noise': 0, 'n': 101, 'shap_error': 7.386320503385312e-05, 'shap_norm_sq': 132753.67474576674}
{'sample_size': 505, 'difference': 17, 'noise': 0, 'n': 101, 'shap_error': 0.005181601962718684, 'shap_norm_sq': 84682.562817112}
{'sample_size': 1010, 'difference': -4, 'noise': 0, 'n': 101, 'shap_error': 0.0016510334054155417, 'shap_norm_sq': 84682.562817112}
{'sample_size': 2020, 'difference': -38, 'noise': 0, 'n': 101, 'shap_error': 0.000994581897987895, 'shap_norm_sq': 84682.562817112}
{'sample_size': 4040, 'difference': -58, 'noise': 0, 'n': 101, 'shap_error': 0.00046569013997108225, 'shap_norm_sq': 84682.562817112}
{'sample_size': 8080, 'difference': 42, 'noise': 0, 'n': 101, 'shap_error': 0.00020394738769907822, 'shap_norm_sq': 84682.562817112}
{'sample_size': 16160, 'difference': -70, 'noise': 0, 'n': 101, 'shap_error': 0.00012322650852857167, 'shap_norm_sq': 84682.562817112}
{'sample_size': 505, 'difference': 7, 'noise': 0, 'n': 101, 'shap_error': 0.07008727567013642, 'shap_norm_sq': 91042.72190449374}
{'sample_size': 1010, 'difference': -34, 'noise': 0, 'n': 101, 'shap_error': 0.021799638329380925, 'shap_norm_sq': 91042.72190449374}
{'sample_size': 2020, 'difference': 24, 'noise': 0, 'n': 101, 'shap_error': 0.009832386768443937, 'shap_norm_sq': 91042.72190449374}
{'sample_size': 4040, 'difference': -8, 'noise': 0, 'n': 101, 'shap_error': 0.004400161303007091, 'shap_norm_sq': 91042.72190449374}
{'sample_size': 8080, 'difference': 58, 'noise': 0, 'n': 101, 'shap_error': 0.0022555292602640564, 'shap_norm_sq': 91042.72190449374}
{'sample_size': 16160, 'difference': 28, 'noise': 0, 'n': 101, 'shap_error': 0.0009979527848149384, 'shap_norm_sq': 91042.72190449374}
{'sample_size': 505, 'difference': 35, 'noise': 0, 'n': 101, 'shap_error': 0.09191997795283981, 'shap_norm_sq': 31924.61122788529}
{'sample_size': 1010, 'difference': -54, 'noise': 0, 'n': 101, 'shap_error': 0.046888608754160975, 'shap_norm_sq': 31924.61122788529}
{'sample_size': 2020, 'difference': -50, 'noise': 0, 'n': 101, 'shap_error': 0.01612384429337637, 'shap_norm_sq': 31924.61122788529}
{'sample_size': 4040, 'difference': -38, 'noise': 0, 'n': 101, 'shap_error': 0.00959194443590076, 'shap_norm_sq': 31924.61122788529}
{'sample_size': 8080, 'difference': -92, 'noise': 0, 'n': 101, 'shap_error': 0.003991755568554216, 'shap_norm_sq': 31924.61122788529}
{'sample_size': 16160, 'difference': -106, 'noise': 0, 'n': 101, 'shap_error': 0.0024297591582585383, 'shap_norm_sq': 31924.61122788529}
{'sample_size': 505, 'difference': -15, 'noise': 0, 'n': 101, 'shap_error': 0.007122586162679696, 'shap_norm_sq': 65295.62464087013}
{'sample_size': 1010, 'difference': 0, 'noise': 0, 'n': 101, 'shap_error': 0.001968174298740212, 'shap_norm_sq': 65295.62464087013}
{'sample_size': 2020, 'difference': -38, 'noise': 0, 'n': 101, 'shap_error': 0.0012743595734531505, 'shap_norm_sq': 65295.62464087013}
{'sample_size': 4040, 'difference': -18, 'noise': 0, 'n': 101, 'shap_error': 0.0007519113197844238, 'shap_norm_sq': 65295.62464087013}
{'sample_size': 8080, 'difference': -102, 'noise': 0, 'n': 101, 'shap_error': 0.00021871014122424318, 'shap_norm_sq': 65295.62464087013}
{'sample_size': 16160, 'difference': -146, 'noise': 0, 'n': 101, 'shap_error': 0.00011453597702908124, 'shap_norm_sq': 65295.62464087013}
{'sample_size': 505, 'difference': -3, 'noise': 0, 'n': 101, 'shap_error': 0.01291398144361506, 'shap_norm_sq': 72052.76817577}
{'sample_size': 1010, 'difference': 26, 'noise': 0, 'n': 101, 'shap_error': 0.004297031705365345, 'shap_norm_sq': 72052.76817577}
{'sample_size': 2020, 'difference': -8, 'noise': 0, 'n': 101, 'shap_error': 0.001878279610288062, 'shap_norm_sq': 72052.76817577}
{'sample_size': 4040, 'difference': 8, 'noise': 0, 'n': 101, 'shap_error': 0.0011570551266504188, 'shap_norm_sq': 72052.76817577}
{'sample_size': 8080, 'difference': 44, 'noise': 0, 'n': 101, 'shap_error': 0.0007217834379911526, 'shap_norm_sq': 72052.76817577}
{'sample_size': 16160, 'difference': -12, 'noise': 0, 'n': 101, 'shap_error': 0.00018794193653031517, 'shap_norm_sq': 72052.76817577}
{'sample_size': 505, 'difference': 3, 'noise': 0, 'n': 101, 'shap_error': 0.012461102005955684, 'shap_norm_sq': 70712.29954211289}
{'sample_size': 1010, 'difference': 4, 'noise': 0, 'n': 101, 'shap_error': 0.0059920498721066666, 'shap_norm_sq': 70712.29954211289}
{'sample_size': 2020, 'difference': -22, 'noise': 0, 'n': 101, 'shap_error': 0.0023014756712351286, 'shap_norm_sq': 70712.29954211289}
{'sample_size': 4040, 'difference': 48, 'noise': 0, 'n': 101, 'shap_error': 0.001105633498838802, 'shap_norm_sq': 70712.29954211289}
{'sample_size': 8080, 'difference': -200, 'noise': 0, 'n': 101, 'shap_error': 0.00047211677431302794, 'shap_norm_sq': 70712.29954211289}
{'sample_size': 16160, 'difference': 22, 'noise': 0, 'n': 101, 'shap_error': 0.00036305091234293386, 'shap_norm_sq': 70712.29954211289}
{'sample_size': 505, 'difference': -19, 'noise': 0, 'n': 101, 'shap_error': 0.012856361168432265, 'shap_norm_sq': 62886.07402669771}
{'sample_size': 1010, 'difference': 8, 'noise': 0, 'n': 101, 'shap_error': 0.00498784803477321, 'shap_norm_sq': 62886.07402669771}
{'sample_size': 2020, 'difference': -48, 'noise': 0, 'n': 101, 'shap_error': 0.002436033906308112, 'shap_norm_sq': 62886.07402669771}
{'sample_size': 4040, 'difference': 44, 'noise': 0, 'n': 101, 'shap_error': 0.0009796325083225202, 'shap_norm_sq': 62886.07402669771}
{'sample_size': 8080, 'difference': -26, 'noise': 0, 'n': 101, 'shap_error': 0.0005341378663101903, 'shap_norm_sq': 62886.07402669771}
{'sample_size': 16160, 'difference': -138, 'noise': 0, 'n': 101, 'shap_error': 0.00025971251092568863, 'shap_norm_sq': 62886.07402669771}
{'sample_size': 505, 'difference': 15, 'noise': 0, 'n': 101, 'shap_error': 0.018719338790464356, 'shap_norm_sq': 112407.22898883176}
{'sample_size': 1010, 'difference': -30, 'noise': 0, 'n': 101, 'shap_error': 0.010440880691356992, 'shap_norm_sq': 112407.22898883176}
{'sample_size': 2020, 'difference': 10, 'noise': 0, 'n': 101, 'shap_error': 0.003168551168475667, 'shap_norm_sq': 112407.22898883176}
{'sample_size': 4040, 'difference': 52, 'noise': 0, 'n': 101, 'shap_error': 0.0015968462141608855, 'shap_norm_sq': 112407.22898883176}
{'sample_size': 8080, 'difference': -24, 'noise': 0, 'n': 101, 'shap_error': 0.0006886985390143149, 'shap_norm_sq': 112407.22898883176}
{'sample_size': 16160, 'difference': -4, 'noise': 0, 'n': 101, 'shap_error': 0.00028596117916809393, 'shap_norm_sq': 112407.22898883176}
{'sample_size': 505, 'difference': 5, 'noise': 0, 'n': 101, 'shap_error': 0.017660143586355526, 'shap_norm_sq': 45961.75729972129}
{'sample_size': 1010, 'difference': 2, 'noise': 0, 'n': 101, 'shap_error': 0.0071115028356816485, 'shap_norm_sq': 45961.75729972129}
{'sample_size': 2020, 'difference': -22, 'noise': 0, 'n': 101, 'shap_error': 0.0030394412711967347, 'shap_norm_sq': 45961.75729972129}
{'sample_size': 4040, 'difference': -22, 'noise': 0, 'n': 101, 'shap_error': 0.0012362723588937546, 'shap_norm_sq': 45961.75729972129}
{'sample_size': 8080, 'difference': 30, 'noise': 0, 'n': 101, 'shap_error': 0.0006221288205707309, 'shap_norm_sq': 45961.75729972129}
{'sample_size': 16160, 'difference': 132, 'noise': 0, 'n': 101, 'shap_error': 0.0002764399296540428, 'shap_norm_sq': 45961.75729972129}
{'sample_size': 505, 'difference': -21, 'noise': 0, 'n': 101, 'shap_error': 0.05887467093773019, 'shap_norm_sq': 139441.27744293964}
{'sample_size': 1010, 'difference': -12, 'noise': 0, 'n': 101, 'shap_error': 0.025244980716173336, 'shap_norm_sq': 139441.27744293964}
{'sample_size': 2020, 'difference': -64, 'noise': 0, 'n': 101, 'shap_error': 0.010552953449383434, 'shap_norm_sq': 139441.27744293964}
{'sample_size': 4040, 'difference': 50, 'noise': 0, 'n': 101, 'shap_error': 0.005186473684747001, 'shap_norm_sq': 139441.27744293964}
{'sample_size': 8080, 'difference': -82, 'noise': 0, 'n': 101, 'shap_error': 0.0030151340620529735, 'shap_norm_sq': 139441.27744293964}
{'sample_size': 16160, 'difference': -34, 'noise': 0, 'n': 101, 'shap_error': 0.001238211837482755, 'shap_norm_sq': 139441.27744293964}
{'sample_size': 505, 'difference': -25, 'noise': 0, 'n': 101, 'shap_error': 0.021483162348537557, 'shap_norm_sq': 55626.15607418063}
{'sample_size': 1010, 'difference': -30, 'noise': 0, 'n': 101, 'shap_error': 0.004764106281410628, 'shap_norm_sq': 55626.15607418063}
{'sample_size': 2020, 'difference': -38, 'noise': 0, 'n': 101, 'shap_error': 0.001990046816882775, 'shap_norm_sq': 55626.15607418063}
{'sample_size': 4040, 'difference': -104, 'noise': 0, 'n': 101, 'shap_error': 0.0012394310217425947, 'shap_norm_sq': 55626.15607418063}
{'sample_size': 8080, 'difference': -24, 'noise': 0, 'n': 101, 'shap_error': 0.00046983922790950393, 'shap_norm_sq': 55626.15607418063}
{'sample_size': 16160, 'difference': -160, 'noise': 0, 'n': 101, 'shap_error': 0.0002479477584561216, 'shap_norm_sq': 55626.15607418063}
{'sample_size': 505, 'difference': -15, 'noise': 0, 'n': 101, 'shap_error': 0.0677668212906505, 'shap_norm_sq': 424584.2223034383}
{'sample_size': 1010, 'difference': -12, 'noise': 0, 'n': 101, 'shap_error': 0.01767255465982008, 'shap_norm_sq': 424584.2223034383}
{'sample_size': 2020, 'difference': -74, 'noise': 0, 'n': 101, 'shap_error': 0.009524769787693446, 'shap_norm_sq': 424584.2223034383}
{'sample_size': 4040, 'difference': 32, 'noise': 0, 'n': 101, 'shap_error': 0.004565947785797353, 'shap_norm_sq': 424584.2223034383}
{'sample_size': 8080, 'difference': -106, 'noise': 0, 'n': 101, 'shap_error': 0.0019919288490253145, 'shap_norm_sq': 424584.2223034383}
{'sample_size': 16160, 'difference': -12, 'noise': 0, 'n': 101, 'shap_error': 0.0006163270884517354, 'shap_norm_sq': 424584.2223034383}
{'sample_size': 505, 'difference': 3, 'noise': 0, 'n': 101, 'shap_error': 0.010986275300300975, 'shap_norm_sq': 98138.75687108512}
{'sample_size': 1010, 'difference': -30, 'noise': 0, 'n': 101, 'shap_error': 0.006037288712022208, 'shap_norm_sq': 98138.75687108512}
{'sample_size': 2020, 'difference': -22, 'noise': 0, 'n': 101, 'shap_error': 0.00177155252527726, 'shap_norm_sq': 98138.75687108512}
{'sample_size': 4040, 'difference': -32, 'noise': 0, 'n': 101, 'shap_error': 0.001239176838333777, 'shap_norm_sq': 98138.75687108512}
{'sample_size': 8080, 'difference': -74, 'noise': 0, 'n': 101, 'shap_error': 0.00043361999687209935, 'shap_norm_sq': 98138.75687108512}
{'sample_size': 16160, 'difference': -88, 'noise': 0, 'n': 101, 'shap_error': 0.0002723620355092047, 'shap_norm_sq': 98138.75687108512}
{'sample_size': 505, 'difference': 23, 'noise': 0, 'n': 101, 'shap_error': 0.01630023359378879, 'shap_norm_sq': 81644.161193724}
{'sample_size': 1010, 'difference': -2, 'noise': 0, 'n': 101, 'shap_error': 0.005648194303985502, 'shap_norm_sq': 81644.161193724}
{'sample_size': 2020, 'difference': -54, 'noise': 0, 'n': 101, 'shap_error': 0.002934328459116465, 'shap_norm_sq': 81644.161193724}
{'sample_size': 4040, 'difference': -58, 'noise': 0, 'n': 101, 'shap_error': 0.0016291429916159238, 'shap_norm_sq': 81644.161193724}
{'sample_size': 8080, 'difference': -126, 'noise': 0, 'n': 101, 'shap_error': 0.0007113930686576378, 'shap_norm_sq': 81644.161193724}
{'sample_size': 16160, 'difference': -8, 'noise': 0, 'n': 101, 'shap_error': 0.00038269814637146475, 'shap_norm_sq': 81644.161193724}
{'sample_size': 505, 'difference': -45, 'noise': 0, 'n': 101, 'shap_error': 0.012982927664359364, 'shap_norm_sq': 45961.75729972129}
{'sample_size': 1010, 'difference': 22, 'noise': 0, 'n': 101, 'shap_error': 0.006896184280067998, 'shap_norm_sq': 45961.75729972129}
{'sample_size': 2020, 'difference': 78, 'noise': 0, 'n': 101, 'shap_error': 0.002771178744688154, 'shap_norm_sq': 45961.75729972129}
{'sample_size': 4040, 'difference': -32, 'noise': 0, 'n': 101, 'shap_error': 0.0012394744307550906, 'shap_norm_sq': 45961.75729972129}
{'sample_size': 8080, 'difference': -32, 'noise': 0, 'n': 101, 'shap_error': 0.0008011074168852389, 'shap_norm_sq': 45961.75729972129}
{'sample_size': 16160, 'difference': -44, 'noise': 0, 'n': 101, 'shap_error': 0.0002544108589310949, 'shap_norm_sq': 45961.75729972129}
{'sample_size': 505, 'difference': -13, 'noise': 0, 'n': 101, 'shap_error': 0.0639431846814563, 'shap_norm_sq': 198759.53121529022}
{'sample_size': 1010, 'difference': 8, 'noise': 0, 'n': 101, 'shap_error': 0.019855338244825316, 'shap_norm_sq': 198759.53121529022}
{'sample_size': 2020, 'difference': -64, 'noise': 0, 'n': 101, 'shap_error': 0.013371836336002868, 'shap_norm_sq': 198759.53121529022}
{'sample_size': 4040, 'difference': -38, 'noise': 0, 'n': 101, 'shap_error': 0.005266011330722729, 'shap_norm_sq': 198759.53121529022}
{'sample_size': 8080, 'difference': -144, 'noise': 0, 'n': 101, 'shap_error': 0.0021725767729804638, 'shap_norm_sq': 198759.53121529022}
{'sample_size': 16160, 'difference': 168, 'noise': 0, 'n': 101, 'shap_error': 0.0010251980439205152, 'shap_norm_sq': 198759.53121529022}
{'sample_size': 505, 'difference': -21, 'noise': 0, 'n': 101, 'shap_error': 0.012347781573134249, 'shap_norm_sq': 29652.772935067496}
{'sample_size': 1010, 'difference': -42, 'noise': 0, 'n': 101, 'shap_error': 0.005244475223164083, 'shap_norm_sq': 29652.772935067496}
{'sample_size': 2020, 'difference': -32, 'noise': 0, 'n': 101, 'shap_error': 0.0018632793714774072, 'shap_norm_sq': 29652.772935067496}
{'sample_size': 4040, 'difference': -4, 'noise': 0, 'n': 101, 'shap_error': 0.0008102602660325891, 'shap_norm_sq': 29652.772935067496}
{'sample_size': 8080, 'difference': -80, 'noise': 0, 'n': 101, 'shap_error': 0.0004671943018454244, 'shap_norm_sq': 29652.772935067496}
{'sample_size': 16160, 'difference': -44, 'noise': 0, 'n': 101, 'shap_error': 0.00018302764635999775, 'shap_norm_sq': 29652.772935067496}
{'sample_size': 505, 'difference': 11, 'noise': 0, 'n': 101, 'shap_error': 0.12397139687787563, 'shap_norm_sq': 124122.96892555564}
{'sample_size': 1010, 'difference': 18, 'noise': 0, 'n': 101, 'shap_error': 0.0499669989383614, 'shap_norm_sq': 124122.96892555564}
{'sample_size': 2020, 'difference': -48, 'noise': 0, 'n': 101, 'shap_error': 0.0211965667229825, 'shap_norm_sq': 124122.96892555564}
{'sample_size': 4040, 'difference': -42, 'noise': 0, 'n': 101, 'shap_error': 0.009175762628050166, 'shap_norm_sq': 124122.96892555564}
{'sample_size': 8080, 'difference': -78, 'noise': 0, 'n': 101, 'shap_error': 0.006065300739530055, 'shap_norm_sq': 124122.96892555564}
{'sample_size': 16160, 'difference': -72, 'noise': 0, 'n': 101, 'shap_error': 0.00222785278013874, 'shap_norm_sq': 124122.96892555564}
{'sample_size': 505, 'difference': 1, 'noise': 0, 'n': 101, 'shap_error': 0.08376426500450426, 'shap_norm_sq': 179690.4575834201}
{'sample_size': 1010, 'difference': -14, 'noise': 0, 'n': 101, 'shap_error': 0.02644779483396113, 'shap_norm_sq': 179690.4575834201}
{'sample_size': 2020, 'difference': -78, 'noise': 0, 'n': 101, 'shap_error': 0.011922961477602582, 'shap_norm_sq': 179690.4575834201}
{'sample_size': 4040, 'difference': -126, 'noise': 0, 'n': 101, 'shap_error': 0.006049519907298895, 'shap_norm_sq': 179690.4575834201}
{'sample_size': 8080, 'difference': -30, 'noise': 0, 'n': 101, 'shap_error': 0.0027203618141773247, 'shap_norm_sq': 179690.4575834201}
{'sample_size': 16160, 'difference': -150, 'noise': 0, 'n': 101, 'shap_error': 0.0012200522963575176, 'shap_norm_sq': 179690.4575834201}
{'sample_size': 505, 'difference': 3, 'noise': 0, 'n': 101, 'shap_error': 0.024522190821350102, 'shap_norm_sq': 65757.64895039165}
{'sample_size': 1010, 'difference': -8, 'noise': 0, 'n': 101, 'shap_error': 0.008282621734315078, 'shap_norm_sq': 65757.64895039165}
{'sample_size': 2020, 'difference': -16, 'noise': 0, 'n': 101, 'shap_error': 0.004013447201003314, 'shap_norm_sq': 65757.64895039165}
{'sample_size': 4040, 'difference': -60, 'noise': 0, 'n': 101, 'shap_error': 0.002059815168448072, 'shap_norm_sq': 65757.64895039165}
{'sample_size': 8080, 'difference': -28, 'noise': 0, 'n': 101, 'shap_error': 0.0007835713886161827, 'shap_norm_sq': 65757.64895039165}
{'sample_size': 16160, 'difference': 28, 'noise': 0, 'n': 101, 'shap_error': 0.00029337748424518165, 'shap_norm_sq': 65757.64895039165}
{'sample_size': 505, 'difference': -7, 'noise': 0, 'n': 101, 'shap_error': 0.07077616712330086, 'shap_norm_sq': 75442.7793079755}
{'sample_size': 1010, 'difference': -8, 'noise': 0, 'n': 101, 'shap_error': 0.023446570247209492, 'shap_norm_sq': 75442.7793079755}
{'sample_size': 2020, 'difference': -18, 'noise': 0, 'n': 101, 'shap_error': 0.009623596101582858, 'shap_norm_sq': 75442.7793079755}
{'sample_size': 4040, 'difference': 8, 'noise': 0, 'n': 101, 'shap_error': 0.0037151468317743928, 'shap_norm_sq': 75442.7793079755}
{'sample_size': 8080, 'difference': -20, 'noise': 0, 'n': 101, 'shap_error': 0.002034282217280959, 'shap_norm_sq': 75442.7793079755}
{'sample_size': 16160, 'difference': -190, 'noise': 0, 'n': 101, 'shap_error': 0.0010019187174105351, 'shap_norm_sq': 75442.7793079755}
{'sample_size': 505, 'difference': 13, 'noise': 0, 'n': 101, 'shap_error': 0.033783669492777814, 'shap_norm_sq': 125824.4900374413}
{'sample_size': 1010, 'difference': -18, 'noise': 0, 'n': 101, 'shap_error': 0.014301021425948648, 'shap_norm_sq': 125824.4900374413}
{'sample_size': 2020, 'difference': -54, 'noise': 0, 'n': 101, 'shap_error': 0.005245378797094747, 'shap_norm_sq': 125824.4900374413}
{'sample_size': 4040, 'difference': 12, 'noise': 0, 'n': 101, 'shap_error': 0.004281258157551253, 'shap_norm_sq': 125824.4900374413}
{'sample_size': 8080, 'difference': 62, 'noise': 0, 'n': 101, 'shap_error': 0.0015341770531798937, 'shap_norm_sq': 125824.4900374413}
{'sample_size': 16160, 'difference': -60, 'noise': 0, 'n': 101, 'shap_error': 0.0007428911195933165, 'shap_norm_sq': 125824.4900374413}
{'sample_size': 505, 'difference': -19, 'noise': 0, 'n': 101, 'shap_error': 0.01947012723063003, 'shap_norm_sq': 85506.83608772403}
{'sample_size': 1010, 'difference': -46, 'noise': 0, 'n': 101, 'shap_error': 0.00611902497823176, 'shap_norm_sq': 85506.83608772403}
{'sample_size': 2020, 'difference': -28, 'noise': 0, 'n': 101, 'shap_error': 0.002796051887397784, 'shap_norm_sq': 85506.83608772403}
{'sample_size': 4040, 'difference': -20, 'noise': 0, 'n': 101, 'shap_error': 0.0014224385795646784, 'shap_norm_sq': 85506.83608772403}
{'sample_size': 8080, 'difference': 32, 'noise': 0, 'n': 101, 'shap_error': 0.0005451020007718061, 'shap_norm_sq': 85506.83608772403}
{'sample_size': 16160, 'difference': 88, 'noise': 0, 'n': 101, 'shap_error': 0.00035390481477242845, 'shap_norm_sq': 85506.83608772403}
{'sample_size': 505, 'difference': -47, 'noise': 0, 'n': 101, 'shap_error': 0.0002775266224374244, 'shap_norm_sq': 59917.01979504082}
{'sample_size': 1010, 'difference': -50, 'noise': 0, 'n': 101, 'shap_error': 7.084695796785366e-05, 'shap_norm_sq': 59917.01979504082}
{'sample_size': 2020, 'difference': 22, 'noise': 0, 'n': 101, 'shap_error': 3.856612626490326e-05, 'shap_norm_sq': 59917.01979504082}
{'sample_size': 4040, 'difference': -112, 'noise': 0, 'n': 101, 'shap_error': 1.7369852954929498e-05, 'shap_norm_sq': 59917.01979504082}
{'sample_size': 8080, 'difference': -86, 'noise': 0, 'n': 101, 'shap_error': 9.884481404843202e-06, 'shap_norm_sq': 59917.01979504082}
{'sample_size': 16160, 'difference': -40, 'noise': 0, 'n': 101, 'shap_error': 4.473231060993366e-06, 'shap_norm_sq': 59917.01979504082}
{'sample_size': 505, 'difference': -13, 'noise': 0, 'n': 101, 'shap_error': 0.03944498475919891, 'shap_norm_sq': 73676.18200073119}
{'sample_size': 1010, 'difference': -8, 'noise': 0, 'n': 101, 'shap_error': 0.015530989166907238, 'shap_norm_sq': 73676.18200073119}
{'sample_size': 2020, 'difference': -6, 'noise': 0, 'n': 101, 'shap_error': 0.009021262159691606, 'shap_norm_sq': 73676.18200073119}
{'sample_size': 4040, 'difference': 2, 'noise': 0, 'n': 101, 'shap_error': 0.0032708605006809555, 'shap_norm_sq': 73676.18200073119}
{'sample_size': 8080, 'difference': -34, 'noise': 0, 'n': 101, 'shap_error': 0.0017311117670217751, 'shap_norm_sq': 73676.18200073119}
{'sample_size': 16160, 'difference': -36, 'noise': 0, 'n': 101, 'shap_error': 0.0009200795408230214, 'shap_norm_sq': 73676.18200073119}
{'sample_size': 505, 'difference': -3, 'noise': 0, 'n': 101, 'shap_error': 0.015601549970136018, 'shap_norm_sq': 66209.48623984122}
{'sample_size': 1010, 'difference': 2, 'noise': 0, 'n': 101, 'shap_error': 0.007298266796947093, 'shap_norm_sq': 66209.48623984122}
{'sample_size': 2020, 'difference': -12, 'noise': 0, 'n': 101, 'shap_error': 0.003364933253667958, 'shap_norm_sq': 66209.48623984122}
{'sample_size': 4040, 'difference': 42, 'noise': 0, 'n': 101, 'shap_error': 0.0014847020966377474, 'shap_norm_sq': 66209.48623984122}
{'sample_size': 8080, 'difference': -76, 'noise': 0, 'n': 101, 'shap_error': 0.0006121335489036649, 'shap_norm_sq': 66209.48623984122}
{'sample_size': 16160, 'difference': -140, 'noise': 0, 'n': 101, 'shap_error': 0.0004158197516226088, 'shap_norm_sq': 66209.48623984122}
{'sample_size': 1010, 'difference': 12, 'noise': 0.0005, 'n': 101, 'shap_error': 0.03250798860113868, 'shap_norm_sq': 59126.951380871506}
{'sample_size': 1010, 'difference': 0, 'noise': 0.001, 'n': 101, 'shap_error': 0.029739576031606093, 'shap_norm_sq': 59126.951380871506}
{'sample_size': 1010, 'difference': -2, 'noise': 0.005, 'n': 101, 'shap_error': 0.027389990009248646, 'shap_norm_sq': 59126.951380871506}
{'sample_size': 1010, 'difference': -18, 'noise': 0.01, 'n': 101, 'shap_error': 0.02642836720575895, 'shap_norm_sq': 59126.951380871506}
{'sample_size': 1010, 'difference': -26, 'noise': 0.05, 'n': 101, 'shap_error': 0.02801675614740159, 'shap_norm_sq': 59126.951380871506}
{'sample_size': 1010, 'difference': 0, 'noise': 0.1, 'n': 101, 'shap_error': 0.03350401482829386, 'shap_norm_sq': 59126.951380871506}
{'sample_size': 1010, 'difference': -6, 'noise': 0.5, 'n': 101, 'shap_error': 0.023131670645919988, 'shap_norm_sq': 59126.951380871506}
{'sample_size': 1010, 'difference': -6, 'noise': 1, 'n': 101, 'shap_error': 0.031952250331528285, 'shap_norm_sq': 59126.951380871506}
{'sample_size': 1010, 'difference': 14, 'noise': 0.0005, 'n': 101, 'shap_error': 0.004560989027275253, 'shap_norm_sq': 56114.82307307525}
{'sample_size': 1010, 'difference': 30, 'noise': 0.001, 'n': 101, 'shap_error': 0.004670175486738319, 'shap_norm_sq': 56114.82307307525}
{'sample_size': 1010, 'difference': 8, 'noise': 0.005, 'n': 101, 'shap_error': 0.005612716869401008, 'shap_norm_sq': 56114.82307307525}
{'sample_size': 1010, 'difference': -54, 'noise': 0.01, 'n': 101, 'shap_error': 0.0053305917802378006, 'shap_norm_sq': 56114.82307307525}
{'sample_size': 1010, 'difference': -38, 'noise': 0.05, 'n': 101, 'shap_error': 0.004906689229945035, 'shap_norm_sq': 56114.82307307525}
{'sample_size': 1010, 'difference': 40, 'noise': 0.1, 'n': 101, 'shap_error': 0.004765379574648648, 'shap_norm_sq': 56114.82307307525}
{'sample_size': 1010, 'difference': -18, 'noise': 0.5, 'n': 101, 'shap_error': 0.005727194634312248, 'shap_norm_sq': 56114.82307307525}
{'sample_size': 1010, 'difference': 12, 'noise': 1, 'n': 101, 'shap_error': 0.0069334796950723376, 'shap_norm_sq': 56114.82307307525}
{'sample_size': 1010, 'difference': -28, 'noise': 0.0005, 'n': 101, 'shap_error': 0.010950860424841925, 'shap_norm_sq': 123732.80055088935}
{'sample_size': 1010, 'difference': -34, 'noise': 0.001, 'n': 101, 'shap_error': 0.012124637164719666, 'shap_norm_sq': 123732.80055088935}
{'sample_size': 1010, 'difference': -2, 'noise': 0.005, 'n': 101, 'shap_error': 0.012504410248668113, 'shap_norm_sq': 123732.80055088935}
{'sample_size': 1010, 'difference': -30, 'noise': 0.01, 'n': 101, 'shap_error': 0.008733209685417758, 'shap_norm_sq': 123732.80055088935}
{'sample_size': 1010, 'difference': -6, 'noise': 0.05, 'n': 101, 'shap_error': 0.011965075413130112, 'shap_norm_sq': 123732.80055088935}
{'sample_size': 1010, 'difference': 22, 'noise': 0.1, 'n': 101, 'shap_error': 0.013756380834569627, 'shap_norm_sq': 123732.80055088935}
{'sample_size': 1010, 'difference': -22, 'noise': 0.5, 'n': 101, 'shap_error': 0.012945061301778806, 'shap_norm_sq': 123732.80055088935}
{'sample_size': 1010, 'difference': 20, 'noise': 1, 'n': 101, 'shap_error': 0.013678727328476236, 'shap_norm_sq': 123732.80055088935}
{'sample_size': 1010, 'difference': -18, 'noise': 0.0005, 'n': 101, 'shap_error': 0.030726478427034905, 'shap_norm_sq': 75323.89170692668}
{'sample_size': 1010, 'difference': -46, 'noise': 0.001, 'n': 101, 'shap_error': 0.02717743618122821, 'shap_norm_sq': 75323.89170692668}
{'sample_size': 1010, 'difference': -8, 'noise': 0.005, 'n': 101, 'shap_error': 0.02890290304530669, 'shap_norm_sq': 75323.89170692668}
{'sample_size': 1010, 'difference': -24, 'noise': 0.01, 'n': 101, 'shap_error': 0.028226872789972324, 'shap_norm_sq': 75323.89170692668}
{'sample_size': 1010, 'difference': 54, 'noise': 0.05, 'n': 101, 'shap_error': 0.027110055300320283, 'shap_norm_sq': 75323.89170692668}
{'sample_size': 1010, 'difference': 6, 'noise': 0.1, 'n': 101, 'shap_error': 0.030964981807451674, 'shap_norm_sq': 75323.89170692668}
{'sample_size': 1010, 'difference': -32, 'noise': 0.5, 'n': 101, 'shap_error': 0.03146594621456037, 'shap_norm_sq': 75323.89170692668}
{'sample_size': 1010, 'difference': 14, 'noise': 1, 'n': 101, 'shap_error': 0.02881061181113395, 'shap_norm_sq': 75323.89170692668}
{'sample_size': 1010, 'difference': -20, 'noise': 0.0005, 'n': 101, 'shap_error': 0.006864965621601408, 'shap_norm_sq': 64521.39943917334}
{'sample_size': 1010, 'difference': 10, 'noise': 0.001, 'n': 101, 'shap_error': 0.006177222681663482, 'shap_norm_sq': 64521.39943917334}
{'sample_size': 1010, 'difference': 0, 'noise': 0.005, 'n': 101, 'shap_error': 0.0056577868347207055, 'shap_norm_sq': 64521.39943917334}
{'sample_size': 1010, 'difference': 4, 'noise': 0.01, 'n': 101, 'shap_error': 0.005874074312871711, 'shap_norm_sq': 64521.39943917334}
{'sample_size': 1010, 'difference': 16, 'noise': 0.05, 'n': 101, 'shap_error': 0.006904441182918808, 'shap_norm_sq': 64521.39943917334}
{'sample_size': 1010, 'difference': 64, 'noise': 0.1, 'n': 101, 'shap_error': 0.00763299618824566, 'shap_norm_sq': 64521.39943917334}
{'sample_size': 1010, 'difference': -8, 'noise': 0.5, 'n': 101, 'shap_error': 0.007972263924499465, 'shap_norm_sq': 64521.39943917334}
{'sample_size': 1010, 'difference': 22, 'noise': 1, 'n': 101, 'shap_error': 0.0057577923640603716, 'shap_norm_sq': 64521.39943917334}
{'sample_size': 1010, 'difference': 20, 'noise': 0.0005, 'n': 101, 'shap_error': 0.017662311342589172, 'shap_norm_sq': 55014.228611529696}
{'sample_size': 1010, 'difference': -12, 'noise': 0.001, 'n': 101, 'shap_error': 0.018415047669452372, 'shap_norm_sq': 55014.228611529696}
{'sample_size': 1010, 'difference': -30, 'noise': 0.005, 'n': 101, 'shap_error': 0.016283468497090354, 'shap_norm_sq': 55014.228611529696}
{'sample_size': 1010, 'difference': 12, 'noise': 0.01, 'n': 101, 'shap_error': 0.015485433266016676, 'shap_norm_sq': 55014.228611529696}
{'sample_size': 1010, 'difference': 32, 'noise': 0.05, 'n': 101, 'shap_error': 0.015936722437217984, 'shap_norm_sq': 55014.228611529696}
{'sample_size': 1010, 'difference': -54, 'noise': 0.1, 'n': 101, 'shap_error': 0.02248251962040348, 'shap_norm_sq': 55014.228611529696}
{'sample_size': 1010, 'difference': 30, 'noise': 0.5, 'n': 101, 'shap_error': 0.02055550034066467, 'shap_norm_sq': 55014.228611529696}
{'sample_size': 1010, 'difference': -22, 'noise': 1, 'n': 101, 'shap_error': 0.02283583206483889, 'shap_norm_sq': 55014.228611529696}
{'sample_size': 1010, 'difference': -8, 'noise': 0.0005, 'n': 101, 'shap_error': 0.016964923171977495, 'shap_norm_sq': 59108.491020566165}
{'sample_size': 1010, 'difference': 46, 'noise': 0.001, 'n': 101, 'shap_error': 0.018050959179670294, 'shap_norm_sq': 59108.491020566165}
{'sample_size': 1010, 'difference': -16, 'noise': 0.005, 'n': 101, 'shap_error': 0.01977876083770621, 'shap_norm_sq': 59108.491020566165}
{'sample_size': 1010, 'difference': 4, 'noise': 0.01, 'n': 101, 'shap_error': 0.02600490542470644, 'shap_norm_sq': 59108.491020566165}
{'sample_size': 1010, 'difference': -2, 'noise': 0.05, 'n': 101, 'shap_error': 0.021170979325367684, 'shap_norm_sq': 59108.491020566165}
{'sample_size': 1010, 'difference': 2, 'noise': 0.1, 'n': 101, 'shap_error': 0.02325802216227734, 'shap_norm_sq': 59108.491020566165}
{'sample_size': 1010, 'difference': -8, 'noise': 0.5, 'n': 101, 'shap_error': 0.018839698096947643, 'shap_norm_sq': 59108.491020566165}
{'sample_size': 1010, 'difference': -6, 'noise': 1, 'n': 101, 'shap_error': 0.016685803962063022, 'shap_norm_sq': 59108.491020566165}
{'sample_size': 1010, 'difference': 26, 'noise': 0.0005, 'n': 101, 'shap_error': 0.005150267451165231, 'shap_norm_sq': 70563.89182048912}
{'sample_size': 1010, 'difference': -24, 'noise': 0.001, 'n': 101, 'shap_error': 0.0042982559808197604, 'shap_norm_sq': 70563.89182048912}
{'sample_size': 1010, 'difference': 32, 'noise': 0.005, 'n': 101, 'shap_error': 0.0032004903619138776, 'shap_norm_sq': 70563.89182048912}
{'sample_size': 1010, 'difference': 24, 'noise': 0.01, 'n': 101, 'shap_error': 0.005807292740404248, 'shap_norm_sq': 70563.89182048912}
{'sample_size': 1010, 'difference': 24, 'noise': 0.05, 'n': 101, 'shap_error': 0.004040669309553225, 'shap_norm_sq': 70563.89182048912}
{'sample_size': 1010, 'difference': -2, 'noise': 0.1, 'n': 101, 'shap_error': 0.003491490905840464, 'shap_norm_sq': 70563.89182048912}
{'sample_size': 1010, 'difference': -20, 'noise': 0.5, 'n': 101, 'shap_error': 0.0033432325999719174, 'shap_norm_sq': 70563.89182048912}
{'sample_size': 1010, 'difference': 36, 'noise': 1, 'n': 101, 'shap_error': 0.00455716684087175, 'shap_norm_sq': 70563.89182048912}
{'sample_size': 1010, 'difference': 10, 'noise': 0.0005, 'n': 101, 'shap_error': 0.001274681792016944, 'shap_norm_sq': 42515.97581372667}
{'sample_size': 1010, 'difference': 0, 'noise': 0.001, 'n': 101, 'shap_error': 0.0011065191703850182, 'shap_norm_sq': 42515.97581372667}
{'sample_size': 1010, 'difference': 28, 'noise': 0.005, 'n': 101, 'shap_error': 0.001042877008007374, 'shap_norm_sq': 42515.97581372667}
{'sample_size': 1010, 'difference': 10, 'noise': 0.01, 'n': 101, 'shap_error': 0.0016305236723703736, 'shap_norm_sq': 42515.97581372667}
{'sample_size': 1010, 'difference': -18, 'noise': 0.05, 'n': 101, 'shap_error': 0.0015550812421960198, 'shap_norm_sq': 42515.97581372667}
{'sample_size': 1010, 'difference': -4, 'noise': 0.1, 'n': 101, 'shap_error': 0.0014223416447873313, 'shap_norm_sq': 42515.97581372667}
{'sample_size': 1010, 'difference': 14, 'noise': 0.5, 'n': 101, 'shap_error': 0.0013853034636327937, 'shap_norm_sq': 42515.97581372667}
{'sample_size': 1010, 'difference': -30, 'noise': 1, 'n': 101, 'shap_error': 0.0013933004551539042, 'shap_norm_sq': 42515.97581372667}
{'sample_size': 1010, 'difference': 48, 'noise': 0.0005, 'n': 101, 'shap_error': 0.01992962999973921, 'shap_norm_sq': 57989.40208692046}
{'sample_size': 1010, 'difference': 4, 'noise': 0.001, 'n': 101, 'shap_error': 0.018937222019250938, 'shap_norm_sq': 57989.40208692046}
{'sample_size': 1010, 'difference': -18, 'noise': 0.005, 'n': 101, 'shap_error': 0.015270658199098938, 'shap_norm_sq': 57989.40208692046}
{'sample_size': 1010, 'difference': 20, 'noise': 0.01, 'n': 101, 'shap_error': 0.019928832450285167, 'shap_norm_sq': 57989.40208692046}
{'sample_size': 1010, 'difference': 18, 'noise': 0.05, 'n': 101, 'shap_error': 0.015964072916557822, 'shap_norm_sq': 57989.40208692046}
{'sample_size': 1010, 'difference': -16, 'noise': 0.1, 'n': 101, 'shap_error': 0.014555979814341723, 'shap_norm_sq': 57989.40208692046}
{'sample_size': 1010, 'difference': -6, 'noise': 0.5, 'n': 101, 'shap_error': 0.018435128403757047, 'shap_norm_sq': 57989.40208692046}
{'sample_size': 1010, 'difference': 12, 'noise': 1, 'n': 101, 'shap_error': 0.01261544720134632, 'shap_norm_sq': 57989.40208692046}
{'sample_size': 1010, 'difference': 20, 'noise': 0.0005, 'n': 101, 'shap_error': 0.007312920346731776, 'shap_norm_sq': 218736.90952783328}
{'sample_size': 1010, 'difference': -6, 'noise': 0.001, 'n': 101, 'shap_error': 0.0071865016579905055, 'shap_norm_sq': 218736.90952783328}
{'sample_size': 1010, 'difference': -8, 'noise': 0.005, 'n': 101, 'shap_error': 0.00636190609426319, 'shap_norm_sq': 218736.90952783328}
{'sample_size': 1010, 'difference': -32, 'noise': 0.01, 'n': 101, 'shap_error': 0.00524865068659172, 'shap_norm_sq': 218736.90952783328}
{'sample_size': 1010, 'difference': -58, 'noise': 0.05, 'n': 101, 'shap_error': 0.0069562077333421395, 'shap_norm_sq': 218736.90952783328}
{'sample_size': 1010, 'difference': -32, 'noise': 0.1, 'n': 101, 'shap_error': 0.006591292543154761, 'shap_norm_sq': 218736.90952783328}
{'sample_size': 1010, 'difference': -14, 'noise': 0.5, 'n': 101, 'shap_error': 0.005147003899723667, 'shap_norm_sq': 218736.90952783328}
{'sample_size': 1010, 'difference': -4, 'noise': 1, 'n': 101, 'shap_error': 0.005331611472161318, 'shap_norm_sq': 218736.90952783328}
{'sample_size': 1010, 'difference': -4, 'noise': 0.0005, 'n': 101, 'shap_error': 0.021481970855028613, 'shap_norm_sq': 64280.028071749155}
{'sample_size': 1010, 'difference': 6, 'noise': 0.001, 'n': 101, 'shap_error': 0.015228448958580835, 'shap_norm_sq': 64280.028071749155}
{'sample_size': 1010, 'difference': -26, 'noise': 0.005, 'n': 101, 'shap_error': 0.021249029892833254, 'shap_norm_sq': 64280.028071749155}
{'sample_size': 1010, 'difference': -28, 'noise': 0.01, 'n': 101, 'shap_error': 0.016053301636594974, 'shap_norm_sq': 64280.028071749155}
{'sample_size': 1010, 'difference': -32, 'noise': 0.05, 'n': 101, 'shap_error': 0.013877887280098962, 'shap_norm_sq': 64280.028071749155}
{'sample_size': 1010, 'difference': -42, 'noise': 0.1, 'n': 101, 'shap_error': 0.02179305379643343, 'shap_norm_sq': 64280.028071749155}
{'sample_size': 1010, 'difference': -40, 'noise': 0.5, 'n': 101, 'shap_error': 0.015577309190192706, 'shap_norm_sq': 64280.028071749155}
{'sample_size': 1010, 'difference': -8, 'noise': 1, 'n': 101, 'shap_error': 0.019548450904788118, 'shap_norm_sq': 64280.028071749155}
{'sample_size': 1010, 'difference': -34, 'noise': 0.0005, 'n': 101, 'shap_error': 0.004782854324521972, 'shap_norm_sq': 79156.80629839945}
{'sample_size': 1010, 'difference': -24, 'noise': 0.001, 'n': 101, 'shap_error': 0.003936181257596288, 'shap_norm_sq': 79156.80629839945}
{'sample_size': 1010, 'difference': 14, 'noise': 0.005, 'n': 101, 'shap_error': 0.0050287638597728505, 'shap_norm_sq': 79156.80629839945}
{'sample_size': 1010, 'difference': 56, 'noise': 0.01, 'n': 101, 'shap_error': 0.004396233499727782, 'shap_norm_sq': 79156.80629839945}
{'sample_size': 1010, 'difference': 16, 'noise': 0.05, 'n': 101, 'shap_error': 0.0028189699821276944, 'shap_norm_sq': 79156.80629839945}
{'sample_size': 1010, 'difference': -12, 'noise': 0.1, 'n': 101, 'shap_error': 0.005780492838147479, 'shap_norm_sq': 79156.80629839945}
{'sample_size': 1010, 'difference': 16, 'noise': 0.5, 'n': 101, 'shap_error': 0.0044993613112985845, 'shap_norm_sq': 79156.80629839945}
{'sample_size': 1010, 'difference': -14, 'noise': 1, 'n': 101, 'shap_error': 0.004074564179556868, 'shap_norm_sq': 79156.80629839945}
{'sample_size': 1010, 'difference': -16, 'noise': 0.0005, 'n': 101, 'shap_error': 0.007825623841901556, 'shap_norm_sq': 59602.05839434324}
{'sample_size': 1010, 'difference': -40, 'noise': 0.001, 'n': 101, 'shap_error': 0.00961821435655783, 'shap_norm_sq': 59602.05839434324}
{'sample_size': 1010, 'difference': -16, 'noise': 0.005, 'n': 101, 'shap_error': 0.00631795408831037, 'shap_norm_sq': 59602.05839434324}
{'sample_size': 1010, 'difference': -8, 'noise': 0.01, 'n': 101, 'shap_error': 0.010487152075349336, 'shap_norm_sq': 59602.05839434324}
{'sample_size': 1010, 'difference': 54, 'noise': 0.05, 'n': 101, 'shap_error': 0.009692443771364667, 'shap_norm_sq': 59602.05839434324}
{'sample_size': 1010, 'difference': 38, 'noise': 0.1, 'n': 101, 'shap_error': 0.010180391760652935, 'shap_norm_sq': 59602.05839434324}
{'sample_size': 1010, 'difference': -20, 'noise': 0.5, 'n': 101, 'shap_error': 0.010174963559136812, 'shap_norm_sq': 59602.05839434324}
{'sample_size': 1010, 'difference': -14, 'noise': 1, 'n': 101, 'shap_error': 0.00748035308087755, 'shap_norm_sq': 59602.05839434324}
{'sample_size': 1010, 'difference': 26, 'noise': 0.0005, 'n': 101, 'shap_error': 0.06818285270995143, 'shap_norm_sq': 73074.2043817374}
{'sample_size': 1010, 'difference': -34, 'noise': 0.001, 'n': 101, 'shap_error': 0.0861009764558112, 'shap_norm_sq': 73074.2043817374}
{'sample_size': 1010, 'difference': 14, 'noise': 0.005, 'n': 101, 'shap_error': 0.06392997456297726, 'shap_norm_sq': 73074.2043817374}
{'sample_size': 1010, 'difference': -38, 'noise': 0.01, 'n': 101, 'shap_error': 0.07148030458867967, 'shap_norm_sq': 73074.2043817374}
{'sample_size': 1010, 'difference': 4, 'noise': 0.05, 'n': 101, 'shap_error': 0.05701380437780182, 'shap_norm_sq': 73074.2043817374}
{'sample_size': 1010, 'difference': 6, 'noise': 0.1, 'n': 101, 'shap_error': 0.06055434856451881, 'shap_norm_sq': 73074.2043817374}
{'sample_size': 1010, 'difference': 12, 'noise': 0.5, 'n': 101, 'shap_error': 0.06976177016190488, 'shap_norm_sq': 73074.2043817374}
{'sample_size': 1010, 'difference': -14, 'noise': 1, 'n': 101, 'shap_error': 0.07163882636610334, 'shap_norm_sq': 73074.2043817374}
{'sample_size': 1010, 'difference': 26, 'noise': 0.0005, 'n': 101, 'shap_error': 0.007694311340155668, 'shap_norm_sq': 379988.59932513384}
{'sample_size': 1010, 'difference': -60, 'noise': 0.001, 'n': 101, 'shap_error': 0.011074090598657311, 'shap_norm_sq': 379988.59932513384}
{'sample_size': 1010, 'difference': -68, 'noise': 0.005, 'n': 101, 'shap_error': 0.007918011450189087, 'shap_norm_sq': 379988.59932513384}
{'sample_size': 1010, 'difference': -18, 'noise': 0.01, 'n': 101, 'shap_error': 0.007459868338939906, 'shap_norm_sq': 379988.59932513384}
{'sample_size': 1010, 'difference': 8, 'noise': 0.05, 'n': 101, 'shap_error': 0.005903686329041219, 'shap_norm_sq': 379988.59932513384}
{'sample_size': 1010, 'difference': -24, 'noise': 0.1, 'n': 101, 'shap_error': 0.0069979790095987164, 'shap_norm_sq': 379988.59932513384}
{'sample_size': 1010, 'difference': 22, 'noise': 0.5, 'n': 101, 'shap_error': 0.006932137588694882, 'shap_norm_sq': 379988.59932513384}
{'sample_size': 1010, 'difference': 2, 'noise': 1, 'n': 101, 'shap_error': 0.006643413379003647, 'shap_norm_sq': 379988.59932513384}
{'sample_size': 1010, 'difference': -20, 'noise': 0.0005, 'n': 101, 'shap_error': 0.016876785770660215, 'shap_norm_sq': 56690.81825222265}
{'sample_size': 1010, 'difference': 10, 'noise': 0.001, 'n': 101, 'shap_error': 0.013983472238432902, 'shap_norm_sq': 56690.81825222265}
{'sample_size': 1010, 'difference': 10, 'noise': 0.005, 'n': 101, 'shap_error': 0.016857898889776762, 'shap_norm_sq': 56690.81825222265}
{'sample_size': 1010, 'difference': 36, 'noise': 0.01, 'n': 101, 'shap_error': 0.015484542242656286, 'shap_norm_sq': 56690.81825222265}
{'sample_size': 1010, 'difference': 8, 'noise': 0.05, 'n': 101, 'shap_error': 0.012118963737632531, 'shap_norm_sq': 56690.81825222265}
{'sample_size': 1010, 'difference': -8, 'noise': 0.1, 'n': 101, 'shap_error': 0.013129735411403453, 'shap_norm_sq': 56690.81825222265}
{'sample_size': 1010, 'difference': -46, 'noise': 0.5, 'n': 101, 'shap_error': 0.01440669030094104, 'shap_norm_sq': 56690.81825222265}
{'sample_size': 1010, 'difference': 14, 'noise': 1, 'n': 101, 'shap_error': 0.02132751991433272, 'shap_norm_sq': 56690.81825222265}
{'sample_size': 1010, 'difference': 10, 'noise': 0.0005, 'n': 101, 'shap_error': 0.006769425458411582, 'shap_norm_sq': 58010.756053934965}
{'sample_size': 1010, 'difference': -8, 'noise': 0.001, 'n': 101, 'shap_error': 0.004294748329474263, 'shap_norm_sq': 58010.756053934965}
{'sample_size': 1010, 'difference': -4, 'noise': 0.005, 'n': 101, 'shap_error': 0.0063544597867212435, 'shap_norm_sq': 58010.756053934965}
{'sample_size': 1010, 'difference': -26, 'noise': 0.01, 'n': 101, 'shap_error': 0.005166606584327357, 'shap_norm_sq': 58010.756053934965}
{'sample_size': 1010, 'difference': 0, 'noise': 0.05, 'n': 101, 'shap_error': 0.007599236761411706, 'shap_norm_sq': 58010.756053934965}
{'sample_size': 1010, 'difference': 58, 'noise': 0.1, 'n': 101, 'shap_error': 0.0051312097557160525, 'shap_norm_sq': 58010.756053934965}
{'sample_size': 1010, 'difference': -10, 'noise': 0.5, 'n': 101, 'shap_error': 0.005769651719377094, 'shap_norm_sq': 58010.756053934965}
{'sample_size': 1010, 'difference': -14, 'noise': 1, 'n': 101, 'shap_error': 0.007820757763392465, 'shap_norm_sq': 58010.756053934965}
{'sample_size': 1010, 'difference': -42, 'noise': 0.0005, 'n': 101, 'shap_error': 4.824234756110945e-05, 'shap_norm_sq': 28612.152929676366}
{'sample_size': 1010, 'difference': -8, 'noise': 0.001, 'n': 101, 'shap_error': 5.9086584250237745e-05, 'shap_norm_sq': 28612.152929676366}
{'sample_size': 1010, 'difference': -18, 'noise': 0.005, 'n': 101, 'shap_error': 7.001192943577482e-05, 'shap_norm_sq': 28612.152929676366}
{'sample_size': 1010, 'difference': 28, 'noise': 0.01, 'n': 101, 'shap_error': 5.1460577960513296e-05, 'shap_norm_sq': 28612.152929676366}
{'sample_size': 1010, 'difference': 16, 'noise': 0.05, 'n': 101, 'shap_error': 5.921096178361279e-05, 'shap_norm_sq': 28612.152929676366}
{'sample_size': 1010, 'difference': -12, 'noise': 0.1, 'n': 101, 'shap_error': 4.824420156266697e-05, 'shap_norm_sq': 28612.152929676366}
{'sample_size': 1010, 'difference': 4, 'noise': 0.5, 'n': 101, 'shap_error': 8.63134745230371e-05, 'shap_norm_sq': 28612.152929676366}
{'sample_size': 1010, 'difference': 34, 'noise': 1, 'n': 101, 'shap_error': 0.00016929085498699117, 'shap_norm_sq': 28612.152929676366}
{'sample_size': 1010, 'difference': -32, 'noise': 0.0005, 'n': 101, 'shap_error': 0.004964338770831221, 'shap_norm_sq': 72623.21294999527}
{'sample_size': 1010, 'difference': 20, 'noise': 0.001, 'n': 101, 'shap_error': 0.003974271740137283, 'shap_norm_sq': 72623.21294999527}
{'sample_size': 1010, 'difference': -12, 'noise': 0.005, 'n': 101, 'shap_error': 0.00585219773184426, 'shap_norm_sq': 72623.21294999527}
{'sample_size': 1010, 'difference': 32, 'noise': 0.01, 'n': 101, 'shap_error': 0.004410360134463253, 'shap_norm_sq': 72623.21294999527}
{'sample_size': 1010, 'difference': -8, 'noise': 0.05, 'n': 101, 'shap_error': 0.005515370527993071, 'shap_norm_sq': 72623.21294999527}
{'sample_size': 1010, 'difference': 20, 'noise': 0.1, 'n': 101, 'shap_error': 0.0042577048362459876, 'shap_norm_sq': 72623.21294999527}
{'sample_size': 1010, 'difference': -38, 'noise': 0.5, 'n': 101, 'shap_error': 0.005316754744550014, 'shap_norm_sq': 72623.21294999527}
{'sample_size': 1010, 'difference': 0, 'noise': 1, 'n': 101, 'shap_error': 0.0067462162389453515, 'shap_norm_sq': 72623.21294999527}
{'sample_size': 1010, 'difference': 16, 'noise': 0.0005, 'n': 101, 'shap_error': 0.016002506088293608, 'shap_norm_sq': 585818.9618428921}
{'sample_size': 1010, 'difference': -2, 'noise': 0.001, 'n': 101, 'shap_error': 0.016825999472055493, 'shap_norm_sq': 585818.9618428921}
{'sample_size': 1010, 'difference': -18, 'noise': 0.005, 'n': 101, 'shap_error': 0.018723309694997015, 'shap_norm_sq': 585818.9618428921}
{'sample_size': 1010, 'difference': -32, 'noise': 0.01, 'n': 101, 'shap_error': 0.01676788462053749, 'shap_norm_sq': 585818.9618428921}
{'sample_size': 1010, 'difference': -44, 'noise': 0.05, 'n': 101, 'shap_error': 0.014103990472949713, 'shap_norm_sq': 585818.9618428921}
{'sample_size': 1010, 'difference': -4, 'noise': 0.1, 'n': 101, 'shap_error': 0.01753985630899081, 'shap_norm_sq': 585818.9618428921}
{'sample_size': 1010, 'difference': 30, 'noise': 0.5, 'n': 101, 'shap_error': 0.016410610074936993, 'shap_norm_sq': 585818.9618428921}
{'sample_size': 1010, 'difference': 30, 'noise': 1, 'n': 101, 'shap_error': 0.01442915670002911, 'shap_norm_sq': 585818.9618428921}
{'sample_size': 1010, 'difference': -16, 'noise': 0.0005, 'n': 101, 'shap_error': 0.006346645264032515, 'shap_norm_sq': 59056.80155040595}
{'sample_size': 1010, 'difference': -36, 'noise': 0.001, 'n': 101, 'shap_error': 0.007178733919433221, 'shap_norm_sq': 59056.80155040595}
{'sample_size': 1010, 'difference': 46, 'noise': 0.005, 'n': 101, 'shap_error': 0.006804481513322565, 'shap_norm_sq': 59056.80155040595}
{'sample_size': 1010, 'difference': -4, 'noise': 0.01, 'n': 101, 'shap_error': 0.006438851836068511, 'shap_norm_sq': 59056.80155040595}
{'sample_size': 1010, 'difference': 0, 'noise': 0.05, 'n': 101, 'shap_error': 0.005675804464693513, 'shap_norm_sq': 59056.80155040595}
{'sample_size': 1010, 'difference': -24, 'noise': 0.1, 'n': 101, 'shap_error': 0.007296212046722695, 'shap_norm_sq': 59056.80155040595}
{'sample_size': 1010, 'difference': -2, 'noise': 0.5, 'n': 101, 'shap_error': 0.0065439530606358235, 'shap_norm_sq': 59056.80155040595}
{'sample_size': 1010, 'difference': -36, 'noise': 1, 'n': 101, 'shap_error': 0.005963637076666157, 'shap_norm_sq': 59056.80155040595}
{'sample_size': 1010, 'difference': -48, 'noise': 0.0005, 'n': 101, 'shap_error': 0.021170781774472878, 'shap_norm_sq': 68105.12030796155}
{'sample_size': 1010, 'difference': -14, 'noise': 0.001, 'n': 101, 'shap_error': 0.02617739924478509, 'shap_norm_sq': 68105.12030796155}
{'sample_size': 1010, 'difference': -4, 'noise': 0.005, 'n': 101, 'shap_error': 0.01743885648302018, 'shap_norm_sq': 68105.12030796155}
{'sample_size': 1010, 'difference': 10, 'noise': 0.01, 'n': 101, 'shap_error': 0.020996999439338655, 'shap_norm_sq': 68105.12030796155}
{'sample_size': 1010, 'difference': -58, 'noise': 0.05, 'n': 101, 'shap_error': 0.0199698935647617, 'shap_norm_sq': 68105.12030796155}
{'sample_size': 1010, 'difference': 4, 'noise': 0.1, 'n': 101, 'shap_error': 0.026736765936852456, 'shap_norm_sq': 68105.12030796155}
{'sample_size': 1010, 'difference': 12, 'noise': 0.5, 'n': 101, 'shap_error': 0.0286447955430792, 'shap_norm_sq': 68105.12030796155}
{'sample_size': 1010, 'difference': 4, 'noise': 1, 'n': 101, 'shap_error': 0.02790875273668106, 'shap_norm_sq': 68105.12030796155}
{'sample_size': 1010, 'difference': 6, 'noise': 0.0005, 'n': 101, 'shap_error': 0.02123794919934093, 'shap_norm_sq': 139441.27744293964}
{'sample_size': 1010, 'difference': -26, 'noise': 0.001, 'n': 101, 'shap_error': 0.022661020922876696, 'shap_norm_sq': 139441.27744293964}
{'sample_size': 1010, 'difference': -18, 'noise': 0.005, 'n': 101, 'shap_error': 0.024115143392470437, 'shap_norm_sq': 139441.27744293964}
{'sample_size': 1010, 'difference': -32, 'noise': 0.01, 'n': 101, 'shap_error': 0.02165355987321003, 'shap_norm_sq': 139441.27744293964}
{'sample_size': 1010, 'difference': 2, 'noise': 0.05, 'n': 101, 'shap_error': 0.02402918201317628, 'shap_norm_sq': 139441.27744293964}
{'sample_size': 1010, 'difference': 30, 'noise': 0.1, 'n': 101, 'shap_error': 0.01606789460302464, 'shap_norm_sq': 139441.27744293964}
{'sample_size': 1010, 'difference': -46, 'noise': 0.5, 'n': 101, 'shap_error': 0.0211327344479161, 'shap_norm_sq': 139441.27744293964}
{'sample_size': 1010, 'difference': 44, 'noise': 1, 'n': 101, 'shap_error': 0.026650696706737732, 'shap_norm_sq': 139441.27744293964}
{'sample_size': 1010, 'difference': -30, 'noise': 0.0005, 'n': 101, 'shap_error': 0.034482054572554266, 'shap_norm_sq': 167533.94330480884}
{'sample_size': 1010, 'difference': -20, 'noise': 0.001, 'n': 101, 'shap_error': 0.031133578852765853, 'shap_norm_sq': 167533.94330480884}
{'sample_size': 1010, 'difference': -44, 'noise': 0.005, 'n': 101, 'shap_error': 0.019989403948704885, 'shap_norm_sq': 167533.94330480884}
{'sample_size': 1010, 'difference': 10, 'noise': 0.01, 'n': 101, 'shap_error': 0.03039417637783099, 'shap_norm_sq': 167533.94330480884}
{'sample_size': 1010, 'difference': 16, 'noise': 0.05, 'n': 101, 'shap_error': 0.030277307457024637, 'shap_norm_sq': 167533.94330480884}
{'sample_size': 1010, 'difference': 34, 'noise': 0.1, 'n': 101, 'shap_error': 0.026820023881198633, 'shap_norm_sq': 167533.94330480884}
{'sample_size': 1010, 'difference': -22, 'noise': 0.5, 'n': 101, 'shap_error': 0.03349343875765622, 'shap_norm_sq': 167533.94330480884}
{'sample_size': 1010, 'difference': -12, 'noise': 1, 'n': 101, 'shap_error': 0.03211376107133546, 'shap_norm_sq': 167533.94330480884}
{'sample_size': 1010, 'difference': 42, 'noise': 0.0005, 'n': 101, 'shap_error': 0.016104289057657425, 'shap_norm_sq': 56582.391996151935}
{'sample_size': 1010, 'difference': 6, 'noise': 0.001, 'n': 101, 'shap_error': 0.016887278232589155, 'shap_norm_sq': 56582.391996151935}
{'sample_size': 1010, 'difference': -2, 'noise': 0.005, 'n': 101, 'shap_error': 0.015381813273261519, 'shap_norm_sq': 56582.391996151935}
{'sample_size': 1010, 'difference': 4, 'noise': 0.01, 'n': 101, 'shap_error': 0.01778495971773808, 'shap_norm_sq': 56582.391996151935}
{'sample_size': 1010, 'difference': -26, 'noise': 0.05, 'n': 101, 'shap_error': 0.014647585291355838, 'shap_norm_sq': 56582.391996151935}
{'sample_size': 1010, 'difference': -64, 'noise': 0.1, 'n': 101, 'shap_error': 0.019336144224529696, 'shap_norm_sq': 56582.391996151935}
{'sample_size': 1010, 'difference': -2, 'noise': 0.5, 'n': 101, 'shap_error': 0.013707102596747234, 'shap_norm_sq': 56582.391996151935}
{'sample_size': 1010, 'difference': 4, 'noise': 1, 'n': 101, 'shap_error': 0.01636976383245684, 'shap_norm_sq': 56582.391996151935}
{'sample_size': 1010, 'difference': -16, 'noise': 0.0005, 'n': 101, 'shap_error': 0.008406924780083895, 'shap_norm_sq': 64877.84173911159}
{'sample_size': 1010, 'difference': -6, 'noise': 0.001, 'n': 101, 'shap_error': 0.00863655163139595, 'shap_norm_sq': 64877.84173911159}
{'sample_size': 1010, 'difference': 0, 'noise': 0.005, 'n': 101, 'shap_error': 0.009226913241933343, 'shap_norm_sq': 64877.84173911159}
{'sample_size': 1010, 'difference': -20, 'noise': 0.01, 'n': 101, 'shap_error': 0.006964782954359536, 'shap_norm_sq': 64877.84173911159}
{'sample_size': 1010, 'difference': -6, 'noise': 0.05, 'n': 101, 'shap_error': 0.007963860313452918, 'shap_norm_sq': 64877.84173911159}
{'sample_size': 1010, 'difference': -2, 'noise': 0.1, 'n': 101, 'shap_error': 0.0069696885831409, 'shap_norm_sq': 64877.84173911159}
{'sample_size': 1010, 'difference': -36, 'noise': 0.5, 'n': 101, 'shap_error': 0.007278888257132075, 'shap_norm_sq': 64877.84173911159}
{'sample_size': 1010, 'difference': -14, 'noise': 1, 'n': 101, 'shap_error': 0.008667606891214123, 'shap_norm_sq': 64877.84173911159}
{'sample_size': 1010, 'difference': -30, 'noise': 0.0005, 'n': 101, 'shap_error': 0.01075206493534819, 'shap_norm_sq': 91655.66755265628}
{'sample_size': 1010, 'difference': -2, 'noise': 0.001, 'n': 101, 'shap_error': 0.01567204674336584, 'shap_norm_sq': 91655.66755265628}
{'sample_size': 1010, 'difference': -60, 'noise': 0.005, 'n': 101, 'shap_error': 0.01426778837127891, 'shap_norm_sq': 91655.66755265628}
{'sample_size': 1010, 'difference': -16, 'noise': 0.01, 'n': 101, 'shap_error': 0.010940351715069366, 'shap_norm_sq': 91655.66755265628}
{'sample_size': 1010, 'difference': -22, 'noise': 0.05, 'n': 101, 'shap_error': 0.012742558030222098, 'shap_norm_sq': 91655.66755265628}
{'sample_size': 1010, 'difference': -46, 'noise': 0.1, 'n': 101, 'shap_error': 0.012407464901630739, 'shap_norm_sq': 91655.66755265628}
{'sample_size': 1010, 'difference': -60, 'noise': 0.5, 'n': 101, 'shap_error': 0.01594676444576753, 'shap_norm_sq': 91655.66755265628}
{'sample_size': 1010, 'difference': 6, 'noise': 1, 'n': 101, 'shap_error': 0.01281924217284721, 'shap_norm_sq': 91655.66755265628}
{'sample_size': 1010, 'difference': -6, 'noise': 0.0005, 'n': 101, 'shap_error': 0.004742398984112711, 'shap_norm_sq': 65852.8644272331}
{'sample_size': 1010, 'difference': -24, 'noise': 0.001, 'n': 101, 'shap_error': 0.0043265028797832734, 'shap_norm_sq': 65852.8644272331}
{'sample_size': 1010, 'difference': 22, 'noise': 0.005, 'n': 101, 'shap_error': 0.0041824159239676455, 'shap_norm_sq': 65852.8644272331}
{'sample_size': 1010, 'difference': -44, 'noise': 0.01, 'n': 101, 'shap_error': 0.005928332809201973, 'shap_norm_sq': 65852.8644272331}
{'sample_size': 1010, 'difference': -12, 'noise': 0.05, 'n': 101, 'shap_error': 0.004814601974844041, 'shap_norm_sq': 65852.8644272331}
{'sample_size': 1010, 'difference': 16, 'noise': 0.1, 'n': 101, 'shap_error': 0.005702944150955354, 'shap_norm_sq': 65852.8644272331}
{'sample_size': 1010, 'difference': 20, 'noise': 0.5, 'n': 101, 'shap_error': 0.0038636343707730628, 'shap_norm_sq': 65852.8644272331}
{'sample_size': 1010, 'difference': -2, 'noise': 1, 'n': 101, 'shap_error': 0.0030964606527808624, 'shap_norm_sq': 65852.8644272331}
{'sample_size': 1010, 'difference': -52, 'noise': 0.0005, 'n': 101, 'shap_error': 0.008721158265826687, 'shap_norm_sq': 68578.74388306007}
{'sample_size': 1010, 'difference': -30, 'noise': 0.001, 'n': 101, 'shap_error': 0.0096245871797685, 'shap_norm_sq': 68578.74388306007}
{'sample_size': 1010, 'difference': 20, 'noise': 0.005, 'n': 101, 'shap_error': 0.007122608544728708, 'shap_norm_sq': 68578.74388306007}
{'sample_size': 1010, 'difference': 4, 'noise': 0.01, 'n': 101, 'shap_error': 0.009443753922234059, 'shap_norm_sq': 68578.74388306007}
{'sample_size': 1010, 'difference': -12, 'noise': 0.05, 'n': 101, 'shap_error': 0.00943176027777993, 'shap_norm_sq': 68578.74388306007}
{'sample_size': 1010, 'difference': -4, 'noise': 0.1, 'n': 101, 'shap_error': 0.009619179506813652, 'shap_norm_sq': 68578.74388306007}
{'sample_size': 1010, 'difference': -46, 'noise': 0.5, 'n': 101, 'shap_error': 0.010318271715242258, 'shap_norm_sq': 68578.74388306007}
{'sample_size': 1010, 'difference': -24, 'noise': 1, 'n': 101, 'shap_error': 0.009200643505895924, 'shap_norm_sq': 68578.74388306007}
{'sample_size': 1010, 'difference': -30, 'noise': 0.0005, 'n': 101, 'shap_error': 0.009047762712163898, 'shap_norm_sq': 15436.66169381117}
{'sample_size': 1010, 'difference': -30, 'noise': 0.001, 'n': 101, 'shap_error': 0.006055705525733978, 'shap_norm_sq': 15436.66169381117}
{'sample_size': 1010, 'difference': -6, 'noise': 0.005, 'n': 101, 'shap_error': 0.005644236994104365, 'shap_norm_sq': 15436.66169381117}
{'sample_size': 1010, 'difference': -20, 'noise': 0.01, 'n': 101, 'shap_error': 0.005527686926668285, 'shap_norm_sq': 15436.66169381117}
{'sample_size': 1010, 'difference': 10, 'noise': 0.05, 'n': 101, 'shap_error': 0.005537360860772775, 'shap_norm_sq': 15436.66169381117}
{'sample_size': 1010, 'difference': 20, 'noise': 0.1, 'n': 101, 'shap_error': 0.006421717610257234, 'shap_norm_sq': 15436.66169381117}
{'sample_size': 1010, 'difference': -34, 'noise': 0.5, 'n': 101, 'shap_error': 0.006272204234892547, 'shap_norm_sq': 15436.66169381117}
{'sample_size': 1010, 'difference': -28, 'noise': 1, 'n': 101, 'shap_error': 0.005944524024390723, 'shap_norm_sq': 15436.66169381117}
{'sample_size': 1010, 'difference': 30, 'noise': 0.0005, 'n': 101, 'shap_error': 0.008609186124761392, 'shap_norm_sq': 59988.42633215804}
{'sample_size': 1010, 'difference': -20, 'noise': 0.001, 'n': 101, 'shap_error': 0.009542652091300969, 'shap_norm_sq': 59988.42633215804}
{'sample_size': 1010, 'difference': 6, 'noise': 0.005, 'n': 101, 'shap_error': 0.0072308188533873425, 'shap_norm_sq': 59988.42633215804}
{'sample_size': 1010, 'difference': -18, 'noise': 0.01, 'n': 101, 'shap_error': 0.009824640968562075, 'shap_norm_sq': 59988.42633215804}
{'sample_size': 1010, 'difference': 44, 'noise': 0.05, 'n': 101, 'shap_error': 0.006300057910440968, 'shap_norm_sq': 59988.42633215804}
{'sample_size': 1010, 'difference': -48, 'noise': 0.1, 'n': 101, 'shap_error': 0.010885132746640151, 'shap_norm_sq': 59988.42633215804}
{'sample_size': 1010, 'difference': -24, 'noise': 0.5, 'n': 101, 'shap_error': 0.008128559920062846, 'shap_norm_sq': 59988.42633215804}
{'sample_size': 1010, 'difference': -18, 'noise': 1, 'n': 101, 'shap_error': 0.010323064732364643, 'shap_norm_sq': 59988.42633215804}
{'sample_size': 1010, 'difference': -42, 'noise': 0.0005, 'n': 101, 'shap_error': 0.00955644148850289, 'shap_norm_sq': 70948.06025453871}
{'sample_size': 1010, 'difference': -32, 'noise': 0.001, 'n': 101, 'shap_error': 0.009524703551058654, 'shap_norm_sq': 70948.06025453871}
{'sample_size': 1010, 'difference': -8, 'noise': 0.005, 'n': 101, 'shap_error': 0.008001446401678155, 'shap_norm_sq': 70948.06025453871}
{'sample_size': 1010, 'difference': 28, 'noise': 0.01, 'n': 101, 'shap_error': 0.008419764943823937, 'shap_norm_sq': 70948.06025453871}
{'sample_size': 1010, 'difference': -32, 'noise': 0.05, 'n': 101, 'shap_error': 0.007270839359378372, 'shap_norm_sq': 70948.06025453871}
{'sample_size': 1010, 'difference': -12, 'noise': 0.1, 'n': 101, 'shap_error': 0.006387992774595822, 'shap_norm_sq': 70948.06025453871}
{'sample_size': 1010, 'difference': -52, 'noise': 0.5, 'n': 101, 'shap_error': 0.006423958569493433, 'shap_norm_sq': 70948.06025453871}
{'sample_size': 1010, 'difference': 14, 'noise': 1, 'n': 101, 'shap_error': 0.009924327647249077, 'shap_norm_sq': 70948.06025453871}
{'sample_size': 1010, 'difference': -22, 'noise': 0.0005, 'n': 101, 'shap_error': 0.025555381334678343, 'shap_norm_sq': 77924.32063228902}
{'sample_size': 1010, 'difference': -40, 'noise': 0.001, 'n': 101, 'shap_error': 0.03695025011398364, 'shap_norm_sq': 77924.32063228902}
{'sample_size': 1010, 'difference': 58, 'noise': 0.005, 'n': 101, 'shap_error': 0.02954266027880806, 'shap_norm_sq': 77924.32063228902}
{'sample_size': 1010, 'difference': -6, 'noise': 0.01, 'n': 101, 'shap_error': 0.02422896443862277, 'shap_norm_sq': 77924.32063228902}
{'sample_size': 1010, 'difference': 38, 'noise': 0.05, 'n': 101, 'shap_error': 0.028107013934646242, 'shap_norm_sq': 77924.32063228902}
{'sample_size': 1010, 'difference': -10, 'noise': 0.1, 'n': 101, 'shap_error': 0.03288003195612561, 'shap_norm_sq': 77924.32063228902}
{'sample_size': 1010, 'difference': -56, 'noise': 0.5, 'n': 101, 'shap_error': 0.03324910644916234, 'shap_norm_sq': 77924.32063228902}
{'sample_size': 1010, 'difference': -18, 'noise': 1, 'n': 101, 'shap_error': 0.02666948411749141, 'shap_norm_sq': 77924.32063228902}
{'sample_size': 1010, 'difference': -32, 'noise': 0.0005, 'n': 101, 'shap_error': 0.022415518843092213, 'shap_norm_sq': 58480.294322778}
{'sample_size': 1010, 'difference': 22, 'noise': 0.001, 'n': 101, 'shap_error': 0.01853251908454041, 'shap_norm_sq': 58480.294322778}
{'sample_size': 1010, 'difference': -10, 'noise': 0.005, 'n': 101, 'shap_error': 0.022509396928376748, 'shap_norm_sq': 58480.294322778}
{'sample_size': 1010, 'difference': -36, 'noise': 0.01, 'n': 101, 'shap_error': 0.01992265530975044, 'shap_norm_sq': 58480.294322778}
{'sample_size': 1010, 'difference': -4, 'noise': 0.05, 'n': 101, 'shap_error': 0.02419405887536075, 'shap_norm_sq': 58480.294322778}
{'sample_size': 1010, 'difference': -8, 'noise': 0.1, 'n': 101, 'shap_error': 0.018701733182322575, 'shap_norm_sq': 58480.294322778}
{'sample_size': 1010, 'difference': -12, 'noise': 0.5, 'n': 101, 'shap_error': 0.020755449706194883, 'shap_norm_sq': 58480.294322778}
{'sample_size': 1010, 'difference': -36, 'noise': 1, 'n': 101, 'shap_error': 0.017551914249552734, 'shap_norm_sq': 58480.294322778}
{'sample_size': 1010, 'difference': 10, 'noise': 0.0005, 'n': 101, 'shap_error': 0.019264346266388975, 'shap_norm_sq': 142861.1072230097}
{'sample_size': 1010, 'difference': -16, 'noise': 0.001, 'n': 101, 'shap_error': 0.017295014601185522, 'shap_norm_sq': 142861.1072230097}
{'sample_size': 1010, 'difference': -6, 'noise': 0.005, 'n': 101, 'shap_error': 0.026631383043578035, 'shap_norm_sq': 142861.1072230097}
{'sample_size': 1010, 'difference': -40, 'noise': 0.01, 'n': 101, 'shap_error': 0.019696733164203152, 'shap_norm_sq': 142861.1072230097}
{'sample_size': 1010, 'difference': 34, 'noise': 0.05, 'n': 101, 'shap_error': 0.02285246136861088, 'shap_norm_sq': 142861.1072230097}
{'sample_size': 1010, 'difference': 30, 'noise': 0.1, 'n': 101, 'shap_error': 0.02184377722138701, 'shap_norm_sq': 142861.1072230097}
{'sample_size': 1010, 'difference': 4, 'noise': 0.5, 'n': 101, 'shap_error': 0.015510052716864954, 'shap_norm_sq': 142861.1072230097}
{'sample_size': 1010, 'difference': 0, 'noise': 1, 'n': 101, 'shap_error': 0.021502215399285984, 'shap_norm_sq': 142861.1072230097}
{'sample_size': 1010, 'difference': 80, 'noise': 0.0005, 'n': 101, 'shap_error': 0.02194273483664677, 'shap_norm_sq': 29155.982366292}
{'sample_size': 1010, 'difference': 32, 'noise': 0.001, 'n': 101, 'shap_error': 0.024456087461839762, 'shap_norm_sq': 29155.982366292}
{'sample_size': 1010, 'difference': 14, 'noise': 0.005, 'n': 101, 'shap_error': 0.028830504043567677, 'shap_norm_sq': 29155.982366292}
{'sample_size': 1010, 'difference': -34, 'noise': 0.01, 'n': 101, 'shap_error': 0.03297676590538457, 'shap_norm_sq': 29155.982366292}
{'sample_size': 1010, 'difference': -42, 'noise': 0.05, 'n': 101, 'shap_error': 0.028204766651602174, 'shap_norm_sq': 29155.982366292}
{'sample_size': 1010, 'difference': 38, 'noise': 0.1, 'n': 101, 'shap_error': 0.02909875028068234, 'shap_norm_sq': 29155.982366292}
{'sample_size': 1010, 'difference': 18, 'noise': 0.5, 'n': 101, 'shap_error': 0.023334569363817514, 'shap_norm_sq': 29155.982366292}
{'sample_size': 1010, 'difference': -8, 'noise': 1, 'n': 101, 'shap_error': 0.03079525215239577, 'shap_norm_sq': 29155.982366292}
{'sample_size': 1010, 'difference': 16, 'noise': 0.0005, 'n': 101, 'shap_error': 0.008481407427346349, 'shap_norm_sq': 68210.27030421194}
{'sample_size': 1010, 'difference': -20, 'noise': 0.001, 'n': 101, 'shap_error': 0.008391128957412841, 'shap_norm_sq': 68210.27030421194}
{'sample_size': 1010, 'difference': -20, 'noise': 0.005, 'n': 101, 'shap_error': 0.005890130224306991, 'shap_norm_sq': 68210.27030421194}
{'sample_size': 1010, 'difference': 48, 'noise': 0.01, 'n': 101, 'shap_error': 0.0071850359913235755, 'shap_norm_sq': 68210.27030421194}
{'sample_size': 1010, 'difference': 2, 'noise': 0.05, 'n': 101, 'shap_error': 0.010331271556218644, 'shap_norm_sq': 68210.27030421194}
{'sample_size': 1010, 'difference': 56, 'noise': 0.1, 'n': 101, 'shap_error': 0.006456405155253335, 'shap_norm_sq': 68210.27030421194}
{'sample_size': 1010, 'difference': -20, 'noise': 0.5, 'n': 101, 'shap_error': 0.008307834636771854, 'shap_norm_sq': 68210.27030421194}
{'sample_size': 1010, 'difference': 2, 'noise': 1, 'n': 101, 'shap_error': 0.008632838450947249, 'shap_norm_sq': 68210.27030421194}
{'sample_size': 1010, 'difference': -12, 'noise': 0.0005, 'n': 101, 'shap_error': 0.013639822918717869, 'shap_norm_sq': 86211.11074959261}
{'sample_size': 1010, 'difference': 6, 'noise': 0.001, 'n': 101, 'shap_error': 0.010518573473979187, 'shap_norm_sq': 86211.11074959261}
{'sample_size': 1010, 'difference': 20, 'noise': 0.005, 'n': 101, 'shap_error': 0.009503942033134314, 'shap_norm_sq': 86211.11074959261}
{'sample_size': 1010, 'difference': 12, 'noise': 0.01, 'n': 101, 'shap_error': 0.01094441056953341, 'shap_norm_sq': 86211.11074959261}
{'sample_size': 1010, 'difference': 2, 'noise': 0.05, 'n': 101, 'shap_error': 0.009247318767607387, 'shap_norm_sq': 86211.11074959261}
{'sample_size': 1010, 'difference': -62, 'noise': 0.1, 'n': 101, 'shap_error': 0.012418847023514432, 'shap_norm_sq': 86211.11074959261}
{'sample_size': 1010, 'difference': -20, 'noise': 0.5, 'n': 101, 'shap_error': 0.009159887923868059, 'shap_norm_sq': 86211.11074959261}
{'sample_size': 1010, 'difference': 8, 'noise': 1, 'n': 101, 'shap_error': 0.013427997066093496, 'shap_norm_sq': 86211.11074959261}
{'sample_size': 1010, 'difference': -50, 'noise': 0.0005, 'n': 101, 'shap_error': 0.011852817124770801, 'shap_norm_sq': 71614.5711912898}
{'sample_size': 1010, 'difference': -12, 'noise': 0.001, 'n': 101, 'shap_error': 0.00963930245077414, 'shap_norm_sq': 71614.5711912898}
{'sample_size': 1010, 'difference': 26, 'noise': 0.005, 'n': 101, 'shap_error': 0.008440565457737288, 'shap_norm_sq': 71614.5711912898}
{'sample_size': 1010, 'difference': -28, 'noise': 0.01, 'n': 101, 'shap_error': 0.011420849021204703, 'shap_norm_sq': 71614.5711912898}
{'sample_size': 1010, 'difference': -28, 'noise': 0.05, 'n': 101, 'shap_error': 0.011015270740948841, 'shap_norm_sq': 71614.5711912898}
{'sample_size': 1010, 'difference': -32, 'noise': 0.1, 'n': 101, 'shap_error': 0.010057259817406667, 'shap_norm_sq': 71614.5711912898}
{'sample_size': 1010, 'difference': -34, 'noise': 0.5, 'n': 101, 'shap_error': 0.010087774330812496, 'shap_norm_sq': 71614.5711912898}
{'sample_size': 1010, 'difference': 28, 'noise': 1, 'n': 101, 'shap_error': 0.008265972795515338, 'shap_norm_sq': 71614.5711912898}
{'sample_size': 1010, 'difference': 12, 'noise': 0.0005, 'n': 101, 'shap_error': 0.036379306778284506, 'shap_norm_sq': 363781.09591590613}
{'sample_size': 1010, 'difference': -58, 'noise': 0.001, 'n': 101, 'shap_error': 0.029023198402539325, 'shap_norm_sq': 363781.09591590613}
{'sample_size': 1010, 'difference': 10, 'noise': 0.005, 'n': 101, 'shap_error': 0.024588409673685044, 'shap_norm_sq': 363781.09591590613}
{'sample_size': 1010, 'difference': 46, 'noise': 0.01, 'n': 101, 'shap_error': 0.022955181018465696, 'shap_norm_sq': 363781.09591590613}
{'sample_size': 1010, 'difference': -16, 'noise': 0.05, 'n': 101, 'shap_error': 0.02836179212836864, 'shap_norm_sq': 363781.09591590613}
{'sample_size': 1010, 'difference': 4, 'noise': 0.1, 'n': 101, 'shap_error': 0.031829835449240555, 'shap_norm_sq': 363781.09591590613}
{'sample_size': 1010, 'difference': 32, 'noise': 0.5, 'n': 101, 'shap_error': 0.026236976905301735, 'shap_norm_sq': 363781.09591590613}
{'sample_size': 1010, 'difference': -26, 'noise': 1, 'n': 101, 'shap_error': 0.03270217515641492, 'shap_norm_sq': 363781.09591590613}
{'sample_size': 1010, 'difference': -42, 'noise': 0.0005, 'n': 101, 'shap_error': 0.01989880764133754, 'shap_norm_sq': 65152.18994262499}
{'sample_size': 1010, 'difference': -34, 'noise': 0.001, 'n': 101, 'shap_error': 0.024046808673133368, 'shap_norm_sq': 65152.18994262499}
{'sample_size': 1010, 'difference': -22, 'noise': 0.005, 'n': 101, 'shap_error': 0.03219468744752581, 'shap_norm_sq': 65152.18994262499}
{'sample_size': 1010, 'difference': -16, 'noise': 0.01, 'n': 101, 'shap_error': 0.035048688897176106, 'shap_norm_sq': 65152.18994262499}
{'sample_size': 1010, 'difference': -8, 'noise': 0.05, 'n': 101, 'shap_error': 0.02794326972550063, 'shap_norm_sq': 65152.18994262499}
{'sample_size': 1010, 'difference': -26, 'noise': 0.1, 'n': 101, 'shap_error': 0.02790084817445887, 'shap_norm_sq': 65152.18994262499}
{'sample_size': 1010, 'difference': -2, 'noise': 0.5, 'n': 101, 'shap_error': 0.02871790278336815, 'shap_norm_sq': 65152.18994262499}
{'sample_size': 1010, 'difference': -8, 'noise': 1, 'n': 101, 'shap_error': 0.029767953243319344, 'shap_norm_sq': 65152.18994262499}
{'sample_size': 1010, 'difference': 42, 'noise': 0.0005, 'n': 101, 'shap_error': 0.0034499787432520183, 'shap_norm_sq': 61475.04748303989}
{'sample_size': 1010, 'difference': -26, 'noise': 0.001, 'n': 101, 'shap_error': 0.0032787468586760265, 'shap_norm_sq': 61475.04748303989}
{'sample_size': 1010, 'difference': -24, 'noise': 0.005, 'n': 101, 'shap_error': 0.004607746877930505, 'shap_norm_sq': 61475.04748303989}
{'sample_size': 1010, 'difference': -6, 'noise': 0.01, 'n': 101, 'shap_error': 0.0029008072469236153, 'shap_norm_sq': 61475.04748303989}
{'sample_size': 1010, 'difference': 40, 'noise': 0.05, 'n': 101, 'shap_error': 0.003568217479163246, 'shap_norm_sq': 61475.04748303989}
{'sample_size': 1010, 'difference': -4, 'noise': 0.1, 'n': 101, 'shap_error': 0.00378574848159422, 'shap_norm_sq': 61475.04748303989}
{'sample_size': 1010, 'difference': -38, 'noise': 0.5, 'n': 101, 'shap_error': 0.003931646312404866, 'shap_norm_sq': 61475.04748303989}
{'sample_size': 1010, 'difference': 34, 'noise': 1, 'n': 101, 'shap_error': 0.0037565235926755604, 'shap_norm_sq': 61475.04748303989}
{'sample_size': 1010, 'difference': -2, 'noise': 0.0005, 'n': 101, 'shap_error': 0.018466166229365946, 'shap_norm_sq': 64529.68913311736}
{'sample_size': 1010, 'difference': 22, 'noise': 0.001, 'n': 101, 'shap_error': 0.016568240268111097, 'shap_norm_sq': 64529.68913311736}
{'sample_size': 1010, 'difference': 26, 'noise': 0.005, 'n': 101, 'shap_error': 0.014776712891756076, 'shap_norm_sq': 64529.68913311736}
{'sample_size': 1010, 'difference': 32, 'noise': 0.01, 'n': 101, 'shap_error': 0.012792379588207406, 'shap_norm_sq': 64529.68913311736}
{'sample_size': 1010, 'difference': -32, 'noise': 0.05, 'n': 101, 'shap_error': 0.015513220269280061, 'shap_norm_sq': 64529.68913311736}
{'sample_size': 1010, 'difference': 16, 'noise': 0.1, 'n': 101, 'shap_error': 0.020140980273900006, 'shap_norm_sq': 64529.68913311736}
{'sample_size': 1010, 'difference': -6, 'noise': 0.5, 'n': 101, 'shap_error': 0.02247721375674744, 'shap_norm_sq': 64529.68913311736}
{'sample_size': 1010, 'difference': -36, 'noise': 1, 'n': 101, 'shap_error': 0.018387112933328363, 'shap_norm_sq': 64529.68913311736}
{'sample_size': 1010, 'difference': 10, 'noise': 0.0005, 'n': 101, 'shap_error': 0.023601697942904495, 'shap_norm_sq': 37054.59474406034}
{'sample_size': 1010, 'difference': -28, 'noise': 0.001, 'n': 101, 'shap_error': 0.034210557807216824, 'shap_norm_sq': 37054.59474406034}
{'sample_size': 1010, 'difference': -6, 'noise': 0.005, 'n': 101, 'shap_error': 0.02868630859473206, 'shap_norm_sq': 37054.59474406034}
{'sample_size': 1010, 'difference': -68, 'noise': 0.01, 'n': 101, 'shap_error': 0.026047475643183264, 'shap_norm_sq': 37054.59474406034}
{'sample_size': 1010, 'difference': -38, 'noise': 0.05, 'n': 101, 'shap_error': 0.030511015678651665, 'shap_norm_sq': 37054.59474406034}
{'sample_size': 1010, 'difference': 8, 'noise': 0.1, 'n': 101, 'shap_error': 0.03028436014287804, 'shap_norm_sq': 37054.59474406034}
{'sample_size': 1010, 'difference': 30, 'noise': 0.5, 'n': 101, 'shap_error': 0.03395452631101075, 'shap_norm_sq': 37054.59474406034}
{'sample_size': 1010, 'difference': 48, 'noise': 1, 'n': 101, 'shap_error': 0.027244624190452208, 'shap_norm_sq': 37054.59474406034}
{'sample_size': 1010, 'difference': -26, 'noise': 0.0005, 'n': 101, 'shap_error': 0.008237124389732625, 'shap_norm_sq': 67634.43522297681}
{'sample_size': 1010, 'difference': -30, 'noise': 0.001, 'n': 101, 'shap_error': 0.007832014704664964, 'shap_norm_sq': 67634.43522297681}
{'sample_size': 1010, 'difference': -2, 'noise': 0.005, 'n': 101, 'shap_error': 0.006403202416940582, 'shap_norm_sq': 67634.43522297681}
{'sample_size': 1010, 'difference': -2, 'noise': 0.01, 'n': 101, 'shap_error': 0.00738041936831698, 'shap_norm_sq': 67634.43522297681}
{'sample_size': 1010, 'difference': -42, 'noise': 0.05, 'n': 101, 'shap_error': 0.006098720160739379, 'shap_norm_sq': 67634.43522297681}
{'sample_size': 1010, 'difference': -18, 'noise': 0.1, 'n': 101, 'shap_error': 0.007322763862838432, 'shap_norm_sq': 67634.43522297681}
{'sample_size': 1010, 'difference': -38, 'noise': 0.5, 'n': 101, 'shap_error': 0.006727417263136792, 'shap_norm_sq': 67634.43522297681}
{'sample_size': 1010, 'difference': -28, 'noise': 1, 'n': 101, 'shap_error': 0.006780894961854787, 'shap_norm_sq': 67634.43522297681}
{'sample_size': 1010, 'difference': -12, 'noise': 0.0005, 'n': 101, 'shap_error': 0.016648640984101824, 'shap_norm_sq': 65693.15553171656}
{'sample_size': 1010, 'difference': -4, 'noise': 0.001, 'n': 101, 'shap_error': 0.018700332349647554, 'shap_norm_sq': 65693.15553171656}
{'sample_size': 1010, 'difference': -22, 'noise': 0.005, 'n': 101, 'shap_error': 0.022661618785301024, 'shap_norm_sq': 65693.15553171656}
{'sample_size': 1010, 'difference': 30, 'noise': 0.01, 'n': 101, 'shap_error': 0.02193380458086468, 'shap_norm_sq': 65693.15553171656}
{'sample_size': 1010, 'difference': 28, 'noise': 0.05, 'n': 101, 'shap_error': 0.01611843490239672, 'shap_norm_sq': 65693.15553171656}
{'sample_size': 1010, 'difference': -30, 'noise': 0.1, 'n': 101, 'shap_error': 0.019384565293019376, 'shap_norm_sq': 65693.15553171656}
{'sample_size': 1010, 'difference': 2, 'noise': 0.5, 'n': 101, 'shap_error': 0.016616979206890255, 'shap_norm_sq': 65693.15553171656}
{'sample_size': 1010, 'difference': 10, 'noise': 1, 'n': 101, 'shap_error': 0.0144803933431091, 'shap_norm_sq': 65693.15553171656}
{'sample_size': 1010, 'difference': 6, 'noise': 0.0005, 'n': 101, 'shap_error': 0.016239002195648042, 'shap_norm_sq': 90026.51727442787}
{'sample_size': 1010, 'difference': 12, 'noise': 0.001, 'n': 101, 'shap_error': 0.017536390780963525, 'shap_norm_sq': 90026.51727442787}
{'sample_size': 1010, 'difference': -56, 'noise': 0.005, 'n': 101, 'shap_error': 0.01707367915237526, 'shap_norm_sq': 90026.51727442787}
{'sample_size': 1010, 'difference': -8, 'noise': 0.01, 'n': 101, 'shap_error': 0.020020886757067733, 'shap_norm_sq': 90026.51727442787}
{'sample_size': 1010, 'difference': 6, 'noise': 0.05, 'n': 101, 'shap_error': 0.015271973914120928, 'shap_norm_sq': 90026.51727442787}
{'sample_size': 1010, 'difference': -50, 'noise': 0.1, 'n': 101, 'shap_error': 0.014673707625290102, 'shap_norm_sq': 90026.51727442787}
{'sample_size': 1010, 'difference': 28, 'noise': 0.5, 'n': 101, 'shap_error': 0.017985052659805836, 'shap_norm_sq': 90026.51727442787}
{'sample_size': 1010, 'difference': -14, 'noise': 1, 'n': 101, 'shap_error': 0.01869845180670076, 'shap_norm_sq': 90026.51727442787}
{'sample_size': 1010, 'difference': -44, 'noise': 0.0005, 'n': 101, 'shap_error': 0.00516784974525748, 'shap_norm_sq': 60278.702543096995}
{'sample_size': 1010, 'difference': -22, 'noise': 0.001, 'n': 101, 'shap_error': 0.005551837520850374, 'shap_norm_sq': 60278.702543096995}
{'sample_size': 1010, 'difference': -48, 'noise': 0.005, 'n': 101, 'shap_error': 0.00747592201779201, 'shap_norm_sq': 60278.702543096995}
{'sample_size': 1010, 'difference': 10, 'noise': 0.01, 'n': 101, 'shap_error': 0.005176928561769073, 'shap_norm_sq': 60278.702543096995}
{'sample_size': 1010, 'difference': 6, 'noise': 0.05, 'n': 101, 'shap_error': 0.0055373169517468745, 'shap_norm_sq': 60278.702543096995}
{'sample_size': 1010, 'difference': -14, 'noise': 0.1, 'n': 101, 'shap_error': 0.006029348321852457, 'shap_norm_sq': 60278.702543096995}
{'sample_size': 1010, 'difference': -14, 'noise': 0.5, 'n': 101, 'shap_error': 0.007352212101014657, 'shap_norm_sq': 60278.702543096995}
{'sample_size': 1010, 'difference': -54, 'noise': 1, 'n': 101, 'shap_error': 0.006637258997234857, 'shap_norm_sq': 60278.702543096995}
{'sample_size': 1010, 'difference': -12, 'noise': 0.0005, 'n': 101, 'shap_error': 0.03151716679507675, 'shap_norm_sq': 60517.72849368696}
{'sample_size': 1010, 'difference': -30, 'noise': 0.001, 'n': 101, 'shap_error': 0.030372960028188112, 'shap_norm_sq': 60517.72849368696}
{'sample_size': 1010, 'difference': -24, 'noise': 0.005, 'n': 101, 'shap_error': 0.032038487370825396, 'shap_norm_sq': 60517.72849368696}
{'sample_size': 1010, 'difference': -68, 'noise': 0.01, 'n': 101, 'shap_error': 0.031582311387806615, 'shap_norm_sq': 60517.72849368696}
{'sample_size': 1010, 'difference': -20, 'noise': 0.05, 'n': 101, 'shap_error': 0.0324651480506428, 'shap_norm_sq': 60517.72849368696}
{'sample_size': 1010, 'difference': -10, 'noise': 0.1, 'n': 101, 'shap_error': 0.04553288937996983, 'shap_norm_sq': 60517.72849368696}
{'sample_size': 1010, 'difference': 14, 'noise': 0.5, 'n': 101, 'shap_error': 0.02606289537566824, 'shap_norm_sq': 60517.72849368696}
{'sample_size': 1010, 'difference': -20, 'noise': 1, 'n': 101, 'shap_error': 0.03425758389916355, 'shap_norm_sq': 60517.72849368696}
{'sample_size': 1010, 'difference': -16, 'noise': 0.0005, 'n': 101, 'shap_error': 0.0001241949078439516, 'shap_norm_sq': 10837.687552913987}
{'sample_size': 1010, 'difference': 4, 'noise': 0.001, 'n': 101, 'shap_error': 0.00011442294726444223, 'shap_norm_sq': 10837.687552913987}
{'sample_size': 1010, 'difference': -40, 'noise': 0.005, 'n': 101, 'shap_error': 0.0001350750532612543, 'shap_norm_sq': 10837.687552913987}
{'sample_size': 1010, 'difference': 22, 'noise': 0.01, 'n': 101, 'shap_error': 0.00010840739241224138, 'shap_norm_sq': 10837.687552913987}
{'sample_size': 1010, 'difference': -28, 'noise': 0.05, 'n': 101, 'shap_error': 0.00010743713916442932, 'shap_norm_sq': 10837.687552913987}
{'sample_size': 1010, 'difference': -34, 'noise': 0.1, 'n': 101, 'shap_error': 0.00011455230258606342, 'shap_norm_sq': 10837.687552913987}
{'sample_size': 1010, 'difference': -12, 'noise': 0.5, 'n': 101, 'shap_error': 0.00017789282745367825, 'shap_norm_sq': 10837.687552913987}
{'sample_size': 1010, 'difference': -28, 'noise': 1, 'n': 101, 'shap_error': 0.000304525777577462, 'shap_norm_sq': 10837.687552913987}
{'sample_size': 1010, 'difference': 24, 'noise': 0.0005, 'n': 101, 'shap_error': 0.02667780533473968, 'shap_norm_sq': 59094.93972924952}
{'sample_size': 1010, 'difference': 22, 'noise': 0.001, 'n': 101, 'shap_error': 0.021278249694033222, 'shap_norm_sq': 59094.93972924952}
{'sample_size': 1010, 'difference': -2, 'noise': 0.005, 'n': 101, 'shap_error': 0.018139227926569978, 'shap_norm_sq': 59094.93972924952}
{'sample_size': 1010, 'difference': -20, 'noise': 0.01, 'n': 101, 'shap_error': 0.021760970521806693, 'shap_norm_sq': 59094.93972924952}
{'sample_size': 1010, 'difference': 8, 'noise': 0.05, 'n': 101, 'shap_error': 0.022121595796097827, 'shap_norm_sq': 59094.93972924952}
{'sample_size': 1010, 'difference': -14, 'noise': 0.1, 'n': 101, 'shap_error': 0.01743703471046216, 'shap_norm_sq': 59094.93972924952}
{'sample_size': 1010, 'difference': -10, 'noise': 0.5, 'n': 101, 'shap_error': 0.012981468931598397, 'shap_norm_sq': 59094.93972924952}
{'sample_size': 1010, 'difference': 6, 'noise': 1, 'n': 101, 'shap_error': 0.020282386218830578, 'shap_norm_sq': 59094.93972924952}
{'sample_size': 1010, 'difference': -10, 'noise': 0.0005, 'n': 101, 'shap_error': 0.005080242651998294, 'shap_norm_sq': 81644.161193724}
{'sample_size': 1010, 'difference': 16, 'noise': 0.001, 'n': 101, 'shap_error': 0.007395431965008309, 'shap_norm_sq': 81644.161193724}
{'sample_size': 1010, 'difference': -30, 'noise': 0.005, 'n': 101, 'shap_error': 0.009610395362199, 'shap_norm_sq': 81644.161193724}
{'sample_size': 1010, 'difference': -8, 'noise': 0.01, 'n': 101, 'shap_error': 0.007808717587630889, 'shap_norm_sq': 81644.161193724}
{'sample_size': 1010, 'difference': 16, 'noise': 0.05, 'n': 101, 'shap_error': 0.005822179637915522, 'shap_norm_sq': 81644.161193724}
{'sample_size': 1010, 'difference': -22, 'noise': 0.1, 'n': 101, 'shap_error': 0.005947409260981625, 'shap_norm_sq': 81644.161193724}
{'sample_size': 1010, 'difference': -14, 'noise': 0.5, 'n': 101, 'shap_error': 0.009248045121345938, 'shap_norm_sq': 81644.161193724}
{'sample_size': 1010, 'difference': -8, 'noise': 1, 'n': 101, 'shap_error': 0.007386166096791658, 'shap_norm_sq': 81644.161193724}
{'sample_size': 1010, 'difference': 22, 'noise': 0.0005, 'n': 101, 'shap_error': 0.028223708809734047, 'shap_norm_sq': 50053.765987219485}
{'sample_size': 1010, 'difference': 4, 'noise': 0.001, 'n': 101, 'shap_error': 0.03313563236858243, 'shap_norm_sq': 50053.765987219485}
{'sample_size': 1010, 'difference': 0, 'noise': 0.005, 'n': 101, 'shap_error': 0.029920029959515308, 'shap_norm_sq': 50053.765987219485}
{'sample_size': 1010, 'difference': -14, 'noise': 0.01, 'n': 101, 'shap_error': 0.03332316134165157, 'shap_norm_sq': 50053.765987219485}
{'sample_size': 1010, 'difference': 18, 'noise': 0.05, 'n': 101, 'shap_error': 0.025412301679839922, 'shap_norm_sq': 50053.765987219485}
{'sample_size': 1010, 'difference': -6, 'noise': 0.1, 'n': 101, 'shap_error': 0.026701492490950343, 'shap_norm_sq': 50053.765987219485}
{'sample_size': 1010, 'difference': -4, 'noise': 0.5, 'n': 101, 'shap_error': 0.04059839875666471, 'shap_norm_sq': 50053.765987219485}
{'sample_size': 1010, 'difference': 26, 'noise': 1, 'n': 101, 'shap_error': 0.03680904960584071, 'shap_norm_sq': 50053.765987219485}
{'sample_size': 1010, 'difference': -20, 'noise': 0.0005, 'n': 101, 'shap_error': 0.014059552636360885, 'shap_norm_sq': 402205.52813783445}
{'sample_size': 1010, 'difference': -18, 'noise': 0.001, 'n': 101, 'shap_error': 0.012486024709912133, 'shap_norm_sq': 402205.52813783445}
{'sample_size': 1010, 'difference': -16, 'noise': 0.005, 'n': 101, 'shap_error': 0.013939719738548071, 'shap_norm_sq': 402205.52813783445}
{'sample_size': 1010, 'difference': -14, 'noise': 0.01, 'n': 101, 'shap_error': 0.009099317346305253, 'shap_norm_sq': 402205.52813783445}
{'sample_size': 1010, 'difference': -32, 'noise': 0.05, 'n': 101, 'shap_error': 0.013084805688360074, 'shap_norm_sq': 402205.52813783445}
{'sample_size': 1010, 'difference': 22, 'noise': 0.1, 'n': 101, 'shap_error': 0.015337901727504563, 'shap_norm_sq': 402205.52813783445}
{'sample_size': 1010, 'difference': -14, 'noise': 0.5, 'n': 101, 'shap_error': 0.008741413423421279, 'shap_norm_sq': 402205.52813783445}
{'sample_size': 1010, 'difference': -8, 'noise': 1, 'n': 101, 'shap_error': 0.010893761021645491, 'shap_norm_sq': 402205.52813783445}
{'sample_size': 1010, 'difference': -34, 'noise': 0.0005, 'n': 101, 'shap_error': 0.007475155856347111, 'shap_norm_sq': 59051.703621773784}
{'sample_size': 1010, 'difference': 24, 'noise': 0.001, 'n': 101, 'shap_error': 0.005706401268048349, 'shap_norm_sq': 59051.703621773784}
{'sample_size': 1010, 'difference': 26, 'noise': 0.005, 'n': 101, 'shap_error': 0.007234057427583142, 'shap_norm_sq': 59051.703621773784}
{'sample_size': 1010, 'difference': 28, 'noise': 0.01, 'n': 101, 'shap_error': 0.004603411344196123, 'shap_norm_sq': 59051.703621773784}
{'sample_size': 1010, 'difference': -12, 'noise': 0.05, 'n': 101, 'shap_error': 0.007017422369641968, 'shap_norm_sq': 59051.703621773784}
{'sample_size': 1010, 'difference': -14, 'noise': 0.1, 'n': 101, 'shap_error': 0.00604172616291954, 'shap_norm_sq': 59051.703621773784}
{'sample_size': 1010, 'difference': 0, 'noise': 0.5, 'n': 101, 'shap_error': 0.005834823491154645, 'shap_norm_sq': 59051.703621773784}
{'sample_size': 1010, 'difference': 40, 'noise': 1, 'n': 101, 'shap_error': 0.006525305130442381, 'shap_norm_sq': 59051.703621773784}
{'sample_size': 1010, 'difference': -2, 'noise': 0.0005, 'n': 101, 'shap_error': 0.006114505690874128, 'shap_norm_sq': 45343.17351124053}
{'sample_size': 1010, 'difference': 4, 'noise': 0.001, 'n': 101, 'shap_error': 0.006578246941517814, 'shap_norm_sq': 45343.17351124053}
{'sample_size': 1010, 'difference': -2, 'noise': 0.005, 'n': 101, 'shap_error': 0.0077759700342686765, 'shap_norm_sq': 45343.17351124053}
{'sample_size': 1010, 'difference': 6, 'noise': 0.01, 'n': 101, 'shap_error': 0.006810926458748771, 'shap_norm_sq': 45343.17351124053}
{'sample_size': 1010, 'difference': -10, 'noise': 0.05, 'n': 101, 'shap_error': 0.01094967690839721, 'shap_norm_sq': 45343.17351124053}
{'sample_size': 1010, 'difference': -30, 'noise': 0.1, 'n': 101, 'shap_error': 0.007538248628871666, 'shap_norm_sq': 45343.17351124053}
{'sample_size': 1010, 'difference': -2, 'noise': 0.5, 'n': 101, 'shap_error': 0.006977970746880282, 'shap_norm_sq': 45343.17351124053}
{'sample_size': 1010, 'difference': -46, 'noise': 1, 'n': 101, 'shap_error': 0.00821767024167563, 'shap_norm_sq': 45343.17351124053}
{'sample_size': 1010, 'difference': -26, 'noise': 0.0005, 'n': 101, 'shap_error': 0.019337142133867433, 'shap_norm_sq': 69286.48627175041}
{'sample_size': 1010, 'difference': 50, 'noise': 0.001, 'n': 101, 'shap_error': 0.020758831777816927, 'shap_norm_sq': 69286.48627175041}
{'sample_size': 1010, 'difference': -12, 'noise': 0.005, 'n': 101, 'shap_error': 0.021516353376366662, 'shap_norm_sq': 69286.48627175041}
{'sample_size': 1010, 'difference': -56, 'noise': 0.01, 'n': 101, 'shap_error': 0.021220497531838627, 'shap_norm_sq': 69286.48627175041}
{'sample_size': 1010, 'difference': -38, 'noise': 0.05, 'n': 101, 'shap_error': 0.01589773429309212, 'shap_norm_sq': 69286.48627175041}
{'sample_size': 1010, 'difference': -46, 'noise': 0.1, 'n': 101, 'shap_error': 0.02221107967531131, 'shap_norm_sq': 69286.48627175041}
{'sample_size': 1010, 'difference': 0, 'noise': 0.5, 'n': 101, 'shap_error': 0.02243077132540624, 'shap_norm_sq': 69286.48627175041}
{'sample_size': 1010, 'difference': -10, 'noise': 1, 'n': 101, 'shap_error': 0.021065820434123566, 'shap_norm_sq': 69286.48627175041}
{'sample_size': 1010, 'difference': -10, 'noise': 0.0005, 'n': 101, 'shap_error': 0.0015452066516228832, 'shap_norm_sq': 64740.40159642255}
{'sample_size': 1010, 'difference': -4, 'noise': 0.001, 'n': 101, 'shap_error': 0.001290844944585171, 'shap_norm_sq': 64740.40159642255}
{'sample_size': 1010, 'difference': -72, 'noise': 0.005, 'n': 101, 'shap_error': 0.001898306178683057, 'shap_norm_sq': 64740.40159642255}
{'sample_size': 1010, 'difference': -20, 'noise': 0.01, 'n': 101, 'shap_error': 0.0012838522094375654, 'shap_norm_sq': 64740.40159642255}
{'sample_size': 1010, 'difference': 28, 'noise': 0.05, 'n': 101, 'shap_error': 0.001352910519947739, 'shap_norm_sq': 64740.40159642255}
{'sample_size': 1010, 'difference': -28, 'noise': 0.1, 'n': 101, 'shap_error': 0.0013467643030145372, 'shap_norm_sq': 64740.40159642255}
{'sample_size': 1010, 'difference': 0, 'noise': 0.5, 'n': 101, 'shap_error': 0.0007634571381612167, 'shap_norm_sq': 64740.40159642255}
{'sample_size': 1010, 'difference': -22, 'noise': 1, 'n': 101, 'shap_error': 0.0017153422955351741, 'shap_norm_sq': 64740.40159642255}
{'sample_size': 1010, 'difference': -26, 'noise': 0.0005, 'n': 101, 'shap_error': 0.008235503211209963, 'shap_norm_sq': 78281.04079348833}
{'sample_size': 1010, 'difference': 6, 'noise': 0.001, 'n': 101, 'shap_error': 0.011092293614708612, 'shap_norm_sq': 78281.04079348833}
{'sample_size': 1010, 'difference': 44, 'noise': 0.005, 'n': 101, 'shap_error': 0.01121527300493429, 'shap_norm_sq': 78281.04079348833}
{'sample_size': 1010, 'difference': 14, 'noise': 0.01, 'n': 101, 'shap_error': 0.009769615774605675, 'shap_norm_sq': 78281.04079348833}
{'sample_size': 1010, 'difference': 10, 'noise': 0.05, 'n': 101, 'shap_error': 0.008089819616915897, 'shap_norm_sq': 78281.04079348833}
{'sample_size': 1010, 'difference': -40, 'noise': 0.1, 'n': 101, 'shap_error': 0.00829576267440784, 'shap_norm_sq': 78281.04079348833}
{'sample_size': 1010, 'difference': -32, 'noise': 0.5, 'n': 101, 'shap_error': 0.009819961222648417, 'shap_norm_sq': 78281.04079348833}
{'sample_size': 1010, 'difference': 24, 'noise': 1, 'n': 101, 'shap_error': 0.009305684947748779, 'shap_norm_sq': 78281.04079348833}
{'sample_size': 1010, 'difference': 4, 'noise': 0.0005, 'n': 101, 'shap_error': 0.010714400137755986, 'shap_norm_sq': 80933.95894743361}
{'sample_size': 1010, 'difference': -10, 'noise': 0.001, 'n': 101, 'shap_error': 0.013108881418735915, 'shap_norm_sq': 80933.95894743361}
{'sample_size': 1010, 'difference': -24, 'noise': 0.005, 'n': 101, 'shap_error': 0.013175365246261674, 'shap_norm_sq': 80933.95894743361}
{'sample_size': 1010, 'difference': -16, 'noise': 0.01, 'n': 101, 'shap_error': 0.012461898573680538, 'shap_norm_sq': 80933.95894743361}
{'sample_size': 1010, 'difference': 28, 'noise': 0.05, 'n': 101, 'shap_error': 0.010532407645939948, 'shap_norm_sq': 80933.95894743361}
{'sample_size': 1010, 'difference': -20, 'noise': 0.1, 'n': 101, 'shap_error': 0.011219605576676936, 'shap_norm_sq': 80933.95894743361}
{'sample_size': 1010, 'difference': 10, 'noise': 0.5, 'n': 101, 'shap_error': 0.012289025826881631, 'shap_norm_sq': 80933.95894743361}
{'sample_size': 1010, 'difference': -80, 'noise': 1, 'n': 101, 'shap_error': 0.010900673266348805, 'shap_norm_sq': 80933.95894743361}
{'sample_size': 1010, 'difference': 26, 'noise': 0.0005, 'n': 101, 'shap_error': 0.0037724650682979476, 'shap_norm_sq': 194115.54527974554}
{'sample_size': 1010, 'difference': -56, 'noise': 0.001, 'n': 101, 'shap_error': 0.005441000110471542, 'shap_norm_sq': 194115.54527974554}
{'sample_size': 1010, 'difference': 66, 'noise': 0.005, 'n': 101, 'shap_error': 0.004578707851235026, 'shap_norm_sq': 194115.54527974554}
{'sample_size': 1010, 'difference': 10, 'noise': 0.01, 'n': 101, 'shap_error': 0.004785591480105667, 'shap_norm_sq': 194115.54527974554}
{'sample_size': 1010, 'difference': -20, 'noise': 0.05, 'n': 101, 'shap_error': 0.004871786567957242, 'shap_norm_sq': 194115.54527974554}
{'sample_size': 1010, 'difference': 18, 'noise': 0.1, 'n': 101, 'shap_error': 0.005363966410569938, 'shap_norm_sq': 194115.54527974554}
{'sample_size': 1010, 'difference': 8, 'noise': 0.5, 'n': 101, 'shap_error': 0.005206223207138075, 'shap_norm_sq': 194115.54527974554}
{'sample_size': 1010, 'difference': 12, 'noise': 1, 'n': 101, 'shap_error': 0.006548649652887106, 'shap_norm_sq': 194115.54527974554}
{'sample_size': 1010, 'difference': 44, 'noise': 0.0005, 'n': 101, 'shap_error': 0.005004714040789786, 'shap_norm_sq': 53079.06010629076}
{'sample_size': 1010, 'difference': -4, 'noise': 0.001, 'n': 101, 'shap_error': 0.008115695988304932, 'shap_norm_sq': 53079.06010629076}
{'sample_size': 1010, 'difference': -38, 'noise': 0.005, 'n': 101, 'shap_error': 0.00620274304126899, 'shap_norm_sq': 53079.06010629076}
{'sample_size': 1010, 'difference': -22, 'noise': 0.01, 'n': 101, 'shap_error': 0.005504166768539092, 'shap_norm_sq': 53079.06010629076}
{'sample_size': 1010, 'difference': 4, 'noise': 0.05, 'n': 101, 'shap_error': 0.00401282408999963, 'shap_norm_sq': 53079.06010629076}
{'sample_size': 1010, 'difference': 32, 'noise': 0.1, 'n': 101, 'shap_error': 0.006087080803007305, 'shap_norm_sq': 53079.06010629076}
{'sample_size': 1010, 'difference': 22, 'noise': 0.5, 'n': 101, 'shap_error': 0.0056207355322421965, 'shap_norm_sq': 53079.06010629076}
{'sample_size': 1010, 'difference': 0, 'noise': 1, 'n': 101, 'shap_error': 0.005831930118503148, 'shap_norm_sq': 53079.06010629076}
{'sample_size': 1010, 'difference': -4, 'noise': 0.0005, 'n': 101, 'shap_error': 0.012000321533916341, 'shap_norm_sq': 64529.68913311736}
{'sample_size': 1010, 'difference': -16, 'noise': 0.001, 'n': 101, 'shap_error': 0.015621194857378404, 'shap_norm_sq': 64529.68913311736}
{'sample_size': 1010, 'difference': -12, 'noise': 0.005, 'n': 101, 'shap_error': 0.017196851055656392, 'shap_norm_sq': 64529.68913311736}
{'sample_size': 1010, 'difference': 12, 'noise': 0.01, 'n': 101, 'shap_error': 0.014384898690378817, 'shap_norm_sq': 64529.68913311736}
{'sample_size': 1010, 'difference': 0, 'noise': 0.05, 'n': 101, 'shap_error': 0.012746945869013173, 'shap_norm_sq': 64529.68913311736}
{'sample_size': 1010, 'difference': -34, 'noise': 0.1, 'n': 101, 'shap_error': 0.01862589065588783, 'shap_norm_sq': 64529.68913311736}
{'sample_size': 1010, 'difference': -10, 'noise': 0.5, 'n': 101, 'shap_error': 0.01914206911242683, 'shap_norm_sq': 64529.68913311736}
{'sample_size': 1010, 'difference': -20, 'noise': 1, 'n': 101, 'shap_error': 0.01591339275541498, 'shap_norm_sq': 64529.68913311736}
{'sample_size': 1010, 'difference': -26, 'noise': 0.0005, 'n': 101, 'shap_error': 0.018787079899328686, 'shap_norm_sq': 95208.64754927717}
{'sample_size': 1010, 'difference': -36, 'noise': 0.001, 'n': 101, 'shap_error': 0.0137911478039087, 'shap_norm_sq': 95208.64754927717}
{'sample_size': 1010, 'difference': -12, 'noise': 0.005, 'n': 101, 'shap_error': 0.012218283041207461, 'shap_norm_sq': 95208.64754927717}
{'sample_size': 1010, 'difference': 18, 'noise': 0.01, 'n': 101, 'shap_error': 0.019107403262416268, 'shap_norm_sq': 95208.64754927717}
{'sample_size': 1010, 'difference': -58, 'noise': 0.05, 'n': 101, 'shap_error': 0.016067107306042015, 'shap_norm_sq': 95208.64754927717}
{'sample_size': 1010, 'difference': 12, 'noise': 0.1, 'n': 101, 'shap_error': 0.015500763495623895, 'shap_norm_sq': 95208.64754927717}
{'sample_size': 1010, 'difference': 54, 'noise': 0.5, 'n': 101, 'shap_error': 0.013800262040138461, 'shap_norm_sq': 95208.64754927717}
{'sample_size': 1010, 'difference': 16, 'noise': 1, 'n': 101, 'shap_error': 0.012581511749952383, 'shap_norm_sq': 95208.64754927717}
{'sample_size': 1010, 'difference': 46, 'noise': 0.0005, 'n': 101, 'shap_error': 0.00859423395196035, 'shap_norm_sq': 49611.86676062929}
{'sample_size': 1010, 'difference': 18, 'noise': 0.001, 'n': 101, 'shap_error': 0.008113162149633361, 'shap_norm_sq': 49611.86676062929}
{'sample_size': 1010, 'difference': -2, 'noise': 0.005, 'n': 101, 'shap_error': 0.008634907416627782, 'shap_norm_sq': 49611.86676062929}
{'sample_size': 1010, 'difference': -18, 'noise': 0.01, 'n': 101, 'shap_error': 0.009003510152740575, 'shap_norm_sq': 49611.86676062929}
{'sample_size': 1010, 'difference': -56, 'noise': 0.05, 'n': 101, 'shap_error': 0.010072158988002821, 'shap_norm_sq': 49611.86676062929}
{'sample_size': 1010, 'difference': 2, 'noise': 0.1, 'n': 101, 'shap_error': 0.008658030907939344, 'shap_norm_sq': 49611.86676062929}
{'sample_size': 1010, 'difference': -12, 'noise': 0.5, 'n': 101, 'shap_error': 0.005347430359804511, 'shap_norm_sq': 49611.86676062929}
{'sample_size': 1010, 'difference': 10, 'noise': 1, 'n': 101, 'shap_error': 0.009357111942188153, 'shap_norm_sq': 49611.86676062929}
{'sample_size': 1010, 'difference': 20, 'noise': 0.0005, 'n': 101, 'shap_error': 0.004888497305229498, 'shap_norm_sq': 54630.12408325359}
{'sample_size': 1010, 'difference': -62, 'noise': 0.001, 'n': 101, 'shap_error': 0.00507057387856828, 'shap_norm_sq': 54630.12408325359}
{'sample_size': 1010, 'difference': -4, 'noise': 0.005, 'n': 101, 'shap_error': 0.0073946506047959226, 'shap_norm_sq': 54630.12408325359}
{'sample_size': 1010, 'difference': -8, 'noise': 0.01, 'n': 101, 'shap_error': 0.005545644899842612, 'shap_norm_sq': 54630.12408325359}
{'sample_size': 1010, 'difference': 6, 'noise': 0.05, 'n': 101, 'shap_error': 0.006450498632666482, 'shap_norm_sq': 54630.12408325359}
{'sample_size': 1010, 'difference': 26, 'noise': 0.1, 'n': 101, 'shap_error': 0.007117689605914204, 'shap_norm_sq': 54630.12408325359}
{'sample_size': 1010, 'difference': -28, 'noise': 0.5, 'n': 101, 'shap_error': 0.004943938505141677, 'shap_norm_sq': 54630.12408325359}
{'sample_size': 1010, 'difference': 10, 'noise': 1, 'n': 101, 'shap_error': 0.0051311696990357, 'shap_norm_sq': 54630.12408325359}
{'sample_size': 1010, 'difference': -8, 'noise': 0.0005, 'n': 101, 'shap_error': 0.008976617468219298, 'shap_norm_sq': 36586.72494949802}
{'sample_size': 1010, 'difference': -6, 'noise': 0.001, 'n': 101, 'shap_error': 0.00794519987412203, 'shap_norm_sq': 36586.72494949802}
{'sample_size': 1010, 'difference': -14, 'noise': 0.005, 'n': 101, 'shap_error': 0.008548651931406694, 'shap_norm_sq': 36586.72494949802}
{'sample_size': 1010, 'difference': -2, 'noise': 0.01, 'n': 101, 'shap_error': 0.007322523907801031, 'shap_norm_sq': 36586.72494949802}
{'sample_size': 1010, 'difference': 20, 'noise': 0.05, 'n': 101, 'shap_error': 0.0063783435868392385, 'shap_norm_sq': 36586.72494949802}
{'sample_size': 1010, 'difference': 10, 'noise': 0.1, 'n': 101, 'shap_error': 0.00850900741609309, 'shap_norm_sq': 36586.72494949802}
{'sample_size': 1010, 'difference': 18, 'noise': 0.5, 'n': 101, 'shap_error': 0.0091742461091391, 'shap_norm_sq': 36586.72494949802}
{'sample_size': 1010, 'difference': -40, 'noise': 1, 'n': 101, 'shap_error': 0.009027502559563997, 'shap_norm_sq': 36586.72494949802}
{'sample_size': 1010, 'difference': 46, 'noise': 0.0005, 'n': 101, 'shap_error': 0.012303388832806808, 'shap_norm_sq': 95922.30425254253}
{'sample_size': 1010, 'difference': -20, 'noise': 0.001, 'n': 101, 'shap_error': 0.014003972808969138, 'shap_norm_sq': 95922.30425254253}
{'sample_size': 1010, 'difference': 8, 'noise': 0.005, 'n': 101, 'shap_error': 0.013594654972455877, 'shap_norm_sq': 95922.30425254253}
{'sample_size': 1010, 'difference': -8, 'noise': 0.01, 'n': 101, 'shap_error': 0.02230862157142255, 'shap_norm_sq': 95922.30425254253}
{'sample_size': 1010, 'difference': 24, 'noise': 0.05, 'n': 101, 'shap_error': 0.01847100742960897, 'shap_norm_sq': 95922.30425254253}
{'sample_size': 1010, 'difference': 38, 'noise': 0.1, 'n': 101, 'shap_error': 0.014543509175833028, 'shap_norm_sq': 95922.30425254253}
{'sample_size': 1010, 'difference': -10, 'noise': 0.5, 'n': 101, 'shap_error': 0.012985752647795251, 'shap_norm_sq': 95922.30425254253}
{'sample_size': 1010, 'difference': -10, 'noise': 1, 'n': 101, 'shap_error': 0.012827113298836148, 'shap_norm_sq': 95922.30425254253}
{'sample_size': 1010, 'difference': 4, 'noise': 0.0005, 'n': 101, 'shap_error': 0.014222510171664732, 'shap_norm_sq': 66146.79000065055}
{'sample_size': 1010, 'difference': 74, 'noise': 0.001, 'n': 101, 'shap_error': 0.010610976548048323, 'shap_norm_sq': 66146.79000065055}
{'sample_size': 1010, 'difference': -40, 'noise': 0.005, 'n': 101, 'shap_error': 0.01096970065866707, 'shap_norm_sq': 66146.79000065055}
{'sample_size': 1010, 'difference': -6, 'noise': 0.01, 'n': 101, 'shap_error': 0.014528892257816933, 'shap_norm_sq': 66146.79000065055}
{'sample_size': 1010, 'difference': -12, 'noise': 0.05, 'n': 101, 'shap_error': 0.009638066615478938, 'shap_norm_sq': 66146.79000065055}
{'sample_size': 1010, 'difference': -4, 'noise': 0.1, 'n': 101, 'shap_error': 0.010655100461951426, 'shap_norm_sq': 66146.79000065055}
{'sample_size': 1010, 'difference': 18, 'noise': 0.5, 'n': 101, 'shap_error': 0.009409236757186351, 'shap_norm_sq': 66146.79000065055}
{'sample_size': 1010, 'difference': -22, 'noise': 1, 'n': 101, 'shap_error': 0.009988687770886465, 'shap_norm_sq': 66146.79000065055}
{'sample_size': 1010, 'difference': 32, 'noise': 0.0005, 'n': 101, 'shap_error': 0.004127343401779639, 'shap_norm_sq': 36099.76370580298}
{'sample_size': 1010, 'difference': 14, 'noise': 0.001, 'n': 101, 'shap_error': 0.004901722809731026, 'shap_norm_sq': 36099.76370580298}
{'sample_size': 1010, 'difference': 16, 'noise': 0.005, 'n': 101, 'shap_error': 0.006558369391928371, 'shap_norm_sq': 36099.76370580298}
{'sample_size': 1010, 'difference': -30, 'noise': 0.01, 'n': 101, 'shap_error': 0.004661345769768288, 'shap_norm_sq': 36099.76370580298}
{'sample_size': 1010, 'difference': -18, 'noise': 0.05, 'n': 101, 'shap_error': 0.0061104855384348745, 'shap_norm_sq': 36099.76370580298}
{'sample_size': 1010, 'difference': -12, 'noise': 0.1, 'n': 101, 'shap_error': 0.004845710924620919, 'shap_norm_sq': 36099.76370580298}
{'sample_size': 1010, 'difference': 24, 'noise': 0.5, 'n': 101, 'shap_error': 0.004329680974174497, 'shap_norm_sq': 36099.76370580298}
{'sample_size': 1010, 'difference': 8, 'noise': 1, 'n': 101, 'shap_error': 0.004053181517130199, 'shap_norm_sq': 36099.76370580298}
{'sample_size': 1010, 'difference': 8, 'noise': 0.0005, 'n': 101, 'shap_error': 0.012823370781277262, 'shap_norm_sq': 115202.0167338266}
{'sample_size': 1010, 'difference': -4, 'noise': 0.001, 'n': 101, 'shap_error': 0.02266058323511267, 'shap_norm_sq': 115202.0167338266}
{'sample_size': 1010, 'difference': -32, 'noise': 0.005, 'n': 101, 'shap_error': 0.020502328972073304, 'shap_norm_sq': 115202.0167338266}
{'sample_size': 1010, 'difference': 4, 'noise': 0.01, 'n': 101, 'shap_error': 0.013003759788387885, 'shap_norm_sq': 115202.0167338266}
{'sample_size': 1010, 'difference': -12, 'noise': 0.05, 'n': 101, 'shap_error': 0.01777843374460824, 'shap_norm_sq': 115202.0167338266}
{'sample_size': 1010, 'difference': 44, 'noise': 0.1, 'n': 101, 'shap_error': 0.016929870821245186, 'shap_norm_sq': 115202.0167338266}
{'sample_size': 1010, 'difference': 18, 'noise': 0.5, 'n': 101, 'shap_error': 0.01240995332052786, 'shap_norm_sq': 115202.0167338266}
{'sample_size': 1010, 'difference': -34, 'noise': 1, 'n': 101, 'shap_error': 0.01848338039909899, 'shap_norm_sq': 115202.0167338266}
{'sample_size': 1010, 'difference': -24, 'noise': 0.0005, 'n': 101, 'shap_error': 0.039093834812680826, 'shap_norm_sq': 45790.27580792465}
{'sample_size': 1010, 'difference': -8, 'noise': 0.001, 'n': 101, 'shap_error': 0.04338249756867508, 'shap_norm_sq': 45790.27580792465}
{'sample_size': 1010, 'difference': 58, 'noise': 0.005, 'n': 101, 'shap_error': 0.028595239051028638, 'shap_norm_sq': 45790.27580792465}
{'sample_size': 1010, 'difference': 2, 'noise': 0.01, 'n': 101, 'shap_error': 0.03471930554507421, 'shap_norm_sq': 45790.27580792465}
{'sample_size': 1010, 'difference': 26, 'noise': 0.05, 'n': 101, 'shap_error': 0.04325121943432822, 'shap_norm_sq': 45790.27580792465}
{'sample_size': 1010, 'difference': 8, 'noise': 0.1, 'n': 101, 'shap_error': 0.02630333848702437, 'shap_norm_sq': 45790.27580792465}
{'sample_size': 1010, 'difference': -28, 'noise': 0.5, 'n': 101, 'shap_error': 0.029523339362168645, 'shap_norm_sq': 45790.27580792465}
{'sample_size': 1010, 'difference': -20, 'noise': 1, 'n': 101, 'shap_error': 0.044855999954635004, 'shap_norm_sq': 45790.27580792465}
{'sample_size': 1010, 'difference': -32, 'noise': 0.0005, 'n': 101, 'shap_error': 0.001041035319710452, 'shap_norm_sq': 132753.67474576674}
{'sample_size': 1010, 'difference': -34, 'noise': 0.001, 'n': 101, 'shap_error': 0.0024962688591752915, 'shap_norm_sq': 132753.67474576674}
{'sample_size': 1010, 'difference': 6, 'noise': 0.005, 'n': 101, 'shap_error': 0.0014033349789739032, 'shap_norm_sq': 132753.67474576674}
{'sample_size': 1010, 'difference': -48, 'noise': 0.01, 'n': 101, 'shap_error': 0.001716470146196927, 'shap_norm_sq': 132753.67474576674}
{'sample_size': 1010, 'difference': -8, 'noise': 0.05, 'n': 101, 'shap_error': 0.0016258180739938777, 'shap_norm_sq': 132753.67474576674}
{'sample_size': 1010, 'difference': 14, 'noise': 0.1, 'n': 101, 'shap_error': 0.0012479271454875404, 'shap_norm_sq': 132753.67474576674}
{'sample_size': 1010, 'difference': -16, 'noise': 0.5, 'n': 101, 'shap_error': 0.0017306148907292053, 'shap_norm_sq': 132753.67474576674}
{'sample_size': 1010, 'difference': -26, 'noise': 1, 'n': 101, 'shap_error': 0.0017389599097691383, 'shap_norm_sq': 132753.67474576674}
{'sample_size': 1010, 'difference': 4, 'noise': 0.0005, 'n': 101, 'shap_error': 0.0021450136546452784, 'shap_norm_sq': 84682.562817112}
{'sample_size': 1010, 'difference': 6, 'noise': 0.001, 'n': 101, 'shap_error': 0.0019793922885967398, 'shap_norm_sq': 84682.562817112}
{'sample_size': 1010, 'difference': 56, 'noise': 0.005, 'n': 101, 'shap_error': 0.0019769301189447577, 'shap_norm_sq': 84682.562817112}
{'sample_size': 1010, 'difference': 30, 'noise': 0.01, 'n': 101, 'shap_error': 0.0021887321358768854, 'shap_norm_sq': 84682.562817112}
{'sample_size': 1010, 'difference': 34, 'noise': 0.05, 'n': 101, 'shap_error': 0.0018367794374534018, 'shap_norm_sq': 84682.562817112}
{'sample_size': 1010, 'difference': 4, 'noise': 0.1, 'n': 101, 'shap_error': 0.001971879389506929, 'shap_norm_sq': 84682.562817112}
{'sample_size': 1010, 'difference': -16, 'noise': 0.5, 'n': 101, 'shap_error': 0.0019482901522882808, 'shap_norm_sq': 84682.562817112}
{'sample_size': 1010, 'difference': 4, 'noise': 1, 'n': 101, 'shap_error': 0.002068609555379129, 'shap_norm_sq': 84682.562817112}
{'sample_size': 1010, 'difference': 6, 'noise': 0.0005, 'n': 101, 'shap_error': 0.02135193943733035, 'shap_norm_sq': 91042.72190449374}
{'sample_size': 1010, 'difference': 12, 'noise': 0.001, 'n': 101, 'shap_error': 0.0219713069844525, 'shap_norm_sq': 91042.72190449374}
{'sample_size': 1010, 'difference': -100, 'noise': 0.005, 'n': 101, 'shap_error': 0.028289606666768233, 'shap_norm_sq': 91042.72190449374}
{'sample_size': 1010, 'difference': -32, 'noise': 0.01, 'n': 101, 'shap_error': 0.021844321299225228, 'shap_norm_sq': 91042.72190449374}
{'sample_size': 1010, 'difference': -28, 'noise': 0.05, 'n': 101, 'shap_error': 0.028136346731483502, 'shap_norm_sq': 91042.72190449374}
{'sample_size': 1010, 'difference': -34, 'noise': 0.1, 'n': 101, 'shap_error': 0.022782222629218796, 'shap_norm_sq': 91042.72190449374}
{'sample_size': 1010, 'difference': -6, 'noise': 0.5, 'n': 101, 'shap_error': 0.019583227176900204, 'shap_norm_sq': 91042.72190449374}
{'sample_size': 1010, 'difference': -18, 'noise': 1, 'n': 101, 'shap_error': 0.021799631285577874, 'shap_norm_sq': 91042.72190449374}
{'sample_size': 1010, 'difference': -8, 'noise': 0.0005, 'n': 101, 'shap_error': 0.03453380696863681, 'shap_norm_sq': 31924.61122788529}
{'sample_size': 1010, 'difference': 6, 'noise': 0.001, 'n': 101, 'shap_error': 0.03883145325424804, 'shap_norm_sq': 31924.61122788529}
{'sample_size': 1010, 'difference': 20, 'noise': 0.005, 'n': 101, 'shap_error': 0.059652942734510224, 'shap_norm_sq': 31924.61122788529}
{'sample_size': 1010, 'difference': 0, 'noise': 0.01, 'n': 101, 'shap_error': 0.04451020936257057, 'shap_norm_sq': 31924.61122788529}
{'sample_size': 1010, 'difference': 2, 'noise': 0.05, 'n': 101, 'shap_error': 0.03889990891107627, 'shap_norm_sq': 31924.61122788529}
{'sample_size': 1010, 'difference': 6, 'noise': 0.1, 'n': 101, 'shap_error': 0.0390917510019441, 'shap_norm_sq': 31924.61122788529}
{'sample_size': 1010, 'difference': 6, 'noise': 0.5, 'n': 101, 'shap_error': 0.037094634917332836, 'shap_norm_sq': 31924.61122788529}
{'sample_size': 1010, 'difference': 28, 'noise': 1, 'n': 101, 'shap_error': 0.029628439603208382, 'shap_norm_sq': 31924.61122788529}
{'sample_size': 1010, 'difference': -26, 'noise': 0.0005, 'n': 101, 'shap_error': 0.0028388984359222907, 'shap_norm_sq': 65295.62464087013}
{'sample_size': 1010, 'difference': 14, 'noise': 0.001, 'n': 101, 'shap_error': 0.0020149487679224443, 'shap_norm_sq': 65295.62464087013}
{'sample_size': 1010, 'difference': 2, 'noise': 0.005, 'n': 101, 'shap_error': 0.002294792353108629, 'shap_norm_sq': 65295.62464087013}
{'sample_size': 1010, 'difference': -24, 'noise': 0.01, 'n': 101, 'shap_error': 0.0021712544161369366, 'shap_norm_sq': 65295.62464087013}
{'sample_size': 1010, 'difference': -36, 'noise': 0.05, 'n': 101, 'shap_error': 0.0028520352205951786, 'shap_norm_sq': 65295.62464087013}
{'sample_size': 1010, 'difference': -6, 'noise': 0.1, 'n': 101, 'shap_error': 0.0033287804346304965, 'shap_norm_sq': 65295.62464087013}
{'sample_size': 1010, 'difference': 62, 'noise': 0.5, 'n': 101, 'shap_error': 0.002002020304719438, 'shap_norm_sq': 65295.62464087013}
{'sample_size': 1010, 'difference': -2, 'noise': 1, 'n': 101, 'shap_error': 0.003016790089973891, 'shap_norm_sq': 65295.62464087013}
{'sample_size': 1010, 'difference': -28, 'noise': 0.0005, 'n': 101, 'shap_error': 0.005562060035551879, 'shap_norm_sq': 72052.76817577}
{'sample_size': 1010, 'difference': -2, 'noise': 0.001, 'n': 101, 'shap_error': 0.004679411525884654, 'shap_norm_sq': 72052.76817577}
{'sample_size': 1010, 'difference': 4, 'noise': 0.005, 'n': 101, 'shap_error': 0.004703494763738932, 'shap_norm_sq': 72052.76817577}
{'sample_size': 1010, 'difference': -14, 'noise': 0.01, 'n': 101, 'shap_error': 0.004822787463571669, 'shap_norm_sq': 72052.76817577}
{'sample_size': 1010, 'difference': 8, 'noise': 0.05, 'n': 101, 'shap_error': 0.004984967503117531, 'shap_norm_sq': 72052.76817577}
{'sample_size': 1010, 'difference': 14, 'noise': 0.1, 'n': 101, 'shap_error': 0.004751839958944161, 'shap_norm_sq': 72052.76817577}
{'sample_size': 1010, 'difference': 0, 'noise': 0.5, 'n': 101, 'shap_error': 0.0050374196681703945, 'shap_norm_sq': 72052.76817577}
{'sample_size': 1010, 'difference': -50, 'noise': 1, 'n': 101, 'shap_error': 0.004956356194740278, 'shap_norm_sq': 72052.76817577}
{'sample_size': 1010, 'difference': 60, 'noise': 0.0005, 'n': 101, 'shap_error': 0.004223838428227979, 'shap_norm_sq': 70712.29954211289}
{'sample_size': 1010, 'difference': -16, 'noise': 0.001, 'n': 101, 'shap_error': 0.006350488573062028, 'shap_norm_sq': 70712.29954211289}
{'sample_size': 1010, 'difference': 6, 'noise': 0.005, 'n': 101, 'shap_error': 0.006561219637294645, 'shap_norm_sq': 70712.29954211289}
{'sample_size': 1010, 'difference': -26, 'noise': 0.01, 'n': 101, 'shap_error': 0.005616662626348422, 'shap_norm_sq': 70712.29954211289}
{'sample_size': 1010, 'difference': 4, 'noise': 0.05, 'n': 101, 'shap_error': 0.005212046514483132, 'shap_norm_sq': 70712.29954211289}
{'sample_size': 1010, 'difference': 30, 'noise': 0.1, 'n': 101, 'shap_error': 0.007631790254141611, 'shap_norm_sq': 70712.29954211289}
{'sample_size': 1010, 'difference': -8, 'noise': 0.5, 'n': 101, 'shap_error': 0.005691726440238595, 'shap_norm_sq': 70712.29954211289}
{'sample_size': 1010, 'difference': -20, 'noise': 1, 'n': 101, 'shap_error': 0.00706328761537873, 'shap_norm_sq': 70712.29954211289}
{'sample_size': 1010, 'difference': 54, 'noise': 0.0005, 'n': 101, 'shap_error': 0.0035581632880402614, 'shap_norm_sq': 62886.07402669771}
{'sample_size': 1010, 'difference': 42, 'noise': 0.001, 'n': 101, 'shap_error': 0.0035883788795373645, 'shap_norm_sq': 62886.07402669771}
{'sample_size': 1010, 'difference': -36, 'noise': 0.005, 'n': 101, 'shap_error': 0.0059729420922216385, 'shap_norm_sq': 62886.07402669771}
{'sample_size': 1010, 'difference': 8, 'noise': 0.01, 'n': 101, 'shap_error': 0.004551704667254127, 'shap_norm_sq': 62886.07402669771}
{'sample_size': 1010, 'difference': -18, 'noise': 0.05, 'n': 101, 'shap_error': 0.006823288606893147, 'shap_norm_sq': 62886.07402669771}
{'sample_size': 1010, 'difference': -42, 'noise': 0.1, 'n': 101, 'shap_error': 0.005609689441142708, 'shap_norm_sq': 62886.07402669771}
{'sample_size': 1010, 'difference': 12, 'noise': 0.5, 'n': 101, 'shap_error': 0.0039637710577882105, 'shap_norm_sq': 62886.07402669771}
{'sample_size': 1010, 'difference': -24, 'noise': 1, 'n': 101, 'shap_error': 0.004222999811387586, 'shap_norm_sq': 62886.07402669771}
{'sample_size': 1010, 'difference': 22, 'noise': 0.0005, 'n': 101, 'shap_error': 0.006221921048054454, 'shap_norm_sq': 112407.22898883176}
{'sample_size': 1010, 'difference': 66, 'noise': 0.001, 'n': 101, 'shap_error': 0.008132050070446928, 'shap_norm_sq': 112407.22898883176}
{'sample_size': 1010, 'difference': -4, 'noise': 0.005, 'n': 101, 'shap_error': 0.007926696637859349, 'shap_norm_sq': 112407.22898883176}
{'sample_size': 1010, 'difference': 10, 'noise': 0.01, 'n': 101, 'shap_error': 0.0071870613394119315, 'shap_norm_sq': 112407.22898883176}
{'sample_size': 1010, 'difference': -20, 'noise': 0.05, 'n': 101, 'shap_error': 0.006584745416211895, 'shap_norm_sq': 112407.22898883176}
{'sample_size': 1010, 'difference': 4, 'noise': 0.1, 'n': 101, 'shap_error': 0.006456514529206685, 'shap_norm_sq': 112407.22898883176}
{'sample_size': 1010, 'difference': -4, 'noise': 0.5, 'n': 101, 'shap_error': 0.006731759866554731, 'shap_norm_sq': 112407.22898883176}
{'sample_size': 1010, 'difference': 34, 'noise': 1, 'n': 101, 'shap_error': 0.0077260752453618695, 'shap_norm_sq': 112407.22898883176}
{'sample_size': 1010, 'difference': -62, 'noise': 0.0005, 'n': 101, 'shap_error': 0.007046520141377366, 'shap_norm_sq': 45961.75729972129}
{'sample_size': 1010, 'difference': -36, 'noise': 0.001, 'n': 101, 'shap_error': 0.007464565041564059, 'shap_norm_sq': 45961.75729972129}
{'sample_size': 1010, 'difference': 8, 'noise': 0.005, 'n': 101, 'shap_error': 0.004596785291088233, 'shap_norm_sq': 45961.75729972129}
{'sample_size': 1010, 'difference': -38, 'noise': 0.01, 'n': 101, 'shap_error': 0.006047297246431955, 'shap_norm_sq': 45961.75729972129}
{'sample_size': 1010, 'difference': -22, 'noise': 0.05, 'n': 101, 'shap_error': 0.005392286361315552, 'shap_norm_sq': 45961.75729972129}
{'sample_size': 1010, 'difference': -54, 'noise': 0.1, 'n': 101, 'shap_error': 0.006429552064221094, 'shap_norm_sq': 45961.75729972129}
{'sample_size': 1010, 'difference': -12, 'noise': 0.5, 'n': 101, 'shap_error': 0.0067123915394636776, 'shap_norm_sq': 45961.75729972129}
{'sample_size': 1010, 'difference': 18, 'noise': 1, 'n': 101, 'shap_error': 0.006755165164720639, 'shap_norm_sq': 45961.75729972129}
{'sample_size': 1010, 'difference': -4, 'noise': 0.0005, 'n': 101, 'shap_error': 0.02206444353094476, 'shap_norm_sq': 139441.27744293964}
{'sample_size': 1010, 'difference': -14, 'noise': 0.001, 'n': 101, 'shap_error': 0.017928629837317404, 'shap_norm_sq': 139441.27744293964}
{'sample_size': 1010, 'difference': 6, 'noise': 0.005, 'n': 101, 'shap_error': 0.029252681516570067, 'shap_norm_sq': 139441.27744293964}
{'sample_size': 1010, 'difference': 22, 'noise': 0.01, 'n': 101, 'shap_error': 0.02808331588997566, 'shap_norm_sq': 139441.27744293964}
{'sample_size': 1010, 'difference': 56, 'noise': 0.05, 'n': 101, 'shap_error': 0.016701208259541626, 'shap_norm_sq': 139441.27744293964}
{'sample_size': 1010, 'difference': 2, 'noise': 0.1, 'n': 101, 'shap_error': 0.024696688720275993, 'shap_norm_sq': 139441.27744293964}
{'sample_size': 1010, 'difference': 6, 'noise': 0.5, 'n': 101, 'shap_error': 0.022932149660032753, 'shap_norm_sq': 139441.27744293964}
{'sample_size': 1010, 'difference': -76, 'noise': 1, 'n': 101, 'shap_error': 0.02920717759086512, 'shap_norm_sq': 139441.27744293964}
{'sample_size': 1010, 'difference': -16, 'noise': 0.0005, 'n': 101, 'shap_error': 0.005167925270367916, 'shap_norm_sq': 55626.15607418063}
{'sample_size': 1010, 'difference': 4, 'noise': 0.001, 'n': 101, 'shap_error': 0.0035063797306285624, 'shap_norm_sq': 55626.15607418063}
{'sample_size': 1010, 'difference': -14, 'noise': 0.005, 'n': 101, 'shap_error': 0.005597004586288124, 'shap_norm_sq': 55626.15607418063}
{'sample_size': 1010, 'difference': -10, 'noise': 0.01, 'n': 101, 'shap_error': 0.004388992058181375, 'shap_norm_sq': 55626.15607418063}
{'sample_size': 1010, 'difference': 10, 'noise': 0.05, 'n': 101, 'shap_error': 0.00431780821230212, 'shap_norm_sq': 55626.15607418063}
{'sample_size': 1010, 'difference': -26, 'noise': 0.1, 'n': 101, 'shap_error': 0.004534551172249964, 'shap_norm_sq': 55626.15607418063}
{'sample_size': 1010, 'difference': 32, 'noise': 0.5, 'n': 101, 'shap_error': 0.004362786798674109, 'shap_norm_sq': 55626.15607418063}
{'sample_size': 1010, 'difference': 12, 'noise': 1, 'n': 101, 'shap_error': 0.005250954083003207, 'shap_norm_sq': 55626.15607418063}
{'sample_size': 1010, 'difference': -44, 'noise': 0.0005, 'n': 101, 'shap_error': 0.028036776694507246, 'shap_norm_sq': 424584.2223034383}
{'sample_size': 1010, 'difference': 8, 'noise': 0.001, 'n': 101, 'shap_error': 0.017060143183652725, 'shap_norm_sq': 424584.2223034383}
{'sample_size': 1010, 'difference': 24, 'noise': 0.005, 'n': 101, 'shap_error': 0.01724284129500998, 'shap_norm_sq': 424584.2223034383}
{'sample_size': 1010, 'difference': -2, 'noise': 0.01, 'n': 101, 'shap_error': 0.02071458314701544, 'shap_norm_sq': 424584.2223034383}
{'sample_size': 1010, 'difference': -22, 'noise': 0.05, 'n': 101, 'shap_error': 0.02337566798399112, 'shap_norm_sq': 424584.2223034383}
{'sample_size': 1010, 'difference': -102, 'noise': 0.1, 'n': 101, 'shap_error': 0.026345922792808535, 'shap_norm_sq': 424584.2223034383}
{'sample_size': 1010, 'difference': 22, 'noise': 0.5, 'n': 101, 'shap_error': 0.018104857335511607, 'shap_norm_sq': 424584.2223034383}
{'sample_size': 1010, 'difference': 22, 'noise': 1, 'n': 101, 'shap_error': 0.0208200585468882, 'shap_norm_sq': 424584.2223034383}
{'sample_size': 1010, 'difference': 10, 'noise': 0.0005, 'n': 101, 'shap_error': 0.004153175424649851, 'shap_norm_sq': 98138.75687108512}
{'sample_size': 1010, 'difference': -32, 'noise': 0.001, 'n': 101, 'shap_error': 0.0061222500465117164, 'shap_norm_sq': 98138.75687108512}
{'sample_size': 1010, 'difference': 24, 'noise': 0.005, 'n': 101, 'shap_error': 0.005438654105798266, 'shap_norm_sq': 98138.75687108512}
{'sample_size': 1010, 'difference': -36, 'noise': 0.01, 'n': 101, 'shap_error': 0.00552217445815033, 'shap_norm_sq': 98138.75687108512}
{'sample_size': 1010, 'difference': -6, 'noise': 0.05, 'n': 101, 'shap_error': 0.005616921483974473, 'shap_norm_sq': 98138.75687108512}
{'sample_size': 1010, 'difference': -30, 'noise': 0.1, 'n': 101, 'shap_error': 0.005430941823891097, 'shap_norm_sq': 98138.75687108512}
{'sample_size': 1010, 'difference': -36, 'noise': 0.5, 'n': 101, 'shap_error': 0.004540733836810804, 'shap_norm_sq': 98138.75687108512}
{'sample_size': 1010, 'difference': -68, 'noise': 1, 'n': 101, 'shap_error': 0.004514005747125473, 'shap_norm_sq': 98138.75687108512}
{'sample_size': 1010, 'difference': -14, 'noise': 0.0005, 'n': 101, 'shap_error': 0.007920986596829648, 'shap_norm_sq': 81644.161193724}
{'sample_size': 1010, 'difference': -30, 'noise': 0.001, 'n': 101, 'shap_error': 0.0065248737824398235, 'shap_norm_sq': 81644.161193724}
{'sample_size': 1010, 'difference': 12, 'noise': 0.005, 'n': 101, 'shap_error': 0.0059894956287453675, 'shap_norm_sq': 81644.161193724}
{'sample_size': 1010, 'difference': -14, 'noise': 0.01, 'n': 101, 'shap_error': 0.005805086606944451, 'shap_norm_sq': 81644.161193724}
{'sample_size': 1010, 'difference': -24, 'noise': 0.05, 'n': 101, 'shap_error': 0.006045589223395638, 'shap_norm_sq': 81644.161193724}
{'sample_size': 1010, 'difference': 4, 'noise': 0.1, 'n': 101, 'shap_error': 0.007770105836521877, 'shap_norm_sq': 81644.161193724}
{'sample_size': 1010, 'difference': 28, 'noise': 0.5, 'n': 101, 'shap_error': 0.006943406230902792, 'shap_norm_sq': 81644.161193724}
{'sample_size': 1010, 'difference': -26, 'noise': 1, 'n': 101, 'shap_error': 0.007489935420617708, 'shap_norm_sq': 81644.161193724}
{'sample_size': 1010, 'difference': 16, 'noise': 0.0005, 'n': 101, 'shap_error': 0.004818120170477273, 'shap_norm_sq': 45961.75729972129}
{'sample_size': 1010, 'difference': -18, 'noise': 0.001, 'n': 101, 'shap_error': 0.006821439695450851, 'shap_norm_sq': 45961.75729972129}
{'sample_size': 1010, 'difference': 8, 'noise': 0.005, 'n': 101, 'shap_error': 0.005894153736427691, 'shap_norm_sq': 45961.75729972129}
{'sample_size': 1010, 'difference': -6, 'noise': 0.01, 'n': 101, 'shap_error': 0.005584908608562614, 'shap_norm_sq': 45961.75729972129}
{'sample_size': 1010, 'difference': -22, 'noise': 0.05, 'n': 101, 'shap_error': 0.006597322294682273, 'shap_norm_sq': 45961.75729972129}
{'sample_size': 1010, 'difference': 6, 'noise': 0.1, 'n': 101, 'shap_error': 0.007217176512617446, 'shap_norm_sq': 45961.75729972129}
{'sample_size': 1010, 'difference': 24, 'noise': 0.5, 'n': 101, 'shap_error': 0.006788888318300464, 'shap_norm_sq': 45961.75729972129}
{'sample_size': 1010, 'difference': 14, 'noise': 1, 'n': 101, 'shap_error': 0.009098836459256483, 'shap_norm_sq': 45961.75729972129}
{'sample_size': 1010, 'difference': -14, 'noise': 0.0005, 'n': 101, 'shap_error': 0.025750737407436237, 'shap_norm_sq': 198759.53121529022}
{'sample_size': 1010, 'difference': 12, 'noise': 0.001, 'n': 101, 'shap_error': 0.029791436576245882, 'shap_norm_sq': 198759.53121529022}
{'sample_size': 1010, 'difference': -12, 'noise': 0.005, 'n': 101, 'shap_error': 0.024796775223496915, 'shap_norm_sq': 198759.53121529022}
{'sample_size': 1010, 'difference': 8, 'noise': 0.01, 'n': 101, 'shap_error': 0.02565887259246116, 'shap_norm_sq': 198759.53121529022}
{'sample_size': 1010, 'difference': 22, 'noise': 0.05, 'n': 101, 'shap_error': 0.0204208519133337, 'shap_norm_sq': 198759.53121529022}
{'sample_size': 1010, 'difference': -54, 'noise': 0.1, 'n': 101, 'shap_error': 0.019809622350310203, 'shap_norm_sq': 198759.53121529022}
{'sample_size': 1010, 'difference': 26, 'noise': 0.5, 'n': 101, 'shap_error': 0.025167830238945938, 'shap_norm_sq': 198759.53121529022}
{'sample_size': 1010, 'difference': -44, 'noise': 1, 'n': 101, 'shap_error': 0.025878430173685515, 'shap_norm_sq': 198759.53121529022}
{'sample_size': 1010, 'difference': 24, 'noise': 0.0005, 'n': 101, 'shap_error': 0.0033858853329734205, 'shap_norm_sq': 29652.772935067496}
{'sample_size': 1010, 'difference': 4, 'noise': 0.001, 'n': 101, 'shap_error': 0.004795542414668912, 'shap_norm_sq': 29652.772935067496}
{'sample_size': 1010, 'difference': 16, 'noise': 0.005, 'n': 101, 'shap_error': 0.00435597312955386, 'shap_norm_sq': 29652.772935067496}
{'sample_size': 1010, 'difference': -6, 'noise': 0.01, 'n': 101, 'shap_error': 0.003758031569701776, 'shap_norm_sq': 29652.772935067496}
{'sample_size': 1010, 'difference': -16, 'noise': 0.05, 'n': 101, 'shap_error': 0.004548282614953968, 'shap_norm_sq': 29652.772935067496}
{'sample_size': 1010, 'difference': -16, 'noise': 0.1, 'n': 101, 'shap_error': 0.0032449447274468515, 'shap_norm_sq': 29652.772935067496}
{'sample_size': 1010, 'difference': -28, 'noise': 0.5, 'n': 101, 'shap_error': 0.00423613378124036, 'shap_norm_sq': 29652.772935067496}
{'sample_size': 1010, 'difference': -16, 'noise': 1, 'n': 101, 'shap_error': 0.0036798003909699435, 'shap_norm_sq': 29652.772935067496}
{'sample_size': 1010, 'difference': -26, 'noise': 0.0005, 'n': 101, 'shap_error': 0.06772212998529346, 'shap_norm_sq': 124122.96892555564}
{'sample_size': 1010, 'difference': -30, 'noise': 0.001, 'n': 101, 'shap_error': 0.07243621373672754, 'shap_norm_sq': 124122.96892555564}
{'sample_size': 1010, 'difference': 0, 'noise': 0.005, 'n': 101, 'shap_error': 0.03786542312269498, 'shap_norm_sq': 124122.96892555564}
{'sample_size': 1010, 'difference': 10, 'noise': 0.01, 'n': 101, 'shap_error': 0.05385311056659801, 'shap_norm_sq': 124122.96892555564}
{'sample_size': 1010, 'difference': -38, 'noise': 0.05, 'n': 101, 'shap_error': 0.05678502124992472, 'shap_norm_sq': 124122.96892555564}
{'sample_size': 1010, 'difference': 0, 'noise': 0.1, 'n': 101, 'shap_error': 0.04563965531370974, 'shap_norm_sq': 124122.96892555564}
{'sample_size': 1010, 'difference': 48, 'noise': 0.5, 'n': 101, 'shap_error': 0.052568664154821663, 'shap_norm_sq': 124122.96892555564}
{'sample_size': 1010, 'difference': 0, 'noise': 1, 'n': 101, 'shap_error': 0.04046579218627188, 'shap_norm_sq': 124122.96892555564}
{'sample_size': 1010, 'difference': 0, 'noise': 0.0005, 'n': 101, 'shap_error': 0.014848104801674755, 'shap_norm_sq': 179690.4575834201}
{'sample_size': 1010, 'difference': -24, 'noise': 0.001, 'n': 101, 'shap_error': 0.01770110800413554, 'shap_norm_sq': 179690.4575834201}
{'sample_size': 1010, 'difference': 46, 'noise': 0.005, 'n': 101, 'shap_error': 0.01932452079717646, 'shap_norm_sq': 179690.4575834201}
{'sample_size': 1010, 'difference': -6, 'noise': 0.01, 'n': 101, 'shap_error': 0.020961055521928354, 'shap_norm_sq': 179690.4575834201}
{'sample_size': 1010, 'difference': -10, 'noise': 0.05, 'n': 101, 'shap_error': 0.022619521184669783, 'shap_norm_sq': 179690.4575834201}
{'sample_size': 1010, 'difference': -8, 'noise': 0.1, 'n': 101, 'shap_error': 0.023464559989047146, 'shap_norm_sq': 179690.4575834201}
{'sample_size': 1010, 'difference': 16, 'noise': 0.5, 'n': 101, 'shap_error': 0.025147043146340038, 'shap_norm_sq': 179690.4575834201}
{'sample_size': 1010, 'difference': -42, 'noise': 1, 'n': 101, 'shap_error': 0.01915624276148321, 'shap_norm_sq': 179690.4575834201}
{'sample_size': 1010, 'difference': -26, 'noise': 0.0005, 'n': 101, 'shap_error': 0.008883685948930693, 'shap_norm_sq': 65757.64895039165}
{'sample_size': 1010, 'difference': 54, 'noise': 0.001, 'n': 101, 'shap_error': 0.006768213019531567, 'shap_norm_sq': 65757.64895039165}
{'sample_size': 1010, 'difference': -38, 'noise': 0.005, 'n': 101, 'shap_error': 0.008119841827352042, 'shap_norm_sq': 65757.64895039165}
{'sample_size': 1010, 'difference': -4, 'noise': 0.01, 'n': 101, 'shap_error': 0.0079890241676136, 'shap_norm_sq': 65757.64895039165}
{'sample_size': 1010, 'difference': -2, 'noise': 0.05, 'n': 101, 'shap_error': 0.007724993348600524, 'shap_norm_sq': 65757.64895039165}
{'sample_size': 1010, 'difference': -16, 'noise': 0.1, 'n': 101, 'shap_error': 0.009272841705972742, 'shap_norm_sq': 65757.64895039165}
{'sample_size': 1010, 'difference': 6, 'noise': 0.5, 'n': 101, 'shap_error': 0.0077163402281962565, 'shap_norm_sq': 65757.64895039165}
{'sample_size': 1010, 'difference': 32, 'noise': 1, 'n': 101, 'shap_error': 0.00748953921722867, 'shap_norm_sq': 65757.64895039165}
{'sample_size': 1010, 'difference': -18, 'noise': 0.0005, 'n': 101, 'shap_error': 0.014482742023129228, 'shap_norm_sq': 75442.7793079755}
{'sample_size': 1010, 'difference': -4, 'noise': 0.001, 'n': 101, 'shap_error': 0.02123735934767176, 'shap_norm_sq': 75442.7793079755}
{'sample_size': 1010, 'difference': -6, 'noise': 0.005, 'n': 101, 'shap_error': 0.017838578196489034, 'shap_norm_sq': 75442.7793079755}
{'sample_size': 1010, 'difference': 52, 'noise': 0.01, 'n': 101, 'shap_error': 0.017301460332913556, 'shap_norm_sq': 75442.7793079755}
{'sample_size': 1010, 'difference': -26, 'noise': 0.05, 'n': 101, 'shap_error': 0.030667248546485178, 'shap_norm_sq': 75442.7793079755}
{'sample_size': 1010, 'difference': 2, 'noise': 0.1, 'n': 101, 'shap_error': 0.022655928914608058, 'shap_norm_sq': 75442.7793079755}
{'sample_size': 1010, 'difference': -46, 'noise': 0.5, 'n': 101, 'shap_error': 0.019973711141979843, 'shap_norm_sq': 75442.7793079755}
{'sample_size': 1010, 'difference': 20, 'noise': 1, 'n': 101, 'shap_error': 0.01888019260928976, 'shap_norm_sq': 75442.7793079755}
{'sample_size': 1010, 'difference': 44, 'noise': 0.0005, 'n': 101, 'shap_error': 0.01328062097544811, 'shap_norm_sq': 125824.4900374413}
{'sample_size': 1010, 'difference': 16, 'noise': 0.001, 'n': 101, 'shap_error': 0.017817555131337127, 'shap_norm_sq': 125824.4900374413}
{'sample_size': 1010, 'difference': 36, 'noise': 0.005, 'n': 101, 'shap_error': 0.012389032823767899, 'shap_norm_sq': 125824.4900374413}
{'sample_size': 1010, 'difference': -18, 'noise': 0.01, 'n': 101, 'shap_error': 0.012894941898060277, 'shap_norm_sq': 125824.4900374413}
{'sample_size': 1010, 'difference': -22, 'noise': 0.05, 'n': 101, 'shap_error': 0.012199322931444613, 'shap_norm_sq': 125824.4900374413}
{'sample_size': 1010, 'difference': 22, 'noise': 0.1, 'n': 101, 'shap_error': 0.013861891375908781, 'shap_norm_sq': 125824.4900374413}
{'sample_size': 1010, 'difference': -24, 'noise': 0.5, 'n': 101, 'shap_error': 0.014554669126235572, 'shap_norm_sq': 125824.4900374413}
{'sample_size': 1010, 'difference': 32, 'noise': 1, 'n': 101, 'shap_error': 0.018624857710540673, 'shap_norm_sq': 125824.4900374413}
{'sample_size': 1010, 'difference': -2, 'noise': 0.0005, 'n': 101, 'shap_error': 0.007706735537827394, 'shap_norm_sq': 85506.83608772403}
{'sample_size': 1010, 'difference': 6, 'noise': 0.001, 'n': 101, 'shap_error': 0.005956733021222133, 'shap_norm_sq': 85506.83608772403}
{'sample_size': 1010, 'difference': -16, 'noise': 0.005, 'n': 101, 'shap_error': 0.004921804746732856, 'shap_norm_sq': 85506.83608772403}
{'sample_size': 1010, 'difference': 14, 'noise': 0.01, 'n': 101, 'shap_error': 0.007892441092433238, 'shap_norm_sq': 85506.83608772403}
{'sample_size': 1010, 'difference': 2, 'noise': 0.05, 'n': 101, 'shap_error': 0.0054957598398190895, 'shap_norm_sq': 85506.83608772403}
{'sample_size': 1010, 'difference': 18, 'noise': 0.1, 'n': 101, 'shap_error': 0.004906311217922291, 'shap_norm_sq': 85506.83608772403}
{'sample_size': 1010, 'difference': 28, 'noise': 0.5, 'n': 101, 'shap_error': 0.0050019254052060085, 'shap_norm_sq': 85506.83608772403}
{'sample_size': 1010, 'difference': 8, 'noise': 1, 'n': 101, 'shap_error': 0.006080367999765755, 'shap_norm_sq': 85506.83608772403}
{'sample_size': 1010, 'difference': -18, 'noise': 0.0005, 'n': 101, 'shap_error': 9.373341882078568e-05, 'shap_norm_sq': 59917.01979504082}
{'sample_size': 1010, 'difference': -2, 'noise': 0.001, 'n': 101, 'shap_error': 7.880159442725916e-05, 'shap_norm_sq': 59917.01979504082}
{'sample_size': 1010, 'difference': -14, 'noise': 0.005, 'n': 101, 'shap_error': 0.00010296776389760017, 'shap_norm_sq': 59917.01979504082}
{'sample_size': 1010, 'difference': -2, 'noise': 0.01, 'n': 101, 'shap_error': 0.00010269335963668573, 'shap_norm_sq': 59917.01979504082}
{'sample_size': 1010, 'difference': -28, 'noise': 0.05, 'n': 101, 'shap_error': 8.67624309646774e-05, 'shap_norm_sq': 59917.01979504082}
{'sample_size': 1010, 'difference': -14, 'noise': 0.1, 'n': 101, 'shap_error': 8.958898009376126e-05, 'shap_norm_sq': 59917.01979504082}
{'sample_size': 1010, 'difference': 16, 'noise': 0.5, 'n': 101, 'shap_error': 8.33608142591174e-05, 'shap_norm_sq': 59917.01979504082}
{'sample_size': 1010, 'difference': -12, 'noise': 1, 'n': 101, 'shap_error': 0.00015981641582803503, 'shap_norm_sq': 59917.01979504082}
{'sample_size': 1010, 'difference': 2, 'noise': 0.0005, 'n': 101, 'shap_error': 0.012498428818677512, 'shap_norm_sq': 73676.18200073119}
{'sample_size': 1010, 'difference': 32, 'noise': 0.001, 'n': 101, 'shap_error': 0.01732794195210135, 'shap_norm_sq': 73676.18200073119}
{'sample_size': 1010, 'difference': -22, 'noise': 0.005, 'n': 101, 'shap_error': 0.020540462792790527, 'shap_norm_sq': 73676.18200073119}
{'sample_size': 1010, 'difference': -10, 'noise': 0.01, 'n': 101, 'shap_error': 0.02072336710751115, 'shap_norm_sq': 73676.18200073119}
{'sample_size': 1010, 'difference': -44, 'noise': 0.05, 'n': 101, 'shap_error': 0.019308754812631966, 'shap_norm_sq': 73676.18200073119}
{'sample_size': 1010, 'difference': 24, 'noise': 0.1, 'n': 101, 'shap_error': 0.01677075147993841, 'shap_norm_sq': 73676.18200073119}
{'sample_size': 1010, 'difference': -34, 'noise': 0.5, 'n': 101, 'shap_error': 0.01847553927680694, 'shap_norm_sq': 73676.18200073119}
{'sample_size': 1010, 'difference': -32, 'noise': 1, 'n': 101, 'shap_error': 0.018862011439086827, 'shap_norm_sq': 73676.18200073119}
{'sample_size': 1010, 'difference': 26, 'noise': 0.0005, 'n': 101, 'shap_error': 0.0076790973226071165, 'shap_norm_sq': 66209.48623984122}
{'sample_size': 1010, 'difference': -44, 'noise': 0.001, 'n': 101, 'shap_error': 0.009509767283177869, 'shap_norm_sq': 66209.48623984122}
{'sample_size': 1010, 'difference': 20, 'noise': 0.005, 'n': 101, 'shap_error': 0.008256327432350986, 'shap_norm_sq': 66209.48623984122}
{'sample_size': 1010, 'difference': -32, 'noise': 0.01, 'n': 101, 'shap_error': 0.006163415422271924, 'shap_norm_sq': 66209.48623984122}
{'sample_size': 1010, 'difference': -12, 'noise': 0.05, 'n': 101, 'shap_error': 0.006361122516058148, 'shap_norm_sq': 66209.48623984122}
{'sample_size': 1010, 'difference': 74, 'noise': 0.1, 'n': 101, 'shap_error': 0.007512813783915113, 'shap_norm_sq': 66209.48623984122}
{'sample_size': 1010, 'difference': 26, 'noise': 0.5, 'n': 101, 'shap_error': 0.0075556700359892, 'shap_norm_sq': 66209.48623984122}
{'sample_size': 1010, 'difference': 40, 'noise': 1, 'n': 101, 'shap_error': 0.007927426263116374, 'shap_norm_sq': 66209.48623984122}
