{'sample_size': 505, 'difference': -1, 'noise': 0, 'n': 101, 'shap_error': 0.29635276969578406, 'shap_norm_sq': 59126.951380871506}
{'sample_size': 1010, 'difference': 0, 'noise': 0, 'n': 101, 'shap_error': 0.11428427081949381, 'shap_norm_sq': 59126.951380871506}
{'sample_size': 2020, 'difference': 0, 'noise': 0, 'n': 101, 'shap_error': 0.045423756786815477, 'shap_norm_sq': 59126.951380871506}
{'sample_size': 4040, 'difference': 0, 'noise': 0, 'n': 101, 'shap_error': 0.027683567105903466, 'shap_norm_sq': 59126.951380871506}
{'sample_size': 8080, 'difference': 0, 'noise': 0, 'n': 101, 'shap_error': 0.012326572945525922, 'shap_norm_sq': 59126.951380871506}
{'sample_size': 16160, 'difference': 0, 'noise': 0, 'n': 101, 'shap_error': 0.004967037588886301, 'shap_norm_sq': 59126.951380871506}
{'sample_size': 505, 'difference': -1, 'noise': 0, 'n': 101, 'shap_error': 0.12600526723386368, 'shap_norm_sq': 56114.82307307525}
{'sample_size': 1010, 'difference': 0, 'noise': 0, 'n': 101, 'shap_error': 0.035281210416788736, 'shap_norm_sq': 56114.82307307525}
{'sample_size': 2020, 'difference': 0, 'noise': 0, 'n': 101, 'shap_error': 0.024164160708181767, 'shap_norm_sq': 56114.82307307525}
{'sample_size': 4040, 'difference': 0, 'noise': 0, 'n': 101, 'shap_error': 0.00878162879606168, 'shap_norm_sq': 56114.82307307525}
{'sample_size': 8080, 'difference': 0, 'noise': 0, 'n': 101, 'shap_error': 0.006307055354423098, 'shap_norm_sq': 56114.82307307525}
{'sample_size': 16160, 'difference': 0, 'noise': 0, 'n': 101, 'shap_error': 0.003197044332436209, 'shap_norm_sq': 56114.82307307525}
{'sample_size': 505, 'difference': -1, 'noise': 0, 'n': 101, 'shap_error': 0.2885831434186434, 'shap_norm_sq': 123732.80055088935}
{'sample_size': 1010, 'difference': 0, 'noise': 0, 'n': 101, 'shap_error': 0.13322166869452232, 'shap_norm_sq': 123732.80055088935}
{'sample_size': 2020, 'difference': 0, 'noise': 0, 'n': 101, 'shap_error': 0.0518708891843524, 'shap_norm_sq': 123732.80055088935}
{'sample_size': 4040, 'difference': 0, 'noise': 0, 'n': 101, 'shap_error': 0.022807438783047456, 'shap_norm_sq': 123732.80055088935}
{'sample_size': 8080, 'difference': 0, 'noise': 0, 'n': 101, 'shap_error': 0.015047801231825426, 'shap_norm_sq': 123732.80055088935}
{'sample_size': 16160, 'difference': 0, 'noise': 0, 'n': 101, 'shap_error': 0.006202741677919943, 'shap_norm_sq': 123732.80055088935}
{'sample_size': 505, 'difference': -1, 'noise': 0, 'n': 101, 'shap_error': 0.21940741103808176, 'shap_norm_sq': 75323.89170692668}
{'sample_size': 1010, 'difference': 0, 'noise': 0, 'n': 101, 'shap_error': 0.15379656537040373, 'shap_norm_sq': 75323.89170692668}
{'sample_size': 2020, 'difference': 0, 'noise': 0, 'n': 101, 'shap_error': 0.08215740745724685, 'shap_norm_sq': 75323.89170692668}
{'sample_size': 4040, 'difference': 0, 'noise': 0, 'n': 101, 'shap_error': 0.0472161739966302, 'shap_norm_sq': 75323.89170692668}
{'sample_size': 8080, 'difference': 0, 'noise': 0, 'n': 101, 'shap_error': 0.014487333830881872, 'shap_norm_sq': 75323.89170692668}
{'sample_size': 16160, 'difference': 0, 'noise': 0, 'n': 101, 'shap_error': 0.009875290160627048, 'shap_norm_sq': 75323.89170692668}
{'sample_size': 505, 'difference': -1, 'noise': 0, 'n': 101, 'shap_error': 0.1708669711572828, 'shap_norm_sq': 64521.39943917334}
{'sample_size': 1010, 'difference': 0, 'noise': 0, 'n': 101, 'shap_error': 0.06060518255637755, 'shap_norm_sq': 64521.39943917334}
{'sample_size': 2020, 'difference': 0, 'noise': 0, 'n': 101, 'shap_error': 0.03232036416814018, 'shap_norm_sq': 64521.39943917334}
{'sample_size': 4040, 'difference': 0, 'noise': 0, 'n': 101, 'shap_error': 0.019715941020531737, 'shap_norm_sq': 64521.39943917334}
{'sample_size': 8080, 'difference': 0, 'noise': 0, 'n': 101, 'shap_error': 0.00827437549675365, 'shap_norm_sq': 64521.39943917334}
{'sample_size': 16160, 'difference': 0, 'noise': 0, 'n': 101, 'shap_error': 0.003998031775882354, 'shap_norm_sq': 64521.39943917334}
{'sample_size': 505, 'difference': -1, 'noise': 0, 'n': 101, 'shap_error': 0.21922647590429947, 'shap_norm_sq': 55014.228611529696}
{'sample_size': 1010, 'difference': 0, 'noise': 0, 'n': 101, 'shap_error': 0.09799997566302669, 'shap_norm_sq': 55014.228611529696}
{'sample_size': 2020, 'difference': 0, 'noise': 0, 'n': 101, 'shap_error': 0.05893103990020537, 'shap_norm_sq': 55014.228611529696}
{'sample_size': 4040, 'difference': 0, 'noise': 0, 'n': 101, 'shap_error': 0.024089198866257617, 'shap_norm_sq': 55014.228611529696}
{'sample_size': 8080, 'difference': 0, 'noise': 0, 'n': 101, 'shap_error': 0.015046241720313998, 'shap_norm_sq': 55014.228611529696}
{'sample_size': 16160, 'difference': 0, 'noise': 0, 'n': 101, 'shap_error': 0.006817936865642191, 'shap_norm_sq': 55014.228611529696}
{'sample_size': 505, 'difference': -1, 'noise': 0, 'n': 101, 'shap_error': 0.13643116221234824, 'shap_norm_sq': 59108.491020566165}
{'sample_size': 1010, 'difference': 0, 'noise': 0, 'n': 101, 'shap_error': 0.08778796406776045, 'shap_norm_sq': 59108.491020566165}
{'sample_size': 2020, 'difference': 0, 'noise': 0, 'n': 101, 'shap_error': 0.033974057073686205, 'shap_norm_sq': 59108.491020566165}
{'sample_size': 4040, 'difference': 0, 'noise': 0, 'n': 101, 'shap_error': 0.016382040237340904, 'shap_norm_sq': 59108.491020566165}
{'sample_size': 8080, 'difference': 0, 'noise': 0, 'n': 101, 'shap_error': 0.00847612436438291, 'shap_norm_sq': 59108.491020566165}
{'sample_size': 16160, 'difference': 0, 'noise': 0, 'n': 101, 'shap_error': 0.00419345135382878, 'shap_norm_sq': 59108.491020566165}
{'sample_size': 505, 'difference': -1, 'noise': 0, 'n': 101, 'shap_error': 0.1352457315011994, 'shap_norm_sq': 70563.89182048912}
{'sample_size': 1010, 'difference': 0, 'noise': 0, 'n': 101, 'shap_error': 0.0747400799069869, 'shap_norm_sq': 70563.89182048912}
{'sample_size': 2020, 'difference': 0, 'noise': 0, 'n': 101, 'shap_error': 0.02877021890557581, 'shap_norm_sq': 70563.89182048912}
{'sample_size': 4040, 'difference': 0, 'noise': 0, 'n': 101, 'shap_error': 0.01858735615344496, 'shap_norm_sq': 70563.89182048912}
{'sample_size': 8080, 'difference': 0, 'noise': 0, 'n': 101, 'shap_error': 0.007618481199767572, 'shap_norm_sq': 70563.89182048912}
{'sample_size': 16160, 'difference': 0, 'noise': 0, 'n': 101, 'shap_error': 0.0033696773795824464, 'shap_norm_sq': 70563.89182048912}
{'sample_size': 505, 'difference': -1, 'noise': 0, 'n': 101, 'shap_error': 0.05278703493013906, 'shap_norm_sq': 42515.97581372667}
{'sample_size': 1010, 'difference': 0, 'noise': 0, 'n': 101, 'shap_error': 0.021143070360985988, 'shap_norm_sq': 42515.97581372667}
{'sample_size': 2020, 'difference': 0, 'noise': 0, 'n': 101, 'shap_error': 0.00849172682539836, 'shap_norm_sq': 42515.97581372667}
{'sample_size': 4040, 'difference': 0, 'noise': 0, 'n': 101, 'shap_error': 0.006184264254319727, 'shap_norm_sq': 42515.97581372667}
{'sample_size': 8080, 'difference': 0, 'noise': 0, 'n': 101, 'shap_error': 0.0023680867512700546, 'shap_norm_sq': 42515.97581372667}
{'sample_size': 16160, 'difference': 0, 'noise': 0, 'n': 101, 'shap_error': 0.0013618140565153977, 'shap_norm_sq': 42515.97581372667}
{'sample_size': 505, 'difference': -1, 'noise': 0, 'n': 101, 'shap_error': 0.83080175405059, 'shap_norm_sq': 57989.40208692046}
{'sample_size': 1010, 'difference': 0, 'noise': 0, 'n': 101, 'shap_error': 0.3543690313243963, 'shap_norm_sq': 57989.40208692046}
{'sample_size': 2020, 'difference': 0, 'noise': 0, 'n': 101, 'shap_error': 0.24118738417569502, 'shap_norm_sq': 57989.40208692046}
{'sample_size': 4040, 'difference': 0, 'noise': 0, 'n': 101, 'shap_error': 0.14142617231329355, 'shap_norm_sq': 57989.40208692046}
{'sample_size': 8080, 'difference': 0, 'noise': 0, 'n': 101, 'shap_error': 0.06853947348802573, 'shap_norm_sq': 57989.40208692046}
{'sample_size': 16160, 'difference': 0, 'noise': 0, 'n': 101, 'shap_error': 0.03153106591913126, 'shap_norm_sq': 57989.40208692046}
{'sample_size': 505, 'difference': -1, 'noise': 0, 'n': 101, 'shap_error': 0.2765337936811145, 'shap_norm_sq': 218736.90952783328}
{'sample_size': 1010, 'difference': 0, 'noise': 0, 'n': 101, 'shap_error': 0.12601669859672168, 'shap_norm_sq': 218736.90952783328}
{'sample_size': 2020, 'difference': 0, 'noise': 0, 'n': 101, 'shap_error': 0.058768831170012484, 'shap_norm_sq': 218736.90952783328}
{'sample_size': 4040, 'difference': 0, 'noise': 0, 'n': 101, 'shap_error': 0.023038808478722316, 'shap_norm_sq': 218736.90952783328}
{'sample_size': 8080, 'difference': 0, 'noise': 0, 'n': 101, 'shap_error': 0.012830308433205775, 'shap_norm_sq': 218736.90952783328}
{'sample_size': 16160, 'difference': 0, 'noise': 0, 'n': 101, 'shap_error': 0.0071729044291037125, 'shap_norm_sq': 218736.90952783328}
{'sample_size': 505, 'difference': -1, 'noise': 0, 'n': 101, 'shap_error': 0.17672553662235752, 'shap_norm_sq': 64280.028071749155}
{'sample_size': 1010, 'difference': 0, 'noise': 0, 'n': 101, 'shap_error': 0.07052766295923495, 'shap_norm_sq': 64280.028071749155}
{'sample_size': 2020, 'difference': 0, 'noise': 0, 'n': 101, 'shap_error': 0.051362029860461275, 'shap_norm_sq': 64280.028071749155}
{'sample_size': 4040, 'difference': 0, 'noise': 0, 'n': 101, 'shap_error': 0.016064375038490508, 'shap_norm_sq': 64280.028071749155}
{'sample_size': 8080, 'difference': 0, 'noise': 0, 'n': 101, 'shap_error': 0.010470989719499564, 'shap_norm_sq': 64280.028071749155}
{'sample_size': 16160, 'difference': 0, 'noise': 0, 'n': 101, 'shap_error': 0.0034296760609858266, 'shap_norm_sq': 64280.028071749155}
{'sample_size': 505, 'difference': -1, 'noise': 0, 'n': 101, 'shap_error': 0.10470947464758408, 'shap_norm_sq': 79156.80629839945}
{'sample_size': 1010, 'difference': 0, 'noise': 0, 'n': 101, 'shap_error': 0.038162720867236335, 'shap_norm_sq': 79156.80629839945}
{'sample_size': 2020, 'difference': 0, 'noise': 0, 'n': 101, 'shap_error': 0.020411626159605168, 'shap_norm_sq': 79156.80629839945}
{'sample_size': 4040, 'difference': 0, 'noise': 0, 'n': 101, 'shap_error': 0.011115368632900715, 'shap_norm_sq': 79156.80629839945}
{'sample_size': 8080, 'difference': 0, 'noise': 0, 'n': 101, 'shap_error': 0.005108363655859049, 'shap_norm_sq': 79156.80629839945}
{'sample_size': 16160, 'difference': 0, 'noise': 0, 'n': 101, 'shap_error': 0.002858218138338243, 'shap_norm_sq': 79156.80629839945}
{'sample_size': 505, 'difference': -1, 'noise': 0, 'n': 101, 'shap_error': 0.799988611322963, 'shap_norm_sq': 59602.05839434324}
{'sample_size': 1010, 'difference': 0, 'noise': 0, 'n': 101, 'shap_error': 0.31273958989107314, 'shap_norm_sq': 59602.05839434324}
{'sample_size': 2020, 'difference': 0, 'noise': 0, 'n': 101, 'shap_error': 0.1593002086739588, 'shap_norm_sq': 59602.05839434324}
{'sample_size': 4040, 'difference': 0, 'noise': 0, 'n': 101, 'shap_error': 0.07159093077166445, 'shap_norm_sq': 59602.05839434324}
{'sample_size': 8080, 'difference': 0, 'noise': 0, 'n': 101, 'shap_error': 0.04273151254691976, 'shap_norm_sq': 59602.05839434324}
{'sample_size': 16160, 'difference': 0, 'noise': 0, 'n': 101, 'shap_error': 0.020240794050808947, 'shap_norm_sq': 59602.05839434324}
{'sample_size': 505, 'difference': -1, 'noise': 0, 'n': 101, 'shap_error': 0.7152464559965177, 'shap_norm_sq': 73074.2043817374}
{'sample_size': 1010, 'difference': 0, 'noise': 0, 'n': 101, 'shap_error': 0.31934514653295387, 'shap_norm_sq': 73074.2043817374}
{'sample_size': 2020, 'difference': 0, 'noise': 0, 'n': 101, 'shap_error': 0.14607344958336696, 'shap_norm_sq': 73074.2043817374}
{'sample_size': 4040, 'difference': 0, 'noise': 0, 'n': 101, 'shap_error': 0.0807298084572849, 'shap_norm_sq': 73074.2043817374}
{'sample_size': 8080, 'difference': 0, 'noise': 0, 'n': 101, 'shap_error': 0.03135852222337928, 'shap_norm_sq': 73074.2043817374}
{'sample_size': 16160, 'difference': 0, 'noise': 0, 'n': 101, 'shap_error': 0.015063017229164923, 'shap_norm_sq': 73074.2043817374}
{'sample_size': 505, 'difference': -1, 'noise': 0, 'n': 101, 'shap_error': 0.19616281408439484, 'shap_norm_sq': 379988.59932513384}
{'sample_size': 1010, 'difference': 0, 'noise': 0, 'n': 101, 'shap_error': 0.11193242649874602, 'shap_norm_sq': 379988.59932513384}
{'sample_size': 2020, 'difference': 0, 'noise': 0, 'n': 101, 'shap_error': 0.0506485728735562, 'shap_norm_sq': 379988.59932513384}
{'sample_size': 4040, 'difference': 0, 'noise': 0, 'n': 101, 'shap_error': 0.0251996239194434, 'shap_norm_sq': 379988.59932513384}
{'sample_size': 8080, 'difference': 0, 'noise': 0, 'n': 101, 'shap_error': 0.012535877083941601, 'shap_norm_sq': 379988.59932513384}
{'sample_size': 16160, 'difference': 0, 'noise': 0, 'n': 101, 'shap_error': 0.007713507088454221, 'shap_norm_sq': 379988.59932513384}
{'sample_size': 505, 'difference': -1, 'noise': 0, 'n': 101, 'shap_error': 0.11398280596164437, 'shap_norm_sq': 56690.81825222265}
{'sample_size': 1010, 'difference': 0, 'noise': 0, 'n': 101, 'shap_error': 0.07476759067641421, 'shap_norm_sq': 56690.81825222265}
{'sample_size': 2020, 'difference': 0, 'noise': 0, 'n': 101, 'shap_error': 0.031512230372021666, 'shap_norm_sq': 56690.81825222265}
{'sample_size': 4040, 'difference': 0, 'noise': 0, 'n': 101, 'shap_error': 0.015953613549576914, 'shap_norm_sq': 56690.81825222265}
{'sample_size': 8080, 'difference': 0, 'noise': 0, 'n': 101, 'shap_error': 0.008275557740302251, 'shap_norm_sq': 56690.81825222265}
{'sample_size': 16160, 'difference': 0, 'noise': 0, 'n': 101, 'shap_error': 0.0034771477736190394, 'shap_norm_sq': 56690.81825222265}
{'sample_size': 505, 'difference': -1, 'noise': 0, 'n': 101, 'shap_error': 0.09446661731331832, 'shap_norm_sq': 58010.756053934965}
{'sample_size': 1010, 'difference': 0, 'noise': 0, 'n': 101, 'shap_error': 0.057223216142358035, 'shap_norm_sq': 58010.756053934965}
{'sample_size': 2020, 'difference': 0, 'noise': 0, 'n': 101, 'shap_error': 0.03195524484392628, 'shap_norm_sq': 58010.756053934965}
{'sample_size': 4040, 'difference': 0, 'noise': 0, 'n': 101, 'shap_error': 0.01368608258314012, 'shap_norm_sq': 58010.756053934965}
{'sample_size': 8080, 'difference': 0, 'noise': 0, 'n': 101, 'shap_error': 0.006470793098497398, 'shap_norm_sq': 58010.756053934965}
{'sample_size': 16160, 'difference': 0, 'noise': 0, 'n': 101, 'shap_error': 0.003186464365256695, 'shap_norm_sq': 58010.756053934965}
{'sample_size': 505, 'difference': -1, 'noise': 0, 'n': 101, 'shap_error': 0.07918462758646841, 'shap_norm_sq': 28612.152929676366}
{'sample_size': 1010, 'difference': 0, 'noise': 0, 'n': 101, 'shap_error': 0.038235349156259625, 'shap_norm_sq': 28612.152929676366}
{'sample_size': 2020, 'difference': 0, 'noise': 0, 'n': 101, 'shap_error': 0.01485761579645285, 'shap_norm_sq': 28612.152929676366}
{'sample_size': 4040, 'difference': 0, 'noise': 0, 'n': 101, 'shap_error': 0.009569909808168305, 'shap_norm_sq': 28612.152929676366}
{'sample_size': 8080, 'difference': 0, 'noise': 0, 'n': 101, 'shap_error': 0.0037594139110655477, 'shap_norm_sq': 28612.152929676366}
{'sample_size': 16160, 'difference': 0, 'noise': 0, 'n': 101, 'shap_error': 0.00177995876423818, 'shap_norm_sq': 28612.152929676366}
{'sample_size': 505, 'difference': -1, 'noise': 0, 'n': 101, 'shap_error': 0.07765101934566093, 'shap_norm_sq': 72623.21294999527}
{'sample_size': 1010, 'difference': 0, 'noise': 0, 'n': 101, 'shap_error': 0.03364824751321477, 'shap_norm_sq': 72623.21294999527}
{'sample_size': 2020, 'difference': 0, 'noise': 0, 'n': 101, 'shap_error': 0.01642024744187939, 'shap_norm_sq': 72623.21294999527}
{'sample_size': 4040, 'difference': 0, 'noise': 0, 'n': 101, 'shap_error': 0.007506582291543516, 'shap_norm_sq': 72623.21294999527}
{'sample_size': 8080, 'difference': 0, 'noise': 0, 'n': 101, 'shap_error': 0.004313591167955019, 'shap_norm_sq': 72623.21294999527}
{'sample_size': 16160, 'difference': 0, 'noise': 0, 'n': 101, 'shap_error': 0.0017035729885201722, 'shap_norm_sq': 72623.21294999527}
{'sample_size': 505, 'difference': -1, 'noise': 0, 'n': 101, 'shap_error': 0.2496880096764975, 'shap_norm_sq': 585818.9618428921}
{'sample_size': 1010, 'difference': 0, 'noise': 0, 'n': 101, 'shap_error': 0.09656133685547394, 'shap_norm_sq': 585818.9618428921}
{'sample_size': 2020, 'difference': 0, 'noise': 0, 'n': 101, 'shap_error': 0.04862985552428711, 'shap_norm_sq': 585818.9618428921}
{'sample_size': 4040, 'difference': 0, 'noise': 0, 'n': 101, 'shap_error': 0.028806095100652233, 'shap_norm_sq': 585818.9618428921}
{'sample_size': 8080, 'difference': 0, 'noise': 0, 'n': 101, 'shap_error': 0.011832448444690415, 'shap_norm_sq': 585818.9618428921}
{'sample_size': 16160, 'difference': 0, 'noise': 0, 'n': 101, 'shap_error': 0.006612841201393533, 'shap_norm_sq': 585818.9618428921}
{'sample_size': 505, 'difference': -1, 'noise': 0, 'n': 101, 'shap_error': 0.13922196006981555, 'shap_norm_sq': 59056.80155040595}
{'sample_size': 1010, 'difference': 0, 'noise': 0, 'n': 101, 'shap_error': 0.057610521344426104, 'shap_norm_sq': 59056.80155040595}
{'sample_size': 2020, 'difference': 0, 'noise': 0, 'n': 101, 'shap_error': 0.028580183426365157, 'shap_norm_sq': 59056.80155040595}
{'sample_size': 4040, 'difference': 0, 'noise': 0, 'n': 101, 'shap_error': 0.016285602745225024, 'shap_norm_sq': 59056.80155040595}
{'sample_size': 8080, 'difference': 0, 'noise': 0, 'n': 101, 'shap_error': 0.005969909250661818, 'shap_norm_sq': 59056.80155040595}
{'sample_size': 16160, 'difference': 0, 'noise': 0, 'n': 101, 'shap_error': 0.0029203392091631387, 'shap_norm_sq': 59056.80155040595}
{'sample_size': 505, 'difference': -1, 'noise': 0, 'n': 101, 'shap_error': 0.12816829038800184, 'shap_norm_sq': 68105.12030796155}
{'sample_size': 1010, 'difference': 0, 'noise': 0, 'n': 101, 'shap_error': 0.062416880098031376, 'shap_norm_sq': 68105.12030796155}
{'sample_size': 2020, 'difference': 0, 'noise': 0, 'n': 101, 'shap_error': 0.03094988973842017, 'shap_norm_sq': 68105.12030796155}
{'sample_size': 4040, 'difference': 0, 'noise': 0, 'n': 101, 'shap_error': 0.017929861298935482, 'shap_norm_sq': 68105.12030796155}
{'sample_size': 8080, 'difference': 0, 'noise': 0, 'n': 101, 'shap_error': 0.007559403101970966, 'shap_norm_sq': 68105.12030796155}
{'sample_size': 16160, 'difference': 0, 'noise': 0, 'n': 101, 'shap_error': 0.0030255025532668813, 'shap_norm_sq': 68105.12030796155}
{'sample_size': 505, 'difference': -1, 'noise': 0, 'n': 101, 'shap_error': 0.6287419865596652, 'shap_norm_sq': 139441.27744293964}
{'sample_size': 1010, 'difference': 0, 'noise': 0, 'n': 101, 'shap_error': 0.27221649780260454, 'shap_norm_sq': 139441.27744293964}
{'sample_size': 2020, 'difference': 0, 'noise': 0, 'n': 101, 'shap_error': 0.12142701889728875, 'shap_norm_sq': 139441.27744293964}
{'sample_size': 4040, 'difference': 0, 'noise': 0, 'n': 101, 'shap_error': 0.07600010439955762, 'shap_norm_sq': 139441.27744293964}
{'sample_size': 8080, 'difference': 0, 'noise': 0, 'n': 101, 'shap_error': 0.04079946681827389, 'shap_norm_sq': 139441.27744293964}
{'sample_size': 16160, 'difference': 0, 'noise': 0, 'n': 101, 'shap_error': 0.014460351478766677, 'shap_norm_sq': 139441.27744293964}
{'sample_size': 505, 'difference': -1, 'noise': 0, 'n': 101, 'shap_error': 0.3578181991894311, 'shap_norm_sq': 167533.94330480884}
{'sample_size': 1010, 'difference': 0, 'noise': 0, 'n': 101, 'shap_error': 0.1577397444373831, 'shap_norm_sq': 167533.94330480884}
{'sample_size': 2020, 'difference': 0, 'noise': 0, 'n': 101, 'shap_error': 0.0657551837162384, 'shap_norm_sq': 167533.94330480884}
{'sample_size': 4040, 'difference': 0, 'noise': 0, 'n': 101, 'shap_error': 0.034660106722562145, 'shap_norm_sq': 167533.94330480884}
{'sample_size': 8080, 'difference': 0, 'noise': 0, 'n': 101, 'shap_error': 0.021183574713141626, 'shap_norm_sq': 167533.94330480884}
{'sample_size': 16160, 'difference': 0, 'noise': 0, 'n': 101, 'shap_error': 0.01137518464713723, 'shap_norm_sq': 167533.94330480884}
{'sample_size': 505, 'difference': -1, 'noise': 0, 'n': 101, 'shap_error': 0.1648892022027578, 'shap_norm_sq': 56582.391996151935}
{'sample_size': 1010, 'difference': 0, 'noise': 0, 'n': 101, 'shap_error': 0.08613020176104137, 'shap_norm_sq': 56582.391996151935}
{'sample_size': 2020, 'difference': 0, 'noise': 0, 'n': 101, 'shap_error': 0.03221387438442815, 'shap_norm_sq': 56582.391996151935}
{'sample_size': 4040, 'difference': 0, 'noise': 0, 'n': 101, 'shap_error': 0.014369044190629565, 'shap_norm_sq': 56582.391996151935}
{'sample_size': 8080, 'difference': 0, 'noise': 0, 'n': 101, 'shap_error': 0.008746106621910802, 'shap_norm_sq': 56582.391996151935}
{'sample_size': 16160, 'difference': 0, 'noise': 0, 'n': 101, 'shap_error': 0.0037676362697529413, 'shap_norm_sq': 56582.391996151935}
{'sample_size': 505, 'difference': -1, 'noise': 0, 'n': 101, 'shap_error': 0.34193125001854696, 'shap_norm_sq': 64877.84173911159}
{'sample_size': 1010, 'difference': 0, 'noise': 0, 'n': 101, 'shap_error': 0.11960800596905453, 'shap_norm_sq': 64877.84173911159}
{'sample_size': 2020, 'difference': 0, 'noise': 0, 'n': 101, 'shap_error': 0.05601899731121778, 'shap_norm_sq': 64877.84173911159}
{'sample_size': 4040, 'difference': 0, 'noise': 0, 'n': 101, 'shap_error': 0.0367190965335776, 'shap_norm_sq': 64877.84173911159}
{'sample_size': 8080, 'difference': 0, 'noise': 0, 'n': 101, 'shap_error': 0.014950697051026529, 'shap_norm_sq': 64877.84173911159}
{'sample_size': 16160, 'difference': 0, 'noise': 0, 'n': 101, 'shap_error': 0.006926984123826367, 'shap_norm_sq': 64877.84173911159}
{'sample_size': 505, 'difference': -1, 'noise': 0, 'n': 101, 'shap_error': 0.49843960543767907, 'shap_norm_sq': 91655.66755265628}
{'sample_size': 1010, 'difference': 0, 'noise': 0, 'n': 101, 'shap_error': 0.23465400080040683, 'shap_norm_sq': 91655.66755265628}
{'sample_size': 2020, 'difference': 0, 'noise': 0, 'n': 101, 'shap_error': 0.08934037252194073, 'shap_norm_sq': 91655.66755265628}
{'sample_size': 4040, 'difference': 0, 'noise': 0, 'n': 101, 'shap_error': 0.04944636153383279, 'shap_norm_sq': 91655.66755265628}
{'sample_size': 8080, 'difference': 0, 'noise': 0, 'n': 101, 'shap_error': 0.02295703326309462, 'shap_norm_sq': 91655.66755265628}
{'sample_size': 16160, 'difference': 0, 'noise': 0, 'n': 101, 'shap_error': 0.011944997239502228, 'shap_norm_sq': 91655.66755265628}
{'sample_size': 505, 'difference': -1, 'noise': 0, 'n': 101, 'shap_error': 0.18984692110706505, 'shap_norm_sq': 65852.8644272331}
{'sample_size': 1010, 'difference': 0, 'noise': 0, 'n': 101, 'shap_error': 0.08961661561998584, 'shap_norm_sq': 65852.8644272331}
{'sample_size': 2020, 'difference': 0, 'noise': 0, 'n': 101, 'shap_error': 0.03476145183917443, 'shap_norm_sq': 65852.8644272331}
{'sample_size': 4040, 'difference': 0, 'noise': 0, 'n': 101, 'shap_error': 0.0190200100066339, 'shap_norm_sq': 65852.8644272331}
{'sample_size': 8080, 'difference': 0, 'noise': 0, 'n': 101, 'shap_error': 0.011690652468282804, 'shap_norm_sq': 65852.8644272331}
{'sample_size': 16160, 'difference': 0, 'noise': 0, 'n': 101, 'shap_error': 0.004572615769954839, 'shap_norm_sq': 65852.8644272331}
{'sample_size': 505, 'difference': -1, 'noise': 0, 'n': 101, 'shap_error': 0.05617221274989621, 'shap_norm_sq': 68578.74388306007}
{'sample_size': 1010, 'difference': 0, 'noise': 0, 'n': 101, 'shap_error': 0.04411707993113849, 'shap_norm_sq': 68578.74388306007}
{'sample_size': 2020, 'difference': 0, 'noise': 0, 'n': 101, 'shap_error': 0.019018562667679168, 'shap_norm_sq': 68578.74388306007}
{'sample_size': 4040, 'difference': 0, 'noise': 0, 'n': 101, 'shap_error': 0.008814649865774158, 'shap_norm_sq': 68578.74388306007}
{'sample_size': 8080, 'difference': 0, 'noise': 0, 'n': 101, 'shap_error': 0.0037812457277961536, 'shap_norm_sq': 68578.74388306007}
{'sample_size': 16160, 'difference': 0, 'noise': 0, 'n': 101, 'shap_error': 0.0021124893713768255, 'shap_norm_sq': 68578.74388306007}
{'sample_size': 505, 'difference': -1, 'noise': 0, 'n': 101, 'shap_error': 0.17856050785904107, 'shap_norm_sq': 15436.66169381117}
{'sample_size': 1010, 'difference': 0, 'noise': 0, 'n': 101, 'shap_error': 0.09814961563842323, 'shap_norm_sq': 15436.66169381117}
{'sample_size': 2020, 'difference': 0, 'noise': 0, 'n': 101, 'shap_error': 0.03617879301840627, 'shap_norm_sq': 15436.66169381117}
{'sample_size': 4040, 'difference': 0, 'noise': 0, 'n': 101, 'shap_error': 0.022874331473576426, 'shap_norm_sq': 15436.66169381117}
{'sample_size': 8080, 'difference': 0, 'noise': 0, 'n': 101, 'shap_error': 0.011046757660504771, 'shap_norm_sq': 15436.66169381117}
{'sample_size': 16160, 'difference': 0, 'noise': 0, 'n': 101, 'shap_error': 0.0046631710402879, 'shap_norm_sq': 15436.66169381117}
{'sample_size': 505, 'difference': -1, 'noise': 0, 'n': 101, 'shap_error': 0.1621044172058604, 'shap_norm_sq': 59988.42633215804}
{'sample_size': 1010, 'difference': 0, 'noise': 0, 'n': 101, 'shap_error': 0.05947346222369877, 'shap_norm_sq': 59988.42633215804}
{'sample_size': 2020, 'difference': 0, 'noise': 0, 'n': 101, 'shap_error': 0.02799345805724398, 'shap_norm_sq': 59988.42633215804}
{'sample_size': 4040, 'difference': 0, 'noise': 0, 'n': 101, 'shap_error': 0.011687848910282874, 'shap_norm_sq': 59988.42633215804}
{'sample_size': 8080, 'difference': 0, 'noise': 0, 'n': 101, 'shap_error': 0.005942423311976075, 'shap_norm_sq': 59988.42633215804}
{'sample_size': 16160, 'difference': 0, 'noise': 0, 'n': 101, 'shap_error': 0.0038919884754083896, 'shap_norm_sq': 59988.42633215804}
{'sample_size': 505, 'difference': -1, 'noise': 0, 'n': 101, 'shap_error': 0.12057407319466061, 'shap_norm_sq': 70948.06025453871}
{'sample_size': 1010, 'difference': 0, 'noise': 0, 'n': 101, 'shap_error': 0.05867065347600421, 'shap_norm_sq': 70948.06025453871}
{'sample_size': 2020, 'difference': 0, 'noise': 0, 'n': 101, 'shap_error': 0.028848777969559026, 'shap_norm_sq': 70948.06025453871}
{'sample_size': 4040, 'difference': 0, 'noise': 0, 'n': 101, 'shap_error': 0.015225666684003823, 'shap_norm_sq': 70948.06025453871}
{'sample_size': 8080, 'difference': 0, 'noise': 0, 'n': 101, 'shap_error': 0.005358911313523633, 'shap_norm_sq': 70948.06025453871}
{'sample_size': 16160, 'difference': 0, 'noise': 0, 'n': 101, 'shap_error': 0.004092988156737064, 'shap_norm_sq': 70948.06025453871}
{'sample_size': 505, 'difference': -1, 'noise': 0, 'n': 101, 'shap_error': 0.4427947067927538, 'shap_norm_sq': 77924.32063228902}
{'sample_size': 1010, 'difference': 0, 'noise': 0, 'n': 101, 'shap_error': 0.18035982965754827, 'shap_norm_sq': 77924.32063228902}
{'sample_size': 2020, 'difference': 0, 'noise': 0, 'n': 101, 'shap_error': 0.07661819458676904, 'shap_norm_sq': 77924.32063228902}
{'sample_size': 4040, 'difference': 0, 'noise': 0, 'n': 101, 'shap_error': 0.038874421046803984, 'shap_norm_sq': 77924.32063228902}
{'sample_size': 8080, 'difference': 0, 'noise': 0, 'n': 101, 'shap_error': 0.017019262544505663, 'shap_norm_sq': 77924.32063228902}
{'sample_size': 16160, 'difference': 0, 'noise': 0, 'n': 101, 'shap_error': 0.009881539464379337, 'shap_norm_sq': 77924.32063228902}
{'sample_size': 505, 'difference': -1, 'noise': 0, 'n': 101, 'shap_error': 0.37967304790751705, 'shap_norm_sq': 58480.294322778}
{'sample_size': 1010, 'difference': 0, 'noise': 0, 'n': 101, 'shap_error': 0.20971065080329643, 'shap_norm_sq': 58480.294322778}
{'sample_size': 2020, 'difference': 0, 'noise': 0, 'n': 101, 'shap_error': 0.0786490450766038, 'shap_norm_sq': 58480.294322778}
{'sample_size': 4040, 'difference': 0, 'noise': 0, 'n': 101, 'shap_error': 0.050252854458189174, 'shap_norm_sq': 58480.294322778}
{'sample_size': 8080, 'difference': 0, 'noise': 0, 'n': 101, 'shap_error': 0.022544933504811106, 'shap_norm_sq': 58480.294322778}
{'sample_size': 16160, 'difference': 0, 'noise': 0, 'n': 101, 'shap_error': 0.012000663125108975, 'shap_norm_sq': 58480.294322778}
{'sample_size': 505, 'difference': -1, 'noise': 0, 'n': 101, 'shap_error': 0.5562425604897655, 'shap_norm_sq': 142861.1072230097}
{'sample_size': 1010, 'difference': 0, 'noise': 0, 'n': 101, 'shap_error': 0.252643538287462, 'shap_norm_sq': 142861.1072230097}
{'sample_size': 2020, 'difference': 0, 'noise': 0, 'n': 101, 'shap_error': 0.10152430873516434, 'shap_norm_sq': 142861.1072230097}
{'sample_size': 4040, 'difference': 0, 'noise': 0, 'n': 101, 'shap_error': 0.046950786334709, 'shap_norm_sq': 142861.1072230097}
{'sample_size': 8080, 'difference': 0, 'noise': 0, 'n': 101, 'shap_error': 0.019630638955316606, 'shap_norm_sq': 142861.1072230097}
{'sample_size': 16160, 'difference': 0, 'noise': 0, 'n': 101, 'shap_error': 0.013397641512929133, 'shap_norm_sq': 142861.1072230097}
{'sample_size': 505, 'difference': -1, 'noise': 0, 'n': 101, 'shap_error': 0.6266411704657907, 'shap_norm_sq': 29155.982366292}
{'sample_size': 1010, 'difference': 0, 'noise': 0, 'n': 101, 'shap_error': 0.1510452383817769, 'shap_norm_sq': 29155.982366292}
{'sample_size': 2020, 'difference': 0, 'noise': 0, 'n': 101, 'shap_error': 0.08231436844058108, 'shap_norm_sq': 29155.982366292}
{'sample_size': 4040, 'difference': 0, 'noise': 0, 'n': 101, 'shap_error': 0.04392387254276946, 'shap_norm_sq': 29155.982366292}
{'sample_size': 8080, 'difference': 0, 'noise': 0, 'n': 101, 'shap_error': 0.021097553851749343, 'shap_norm_sq': 29155.982366292}
{'sample_size': 16160, 'difference': 0, 'noise': 0, 'n': 101, 'shap_error': 0.008715509954356371, 'shap_norm_sq': 29155.982366292}
{'sample_size': 505, 'difference': -1, 'noise': 0, 'n': 101, 'shap_error': 0.14064460465695822, 'shap_norm_sq': 68210.27030421194}
{'sample_size': 1010, 'difference': 0, 'noise': 0, 'n': 101, 'shap_error': 0.044585634435305076, 'shap_norm_sq': 68210.27030421194}
{'sample_size': 2020, 'difference': 0, 'noise': 0, 'n': 101, 'shap_error': 0.01956258014591391, 'shap_norm_sq': 68210.27030421194}
{'sample_size': 4040, 'difference': 0, 'noise': 0, 'n': 101, 'shap_error': 0.009936227705377922, 'shap_norm_sq': 68210.27030421194}
{'sample_size': 8080, 'difference': 0, 'noise': 0, 'n': 101, 'shap_error': 0.0042562455771037785, 'shap_norm_sq': 68210.27030421194}
{'sample_size': 16160, 'difference': 0, 'noise': 0, 'n': 101, 'shap_error': 0.0026796688442657056, 'shap_norm_sq': 68210.27030421194}
{'sample_size': 505, 'difference': -1, 'noise': 0, 'n': 101, 'shap_error': 0.15871742506355, 'shap_norm_sq': 86211.11074959261}
{'sample_size': 1010, 'difference': 0, 'noise': 0, 'n': 101, 'shap_error': 0.12783692925882068, 'shap_norm_sq': 86211.11074959261}
{'sample_size': 2020, 'difference': 0, 'noise': 0, 'n': 101, 'shap_error': 0.05383973123012548, 'shap_norm_sq': 86211.11074959261}
{'sample_size': 4040, 'difference': 0, 'noise': 0, 'n': 101, 'shap_error': 0.025589706235579636, 'shap_norm_sq': 86211.11074959261}
{'sample_size': 8080, 'difference': 0, 'noise': 0, 'n': 101, 'shap_error': 0.012538398801658624, 'shap_norm_sq': 86211.11074959261}
{'sample_size': 16160, 'difference': 0, 'noise': 0, 'n': 101, 'shap_error': 0.0054272094467478675, 'shap_norm_sq': 86211.11074959261}
{'sample_size': 505, 'difference': -1, 'noise': 0, 'n': 101, 'shap_error': 0.20662085720187898, 'shap_norm_sq': 71614.5711912898}
{'sample_size': 1010, 'difference': 0, 'noise': 0, 'n': 101, 'shap_error': 0.08285294291740825, 'shap_norm_sq': 71614.5711912898}
{'sample_size': 2020, 'difference': 0, 'noise': 0, 'n': 101, 'shap_error': 0.049449528929209646, 'shap_norm_sq': 71614.5711912898}
{'sample_size': 4040, 'difference': 0, 'noise': 0, 'n': 101, 'shap_error': 0.022684619408418764, 'shap_norm_sq': 71614.5711912898}
{'sample_size': 8080, 'difference': 0, 'noise': 0, 'n': 101, 'shap_error': 0.010065832593856615, 'shap_norm_sq': 71614.5711912898}
{'sample_size': 16160, 'difference': 0, 'noise': 0, 'n': 101, 'shap_error': 0.004124404849325715, 'shap_norm_sq': 71614.5711912898}
{'sample_size': 505, 'difference': -1, 'noise': 0, 'n': 101, 'shap_error': 0.5103767976194356, 'shap_norm_sq': 363781.09591590613}
{'sample_size': 1010, 'difference': 0, 'noise': 0, 'n': 101, 'shap_error': 0.1912151372558071, 'shap_norm_sq': 363781.09591590613}
{'sample_size': 2020, 'difference': 0, 'noise': 0, 'n': 101, 'shap_error': 0.09449158469912264, 'shap_norm_sq': 363781.09591590613}
{'sample_size': 4040, 'difference': 0, 'noise': 0, 'n': 101, 'shap_error': 0.03268099914453744, 'shap_norm_sq': 363781.09591590613}
{'sample_size': 8080, 'difference': 0, 'noise': 0, 'n': 101, 'shap_error': 0.022618060366175707, 'shap_norm_sq': 363781.09591590613}
{'sample_size': 16160, 'difference': 0, 'noise': 0, 'n': 101, 'shap_error': 0.009131860213234111, 'shap_norm_sq': 363781.09591590613}
{'sample_size': 505, 'difference': -1, 'noise': 0, 'n': 101, 'shap_error': 0.6116732900912468, 'shap_norm_sq': 65152.18994262499}
{'sample_size': 1010, 'difference': 0, 'noise': 0, 'n': 101, 'shap_error': 0.39152742054387046, 'shap_norm_sq': 65152.18994262499}
{'sample_size': 2020, 'difference': 0, 'noise': 0, 'n': 101, 'shap_error': 0.15652636129531722, 'shap_norm_sq': 65152.18994262499}
{'sample_size': 4040, 'difference': 0, 'noise': 0, 'n': 101, 'shap_error': 0.0747351110731493, 'shap_norm_sq': 65152.18994262499}
{'sample_size': 8080, 'difference': 0, 'noise': 0, 'n': 101, 'shap_error': 0.03173202624660182, 'shap_norm_sq': 65152.18994262499}
{'sample_size': 16160, 'difference': 0, 'noise': 0, 'n': 101, 'shap_error': 0.016010610369697552, 'shap_norm_sq': 65152.18994262499}
{'sample_size': 505, 'difference': -1, 'noise': 0, 'n': 101, 'shap_error': 0.10932587246697659, 'shap_norm_sq': 61475.04748303989}
{'sample_size': 1010, 'difference': 0, 'noise': 0, 'n': 101, 'shap_error': 0.05134233419073797, 'shap_norm_sq': 61475.04748303989}
{'sample_size': 2020, 'difference': 0, 'noise': 0, 'n': 101, 'shap_error': 0.019301983583214125, 'shap_norm_sq': 61475.04748303989}
{'sample_size': 4040, 'difference': 0, 'noise': 0, 'n': 101, 'shap_error': 0.007382850593128291, 'shap_norm_sq': 61475.04748303989}
{'sample_size': 8080, 'difference': 0, 'noise': 0, 'n': 101, 'shap_error': 0.0055401393859463195, 'shap_norm_sq': 61475.04748303989}
{'sample_size': 16160, 'difference': 0, 'noise': 0, 'n': 101, 'shap_error': 0.0019465596613225885, 'shap_norm_sq': 61475.04748303989}
{'sample_size': 505, 'difference': -1, 'noise': 0, 'n': 101, 'shap_error': 0.2581759937739956, 'shap_norm_sq': 64529.68913311736}
{'sample_size': 1010, 'difference': 0, 'noise': 0, 'n': 101, 'shap_error': 0.11510759141220334, 'shap_norm_sq': 64529.68913311736}
{'sample_size': 2020, 'difference': 0, 'noise': 0, 'n': 101, 'shap_error': 0.03927618269090523, 'shap_norm_sq': 64529.68913311736}
{'sample_size': 4040, 'difference': 0, 'noise': 0, 'n': 101, 'shap_error': 0.02029771064825376, 'shap_norm_sq': 64529.68913311736}
{'sample_size': 8080, 'difference': 0, 'noise': 0, 'n': 101, 'shap_error': 0.012152260332768583, 'shap_norm_sq': 64529.68913311736}
{'sample_size': 16160, 'difference': 0, 'noise': 0, 'n': 101, 'shap_error': 0.005146681000233083, 'shap_norm_sq': 64529.68913311736}
{'sample_size': 505, 'difference': -1, 'noise': 0, 'n': 101, 'shap_error': 0.29277489828036496, 'shap_norm_sq': 37054.59474406034}
{'sample_size': 1010, 'difference': 0, 'noise': 0, 'n': 101, 'shap_error': 0.11634095885742814, 'shap_norm_sq': 37054.59474406034}
{'sample_size': 2020, 'difference': 0, 'noise': 0, 'n': 101, 'shap_error': 0.05549551678326019, 'shap_norm_sq': 37054.59474406034}
{'sample_size': 4040, 'difference': 0, 'noise': 0, 'n': 101, 'shap_error': 0.0271798019141895, 'shap_norm_sq': 37054.59474406034}
{'sample_size': 8080, 'difference': 0, 'noise': 0, 'n': 101, 'shap_error': 0.015117705553027215, 'shap_norm_sq': 37054.59474406034}
{'sample_size': 16160, 'difference': 0, 'noise': 0, 'n': 101, 'shap_error': 0.007425112010181598, 'shap_norm_sq': 37054.59474406034}
{'sample_size': 505, 'difference': -1, 'noise': 0, 'n': 101, 'shap_error': 0.11893845334179204, 'shap_norm_sq': 67634.43522297681}
{'sample_size': 1010, 'difference': 0, 'noise': 0, 'n': 101, 'shap_error': 0.04676857562981261, 'shap_norm_sq': 67634.43522297681}
{'sample_size': 2020, 'difference': 0, 'noise': 0, 'n': 101, 'shap_error': 0.020456238406995834, 'shap_norm_sq': 67634.43522297681}
{'sample_size': 4040, 'difference': 0, 'noise': 0, 'n': 101, 'shap_error': 0.011642353238592954, 'shap_norm_sq': 67634.43522297681}
{'sample_size': 8080, 'difference': 0, 'noise': 0, 'n': 101, 'shap_error': 0.0049323024651833905, 'shap_norm_sq': 67634.43522297681}
{'sample_size': 16160, 'difference': 0, 'noise': 0, 'n': 101, 'shap_error': 0.002328296037511158, 'shap_norm_sq': 67634.43522297681}
{'sample_size': 505, 'difference': -1, 'noise': 0, 'n': 101, 'shap_error': 0.19248943951952907, 'shap_norm_sq': 65693.15553171656}
{'sample_size': 1010, 'difference': 0, 'noise': 0, 'n': 101, 'shap_error': 0.06621141633532861, 'shap_norm_sq': 65693.15553171656}
{'sample_size': 2020, 'difference': 0, 'noise': 0, 'n': 101, 'shap_error': 0.03137920348415416, 'shap_norm_sq': 65693.15553171656}
{'sample_size': 4040, 'difference': 0, 'noise': 0, 'n': 101, 'shap_error': 0.013182067562040246, 'shap_norm_sq': 65693.15553171656}
{'sample_size': 8080, 'difference': 0, 'noise': 0, 'n': 101, 'shap_error': 0.01030879452465929, 'shap_norm_sq': 65693.15553171656}
{'sample_size': 16160, 'difference': 0, 'noise': 0, 'n': 101, 'shap_error': 0.002866912968728744, 'shap_norm_sq': 65693.15553171656}
{'sample_size': 505, 'difference': -1, 'noise': 0, 'n': 101, 'shap_error': 0.27968847136848013, 'shap_norm_sq': 90026.51727442787}
{'sample_size': 1010, 'difference': 0, 'noise': 0, 'n': 101, 'shap_error': 0.1518654869859735, 'shap_norm_sq': 90026.51727442787}
{'sample_size': 2020, 'difference': 0, 'noise': 0, 'n': 101, 'shap_error': 0.06313095844814894, 'shap_norm_sq': 90026.51727442787}
{'sample_size': 4040, 'difference': 0, 'noise': 0, 'n': 101, 'shap_error': 0.0333523928702315, 'shap_norm_sq': 90026.51727442787}
{'sample_size': 8080, 'difference': 0, 'noise': 0, 'n': 101, 'shap_error': 0.01273382979032679, 'shap_norm_sq': 90026.51727442787}
{'sample_size': 16160, 'difference': 0, 'noise': 0, 'n': 101, 'shap_error': 0.007757789684274111, 'shap_norm_sq': 90026.51727442787}
{'sample_size': 505, 'difference': -1, 'noise': 0, 'n': 101, 'shap_error': 0.09131850975970063, 'shap_norm_sq': 60278.702543096995}
{'sample_size': 1010, 'difference': 0, 'noise': 0, 'n': 101, 'shap_error': 0.03740490997536329, 'shap_norm_sq': 60278.702543096995}
{'sample_size': 2020, 'difference': 0, 'noise': 0, 'n': 101, 'shap_error': 0.018900010962260703, 'shap_norm_sq': 60278.702543096995}
{'sample_size': 4040, 'difference': 0, 'noise': 0, 'n': 101, 'shap_error': 0.009462685525856216, 'shap_norm_sq': 60278.702543096995}
{'sample_size': 8080, 'difference': 0, 'noise': 0, 'n': 101, 'shap_error': 0.004031141740473798, 'shap_norm_sq': 60278.702543096995}
{'sample_size': 16160, 'difference': 0, 'noise': 0, 'n': 101, 'shap_error': 0.0024427789601842546, 'shap_norm_sq': 60278.702543096995}
{'sample_size': 505, 'difference': -1, 'noise': 0, 'n': 101, 'shap_error': 0.2577742980109257, 'shap_norm_sq': 60517.72849368696}
{'sample_size': 1010, 'difference': 0, 'noise': 0, 'n': 101, 'shap_error': 0.12179793753301023, 'shap_norm_sq': 60517.72849368696}
{'sample_size': 2020, 'difference': 0, 'noise': 0, 'n': 101, 'shap_error': 0.04859651514237856, 'shap_norm_sq': 60517.72849368696}
{'sample_size': 4040, 'difference': 0, 'noise': 0, 'n': 101, 'shap_error': 0.02886552234027978, 'shap_norm_sq': 60517.72849368696}
{'sample_size': 8080, 'difference': 0, 'noise': 0, 'n': 101, 'shap_error': 0.01161353099580575, 'shap_norm_sq': 60517.72849368696}
{'sample_size': 16160, 'difference': 0, 'noise': 0, 'n': 101, 'shap_error': 0.005886394478474804, 'shap_norm_sq': 60517.72849368696}
{'sample_size': 505, 'difference': -1, 'noise': 0, 'n': 101, 'shap_error': 0.15561916638672296, 'shap_norm_sq': 10837.687552913987}
{'sample_size': 1010, 'difference': 0, 'noise': 0, 'n': 101, 'shap_error': 0.05250664383064035, 'shap_norm_sq': 10837.687552913987}
{'sample_size': 2020, 'difference': 0, 'noise': 0, 'n': 101, 'shap_error': 0.031104371161204153, 'shap_norm_sq': 10837.687552913987}
{'sample_size': 4040, 'difference': 0, 'noise': 0, 'n': 101, 'shap_error': 0.018580348277887855, 'shap_norm_sq': 10837.687552913987}
{'sample_size': 8080, 'difference': 0, 'noise': 0, 'n': 101, 'shap_error': 0.008091626169305975, 'shap_norm_sq': 10837.687552913987}
{'sample_size': 16160, 'difference': 0, 'noise': 0, 'n': 101, 'shap_error': 0.003634009823709054, 'shap_norm_sq': 10837.687552913987}
{'sample_size': 505, 'difference': -1, 'noise': 0, 'n': 101, 'shap_error': 0.295825551337313, 'shap_norm_sq': 59094.93972924952}
{'sample_size': 1010, 'difference': 0, 'noise': 0, 'n': 101, 'shap_error': 0.08741965521348133, 'shap_norm_sq': 59094.93972924952}
{'sample_size': 2020, 'difference': 0, 'noise': 0, 'n': 101, 'shap_error': 0.07560317356041026, 'shap_norm_sq': 59094.93972924952}
{'sample_size': 4040, 'difference': 0, 'noise': 0, 'n': 101, 'shap_error': 0.023713789379753807, 'shap_norm_sq': 59094.93972924952}
{'sample_size': 8080, 'difference': 0, 'noise': 0, 'n': 101, 'shap_error': 0.01231334482598327, 'shap_norm_sq': 59094.93972924952}
{'sample_size': 16160, 'difference': 0, 'noise': 0, 'n': 101, 'shap_error': 0.008422722527584667, 'shap_norm_sq': 59094.93972924952}
{'sample_size': 505, 'difference': -1, 'noise': 0, 'n': 101, 'shap_error': 0.11733092921351303, 'shap_norm_sq': 81644.161193724}
{'sample_size': 1010, 'difference': 0, 'noise': 0, 'n': 101, 'shap_error': 0.03706724094907645, 'shap_norm_sq': 81644.161193724}
{'sample_size': 2020, 'difference': 0, 'noise': 0, 'n': 101, 'shap_error': 0.018911264692113836, 'shap_norm_sq': 81644.161193724}
{'sample_size': 4040, 'difference': 0, 'noise': 0, 'n': 101, 'shap_error': 0.009836509502802534, 'shap_norm_sq': 81644.161193724}
{'sample_size': 8080, 'difference': 0, 'noise': 0, 'n': 101, 'shap_error': 0.005294818864064789, 'shap_norm_sq': 81644.161193724}
{'sample_size': 16160, 'difference': 0, 'noise': 0, 'n': 101, 'shap_error': 0.0031710551156542933, 'shap_norm_sq': 81644.161193724}
{'sample_size': 505, 'difference': -1, 'noise': 0, 'n': 101, 'shap_error': 0.270520040769028, 'shap_norm_sq': 50053.765987219485}
{'sample_size': 1010, 'difference': 0, 'noise': 0, 'n': 101, 'shap_error': 0.12447098809528052, 'shap_norm_sq': 50053.765987219485}
{'sample_size': 2020, 'difference': 0, 'noise': 0, 'n': 101, 'shap_error': 0.0433282541296198, 'shap_norm_sq': 50053.765987219485}
{'sample_size': 4040, 'difference': 0, 'noise': 0, 'n': 101, 'shap_error': 0.032743869770611105, 'shap_norm_sq': 50053.765987219485}
{'sample_size': 8080, 'difference': 0, 'noise': 0, 'n': 101, 'shap_error': 0.014659625803466421, 'shap_norm_sq': 50053.765987219485}
{'sample_size': 16160, 'difference': 0, 'noise': 0, 'n': 101, 'shap_error': 0.00622192560865297, 'shap_norm_sq': 50053.765987219485}
{'sample_size': 505, 'difference': -1, 'noise': 0, 'n': 101, 'shap_error': 0.14052300666890083, 'shap_norm_sq': 402205.52813783445}
{'sample_size': 1010, 'difference': 0, 'noise': 0, 'n': 101, 'shap_error': 0.05328643484798331, 'shap_norm_sq': 402205.52813783445}
{'sample_size': 2020, 'difference': 0, 'noise': 0, 'n': 101, 'shap_error': 0.03923267473095941, 'shap_norm_sq': 402205.52813783445}
{'sample_size': 4040, 'difference': 0, 'noise': 0, 'n': 101, 'shap_error': 0.017100301055765245, 'shap_norm_sq': 402205.52813783445}
{'sample_size': 8080, 'difference': 0, 'noise': 0, 'n': 101, 'shap_error': 0.006915267309527626, 'shap_norm_sq': 402205.52813783445}
{'sample_size': 16160, 'difference': 0, 'noise': 0, 'n': 101, 'shap_error': 0.0047224806702853015, 'shap_norm_sq': 402205.52813783445}
{'sample_size': 505, 'difference': -1, 'noise': 0, 'n': 101, 'shap_error': 0.14873299572277232, 'shap_norm_sq': 59051.703621773784}
{'sample_size': 1010, 'difference': 0, 'noise': 0, 'n': 101, 'shap_error': 0.06128611758965895, 'shap_norm_sq': 59051.703621773784}
{'sample_size': 2020, 'difference': 0, 'noise': 0, 'n': 101, 'shap_error': 0.03275017839035814, 'shap_norm_sq': 59051.703621773784}
{'sample_size': 4040, 'difference': 0, 'noise': 0, 'n': 101, 'shap_error': 0.01605387023611606, 'shap_norm_sq': 59051.703621773784}
{'sample_size': 8080, 'difference': 0, 'noise': 0, 'n': 101, 'shap_error': 0.008313062645172268, 'shap_norm_sq': 59051.703621773784}
{'sample_size': 16160, 'difference': 0, 'noise': 0, 'n': 101, 'shap_error': 0.0034407400720931564, 'shap_norm_sq': 59051.703621773784}
{'sample_size': 505, 'difference': -1, 'noise': 0, 'n': 101, 'shap_error': 0.15645792105987788, 'shap_norm_sq': 45343.17351124053}
{'sample_size': 1010, 'difference': 0, 'noise': 0, 'n': 101, 'shap_error': 0.07823847700857445, 'shap_norm_sq': 45343.17351124053}
{'sample_size': 2020, 'difference': 0, 'noise': 0, 'n': 101, 'shap_error': 0.022232827484673683, 'shap_norm_sq': 45343.17351124053}
{'sample_size': 4040, 'difference': 0, 'noise': 0, 'n': 101, 'shap_error': 0.012370607241280843, 'shap_norm_sq': 45343.17351124053}
{'sample_size': 8080, 'difference': 0, 'noise': 0, 'n': 101, 'shap_error': 0.00553989440564288, 'shap_norm_sq': 45343.17351124053}
{'sample_size': 16160, 'difference': 0, 'noise': 0, 'n': 101, 'shap_error': 0.003227454562456357, 'shap_norm_sq': 45343.17351124053}
{'sample_size': 505, 'difference': -1, 'noise': 0, 'n': 101, 'shap_error': 0.17777011780323906, 'shap_norm_sq': 69286.48627175041}
{'sample_size': 1010, 'difference': 0, 'noise': 0, 'n': 101, 'shap_error': 0.10923520344391945, 'shap_norm_sq': 69286.48627175041}
{'sample_size': 2020, 'difference': 0, 'noise': 0, 'n': 101, 'shap_error': 0.06860937675193053, 'shap_norm_sq': 69286.48627175041}
{'sample_size': 4040, 'difference': 0, 'noise': 0, 'n': 101, 'shap_error': 0.029712653999770126, 'shap_norm_sq': 69286.48627175041}
{'sample_size': 8080, 'difference': 0, 'noise': 0, 'n': 101, 'shap_error': 0.013303678434922443, 'shap_norm_sq': 69286.48627175041}
{'sample_size': 16160, 'difference': 0, 'noise': 0, 'n': 101, 'shap_error': 0.008557077447275439, 'shap_norm_sq': 69286.48627175041}
{'sample_size': 505, 'difference': -1, 'noise': 0, 'n': 101, 'shap_error': 0.37078171424049156, 'shap_norm_sq': 64740.40159642255}
{'sample_size': 1010, 'difference': 0, 'noise': 0, 'n': 101, 'shap_error': 0.15510461456958524, 'shap_norm_sq': 64740.40159642255}
{'sample_size': 2020, 'difference': 0, 'noise': 0, 'n': 101, 'shap_error': 0.07664109523902123, 'shap_norm_sq': 64740.40159642255}
{'sample_size': 4040, 'difference': 0, 'noise': 0, 'n': 101, 'shap_error': 0.03525120601983319, 'shap_norm_sq': 64740.40159642255}
{'sample_size': 8080, 'difference': 0, 'noise': 0, 'n': 101, 'shap_error': 0.021923444886119813, 'shap_norm_sq': 64740.40159642255}
{'sample_size': 16160, 'difference': 0, 'noise': 0, 'n': 101, 'shap_error': 0.008968963985956395, 'shap_norm_sq': 64740.40159642255}
{'sample_size': 505, 'difference': -1, 'noise': 0, 'n': 101, 'shap_error': 0.09250346881002884, 'shap_norm_sq': 78281.04079348833}
{'sample_size': 1010, 'difference': 0, 'noise': 0, 'n': 101, 'shap_error': 0.036121562256311114, 'shap_norm_sq': 78281.04079348833}
{'sample_size': 2020, 'difference': 0, 'noise': 0, 'n': 101, 'shap_error': 0.01724226868325582, 'shap_norm_sq': 78281.04079348833}
{'sample_size': 4040, 'difference': 0, 'noise': 0, 'n': 101, 'shap_error': 0.00991382217423719, 'shap_norm_sq': 78281.04079348833}
{'sample_size': 8080, 'difference': 0, 'noise': 0, 'n': 101, 'shap_error': 0.005265753342181291, 'shap_norm_sq': 78281.04079348833}
{'sample_size': 16160, 'difference': 0, 'noise': 0, 'n': 101, 'shap_error': 0.002952477876415485, 'shap_norm_sq': 78281.04079348833}
{'sample_size': 505, 'difference': -1, 'noise': 0, 'n': 101, 'shap_error': 0.12945756115366053, 'shap_norm_sq': 80933.95894743361}
{'sample_size': 1010, 'difference': 0, 'noise': 0, 'n': 101, 'shap_error': 0.05472690249648588, 'shap_norm_sq': 80933.95894743361}
{'sample_size': 2020, 'difference': 0, 'noise': 0, 'n': 101, 'shap_error': 0.0315323672099913, 'shap_norm_sq': 80933.95894743361}
{'sample_size': 4040, 'difference': 0, 'noise': 0, 'n': 101, 'shap_error': 0.014447139280377294, 'shap_norm_sq': 80933.95894743361}
{'sample_size': 8080, 'difference': 0, 'noise': 0, 'n': 101, 'shap_error': 0.005040279341581607, 'shap_norm_sq': 80933.95894743361}
{'sample_size': 16160, 'difference': 0, 'noise': 0, 'n': 101, 'shap_error': 0.0033089491173110713, 'shap_norm_sq': 80933.95894743361}
{'sample_size': 505, 'difference': -1, 'noise': 0, 'n': 101, 'shap_error': 0.7544642323517795, 'shap_norm_sq': 194115.54527974554}
{'sample_size': 1010, 'difference': 0, 'noise': 0, 'n': 101, 'shap_error': 0.2400350749837601, 'shap_norm_sq': 194115.54527974554}
{'sample_size': 2020, 'difference': 0, 'noise': 0, 'n': 101, 'shap_error': 0.11502222174995037, 'shap_norm_sq': 194115.54527974554}
{'sample_size': 4040, 'difference': 0, 'noise': 0, 'n': 101, 'shap_error': 0.05440149547334429, 'shap_norm_sq': 194115.54527974554}
{'sample_size': 8080, 'difference': 0, 'noise': 0, 'n': 101, 'shap_error': 0.027195418550342777, 'shap_norm_sq': 194115.54527974554}
{'sample_size': 16160, 'difference': 0, 'noise': 0, 'n': 101, 'shap_error': 0.01937835091454884, 'shap_norm_sq': 194115.54527974554}
{'sample_size': 505, 'difference': -1, 'noise': 0, 'n': 101, 'shap_error': 0.12421402747713868, 'shap_norm_sq': 53079.06010629076}
{'sample_size': 1010, 'difference': 0, 'noise': 0, 'n': 101, 'shap_error': 0.047354440144668886, 'shap_norm_sq': 53079.06010629076}
{'sample_size': 2020, 'difference': 0, 'noise': 0, 'n': 101, 'shap_error': 0.01752629364044345, 'shap_norm_sq': 53079.06010629076}
{'sample_size': 4040, 'difference': 0, 'noise': 0, 'n': 101, 'shap_error': 0.007631922900034077, 'shap_norm_sq': 53079.06010629076}
{'sample_size': 8080, 'difference': 0, 'noise': 0, 'n': 101, 'shap_error': 0.0031195359427672363, 'shap_norm_sq': 53079.06010629076}
{'sample_size': 16160, 'difference': 0, 'noise': 0, 'n': 101, 'shap_error': 0.0019832976985685534, 'shap_norm_sq': 53079.06010629076}
{'sample_size': 505, 'difference': -1, 'noise': 0, 'n': 101, 'shap_error': 0.1808001420146904, 'shap_norm_sq': 64529.68913311736}
{'sample_size': 1010, 'difference': 0, 'noise': 0, 'n': 101, 'shap_error': 0.07914045261717617, 'shap_norm_sq': 64529.68913311736}
{'sample_size': 2020, 'difference': 0, 'noise': 0, 'n': 101, 'shap_error': 0.035515434382086465, 'shap_norm_sq': 64529.68913311736}
{'sample_size': 4040, 'difference': 0, 'noise': 0, 'n': 101, 'shap_error': 0.024224265150899846, 'shap_norm_sq': 64529.68913311736}
{'sample_size': 8080, 'difference': 0, 'noise': 0, 'n': 101, 'shap_error': 0.011198864487938148, 'shap_norm_sq': 64529.68913311736}
{'sample_size': 16160, 'difference': 0, 'noise': 0, 'n': 101, 'shap_error': 0.005053234926452259, 'shap_norm_sq': 64529.68913311736}
{'sample_size': 505, 'difference': -1, 'noise': 0, 'n': 101, 'shap_error': 0.3272220130393979, 'shap_norm_sq': 95208.64754927717}
{'sample_size': 1010, 'difference': 0, 'noise': 0, 'n': 101, 'shap_error': 0.12919743986917015, 'shap_norm_sq': 95208.64754927717}
{'sample_size': 2020, 'difference': 0, 'noise': 0, 'n': 101, 'shap_error': 0.06034559623298248, 'shap_norm_sq': 95208.64754927717}
{'sample_size': 4040, 'difference': 0, 'noise': 0, 'n': 101, 'shap_error': 0.03153056210260592, 'shap_norm_sq': 95208.64754927717}
{'sample_size': 8080, 'difference': 0, 'noise': 0, 'n': 101, 'shap_error': 0.025639287512891233, 'shap_norm_sq': 95208.64754927717}
{'sample_size': 16160, 'difference': 0, 'noise': 0, 'n': 101, 'shap_error': 0.007342401850258496, 'shap_norm_sq': 95208.64754927717}
{'sample_size': 505, 'difference': -1, 'noise': 0, 'n': 101, 'shap_error': 0.2473799194982598, 'shap_norm_sq': 49611.86676062929}
{'sample_size': 1010, 'difference': 0, 'noise': 0, 'n': 101, 'shap_error': 0.08579561263502336, 'shap_norm_sq': 49611.86676062929}
{'sample_size': 2020, 'difference': 0, 'noise': 0, 'n': 101, 'shap_error': 0.04186478446777392, 'shap_norm_sq': 49611.86676062929}
{'sample_size': 4040, 'difference': 0, 'noise': 0, 'n': 101, 'shap_error': 0.01572827300322346, 'shap_norm_sq': 49611.86676062929}
{'sample_size': 8080, 'difference': 0, 'noise': 0, 'n': 101, 'shap_error': 0.007741291132616951, 'shap_norm_sq': 49611.86676062929}
{'sample_size': 16160, 'difference': 0, 'noise': 0, 'n': 101, 'shap_error': 0.003935342836479773, 'shap_norm_sq': 49611.86676062929}
{'sample_size': 505, 'difference': -1, 'noise': 0, 'n': 101, 'shap_error': 0.1639506313270351, 'shap_norm_sq': 54630.12408325359}
{'sample_size': 1010, 'difference': 0, 'noise': 0, 'n': 101, 'shap_error': 0.06466316548373027, 'shap_norm_sq': 54630.12408325359}
{'sample_size': 2020, 'difference': 0, 'noise': 0, 'n': 101, 'shap_error': 0.023586388679255943, 'shap_norm_sq': 54630.12408325359}
{'sample_size': 4040, 'difference': 0, 'noise': 0, 'n': 101, 'shap_error': 0.013524789089307076, 'shap_norm_sq': 54630.12408325359}
{'sample_size': 8080, 'difference': 0, 'noise': 0, 'n': 101, 'shap_error': 0.005529160860002346, 'shap_norm_sq': 54630.12408325359}
{'sample_size': 16160, 'difference': 0, 'noise': 0, 'n': 101, 'shap_error': 0.003086247081039657, 'shap_norm_sq': 54630.12408325359}
{'sample_size': 505, 'difference': -1, 'noise': 0, 'n': 101, 'shap_error': 0.26902735443905057, 'shap_norm_sq': 36586.72494949802}
{'sample_size': 1010, 'difference': 0, 'noise': 0, 'n': 101, 'shap_error': 0.09098908324076173, 'shap_norm_sq': 36586.72494949802}
{'sample_size': 2020, 'difference': 0, 'noise': 0, 'n': 101, 'shap_error': 0.03735271285665275, 'shap_norm_sq': 36586.72494949802}
{'sample_size': 4040, 'difference': 0, 'noise': 0, 'n': 101, 'shap_error': 0.021607860660375452, 'shap_norm_sq': 36586.72494949802}
{'sample_size': 8080, 'difference': 0, 'noise': 0, 'n': 101, 'shap_error': 0.012351802676384967, 'shap_norm_sq': 36586.72494949802}
{'sample_size': 16160, 'difference': 0, 'noise': 0, 'n': 101, 'shap_error': 0.0048790527244463155, 'shap_norm_sq': 36586.72494949802}
{'sample_size': 505, 'difference': -1, 'noise': 0, 'n': 101, 'shap_error': 0.5365963729699033, 'shap_norm_sq': 95922.30425254253}
{'sample_size': 1010, 'difference': 0, 'noise': 0, 'n': 101, 'shap_error': 0.21436574327870841, 'shap_norm_sq': 95922.30425254253}
{'sample_size': 2020, 'difference': 0, 'noise': 0, 'n': 101, 'shap_error': 0.169383024467071, 'shap_norm_sq': 95922.30425254253}
{'sample_size': 4040, 'difference': 0, 'noise': 0, 'n': 101, 'shap_error': 0.06659175609491005, 'shap_norm_sq': 95922.30425254253}
{'sample_size': 8080, 'difference': 0, 'noise': 0, 'n': 101, 'shap_error': 0.03192877482711913, 'shap_norm_sq': 95922.30425254253}
{'sample_size': 16160, 'difference': 0, 'noise': 0, 'n': 101, 'shap_error': 0.014352770786133388, 'shap_norm_sq': 95922.30425254253}
{'sample_size': 505, 'difference': -1, 'noise': 0, 'n': 101, 'shap_error': 0.17003058164268298, 'shap_norm_sq': 66146.79000065055}
{'sample_size': 1010, 'difference': 0, 'noise': 0, 'n': 101, 'shap_error': 0.06803310636844723, 'shap_norm_sq': 66146.79000065055}
{'sample_size': 2020, 'difference': 0, 'noise': 0, 'n': 101, 'shap_error': 0.026605194852643756, 'shap_norm_sq': 66146.79000065055}
{'sample_size': 4040, 'difference': 0, 'noise': 0, 'n': 101, 'shap_error': 0.011756679978224318, 'shap_norm_sq': 66146.79000065055}
{'sample_size': 8080, 'difference': 0, 'noise': 0, 'n': 101, 'shap_error': 0.006399701897366214, 'shap_norm_sq': 66146.79000065055}
{'sample_size': 16160, 'difference': 0, 'noise': 0, 'n': 101, 'shap_error': 0.0040819063112034525, 'shap_norm_sq': 66146.79000065055}
{'sample_size': 505, 'difference': -1, 'noise': 0, 'n': 101, 'shap_error': 0.15736086376564468, 'shap_norm_sq': 36099.76370580298}
{'sample_size': 1010, 'difference': 0, 'noise': 0, 'n': 101, 'shap_error': 0.05531002727363331, 'shap_norm_sq': 36099.76370580298}
{'sample_size': 2020, 'difference': 0, 'noise': 0, 'n': 101, 'shap_error': 0.025112169447062106, 'shap_norm_sq': 36099.76370580298}
{'sample_size': 4040, 'difference': 0, 'noise': 0, 'n': 101, 'shap_error': 0.015658856620820526, 'shap_norm_sq': 36099.76370580298}
{'sample_size': 8080, 'difference': 0, 'noise': 0, 'n': 101, 'shap_error': 0.007829506583611286, 'shap_norm_sq': 36099.76370580298}
{'sample_size': 16160, 'difference': 0, 'noise': 0, 'n': 101, 'shap_error': 0.0034398290384034537, 'shap_norm_sq': 36099.76370580298}
{'sample_size': 505, 'difference': -1, 'noise': 0, 'n': 101, 'shap_error': 0.1112398000591864, 'shap_norm_sq': 115202.0167338266}
{'sample_size': 1010, 'difference': 0, 'noise': 0, 'n': 101, 'shap_error': 0.06602437144455474, 'shap_norm_sq': 115202.0167338266}
{'sample_size': 2020, 'difference': 0, 'noise': 0, 'n': 101, 'shap_error': 0.03461281892898442, 'shap_norm_sq': 115202.0167338266}
{'sample_size': 4040, 'difference': 0, 'noise': 0, 'n': 101, 'shap_error': 0.014485754681829374, 'shap_norm_sq': 115202.0167338266}
{'sample_size': 8080, 'difference': 0, 'noise': 0, 'n': 101, 'shap_error': 0.0075118363911764584, 'shap_norm_sq': 115202.0167338266}
{'sample_size': 16160, 'difference': 0, 'noise': 0, 'n': 101, 'shap_error': 0.0044721913665327715, 'shap_norm_sq': 115202.0167338266}
{'sample_size': 505, 'difference': -1, 'noise': 0, 'n': 101, 'shap_error': 0.2811731093070291, 'shap_norm_sq': 45790.27580792465}
{'sample_size': 1010, 'difference': 0, 'noise': 0, 'n': 101, 'shap_error': 0.14807160867443186, 'shap_norm_sq': 45790.27580792465}
{'sample_size': 2020, 'difference': 0, 'noise': 0, 'n': 101, 'shap_error': 0.07549571753522817, 'shap_norm_sq': 45790.27580792465}
{'sample_size': 4040, 'difference': 0, 'noise': 0, 'n': 101, 'shap_error': 0.031166933736228686, 'shap_norm_sq': 45790.27580792465}
{'sample_size': 8080, 'difference': 0, 'noise': 0, 'n': 101, 'shap_error': 0.01226389717853529, 'shap_norm_sq': 45790.27580792465}
{'sample_size': 16160, 'difference': 0, 'noise': 0, 'n': 101, 'shap_error': 0.006264151521772831, 'shap_norm_sq': 45790.27580792465}
{'sample_size': 505, 'difference': -1, 'noise': 0, 'n': 101, 'shap_error': 0.17429009760087488, 'shap_norm_sq': 132753.67474576674}
{'sample_size': 1010, 'difference': 0, 'noise': 0, 'n': 101, 'shap_error': 0.0601277287825729, 'shap_norm_sq': 132753.67474576674}
{'sample_size': 2020, 'difference': 0, 'noise': 0, 'n': 101, 'shap_error': 0.0465186549545478, 'shap_norm_sq': 132753.67474576674}
{'sample_size': 4040, 'difference': 0, 'noise': 0, 'n': 101, 'shap_error': 0.017439125451399213, 'shap_norm_sq': 132753.67474576674}
{'sample_size': 8080, 'difference': 0, 'noise': 0, 'n': 101, 'shap_error': 0.008965592360553772, 'shap_norm_sq': 132753.67474576674}
{'sample_size': 16160, 'difference': 0, 'noise': 0, 'n': 101, 'shap_error': 0.004378506716805743, 'shap_norm_sq': 132753.67474576674}
{'sample_size': 505, 'difference': -1, 'noise': 0, 'n': 101, 'shap_error': 0.20384742801258626, 'shap_norm_sq': 84682.562817112}
{'sample_size': 1010, 'difference': 0, 'noise': 0, 'n': 101, 'shap_error': 0.1088767230851256, 'shap_norm_sq': 84682.562817112}
{'sample_size': 2020, 'difference': 0, 'noise': 0, 'n': 101, 'shap_error': 0.045442535524197934, 'shap_norm_sq': 84682.562817112}
{'sample_size': 4040, 'difference': 0, 'noise': 0, 'n': 101, 'shap_error': 0.021993817953986375, 'shap_norm_sq': 84682.562817112}
{'sample_size': 8080, 'difference': 0, 'noise': 0, 'n': 101, 'shap_error': 0.01205207319497819, 'shap_norm_sq': 84682.562817112}
{'sample_size': 16160, 'difference': 0, 'noise': 0, 'n': 101, 'shap_error': 0.005374307317512193, 'shap_norm_sq': 84682.562817112}
{'sample_size': 505, 'difference': -1, 'noise': 0, 'n': 101, 'shap_error': 0.2692092138355467, 'shap_norm_sq': 91042.72190449374}
{'sample_size': 1010, 'difference': 0, 'noise': 0, 'n': 101, 'shap_error': 0.12282982409525366, 'shap_norm_sq': 91042.72190449374}
{'sample_size': 2020, 'difference': 0, 'noise': 0, 'n': 101, 'shap_error': 0.05410880089706593, 'shap_norm_sq': 91042.72190449374}
{'sample_size': 4040, 'difference': 0, 'noise': 0, 'n': 101, 'shap_error': 0.0221192492394181, 'shap_norm_sq': 91042.72190449374}
{'sample_size': 8080, 'difference': 0, 'noise': 0, 'n': 101, 'shap_error': 0.014046764628871411, 'shap_norm_sq': 91042.72190449374}
{'sample_size': 16160, 'difference': 0, 'noise': 0, 'n': 101, 'shap_error': 0.006454770085409491, 'shap_norm_sq': 91042.72190449374}
{'sample_size': 505, 'difference': -1, 'noise': 0, 'n': 101, 'shap_error': 0.20698945251063383, 'shap_norm_sq': 31924.61122788529}
{'sample_size': 1010, 'difference': 0, 'noise': 0, 'n': 101, 'shap_error': 0.1203916400154767, 'shap_norm_sq': 31924.61122788529}
{'sample_size': 2020, 'difference': 0, 'noise': 0, 'n': 101, 'shap_error': 0.05226241218252398, 'shap_norm_sq': 31924.61122788529}
{'sample_size': 4040, 'difference': 0, 'noise': 0, 'n': 101, 'shap_error': 0.02684141656559668, 'shap_norm_sq': 31924.61122788529}
{'sample_size': 8080, 'difference': 0, 'noise': 0, 'n': 101, 'shap_error': 0.013101983679518587, 'shap_norm_sq': 31924.61122788529}
{'sample_size': 16160, 'difference': 0, 'noise': 0, 'n': 101, 'shap_error': 0.006629487100066172, 'shap_norm_sq': 31924.61122788529}
{'sample_size': 505, 'difference': -1, 'noise': 0, 'n': 101, 'shap_error': 0.032671791883141094, 'shap_norm_sq': 65295.62464087013}
{'sample_size': 1010, 'difference': 0, 'noise': 0, 'n': 101, 'shap_error': 0.017170121141285914, 'shap_norm_sq': 65295.62464087013}
{'sample_size': 2020, 'difference': 0, 'noise': 0, 'n': 101, 'shap_error': 0.009796364011959064, 'shap_norm_sq': 65295.62464087013}
{'sample_size': 4040, 'difference': 0, 'noise': 0, 'n': 101, 'shap_error': 0.005732217439694189, 'shap_norm_sq': 65295.62464087013}
{'sample_size': 8080, 'difference': 0, 'noise': 0, 'n': 101, 'shap_error': 0.0030366255160694648, 'shap_norm_sq': 65295.62464087013}
{'sample_size': 16160, 'difference': 0, 'noise': 0, 'n': 101, 'shap_error': 0.0011158065082816895, 'shap_norm_sq': 65295.62464087013}
{'sample_size': 505, 'difference': -1, 'noise': 0, 'n': 101, 'shap_error': 0.10579702687618196, 'shap_norm_sq': 72052.76817577}
{'sample_size': 1010, 'difference': 0, 'noise': 0, 'n': 101, 'shap_error': 0.06560569446597138, 'shap_norm_sq': 72052.76817577}
{'sample_size': 2020, 'difference': 0, 'noise': 0, 'n': 101, 'shap_error': 0.02832688128289865, 'shap_norm_sq': 72052.76817577}
{'sample_size': 4040, 'difference': 0, 'noise': 0, 'n': 101, 'shap_error': 0.01240563154364554, 'shap_norm_sq': 72052.76817577}
{'sample_size': 8080, 'difference': 0, 'noise': 0, 'n': 101, 'shap_error': 0.007021895732593494, 'shap_norm_sq': 72052.76817577}
{'sample_size': 16160, 'difference': 0, 'noise': 0, 'n': 101, 'shap_error': 0.0030232071856835644, 'shap_norm_sq': 72052.76817577}
{'sample_size': 505, 'difference': -1, 'noise': 0, 'n': 101, 'shap_error': 0.11732638044101844, 'shap_norm_sq': 70712.29954211289}
{'sample_size': 1010, 'difference': 0, 'noise': 0, 'n': 101, 'shap_error': 0.037355385167865005, 'shap_norm_sq': 70712.29954211289}
{'sample_size': 2020, 'difference': 0, 'noise': 0, 'n': 101, 'shap_error': 0.02007518060809739, 'shap_norm_sq': 70712.29954211289}
{'sample_size': 4040, 'difference': 0, 'noise': 0, 'n': 101, 'shap_error': 0.009786029260892668, 'shap_norm_sq': 70712.29954211289}
{'sample_size': 8080, 'difference': 0, 'noise': 0, 'n': 101, 'shap_error': 0.004868175966832618, 'shap_norm_sq': 70712.29954211289}
{'sample_size': 16160, 'difference': 0, 'noise': 0, 'n': 101, 'shap_error': 0.0024451972419803816, 'shap_norm_sq': 70712.29954211289}
{'sample_size': 505, 'difference': -1, 'noise': 0, 'n': 101, 'shap_error': 0.45392049867327805, 'shap_norm_sq': 62886.07402669771}
{'sample_size': 1010, 'difference': 0, 'noise': 0, 'n': 101, 'shap_error': 0.1949173945450818, 'shap_norm_sq': 62886.07402669771}
{'sample_size': 2020, 'difference': 0, 'noise': 0, 'n': 101, 'shap_error': 0.08978836756978165, 'shap_norm_sq': 62886.07402669771}
{'sample_size': 4040, 'difference': 0, 'noise': 0, 'n': 101, 'shap_error': 0.04397158784614236, 'shap_norm_sq': 62886.07402669771}
{'sample_size': 8080, 'difference': 0, 'noise': 0, 'n': 101, 'shap_error': 0.02347751822724053, 'shap_norm_sq': 62886.07402669771}
{'sample_size': 16160, 'difference': 0, 'noise': 0, 'n': 101, 'shap_error': 0.009178030911833737, 'shap_norm_sq': 62886.07402669771}
{'sample_size': 505, 'difference': -1, 'noise': 0, 'n': 101, 'shap_error': 0.3094454916524681, 'shap_norm_sq': 112407.22898883176}
{'sample_size': 1010, 'difference': 0, 'noise': 0, 'n': 101, 'shap_error': 0.13601428774435284, 'shap_norm_sq': 112407.22898883176}
{'sample_size': 2020, 'difference': 0, 'noise': 0, 'n': 101, 'shap_error': 0.06359635451417853, 'shap_norm_sq': 112407.22898883176}
{'sample_size': 4040, 'difference': 0, 'noise': 0, 'n': 101, 'shap_error': 0.027811891647002592, 'shap_norm_sq': 112407.22898883176}
{'sample_size': 8080, 'difference': 0, 'noise': 0, 'n': 101, 'shap_error': 0.015504236492618357, 'shap_norm_sq': 112407.22898883176}
{'sample_size': 16160, 'difference': 0, 'noise': 0, 'n': 101, 'shap_error': 0.008441489437671692, 'shap_norm_sq': 112407.22898883176}
{'sample_size': 505, 'difference': -1, 'noise': 0, 'n': 101, 'shap_error': 0.1329800321859643, 'shap_norm_sq': 45961.75729972129}
{'sample_size': 1010, 'difference': 0, 'noise': 0, 'n': 101, 'shap_error': 0.05383455424557013, 'shap_norm_sq': 45961.75729972129}
{'sample_size': 2020, 'difference': 0, 'noise': 0, 'n': 101, 'shap_error': 0.02713758652032276, 'shap_norm_sq': 45961.75729972129}
{'sample_size': 4040, 'difference': 0, 'noise': 0, 'n': 101, 'shap_error': 0.010772742538512835, 'shap_norm_sq': 45961.75729972129}
{'sample_size': 8080, 'difference': 0, 'noise': 0, 'n': 101, 'shap_error': 0.004767783659780871, 'shap_norm_sq': 45961.75729972129}
{'sample_size': 16160, 'difference': 0, 'noise': 0, 'n': 101, 'shap_error': 0.0034116870712357665, 'shap_norm_sq': 45961.75729972129}
{'sample_size': 505, 'difference': -1, 'noise': 0, 'n': 101, 'shap_error': 0.6041709711260391, 'shap_norm_sq': 139441.27744293964}
{'sample_size': 1010, 'difference': 0, 'noise': 0, 'n': 101, 'shap_error': 0.28486996886966526, 'shap_norm_sq': 139441.27744293964}
{'sample_size': 2020, 'difference': 0, 'noise': 0, 'n': 101, 'shap_error': 0.17093409880741042, 'shap_norm_sq': 139441.27744293964}
{'sample_size': 4040, 'difference': 0, 'noise': 0, 'n': 101, 'shap_error': 0.06569714948451491, 'shap_norm_sq': 139441.27744293964}
{'sample_size': 8080, 'difference': 0, 'noise': 0, 'n': 101, 'shap_error': 0.034323935692782165, 'shap_norm_sq': 139441.27744293964}
{'sample_size': 16160, 'difference': 0, 'noise': 0, 'n': 101, 'shap_error': 0.014775704968460965, 'shap_norm_sq': 139441.27744293964}
{'sample_size': 505, 'difference': -1, 'noise': 0, 'n': 101, 'shap_error': 0.11666938982212663, 'shap_norm_sq': 55626.15607418063}
{'sample_size': 1010, 'difference': 0, 'noise': 0, 'n': 101, 'shap_error': 0.0522589632911777, 'shap_norm_sq': 55626.15607418063}
{'sample_size': 2020, 'difference': 0, 'noise': 0, 'n': 101, 'shap_error': 0.027269046571149865, 'shap_norm_sq': 55626.15607418063}
{'sample_size': 4040, 'difference': 0, 'noise': 0, 'n': 101, 'shap_error': 0.01165576851976989, 'shap_norm_sq': 55626.15607418063}
{'sample_size': 8080, 'difference': 0, 'noise': 0, 'n': 101, 'shap_error': 0.005386690162154865, 'shap_norm_sq': 55626.15607418063}
{'sample_size': 16160, 'difference': 0, 'noise': 0, 'n': 101, 'shap_error': 0.0030620903854466346, 'shap_norm_sq': 55626.15607418063}
{'sample_size': 505, 'difference': -1, 'noise': 0, 'n': 101, 'shap_error': 1.0800278025450425, 'shap_norm_sq': 424584.2223034383}
{'sample_size': 1010, 'difference': 0, 'noise': 0, 'n': 101, 'shap_error': 0.6163506261828745, 'shap_norm_sq': 424584.2223034383}
{'sample_size': 2020, 'difference': 0, 'noise': 0, 'n': 101, 'shap_error': 0.30817632662551814, 'shap_norm_sq': 424584.2223034383}
{'sample_size': 4040, 'difference': 0, 'noise': 0, 'n': 101, 'shap_error': 0.11669563978238555, 'shap_norm_sq': 424584.2223034383}
{'sample_size': 8080, 'difference': 0, 'noise': 0, 'n': 101, 'shap_error': 0.07557786665725684, 'shap_norm_sq': 424584.2223034383}
{'sample_size': 16160, 'difference': 0, 'noise': 0, 'n': 101, 'shap_error': 0.03370420611890396, 'shap_norm_sq': 424584.2223034383}
{'sample_size': 505, 'difference': -1, 'noise': 0, 'n': 101, 'shap_error': 0.2202815878406112, 'shap_norm_sq': 98138.75687108512}
{'sample_size': 1010, 'difference': 0, 'noise': 0, 'n': 101, 'shap_error': 0.06956619635124253, 'shap_norm_sq': 98138.75687108512}
{'sample_size': 2020, 'difference': 0, 'noise': 0, 'n': 101, 'shap_error': 0.04874960349687236, 'shap_norm_sq': 98138.75687108512}
{'sample_size': 4040, 'difference': 0, 'noise': 0, 'n': 101, 'shap_error': 0.02097268507307283, 'shap_norm_sq': 98138.75687108512}
{'sample_size': 8080, 'difference': 0, 'noise': 0, 'n': 101, 'shap_error': 0.008466862993406868, 'shap_norm_sq': 98138.75687108512}
{'sample_size': 16160, 'difference': 0, 'noise': 0, 'n': 101, 'shap_error': 0.005537513211476637, 'shap_norm_sq': 98138.75687108512}
{'sample_size': 505, 'difference': -1, 'noise': 0, 'n': 101, 'shap_error': 0.10139702259392704, 'shap_norm_sq': 81644.161193724}
{'sample_size': 1010, 'difference': 0, 'noise': 0, 'n': 101, 'shap_error': 0.04333784602662569, 'shap_norm_sq': 81644.161193724}
{'sample_size': 2020, 'difference': 0, 'noise': 0, 'n': 101, 'shap_error': 0.02881314146570641, 'shap_norm_sq': 81644.161193724}
{'sample_size': 4040, 'difference': 0, 'noise': 0, 'n': 101, 'shap_error': 0.010375703835523255, 'shap_norm_sq': 81644.161193724}
{'sample_size': 8080, 'difference': 0, 'noise': 0, 'n': 101, 'shap_error': 0.00409470300642182, 'shap_norm_sq': 81644.161193724}
{'sample_size': 16160, 'difference': 0, 'noise': 0, 'n': 101, 'shap_error': 0.002034023888930222, 'shap_norm_sq': 81644.161193724}
{'sample_size': 505, 'difference': -1, 'noise': 0, 'n': 101, 'shap_error': 0.1073951260596661, 'shap_norm_sq': 45961.75729972129}
{'sample_size': 1010, 'difference': 0, 'noise': 0, 'n': 101, 'shap_error': 0.051073228206160615, 'shap_norm_sq': 45961.75729972129}
{'sample_size': 2020, 'difference': 0, 'noise': 0, 'n': 101, 'shap_error': 0.0238477585425054, 'shap_norm_sq': 45961.75729972129}
{'sample_size': 4040, 'difference': 0, 'noise': 0, 'n': 101, 'shap_error': 0.013709660137318206, 'shap_norm_sq': 45961.75729972129}
{'sample_size': 8080, 'difference': 0, 'noise': 0, 'n': 101, 'shap_error': 0.005806422068978154, 'shap_norm_sq': 45961.75729972129}
{'sample_size': 16160, 'difference': 0, 'noise': 0, 'n': 101, 'shap_error': 0.004176698662347453, 'shap_norm_sq': 45961.75729972129}
{'sample_size': 505, 'difference': -1, 'noise': 0, 'n': 101, 'shap_error': 0.33658841832342623, 'shap_norm_sq': 198759.53121529022}
{'sample_size': 1010, 'difference': 0, 'noise': 0, 'n': 101, 'shap_error': 0.12969152984309992, 'shap_norm_sq': 198759.53121529022}
{'sample_size': 2020, 'difference': 0, 'noise': 0, 'n': 101, 'shap_error': 0.07365959761915065, 'shap_norm_sq': 198759.53121529022}
{'sample_size': 4040, 'difference': 0, 'noise': 0, 'n': 101, 'shap_error': 0.029943466731267236, 'shap_norm_sq': 198759.53121529022}
{'sample_size': 8080, 'difference': 0, 'noise': 0, 'n': 101, 'shap_error': 0.02409985623290683, 'shap_norm_sq': 198759.53121529022}
{'sample_size': 16160, 'difference': 0, 'noise': 0, 'n': 101, 'shap_error': 0.009838613158056975, 'shap_norm_sq': 198759.53121529022}
{'sample_size': 505, 'difference': -1, 'noise': 0, 'n': 101, 'shap_error': 0.7527450404138737, 'shap_norm_sq': 29652.772935067496}
{'sample_size': 1010, 'difference': 0, 'noise': 0, 'n': 101, 'shap_error': 0.3467407387021247, 'shap_norm_sq': 29652.772935067496}
{'sample_size': 2020, 'difference': 0, 'noise': 0, 'n': 101, 'shap_error': 0.1655904546131842, 'shap_norm_sq': 29652.772935067496}
{'sample_size': 4040, 'difference': 0, 'noise': 0, 'n': 101, 'shap_error': 0.09183102137731702, 'shap_norm_sq': 29652.772935067496}
{'sample_size': 8080, 'difference': 0, 'noise': 0, 'n': 101, 'shap_error': 0.03796719304346062, 'shap_norm_sq': 29652.772935067496}
{'sample_size': 16160, 'difference': 0, 'noise': 0, 'n': 101, 'shap_error': 0.021725021867400753, 'shap_norm_sq': 29652.772935067496}
{'sample_size': 505, 'difference': -1, 'noise': 0, 'n': 101, 'shap_error': 0.6081552859549181, 'shap_norm_sq': 124122.96892555564}
{'sample_size': 1010, 'difference': 0, 'noise': 0, 'n': 101, 'shap_error': 0.23970012178078656, 'shap_norm_sq': 124122.96892555564}
{'sample_size': 2020, 'difference': 0, 'noise': 0, 'n': 101, 'shap_error': 0.1174627021988786, 'shap_norm_sq': 124122.96892555564}
{'sample_size': 4040, 'difference': 0, 'noise': 0, 'n': 101, 'shap_error': 0.04910824697890888, 'shap_norm_sq': 124122.96892555564}
{'sample_size': 8080, 'difference': 0, 'noise': 0, 'n': 101, 'shap_error': 0.023762871820245626, 'shap_norm_sq': 124122.96892555564}
{'sample_size': 16160, 'difference': 0, 'noise': 0, 'n': 101, 'shap_error': 0.015146962296154726, 'shap_norm_sq': 124122.96892555564}
{'sample_size': 505, 'difference': -1, 'noise': 0, 'n': 101, 'shap_error': 0.40156402523510143, 'shap_norm_sq': 179690.4575834201}
{'sample_size': 1010, 'difference': 0, 'noise': 0, 'n': 101, 'shap_error': 0.1695399608390809, 'shap_norm_sq': 179690.4575834201}
{'sample_size': 2020, 'difference': 0, 'noise': 0, 'n': 101, 'shap_error': 0.09633070460043, 'shap_norm_sq': 179690.4575834201}
{'sample_size': 4040, 'difference': 0, 'noise': 0, 'n': 101, 'shap_error': 0.03704216825220252, 'shap_norm_sq': 179690.4575834201}
{'sample_size': 8080, 'difference': 0, 'noise': 0, 'n': 101, 'shap_error': 0.018089825511051445, 'shap_norm_sq': 179690.4575834201}
{'sample_size': 16160, 'difference': 0, 'noise': 0, 'n': 101, 'shap_error': 0.013339243780036624, 'shap_norm_sq': 179690.4575834201}
{'sample_size': 505, 'difference': -1, 'noise': 0, 'n': 101, 'shap_error': 0.16936868206072886, 'shap_norm_sq': 65757.64895039165}
{'sample_size': 1010, 'difference': 0, 'noise': 0, 'n': 101, 'shap_error': 0.08713579627275128, 'shap_norm_sq': 65757.64895039165}
{'sample_size': 2020, 'difference': 0, 'noise': 0, 'n': 101, 'shap_error': 0.043478434922432016, 'shap_norm_sq': 65757.64895039165}
{'sample_size': 4040, 'difference': 0, 'noise': 0, 'n': 101, 'shap_error': 0.019396579262579684, 'shap_norm_sq': 65757.64895039165}
{'sample_size': 8080, 'difference': 0, 'noise': 0, 'n': 101, 'shap_error': 0.010506507750128229, 'shap_norm_sq': 65757.64895039165}
{'sample_size': 16160, 'difference': 0, 'noise': 0, 'n': 101, 'shap_error': 0.0038212366489311735, 'shap_norm_sq': 65757.64895039165}
{'sample_size': 505, 'difference': -1, 'noise': 0, 'n': 101, 'shap_error': 0.191938522396, 'shap_norm_sq': 75442.7793079755}
{'sample_size': 1010, 'difference': 0, 'noise': 0, 'n': 101, 'shap_error': 0.09433205569657048, 'shap_norm_sq': 75442.7793079755}
{'sample_size': 2020, 'difference': 0, 'noise': 0, 'n': 101, 'shap_error': 0.040404480332179, 'shap_norm_sq': 75442.7793079755}
{'sample_size': 4040, 'difference': 0, 'noise': 0, 'n': 101, 'shap_error': 0.01908197339562655, 'shap_norm_sq': 75442.7793079755}
{'sample_size': 8080, 'difference': 0, 'noise': 0, 'n': 101, 'shap_error': 0.011024130593303295, 'shap_norm_sq': 75442.7793079755}
{'sample_size': 16160, 'difference': 0, 'noise': 0, 'n': 101, 'shap_error': 0.004445557987143272, 'shap_norm_sq': 75442.7793079755}
{'sample_size': 505, 'difference': -1, 'noise': 0, 'n': 101, 'shap_error': 0.2725730491362108, 'shap_norm_sq': 125824.4900374413}
{'sample_size': 1010, 'difference': 0, 'noise': 0, 'n': 101, 'shap_error': 0.11642589985257654, 'shap_norm_sq': 125824.4900374413}
{'sample_size': 2020, 'difference': 0, 'noise': 0, 'n': 101, 'shap_error': 0.057128076378685735, 'shap_norm_sq': 125824.4900374413}
{'sample_size': 4040, 'difference': 0, 'noise': 0, 'n': 101, 'shap_error': 0.028698159953721377, 'shap_norm_sq': 125824.4900374413}
{'sample_size': 8080, 'difference': 0, 'noise': 0, 'n': 101, 'shap_error': 0.014444128954607198, 'shap_norm_sq': 125824.4900374413}
{'sample_size': 16160, 'difference': 0, 'noise': 0, 'n': 101, 'shap_error': 0.007350423844079302, 'shap_norm_sq': 125824.4900374413}
{'sample_size': 505, 'difference': -1, 'noise': 0, 'n': 101, 'shap_error': 0.1629365399779779, 'shap_norm_sq': 85506.83608772403}
{'sample_size': 1010, 'difference': 0, 'noise': 0, 'n': 101, 'shap_error': 0.07740063988328993, 'shap_norm_sq': 85506.83608772403}
{'sample_size': 2020, 'difference': 0, 'noise': 0, 'n': 101, 'shap_error': 0.0363547373050369, 'shap_norm_sq': 85506.83608772403}
{'sample_size': 4040, 'difference': 0, 'noise': 0, 'n': 101, 'shap_error': 0.014144361198704254, 'shap_norm_sq': 85506.83608772403}
{'sample_size': 8080, 'difference': 0, 'noise': 0, 'n': 101, 'shap_error': 0.008939670985243928, 'shap_norm_sq': 85506.83608772403}
{'sample_size': 16160, 'difference': 0, 'noise': 0, 'n': 101, 'shap_error': 0.003415646412336387, 'shap_norm_sq': 85506.83608772403}
{'sample_size': 505, 'difference': -1, 'noise': 0, 'n': 101, 'shap_error': 0.49334017037920186, 'shap_norm_sq': 59917.01979504082}
{'sample_size': 1010, 'difference': 0, 'noise': 0, 'n': 101, 'shap_error': 0.17958132176662042, 'shap_norm_sq': 59917.01979504082}
{'sample_size': 2020, 'difference': 0, 'noise': 0, 'n': 101, 'shap_error': 0.07269957016184903, 'shap_norm_sq': 59917.01979504082}
{'sample_size': 4040, 'difference': 0, 'noise': 0, 'n': 101, 'shap_error': 0.03685344964053753, 'shap_norm_sq': 59917.01979504082}
{'sample_size': 8080, 'difference': 0, 'noise': 0, 'n': 101, 'shap_error': 0.024272777873187715, 'shap_norm_sq': 59917.01979504082}
{'sample_size': 16160, 'difference': 0, 'noise': 0, 'n': 101, 'shap_error': 0.009900082898493076, 'shap_norm_sq': 59917.01979504082}
{'sample_size': 505, 'difference': -1, 'noise': 0, 'n': 101, 'shap_error': 0.11840495240880049, 'shap_norm_sq': 73676.18200073119}
{'sample_size': 1010, 'difference': 0, 'noise': 0, 'n': 101, 'shap_error': 0.05783205280506177, 'shap_norm_sq': 73676.18200073119}
{'sample_size': 2020, 'difference': 0, 'noise': 0, 'n': 101, 'shap_error': 0.027824066080848066, 'shap_norm_sq': 73676.18200073119}
{'sample_size': 4040, 'difference': 0, 'noise': 0, 'n': 101, 'shap_error': 0.014054365330200451, 'shap_norm_sq': 73676.18200073119}
{'sample_size': 8080, 'difference': 0, 'noise': 0, 'n': 101, 'shap_error': 0.0062958723745638575, 'shap_norm_sq': 73676.18200073119}
{'sample_size': 16160, 'difference': 0, 'noise': 0, 'n': 101, 'shap_error': 0.004223513676147247, 'shap_norm_sq': 73676.18200073119}
{'sample_size': 505, 'difference': -1, 'noise': 0, 'n': 101, 'shap_error': 0.1410465009031546, 'shap_norm_sq': 66209.48623984122}
{'sample_size': 1010, 'difference': 0, 'noise': 0, 'n': 101, 'shap_error': 0.06746325284449746, 'shap_norm_sq': 66209.48623984122}
{'sample_size': 2020, 'difference': 0, 'noise': 0, 'n': 101, 'shap_error': 0.02488327101348142, 'shap_norm_sq': 66209.48623984122}
{'sample_size': 4040, 'difference': 0, 'noise': 0, 'n': 101, 'shap_error': 0.011134930385283383, 'shap_norm_sq': 66209.48623984122}
{'sample_size': 8080, 'difference': 0, 'noise': 0, 'n': 101, 'shap_error': 0.006853777278012224, 'shap_norm_sq': 66209.48623984122}
{'sample_size': 16160, 'difference': 0, 'noise': 0, 'n': 101, 'shap_error': 0.002853125421689726, 'shap_norm_sq': 66209.48623984122}
{'sample_size': 1010, 'difference': 0, 'noise': 0.0005, 'n': 101, 'shap_error': 0.13205518254996834, 'shap_norm_sq': 59126.951380871506}
{'sample_size': 1010, 'difference': 0, 'noise': 0.001, 'n': 101, 'shap_error': 0.09886077372970138, 'shap_norm_sq': 59126.951380871506}
{'sample_size': 1010, 'difference': 0, 'noise': 0.005, 'n': 101, 'shap_error': 0.11170161762211915, 'shap_norm_sq': 59126.951380871506}
{'sample_size': 1010, 'difference': 0, 'noise': 0.01, 'n': 101, 'shap_error': 0.1098890417469541, 'shap_norm_sq': 59126.951380871506}
{'sample_size': 1010, 'difference': 0, 'noise': 0.05, 'n': 101, 'shap_error': 0.09882258684326851, 'shap_norm_sq': 59126.951380871506}
{'sample_size': 1010, 'difference': 0, 'noise': 0.1, 'n': 101, 'shap_error': 0.1172128926081337, 'shap_norm_sq': 59126.951380871506}
{'sample_size': 1010, 'difference': 0, 'noise': 0.5, 'n': 101, 'shap_error': 0.08829093848090357, 'shap_norm_sq': 59126.951380871506}
{'sample_size': 1010, 'difference': 0, 'noise': 1, 'n': 101, 'shap_error': 0.11841212516973486, 'shap_norm_sq': 59126.951380871506}
{'sample_size': 1010, 'difference': 0, 'noise': 0.0005, 'n': 101, 'shap_error': 0.043887153174373264, 'shap_norm_sq': 56114.82307307525}
{'sample_size': 1010, 'difference': 0, 'noise': 0.001, 'n': 101, 'shap_error': 0.05293545675070867, 'shap_norm_sq': 56114.82307307525}
{'sample_size': 1010, 'difference': 0, 'noise': 0.005, 'n': 101, 'shap_error': 0.042511168768307496, 'shap_norm_sq': 56114.82307307525}
{'sample_size': 1010, 'difference': 0, 'noise': 0.01, 'n': 101, 'shap_error': 0.046453156295680136, 'shap_norm_sq': 56114.82307307525}
{'sample_size': 1010, 'difference': 0, 'noise': 0.05, 'n': 101, 'shap_error': 0.03324697037665158, 'shap_norm_sq': 56114.82307307525}
{'sample_size': 1010, 'difference': 0, 'noise': 0.1, 'n': 101, 'shap_error': 0.05184550114620917, 'shap_norm_sq': 56114.82307307525}
{'sample_size': 1010, 'difference': 0, 'noise': 0.5, 'n': 101, 'shap_error': 0.04503582029558683, 'shap_norm_sq': 56114.82307307525}
{'sample_size': 1010, 'difference': 0, 'noise': 1, 'n': 101, 'shap_error': 0.040791857284090176, 'shap_norm_sq': 56114.82307307525}
{'sample_size': 1010, 'difference': 0, 'noise': 0.0005, 'n': 101, 'shap_error': 0.10262564913627026, 'shap_norm_sq': 123732.80055088935}
{'sample_size': 1010, 'difference': 0, 'noise': 0.001, 'n': 101, 'shap_error': 0.12949238932037252, 'shap_norm_sq': 123732.80055088935}
{'sample_size': 1010, 'difference': 0, 'noise': 0.005, 'n': 101, 'shap_error': 0.10861006267954855, 'shap_norm_sq': 123732.80055088935}
{'sample_size': 1010, 'difference': 0, 'noise': 0.01, 'n': 101, 'shap_error': 0.13573532177495823, 'shap_norm_sq': 123732.80055088935}
{'sample_size': 1010, 'difference': 0, 'noise': 0.05, 'n': 101, 'shap_error': 0.08990433469586259, 'shap_norm_sq': 123732.80055088935}
{'sample_size': 1010, 'difference': 0, 'noise': 0.1, 'n': 101, 'shap_error': 0.08076911291801261, 'shap_norm_sq': 123732.80055088935}
{'sample_size': 1010, 'difference': 0, 'noise': 0.5, 'n': 101, 'shap_error': 0.09714716391804948, 'shap_norm_sq': 123732.80055088935}
{'sample_size': 1010, 'difference': 0, 'noise': 1, 'n': 101, 'shap_error': 0.12692170392806915, 'shap_norm_sq': 123732.80055088935}
{'sample_size': 1010, 'difference': 0, 'noise': 0.0005, 'n': 101, 'shap_error': 0.16705216604664397, 'shap_norm_sq': 75323.89170692668}
{'sample_size': 1010, 'difference': 0, 'noise': 0.001, 'n': 101, 'shap_error': 0.15338622468638352, 'shap_norm_sq': 75323.89170692668}
{'sample_size': 1010, 'difference': 0, 'noise': 0.005, 'n': 101, 'shap_error': 0.15166490259199494, 'shap_norm_sq': 75323.89170692668}
{'sample_size': 1010, 'difference': 0, 'noise': 0.01, 'n': 101, 'shap_error': 0.12493047762836748, 'shap_norm_sq': 75323.89170692668}
{'sample_size': 1010, 'difference': 0, 'noise': 0.05, 'n': 101, 'shap_error': 0.15613838686597728, 'shap_norm_sq': 75323.89170692668}
{'sample_size': 1010, 'difference': 0, 'noise': 0.1, 'n': 101, 'shap_error': 0.164428230572057, 'shap_norm_sq': 75323.89170692668}
{'sample_size': 1010, 'difference': 0, 'noise': 0.5, 'n': 101, 'shap_error': 0.1938096397781067, 'shap_norm_sq': 75323.89170692668}
{'sample_size': 1010, 'difference': 0, 'noise': 1, 'n': 101, 'shap_error': 0.14454427795927394, 'shap_norm_sq': 75323.89170692668}
{'sample_size': 1010, 'difference': 0, 'noise': 0.0005, 'n': 101, 'shap_error': 0.07331122992292109, 'shap_norm_sq': 64521.39943917334}
{'sample_size': 1010, 'difference': 0, 'noise': 0.001, 'n': 101, 'shap_error': 0.07976811464448841, 'shap_norm_sq': 64521.39943917334}
{'sample_size': 1010, 'difference': 0, 'noise': 0.005, 'n': 101, 'shap_error': 0.08834624726428826, 'shap_norm_sq': 64521.39943917334}
{'sample_size': 1010, 'difference': 0, 'noise': 0.01, 'n': 101, 'shap_error': 0.08218466204674323, 'shap_norm_sq': 64521.39943917334}
{'sample_size': 1010, 'difference': 0, 'noise': 0.05, 'n': 101, 'shap_error': 0.05380463723132651, 'shap_norm_sq': 64521.39943917334}
{'sample_size': 1010, 'difference': 0, 'noise': 0.1, 'n': 101, 'shap_error': 0.07278676299021739, 'shap_norm_sq': 64521.39943917334}
{'sample_size': 1010, 'difference': 0, 'noise': 0.5, 'n': 101, 'shap_error': 0.06061911714046759, 'shap_norm_sq': 64521.39943917334}
{'sample_size': 1010, 'difference': 0, 'noise': 1, 'n': 101, 'shap_error': 0.054913054026501276, 'shap_norm_sq': 64521.39943917334}
{'sample_size': 1010, 'difference': 0, 'noise': 0.0005, 'n': 101, 'shap_error': 0.09664870386515541, 'shap_norm_sq': 55014.228611529696}
{'sample_size': 1010, 'difference': 0, 'noise': 0.001, 'n': 101, 'shap_error': 0.08570529744400755, 'shap_norm_sq': 55014.228611529696}
{'sample_size': 1010, 'difference': 0, 'noise': 0.005, 'n': 101, 'shap_error': 0.09354904556681021, 'shap_norm_sq': 55014.228611529696}
{'sample_size': 1010, 'difference': 0, 'noise': 0.01, 'n': 101, 'shap_error': 0.08274683507129993, 'shap_norm_sq': 55014.228611529696}
{'sample_size': 1010, 'difference': 0, 'noise': 0.05, 'n': 101, 'shap_error': 0.09911774919267644, 'shap_norm_sq': 55014.228611529696}
{'sample_size': 1010, 'difference': 0, 'noise': 0.1, 'n': 101, 'shap_error': 0.09922795793577005, 'shap_norm_sq': 55014.228611529696}
{'sample_size': 1010, 'difference': 0, 'noise': 0.5, 'n': 101, 'shap_error': 0.10166876711930652, 'shap_norm_sq': 55014.228611529696}
{'sample_size': 1010, 'difference': 0, 'noise': 1, 'n': 101, 'shap_error': 0.12879925849068258, 'shap_norm_sq': 55014.228611529696}
{'sample_size': 1010, 'difference': 0, 'noise': 0.0005, 'n': 101, 'shap_error': 0.0842399836919364, 'shap_norm_sq': 59108.491020566165}
{'sample_size': 1010, 'difference': 0, 'noise': 0.001, 'n': 101, 'shap_error': 0.06496420111979123, 'shap_norm_sq': 59108.491020566165}
{'sample_size': 1010, 'difference': 0, 'noise': 0.005, 'n': 101, 'shap_error': 0.07443662132232433, 'shap_norm_sq': 59108.491020566165}
{'sample_size': 1010, 'difference': 0, 'noise': 0.01, 'n': 101, 'shap_error': 0.0634317909993614, 'shap_norm_sq': 59108.491020566165}
{'sample_size': 1010, 'difference': 0, 'noise': 0.05, 'n': 101, 'shap_error': 0.06242896929957429, 'shap_norm_sq': 59108.491020566165}
{'sample_size': 1010, 'difference': 0, 'noise': 0.1, 'n': 101, 'shap_error': 0.0674206317815724, 'shap_norm_sq': 59108.491020566165}
{'sample_size': 1010, 'difference': 0, 'noise': 0.5, 'n': 101, 'shap_error': 0.06983062746352642, 'shap_norm_sq': 59108.491020566165}
{'sample_size': 1010, 'difference': 0, 'noise': 1, 'n': 101, 'shap_error': 0.07484456505064742, 'shap_norm_sq': 59108.491020566165}
{'sample_size': 1010, 'difference': 0, 'noise': 0.0005, 'n': 101, 'shap_error': 0.07042758087802721, 'shap_norm_sq': 70563.89182048912}
{'sample_size': 1010, 'difference': 0, 'noise': 0.001, 'n': 101, 'shap_error': 0.080362155210054, 'shap_norm_sq': 70563.89182048912}
{'sample_size': 1010, 'difference': 0, 'noise': 0.005, 'n': 101, 'shap_error': 0.07644349699308449, 'shap_norm_sq': 70563.89182048912}
{'sample_size': 1010, 'difference': 0, 'noise': 0.01, 'n': 101, 'shap_error': 0.08119918759083987, 'shap_norm_sq': 70563.89182048912}
{'sample_size': 1010, 'difference': 0, 'noise': 0.05, 'n': 101, 'shap_error': 0.07641898646033322, 'shap_norm_sq': 70563.89182048912}
{'sample_size': 1010, 'difference': 0, 'noise': 0.1, 'n': 101, 'shap_error': 0.08098013470959545, 'shap_norm_sq': 70563.89182048912}
{'sample_size': 1010, 'difference': 0, 'noise': 0.5, 'n': 101, 'shap_error': 0.06828221373364526, 'shap_norm_sq': 70563.89182048912}
{'sample_size': 1010, 'difference': 0, 'noise': 1, 'n': 101, 'shap_error': 0.07705071858624932, 'shap_norm_sq': 70563.89182048912}
{'sample_size': 1010, 'difference': 0, 'noise': 0.0005, 'n': 101, 'shap_error': 0.018777803239227637, 'shap_norm_sq': 42515.97581372667}
{'sample_size': 1010, 'difference': 0, 'noise': 0.001, 'n': 101, 'shap_error': 0.021392779314453023, 'shap_norm_sq': 42515.97581372667}
{'sample_size': 1010, 'difference': 0, 'noise': 0.005, 'n': 101, 'shap_error': 0.024126754890418007, 'shap_norm_sq': 42515.97581372667}
{'sample_size': 1010, 'difference': 0, 'noise': 0.01, 'n': 101, 'shap_error': 0.020008939171455492, 'shap_norm_sq': 42515.97581372667}
{'sample_size': 1010, 'difference': 0, 'noise': 0.05, 'n': 101, 'shap_error': 0.020326233741298765, 'shap_norm_sq': 42515.97581372667}
{'sample_size': 1010, 'difference': 0, 'noise': 0.1, 'n': 101, 'shap_error': 0.02140609220455696, 'shap_norm_sq': 42515.97581372667}
{'sample_size': 1010, 'difference': 0, 'noise': 0.5, 'n': 101, 'shap_error': 0.024316378751246714, 'shap_norm_sq': 42515.97581372667}
{'sample_size': 1010, 'difference': 0, 'noise': 1, 'n': 101, 'shap_error': 0.0221521038286096, 'shap_norm_sq': 42515.97581372667}
{'sample_size': 1010, 'difference': 0, 'noise': 0.0005, 'n': 101, 'shap_error': 0.42533623471992293, 'shap_norm_sq': 57989.40208692046}
{'sample_size': 1010, 'difference': 0, 'noise': 0.001, 'n': 101, 'shap_error': 0.42868265069701944, 'shap_norm_sq': 57989.40208692046}
{'sample_size': 1010, 'difference': 0, 'noise': 0.005, 'n': 101, 'shap_error': 0.427367529052908, 'shap_norm_sq': 57989.40208692046}
{'sample_size': 1010, 'difference': 0, 'noise': 0.01, 'n': 101, 'shap_error': 0.39336641803955963, 'shap_norm_sq': 57989.40208692046}
{'sample_size': 1010, 'difference': 0, 'noise': 0.05, 'n': 101, 'shap_error': 0.5841495158007689, 'shap_norm_sq': 57989.40208692046}
{'sample_size': 1010, 'difference': 0, 'noise': 0.1, 'n': 101, 'shap_error': 0.44847943766916926, 'shap_norm_sq': 57989.40208692046}
{'sample_size': 1010, 'difference': 0, 'noise': 0.5, 'n': 101, 'shap_error': 0.4938906474876927, 'shap_norm_sq': 57989.40208692046}
{'sample_size': 1010, 'difference': 0, 'noise': 1, 'n': 101, 'shap_error': 0.4646333676450741, 'shap_norm_sq': 57989.40208692046}
{'sample_size': 1010, 'difference': 0, 'noise': 0.0005, 'n': 101, 'shap_error': 0.09088404247739967, 'shap_norm_sq': 218736.90952783328}
{'sample_size': 1010, 'difference': 0, 'noise': 0.001, 'n': 101, 'shap_error': 0.090818806765412, 'shap_norm_sq': 218736.90952783328}
{'sample_size': 1010, 'difference': 0, 'noise': 0.005, 'n': 101, 'shap_error': 0.07946385038624938, 'shap_norm_sq': 218736.90952783328}
{'sample_size': 1010, 'difference': 0, 'noise': 0.01, 'n': 101, 'shap_error': 0.12193639961119793, 'shap_norm_sq': 218736.90952783328}
{'sample_size': 1010, 'difference': 0, 'noise': 0.05, 'n': 101, 'shap_error': 0.11938605608117528, 'shap_norm_sq': 218736.90952783328}
{'sample_size': 1010, 'difference': 0, 'noise': 0.1, 'n': 101, 'shap_error': 0.12431882095166553, 'shap_norm_sq': 218736.90952783328}
{'sample_size': 1010, 'difference': 0, 'noise': 0.5, 'n': 101, 'shap_error': 0.1436193577963582, 'shap_norm_sq': 218736.90952783328}
{'sample_size': 1010, 'difference': 0, 'noise': 1, 'n': 101, 'shap_error': 0.1236544319177518, 'shap_norm_sq': 218736.90952783328}
{'sample_size': 1010, 'difference': 0, 'noise': 0.0005, 'n': 101, 'shap_error': 0.06913552246015457, 'shap_norm_sq': 64280.028071749155}
{'sample_size': 1010, 'difference': 0, 'noise': 0.001, 'n': 101, 'shap_error': 0.08403241404329122, 'shap_norm_sq': 64280.028071749155}
{'sample_size': 1010, 'difference': 0, 'noise': 0.005, 'n': 101, 'shap_error': 0.07341694459430355, 'shap_norm_sq': 64280.028071749155}
{'sample_size': 1010, 'difference': 0, 'noise': 0.01, 'n': 101, 'shap_error': 0.07085101907583508, 'shap_norm_sq': 64280.028071749155}
{'sample_size': 1010, 'difference': 0, 'noise': 0.05, 'n': 101, 'shap_error': 0.07991073920698247, 'shap_norm_sq': 64280.028071749155}
{'sample_size': 1010, 'difference': 0, 'noise': 0.1, 'n': 101, 'shap_error': 0.08622784444128834, 'shap_norm_sq': 64280.028071749155}
{'sample_size': 1010, 'difference': 0, 'noise': 0.5, 'n': 101, 'shap_error': 0.05959669250840834, 'shap_norm_sq': 64280.028071749155}
{'sample_size': 1010, 'difference': 0, 'noise': 1, 'n': 101, 'shap_error': 0.08622810394662758, 'shap_norm_sq': 64280.028071749155}
{'sample_size': 1010, 'difference': 0, 'noise': 0.0005, 'n': 101, 'shap_error': 0.052614382112672234, 'shap_norm_sq': 79156.80629839945}
{'sample_size': 1010, 'difference': 0, 'noise': 0.001, 'n': 101, 'shap_error': 0.042867357510159014, 'shap_norm_sq': 79156.80629839945}
{'sample_size': 1010, 'difference': 0, 'noise': 0.005, 'n': 101, 'shap_error': 0.038160729950877624, 'shap_norm_sq': 79156.80629839945}
{'sample_size': 1010, 'difference': 0, 'noise': 0.01, 'n': 101, 'shap_error': 0.04285135368965141, 'shap_norm_sq': 79156.80629839945}
{'sample_size': 1010, 'difference': 0, 'noise': 0.05, 'n': 101, 'shap_error': 0.04691167113657196, 'shap_norm_sq': 79156.80629839945}
{'sample_size': 1010, 'difference': 0, 'noise': 0.1, 'n': 101, 'shap_error': 0.037165754172368795, 'shap_norm_sq': 79156.80629839945}
{'sample_size': 1010, 'difference': 0, 'noise': 0.5, 'n': 101, 'shap_error': 0.0438605485734619, 'shap_norm_sq': 79156.80629839945}
{'sample_size': 1010, 'difference': 0, 'noise': 1, 'n': 101, 'shap_error': 0.02896312023802005, 'shap_norm_sq': 79156.80629839945}
{'sample_size': 1010, 'difference': 0, 'noise': 0.0005, 'n': 101, 'shap_error': 0.2675866070132127, 'shap_norm_sq': 59602.05839434324}
{'sample_size': 1010, 'difference': 0, 'noise': 0.001, 'n': 101, 'shap_error': 0.3055145402818573, 'shap_norm_sq': 59602.05839434324}
{'sample_size': 1010, 'difference': 0, 'noise': 0.005, 'n': 101, 'shap_error': 0.2912820674673525, 'shap_norm_sq': 59602.05839434324}
{'sample_size': 1010, 'difference': 0, 'noise': 0.01, 'n': 101, 'shap_error': 0.34799583253636013, 'shap_norm_sq': 59602.05839434324}
{'sample_size': 1010, 'difference': 0, 'noise': 0.05, 'n': 101, 'shap_error': 0.3217526721415811, 'shap_norm_sq': 59602.05839434324}
{'sample_size': 1010, 'difference': 0, 'noise': 0.1, 'n': 101, 'shap_error': 0.28748679625064033, 'shap_norm_sq': 59602.05839434324}
{'sample_size': 1010, 'difference': 0, 'noise': 0.5, 'n': 101, 'shap_error': 0.34388405872691036, 'shap_norm_sq': 59602.05839434324}
{'sample_size': 1010, 'difference': 0, 'noise': 1, 'n': 101, 'shap_error': 0.28753551344496353, 'shap_norm_sq': 59602.05839434324}
{'sample_size': 1010, 'difference': 0, 'noise': 0.0005, 'n': 101, 'shap_error': 0.3467575789490959, 'shap_norm_sq': 73074.2043817374}
{'sample_size': 1010, 'difference': 0, 'noise': 0.001, 'n': 101, 'shap_error': 0.3251312751691722, 'shap_norm_sq': 73074.2043817374}
{'sample_size': 1010, 'difference': 0, 'noise': 0.005, 'n': 101, 'shap_error': 0.28568390034079877, 'shap_norm_sq': 73074.2043817374}
{'sample_size': 1010, 'difference': 0, 'noise': 0.01, 'n': 101, 'shap_error': 0.3587390643723859, 'shap_norm_sq': 73074.2043817374}
{'sample_size': 1010, 'difference': 0, 'noise': 0.05, 'n': 101, 'shap_error': 0.29763086318880555, 'shap_norm_sq': 73074.2043817374}
{'sample_size': 1010, 'difference': 0, 'noise': 0.1, 'n': 101, 'shap_error': 0.360506464809238, 'shap_norm_sq': 73074.2043817374}
{'sample_size': 1010, 'difference': 0, 'noise': 0.5, 'n': 101, 'shap_error': 0.3481779446701777, 'shap_norm_sq': 73074.2043817374}
{'sample_size': 1010, 'difference': 0, 'noise': 1, 'n': 101, 'shap_error': 0.44362597265297465, 'shap_norm_sq': 73074.2043817374}
{'sample_size': 1010, 'difference': 0, 'noise': 0.0005, 'n': 101, 'shap_error': 0.10272776031252787, 'shap_norm_sq': 379988.59932513384}
{'sample_size': 1010, 'difference': 0, 'noise': 0.001, 'n': 101, 'shap_error': 0.09052563397840747, 'shap_norm_sq': 379988.59932513384}
{'sample_size': 1010, 'difference': 0, 'noise': 0.005, 'n': 101, 'shap_error': 0.10216673172365498, 'shap_norm_sq': 379988.59932513384}
{'sample_size': 1010, 'difference': 0, 'noise': 0.01, 'n': 101, 'shap_error': 0.10443146743094821, 'shap_norm_sq': 379988.59932513384}
{'sample_size': 1010, 'difference': 0, 'noise': 0.05, 'n': 101, 'shap_error': 0.11113182236294022, 'shap_norm_sq': 379988.59932513384}
{'sample_size': 1010, 'difference': 0, 'noise': 0.1, 'n': 101, 'shap_error': 0.10443754185608817, 'shap_norm_sq': 379988.59932513384}
{'sample_size': 1010, 'difference': 0, 'noise': 0.5, 'n': 101, 'shap_error': 0.12021149944245325, 'shap_norm_sq': 379988.59932513384}
{'sample_size': 1010, 'difference': 0, 'noise': 1, 'n': 101, 'shap_error': 0.10117290272372055, 'shap_norm_sq': 379988.59932513384}
{'sample_size': 1010, 'difference': 0, 'noise': 0.0005, 'n': 101, 'shap_error': 0.06458127358152904, 'shap_norm_sq': 56690.81825222265}
{'sample_size': 1010, 'difference': 0, 'noise': 0.001, 'n': 101, 'shap_error': 0.0840113700953333, 'shap_norm_sq': 56690.81825222265}
{'sample_size': 1010, 'difference': 0, 'noise': 0.005, 'n': 101, 'shap_error': 0.07098589899952401, 'shap_norm_sq': 56690.81825222265}
{'sample_size': 1010, 'difference': 0, 'noise': 0.01, 'n': 101, 'shap_error': 0.08367344997980873, 'shap_norm_sq': 56690.81825222265}
{'sample_size': 1010, 'difference': 0, 'noise': 0.05, 'n': 101, 'shap_error': 0.05385270917981979, 'shap_norm_sq': 56690.81825222265}
{'sample_size': 1010, 'difference': 0, 'noise': 0.1, 'n': 101, 'shap_error': 0.06262739467847353, 'shap_norm_sq': 56690.81825222265}
{'sample_size': 1010, 'difference': 0, 'noise': 0.5, 'n': 101, 'shap_error': 0.0633879044530156, 'shap_norm_sq': 56690.81825222265}
{'sample_size': 1010, 'difference': 0, 'noise': 1, 'n': 101, 'shap_error': 0.08793230532847761, 'shap_norm_sq': 56690.81825222265}
{'sample_size': 1010, 'difference': 0, 'noise': 0.0005, 'n': 101, 'shap_error': 0.055073214141977224, 'shap_norm_sq': 58010.756053934965}
{'sample_size': 1010, 'difference': 0, 'noise': 0.001, 'n': 101, 'shap_error': 0.06272221849781151, 'shap_norm_sq': 58010.756053934965}
{'sample_size': 1010, 'difference': 0, 'noise': 0.005, 'n': 101, 'shap_error': 0.060330214290547766, 'shap_norm_sq': 58010.756053934965}
{'sample_size': 1010, 'difference': 0, 'noise': 0.01, 'n': 101, 'shap_error': 0.06475050679253141, 'shap_norm_sq': 58010.756053934965}
{'sample_size': 1010, 'difference': 0, 'noise': 0.05, 'n': 101, 'shap_error': 0.04692225396614677, 'shap_norm_sq': 58010.756053934965}
{'sample_size': 1010, 'difference': 0, 'noise': 0.1, 'n': 101, 'shap_error': 0.05329594897403601, 'shap_norm_sq': 58010.756053934965}
{'sample_size': 1010, 'difference': 0, 'noise': 0.5, 'n': 101, 'shap_error': 0.05470649025588626, 'shap_norm_sq': 58010.756053934965}
{'sample_size': 1010, 'difference': 0, 'noise': 1, 'n': 101, 'shap_error': 0.050264905667429784, 'shap_norm_sq': 58010.756053934965}
{'sample_size': 1010, 'difference': 0, 'noise': 0.0005, 'n': 101, 'shap_error': 0.03217467756889804, 'shap_norm_sq': 28612.152929676366}
{'sample_size': 1010, 'difference': 0, 'noise': 0.001, 'n': 101, 'shap_error': 0.031473489222499366, 'shap_norm_sq': 28612.152929676366}
{'sample_size': 1010, 'difference': 0, 'noise': 0.005, 'n': 101, 'shap_error': 0.031528411903910335, 'shap_norm_sq': 28612.152929676366}
{'sample_size': 1010, 'difference': 0, 'noise': 0.01, 'n': 101, 'shap_error': 0.03568927656779738, 'shap_norm_sq': 28612.152929676366}
{'sample_size': 1010, 'difference': 0, 'noise': 0.05, 'n': 101, 'shap_error': 0.03388869558054096, 'shap_norm_sq': 28612.152929676366}
{'sample_size': 1010, 'difference': 0, 'noise': 0.1, 'n': 101, 'shap_error': 0.035301321519513415, 'shap_norm_sq': 28612.152929676366}
{'sample_size': 1010, 'difference': 0, 'noise': 0.5, 'n': 101, 'shap_error': 0.035810298170315336, 'shap_norm_sq': 28612.152929676366}
{'sample_size': 1010, 'difference': 0, 'noise': 1, 'n': 101, 'shap_error': 0.043007723807149185, 'shap_norm_sq': 28612.152929676366}
{'sample_size': 1010, 'difference': 0, 'noise': 0.0005, 'n': 101, 'shap_error': 0.044414801902817234, 'shap_norm_sq': 72623.21294999527}
{'sample_size': 1010, 'difference': 0, 'noise': 0.001, 'n': 101, 'shap_error': 0.03539176028255163, 'shap_norm_sq': 72623.21294999527}
{'sample_size': 1010, 'difference': 0, 'noise': 0.005, 'n': 101, 'shap_error': 0.03578027728651817, 'shap_norm_sq': 72623.21294999527}
{'sample_size': 1010, 'difference': 0, 'noise': 0.01, 'n': 101, 'shap_error': 0.04555547832136093, 'shap_norm_sq': 72623.21294999527}
{'sample_size': 1010, 'difference': 0, 'noise': 0.05, 'n': 101, 'shap_error': 0.04072546196420137, 'shap_norm_sq': 72623.21294999527}
{'sample_size': 1010, 'difference': 0, 'noise': 0.1, 'n': 101, 'shap_error': 0.029945300737142373, 'shap_norm_sq': 72623.21294999527}
{'sample_size': 1010, 'difference': 0, 'noise': 0.5, 'n': 101, 'shap_error': 0.04313972233428564, 'shap_norm_sq': 72623.21294999527}
{'sample_size': 1010, 'difference': 0, 'noise': 1, 'n': 101, 'shap_error': 0.060746199218204996, 'shap_norm_sq': 72623.21294999527}
{'sample_size': 1010, 'difference': 0, 'noise': 0.0005, 'n': 101, 'shap_error': 0.0688672971715888, 'shap_norm_sq': 585818.9618428921}
{'sample_size': 1010, 'difference': 0, 'noise': 0.001, 'n': 101, 'shap_error': 0.09982473551686412, 'shap_norm_sq': 585818.9618428921}
{'sample_size': 1010, 'difference': 0, 'noise': 0.005, 'n': 101, 'shap_error': 0.0968332585584681, 'shap_norm_sq': 585818.9618428921}
{'sample_size': 1010, 'difference': 0, 'noise': 0.01, 'n': 101, 'shap_error': 0.13731901111458247, 'shap_norm_sq': 585818.9618428921}
{'sample_size': 1010, 'difference': 0, 'noise': 0.05, 'n': 101, 'shap_error': 0.08779069236805251, 'shap_norm_sq': 585818.9618428921}
{'sample_size': 1010, 'difference': 0, 'noise': 0.1, 'n': 101, 'shap_error': 0.11498463977641141, 'shap_norm_sq': 585818.9618428921}
{'sample_size': 1010, 'difference': 0, 'noise': 0.5, 'n': 101, 'shap_error': 0.09680557441609425, 'shap_norm_sq': 585818.9618428921}
{'sample_size': 1010, 'difference': 0, 'noise': 1, 'n': 101, 'shap_error': 0.10587192556549493, 'shap_norm_sq': 585818.9618428921}
{'sample_size': 1010, 'difference': 0, 'noise': 0.0005, 'n': 101, 'shap_error': 0.04626049944524848, 'shap_norm_sq': 59056.80155040595}
{'sample_size': 1010, 'difference': 0, 'noise': 0.001, 'n': 101, 'shap_error': 0.062272397222515284, 'shap_norm_sq': 59056.80155040595}
{'sample_size': 1010, 'difference': 0, 'noise': 0.005, 'n': 101, 'shap_error': 0.060474263004664, 'shap_norm_sq': 59056.80155040595}
{'sample_size': 1010, 'difference': 0, 'noise': 0.01, 'n': 101, 'shap_error': 0.049337536310795634, 'shap_norm_sq': 59056.80155040595}
{'sample_size': 1010, 'difference': 0, 'noise': 0.05, 'n': 101, 'shap_error': 0.0507736679365173, 'shap_norm_sq': 59056.80155040595}
{'sample_size': 1010, 'difference': 0, 'noise': 0.1, 'n': 101, 'shap_error': 0.05434079790274782, 'shap_norm_sq': 59056.80155040595}
{'sample_size': 1010, 'difference': 0, 'noise': 0.5, 'n': 101, 'shap_error': 0.06456204846398583, 'shap_norm_sq': 59056.80155040595}
{'sample_size': 1010, 'difference': 0, 'noise': 1, 'n': 101, 'shap_error': 0.06593436185139966, 'shap_norm_sq': 59056.80155040595}
{'sample_size': 1010, 'difference': 0, 'noise': 0.0005, 'n': 101, 'shap_error': 0.06934851629735472, 'shap_norm_sq': 68105.12030796155}
{'sample_size': 1010, 'difference': 0, 'noise': 0.001, 'n': 101, 'shap_error': 0.0668654598397758, 'shap_norm_sq': 68105.12030796155}
{'sample_size': 1010, 'difference': 0, 'noise': 0.005, 'n': 101, 'shap_error': 0.05792301686245534, 'shap_norm_sq': 68105.12030796155}
{'sample_size': 1010, 'difference': 0, 'noise': 0.01, 'n': 101, 'shap_error': 0.058013423190332224, 'shap_norm_sq': 68105.12030796155}
{'sample_size': 1010, 'difference': 0, 'noise': 0.05, 'n': 101, 'shap_error': 0.0750767013438631, 'shap_norm_sq': 68105.12030796155}
{'sample_size': 1010, 'difference': 0, 'noise': 0.1, 'n': 101, 'shap_error': 0.07318233373161309, 'shap_norm_sq': 68105.12030796155}
{'sample_size': 1010, 'difference': 0, 'noise': 0.5, 'n': 101, 'shap_error': 0.06876755547162228, 'shap_norm_sq': 68105.12030796155}
{'sample_size': 1010, 'difference': 0, 'noise': 1, 'n': 101, 'shap_error': 0.05667079047728667, 'shap_norm_sq': 68105.12030796155}
{'sample_size': 1010, 'difference': 0, 'noise': 0.0005, 'n': 101, 'shap_error': 0.3308308285062962, 'shap_norm_sq': 139441.27744293964}
{'sample_size': 1010, 'difference': 0, 'noise': 0.001, 'n': 101, 'shap_error': 0.3681165229596401, 'shap_norm_sq': 139441.27744293964}
{'sample_size': 1010, 'difference': 0, 'noise': 0.005, 'n': 101, 'shap_error': 0.2729312937539074, 'shap_norm_sq': 139441.27744293964}
{'sample_size': 1010, 'difference': 0, 'noise': 0.01, 'n': 101, 'shap_error': 0.2833237895528405, 'shap_norm_sq': 139441.27744293964}
{'sample_size': 1010, 'difference': 0, 'noise': 0.05, 'n': 101, 'shap_error': 0.24730736935618425, 'shap_norm_sq': 139441.27744293964}
{'sample_size': 1010, 'difference': 0, 'noise': 0.1, 'n': 101, 'shap_error': 0.21625893620088713, 'shap_norm_sq': 139441.27744293964}
{'sample_size': 1010, 'difference': 0, 'noise': 0.5, 'n': 101, 'shap_error': 0.2251724583405175, 'shap_norm_sq': 139441.27744293964}
{'sample_size': 1010, 'difference': 0, 'noise': 1, 'n': 101, 'shap_error': 0.256872133577668, 'shap_norm_sq': 139441.27744293964}
{'sample_size': 1010, 'difference': 0, 'noise': 0.0005, 'n': 101, 'shap_error': 0.22348433405273535, 'shap_norm_sq': 167533.94330480884}
{'sample_size': 1010, 'difference': 0, 'noise': 0.001, 'n': 101, 'shap_error': 0.13662799735343947, 'shap_norm_sq': 167533.94330480884}
{'sample_size': 1010, 'difference': 0, 'noise': 0.005, 'n': 101, 'shap_error': 0.17601089491896496, 'shap_norm_sq': 167533.94330480884}
{'sample_size': 1010, 'difference': 0, 'noise': 0.01, 'n': 101, 'shap_error': 0.18288775682260158, 'shap_norm_sq': 167533.94330480884}
{'sample_size': 1010, 'difference': 0, 'noise': 0.05, 'n': 101, 'shap_error': 0.2520037196065027, 'shap_norm_sq': 167533.94330480884}
{'sample_size': 1010, 'difference': 0, 'noise': 0.1, 'n': 101, 'shap_error': 0.14164755336195012, 'shap_norm_sq': 167533.94330480884}
{'sample_size': 1010, 'difference': 0, 'noise': 0.5, 'n': 101, 'shap_error': 0.1817809017925876, 'shap_norm_sq': 167533.94330480884}
{'sample_size': 1010, 'difference': 0, 'noise': 1, 'n': 101, 'shap_error': 0.13707868076924676, 'shap_norm_sq': 167533.94330480884}
{'sample_size': 1010, 'difference': 0, 'noise': 0.0005, 'n': 101, 'shap_error': 0.06130922278411468, 'shap_norm_sq': 56582.391996151935}
{'sample_size': 1010, 'difference': 0, 'noise': 0.001, 'n': 101, 'shap_error': 0.06440137782780417, 'shap_norm_sq': 56582.391996151935}
{'sample_size': 1010, 'difference': 0, 'noise': 0.005, 'n': 101, 'shap_error': 0.05437650644427059, 'shap_norm_sq': 56582.391996151935}
{'sample_size': 1010, 'difference': 0, 'noise': 0.01, 'n': 101, 'shap_error': 0.04281773236345783, 'shap_norm_sq': 56582.391996151935}
{'sample_size': 1010, 'difference': 0, 'noise': 0.05, 'n': 101, 'shap_error': 0.08019955418436645, 'shap_norm_sq': 56582.391996151935}
{'sample_size': 1010, 'difference': 0, 'noise': 0.1, 'n': 101, 'shap_error': 0.07391119573301305, 'shap_norm_sq': 56582.391996151935}
{'sample_size': 1010, 'difference': 0, 'noise': 0.5, 'n': 101, 'shap_error': 0.06970465310045619, 'shap_norm_sq': 56582.391996151935}
{'sample_size': 1010, 'difference': 0, 'noise': 1, 'n': 101, 'shap_error': 0.0635635756041115, 'shap_norm_sq': 56582.391996151935}
{'sample_size': 1010, 'difference': 0, 'noise': 0.0005, 'n': 101, 'shap_error': 0.10954445965694616, 'shap_norm_sq': 64877.84173911159}
{'sample_size': 1010, 'difference': 0, 'noise': 0.001, 'n': 101, 'shap_error': 0.12187449910962361, 'shap_norm_sq': 64877.84173911159}
{'sample_size': 1010, 'difference': 0, 'noise': 0.005, 'n': 101, 'shap_error': 0.12220874210633981, 'shap_norm_sq': 64877.84173911159}
{'sample_size': 1010, 'difference': 0, 'noise': 0.01, 'n': 101, 'shap_error': 0.14380167298459112, 'shap_norm_sq': 64877.84173911159}
{'sample_size': 1010, 'difference': 0, 'noise': 0.05, 'n': 101, 'shap_error': 0.10474946338936654, 'shap_norm_sq': 64877.84173911159}
{'sample_size': 1010, 'difference': 0, 'noise': 0.1, 'n': 101, 'shap_error': 0.11742221796008118, 'shap_norm_sq': 64877.84173911159}
{'sample_size': 1010, 'difference': 0, 'noise': 0.5, 'n': 101, 'shap_error': 0.1213060609449905, 'shap_norm_sq': 64877.84173911159}
{'sample_size': 1010, 'difference': 0, 'noise': 1, 'n': 101, 'shap_error': 0.12266701201208091, 'shap_norm_sq': 64877.84173911159}
{'sample_size': 1010, 'difference': 0, 'noise': 0.0005, 'n': 101, 'shap_error': 0.25175727636319806, 'shap_norm_sq': 91655.66755265628}
{'sample_size': 1010, 'difference': 0, 'noise': 0.001, 'n': 101, 'shap_error': 0.18435458668382687, 'shap_norm_sq': 91655.66755265628}
{'sample_size': 1010, 'difference': 0, 'noise': 0.005, 'n': 101, 'shap_error': 0.21222928993808765, 'shap_norm_sq': 91655.66755265628}
{'sample_size': 1010, 'difference': 0, 'noise': 0.01, 'n': 101, 'shap_error': 0.2487580709242997, 'shap_norm_sq': 91655.66755265628}
{'sample_size': 1010, 'difference': 0, 'noise': 0.05, 'n': 101, 'shap_error': 0.2228366818644075, 'shap_norm_sq': 91655.66755265628}
{'sample_size': 1010, 'difference': 0, 'noise': 0.1, 'n': 101, 'shap_error': 0.2969325353542173, 'shap_norm_sq': 91655.66755265628}
{'sample_size': 1010, 'difference': 0, 'noise': 0.5, 'n': 101, 'shap_error': 0.2300749808684436, 'shap_norm_sq': 91655.66755265628}
{'sample_size': 1010, 'difference': 0, 'noise': 1, 'n': 101, 'shap_error': 0.287298442166183, 'shap_norm_sq': 91655.66755265628}
{'sample_size': 1010, 'difference': 0, 'noise': 0.0005, 'n': 101, 'shap_error': 0.08643017355543388, 'shap_norm_sq': 65852.8644272331}
{'sample_size': 1010, 'difference': 0, 'noise': 0.001, 'n': 101, 'shap_error': 0.06447469233350742, 'shap_norm_sq': 65852.8644272331}
{'sample_size': 1010, 'difference': 0, 'noise': 0.005, 'n': 101, 'shap_error': 0.0968067205897513, 'shap_norm_sq': 65852.8644272331}
{'sample_size': 1010, 'difference': 0, 'noise': 0.01, 'n': 101, 'shap_error': 0.08552906355692914, 'shap_norm_sq': 65852.8644272331}
{'sample_size': 1010, 'difference': 0, 'noise': 0.05, 'n': 101, 'shap_error': 0.09465445602750812, 'shap_norm_sq': 65852.8644272331}
{'sample_size': 1010, 'difference': 0, 'noise': 0.1, 'n': 101, 'shap_error': 0.09834251578074155, 'shap_norm_sq': 65852.8644272331}
{'sample_size': 1010, 'difference': 0, 'noise': 0.5, 'n': 101, 'shap_error': 0.08914142536695943, 'shap_norm_sq': 65852.8644272331}
{'sample_size': 1010, 'difference': 0, 'noise': 1, 'n': 101, 'shap_error': 0.06531397925851677, 'shap_norm_sq': 65852.8644272331}
{'sample_size': 1010, 'difference': 0, 'noise': 0.0005, 'n': 101, 'shap_error': 0.051089970899640784, 'shap_norm_sq': 68578.74388306007}
{'sample_size': 1010, 'difference': 0, 'noise': 0.001, 'n': 101, 'shap_error': 0.043465347197900815, 'shap_norm_sq': 68578.74388306007}
{'sample_size': 1010, 'difference': 0, 'noise': 0.005, 'n': 101, 'shap_error': 0.040368567632502184, 'shap_norm_sq': 68578.74388306007}
{'sample_size': 1010, 'difference': 0, 'noise': 0.01, 'n': 101, 'shap_error': 0.04258480363343573, 'shap_norm_sq': 68578.74388306007}
{'sample_size': 1010, 'difference': 0, 'noise': 0.05, 'n': 101, 'shap_error': 0.03549779104407596, 'shap_norm_sq': 68578.74388306007}
{'sample_size': 1010, 'difference': 0, 'noise': 0.1, 'n': 101, 'shap_error': 0.045658690180910934, 'shap_norm_sq': 68578.74388306007}
{'sample_size': 1010, 'difference': 0, 'noise': 0.5, 'n': 101, 'shap_error': 0.03737216256167166, 'shap_norm_sq': 68578.74388306007}
{'sample_size': 1010, 'difference': 0, 'noise': 1, 'n': 101, 'shap_error': 0.05325906457725467, 'shap_norm_sq': 68578.74388306007}
{'sample_size': 1010, 'difference': 0, 'noise': 0.0005, 'n': 101, 'shap_error': 0.11038826224305676, 'shap_norm_sq': 15436.66169381117}
{'sample_size': 1010, 'difference': 0, 'noise': 0.001, 'n': 101, 'shap_error': 0.07593081302321637, 'shap_norm_sq': 15436.66169381117}
{'sample_size': 1010, 'difference': 0, 'noise': 0.005, 'n': 101, 'shap_error': 0.06785651119536172, 'shap_norm_sq': 15436.66169381117}
{'sample_size': 1010, 'difference': 0, 'noise': 0.01, 'n': 101, 'shap_error': 0.07920833452735507, 'shap_norm_sq': 15436.66169381117}
{'sample_size': 1010, 'difference': 0, 'noise': 0.05, 'n': 101, 'shap_error': 0.06657921842733888, 'shap_norm_sq': 15436.66169381117}
{'sample_size': 1010, 'difference': 0, 'noise': 0.1, 'n': 101, 'shap_error': 0.09080447384074004, 'shap_norm_sq': 15436.66169381117}
{'sample_size': 1010, 'difference': 0, 'noise': 0.5, 'n': 101, 'shap_error': 0.09620291122737448, 'shap_norm_sq': 15436.66169381117}
{'sample_size': 1010, 'difference': 0, 'noise': 1, 'n': 101, 'shap_error': 0.06798245447067659, 'shap_norm_sq': 15436.66169381117}
{'sample_size': 1010, 'difference': 0, 'noise': 0.0005, 'n': 101, 'shap_error': 0.06103029108677192, 'shap_norm_sq': 59988.42633215804}
{'sample_size': 1010, 'difference': 0, 'noise': 0.001, 'n': 101, 'shap_error': 0.06580704970001677, 'shap_norm_sq': 59988.42633215804}
{'sample_size': 1010, 'difference': 0, 'noise': 0.005, 'n': 101, 'shap_error': 0.06353004854813264, 'shap_norm_sq': 59988.42633215804}
{'sample_size': 1010, 'difference': 0, 'noise': 0.01, 'n': 101, 'shap_error': 0.05054864633210686, 'shap_norm_sq': 59988.42633215804}
{'sample_size': 1010, 'difference': 0, 'noise': 0.05, 'n': 101, 'shap_error': 0.056595031890205885, 'shap_norm_sq': 59988.42633215804}
{'sample_size': 1010, 'difference': 0, 'noise': 0.1, 'n': 101, 'shap_error': 0.06115012573703976, 'shap_norm_sq': 59988.42633215804}
{'sample_size': 1010, 'difference': 0, 'noise': 0.5, 'n': 101, 'shap_error': 0.0899333162737079, 'shap_norm_sq': 59988.42633215804}
{'sample_size': 1010, 'difference': 0, 'noise': 1, 'n': 101, 'shap_error': 0.06423136174394865, 'shap_norm_sq': 59988.42633215804}
{'sample_size': 1010, 'difference': 0, 'noise': 0.0005, 'n': 101, 'shap_error': 0.055803887691431346, 'shap_norm_sq': 70948.06025453871}
{'sample_size': 1010, 'difference': 0, 'noise': 0.001, 'n': 101, 'shap_error': 0.05824396369678262, 'shap_norm_sq': 70948.06025453871}
{'sample_size': 1010, 'difference': 0, 'noise': 0.005, 'n': 101, 'shap_error': 0.05378456168882279, 'shap_norm_sq': 70948.06025453871}
{'sample_size': 1010, 'difference': 0, 'noise': 0.01, 'n': 101, 'shap_error': 0.07022616618336011, 'shap_norm_sq': 70948.06025453871}
{'sample_size': 1010, 'difference': 0, 'noise': 0.05, 'n': 101, 'shap_error': 0.06245568550572937, 'shap_norm_sq': 70948.06025453871}
{'sample_size': 1010, 'difference': 0, 'noise': 0.1, 'n': 101, 'shap_error': 0.05111036308505653, 'shap_norm_sq': 70948.06025453871}
{'sample_size': 1010, 'difference': 0, 'noise': 0.5, 'n': 101, 'shap_error': 0.056275674120953856, 'shap_norm_sq': 70948.06025453871}
{'sample_size': 1010, 'difference': 0, 'noise': 1, 'n': 101, 'shap_error': 0.06908711508340708, 'shap_norm_sq': 70948.06025453871}
{'sample_size': 1010, 'difference': 0, 'noise': 0.0005, 'n': 101, 'shap_error': 0.22656665473184032, 'shap_norm_sq': 77924.32063228902}
{'sample_size': 1010, 'difference': 0, 'noise': 0.001, 'n': 101, 'shap_error': 0.19719572720181788, 'shap_norm_sq': 77924.32063228902}
{'sample_size': 1010, 'difference': 0, 'noise': 0.005, 'n': 101, 'shap_error': 0.11535588242047677, 'shap_norm_sq': 77924.32063228902}
{'sample_size': 1010, 'difference': 0, 'noise': 0.01, 'n': 101, 'shap_error': 0.23564921219018528, 'shap_norm_sq': 77924.32063228902}
{'sample_size': 1010, 'difference': 0, 'noise': 0.05, 'n': 101, 'shap_error': 0.15595822654189334, 'shap_norm_sq': 77924.32063228902}
{'sample_size': 1010, 'difference': 0, 'noise': 0.1, 'n': 101, 'shap_error': 0.16072913970655953, 'shap_norm_sq': 77924.32063228902}
{'sample_size': 1010, 'difference': 0, 'noise': 0.5, 'n': 101, 'shap_error': 0.2431323508821812, 'shap_norm_sq': 77924.32063228902}
{'sample_size': 1010, 'difference': 0, 'noise': 1, 'n': 101, 'shap_error': 0.19084111516226662, 'shap_norm_sq': 77924.32063228902}
{'sample_size': 1010, 'difference': 0, 'noise': 0.0005, 'n': 101, 'shap_error': 0.19631751751227366, 'shap_norm_sq': 58480.294322778}
{'sample_size': 1010, 'difference': 0, 'noise': 0.001, 'n': 101, 'shap_error': 0.18861800183616845, 'shap_norm_sq': 58480.294322778}
{'sample_size': 1010, 'difference': 0, 'noise': 0.005, 'n': 101, 'shap_error': 0.2084857526204283, 'shap_norm_sq': 58480.294322778}
{'sample_size': 1010, 'difference': 0, 'noise': 0.01, 'n': 101, 'shap_error': 0.19498958707687958, 'shap_norm_sq': 58480.294322778}
{'sample_size': 1010, 'difference': 0, 'noise': 0.05, 'n': 101, 'shap_error': 0.2116599505203868, 'shap_norm_sq': 58480.294322778}
{'sample_size': 1010, 'difference': 0, 'noise': 0.1, 'n': 101, 'shap_error': 0.19654133098102128, 'shap_norm_sq': 58480.294322778}
{'sample_size': 1010, 'difference': 0, 'noise': 0.5, 'n': 101, 'shap_error': 0.22821766633560803, 'shap_norm_sq': 58480.294322778}
{'sample_size': 1010, 'difference': 0, 'noise': 1, 'n': 101, 'shap_error': 0.2260468684678594, 'shap_norm_sq': 58480.294322778}
{'sample_size': 1010, 'difference': 0, 'noise': 0.0005, 'n': 101, 'shap_error': 0.18201430827315673, 'shap_norm_sq': 142861.1072230097}
{'sample_size': 1010, 'difference': 0, 'noise': 0.001, 'n': 101, 'shap_error': 0.28448011893303127, 'shap_norm_sq': 142861.1072230097}
{'sample_size': 1010, 'difference': 0, 'noise': 0.005, 'n': 101, 'shap_error': 0.261859477266861, 'shap_norm_sq': 142861.1072230097}
{'sample_size': 1010, 'difference': 0, 'noise': 0.01, 'n': 101, 'shap_error': 0.2525684321356008, 'shap_norm_sq': 142861.1072230097}
{'sample_size': 1010, 'difference': 0, 'noise': 0.05, 'n': 101, 'shap_error': 0.27713879255994317, 'shap_norm_sq': 142861.1072230097}
{'sample_size': 1010, 'difference': 0, 'noise': 0.1, 'n': 101, 'shap_error': 0.22400448098210593, 'shap_norm_sq': 142861.1072230097}
{'sample_size': 1010, 'difference': 0, 'noise': 0.5, 'n': 101, 'shap_error': 0.27248008778508775, 'shap_norm_sq': 142861.1072230097}
{'sample_size': 1010, 'difference': 0, 'noise': 1, 'n': 101, 'shap_error': 0.25004206091734643, 'shap_norm_sq': 142861.1072230097}
{'sample_size': 1010, 'difference': 0, 'noise': 0.0005, 'n': 101, 'shap_error': 0.19156036213781316, 'shap_norm_sq': 29155.982366292}
{'sample_size': 1010, 'difference': 0, 'noise': 0.001, 'n': 101, 'shap_error': 0.1576360691119859, 'shap_norm_sq': 29155.982366292}
{'sample_size': 1010, 'difference': 0, 'noise': 0.005, 'n': 101, 'shap_error': 0.15148079637394934, 'shap_norm_sq': 29155.982366292}
{'sample_size': 1010, 'difference': 0, 'noise': 0.01, 'n': 101, 'shap_error': 0.1383127231733812, 'shap_norm_sq': 29155.982366292}
{'sample_size': 1010, 'difference': 0, 'noise': 0.05, 'n': 101, 'shap_error': 0.15053314674347865, 'shap_norm_sq': 29155.982366292}
{'sample_size': 1010, 'difference': 0, 'noise': 0.1, 'n': 101, 'shap_error': 0.17559107675989113, 'shap_norm_sq': 29155.982366292}
{'sample_size': 1010, 'difference': 0, 'noise': 0.5, 'n': 101, 'shap_error': 0.117945316118378, 'shap_norm_sq': 29155.982366292}
{'sample_size': 1010, 'difference': 0, 'noise': 1, 'n': 101, 'shap_error': 0.20158376760080002, 'shap_norm_sq': 29155.982366292}
{'sample_size': 1010, 'difference': 0, 'noise': 0.0005, 'n': 101, 'shap_error': 0.05326216835150062, 'shap_norm_sq': 68210.27030421194}
{'sample_size': 1010, 'difference': 0, 'noise': 0.001, 'n': 101, 'shap_error': 0.032401888617570956, 'shap_norm_sq': 68210.27030421194}
{'sample_size': 1010, 'difference': 0, 'noise': 0.005, 'n': 101, 'shap_error': 0.03809177624077943, 'shap_norm_sq': 68210.27030421194}
{'sample_size': 1010, 'difference': 0, 'noise': 0.01, 'n': 101, 'shap_error': 0.05978712333329932, 'shap_norm_sq': 68210.27030421194}
{'sample_size': 1010, 'difference': 0, 'noise': 0.05, 'n': 101, 'shap_error': 0.047353084484143576, 'shap_norm_sq': 68210.27030421194}
{'sample_size': 1010, 'difference': 0, 'noise': 0.1, 'n': 101, 'shap_error': 0.04588141596585825, 'shap_norm_sq': 68210.27030421194}
{'sample_size': 1010, 'difference': 0, 'noise': 0.5, 'n': 101, 'shap_error': 0.04550638458521331, 'shap_norm_sq': 68210.27030421194}
{'sample_size': 1010, 'difference': 0, 'noise': 1, 'n': 101, 'shap_error': 0.04782379423530527, 'shap_norm_sq': 68210.27030421194}
{'sample_size': 1010, 'difference': 0, 'noise': 0.0005, 'n': 101, 'shap_error': 0.08828702947226968, 'shap_norm_sq': 86211.11074959261}
{'sample_size': 1010, 'difference': 0, 'noise': 0.001, 'n': 101, 'shap_error': 0.09060026400999575, 'shap_norm_sq': 86211.11074959261}
{'sample_size': 1010, 'difference': 0, 'noise': 0.005, 'n': 101, 'shap_error': 0.10105871125968925, 'shap_norm_sq': 86211.11074959261}
{'sample_size': 1010, 'difference': 0, 'noise': 0.01, 'n': 101, 'shap_error': 0.08483206868895465, 'shap_norm_sq': 86211.11074959261}
{'sample_size': 1010, 'difference': 0, 'noise': 0.05, 'n': 101, 'shap_error': 0.11787306668585448, 'shap_norm_sq': 86211.11074959261}
{'sample_size': 1010, 'difference': 0, 'noise': 0.1, 'n': 101, 'shap_error': 0.09438138322771807, 'shap_norm_sq': 86211.11074959261}
{'sample_size': 1010, 'difference': 0, 'noise': 0.5, 'n': 101, 'shap_error': 0.08734942754861064, 'shap_norm_sq': 86211.11074959261}
{'sample_size': 1010, 'difference': 0, 'noise': 1, 'n': 101, 'shap_error': 0.10604878415938708, 'shap_norm_sq': 86211.11074959261}
{'sample_size': 1010, 'difference': 0, 'noise': 0.0005, 'n': 101, 'shap_error': 0.0847625091815582, 'shap_norm_sq': 71614.5711912898}
{'sample_size': 1010, 'difference': 0, 'noise': 0.001, 'n': 101, 'shap_error': 0.070800999404638, 'shap_norm_sq': 71614.5711912898}
{'sample_size': 1010, 'difference': 0, 'noise': 0.005, 'n': 101, 'shap_error': 0.07116075810690942, 'shap_norm_sq': 71614.5711912898}
{'sample_size': 1010, 'difference': 0, 'noise': 0.01, 'n': 101, 'shap_error': 0.0837613265397797, 'shap_norm_sq': 71614.5711912898}
{'sample_size': 1010, 'difference': 0, 'noise': 0.05, 'n': 101, 'shap_error': 0.08125026201999395, 'shap_norm_sq': 71614.5711912898}
{'sample_size': 1010, 'difference': 0, 'noise': 0.1, 'n': 101, 'shap_error': 0.0896178265868416, 'shap_norm_sq': 71614.5711912898}
{'sample_size': 1010, 'difference': 0, 'noise': 0.5, 'n': 101, 'shap_error': 0.07962904484535355, 'shap_norm_sq': 71614.5711912898}
{'sample_size': 1010, 'difference': 0, 'noise': 1, 'n': 101, 'shap_error': 0.07407307906252075, 'shap_norm_sq': 71614.5711912898}
{'sample_size': 1010, 'difference': 0, 'noise': 0.0005, 'n': 101, 'shap_error': 0.17286741288903126, 'shap_norm_sq': 363781.09591590613}
{'sample_size': 1010, 'difference': 0, 'noise': 0.001, 'n': 101, 'shap_error': 0.23530445030323807, 'shap_norm_sq': 363781.09591590613}
{'sample_size': 1010, 'difference': 0, 'noise': 0.005, 'n': 101, 'shap_error': 0.23103932283963233, 'shap_norm_sq': 363781.09591590613}
{'sample_size': 1010, 'difference': 0, 'noise': 0.01, 'n': 101, 'shap_error': 0.19370169941699472, 'shap_norm_sq': 363781.09591590613}
{'sample_size': 1010, 'difference': 0, 'noise': 0.05, 'n': 101, 'shap_error': 0.2618964410342704, 'shap_norm_sq': 363781.09591590613}
{'sample_size': 1010, 'difference': 0, 'noise': 0.1, 'n': 101, 'shap_error': 0.27572413260199136, 'shap_norm_sq': 363781.09591590613}
{'sample_size': 1010, 'difference': 0, 'noise': 0.5, 'n': 101, 'shap_error': 0.20231264160881235, 'shap_norm_sq': 363781.09591590613}
{'sample_size': 1010, 'difference': 0, 'noise': 1, 'n': 101, 'shap_error': 0.17727232571032195, 'shap_norm_sq': 363781.09591590613}
{'sample_size': 1010, 'difference': 0, 'noise': 0.0005, 'n': 101, 'shap_error': 0.31141347758225846, 'shap_norm_sq': 65152.18994262499}
{'sample_size': 1010, 'difference': 0, 'noise': 0.001, 'n': 101, 'shap_error': 0.3319127983536833, 'shap_norm_sq': 65152.18994262499}
{'sample_size': 1010, 'difference': 0, 'noise': 0.005, 'n': 101, 'shap_error': 0.3904283106861594, 'shap_norm_sq': 65152.18994262499}
{'sample_size': 1010, 'difference': 0, 'noise': 0.01, 'n': 101, 'shap_error': 0.39912573379422817, 'shap_norm_sq': 65152.18994262499}
{'sample_size': 1010, 'difference': 0, 'noise': 0.05, 'n': 101, 'shap_error': 0.25718942553899937, 'shap_norm_sq': 65152.18994262499}
{'sample_size': 1010, 'difference': 0, 'noise': 0.1, 'n': 101, 'shap_error': 0.33374032044532037, 'shap_norm_sq': 65152.18994262499}
{'sample_size': 1010, 'difference': 0, 'noise': 0.5, 'n': 101, 'shap_error': 0.3360929822186962, 'shap_norm_sq': 65152.18994262499}
{'sample_size': 1010, 'difference': 0, 'noise': 1, 'n': 101, 'shap_error': 0.3418993050018003, 'shap_norm_sq': 65152.18994262499}
{'sample_size': 1010, 'difference': 0, 'noise': 0.0005, 'n': 101, 'shap_error': 0.03708905177901359, 'shap_norm_sq': 61475.04748303989}
{'sample_size': 1010, 'difference': 0, 'noise': 0.001, 'n': 101, 'shap_error': 0.050799538005813286, 'shap_norm_sq': 61475.04748303989}
{'sample_size': 1010, 'difference': 0, 'noise': 0.005, 'n': 101, 'shap_error': 0.05757795537029599, 'shap_norm_sq': 61475.04748303989}
{'sample_size': 1010, 'difference': 0, 'noise': 0.01, 'n': 101, 'shap_error': 0.04339504666648278, 'shap_norm_sq': 61475.04748303989}
{'sample_size': 1010, 'difference': 0, 'noise': 0.05, 'n': 101, 'shap_error': 0.05144374597301156, 'shap_norm_sq': 61475.04748303989}
{'sample_size': 1010, 'difference': 0, 'noise': 0.1, 'n': 101, 'shap_error': 0.04570397025587, 'shap_norm_sq': 61475.04748303989}
{'sample_size': 1010, 'difference': 0, 'noise': 0.5, 'n': 101, 'shap_error': 0.03751691045392259, 'shap_norm_sq': 61475.04748303989}
{'sample_size': 1010, 'difference': 0, 'noise': 1, 'n': 101, 'shap_error': 0.04113604786778047, 'shap_norm_sq': 61475.04748303989}
{'sample_size': 1010, 'difference': 0, 'noise': 0.0005, 'n': 101, 'shap_error': 0.07347208740813964, 'shap_norm_sq': 64529.68913311736}
{'sample_size': 1010, 'difference': 0, 'noise': 0.001, 'n': 101, 'shap_error': 0.0929744773138052, 'shap_norm_sq': 64529.68913311736}
{'sample_size': 1010, 'difference': 0, 'noise': 0.005, 'n': 101, 'shap_error': 0.0803427226381445, 'shap_norm_sq': 64529.68913311736}
{'sample_size': 1010, 'difference': 0, 'noise': 0.01, 'n': 101, 'shap_error': 0.08987615562662912, 'shap_norm_sq': 64529.68913311736}
{'sample_size': 1010, 'difference': 0, 'noise': 0.05, 'n': 101, 'shap_error': 0.08123017936223298, 'shap_norm_sq': 64529.68913311736}
{'sample_size': 1010, 'difference': 0, 'noise': 0.1, 'n': 101, 'shap_error': 0.08889950487172132, 'shap_norm_sq': 64529.68913311736}
{'sample_size': 1010, 'difference': 0, 'noise': 0.5, 'n': 101, 'shap_error': 0.10480397524628315, 'shap_norm_sq': 64529.68913311736}
{'sample_size': 1010, 'difference': 0, 'noise': 1, 'n': 101, 'shap_error': 0.07488218643676979, 'shap_norm_sq': 64529.68913311736}
{'sample_size': 1010, 'difference': 0, 'noise': 0.0005, 'n': 101, 'shap_error': 0.09835268592209336, 'shap_norm_sq': 37054.59474406034}
{'sample_size': 1010, 'difference': 0, 'noise': 0.001, 'n': 101, 'shap_error': 0.16116362129090583, 'shap_norm_sq': 37054.59474406034}
{'sample_size': 1010, 'difference': 0, 'noise': 0.005, 'n': 101, 'shap_error': 0.13718891247388842, 'shap_norm_sq': 37054.59474406034}
{'sample_size': 1010, 'difference': 0, 'noise': 0.01, 'n': 101, 'shap_error': 0.13539795977766855, 'shap_norm_sq': 37054.59474406034}
{'sample_size': 1010, 'difference': 0, 'noise': 0.05, 'n': 101, 'shap_error': 0.19104287797213884, 'shap_norm_sq': 37054.59474406034}
{'sample_size': 1010, 'difference': 0, 'noise': 0.1, 'n': 101, 'shap_error': 0.12323290877292928, 'shap_norm_sq': 37054.59474406034}
{'sample_size': 1010, 'difference': 0, 'noise': 0.5, 'n': 101, 'shap_error': 0.15885793181602628, 'shap_norm_sq': 37054.59474406034}
{'sample_size': 1010, 'difference': 0, 'noise': 1, 'n': 101, 'shap_error': 0.11762816199613457, 'shap_norm_sq': 37054.59474406034}
{'sample_size': 1010, 'difference': 0, 'noise': 0.0005, 'n': 101, 'shap_error': 0.04432899726942919, 'shap_norm_sq': 67634.43522297681}
{'sample_size': 1010, 'difference': 0, 'noise': 0.001, 'n': 101, 'shap_error': 0.04076552446186437, 'shap_norm_sq': 67634.43522297681}
{'sample_size': 1010, 'difference': 0, 'noise': 0.005, 'n': 101, 'shap_error': 0.048320231488308676, 'shap_norm_sq': 67634.43522297681}
{'sample_size': 1010, 'difference': 0, 'noise': 0.01, 'n': 101, 'shap_error': 0.05272047021525795, 'shap_norm_sq': 67634.43522297681}
{'sample_size': 1010, 'difference': 0, 'noise': 0.05, 'n': 101, 'shap_error': 0.040845397724621785, 'shap_norm_sq': 67634.43522297681}
{'sample_size': 1010, 'difference': 0, 'noise': 0.1, 'n': 101, 'shap_error': 0.04583374224088029, 'shap_norm_sq': 67634.43522297681}
{'sample_size': 1010, 'difference': 0, 'noise': 0.5, 'n': 101, 'shap_error': 0.03640814531114842, 'shap_norm_sq': 67634.43522297681}
{'sample_size': 1010, 'difference': 0, 'noise': 1, 'n': 101, 'shap_error': 0.050324855759327436, 'shap_norm_sq': 67634.43522297681}
{'sample_size': 1010, 'difference': 0, 'noise': 0.0005, 'n': 101, 'shap_error': 0.06281658362601386, 'shap_norm_sq': 65693.15553171656}
{'sample_size': 1010, 'difference': 0, 'noise': 0.001, 'n': 101, 'shap_error': 0.06746281478273765, 'shap_norm_sq': 65693.15553171656}
{'sample_size': 1010, 'difference': 0, 'noise': 0.005, 'n': 101, 'shap_error': 0.055578285851613396, 'shap_norm_sq': 65693.15553171656}
{'sample_size': 1010, 'difference': 0, 'noise': 0.01, 'n': 101, 'shap_error': 0.0789906019019414, 'shap_norm_sq': 65693.15553171656}
{'sample_size': 1010, 'difference': 0, 'noise': 0.05, 'n': 101, 'shap_error': 0.06526611802231826, 'shap_norm_sq': 65693.15553171656}
{'sample_size': 1010, 'difference': 0, 'noise': 0.1, 'n': 101, 'shap_error': 0.06700635999963948, 'shap_norm_sq': 65693.15553171656}
{'sample_size': 1010, 'difference': 0, 'noise': 0.5, 'n': 101, 'shap_error': 0.07544531482148112, 'shap_norm_sq': 65693.15553171656}
{'sample_size': 1010, 'difference': 0, 'noise': 1, 'n': 101, 'shap_error': 0.05078363294570642, 'shap_norm_sq': 65693.15553171656}
{'sample_size': 1010, 'difference': 0, 'noise': 0.0005, 'n': 101, 'shap_error': 0.1455297764327094, 'shap_norm_sq': 90026.51727442787}
{'sample_size': 1010, 'difference': 0, 'noise': 0.001, 'n': 101, 'shap_error': 0.14860613753561275, 'shap_norm_sq': 90026.51727442787}
{'sample_size': 1010, 'difference': 0, 'noise': 0.005, 'n': 101, 'shap_error': 0.14369493264318828, 'shap_norm_sq': 90026.51727442787}
{'sample_size': 1010, 'difference': 0, 'noise': 0.01, 'n': 101, 'shap_error': 0.13520283449700296, 'shap_norm_sq': 90026.51727442787}
{'sample_size': 1010, 'difference': 0, 'noise': 0.05, 'n': 101, 'shap_error': 0.16500679155841305, 'shap_norm_sq': 90026.51727442787}
{'sample_size': 1010, 'difference': 0, 'noise': 0.1, 'n': 101, 'shap_error': 0.13748378195363317, 'shap_norm_sq': 90026.51727442787}
{'sample_size': 1010, 'difference': 0, 'noise': 0.5, 'n': 101, 'shap_error': 0.13846199987639127, 'shap_norm_sq': 90026.51727442787}
{'sample_size': 1010, 'difference': 0, 'noise': 1, 'n': 101, 'shap_error': 0.14496094942239926, 'shap_norm_sq': 90026.51727442787}
{'sample_size': 1010, 'difference': 0, 'noise': 0.0005, 'n': 101, 'shap_error': 0.05060561233642314, 'shap_norm_sq': 60278.702543096995}
{'sample_size': 1010, 'difference': 0, 'noise': 0.001, 'n': 101, 'shap_error': 0.047503779925028994, 'shap_norm_sq': 60278.702543096995}
{'sample_size': 1010, 'difference': 0, 'noise': 0.005, 'n': 101, 'shap_error': 0.04312293574806699, 'shap_norm_sq': 60278.702543096995}
{'sample_size': 1010, 'difference': 0, 'noise': 0.01, 'n': 101, 'shap_error': 0.046249742485256866, 'shap_norm_sq': 60278.702543096995}
{'sample_size': 1010, 'difference': 0, 'noise': 0.05, 'n': 101, 'shap_error': 0.04213693929328183, 'shap_norm_sq': 60278.702543096995}
{'sample_size': 1010, 'difference': 0, 'noise': 0.1, 'n': 101, 'shap_error': 0.04523479664757764, 'shap_norm_sq': 60278.702543096995}
{'sample_size': 1010, 'difference': 0, 'noise': 0.5, 'n': 101, 'shap_error': 0.04361959457280405, 'shap_norm_sq': 60278.702543096995}
{'sample_size': 1010, 'difference': 0, 'noise': 1, 'n': 101, 'shap_error': 0.04164840436108061, 'shap_norm_sq': 60278.702543096995}
{'sample_size': 1010, 'difference': 0, 'noise': 0.0005, 'n': 101, 'shap_error': 0.12527600822409896, 'shap_norm_sq': 60517.72849368696}
{'sample_size': 1010, 'difference': 0, 'noise': 0.001, 'n': 101, 'shap_error': 0.10506954889320382, 'shap_norm_sq': 60517.72849368696}
{'sample_size': 1010, 'difference': 0, 'noise': 0.005, 'n': 101, 'shap_error': 0.08854439004954211, 'shap_norm_sq': 60517.72849368696}
{'sample_size': 1010, 'difference': 0, 'noise': 0.01, 'n': 101, 'shap_error': 0.14781504822518812, 'shap_norm_sq': 60517.72849368696}
{'sample_size': 1010, 'difference': 0, 'noise': 0.05, 'n': 101, 'shap_error': 0.14040433193479218, 'shap_norm_sq': 60517.72849368696}
{'sample_size': 1010, 'difference': 0, 'noise': 0.1, 'n': 101, 'shap_error': 0.1033371435629581, 'shap_norm_sq': 60517.72849368696}
{'sample_size': 1010, 'difference': 0, 'noise': 0.5, 'n': 101, 'shap_error': 0.12260715386346561, 'shap_norm_sq': 60517.72849368696}
{'sample_size': 1010, 'difference': 0, 'noise': 1, 'n': 101, 'shap_error': 0.13641887196078786, 'shap_norm_sq': 60517.72849368696}
{'sample_size': 1010, 'difference': 0, 'noise': 0.0005, 'n': 101, 'shap_error': 0.06614017168381951, 'shap_norm_sq': 10837.687552913987}
{'sample_size': 1010, 'difference': 0, 'noise': 0.001, 'n': 101, 'shap_error': 0.06819361047857947, 'shap_norm_sq': 10837.687552913987}
{'sample_size': 1010, 'difference': 0, 'noise': 0.005, 'n': 101, 'shap_error': 0.06084794346810385, 'shap_norm_sq': 10837.687552913987}
{'sample_size': 1010, 'difference': 0, 'noise': 0.01, 'n': 101, 'shap_error': 0.05953823961976894, 'shap_norm_sq': 10837.687552913987}
{'sample_size': 1010, 'difference': 0, 'noise': 0.05, 'n': 101, 'shap_error': 0.0776946997784302, 'shap_norm_sq': 10837.687552913987}
{'sample_size': 1010, 'difference': 0, 'noise': 0.1, 'n': 101, 'shap_error': 0.062413144535854746, 'shap_norm_sq': 10837.687552913987}
{'sample_size': 1010, 'difference': 0, 'noise': 0.5, 'n': 101, 'shap_error': 0.05785612872158709, 'shap_norm_sq': 10837.687552913987}
{'sample_size': 1010, 'difference': 0, 'noise': 1, 'n': 101, 'shap_error': 0.08304913495178472, 'shap_norm_sq': 10837.687552913987}
{'sample_size': 1010, 'difference': 0, 'noise': 0.0005, 'n': 101, 'shap_error': 0.10418331459084304, 'shap_norm_sq': 59094.93972924952}
{'sample_size': 1010, 'difference': 0, 'noise': 0.001, 'n': 101, 'shap_error': 0.13279961257261122, 'shap_norm_sq': 59094.93972924952}
{'sample_size': 1010, 'difference': 0, 'noise': 0.005, 'n': 101, 'shap_error': 0.1307295785235138, 'shap_norm_sq': 59094.93972924952}
{'sample_size': 1010, 'difference': 0, 'noise': 0.01, 'n': 101, 'shap_error': 0.12427522748169156, 'shap_norm_sq': 59094.93972924952}
{'sample_size': 1010, 'difference': 0, 'noise': 0.05, 'n': 101, 'shap_error': 0.1422367261069343, 'shap_norm_sq': 59094.93972924952}
{'sample_size': 1010, 'difference': 0, 'noise': 0.1, 'n': 101, 'shap_error': 0.12172885423248687, 'shap_norm_sq': 59094.93972924952}
{'sample_size': 1010, 'difference': 0, 'noise': 0.5, 'n': 101, 'shap_error': 0.1423615988980062, 'shap_norm_sq': 59094.93972924952}
{'sample_size': 1010, 'difference': 0, 'noise': 1, 'n': 101, 'shap_error': 0.1337434181576077, 'shap_norm_sq': 59094.93972924952}
{'sample_size': 1010, 'difference': 0, 'noise': 0.0005, 'n': 101, 'shap_error': 0.04493219830417398, 'shap_norm_sq': 81644.161193724}
{'sample_size': 1010, 'difference': 0, 'noise': 0.001, 'n': 101, 'shap_error': 0.04434737790931508, 'shap_norm_sq': 81644.161193724}
{'sample_size': 1010, 'difference': 0, 'noise': 0.005, 'n': 101, 'shap_error': 0.06186313220860201, 'shap_norm_sq': 81644.161193724}
{'sample_size': 1010, 'difference': 0, 'noise': 0.01, 'n': 101, 'shap_error': 0.0564295544569378, 'shap_norm_sq': 81644.161193724}
{'sample_size': 1010, 'difference': 0, 'noise': 0.05, 'n': 101, 'shap_error': 0.047278368458084134, 'shap_norm_sq': 81644.161193724}
{'sample_size': 1010, 'difference': 0, 'noise': 0.1, 'n': 101, 'shap_error': 0.043105206713788875, 'shap_norm_sq': 81644.161193724}
{'sample_size': 1010, 'difference': 0, 'noise': 0.5, 'n': 101, 'shap_error': 0.06565836664728933, 'shap_norm_sq': 81644.161193724}
{'sample_size': 1010, 'difference': 0, 'noise': 1, 'n': 101, 'shap_error': 0.04931558943774661, 'shap_norm_sq': 81644.161193724}
{'sample_size': 1010, 'difference': 0, 'noise': 0.0005, 'n': 101, 'shap_error': 0.12226512235008803, 'shap_norm_sq': 50053.765987219485}
{'sample_size': 1010, 'difference': 0, 'noise': 0.001, 'n': 101, 'shap_error': 0.17537398690570277, 'shap_norm_sq': 50053.765987219485}
{'sample_size': 1010, 'difference': 0, 'noise': 0.005, 'n': 101, 'shap_error': 0.12383343737148032, 'shap_norm_sq': 50053.765987219485}
{'sample_size': 1010, 'difference': 0, 'noise': 0.01, 'n': 101, 'shap_error': 0.11210581458393223, 'shap_norm_sq': 50053.765987219485}
{'sample_size': 1010, 'difference': 0, 'noise': 0.05, 'n': 101, 'shap_error': 0.11931120674094278, 'shap_norm_sq': 50053.765987219485}
{'sample_size': 1010, 'difference': 0, 'noise': 0.1, 'n': 101, 'shap_error': 0.0947710378302113, 'shap_norm_sq': 50053.765987219485}
{'sample_size': 1010, 'difference': 0, 'noise': 0.5, 'n': 101, 'shap_error': 0.11178445311974697, 'shap_norm_sq': 50053.765987219485}
{'sample_size': 1010, 'difference': 0, 'noise': 1, 'n': 101, 'shap_error': 0.09539699650969513, 'shap_norm_sq': 50053.765987219485}
{'sample_size': 1010, 'difference': 0, 'noise': 0.0005, 'n': 101, 'shap_error': 0.06640556357634637, 'shap_norm_sq': 402205.52813783445}
{'sample_size': 1010, 'difference': 0, 'noise': 0.001, 'n': 101, 'shap_error': 0.056845880361712196, 'shap_norm_sq': 402205.52813783445}
{'sample_size': 1010, 'difference': 0, 'noise': 0.005, 'n': 101, 'shap_error': 0.06684535141878667, 'shap_norm_sq': 402205.52813783445}
{'sample_size': 1010, 'difference': 0, 'noise': 0.01, 'n': 101, 'shap_error': 0.07848745806028005, 'shap_norm_sq': 402205.52813783445}
{'sample_size': 1010, 'difference': 0, 'noise': 0.05, 'n': 101, 'shap_error': 0.0681618492483748, 'shap_norm_sq': 402205.52813783445}
{'sample_size': 1010, 'difference': 0, 'noise': 0.1, 'n': 101, 'shap_error': 0.07980782506610044, 'shap_norm_sq': 402205.52813783445}
{'sample_size': 1010, 'difference': 0, 'noise': 0.5, 'n': 101, 'shap_error': 0.06860270854768419, 'shap_norm_sq': 402205.52813783445}
{'sample_size': 1010, 'difference': 0, 'noise': 1, 'n': 101, 'shap_error': 0.06059300742307398, 'shap_norm_sq': 402205.52813783445}
{'sample_size': 1010, 'difference': 0, 'noise': 0.0005, 'n': 101, 'shap_error': 0.0650701918018895, 'shap_norm_sq': 59051.703621773784}
{'sample_size': 1010, 'difference': 0, 'noise': 0.001, 'n': 101, 'shap_error': 0.061456970479488025, 'shap_norm_sq': 59051.703621773784}
{'sample_size': 1010, 'difference': 0, 'noise': 0.005, 'n': 101, 'shap_error': 0.0640075606475498, 'shap_norm_sq': 59051.703621773784}
{'sample_size': 1010, 'difference': 0, 'noise': 0.01, 'n': 101, 'shap_error': 0.06801998767010468, 'shap_norm_sq': 59051.703621773784}
{'sample_size': 1010, 'difference': 0, 'noise': 0.05, 'n': 101, 'shap_error': 0.07109579679189917, 'shap_norm_sq': 59051.703621773784}
{'sample_size': 1010, 'difference': 0, 'noise': 0.1, 'n': 101, 'shap_error': 0.05276485624550034, 'shap_norm_sq': 59051.703621773784}
{'sample_size': 1010, 'difference': 0, 'noise': 0.5, 'n': 101, 'shap_error': 0.0648563016020912, 'shap_norm_sq': 59051.703621773784}
{'sample_size': 1010, 'difference': 0, 'noise': 1, 'n': 101, 'shap_error': 0.09067794075948613, 'shap_norm_sq': 59051.703621773784}
{'sample_size': 1010, 'difference': 0, 'noise': 0.0005, 'n': 101, 'shap_error': 0.0494372271677362, 'shap_norm_sq': 45343.17351124053}
{'sample_size': 1010, 'difference': 0, 'noise': 0.001, 'n': 101, 'shap_error': 0.05056476549308978, 'shap_norm_sq': 45343.17351124053}
{'sample_size': 1010, 'difference': 0, 'noise': 0.005, 'n': 101, 'shap_error': 0.0871488150539138, 'shap_norm_sq': 45343.17351124053}
{'sample_size': 1010, 'difference': 0, 'noise': 0.01, 'n': 101, 'shap_error': 0.054305831655794334, 'shap_norm_sq': 45343.17351124053}
{'sample_size': 1010, 'difference': 0, 'noise': 0.05, 'n': 101, 'shap_error': 0.06354333665729324, 'shap_norm_sq': 45343.17351124053}
{'sample_size': 1010, 'difference': 0, 'noise': 0.1, 'n': 101, 'shap_error': 0.04451068954178558, 'shap_norm_sq': 45343.17351124053}
{'sample_size': 1010, 'difference': 0, 'noise': 0.5, 'n': 101, 'shap_error': 0.0490730673798992, 'shap_norm_sq': 45343.17351124053}
{'sample_size': 1010, 'difference': 0, 'noise': 1, 'n': 101, 'shap_error': 0.06888082119576994, 'shap_norm_sq': 45343.17351124053}
{'sample_size': 1010, 'difference': 0, 'noise': 0.0005, 'n': 101, 'shap_error': 0.11852469708225571, 'shap_norm_sq': 69286.48627175041}
{'sample_size': 1010, 'difference': 0, 'noise': 0.001, 'n': 101, 'shap_error': 0.13184420605313246, 'shap_norm_sq': 69286.48627175041}
{'sample_size': 1010, 'difference': 0, 'noise': 0.005, 'n': 101, 'shap_error': 0.1214224399082707, 'shap_norm_sq': 69286.48627175041}
{'sample_size': 1010, 'difference': 0, 'noise': 0.01, 'n': 101, 'shap_error': 0.12775641234392968, 'shap_norm_sq': 69286.48627175041}
{'sample_size': 1010, 'difference': 0, 'noise': 0.05, 'n': 101, 'shap_error': 0.09037488665907573, 'shap_norm_sq': 69286.48627175041}
{'sample_size': 1010, 'difference': 0, 'noise': 0.1, 'n': 101, 'shap_error': 0.10906991008727626, 'shap_norm_sq': 69286.48627175041}
{'sample_size': 1010, 'difference': 0, 'noise': 0.5, 'n': 101, 'shap_error': 0.1354699514138371, 'shap_norm_sq': 69286.48627175041}
{'sample_size': 1010, 'difference': 0, 'noise': 1, 'n': 101, 'shap_error': 0.12504422505969512, 'shap_norm_sq': 69286.48627175041}
{'sample_size': 1010, 'difference': 0, 'noise': 0.0005, 'n': 101, 'shap_error': 0.22349446401018516, 'shap_norm_sq': 64740.40159642255}
{'sample_size': 1010, 'difference': 0, 'noise': 0.001, 'n': 101, 'shap_error': 0.18166497933227518, 'shap_norm_sq': 64740.40159642255}
{'sample_size': 1010, 'difference': 0, 'noise': 0.005, 'n': 101, 'shap_error': 0.1526474289743933, 'shap_norm_sq': 64740.40159642255}
{'sample_size': 1010, 'difference': 0, 'noise': 0.01, 'n': 101, 'shap_error': 0.15871816608399486, 'shap_norm_sq': 64740.40159642255}
{'sample_size': 1010, 'difference': 0, 'noise': 0.05, 'n': 101, 'shap_error': 0.12422893416121726, 'shap_norm_sq': 64740.40159642255}
{'sample_size': 1010, 'difference': 0, 'noise': 0.1, 'n': 101, 'shap_error': 0.1626991575118754, 'shap_norm_sq': 64740.40159642255}
{'sample_size': 1010, 'difference': 0, 'noise': 0.5, 'n': 101, 'shap_error': 0.1825586299107794, 'shap_norm_sq': 64740.40159642255}
{'sample_size': 1010, 'difference': 0, 'noise': 1, 'n': 101, 'shap_error': 0.20577068535562973, 'shap_norm_sq': 64740.40159642255}
{'sample_size': 1010, 'difference': 0, 'noise': 0.0005, 'n': 101, 'shap_error': 0.04413429586837619, 'shap_norm_sq': 78281.04079348833}
{'sample_size': 1010, 'difference': 0, 'noise': 0.001, 'n': 101, 'shap_error': 0.04673572907812365, 'shap_norm_sq': 78281.04079348833}
{'sample_size': 1010, 'difference': 0, 'noise': 0.005, 'n': 101, 'shap_error': 0.0428327614479803, 'shap_norm_sq': 78281.04079348833}
{'sample_size': 1010, 'difference': 0, 'noise': 0.01, 'n': 101, 'shap_error': 0.04528118194389018, 'shap_norm_sq': 78281.04079348833}
{'sample_size': 1010, 'difference': 0, 'noise': 0.05, 'n': 101, 'shap_error': 0.039358917459678636, 'shap_norm_sq': 78281.04079348833}
{'sample_size': 1010, 'difference': 0, 'noise': 0.1, 'n': 101, 'shap_error': 0.03289182936781124, 'shap_norm_sq': 78281.04079348833}
{'sample_size': 1010, 'difference': 0, 'noise': 0.5, 'n': 101, 'shap_error': 0.042024795447270814, 'shap_norm_sq': 78281.04079348833}
{'sample_size': 1010, 'difference': 0, 'noise': 1, 'n': 101, 'shap_error': 0.04775804067014189, 'shap_norm_sq': 78281.04079348833}
{'sample_size': 1010, 'difference': 0, 'noise': 0.0005, 'n': 101, 'shap_error': 0.04195256097461166, 'shap_norm_sq': 80933.95894743361}
{'sample_size': 1010, 'difference': 0, 'noise': 0.001, 'n': 101, 'shap_error': 0.06085549838265191, 'shap_norm_sq': 80933.95894743361}
{'sample_size': 1010, 'difference': 0, 'noise': 0.005, 'n': 101, 'shap_error': 0.05449740410253319, 'shap_norm_sq': 80933.95894743361}
{'sample_size': 1010, 'difference': 0, 'noise': 0.01, 'n': 101, 'shap_error': 0.052770501966404086, 'shap_norm_sq': 80933.95894743361}
{'sample_size': 1010, 'difference': 0, 'noise': 0.05, 'n': 101, 'shap_error': 0.0600107772108397, 'shap_norm_sq': 80933.95894743361}
{'sample_size': 1010, 'difference': 0, 'noise': 0.1, 'n': 101, 'shap_error': 0.050981892491516356, 'shap_norm_sq': 80933.95894743361}
{'sample_size': 1010, 'difference': 0, 'noise': 0.5, 'n': 101, 'shap_error': 0.05955448711045343, 'shap_norm_sq': 80933.95894743361}
{'sample_size': 1010, 'difference': 0, 'noise': 1, 'n': 101, 'shap_error': 0.06597901642992761, 'shap_norm_sq': 80933.95894743361}
{'sample_size': 1010, 'difference': 0, 'noise': 0.0005, 'n': 101, 'shap_error': 0.17748730429314902, 'shap_norm_sq': 194115.54527974554}
{'sample_size': 1010, 'difference': 0, 'noise': 0.001, 'n': 101, 'shap_error': 0.3833461738322135, 'shap_norm_sq': 194115.54527974554}
{'sample_size': 1010, 'difference': 0, 'noise': 0.005, 'n': 101, 'shap_error': 0.2127010567262551, 'shap_norm_sq': 194115.54527974554}
{'sample_size': 1010, 'difference': 0, 'noise': 0.01, 'n': 101, 'shap_error': 0.30039213581905516, 'shap_norm_sq': 194115.54527974554}
{'sample_size': 1010, 'difference': 0, 'noise': 0.05, 'n': 101, 'shap_error': 0.3114730079710528, 'shap_norm_sq': 194115.54527974554}
{'sample_size': 1010, 'difference': 0, 'noise': 0.1, 'n': 101, 'shap_error': 0.2418215687904384, 'shap_norm_sq': 194115.54527974554}
{'sample_size': 1010, 'difference': 0, 'noise': 0.5, 'n': 101, 'shap_error': 0.2853191198172346, 'shap_norm_sq': 194115.54527974554}
{'sample_size': 1010, 'difference': 0, 'noise': 1, 'n': 101, 'shap_error': 0.3202011099572893, 'shap_norm_sq': 194115.54527974554}
{'sample_size': 1010, 'difference': 0, 'noise': 0.0005, 'n': 101, 'shap_error': 0.03455947831650653, 'shap_norm_sq': 53079.06010629076}
{'sample_size': 1010, 'difference': 0, 'noise': 0.001, 'n': 101, 'shap_error': 0.0347447821807398, 'shap_norm_sq': 53079.06010629076}
{'sample_size': 1010, 'difference': 0, 'noise': 0.005, 'n': 101, 'shap_error': 0.03176590302549959, 'shap_norm_sq': 53079.06010629076}
{'sample_size': 1010, 'difference': 0, 'noise': 0.01, 'n': 101, 'shap_error': 0.03932167874933761, 'shap_norm_sq': 53079.06010629076}
{'sample_size': 1010, 'difference': 0, 'noise': 0.05, 'n': 101, 'shap_error': 0.03230523035666824, 'shap_norm_sq': 53079.06010629076}
{'sample_size': 1010, 'difference': 0, 'noise': 0.1, 'n': 101, 'shap_error': 0.03720473661184559, 'shap_norm_sq': 53079.06010629076}
{'sample_size': 1010, 'difference': 0, 'noise': 0.5, 'n': 101, 'shap_error': 0.037117579261514946, 'shap_norm_sq': 53079.06010629076}
{'sample_size': 1010, 'difference': 0, 'noise': 1, 'n': 101, 'shap_error': 0.03916079183728801, 'shap_norm_sq': 53079.06010629076}
{'sample_size': 1010, 'difference': 0, 'noise': 0.0005, 'n': 101, 'shap_error': 0.09345665706056848, 'shap_norm_sq': 64529.68913311736}
{'sample_size': 1010, 'difference': 0, 'noise': 0.001, 'n': 101, 'shap_error': 0.07697494729032335, 'shap_norm_sq': 64529.68913311736}
{'sample_size': 1010, 'difference': 0, 'noise': 0.005, 'n': 101, 'shap_error': 0.07469842002786302, 'shap_norm_sq': 64529.68913311736}
{'sample_size': 1010, 'difference': 0, 'noise': 0.01, 'n': 101, 'shap_error': 0.1006886805462387, 'shap_norm_sq': 64529.68913311736}
{'sample_size': 1010, 'difference': 0, 'noise': 0.05, 'n': 101, 'shap_error': 0.08306582353207821, 'shap_norm_sq': 64529.68913311736}
{'sample_size': 1010, 'difference': 0, 'noise': 0.1, 'n': 101, 'shap_error': 0.09897863383170263, 'shap_norm_sq': 64529.68913311736}
{'sample_size': 1010, 'difference': 0, 'noise': 0.5, 'n': 101, 'shap_error': 0.08131279305690535, 'shap_norm_sq': 64529.68913311736}
{'sample_size': 1010, 'difference': 0, 'noise': 1, 'n': 101, 'shap_error': 0.08461655120918987, 'shap_norm_sq': 64529.68913311736}
{'sample_size': 1010, 'difference': 0, 'noise': 0.0005, 'n': 101, 'shap_error': 0.1233670664940498, 'shap_norm_sq': 95208.64754927717}
{'sample_size': 1010, 'difference': 0, 'noise': 0.001, 'n': 101, 'shap_error': 0.1328959170622074, 'shap_norm_sq': 95208.64754927717}
{'sample_size': 1010, 'difference': 0, 'noise': 0.005, 'n': 101, 'shap_error': 0.1450201279774091, 'shap_norm_sq': 95208.64754927717}
{'sample_size': 1010, 'difference': 0, 'noise': 0.01, 'n': 101, 'shap_error': 0.11673494608804522, 'shap_norm_sq': 95208.64754927717}
{'sample_size': 1010, 'difference': 0, 'noise': 0.05, 'n': 101, 'shap_error': 0.16000660928284285, 'shap_norm_sq': 95208.64754927717}
{'sample_size': 1010, 'difference': 0, 'noise': 0.1, 'n': 101, 'shap_error': 0.08819833274821781, 'shap_norm_sq': 95208.64754927717}
{'sample_size': 1010, 'difference': 0, 'noise': 0.5, 'n': 101, 'shap_error': 0.11856001417271259, 'shap_norm_sq': 95208.64754927717}
{'sample_size': 1010, 'difference': 0, 'noise': 1, 'n': 101, 'shap_error': 0.11804260736911869, 'shap_norm_sq': 95208.64754927717}
{'sample_size': 1010, 'difference': 0, 'noise': 0.0005, 'n': 101, 'shap_error': 0.08738459085472698, 'shap_norm_sq': 49611.86676062929}
{'sample_size': 1010, 'difference': 0, 'noise': 0.001, 'n': 101, 'shap_error': 0.07428175188313792, 'shap_norm_sq': 49611.86676062929}
{'sample_size': 1010, 'difference': 0, 'noise': 0.005, 'n': 101, 'shap_error': 0.07770531905445224, 'shap_norm_sq': 49611.86676062929}
{'sample_size': 1010, 'difference': 0, 'noise': 0.01, 'n': 101, 'shap_error': 0.07680004800986824, 'shap_norm_sq': 49611.86676062929}
{'sample_size': 1010, 'difference': 0, 'noise': 0.05, 'n': 101, 'shap_error': 0.07809486244140673, 'shap_norm_sq': 49611.86676062929}
{'sample_size': 1010, 'difference': 0, 'noise': 0.1, 'n': 101, 'shap_error': 0.08599248667791161, 'shap_norm_sq': 49611.86676062929}
{'sample_size': 1010, 'difference': 0, 'noise': 0.5, 'n': 101, 'shap_error': 0.08480807865371132, 'shap_norm_sq': 49611.86676062929}
{'sample_size': 1010, 'difference': 0, 'noise': 1, 'n': 101, 'shap_error': 0.09461275775067306, 'shap_norm_sq': 49611.86676062929}
{'sample_size': 1010, 'difference': 0, 'noise': 0.0005, 'n': 101, 'shap_error': 0.05596868534490193, 'shap_norm_sq': 54630.12408325359}
{'sample_size': 1010, 'difference': 0, 'noise': 0.001, 'n': 101, 'shap_error': 0.05519046604557087, 'shap_norm_sq': 54630.12408325359}
{'sample_size': 1010, 'difference': 0, 'noise': 0.005, 'n': 101, 'shap_error': 0.06028414578327217, 'shap_norm_sq': 54630.12408325359}
{'sample_size': 1010, 'difference': 0, 'noise': 0.01, 'n': 101, 'shap_error': 0.058062585065701534, 'shap_norm_sq': 54630.12408325359}
{'sample_size': 1010, 'difference': 0, 'noise': 0.05, 'n': 101, 'shap_error': 0.0712834811297282, 'shap_norm_sq': 54630.12408325359}
{'sample_size': 1010, 'difference': 0, 'noise': 0.1, 'n': 101, 'shap_error': 0.05535239656438511, 'shap_norm_sq': 54630.12408325359}
{'sample_size': 1010, 'difference': 0, 'noise': 0.5, 'n': 101, 'shap_error': 0.04471606016911775, 'shap_norm_sq': 54630.12408325359}
{'sample_size': 1010, 'difference': 0, 'noise': 1, 'n': 101, 'shap_error': 0.05015737789400737, 'shap_norm_sq': 54630.12408325359}
{'sample_size': 1010, 'difference': 0, 'noise': 0.0005, 'n': 101, 'shap_error': 0.09783317363809019, 'shap_norm_sq': 36586.72494949802}
{'sample_size': 1010, 'difference': 0, 'noise': 0.001, 'n': 101, 'shap_error': 0.08679773290828788, 'shap_norm_sq': 36586.72494949802}
{'sample_size': 1010, 'difference': 0, 'noise': 0.005, 'n': 101, 'shap_error': 0.08780568292718839, 'shap_norm_sq': 36586.72494949802}
{'sample_size': 1010, 'difference': 0, 'noise': 0.01, 'n': 101, 'shap_error': 0.0998061761471569, 'shap_norm_sq': 36586.72494949802}
{'sample_size': 1010, 'difference': 0, 'noise': 0.05, 'n': 101, 'shap_error': 0.1131246391760106, 'shap_norm_sq': 36586.72494949802}
{'sample_size': 1010, 'difference': 0, 'noise': 0.1, 'n': 101, 'shap_error': 0.08734947493342143, 'shap_norm_sq': 36586.72494949802}
{'sample_size': 1010, 'difference': 0, 'noise': 0.5, 'n': 101, 'shap_error': 0.08973437181011563, 'shap_norm_sq': 36586.72494949802}
{'sample_size': 1010, 'difference': 0, 'noise': 1, 'n': 101, 'shap_error': 0.11253829749459547, 'shap_norm_sq': 36586.72494949802}
{'sample_size': 1010, 'difference': 0, 'noise': 0.0005, 'n': 101, 'shap_error': 0.26436673980739017, 'shap_norm_sq': 95922.30425254253}
{'sample_size': 1010, 'difference': 0, 'noise': 0.001, 'n': 101, 'shap_error': 0.3566470529156788, 'shap_norm_sq': 95922.30425254253}
{'sample_size': 1010, 'difference': 0, 'noise': 0.005, 'n': 101, 'shap_error': 0.3007128772927963, 'shap_norm_sq': 95922.30425254253}
{'sample_size': 1010, 'difference': 0, 'noise': 0.01, 'n': 101, 'shap_error': 0.25984582444242454, 'shap_norm_sq': 95922.30425254253}
{'sample_size': 1010, 'difference': 0, 'noise': 0.05, 'n': 101, 'shap_error': 0.22378502082903073, 'shap_norm_sq': 95922.30425254253}
{'sample_size': 1010, 'difference': 0, 'noise': 0.1, 'n': 101, 'shap_error': 0.27170525261780704, 'shap_norm_sq': 95922.30425254253}
{'sample_size': 1010, 'difference': 0, 'noise': 0.5, 'n': 101, 'shap_error': 0.296644755486706, 'shap_norm_sq': 95922.30425254253}
{'sample_size': 1010, 'difference': 0, 'noise': 1, 'n': 101, 'shap_error': 0.19997125119341197, 'shap_norm_sq': 95922.30425254253}
{'sample_size': 1010, 'difference': 0, 'noise': 0.0005, 'n': 101, 'shap_error': 0.06499997325787754, 'shap_norm_sq': 66146.79000065055}
{'sample_size': 1010, 'difference': 0, 'noise': 0.001, 'n': 101, 'shap_error': 0.07050458503244805, 'shap_norm_sq': 66146.79000065055}
{'sample_size': 1010, 'difference': 0, 'noise': 0.005, 'n': 101, 'shap_error': 0.07360778657964732, 'shap_norm_sq': 66146.79000065055}
{'sample_size': 1010, 'difference': 0, 'noise': 0.01, 'n': 101, 'shap_error': 0.0679609851484183, 'shap_norm_sq': 66146.79000065055}
{'sample_size': 1010, 'difference': 0, 'noise': 0.05, 'n': 101, 'shap_error': 0.06611840035726775, 'shap_norm_sq': 66146.79000065055}
{'sample_size': 1010, 'difference': 0, 'noise': 0.1, 'n': 101, 'shap_error': 0.058179785761848894, 'shap_norm_sq': 66146.79000065055}
{'sample_size': 1010, 'difference': 0, 'noise': 0.5, 'n': 101, 'shap_error': 0.06966470746608508, 'shap_norm_sq': 66146.79000065055}
{'sample_size': 1010, 'difference': 0, 'noise': 1, 'n': 101, 'shap_error': 0.07241673275658958, 'shap_norm_sq': 66146.79000065055}
{'sample_size': 1010, 'difference': 0, 'noise': 0.0005, 'n': 101, 'shap_error': 0.06975208081253777, 'shap_norm_sq': 36099.76370580298}
{'sample_size': 1010, 'difference': 0, 'noise': 0.001, 'n': 101, 'shap_error': 0.07682495795122525, 'shap_norm_sq': 36099.76370580298}
{'sample_size': 1010, 'difference': 0, 'noise': 0.005, 'n': 101, 'shap_error': 0.06374335061048524, 'shap_norm_sq': 36099.76370580298}
{'sample_size': 1010, 'difference': 0, 'noise': 0.01, 'n': 101, 'shap_error': 0.06996396246828968, 'shap_norm_sq': 36099.76370580298}
{'sample_size': 1010, 'difference': 0, 'noise': 0.05, 'n': 101, 'shap_error': 0.07148268975414505, 'shap_norm_sq': 36099.76370580298}
{'sample_size': 1010, 'difference': 0, 'noise': 0.1, 'n': 101, 'shap_error': 0.08621619744088009, 'shap_norm_sq': 36099.76370580298}
{'sample_size': 1010, 'difference': 0, 'noise': 0.5, 'n': 101, 'shap_error': 0.06557844228027224, 'shap_norm_sq': 36099.76370580298}
{'sample_size': 1010, 'difference': 0, 'noise': 1, 'n': 101, 'shap_error': 0.059528875526671424, 'shap_norm_sq': 36099.76370580298}
{'sample_size': 1010, 'difference': 0, 'noise': 0.0005, 'n': 101, 'shap_error': 0.06296283941029614, 'shap_norm_sq': 115202.0167338266}
{'sample_size': 1010, 'difference': 0, 'noise': 0.001, 'n': 101, 'shap_error': 0.05824151053590816, 'shap_norm_sq': 115202.0167338266}
{'sample_size': 1010, 'difference': 0, 'noise': 0.005, 'n': 101, 'shap_error': 0.07061656372688727, 'shap_norm_sq': 115202.0167338266}
{'sample_size': 1010, 'difference': 0, 'noise': 0.01, 'n': 101, 'shap_error': 0.05628880448912658, 'shap_norm_sq': 115202.0167338266}
{'sample_size': 1010, 'difference': 0, 'noise': 0.05, 'n': 101, 'shap_error': 0.06327228881054574, 'shap_norm_sq': 115202.0167338266}
{'sample_size': 1010, 'difference': 0, 'noise': 0.1, 'n': 101, 'shap_error': 0.06716288629293475, 'shap_norm_sq': 115202.0167338266}
{'sample_size': 1010, 'difference': 0, 'noise': 0.5, 'n': 101, 'shap_error': 0.050820231407520046, 'shap_norm_sq': 115202.0167338266}
{'sample_size': 1010, 'difference': 0, 'noise': 1, 'n': 101, 'shap_error': 0.052796596059354904, 'shap_norm_sq': 115202.0167338266}
{'sample_size': 1010, 'difference': 0, 'noise': 0.0005, 'n': 101, 'shap_error': 0.14614371407313131, 'shap_norm_sq': 45790.27580792465}
{'sample_size': 1010, 'difference': 0, 'noise': 0.001, 'n': 101, 'shap_error': 0.12888708802323048, 'shap_norm_sq': 45790.27580792465}
{'sample_size': 1010, 'difference': 0, 'noise': 0.005, 'n': 101, 'shap_error': 0.18091835208228652, 'shap_norm_sq': 45790.27580792465}
{'sample_size': 1010, 'difference': 0, 'noise': 0.01, 'n': 101, 'shap_error': 0.09059650560671736, 'shap_norm_sq': 45790.27580792465}
{'sample_size': 1010, 'difference': 0, 'noise': 0.05, 'n': 101, 'shap_error': 0.15769746917450178, 'shap_norm_sq': 45790.27580792465}
{'sample_size': 1010, 'difference': 0, 'noise': 0.1, 'n': 101, 'shap_error': 0.15403528023319768, 'shap_norm_sq': 45790.27580792465}
{'sample_size': 1010, 'difference': 0, 'noise': 0.5, 'n': 101, 'shap_error': 0.11980508725377274, 'shap_norm_sq': 45790.27580792465}
{'sample_size': 1010, 'difference': 0, 'noise': 1, 'n': 101, 'shap_error': 0.13143701510591416, 'shap_norm_sq': 45790.27580792465}
{'sample_size': 1010, 'difference': 0, 'noise': 0.0005, 'n': 101, 'shap_error': 0.07744379202499689, 'shap_norm_sq': 132753.67474576674}
{'sample_size': 1010, 'difference': 0, 'noise': 0.001, 'n': 101, 'shap_error': 0.06746508077725773, 'shap_norm_sq': 132753.67474576674}
{'sample_size': 1010, 'difference': 0, 'noise': 0.005, 'n': 101, 'shap_error': 0.09358891071791331, 'shap_norm_sq': 132753.67474576674}
{'sample_size': 1010, 'difference': 0, 'noise': 0.01, 'n': 101, 'shap_error': 0.07476067338307148, 'shap_norm_sq': 132753.67474576674}
{'sample_size': 1010, 'difference': 0, 'noise': 0.05, 'n': 101, 'shap_error': 0.07096290575982651, 'shap_norm_sq': 132753.67474576674}
{'sample_size': 1010, 'difference': 0, 'noise': 0.1, 'n': 101, 'shap_error': 0.07988305216596853, 'shap_norm_sq': 132753.67474576674}
{'sample_size': 1010, 'difference': 0, 'noise': 0.5, 'n': 101, 'shap_error': 0.06657949858338742, 'shap_norm_sq': 132753.67474576674}
{'sample_size': 1010, 'difference': 0, 'noise': 1, 'n': 101, 'shap_error': 0.07905383910541793, 'shap_norm_sq': 132753.67474576674}
{'sample_size': 1010, 'difference': 0, 'noise': 0.0005, 'n': 101, 'shap_error': 0.10633873969479878, 'shap_norm_sq': 84682.562817112}
{'sample_size': 1010, 'difference': 0, 'noise': 0.001, 'n': 101, 'shap_error': 0.09102904842614194, 'shap_norm_sq': 84682.562817112}
{'sample_size': 1010, 'difference': 0, 'noise': 0.005, 'n': 101, 'shap_error': 0.1122469261142757, 'shap_norm_sq': 84682.562817112}
{'sample_size': 1010, 'difference': 0, 'noise': 0.01, 'n': 101, 'shap_error': 0.08604826631241133, 'shap_norm_sq': 84682.562817112}
{'sample_size': 1010, 'difference': 0, 'noise': 0.05, 'n': 101, 'shap_error': 0.10511541810071284, 'shap_norm_sq': 84682.562817112}
{'sample_size': 1010, 'difference': 0, 'noise': 0.1, 'n': 101, 'shap_error': 0.10697193897302101, 'shap_norm_sq': 84682.562817112}
{'sample_size': 1010, 'difference': 0, 'noise': 0.5, 'n': 101, 'shap_error': 0.0855205296402359, 'shap_norm_sq': 84682.562817112}
{'sample_size': 1010, 'difference': 0, 'noise': 1, 'n': 101, 'shap_error': 0.13726701573567357, 'shap_norm_sq': 84682.562817112}
{'sample_size': 1010, 'difference': 0, 'noise': 0.0005, 'n': 101, 'shap_error': 0.11717215125963262, 'shap_norm_sq': 91042.72190449374}
{'sample_size': 1010, 'difference': 0, 'noise': 0.001, 'n': 101, 'shap_error': 0.12567692497668423, 'shap_norm_sq': 91042.72190449374}
{'sample_size': 1010, 'difference': 0, 'noise': 0.005, 'n': 101, 'shap_error': 0.09559256854003788, 'shap_norm_sq': 91042.72190449374}
{'sample_size': 1010, 'difference': 0, 'noise': 0.01, 'n': 101, 'shap_error': 0.11569587063667709, 'shap_norm_sq': 91042.72190449374}
{'sample_size': 1010, 'difference': 0, 'noise': 0.05, 'n': 101, 'shap_error': 0.10888873801777343, 'shap_norm_sq': 91042.72190449374}
{'sample_size': 1010, 'difference': 0, 'noise': 0.1, 'n': 101, 'shap_error': 0.13310462883122343, 'shap_norm_sq': 91042.72190449374}
{'sample_size': 1010, 'difference': 0, 'noise': 0.5, 'n': 101, 'shap_error': 0.125532899111419, 'shap_norm_sq': 91042.72190449374}
{'sample_size': 1010, 'difference': 0, 'noise': 1, 'n': 101, 'shap_error': 0.09347672675602293, 'shap_norm_sq': 91042.72190449374}
{'sample_size': 1010, 'difference': 0, 'noise': 0.0005, 'n': 101, 'shap_error': 0.14046295329806396, 'shap_norm_sq': 31924.61122788529}
{'sample_size': 1010, 'difference': 0, 'noise': 0.001, 'n': 101, 'shap_error': 0.11946837754947175, 'shap_norm_sq': 31924.61122788529}
{'sample_size': 1010, 'difference': 0, 'noise': 0.005, 'n': 101, 'shap_error': 0.1195574675542897, 'shap_norm_sq': 31924.61122788529}
{'sample_size': 1010, 'difference': 0, 'noise': 0.01, 'n': 101, 'shap_error': 0.13469214506061775, 'shap_norm_sq': 31924.61122788529}
{'sample_size': 1010, 'difference': 0, 'noise': 0.05, 'n': 101, 'shap_error': 0.1030178545414611, 'shap_norm_sq': 31924.61122788529}
{'sample_size': 1010, 'difference': 0, 'noise': 0.1, 'n': 101, 'shap_error': 0.10767204291088464, 'shap_norm_sq': 31924.61122788529}
{'sample_size': 1010, 'difference': 0, 'noise': 0.5, 'n': 101, 'shap_error': 0.12879435936516218, 'shap_norm_sq': 31924.61122788529}
{'sample_size': 1010, 'difference': 0, 'noise': 1, 'n': 101, 'shap_error': 0.0942001075406758, 'shap_norm_sq': 31924.61122788529}
{'sample_size': 1010, 'difference': 0, 'noise': 0.0005, 'n': 101, 'shap_error': 0.025367680375815358, 'shap_norm_sq': 65295.62464087013}
{'sample_size': 1010, 'difference': 0, 'noise': 0.001, 'n': 101, 'shap_error': 0.024389421747630754, 'shap_norm_sq': 65295.62464087013}
{'sample_size': 1010, 'difference': 0, 'noise': 0.005, 'n': 101, 'shap_error': 0.022061717129229434, 'shap_norm_sq': 65295.62464087013}
{'sample_size': 1010, 'difference': 0, 'noise': 0.01, 'n': 101, 'shap_error': 0.02222582822628854, 'shap_norm_sq': 65295.62464087013}
{'sample_size': 1010, 'difference': 0, 'noise': 0.05, 'n': 101, 'shap_error': 0.020805272587970047, 'shap_norm_sq': 65295.62464087013}
{'sample_size': 1010, 'difference': 0, 'noise': 0.1, 'n': 101, 'shap_error': 0.02348619171402368, 'shap_norm_sq': 65295.62464087013}
{'sample_size': 1010, 'difference': 0, 'noise': 0.5, 'n': 101, 'shap_error': 0.020722154837733896, 'shap_norm_sq': 65295.62464087013}
{'sample_size': 1010, 'difference': 0, 'noise': 1, 'n': 101, 'shap_error': 0.024364582663107964, 'shap_norm_sq': 65295.62464087013}
{'sample_size': 1010, 'difference': 0, 'noise': 0.0005, 'n': 101, 'shap_error': 0.05287278340419328, 'shap_norm_sq': 72052.76817577}
{'sample_size': 1010, 'difference': 0, 'noise': 0.001, 'n': 101, 'shap_error': 0.04187780153509806, 'shap_norm_sq': 72052.76817577}
{'sample_size': 1010, 'difference': 0, 'noise': 0.005, 'n': 101, 'shap_error': 0.055783240922501975, 'shap_norm_sq': 72052.76817577}
{'sample_size': 1010, 'difference': 0, 'noise': 0.01, 'n': 101, 'shap_error': 0.05071290101952289, 'shap_norm_sq': 72052.76817577}
{'sample_size': 1010, 'difference': 0, 'noise': 0.05, 'n': 101, 'shap_error': 0.04479323671400155, 'shap_norm_sq': 72052.76817577}
{'sample_size': 1010, 'difference': 0, 'noise': 0.1, 'n': 101, 'shap_error': 0.04556235324346179, 'shap_norm_sq': 72052.76817577}
{'sample_size': 1010, 'difference': 0, 'noise': 0.5, 'n': 101, 'shap_error': 0.05205185607718405, 'shap_norm_sq': 72052.76817577}
{'sample_size': 1010, 'difference': 0, 'noise': 1, 'n': 101, 'shap_error': 0.05791975432167382, 'shap_norm_sq': 72052.76817577}
{'sample_size': 1010, 'difference': 0, 'noise': 0.0005, 'n': 101, 'shap_error': 0.0454671912537085, 'shap_norm_sq': 70712.29954211289}
{'sample_size': 1010, 'difference': 0, 'noise': 0.001, 'n': 101, 'shap_error': 0.04802048480763749, 'shap_norm_sq': 70712.29954211289}
{'sample_size': 1010, 'difference': 0, 'noise': 0.005, 'n': 101, 'shap_error': 0.04124627463429427, 'shap_norm_sq': 70712.29954211289}
{'sample_size': 1010, 'difference': 0, 'noise': 0.01, 'n': 101, 'shap_error': 0.045414925343740795, 'shap_norm_sq': 70712.29954211289}
{'sample_size': 1010, 'difference': 0, 'noise': 0.05, 'n': 101, 'shap_error': 0.039178543358543885, 'shap_norm_sq': 70712.29954211289}
{'sample_size': 1010, 'difference': 0, 'noise': 0.1, 'n': 101, 'shap_error': 0.03857199642334537, 'shap_norm_sq': 70712.29954211289}
{'sample_size': 1010, 'difference': 0, 'noise': 0.5, 'n': 101, 'shap_error': 0.05181698330218055, 'shap_norm_sq': 70712.29954211289}
{'sample_size': 1010, 'difference': 0, 'noise': 1, 'n': 101, 'shap_error': 0.04538928670790321, 'shap_norm_sq': 70712.29954211289}
{'sample_size': 1010, 'difference': 0, 'noise': 0.0005, 'n': 101, 'shap_error': 0.1737381472276591, 'shap_norm_sq': 62886.07402669771}
{'sample_size': 1010, 'difference': 0, 'noise': 0.001, 'n': 101, 'shap_error': 0.2172945667395508, 'shap_norm_sq': 62886.07402669771}
{'sample_size': 1010, 'difference': 0, 'noise': 0.005, 'n': 101, 'shap_error': 0.2012150423941191, 'shap_norm_sq': 62886.07402669771}
{'sample_size': 1010, 'difference': 0, 'noise': 0.01, 'n': 101, 'shap_error': 0.21624294183290155, 'shap_norm_sq': 62886.07402669771}
{'sample_size': 1010, 'difference': 0, 'noise': 0.05, 'n': 101, 'shap_error': 0.15491645878936522, 'shap_norm_sq': 62886.07402669771}
{'sample_size': 1010, 'difference': 0, 'noise': 0.1, 'n': 101, 'shap_error': 0.15677063723099194, 'shap_norm_sq': 62886.07402669771}
{'sample_size': 1010, 'difference': 0, 'noise': 0.5, 'n': 101, 'shap_error': 0.17934153124889823, 'shap_norm_sq': 62886.07402669771}
{'sample_size': 1010, 'difference': 0, 'noise': 1, 'n': 101, 'shap_error': 0.20068138977766198, 'shap_norm_sq': 62886.07402669771}
{'sample_size': 1010, 'difference': 0, 'noise': 0.0005, 'n': 101, 'shap_error': 0.18740086393654856, 'shap_norm_sq': 112407.22898883176}
{'sample_size': 1010, 'difference': 0, 'noise': 0.001, 'n': 101, 'shap_error': 0.12720887111260498, 'shap_norm_sq': 112407.22898883176}
{'sample_size': 1010, 'difference': 0, 'noise': 0.005, 'n': 101, 'shap_error': 0.11194733671215996, 'shap_norm_sq': 112407.22898883176}
{'sample_size': 1010, 'difference': 0, 'noise': 0.01, 'n': 101, 'shap_error': 0.1297909488824026, 'shap_norm_sq': 112407.22898883176}
{'sample_size': 1010, 'difference': 0, 'noise': 0.05, 'n': 101, 'shap_error': 0.13123443492732928, 'shap_norm_sq': 112407.22898883176}
{'sample_size': 1010, 'difference': 0, 'noise': 0.1, 'n': 101, 'shap_error': 0.14885306974810622, 'shap_norm_sq': 112407.22898883176}
{'sample_size': 1010, 'difference': 0, 'noise': 0.5, 'n': 101, 'shap_error': 0.14948969550875268, 'shap_norm_sq': 112407.22898883176}
{'sample_size': 1010, 'difference': 0, 'noise': 1, 'n': 101, 'shap_error': 0.14909972696079235, 'shap_norm_sq': 112407.22898883176}
{'sample_size': 1010, 'difference': 0, 'noise': 0.0005, 'n': 101, 'shap_error': 0.050558709705289494, 'shap_norm_sq': 45961.75729972129}
{'sample_size': 1010, 'difference': 0, 'noise': 0.001, 'n': 101, 'shap_error': 0.05060307294875636, 'shap_norm_sq': 45961.75729972129}
{'sample_size': 1010, 'difference': 0, 'noise': 0.005, 'n': 101, 'shap_error': 0.06490950581857668, 'shap_norm_sq': 45961.75729972129}
{'sample_size': 1010, 'difference': 0, 'noise': 0.01, 'n': 101, 'shap_error': 0.06044776800998834, 'shap_norm_sq': 45961.75729972129}
{'sample_size': 1010, 'difference': 0, 'noise': 0.05, 'n': 101, 'shap_error': 0.05530641144604883, 'shap_norm_sq': 45961.75729972129}
{'sample_size': 1010, 'difference': 0, 'noise': 0.1, 'n': 101, 'shap_error': 0.043917426753508855, 'shap_norm_sq': 45961.75729972129}
{'sample_size': 1010, 'difference': 0, 'noise': 0.5, 'n': 101, 'shap_error': 0.05964114513789121, 'shap_norm_sq': 45961.75729972129}
{'sample_size': 1010, 'difference': 0, 'noise': 1, 'n': 101, 'shap_error': 0.053404534415221944, 'shap_norm_sq': 45961.75729972129}
{'sample_size': 1010, 'difference': 0, 'noise': 0.0005, 'n': 101, 'shap_error': 0.27632351361471075, 'shap_norm_sq': 139441.27744293964}
{'sample_size': 1010, 'difference': 0, 'noise': 0.001, 'n': 101, 'shap_error': 0.3461640701497102, 'shap_norm_sq': 139441.27744293964}
{'sample_size': 1010, 'difference': 0, 'noise': 0.005, 'n': 101, 'shap_error': 0.2872873942077825, 'shap_norm_sq': 139441.27744293964}
{'sample_size': 1010, 'difference': 0, 'noise': 0.01, 'n': 101, 'shap_error': 0.26743517219828467, 'shap_norm_sq': 139441.27744293964}
{'sample_size': 1010, 'difference': 0, 'noise': 0.05, 'n': 101, 'shap_error': 0.3456696583433192, 'shap_norm_sq': 139441.27744293964}
{'sample_size': 1010, 'difference': 0, 'noise': 0.1, 'n': 101, 'shap_error': 0.2656477276327863, 'shap_norm_sq': 139441.27744293964}
{'sample_size': 1010, 'difference': 0, 'noise': 0.5, 'n': 101, 'shap_error': 0.27818708876544457, 'shap_norm_sq': 139441.27744293964}
{'sample_size': 1010, 'difference': 0, 'noise': 1, 'n': 101, 'shap_error': 0.32554995270704845, 'shap_norm_sq': 139441.27744293964}
{'sample_size': 1010, 'difference': 0, 'noise': 0.0005, 'n': 101, 'shap_error': 0.06359642532927151, 'shap_norm_sq': 55626.15607418063}
{'sample_size': 1010, 'difference': 0, 'noise': 0.001, 'n': 101, 'shap_error': 0.07070461490532703, 'shap_norm_sq': 55626.15607418063}
{'sample_size': 1010, 'difference': 0, 'noise': 0.005, 'n': 101, 'shap_error': 0.06721692985500134, 'shap_norm_sq': 55626.15607418063}
{'sample_size': 1010, 'difference': 0, 'noise': 0.01, 'n': 101, 'shap_error': 0.04681486334982211, 'shap_norm_sq': 55626.15607418063}
{'sample_size': 1010, 'difference': 0, 'noise': 0.05, 'n': 101, 'shap_error': 0.076339338800799, 'shap_norm_sq': 55626.15607418063}
{'sample_size': 1010, 'difference': 0, 'noise': 0.1, 'n': 101, 'shap_error': 0.06405082601443185, 'shap_norm_sq': 55626.15607418063}
{'sample_size': 1010, 'difference': 0, 'noise': 0.5, 'n': 101, 'shap_error': 0.06465524786444722, 'shap_norm_sq': 55626.15607418063}
{'sample_size': 1010, 'difference': 0, 'noise': 1, 'n': 101, 'shap_error': 0.07049396712854782, 'shap_norm_sq': 55626.15607418063}
{'sample_size': 1010, 'difference': 0, 'noise': 0.0005, 'n': 101, 'shap_error': 0.47119166400146834, 'shap_norm_sq': 424584.2223034383}
{'sample_size': 1010, 'difference': 0, 'noise': 0.001, 'n': 101, 'shap_error': 0.5192497448748162, 'shap_norm_sq': 424584.2223034383}
{'sample_size': 1010, 'difference': 0, 'noise': 0.005, 'n': 101, 'shap_error': 0.580483458365726, 'shap_norm_sq': 424584.2223034383}
{'sample_size': 1010, 'difference': 0, 'noise': 0.01, 'n': 101, 'shap_error': 0.5703279794798262, 'shap_norm_sq': 424584.2223034383}
{'sample_size': 1010, 'difference': 0, 'noise': 0.05, 'n': 101, 'shap_error': 0.62302451743751, 'shap_norm_sq': 424584.2223034383}
{'sample_size': 1010, 'difference': 0, 'noise': 0.1, 'n': 101, 'shap_error': 0.4858011705754758, 'shap_norm_sq': 424584.2223034383}
{'sample_size': 1010, 'difference': 0, 'noise': 0.5, 'n': 101, 'shap_error': 0.6597377709178551, 'shap_norm_sq': 424584.2223034383}
{'sample_size': 1010, 'difference': 0, 'noise': 1, 'n': 101, 'shap_error': 0.5187260131268657, 'shap_norm_sq': 424584.2223034383}
{'sample_size': 1010, 'difference': 0, 'noise': 0.0005, 'n': 101, 'shap_error': 0.07524534541998945, 'shap_norm_sq': 98138.75687108512}
{'sample_size': 1010, 'difference': 0, 'noise': 0.001, 'n': 101, 'shap_error': 0.07472732267191315, 'shap_norm_sq': 98138.75687108512}
{'sample_size': 1010, 'difference': 0, 'noise': 0.005, 'n': 101, 'shap_error': 0.07492442791724782, 'shap_norm_sq': 98138.75687108512}
{'sample_size': 1010, 'difference': 0, 'noise': 0.01, 'n': 101, 'shap_error': 0.07526118194615465, 'shap_norm_sq': 98138.75687108512}
{'sample_size': 1010, 'difference': 0, 'noise': 0.05, 'n': 101, 'shap_error': 0.09133833678722242, 'shap_norm_sq': 98138.75687108512}
{'sample_size': 1010, 'difference': 0, 'noise': 0.1, 'n': 101, 'shap_error': 0.10014858888129906, 'shap_norm_sq': 98138.75687108512}
{'sample_size': 1010, 'difference': 0, 'noise': 0.5, 'n': 101, 'shap_error': 0.06759141672436338, 'shap_norm_sq': 98138.75687108512}
{'sample_size': 1010, 'difference': 0, 'noise': 1, 'n': 101, 'shap_error': 0.08012157768415686, 'shap_norm_sq': 98138.75687108512}
{'sample_size': 1010, 'difference': 0, 'noise': 0.0005, 'n': 101, 'shap_error': 0.033939877384138464, 'shap_norm_sq': 81644.161193724}
{'sample_size': 1010, 'difference': 0, 'noise': 0.001, 'n': 101, 'shap_error': 0.04408374948236934, 'shap_norm_sq': 81644.161193724}
{'sample_size': 1010, 'difference': 0, 'noise': 0.005, 'n': 101, 'shap_error': 0.04969962564168886, 'shap_norm_sq': 81644.161193724}
{'sample_size': 1010, 'difference': 0, 'noise': 0.01, 'n': 101, 'shap_error': 0.039222194746531394, 'shap_norm_sq': 81644.161193724}
{'sample_size': 1010, 'difference': 0, 'noise': 0.05, 'n': 101, 'shap_error': 0.049054657140476104, 'shap_norm_sq': 81644.161193724}
{'sample_size': 1010, 'difference': 0, 'noise': 0.1, 'n': 101, 'shap_error': 0.037442206490983884, 'shap_norm_sq': 81644.161193724}
{'sample_size': 1010, 'difference': 0, 'noise': 0.5, 'n': 101, 'shap_error': 0.05771695883810736, 'shap_norm_sq': 81644.161193724}
{'sample_size': 1010, 'difference': 0, 'noise': 1, 'n': 101, 'shap_error': 0.03312347058863025, 'shap_norm_sq': 81644.161193724}
{'sample_size': 1010, 'difference': 0, 'noise': 0.0005, 'n': 101, 'shap_error': 0.040521455578526114, 'shap_norm_sq': 45961.75729972129}
{'sample_size': 1010, 'difference': 0, 'noise': 0.001, 'n': 101, 'shap_error': 0.06537927979446698, 'shap_norm_sq': 45961.75729972129}
{'sample_size': 1010, 'difference': 0, 'noise': 0.005, 'n': 101, 'shap_error': 0.046467867776115716, 'shap_norm_sq': 45961.75729972129}
{'sample_size': 1010, 'difference': 0, 'noise': 0.01, 'n': 101, 'shap_error': 0.05200583601702099, 'shap_norm_sq': 45961.75729972129}
{'sample_size': 1010, 'difference': 0, 'noise': 0.05, 'n': 101, 'shap_error': 0.04703092301015419, 'shap_norm_sq': 45961.75729972129}
{'sample_size': 1010, 'difference': 0, 'noise': 0.1, 'n': 101, 'shap_error': 0.05061875069916237, 'shap_norm_sq': 45961.75729972129}
{'sample_size': 1010, 'difference': 0, 'noise': 0.5, 'n': 101, 'shap_error': 0.08044336166469024, 'shap_norm_sq': 45961.75729972129}
{'sample_size': 1010, 'difference': 0, 'noise': 1, 'n': 101, 'shap_error': 0.05733091500852349, 'shap_norm_sq': 45961.75729972129}
{'sample_size': 1010, 'difference': 0, 'noise': 0.0005, 'n': 101, 'shap_error': 0.16183431945727955, 'shap_norm_sq': 198759.53121529022}
{'sample_size': 1010, 'difference': 0, 'noise': 0.001, 'n': 101, 'shap_error': 0.16514489970909374, 'shap_norm_sq': 198759.53121529022}
{'sample_size': 1010, 'difference': 0, 'noise': 0.005, 'n': 101, 'shap_error': 0.154578827515279, 'shap_norm_sq': 198759.53121529022}
{'sample_size': 1010, 'difference': 0, 'noise': 0.01, 'n': 101, 'shap_error': 0.1377191415270279, 'shap_norm_sq': 198759.53121529022}
{'sample_size': 1010, 'difference': 0, 'noise': 0.05, 'n': 101, 'shap_error': 0.16261065736318409, 'shap_norm_sq': 198759.53121529022}
{'sample_size': 1010, 'difference': 0, 'noise': 0.1, 'n': 101, 'shap_error': 0.1483362985932969, 'shap_norm_sq': 198759.53121529022}
{'sample_size': 1010, 'difference': 0, 'noise': 0.5, 'n': 101, 'shap_error': 0.20049683195016818, 'shap_norm_sq': 198759.53121529022}
{'sample_size': 1010, 'difference': 0, 'noise': 1, 'n': 101, 'shap_error': 0.23026650695715914, 'shap_norm_sq': 198759.53121529022}
{'sample_size': 1010, 'difference': 0, 'noise': 0.0005, 'n': 101, 'shap_error': 0.40759527687127906, 'shap_norm_sq': 29652.772935067496}
{'sample_size': 1010, 'difference': 0, 'noise': 0.001, 'n': 101, 'shap_error': 0.352201165547644, 'shap_norm_sq': 29652.772935067496}
{'sample_size': 1010, 'difference': 0, 'noise': 0.005, 'n': 101, 'shap_error': 0.49029620421926745, 'shap_norm_sq': 29652.772935067496}
{'sample_size': 1010, 'difference': 0, 'noise': 0.01, 'n': 101, 'shap_error': 0.4053316016095363, 'shap_norm_sq': 29652.772935067496}
{'sample_size': 1010, 'difference': 0, 'noise': 0.05, 'n': 101, 'shap_error': 0.3362938936630987, 'shap_norm_sq': 29652.772935067496}
{'sample_size': 1010, 'difference': 0, 'noise': 0.1, 'n': 101, 'shap_error': 0.3096170476747271, 'shap_norm_sq': 29652.772935067496}
{'sample_size': 1010, 'difference': 0, 'noise': 0.5, 'n': 101, 'shap_error': 0.39033326247722305, 'shap_norm_sq': 29652.772935067496}
{'sample_size': 1010, 'difference': 0, 'noise': 1, 'n': 101, 'shap_error': 0.4234953454983194, 'shap_norm_sq': 29652.772935067496}
{'sample_size': 1010, 'difference': 0, 'noise': 0.0005, 'n': 101, 'shap_error': 0.29348418963846623, 'shap_norm_sq': 124122.96892555564}
{'sample_size': 1010, 'difference': 0, 'noise': 0.001, 'n': 101, 'shap_error': 0.21572430058338754, 'shap_norm_sq': 124122.96892555564}
{'sample_size': 1010, 'difference': 0, 'noise': 0.005, 'n': 101, 'shap_error': 0.24047676709102958, 'shap_norm_sq': 124122.96892555564}
{'sample_size': 1010, 'difference': 0, 'noise': 0.01, 'n': 101, 'shap_error': 0.2831823288843693, 'shap_norm_sq': 124122.96892555564}
{'sample_size': 1010, 'difference': 0, 'noise': 0.05, 'n': 101, 'shap_error': 0.21836808978382444, 'shap_norm_sq': 124122.96892555564}
{'sample_size': 1010, 'difference': 0, 'noise': 0.1, 'n': 101, 'shap_error': 0.21932225717997963, 'shap_norm_sq': 124122.96892555564}
{'sample_size': 1010, 'difference': 0, 'noise': 0.5, 'n': 101, 'shap_error': 0.25464078877933216, 'shap_norm_sq': 124122.96892555564}
{'sample_size': 1010, 'difference': 0, 'noise': 1, 'n': 101, 'shap_error': 0.26280974981918803, 'shap_norm_sq': 124122.96892555564}
{'sample_size': 1010, 'difference': 0, 'noise': 0.0005, 'n': 101, 'shap_error': 0.2097579685075794, 'shap_norm_sq': 179690.4575834201}
{'sample_size': 1010, 'difference': 0, 'noise': 0.001, 'n': 101, 'shap_error': 0.15816434357963333, 'shap_norm_sq': 179690.4575834201}
{'sample_size': 1010, 'difference': 0, 'noise': 0.005, 'n': 101, 'shap_error': 0.1958415212678676, 'shap_norm_sq': 179690.4575834201}
{'sample_size': 1010, 'difference': 0, 'noise': 0.01, 'n': 101, 'shap_error': 0.17030457635712867, 'shap_norm_sq': 179690.4575834201}
{'sample_size': 1010, 'difference': 0, 'noise': 0.05, 'n': 101, 'shap_error': 0.20969316001882818, 'shap_norm_sq': 179690.4575834201}
{'sample_size': 1010, 'difference': 0, 'noise': 0.1, 'n': 101, 'shap_error': 0.15703820647363614, 'shap_norm_sq': 179690.4575834201}
{'sample_size': 1010, 'difference': 0, 'noise': 0.5, 'n': 101, 'shap_error': 0.22721953323144384, 'shap_norm_sq': 179690.4575834201}
{'sample_size': 1010, 'difference': 0, 'noise': 1, 'n': 101, 'shap_error': 0.1901666421325952, 'shap_norm_sq': 179690.4575834201}
{'sample_size': 1010, 'difference': 0, 'noise': 0.0005, 'n': 101, 'shap_error': 0.10048440126012465, 'shap_norm_sq': 65757.64895039165}
{'sample_size': 1010, 'difference': 0, 'noise': 0.001, 'n': 101, 'shap_error': 0.06762877658335043, 'shap_norm_sq': 65757.64895039165}
{'sample_size': 1010, 'difference': 0, 'noise': 0.005, 'n': 101, 'shap_error': 0.09193808204509715, 'shap_norm_sq': 65757.64895039165}
{'sample_size': 1010, 'difference': 0, 'noise': 0.01, 'n': 101, 'shap_error': 0.07881083814412841, 'shap_norm_sq': 65757.64895039165}
{'sample_size': 1010, 'difference': 0, 'noise': 0.05, 'n': 101, 'shap_error': 0.08714008072400778, 'shap_norm_sq': 65757.64895039165}
{'sample_size': 1010, 'difference': 0, 'noise': 0.1, 'n': 101, 'shap_error': 0.08974195378970004, 'shap_norm_sq': 65757.64895039165}
{'sample_size': 1010, 'difference': 0, 'noise': 0.5, 'n': 101, 'shap_error': 0.06708244571684907, 'shap_norm_sq': 65757.64895039165}
{'sample_size': 1010, 'difference': 0, 'noise': 1, 'n': 101, 'shap_error': 0.0880233128591827, 'shap_norm_sq': 65757.64895039165}
{'sample_size': 1010, 'difference': 0, 'noise': 0.0005, 'n': 101, 'shap_error': 0.07995704682696962, 'shap_norm_sq': 75442.7793079755}
{'sample_size': 1010, 'difference': 0, 'noise': 0.001, 'n': 101, 'shap_error': 0.08624445232309606, 'shap_norm_sq': 75442.7793079755}
{'sample_size': 1010, 'difference': 0, 'noise': 0.005, 'n': 101, 'shap_error': 0.09319613459632813, 'shap_norm_sq': 75442.7793079755}
{'sample_size': 1010, 'difference': 0, 'noise': 0.01, 'n': 101, 'shap_error': 0.10758926814972232, 'shap_norm_sq': 75442.7793079755}
{'sample_size': 1010, 'difference': 0, 'noise': 0.05, 'n': 101, 'shap_error': 0.0897296093653404, 'shap_norm_sq': 75442.7793079755}
{'sample_size': 1010, 'difference': 0, 'noise': 0.1, 'n': 101, 'shap_error': 0.09624331600496021, 'shap_norm_sq': 75442.7793079755}
{'sample_size': 1010, 'difference': 0, 'noise': 0.5, 'n': 101, 'shap_error': 0.09817706376063282, 'shap_norm_sq': 75442.7793079755}
{'sample_size': 1010, 'difference': 0, 'noise': 1, 'n': 101, 'shap_error': 0.08676949244497612, 'shap_norm_sq': 75442.7793079755}
{'sample_size': 1010, 'difference': 0, 'noise': 0.0005, 'n': 101, 'shap_error': 0.12822850848909303, 'shap_norm_sq': 125824.4900374413}
{'sample_size': 1010, 'difference': 0, 'noise': 0.001, 'n': 101, 'shap_error': 0.09652802738707618, 'shap_norm_sq': 125824.4900374413}
{'sample_size': 1010, 'difference': 0, 'noise': 0.005, 'n': 101, 'shap_error': 0.15333028432319026, 'shap_norm_sq': 125824.4900374413}
{'sample_size': 1010, 'difference': 0, 'noise': 0.01, 'n': 101, 'shap_error': 0.11897693929203905, 'shap_norm_sq': 125824.4900374413}
{'sample_size': 1010, 'difference': 0, 'noise': 0.05, 'n': 101, 'shap_error': 0.11530963378268078, 'shap_norm_sq': 125824.4900374413}
{'sample_size': 1010, 'difference': 0, 'noise': 0.1, 'n': 101, 'shap_error': 0.1491675097354867, 'shap_norm_sq': 125824.4900374413}
{'sample_size': 1010, 'difference': 0, 'noise': 0.5, 'n': 101, 'shap_error': 0.12185061305486464, 'shap_norm_sq': 125824.4900374413}
{'sample_size': 1010, 'difference': 0, 'noise': 1, 'n': 101, 'shap_error': 0.11101677022669991, 'shap_norm_sq': 125824.4900374413}
{'sample_size': 1010, 'difference': 0, 'noise': 0.0005, 'n': 101, 'shap_error': 0.06270248265022733, 'shap_norm_sq': 85506.83608772403}
{'sample_size': 1010, 'difference': 0, 'noise': 0.001, 'n': 101, 'shap_error': 0.08026952009317481, 'shap_norm_sq': 85506.83608772403}
{'sample_size': 1010, 'difference': 0, 'noise': 0.005, 'n': 101, 'shap_error': 0.07158274356325574, 'shap_norm_sq': 85506.83608772403}
{'sample_size': 1010, 'difference': 0, 'noise': 0.01, 'n': 101, 'shap_error': 0.07708370090772411, 'shap_norm_sq': 85506.83608772403}
{'sample_size': 1010, 'difference': 0, 'noise': 0.05, 'n': 101, 'shap_error': 0.05699503348319228, 'shap_norm_sq': 85506.83608772403}
{'sample_size': 1010, 'difference': 0, 'noise': 0.1, 'n': 101, 'shap_error': 0.059186459252798314, 'shap_norm_sq': 85506.83608772403}
{'sample_size': 1010, 'difference': 0, 'noise': 0.5, 'n': 101, 'shap_error': 0.0831723703173949, 'shap_norm_sq': 85506.83608772403}
{'sample_size': 1010, 'difference': 0, 'noise': 1, 'n': 101, 'shap_error': 0.0811450522854295, 'shap_norm_sq': 85506.83608772403}
{'sample_size': 1010, 'difference': 0, 'noise': 0.0005, 'n': 101, 'shap_error': 0.16617038865620443, 'shap_norm_sq': 59917.01979504082}
{'sample_size': 1010, 'difference': 0, 'noise': 0.001, 'n': 101, 'shap_error': 0.15299649269648152, 'shap_norm_sq': 59917.01979504082}
{'sample_size': 1010, 'difference': 0, 'noise': 0.005, 'n': 101, 'shap_error': 0.15092177813584573, 'shap_norm_sq': 59917.01979504082}
{'sample_size': 1010, 'difference': 0, 'noise': 0.01, 'n': 101, 'shap_error': 0.20120808029408702, 'shap_norm_sq': 59917.01979504082}
{'sample_size': 1010, 'difference': 0, 'noise': 0.05, 'n': 101, 'shap_error': 0.2116072200843603, 'shap_norm_sq': 59917.01979504082}
{'sample_size': 1010, 'difference': 0, 'noise': 0.1, 'n': 101, 'shap_error': 0.14148650566790294, 'shap_norm_sq': 59917.01979504082}
{'sample_size': 1010, 'difference': 0, 'noise': 0.5, 'n': 101, 'shap_error': 0.18764463506229567, 'shap_norm_sq': 59917.01979504082}
{'sample_size': 1010, 'difference': 0, 'noise': 1, 'n': 101, 'shap_error': 0.12675440808376603, 'shap_norm_sq': 59917.01979504082}
{'sample_size': 1010, 'difference': 0, 'noise': 0.0005, 'n': 101, 'shap_error': 0.07528069863152607, 'shap_norm_sq': 73676.18200073119}
{'sample_size': 1010, 'difference': 0, 'noise': 0.001, 'n': 101, 'shap_error': 0.06516650404878373, 'shap_norm_sq': 73676.18200073119}
{'sample_size': 1010, 'difference': 0, 'noise': 0.005, 'n': 101, 'shap_error': 0.0747461323497506, 'shap_norm_sq': 73676.18200073119}
{'sample_size': 1010, 'difference': 0, 'noise': 0.01, 'n': 101, 'shap_error': 0.07484137661002331, 'shap_norm_sq': 73676.18200073119}
{'sample_size': 1010, 'difference': 0, 'noise': 0.05, 'n': 101, 'shap_error': 0.06661402427362437, 'shap_norm_sq': 73676.18200073119}
{'sample_size': 1010, 'difference': 0, 'noise': 0.1, 'n': 101, 'shap_error': 0.09135141754245885, 'shap_norm_sq': 73676.18200073119}
{'sample_size': 1010, 'difference': 0, 'noise': 0.5, 'n': 101, 'shap_error': 0.06063727113803783, 'shap_norm_sq': 73676.18200073119}
{'sample_size': 1010, 'difference': 0, 'noise': 1, 'n': 101, 'shap_error': 0.06456833602496838, 'shap_norm_sq': 73676.18200073119}
{'sample_size': 1010, 'difference': 0, 'noise': 0.0005, 'n': 101, 'shap_error': 0.05467476979542234, 'shap_norm_sq': 66209.48623984122}
{'sample_size': 1010, 'difference': 0, 'noise': 0.001, 'n': 101, 'shap_error': 0.06795384828867938, 'shap_norm_sq': 66209.48623984122}
{'sample_size': 1010, 'difference': 0, 'noise': 0.005, 'n': 101, 'shap_error': 0.05782325191097335, 'shap_norm_sq': 66209.48623984122}
{'sample_size': 1010, 'difference': 0, 'noise': 0.01, 'n': 101, 'shap_error': 0.049366335223520394, 'shap_norm_sq': 66209.48623984122}
{'sample_size': 1010, 'difference': 0, 'noise': 0.05, 'n': 101, 'shap_error': 0.05569512096760832, 'shap_norm_sq': 66209.48623984122}
{'sample_size': 1010, 'difference': 0, 'noise': 0.1, 'n': 101, 'shap_error': 0.05678567679949586, 'shap_norm_sq': 66209.48623984122}
{'sample_size': 1010, 'difference': 0, 'noise': 0.5, 'n': 101, 'shap_error': 0.06719014697084158, 'shap_norm_sq': 66209.48623984122}
{'sample_size': 1010, 'difference': 0, 'noise': 1, 'n': 101, 'shap_error': 0.04759165418467067, 'shap_norm_sq': 66209.48623984122}
