{'sample_size': 505, 'difference': 1, 'noise': 0, 'n': 101, 'shap_error': 0.08177613063300047, 'shap_norm_sq': 59126.951380871506}
{'sample_size': 1010, 'difference': 0, 'noise': 0, 'n': 101, 'shap_error': 0.03993426928180283, 'shap_norm_sq': 59126.951380871506}
{'sample_size': 2020, 'difference': 0, 'noise': 0, 'n': 101, 'shap_error': 0.01733383744593245, 'shap_norm_sq': 59126.951380871506}
{'sample_size': 4040, 'difference': 0, 'noise': 0, 'n': 101, 'shap_error': 0.005524858513699877, 'shap_norm_sq': 59126.951380871506}
{'sample_size': 8080, 'difference': 0, 'noise': 0, 'n': 101, 'shap_error': 0.003447809502239798, 'shap_norm_sq': 59126.951380871506}
{'sample_size': 16160, 'difference': 0, 'noise': 0, 'n': 101, 'shap_error': 0.001125693072894391, 'shap_norm_sq': 59126.951380871506}
{'sample_size': 505, 'difference': 1, 'noise': 0, 'n': 101, 'shap_error': 0.012721063813283463, 'shap_norm_sq': 56114.82307307525}
{'sample_size': 1010, 'difference': 0, 'noise': 0, 'n': 101, 'shap_error': 0.004282204017758492, 'shap_norm_sq': 56114.82307307525}
{'sample_size': 2020, 'difference': 0, 'noise': 0, 'n': 101, 'shap_error': 0.0021025224651655926, 'shap_norm_sq': 56114.82307307525}
{'sample_size': 4040, 'difference': 0, 'noise': 0, 'n': 101, 'shap_error': 0.0009695052860705751, 'shap_norm_sq': 56114.82307307525}
{'sample_size': 8080, 'difference': 0, 'noise': 0, 'n': 101, 'shap_error': 0.000620247990149571, 'shap_norm_sq': 56114.82307307525}
{'sample_size': 16160, 'difference': 0, 'noise': 0, 'n': 101, 'shap_error': 0.00030072114664499166, 'shap_norm_sq': 56114.82307307525}
{'sample_size': 505, 'difference': 1, 'noise': 0, 'n': 101, 'shap_error': 0.0275633761586578, 'shap_norm_sq': 123732.80055088935}
{'sample_size': 1010, 'difference': 0, 'noise': 0, 'n': 101, 'shap_error': 0.011766990702586728, 'shap_norm_sq': 123732.80055088935}
{'sample_size': 2020, 'difference': 0, 'noise': 0, 'n': 101, 'shap_error': 0.006219475525933631, 'shap_norm_sq': 123732.80055088935}
{'sample_size': 4040, 'difference': 0, 'noise': 0, 'n': 101, 'shap_error': 0.002637363500807518, 'shap_norm_sq': 123732.80055088935}
{'sample_size': 8080, 'difference': 0, 'noise': 0, 'n': 101, 'shap_error': 0.00099127185329163, 'shap_norm_sq': 123732.80055088935}
{'sample_size': 16160, 'difference': 0, 'noise': 0, 'n': 101, 'shap_error': 0.0006724391714465058, 'shap_norm_sq': 123732.80055088935}
{'sample_size': 505, 'difference': 1, 'noise': 0, 'n': 101, 'shap_error': 0.08189576457019837, 'shap_norm_sq': 75323.89170692668}
{'sample_size': 1010, 'difference': 0, 'noise': 0, 'n': 101, 'shap_error': 0.025797912278957703, 'shap_norm_sq': 75323.89170692668}
{'sample_size': 2020, 'difference': 0, 'noise': 0, 'n': 101, 'shap_error': 0.013092906644159378, 'shap_norm_sq': 75323.89170692668}
{'sample_size': 4040, 'difference': 0, 'noise': 0, 'n': 101, 'shap_error': 0.006282941750089477, 'shap_norm_sq': 75323.89170692668}
{'sample_size': 8080, 'difference': 0, 'noise': 0, 'n': 101, 'shap_error': 0.0033025360224823675, 'shap_norm_sq': 75323.89170692668}
{'sample_size': 16160, 'difference': 0, 'noise': 0, 'n': 101, 'shap_error': 0.0019221754019930126, 'shap_norm_sq': 75323.89170692668}
{'sample_size': 505, 'difference': 1, 'noise': 0, 'n': 101, 'shap_error': 0.02321373248194917, 'shap_norm_sq': 64521.39943917334}
{'sample_size': 1010, 'difference': 0, 'noise': 0, 'n': 101, 'shap_error': 0.006456162612648578, 'shap_norm_sq': 64521.39943917334}
{'sample_size': 2020, 'difference': 0, 'noise': 0, 'n': 101, 'shap_error': 0.0033621342966552465, 'shap_norm_sq': 64521.39943917334}
{'sample_size': 4040, 'difference': 0, 'noise': 0, 'n': 101, 'shap_error': 0.0010816250129897479, 'shap_norm_sq': 64521.39943917334}
{'sample_size': 8080, 'difference': 0, 'noise': 0, 'n': 101, 'shap_error': 0.0005891938483103952, 'shap_norm_sq': 64521.39943917334}
{'sample_size': 16160, 'difference': 0, 'noise': 0, 'n': 101, 'shap_error': 0.0003277622666996932, 'shap_norm_sq': 64521.39943917334}
{'sample_size': 505, 'difference': 1, 'noise': 0, 'n': 101, 'shap_error': 0.05750146894787919, 'shap_norm_sq': 55014.228611529696}
{'sample_size': 1010, 'difference': 0, 'noise': 0, 'n': 101, 'shap_error': 0.017437701231297214, 'shap_norm_sq': 55014.228611529696}
{'sample_size': 2020, 'difference': 0, 'noise': 0, 'n': 101, 'shap_error': 0.0066190951258663444, 'shap_norm_sq': 55014.228611529696}
{'sample_size': 4040, 'difference': 0, 'noise': 0, 'n': 101, 'shap_error': 0.004178914865857117, 'shap_norm_sq': 55014.228611529696}
{'sample_size': 8080, 'difference': 0, 'noise': 0, 'n': 101, 'shap_error': 0.0018166970493804985, 'shap_norm_sq': 55014.228611529696}
{'sample_size': 16160, 'difference': 0, 'noise': 0, 'n': 101, 'shap_error': 0.000832682230242645, 'shap_norm_sq': 55014.228611529696}
{'sample_size': 505, 'difference': 1, 'noise': 0, 'n': 101, 'shap_error': 0.05568739494986004, 'shap_norm_sq': 59108.491020566165}
{'sample_size': 1010, 'difference': 0, 'noise': 0, 'n': 101, 'shap_error': 0.021119561998909808, 'shap_norm_sq': 59108.491020566165}
{'sample_size': 2020, 'difference': 0, 'noise': 0, 'n': 101, 'shap_error': 0.007401994696021701, 'shap_norm_sq': 59108.491020566165}
{'sample_size': 4040, 'difference': 0, 'noise': 0, 'n': 101, 'shap_error': 0.004172251354297201, 'shap_norm_sq': 59108.491020566165}
{'sample_size': 8080, 'difference': 0, 'noise': 0, 'n': 101, 'shap_error': 0.0022329285213948473, 'shap_norm_sq': 59108.491020566165}
{'sample_size': 16160, 'difference': 0, 'noise': 0, 'n': 101, 'shap_error': 0.0010170655608709677, 'shap_norm_sq': 59108.491020566165}
{'sample_size': 505, 'difference': 1, 'noise': 0, 'n': 101, 'shap_error': 0.013484540051171981, 'shap_norm_sq': 70563.89182048912}
{'sample_size': 1010, 'difference': 0, 'noise': 0, 'n': 101, 'shap_error': 0.004938020490913533, 'shap_norm_sq': 70563.89182048912}
{'sample_size': 2020, 'difference': 0, 'noise': 0, 'n': 101, 'shap_error': 0.0016793146135330242, 'shap_norm_sq': 70563.89182048912}
{'sample_size': 4040, 'difference': 0, 'noise': 0, 'n': 101, 'shap_error': 0.0009666855017778436, 'shap_norm_sq': 70563.89182048912}
{'sample_size': 8080, 'difference': 0, 'noise': 0, 'n': 101, 'shap_error': 0.00038516469096403974, 'shap_norm_sq': 70563.89182048912}
{'sample_size': 16160, 'difference': 0, 'noise': 0, 'n': 101, 'shap_error': 0.00020331133534373094, 'shap_norm_sq': 70563.89182048912}
{'sample_size': 505, 'difference': 1, 'noise': 0, 'n': 101, 'shap_error': 0.0026067125413449664, 'shap_norm_sq': 42515.97581372667}
{'sample_size': 1010, 'difference': 0, 'noise': 0, 'n': 101, 'shap_error': 0.0012417262779609206, 'shap_norm_sq': 42515.97581372667}
{'sample_size': 2020, 'difference': 0, 'noise': 0, 'n': 101, 'shap_error': 0.000630018863675539, 'shap_norm_sq': 42515.97581372667}
{'sample_size': 4040, 'difference': 0, 'noise': 0, 'n': 101, 'shap_error': 0.0002884878895963712, 'shap_norm_sq': 42515.97581372667}
{'sample_size': 8080, 'difference': 0, 'noise': 0, 'n': 101, 'shap_error': 0.00011909417513910012, 'shap_norm_sq': 42515.97581372667}
{'sample_size': 16160, 'difference': 0, 'noise': 0, 'n': 101, 'shap_error': 7.13675403681345e-05, 'shap_norm_sq': 42515.97581372667}
{'sample_size': 505, 'difference': 1, 'noise': 0, 'n': 101, 'shap_error': 0.045976594692276475, 'shap_norm_sq': 57989.40208692046}
{'sample_size': 1010, 'difference': 0, 'noise': 0, 'n': 101, 'shap_error': 0.013448109903026311, 'shap_norm_sq': 57989.40208692046}
{'sample_size': 2020, 'difference': 0, 'noise': 0, 'n': 101, 'shap_error': 0.008517505991391387, 'shap_norm_sq': 57989.40208692046}
{'sample_size': 4040, 'difference': 0, 'noise': 0, 'n': 101, 'shap_error': 0.004661602485462461, 'shap_norm_sq': 57989.40208692046}
{'sample_size': 8080, 'difference': 0, 'noise': 0, 'n': 101, 'shap_error': 0.0016368707628898085, 'shap_norm_sq': 57989.40208692046}
{'sample_size': 16160, 'difference': 0, 'noise': 0, 'n': 101, 'shap_error': 0.001277982200283612, 'shap_norm_sq': 57989.40208692046}
{'sample_size': 505, 'difference': 1, 'noise': 0, 'n': 101, 'shap_error': 0.015871988498017343, 'shap_norm_sq': 218736.90952783328}
{'sample_size': 1010, 'difference': 0, 'noise': 0, 'n': 101, 'shap_error': 0.006140430406206809, 'shap_norm_sq': 218736.90952783328}
{'sample_size': 2020, 'difference': 0, 'noise': 0, 'n': 101, 'shap_error': 0.0024902750968224764, 'shap_norm_sq': 218736.90952783328}
{'sample_size': 4040, 'difference': 0, 'noise': 0, 'n': 101, 'shap_error': 0.001344675544997963, 'shap_norm_sq': 218736.90952783328}
{'sample_size': 8080, 'difference': 0, 'noise': 0, 'n': 101, 'shap_error': 0.0006225215682388449, 'shap_norm_sq': 218736.90952783328}
{'sample_size': 16160, 'difference': 0, 'noise': 0, 'n': 101, 'shap_error': 0.00030179077362691613, 'shap_norm_sq': 218736.90952783328}
{'sample_size': 505, 'difference': 1, 'noise': 0, 'n': 101, 'shap_error': 0.05769654680684024, 'shap_norm_sq': 64280.028071749155}
{'sample_size': 1010, 'difference': 0, 'noise': 0, 'n': 101, 'shap_error': 0.022403971546170045, 'shap_norm_sq': 64280.028071749155}
{'sample_size': 2020, 'difference': 0, 'noise': 0, 'n': 101, 'shap_error': 0.009002666863684594, 'shap_norm_sq': 64280.028071749155}
{'sample_size': 4040, 'difference': 0, 'noise': 0, 'n': 101, 'shap_error': 0.00357437493495126, 'shap_norm_sq': 64280.028071749155}
{'sample_size': 8080, 'difference': 0, 'noise': 0, 'n': 101, 'shap_error': 0.0018826562769260254, 'shap_norm_sq': 64280.028071749155}
{'sample_size': 16160, 'difference': 0, 'noise': 0, 'n': 101, 'shap_error': 0.0011945923396140597, 'shap_norm_sq': 64280.028071749155}
{'sample_size': 505, 'difference': 1, 'noise': 0, 'n': 101, 'shap_error': 0.012488427288916448, 'shap_norm_sq': 79156.80629839945}
{'sample_size': 1010, 'difference': 0, 'noise': 0, 'n': 101, 'shap_error': 0.004509559980233565, 'shap_norm_sq': 79156.80629839945}
{'sample_size': 2020, 'difference': 0, 'noise': 0, 'n': 101, 'shap_error': 0.00308932349275988, 'shap_norm_sq': 79156.80629839945}
{'sample_size': 4040, 'difference': 0, 'noise': 0, 'n': 101, 'shap_error': 0.0008445547341070892, 'shap_norm_sq': 79156.80629839945}
{'sample_size': 8080, 'difference': 0, 'noise': 0, 'n': 101, 'shap_error': 0.0004688647076256976, 'shap_norm_sq': 79156.80629839945}
{'sample_size': 16160, 'difference': 0, 'noise': 0, 'n': 101, 'shap_error': 0.00025005901938436083, 'shap_norm_sq': 79156.80629839945}
{'sample_size': 505, 'difference': 1, 'noise': 0, 'n': 101, 'shap_error': 0.030451367831454048, 'shap_norm_sq': 59602.05839434324}
{'sample_size': 1010, 'difference': 0, 'noise': 0, 'n': 101, 'shap_error': 0.007928646180419888, 'shap_norm_sq': 59602.05839434324}
{'sample_size': 2020, 'difference': 0, 'noise': 0, 'n': 101, 'shap_error': 0.003968880351809621, 'shap_norm_sq': 59602.05839434324}
{'sample_size': 4040, 'difference': 0, 'noise': 0, 'n': 101, 'shap_error': 0.0015505768339265766, 'shap_norm_sq': 59602.05839434324}
{'sample_size': 8080, 'difference': 0, 'noise': 0, 'n': 101, 'shap_error': 0.000945555969703161, 'shap_norm_sq': 59602.05839434324}
{'sample_size': 16160, 'difference': 0, 'noise': 0, 'n': 101, 'shap_error': 0.000459520383948725, 'shap_norm_sq': 59602.05839434324}
{'sample_size': 505, 'difference': 1, 'noise': 0, 'n': 101, 'shap_error': 0.11792701082227351, 'shap_norm_sq': 73074.2043817374}
{'sample_size': 1010, 'difference': 0, 'noise': 0, 'n': 101, 'shap_error': 0.05784826032206884, 'shap_norm_sq': 73074.2043817374}
{'sample_size': 2020, 'difference': 0, 'noise': 0, 'n': 101, 'shap_error': 0.031539028475494495, 'shap_norm_sq': 73074.2043817374}
{'sample_size': 4040, 'difference': 0, 'noise': 0, 'n': 101, 'shap_error': 0.01222166818936837, 'shap_norm_sq': 73074.2043817374}
{'sample_size': 8080, 'difference': 0, 'noise': 0, 'n': 101, 'shap_error': 0.007678833227051972, 'shap_norm_sq': 73074.2043817374}
{'sample_size': 16160, 'difference': 0, 'noise': 0, 'n': 101, 'shap_error': 0.003424022180901506, 'shap_norm_sq': 73074.2043817374}
{'sample_size': 505, 'difference': 1, 'noise': 0, 'n': 101, 'shap_error': 0.017658928972804053, 'shap_norm_sq': 379988.59932513384}
{'sample_size': 1010, 'difference': 0, 'noise': 0, 'n': 101, 'shap_error': 0.007380864438796654, 'shap_norm_sq': 379988.59932513384}
{'sample_size': 2020, 'difference': 0, 'noise': 0, 'n': 101, 'shap_error': 0.003370787275103703, 'shap_norm_sq': 379988.59932513384}
{'sample_size': 4040, 'difference': 0, 'noise': 0, 'n': 101, 'shap_error': 0.001245251879812103, 'shap_norm_sq': 379988.59932513384}
{'sample_size': 8080, 'difference': 0, 'noise': 0, 'n': 101, 'shap_error': 0.0007444032149058003, 'shap_norm_sq': 379988.59932513384}
{'sample_size': 16160, 'difference': 0, 'noise': 0, 'n': 101, 'shap_error': 0.00038187116761882804, 'shap_norm_sq': 379988.59932513384}
{'sample_size': 505, 'difference': 1, 'noise': 0, 'n': 101, 'shap_error': 0.03583370620693163, 'shap_norm_sq': 56690.81825222265}
{'sample_size': 1010, 'difference': 0, 'noise': 0, 'n': 101, 'shap_error': 0.015238592631028773, 'shap_norm_sq': 56690.81825222265}
{'sample_size': 2020, 'difference': 0, 'noise': 0, 'n': 101, 'shap_error': 0.007331787425540213, 'shap_norm_sq': 56690.81825222265}
{'sample_size': 4040, 'difference': 0, 'noise': 0, 'n': 101, 'shap_error': 0.0035159662798413534, 'shap_norm_sq': 56690.81825222265}
{'sample_size': 8080, 'difference': 0, 'noise': 0, 'n': 101, 'shap_error': 0.001474021751453449, 'shap_norm_sq': 56690.81825222265}
{'sample_size': 16160, 'difference': 0, 'noise': 0, 'n': 101, 'shap_error': 0.0006459181055977186, 'shap_norm_sq': 56690.81825222265}
{'sample_size': 505, 'difference': 1, 'noise': 0, 'n': 101, 'shap_error': 0.01768274550651932, 'shap_norm_sq': 58010.756053934965}
{'sample_size': 1010, 'difference': 0, 'noise': 0, 'n': 101, 'shap_error': 0.007291285654602625, 'shap_norm_sq': 58010.756053934965}
{'sample_size': 2020, 'difference': 0, 'noise': 0, 'n': 101, 'shap_error': 0.003541763300826209, 'shap_norm_sq': 58010.756053934965}
{'sample_size': 4040, 'difference': 0, 'noise': 0, 'n': 101, 'shap_error': 0.0012538896568095557, 'shap_norm_sq': 58010.756053934965}
{'sample_size': 8080, 'difference': 0, 'noise': 0, 'n': 101, 'shap_error': 0.0005872344988070956, 'shap_norm_sq': 58010.756053934965}
{'sample_size': 16160, 'difference': 0, 'noise': 0, 'n': 101, 'shap_error': 0.00021733924764252372, 'shap_norm_sq': 58010.756053934965}
{'sample_size': 505, 'difference': 1, 'noise': 0, 'n': 101, 'shap_error': 0.0001575151551186134, 'shap_norm_sq': 28612.152929676366}
{'sample_size': 1010, 'difference': 0, 'noise': 0, 'n': 101, 'shap_error': 6.547141743839377e-05, 'shap_norm_sq': 28612.152929676366}
{'sample_size': 2020, 'difference': 0, 'noise': 0, 'n': 101, 'shap_error': 2.2612610902367738e-05, 'shap_norm_sq': 28612.152929676366}
{'sample_size': 4040, 'difference': 0, 'noise': 0, 'n': 101, 'shap_error': 1.1731700911181276e-05, 'shap_norm_sq': 28612.152929676366}
{'sample_size': 8080, 'difference': 0, 'noise': 0, 'n': 101, 'shap_error': 5.468259969750558e-06, 'shap_norm_sq': 28612.152929676366}
{'sample_size': 16160, 'difference': 0, 'noise': 0, 'n': 101, 'shap_error': 3.358313663244623e-06, 'shap_norm_sq': 28612.152929676366}
{'sample_size': 505, 'difference': 1, 'noise': 0, 'n': 101, 'shap_error': 0.013732002371441947, 'shap_norm_sq': 72623.21294999527}
{'sample_size': 1010, 'difference': 0, 'noise': 0, 'n': 101, 'shap_error': 0.004069476149766483, 'shap_norm_sq': 72623.21294999527}
{'sample_size': 2020, 'difference': 0, 'noise': 0, 'n': 101, 'shap_error': 0.0023412516644832973, 'shap_norm_sq': 72623.21294999527}
{'sample_size': 4040, 'difference': 0, 'noise': 0, 'n': 101, 'shap_error': 0.0014829642006892211, 'shap_norm_sq': 72623.21294999527}
{'sample_size': 8080, 'difference': 0, 'noise': 0, 'n': 101, 'shap_error': 0.0004580798108980772, 'shap_norm_sq': 72623.21294999527}
{'sample_size': 16160, 'difference': 0, 'noise': 0, 'n': 101, 'shap_error': 0.0002248002574334811, 'shap_norm_sq': 72623.21294999527}
{'sample_size': 505, 'difference': 1, 'noise': 0, 'n': 101, 'shap_error': 0.024882146908701098, 'shap_norm_sq': 585818.9618428921}
{'sample_size': 1010, 'difference': 0, 'noise': 0, 'n': 101, 'shap_error': 0.013901647157578882, 'shap_norm_sq': 585818.9618428921}
{'sample_size': 2020, 'difference': 0, 'noise': 0, 'n': 101, 'shap_error': 0.006594395354941194, 'shap_norm_sq': 585818.9618428921}
{'sample_size': 4040, 'difference': 0, 'noise': 0, 'n': 101, 'shap_error': 0.003261233782994859, 'shap_norm_sq': 585818.9618428921}
{'sample_size': 8080, 'difference': 0, 'noise': 0, 'n': 101, 'shap_error': 0.001802020051106928, 'shap_norm_sq': 585818.9618428921}
{'sample_size': 16160, 'difference': 0, 'noise': 0, 'n': 101, 'shap_error': 0.0008188498705810092, 'shap_norm_sq': 585818.9618428921}
{'sample_size': 505, 'difference': 1, 'noise': 0, 'n': 101, 'shap_error': 0.01669893471574145, 'shap_norm_sq': 59056.80155040595}
{'sample_size': 1010, 'difference': 0, 'noise': 0, 'n': 101, 'shap_error': 0.006306960999814087, 'shap_norm_sq': 59056.80155040595}
{'sample_size': 2020, 'difference': 0, 'noise': 0, 'n': 101, 'shap_error': 0.0034485908982532986, 'shap_norm_sq': 59056.80155040595}
{'sample_size': 4040, 'difference': 0, 'noise': 0, 'n': 101, 'shap_error': 0.001155026517280284, 'shap_norm_sq': 59056.80155040595}
{'sample_size': 8080, 'difference': 0, 'noise': 0, 'n': 101, 'shap_error': 0.000586072507285567, 'shap_norm_sq': 59056.80155040595}
{'sample_size': 16160, 'difference': 0, 'noise': 0, 'n': 101, 'shap_error': 0.0003366037051727114, 'shap_norm_sq': 59056.80155040595}
{'sample_size': 505, 'difference': 1, 'noise': 0, 'n': 101, 'shap_error': 0.051185749557049125, 'shap_norm_sq': 68105.12030796155}
{'sample_size': 1010, 'difference': 0, 'noise': 0, 'n': 101, 'shap_error': 0.030394314221888333, 'shap_norm_sq': 68105.12030796155}
{'sample_size': 2020, 'difference': 0, 'noise': 0, 'n': 101, 'shap_error': 0.010797435325473238, 'shap_norm_sq': 68105.12030796155}
{'sample_size': 4040, 'difference': 0, 'noise': 0, 'n': 101, 'shap_error': 0.004648896716431301, 'shap_norm_sq': 68105.12030796155}
{'sample_size': 8080, 'difference': 0, 'noise': 0, 'n': 101, 'shap_error': 0.002152074413130997, 'shap_norm_sq': 68105.12030796155}
{'sample_size': 16160, 'difference': 0, 'noise': 0, 'n': 101, 'shap_error': 0.0008722563029692029, 'shap_norm_sq': 68105.12030796155}
{'sample_size': 505, 'difference': 1, 'noise': 0, 'n': 101, 'shap_error': 0.04940449503114122, 'shap_norm_sq': 139441.27744293964}
{'sample_size': 1010, 'difference': 0, 'noise': 0, 'n': 101, 'shap_error': 0.03132942016366362, 'shap_norm_sq': 139441.27744293964}
{'sample_size': 2020, 'difference': 0, 'noise': 0, 'n': 101, 'shap_error': 0.008328187862483117, 'shap_norm_sq': 139441.27744293964}
{'sample_size': 4040, 'difference': 0, 'noise': 0, 'n': 101, 'shap_error': 0.00434369063728885, 'shap_norm_sq': 139441.27744293964}
{'sample_size': 8080, 'difference': 0, 'noise': 0, 'n': 101, 'shap_error': 0.002350244300065965, 'shap_norm_sq': 139441.27744293964}
{'sample_size': 16160, 'difference': 0, 'noise': 0, 'n': 101, 'shap_error': 0.001203703169843898, 'shap_norm_sq': 139441.27744293964}
{'sample_size': 505, 'difference': 1, 'noise': 0, 'n': 101, 'shap_error': 0.06681707491765254, 'shap_norm_sq': 167533.94330480884}
{'sample_size': 1010, 'difference': 0, 'noise': 0, 'n': 101, 'shap_error': 0.026051691922308034, 'shap_norm_sq': 167533.94330480884}
{'sample_size': 2020, 'difference': 0, 'noise': 0, 'n': 101, 'shap_error': 0.012376318136607004, 'shap_norm_sq': 167533.94330480884}
{'sample_size': 4040, 'difference': 0, 'noise': 0, 'n': 101, 'shap_error': 0.004751611276525537, 'shap_norm_sq': 167533.94330480884}
{'sample_size': 8080, 'difference': 0, 'noise': 0, 'n': 101, 'shap_error': 0.0023955865359649537, 'shap_norm_sq': 167533.94330480884}
{'sample_size': 16160, 'difference': 0, 'noise': 0, 'n': 101, 'shap_error': 0.0014998669317747293, 'shap_norm_sq': 167533.94330480884}
{'sample_size': 505, 'difference': 1, 'noise': 0, 'n': 101, 'shap_error': 0.05079621690728837, 'shap_norm_sq': 56582.391996151935}
{'sample_size': 1010, 'difference': 0, 'noise': 0, 'n': 101, 'shap_error': 0.012018113216238833, 'shap_norm_sq': 56582.391996151935}
{'sample_size': 2020, 'difference': 0, 'noise': 0, 'n': 101, 'shap_error': 0.008064292024849694, 'shap_norm_sq': 56582.391996151935}
{'sample_size': 4040, 'difference': 0, 'noise': 0, 'n': 101, 'shap_error': 0.00414111742246954, 'shap_norm_sq': 56582.391996151935}
{'sample_size': 8080, 'difference': 0, 'noise': 0, 'n': 101, 'shap_error': 0.0014124391770974816, 'shap_norm_sq': 56582.391996151935}
{'sample_size': 16160, 'difference': 0, 'noise': 0, 'n': 101, 'shap_error': 0.0007616651382078436, 'shap_norm_sq': 56582.391996151935}
{'sample_size': 505, 'difference': 1, 'noise': 0, 'n': 101, 'shap_error': 0.01473883426065556, 'shap_norm_sq': 64877.84173911159}
{'sample_size': 1010, 'difference': 0, 'noise': 0, 'n': 101, 'shap_error': 0.007500629437467751, 'shap_norm_sq': 64877.84173911159}
{'sample_size': 2020, 'difference': 0, 'noise': 0, 'n': 101, 'shap_error': 0.003901793227585683, 'shap_norm_sq': 64877.84173911159}
{'sample_size': 4040, 'difference': 0, 'noise': 0, 'n': 101, 'shap_error': 0.0017238423537191906, 'shap_norm_sq': 64877.84173911159}
{'sample_size': 8080, 'difference': 0, 'noise': 0, 'n': 101, 'shap_error': 0.000899572253969544, 'shap_norm_sq': 64877.84173911159}
{'sample_size': 16160, 'difference': 0, 'noise': 0, 'n': 101, 'shap_error': 0.00046696952279900035, 'shap_norm_sq': 64877.84173911159}
{'sample_size': 505, 'difference': 1, 'noise': 0, 'n': 101, 'shap_error': 0.03846913739947144, 'shap_norm_sq': 91655.66755265628}
{'sample_size': 1010, 'difference': 0, 'noise': 0, 'n': 101, 'shap_error': 0.010407986795845758, 'shap_norm_sq': 91655.66755265628}
{'sample_size': 2020, 'difference': 0, 'noise': 0, 'n': 101, 'shap_error': 0.00515882062225352, 'shap_norm_sq': 91655.66755265628}
{'sample_size': 4040, 'difference': 0, 'noise': 0, 'n': 101, 'shap_error': 0.0028441870708147896, 'shap_norm_sq': 91655.66755265628}
{'sample_size': 8080, 'difference': 0, 'noise': 0, 'n': 101, 'shap_error': 0.0009984968806132873, 'shap_norm_sq': 91655.66755265628}
{'sample_size': 16160, 'difference': 0, 'noise': 0, 'n': 101, 'shap_error': 0.0005945234443774451, 'shap_norm_sq': 91655.66755265628}
{'sample_size': 505, 'difference': 1, 'noise': 0, 'n': 101, 'shap_error': 0.018422633332662464, 'shap_norm_sq': 65852.8644272331}
{'sample_size': 1010, 'difference': 0, 'noise': 0, 'n': 101, 'shap_error': 0.004881107097296309, 'shap_norm_sq': 65852.8644272331}
{'sample_size': 2020, 'difference': 0, 'noise': 0, 'n': 101, 'shap_error': 0.0023473351561208327, 'shap_norm_sq': 65852.8644272331}
{'sample_size': 4040, 'difference': 0, 'noise': 0, 'n': 101, 'shap_error': 0.001067999205300858, 'shap_norm_sq': 65852.8644272331}
{'sample_size': 8080, 'difference': 0, 'noise': 0, 'n': 101, 'shap_error': 0.0004433647717390195, 'shap_norm_sq': 65852.8644272331}
{'sample_size': 16160, 'difference': 0, 'noise': 0, 'n': 101, 'shap_error': 0.00025867923548052705, 'shap_norm_sq': 65852.8644272331}
{'sample_size': 505, 'difference': 1, 'noise': 0, 'n': 101, 'shap_error': 0.02428671801219003, 'shap_norm_sq': 68578.74388306007}
{'sample_size': 1010, 'difference': 0, 'noise': 0, 'n': 101, 'shap_error': 0.007846765398186389, 'shap_norm_sq': 68578.74388306007}
{'sample_size': 2020, 'difference': 0, 'noise': 0, 'n': 101, 'shap_error': 0.004864585222456183, 'shap_norm_sq': 68578.74388306007}
{'sample_size': 4040, 'difference': 0, 'noise': 0, 'n': 101, 'shap_error': 0.002068248879049114, 'shap_norm_sq': 68578.74388306007}
{'sample_size': 8080, 'difference': 0, 'noise': 0, 'n': 101, 'shap_error': 0.0008838921047304519, 'shap_norm_sq': 68578.74388306007}
{'sample_size': 16160, 'difference': 0, 'noise': 0, 'n': 101, 'shap_error': 0.0004538194146757128, 'shap_norm_sq': 68578.74388306007}
{'sample_size': 505, 'difference': 1, 'noise': 0, 'n': 101, 'shap_error': 0.012727149074088328, 'shap_norm_sq': 15436.66169381117}
{'sample_size': 1010, 'difference': 0, 'noise': 0, 'n': 101, 'shap_error': 0.007036755999039934, 'shap_norm_sq': 15436.66169381117}
{'sample_size': 2020, 'difference': 0, 'noise': 0, 'n': 101, 'shap_error': 0.0023697997894212967, 'shap_norm_sq': 15436.66169381117}
{'sample_size': 4040, 'difference': 0, 'noise': 0, 'n': 101, 'shap_error': 0.0012735562915680888, 'shap_norm_sq': 15436.66169381117}
{'sample_size': 8080, 'difference': 0, 'noise': 0, 'n': 101, 'shap_error': 0.000648742097577726, 'shap_norm_sq': 15436.66169381117}
{'sample_size': 16160, 'difference': 0, 'noise': 0, 'n': 101, 'shap_error': 0.00037610307375271165, 'shap_norm_sq': 15436.66169381117}
{'sample_size': 505, 'difference': 1, 'noise': 0, 'n': 101, 'shap_error': 0.028388292583878268, 'shap_norm_sq': 59988.42633215804}
{'sample_size': 1010, 'difference': 0, 'noise': 0, 'n': 101, 'shap_error': 0.008465390641315207, 'shap_norm_sq': 59988.42633215804}
{'sample_size': 2020, 'difference': 0, 'noise': 0, 'n': 101, 'shap_error': 0.004189589598970634, 'shap_norm_sq': 59988.42633215804}
{'sample_size': 4040, 'difference': 0, 'noise': 0, 'n': 101, 'shap_error': 0.0020149827131877686, 'shap_norm_sq': 59988.42633215804}
{'sample_size': 8080, 'difference': 0, 'noise': 0, 'n': 101, 'shap_error': 0.0009297952660940223, 'shap_norm_sq': 59988.42633215804}
{'sample_size': 16160, 'difference': 0, 'noise': 0, 'n': 101, 'shap_error': 0.0004749384700439334, 'shap_norm_sq': 59988.42633215804}
{'sample_size': 505, 'difference': 1, 'noise': 0, 'n': 101, 'shap_error': 0.02398840173661104, 'shap_norm_sq': 70948.06025453871}
{'sample_size': 1010, 'difference': 0, 'noise': 0, 'n': 101, 'shap_error': 0.008317761776895818, 'shap_norm_sq': 70948.06025453871}
{'sample_size': 2020, 'difference': 0, 'noise': 0, 'n': 101, 'shap_error': 0.0027622051947081383, 'shap_norm_sq': 70948.06025453871}
{'sample_size': 4040, 'difference': 0, 'noise': 0, 'n': 101, 'shap_error': 0.0014727420576660735, 'shap_norm_sq': 70948.06025453871}
{'sample_size': 8080, 'difference': 0, 'noise': 0, 'n': 101, 'shap_error': 0.0007045785699869165, 'shap_norm_sq': 70948.06025453871}
{'sample_size': 16160, 'difference': 0, 'noise': 0, 'n': 101, 'shap_error': 0.00039922232530015413, 'shap_norm_sq': 70948.06025453871}
{'sample_size': 505, 'difference': 1, 'noise': 0, 'n': 101, 'shap_error': 0.07067346506054638, 'shap_norm_sq': 77924.32063228902}
{'sample_size': 1010, 'difference': 0, 'noise': 0, 'n': 101, 'shap_error': 0.025210084714594523, 'shap_norm_sq': 77924.32063228902}
{'sample_size': 2020, 'difference': 0, 'noise': 0, 'n': 101, 'shap_error': 0.009466182134052013, 'shap_norm_sq': 77924.32063228902}
{'sample_size': 4040, 'difference': 0, 'noise': 0, 'n': 101, 'shap_error': 0.00677787945827148, 'shap_norm_sq': 77924.32063228902}
{'sample_size': 8080, 'difference': 0, 'noise': 0, 'n': 101, 'shap_error': 0.0029119255615881927, 'shap_norm_sq': 77924.32063228902}
{'sample_size': 16160, 'difference': 0, 'noise': 0, 'n': 101, 'shap_error': 0.0013072824734692654, 'shap_norm_sq': 77924.32063228902}
{'sample_size': 505, 'difference': 1, 'noise': 0, 'n': 101, 'shap_error': 0.030213538037036088, 'shap_norm_sq': 58480.294322778}
{'sample_size': 1010, 'difference': 0, 'noise': 0, 'n': 101, 'shap_error': 0.022122353056779558, 'shap_norm_sq': 58480.294322778}
{'sample_size': 2020, 'difference': 0, 'noise': 0, 'n': 101, 'shap_error': 0.007759942606405157, 'shap_norm_sq': 58480.294322778}
{'sample_size': 4040, 'difference': 0, 'noise': 0, 'n': 101, 'shap_error': 0.004079846465362901, 'shap_norm_sq': 58480.294322778}
{'sample_size': 8080, 'difference': 0, 'noise': 0, 'n': 101, 'shap_error': 0.0023961399079237534, 'shap_norm_sq': 58480.294322778}
{'sample_size': 16160, 'difference': 0, 'noise': 0, 'n': 101, 'shap_error': 0.0009279940160885527, 'shap_norm_sq': 58480.294322778}
{'sample_size': 505, 'difference': 1, 'noise': 0, 'n': 101, 'shap_error': 0.04914850567552168, 'shap_norm_sq': 142861.1072230097}
{'sample_size': 1010, 'difference': 0, 'noise': 0, 'n': 101, 'shap_error': 0.017166569124458117, 'shap_norm_sq': 142861.1072230097}
{'sample_size': 2020, 'difference': 0, 'noise': 0, 'n': 101, 'shap_error': 0.009186190182103815, 'shap_norm_sq': 142861.1072230097}
{'sample_size': 4040, 'difference': 0, 'noise': 0, 'n': 101, 'shap_error': 0.004412574237926598, 'shap_norm_sq': 142861.1072230097}
{'sample_size': 8080, 'difference': 0, 'noise': 0, 'n': 101, 'shap_error': 0.0020455948120131347, 'shap_norm_sq': 142861.1072230097}
{'sample_size': 16160, 'difference': 0, 'noise': 0, 'n': 101, 'shap_error': 0.0013367251190904085, 'shap_norm_sq': 142861.1072230097}
{'sample_size': 505, 'difference': 1, 'noise': 0, 'n': 101, 'shap_error': 0.07229087229551721, 'shap_norm_sq': 29155.982366292}
{'sample_size': 1010, 'difference': 0, 'noise': 0, 'n': 101, 'shap_error': 0.022851017677858167, 'shap_norm_sq': 29155.982366292}
{'sample_size': 2020, 'difference': 0, 'noise': 0, 'n': 101, 'shap_error': 0.013465677331140471, 'shap_norm_sq': 29155.982366292}
{'sample_size': 4040, 'difference': 0, 'noise': 0, 'n': 101, 'shap_error': 0.0055901510405313645, 'shap_norm_sq': 29155.982366292}
{'sample_size': 8080, 'difference': 0, 'noise': 0, 'n': 101, 'shap_error': 0.0030058687041807706, 'shap_norm_sq': 29155.982366292}
{'sample_size': 16160, 'difference': 0, 'noise': 0, 'n': 101, 'shap_error': 0.001182464317383013, 'shap_norm_sq': 29155.982366292}
{'sample_size': 505, 'difference': 1, 'noise': 0, 'n': 101, 'shap_error': 0.02261143980790618, 'shap_norm_sq': 68210.27030421194}
{'sample_size': 1010, 'difference': 0, 'noise': 0, 'n': 101, 'shap_error': 0.004806383797589871, 'shap_norm_sq': 68210.27030421194}
{'sample_size': 2020, 'difference': 0, 'noise': 0, 'n': 101, 'shap_error': 0.003601071780626884, 'shap_norm_sq': 68210.27030421194}
{'sample_size': 4040, 'difference': 0, 'noise': 0, 'n': 101, 'shap_error': 0.0017010599021639072, 'shap_norm_sq': 68210.27030421194}
{'sample_size': 8080, 'difference': 0, 'noise': 0, 'n': 101, 'shap_error': 0.0009713264388986133, 'shap_norm_sq': 68210.27030421194}
{'sample_size': 16160, 'difference': 0, 'noise': 0, 'n': 101, 'shap_error': 0.0004121467030912876, 'shap_norm_sq': 68210.27030421194}
{'sample_size': 505, 'difference': 1, 'noise': 0, 'n': 101, 'shap_error': 0.026958073940450532, 'shap_norm_sq': 86211.11074959261}
{'sample_size': 1010, 'difference': 0, 'noise': 0, 'n': 101, 'shap_error': 0.011589153209045413, 'shap_norm_sq': 86211.11074959261}
{'sample_size': 2020, 'difference': 0, 'noise': 0, 'n': 101, 'shap_error': 0.004437819838462198, 'shap_norm_sq': 86211.11074959261}
{'sample_size': 4040, 'difference': 0, 'noise': 0, 'n': 101, 'shap_error': 0.0023200348126078247, 'shap_norm_sq': 86211.11074959261}
{'sample_size': 8080, 'difference': 0, 'noise': 0, 'n': 101, 'shap_error': 0.000999374422585911, 'shap_norm_sq': 86211.11074959261}
{'sample_size': 16160, 'difference': 0, 'noise': 0, 'n': 101, 'shap_error': 0.0006351880030001849, 'shap_norm_sq': 86211.11074959261}
{'sample_size': 505, 'difference': 1, 'noise': 0, 'n': 101, 'shap_error': 0.02782382203046275, 'shap_norm_sq': 71614.5711912898}
{'sample_size': 1010, 'difference': 0, 'noise': 0, 'n': 101, 'shap_error': 0.009386885276108144, 'shap_norm_sq': 71614.5711912898}
{'sample_size': 2020, 'difference': 0, 'noise': 0, 'n': 101, 'shap_error': 0.004352665210484596, 'shap_norm_sq': 71614.5711912898}
{'sample_size': 4040, 'difference': 0, 'noise': 0, 'n': 101, 'shap_error': 0.0022827741204743167, 'shap_norm_sq': 71614.5711912898}
{'sample_size': 8080, 'difference': 0, 'noise': 0, 'n': 101, 'shap_error': 0.0011155564383468965, 'shap_norm_sq': 71614.5711912898}
{'sample_size': 16160, 'difference': 0, 'noise': 0, 'n': 101, 'shap_error': 0.000586006877580979, 'shap_norm_sq': 71614.5711912898}
{'sample_size': 505, 'difference': 1, 'noise': 0, 'n': 101, 'shap_error': 0.09078466321442046, 'shap_norm_sq': 363781.09591590613}
{'sample_size': 1010, 'difference': 0, 'noise': 0, 'n': 101, 'shap_error': 0.021937333002454193, 'shap_norm_sq': 363781.09591590613}
{'sample_size': 2020, 'difference': 0, 'noise': 0, 'n': 101, 'shap_error': 0.013270633147834962, 'shap_norm_sq': 363781.09591590613}
{'sample_size': 4040, 'difference': 0, 'noise': 0, 'n': 101, 'shap_error': 0.006525977912525097, 'shap_norm_sq': 363781.09591590613}
{'sample_size': 8080, 'difference': 0, 'noise': 0, 'n': 101, 'shap_error': 0.003418300647510799, 'shap_norm_sq': 363781.09591590613}
{'sample_size': 16160, 'difference': 0, 'noise': 0, 'n': 101, 'shap_error': 0.0010816581363465474, 'shap_norm_sq': 363781.09591590613}
{'sample_size': 505, 'difference': 1, 'noise': 0, 'n': 101, 'shap_error': 0.07348761661509552, 'shap_norm_sq': 65152.18994262499}
{'sample_size': 1010, 'difference': 0, 'noise': 0, 'n': 101, 'shap_error': 0.03319367937886081, 'shap_norm_sq': 65152.18994262499}
{'sample_size': 2020, 'difference': 0, 'noise': 0, 'n': 101, 'shap_error': 0.011647240304961988, 'shap_norm_sq': 65152.18994262499}
{'sample_size': 4040, 'difference': 0, 'noise': 0, 'n': 101, 'shap_error': 0.005440724704051469, 'shap_norm_sq': 65152.18994262499}
{'sample_size': 8080, 'difference': 0, 'noise': 0, 'n': 101, 'shap_error': 0.002721292385666827, 'shap_norm_sq': 65152.18994262499}
{'sample_size': 16160, 'difference': 0, 'noise': 0, 'n': 101, 'shap_error': 0.0013547560857761624, 'shap_norm_sq': 65152.18994262499}
{'sample_size': 505, 'difference': 1, 'noise': 0, 'n': 101, 'shap_error': 0.012587709758170943, 'shap_norm_sq': 61475.04748303989}
{'sample_size': 1010, 'difference': 0, 'noise': 0, 'n': 101, 'shap_error': 0.004256606632674258, 'shap_norm_sq': 61475.04748303989}
{'sample_size': 2020, 'difference': 0, 'noise': 0, 'n': 101, 'shap_error': 0.0016963797668746443, 'shap_norm_sq': 61475.04748303989}
{'sample_size': 4040, 'difference': 0, 'noise': 0, 'n': 101, 'shap_error': 0.0006533331695127236, 'shap_norm_sq': 61475.04748303989}
{'sample_size': 8080, 'difference': 0, 'noise': 0, 'n': 101, 'shap_error': 0.00048814631170404784, 'shap_norm_sq': 61475.04748303989}
{'sample_size': 16160, 'difference': 0, 'noise': 0, 'n': 101, 'shap_error': 0.00021447059255282435, 'shap_norm_sq': 61475.04748303989}
{'sample_size': 505, 'difference': 1, 'noise': 0, 'n': 101, 'shap_error': 0.045269019889452755, 'shap_norm_sq': 64529.68913311736}
{'sample_size': 1010, 'difference': 0, 'noise': 0, 'n': 101, 'shap_error': 0.018111378061960667, 'shap_norm_sq': 64529.68913311736}
{'sample_size': 2020, 'difference': 0, 'noise': 0, 'n': 101, 'shap_error': 0.0072609922265974465, 'shap_norm_sq': 64529.68913311736}
{'sample_size': 4040, 'difference': 0, 'noise': 0, 'n': 101, 'shap_error': 0.0027645292398171197, 'shap_norm_sq': 64529.68913311736}
{'sample_size': 8080, 'difference': 0, 'noise': 0, 'n': 101, 'shap_error': 0.0016843837276693024, 'shap_norm_sq': 64529.68913311736}
{'sample_size': 16160, 'difference': 0, 'noise': 0, 'n': 101, 'shap_error': 0.0006784133958795721, 'shap_norm_sq': 64529.68913311736}
{'sample_size': 505, 'difference': 1, 'noise': 0, 'n': 101, 'shap_error': 0.06587960018201777, 'shap_norm_sq': 37054.59474406034}
{'sample_size': 1010, 'difference': 0, 'noise': 0, 'n': 101, 'shap_error': 0.036889644521433076, 'shap_norm_sq': 37054.59474406034}
{'sample_size': 2020, 'difference': 0, 'noise': 0, 'n': 101, 'shap_error': 0.010689633772925665, 'shap_norm_sq': 37054.59474406034}
{'sample_size': 4040, 'difference': 0, 'noise': 0, 'n': 101, 'shap_error': 0.006129798571462769, 'shap_norm_sq': 37054.59474406034}
{'sample_size': 8080, 'difference': 0, 'noise': 0, 'n': 101, 'shap_error': 0.0030442998489131363, 'shap_norm_sq': 37054.59474406034}
{'sample_size': 16160, 'difference': 0, 'noise': 0, 'n': 101, 'shap_error': 0.0015276646847384179, 'shap_norm_sq': 37054.59474406034}
{'sample_size': 505, 'difference': 1, 'noise': 0, 'n': 101, 'shap_error': 0.014838882016037822, 'shap_norm_sq': 67634.43522297681}
{'sample_size': 1010, 'difference': 0, 'noise': 0, 'n': 101, 'shap_error': 0.008480834483621415, 'shap_norm_sq': 67634.43522297681}
{'sample_size': 2020, 'difference': 0, 'noise': 0, 'n': 101, 'shap_error': 0.0022062033698916216, 'shap_norm_sq': 67634.43522297681}
{'sample_size': 4040, 'difference': 0, 'noise': 0, 'n': 101, 'shap_error': 0.0012558978856758453, 'shap_norm_sq': 67634.43522297681}
{'sample_size': 8080, 'difference': 0, 'noise': 0, 'n': 101, 'shap_error': 0.0007697310355472201, 'shap_norm_sq': 67634.43522297681}
{'sample_size': 16160, 'difference': 0, 'noise': 0, 'n': 101, 'shap_error': 0.00040738378213497434, 'shap_norm_sq': 67634.43522297681}
{'sample_size': 505, 'difference': 1, 'noise': 0, 'n': 101, 'shap_error': 0.03250161524857033, 'shap_norm_sq': 65693.15553171656}
{'sample_size': 1010, 'difference': 0, 'noise': 0, 'n': 101, 'shap_error': 0.014823628617640802, 'shap_norm_sq': 65693.15553171656}
{'sample_size': 2020, 'difference': 0, 'noise': 0, 'n': 101, 'shap_error': 0.005937396370688137, 'shap_norm_sq': 65693.15553171656}
{'sample_size': 4040, 'difference': 0, 'noise': 0, 'n': 101, 'shap_error': 0.003654576587506444, 'shap_norm_sq': 65693.15553171656}
{'sample_size': 8080, 'difference': 0, 'noise': 0, 'n': 101, 'shap_error': 0.001921558455585657, 'shap_norm_sq': 65693.15553171656}
{'sample_size': 16160, 'difference': 0, 'noise': 0, 'n': 101, 'shap_error': 0.0009131564972997166, 'shap_norm_sq': 65693.15553171656}
{'sample_size': 505, 'difference': 1, 'noise': 0, 'n': 101, 'shap_error': 0.03859430667441552, 'shap_norm_sq': 90026.51727442787}
{'sample_size': 1010, 'difference': 0, 'noise': 0, 'n': 101, 'shap_error': 0.012570985383608924, 'shap_norm_sq': 90026.51727442787}
{'sample_size': 2020, 'difference': 0, 'noise': 0, 'n': 101, 'shap_error': 0.007183705673270789, 'shap_norm_sq': 90026.51727442787}
{'sample_size': 4040, 'difference': 0, 'noise': 0, 'n': 101, 'shap_error': 0.003707287772670201, 'shap_norm_sq': 90026.51727442787}
{'sample_size': 8080, 'difference': 0, 'noise': 0, 'n': 101, 'shap_error': 0.0014557811731528364, 'shap_norm_sq': 90026.51727442787}
{'sample_size': 16160, 'difference': 0, 'noise': 0, 'n': 101, 'shap_error': 0.000820116282233747, 'shap_norm_sq': 90026.51727442787}
{'sample_size': 505, 'difference': 1, 'noise': 0, 'n': 101, 'shap_error': 0.01446256386375039, 'shap_norm_sq': 60278.702543096995}
{'sample_size': 1010, 'difference': 0, 'noise': 0, 'n': 101, 'shap_error': 0.005502133445680447, 'shap_norm_sq': 60278.702543096995}
{'sample_size': 2020, 'difference': 0, 'noise': 0, 'n': 101, 'shap_error': 0.0020669419015360356, 'shap_norm_sq': 60278.702543096995}
{'sample_size': 4040, 'difference': 0, 'noise': 0, 'n': 101, 'shap_error': 0.0010075118332739572, 'shap_norm_sq': 60278.702543096995}
{'sample_size': 8080, 'difference': 0, 'noise': 0, 'n': 101, 'shap_error': 0.0006433960249883187, 'shap_norm_sq': 60278.702543096995}
{'sample_size': 16160, 'difference': 0, 'noise': 0, 'n': 101, 'shap_error': 0.00021849482964051862, 'shap_norm_sq': 60278.702543096995}
{'sample_size': 505, 'difference': 1, 'noise': 0, 'n': 101, 'shap_error': 0.0758407927356592, 'shap_norm_sq': 60517.72849368696}
{'sample_size': 1010, 'difference': 0, 'noise': 0, 'n': 101, 'shap_error': 0.033595522100515786, 'shap_norm_sq': 60517.72849368696}
{'sample_size': 2020, 'difference': 0, 'noise': 0, 'n': 101, 'shap_error': 0.013436113455636918, 'shap_norm_sq': 60517.72849368696}
{'sample_size': 4040, 'difference': 0, 'noise': 0, 'n': 101, 'shap_error': 0.006635722740171155, 'shap_norm_sq': 60517.72849368696}
{'sample_size': 8080, 'difference': 0, 'noise': 0, 'n': 101, 'shap_error': 0.003173536272343082, 'shap_norm_sq': 60517.72849368696}
{'sample_size': 16160, 'difference': 0, 'noise': 0, 'n': 101, 'shap_error': 0.0013422160238336608, 'shap_norm_sq': 60517.72849368696}
{'sample_size': 505, 'difference': 1, 'noise': 0, 'n': 101, 'shap_error': 0.00024202367144209817, 'shap_norm_sq': 10837.687552913987}
{'sample_size': 1010, 'difference': 0, 'noise': 0, 'n': 101, 'shap_error': 0.00011343630152775418, 'shap_norm_sq': 10837.687552913987}
{'sample_size': 2020, 'difference': 0, 'noise': 0, 'n': 101, 'shap_error': 5.453833835794273e-05, 'shap_norm_sq': 10837.687552913987}
{'sample_size': 4040, 'difference': 0, 'noise': 0, 'n': 101, 'shap_error': 2.375904517649005e-05, 'shap_norm_sq': 10837.687552913987}
{'sample_size': 8080, 'difference': 0, 'noise': 0, 'n': 101, 'shap_error': 1.1736609942377763e-05, 'shap_norm_sq': 10837.687552913987}
{'sample_size': 16160, 'difference': 0, 'noise': 0, 'n': 101, 'shap_error': 6.116368397532829e-06, 'shap_norm_sq': 10837.687552913987}
{'sample_size': 505, 'difference': 1, 'noise': 0, 'n': 101, 'shap_error': 0.04685397796872008, 'shap_norm_sq': 59094.93972924952}
{'sample_size': 1010, 'difference': 0, 'noise': 0, 'n': 101, 'shap_error': 0.02874536711700386, 'shap_norm_sq': 59094.93972924952}
{'sample_size': 2020, 'difference': 0, 'noise': 0, 'n': 101, 'shap_error': 0.007339302680589289, 'shap_norm_sq': 59094.93972924952}
{'sample_size': 4040, 'difference': 0, 'noise': 0, 'n': 101, 'shap_error': 0.00481659716957143, 'shap_norm_sq': 59094.93972924952}
{'sample_size': 8080, 'difference': 0, 'noise': 0, 'n': 101, 'shap_error': 0.0020459454515709212, 'shap_norm_sq': 59094.93972924952}
{'sample_size': 16160, 'difference': 0, 'noise': 0, 'n': 101, 'shap_error': 0.0010220902773413472, 'shap_norm_sq': 59094.93972924952}
{'sample_size': 505, 'difference': 1, 'noise': 0, 'n': 101, 'shap_error': 0.01607841633779453, 'shap_norm_sq': 81644.161193724}
{'sample_size': 1010, 'difference': 0, 'noise': 0, 'n': 101, 'shap_error': 0.008098993045322881, 'shap_norm_sq': 81644.161193724}
{'sample_size': 2020, 'difference': 0, 'noise': 0, 'n': 101, 'shap_error': 0.003776633509848111, 'shap_norm_sq': 81644.161193724}
{'sample_size': 4040, 'difference': 0, 'noise': 0, 'n': 101, 'shap_error': 0.00139153576723273, 'shap_norm_sq': 81644.161193724}
{'sample_size': 8080, 'difference': 0, 'noise': 0, 'n': 101, 'shap_error': 0.000745692246652217, 'shap_norm_sq': 81644.161193724}
{'sample_size': 16160, 'difference': 0, 'noise': 0, 'n': 101, 'shap_error': 0.000387824321291783, 'shap_norm_sq': 81644.161193724}
{'sample_size': 505, 'difference': 1, 'noise': 0, 'n': 101, 'shap_error': 0.10448768708839924, 'shap_norm_sq': 50053.765987219485}
{'sample_size': 1010, 'difference': 0, 'noise': 0, 'n': 101, 'shap_error': 0.028189733930336837, 'shap_norm_sq': 50053.765987219485}
{'sample_size': 2020, 'difference': 0, 'noise': 0, 'n': 101, 'shap_error': 0.017636876817490908, 'shap_norm_sq': 50053.765987219485}
{'sample_size': 4040, 'difference': 0, 'noise': 0, 'n': 101, 'shap_error': 0.005949982771321272, 'shap_norm_sq': 50053.765987219485}
{'sample_size': 8080, 'difference': 0, 'noise': 0, 'n': 101, 'shap_error': 0.0033628306259299505, 'shap_norm_sq': 50053.765987219485}
{'sample_size': 16160, 'difference': 0, 'noise': 0, 'n': 101, 'shap_error': 0.001779792231155746, 'shap_norm_sq': 50053.765987219485}
{'sample_size': 505, 'difference': 1, 'noise': 0, 'n': 101, 'shap_error': 0.03110701799508557, 'shap_norm_sq': 402205.52813783445}
{'sample_size': 1010, 'difference': 0, 'noise': 0, 'n': 101, 'shap_error': 0.012241866167064942, 'shap_norm_sq': 402205.52813783445}
{'sample_size': 2020, 'difference': 0, 'noise': 0, 'n': 101, 'shap_error': 0.005079978917366012, 'shap_norm_sq': 402205.52813783445}
{'sample_size': 4040, 'difference': 0, 'noise': 0, 'n': 101, 'shap_error': 0.002549308443484603, 'shap_norm_sq': 402205.52813783445}
{'sample_size': 8080, 'difference': 0, 'noise': 0, 'n': 101, 'shap_error': 0.0013212399381209202, 'shap_norm_sq': 402205.52813783445}
{'sample_size': 16160, 'difference': 0, 'noise': 0, 'n': 101, 'shap_error': 0.0007409054409267712, 'shap_norm_sq': 402205.52813783445}
{'sample_size': 505, 'difference': 1, 'noise': 0, 'n': 101, 'shap_error': 0.012867780014188687, 'shap_norm_sq': 59051.703621773784}
{'sample_size': 1010, 'difference': 0, 'noise': 0, 'n': 101, 'shap_error': 0.007088237977148999, 'shap_norm_sq': 59051.703621773784}
{'sample_size': 2020, 'difference': 0, 'noise': 0, 'n': 101, 'shap_error': 0.0027541003224633236, 'shap_norm_sq': 59051.703621773784}
{'sample_size': 4040, 'difference': 0, 'noise': 0, 'n': 101, 'shap_error': 0.001307231435575618, 'shap_norm_sq': 59051.703621773784}
{'sample_size': 8080, 'difference': 0, 'noise': 0, 'n': 101, 'shap_error': 0.000672245518613576, 'shap_norm_sq': 59051.703621773784}
{'sample_size': 16160, 'difference': 0, 'noise': 0, 'n': 101, 'shap_error': 0.00030584565370431465, 'shap_norm_sq': 59051.703621773784}
{'sample_size': 505, 'difference': 1, 'noise': 0, 'n': 101, 'shap_error': 0.021366330004465573, 'shap_norm_sq': 45343.17351124053}
{'sample_size': 1010, 'difference': 0, 'noise': 0, 'n': 101, 'shap_error': 0.006939487493799786, 'shap_norm_sq': 45343.17351124053}
{'sample_size': 2020, 'difference': 0, 'noise': 0, 'n': 101, 'shap_error': 0.0035332030842787293, 'shap_norm_sq': 45343.17351124053}
{'sample_size': 4040, 'difference': 0, 'noise': 0, 'n': 101, 'shap_error': 0.0018733576747209317, 'shap_norm_sq': 45343.17351124053}
{'sample_size': 8080, 'difference': 0, 'noise': 0, 'n': 101, 'shap_error': 0.0006989449572336255, 'shap_norm_sq': 45343.17351124053}
{'sample_size': 16160, 'difference': 0, 'noise': 0, 'n': 101, 'shap_error': 0.00043697559753721885, 'shap_norm_sq': 45343.17351124053}
{'sample_size': 505, 'difference': 1, 'noise': 0, 'n': 101, 'shap_error': 0.05307335662922552, 'shap_norm_sq': 69286.48627175041}
{'sample_size': 1010, 'difference': 0, 'noise': 0, 'n': 101, 'shap_error': 0.022463384929121685, 'shap_norm_sq': 69286.48627175041}
{'sample_size': 2020, 'difference': 0, 'noise': 0, 'n': 101, 'shap_error': 0.01122936270375627, 'shap_norm_sq': 69286.48627175041}
{'sample_size': 4040, 'difference': 0, 'noise': 0, 'n': 101, 'shap_error': 0.004447091297368469, 'shap_norm_sq': 69286.48627175041}
{'sample_size': 8080, 'difference': 0, 'noise': 0, 'n': 101, 'shap_error': 0.002222115643041127, 'shap_norm_sq': 69286.48627175041}
{'sample_size': 16160, 'difference': 0, 'noise': 0, 'n': 101, 'shap_error': 0.0009955623512256366, 'shap_norm_sq': 69286.48627175041}
{'sample_size': 505, 'difference': 1, 'noise': 0, 'n': 101, 'shap_error': 0.004005855375081581, 'shap_norm_sq': 64740.40159642255}
{'sample_size': 1010, 'difference': 0, 'noise': 0, 'n': 101, 'shap_error': 0.0013227124864344391, 'shap_norm_sq': 64740.40159642255}
{'sample_size': 2020, 'difference': 0, 'noise': 0, 'n': 101, 'shap_error': 0.0005628891558142873, 'shap_norm_sq': 64740.40159642255}
{'sample_size': 4040, 'difference': 0, 'noise': 0, 'n': 101, 'shap_error': 0.0003008760601876263, 'shap_norm_sq': 64740.40159642255}
{'sample_size': 8080, 'difference': 0, 'noise': 0, 'n': 101, 'shap_error': 0.00014082027302263588, 'shap_norm_sq': 64740.40159642255}
{'sample_size': 16160, 'difference': 0, 'noise': 0, 'n': 101, 'shap_error': 5.658345601252156e-05, 'shap_norm_sq': 64740.40159642255}
{'sample_size': 505, 'difference': 1, 'noise': 0, 'n': 101, 'shap_error': 0.02416685822560904, 'shap_norm_sq': 78281.04079348833}
{'sample_size': 1010, 'difference': 0, 'noise': 0, 'n': 101, 'shap_error': 0.010280156000633355, 'shap_norm_sq': 78281.04079348833}
{'sample_size': 2020, 'difference': 0, 'noise': 0, 'n': 101, 'shap_error': 0.004911256929121139, 'shap_norm_sq': 78281.04079348833}
{'sample_size': 4040, 'difference': 0, 'noise': 0, 'n': 101, 'shap_error': 0.0020720171393134776, 'shap_norm_sq': 78281.04079348833}
{'sample_size': 8080, 'difference': 0, 'noise': 0, 'n': 101, 'shap_error': 0.000903276074886894, 'shap_norm_sq': 78281.04079348833}
{'sample_size': 16160, 'difference': 0, 'noise': 0, 'n': 101, 'shap_error': 0.0004981630845930566, 'shap_norm_sq': 78281.04079348833}
{'sample_size': 505, 'difference': 1, 'noise': 0, 'n': 101, 'shap_error': 0.0320621865353039, 'shap_norm_sq': 80933.95894743361}
{'sample_size': 1010, 'difference': 0, 'noise': 0, 'n': 101, 'shap_error': 0.013003937793688275, 'shap_norm_sq': 80933.95894743361}
{'sample_size': 2020, 'difference': 0, 'noise': 0, 'n': 101, 'shap_error': 0.004561667497768475, 'shap_norm_sq': 80933.95894743361}
{'sample_size': 4040, 'difference': 0, 'noise': 0, 'n': 101, 'shap_error': 0.002478118856548602, 'shap_norm_sq': 80933.95894743361}
{'sample_size': 8080, 'difference': 0, 'noise': 0, 'n': 101, 'shap_error': 0.000989374450804526, 'shap_norm_sq': 80933.95894743361}
{'sample_size': 16160, 'difference': 0, 'noise': 0, 'n': 101, 'shap_error': 0.00043991405056457, 'shap_norm_sq': 80933.95894743361}
{'sample_size': 505, 'difference': 1, 'noise': 0, 'n': 101, 'shap_error': 0.009952777531498412, 'shap_norm_sq': 194115.54527974554}
{'sample_size': 1010, 'difference': 0, 'noise': 0, 'n': 101, 'shap_error': 0.005667882209780599, 'shap_norm_sq': 194115.54527974554}
{'sample_size': 2020, 'difference': 0, 'noise': 0, 'n': 101, 'shap_error': 0.00206031893281855, 'shap_norm_sq': 194115.54527974554}
{'sample_size': 4040, 'difference': 0, 'noise': 0, 'n': 101, 'shap_error': 0.0013237306908777037, 'shap_norm_sq': 194115.54527974554}
{'sample_size': 8080, 'difference': 0, 'noise': 0, 'n': 101, 'shap_error': 0.0005141247922375929, 'shap_norm_sq': 194115.54527974554}
{'sample_size': 16160, 'difference': 0, 'noise': 0, 'n': 101, 'shap_error': 0.00026347169781229724, 'shap_norm_sq': 194115.54527974554}
{'sample_size': 505, 'difference': 1, 'noise': 0, 'n': 101, 'shap_error': 0.015223919472520858, 'shap_norm_sq': 53079.06010629076}
{'sample_size': 1010, 'difference': 0, 'noise': 0, 'n': 101, 'shap_error': 0.005871853477917906, 'shap_norm_sq': 53079.06010629076}
{'sample_size': 2020, 'difference': 0, 'noise': 0, 'n': 101, 'shap_error': 0.0022740908950618075, 'shap_norm_sq': 53079.06010629076}
{'sample_size': 4040, 'difference': 0, 'noise': 0, 'n': 101, 'shap_error': 0.0013409955326500439, 'shap_norm_sq': 53079.06010629076}
{'sample_size': 8080, 'difference': 0, 'noise': 0, 'n': 101, 'shap_error': 0.00054231781986096, 'shap_norm_sq': 53079.06010629076}
{'sample_size': 16160, 'difference': 0, 'noise': 0, 'n': 101, 'shap_error': 0.00024307733640854774, 'shap_norm_sq': 53079.06010629076}
{'sample_size': 505, 'difference': 1, 'noise': 0, 'n': 101, 'shap_error': 0.029711426867208672, 'shap_norm_sq': 64529.68913311736}
{'sample_size': 1010, 'difference': 0, 'noise': 0, 'n': 101, 'shap_error': 0.02262911641844585, 'shap_norm_sq': 64529.68913311736}
{'sample_size': 2020, 'difference': 0, 'noise': 0, 'n': 101, 'shap_error': 0.008195772852497576, 'shap_norm_sq': 64529.68913311736}
{'sample_size': 4040, 'difference': 0, 'noise': 0, 'n': 101, 'shap_error': 0.0038759285028138533, 'shap_norm_sq': 64529.68913311736}
{'sample_size': 8080, 'difference': 0, 'noise': 0, 'n': 101, 'shap_error': 0.0016900450261451456, 'shap_norm_sq': 64529.68913311736}
{'sample_size': 16160, 'difference': 0, 'noise': 0, 'n': 101, 'shap_error': 0.0008565205627607227, 'shap_norm_sq': 64529.68913311736}
{'sample_size': 505, 'difference': 1, 'noise': 0, 'n': 101, 'shap_error': 0.03697165752288679, 'shap_norm_sq': 95208.64754927717}
{'sample_size': 1010, 'difference': 0, 'noise': 0, 'n': 101, 'shap_error': 0.011566832808438853, 'shap_norm_sq': 95208.64754927717}
{'sample_size': 2020, 'difference': 0, 'noise': 0, 'n': 101, 'shap_error': 0.007068404264486789, 'shap_norm_sq': 95208.64754927717}
{'sample_size': 4040, 'difference': 0, 'noise': 0, 'n': 101, 'shap_error': 0.0036349459800732163, 'shap_norm_sq': 95208.64754927717}
{'sample_size': 8080, 'difference': 0, 'noise': 0, 'n': 101, 'shap_error': 0.0016444477762553532, 'shap_norm_sq': 95208.64754927717}
{'sample_size': 16160, 'difference': 0, 'noise': 0, 'n': 101, 'shap_error': 0.0006765449577340736, 'shap_norm_sq': 95208.64754927717}
{'sample_size': 505, 'difference': 1, 'noise': 0, 'n': 101, 'shap_error': 0.02192600862209463, 'shap_norm_sq': 49611.86676062929}
{'sample_size': 1010, 'difference': 0, 'noise': 0, 'n': 101, 'shap_error': 0.005004274329232679, 'shap_norm_sq': 49611.86676062929}
{'sample_size': 2020, 'difference': 0, 'noise': 0, 'n': 101, 'shap_error': 0.0029181170817202556, 'shap_norm_sq': 49611.86676062929}
{'sample_size': 4040, 'difference': 0, 'noise': 0, 'n': 101, 'shap_error': 0.00140922367117135, 'shap_norm_sq': 49611.86676062929}
{'sample_size': 8080, 'difference': 0, 'noise': 0, 'n': 101, 'shap_error': 0.0008609186947234204, 'shap_norm_sq': 49611.86676062929}
{'sample_size': 16160, 'difference': 0, 'noise': 0, 'n': 101, 'shap_error': 0.0004097980745432058, 'shap_norm_sq': 49611.86676062929}
{'sample_size': 505, 'difference': 1, 'noise': 0, 'n': 101, 'shap_error': 0.012904692906895361, 'shap_norm_sq': 54630.12408325359}
{'sample_size': 1010, 'difference': 0, 'noise': 0, 'n': 101, 'shap_error': 0.005771526861026476, 'shap_norm_sq': 54630.12408325359}
{'sample_size': 2020, 'difference': 0, 'noise': 0, 'n': 101, 'shap_error': 0.0027309797056291217, 'shap_norm_sq': 54630.12408325359}
{'sample_size': 4040, 'difference': 0, 'noise': 0, 'n': 101, 'shap_error': 0.001336642662292189, 'shap_norm_sq': 54630.12408325359}
{'sample_size': 8080, 'difference': 0, 'noise': 0, 'n': 101, 'shap_error': 0.0005557344587746987, 'shap_norm_sq': 54630.12408325359}
{'sample_size': 16160, 'difference': 0, 'noise': 0, 'n': 101, 'shap_error': 0.00025072567637007175, 'shap_norm_sq': 54630.12408325359}
{'sample_size': 505, 'difference': 1, 'noise': 0, 'n': 101, 'shap_error': 0.019446871310001626, 'shap_norm_sq': 36586.72494949802}
{'sample_size': 1010, 'difference': 0, 'noise': 0, 'n': 101, 'shap_error': 0.0064530454891017506, 'shap_norm_sq': 36586.72494949802}
{'sample_size': 2020, 'difference': 0, 'noise': 0, 'n': 101, 'shap_error': 0.00298862545277637, 'shap_norm_sq': 36586.72494949802}
{'sample_size': 4040, 'difference': 0, 'noise': 0, 'n': 101, 'shap_error': 0.0017204352997392495, 'shap_norm_sq': 36586.72494949802}
{'sample_size': 8080, 'difference': 0, 'noise': 0, 'n': 101, 'shap_error': 0.0012089607665535574, 'shap_norm_sq': 36586.72494949802}
{'sample_size': 16160, 'difference': 0, 'noise': 0, 'n': 101, 'shap_error': 0.00033875370860068764, 'shap_norm_sq': 36586.72494949802}
{'sample_size': 505, 'difference': 1, 'noise': 0, 'n': 101, 'shap_error': 0.029992850433657875, 'shap_norm_sq': 95922.30425254253}
{'sample_size': 1010, 'difference': 0, 'noise': 0, 'n': 101, 'shap_error': 0.01557874601110517, 'shap_norm_sq': 95922.30425254253}
{'sample_size': 2020, 'difference': 0, 'noise': 0, 'n': 101, 'shap_error': 0.006735794927431094, 'shap_norm_sq': 95922.30425254253}
{'sample_size': 4040, 'difference': 0, 'noise': 0, 'n': 101, 'shap_error': 0.0029246853834367474, 'shap_norm_sq': 95922.30425254253}
{'sample_size': 8080, 'difference': 0, 'noise': 0, 'n': 101, 'shap_error': 0.0015566558922315708, 'shap_norm_sq': 95922.30425254253}
{'sample_size': 16160, 'difference': 0, 'noise': 0, 'n': 101, 'shap_error': 0.0006660242447760702, 'shap_norm_sq': 95922.30425254253}
{'sample_size': 505, 'difference': 1, 'noise': 0, 'n': 101, 'shap_error': 0.033013553155245005, 'shap_norm_sq': 66146.79000065055}
{'sample_size': 1010, 'difference': 0, 'noise': 0, 'n': 101, 'shap_error': 0.010492030946266502, 'shap_norm_sq': 66146.79000065055}
{'sample_size': 2020, 'difference': 0, 'noise': 0, 'n': 101, 'shap_error': 0.005858336859489689, 'shap_norm_sq': 66146.79000065055}
{'sample_size': 4040, 'difference': 0, 'noise': 0, 'n': 101, 'shap_error': 0.0023890122689738448, 'shap_norm_sq': 66146.79000065055}
{'sample_size': 8080, 'difference': 0, 'noise': 0, 'n': 101, 'shap_error': 0.0007712287178463596, 'shap_norm_sq': 66146.79000065055}
{'sample_size': 16160, 'difference': 0, 'noise': 0, 'n': 101, 'shap_error': 0.0005667215818479982, 'shap_norm_sq': 66146.79000065055}
{'sample_size': 505, 'difference': 1, 'noise': 0, 'n': 101, 'shap_error': 0.01065375236570693, 'shap_norm_sq': 36099.76370580298}
{'sample_size': 1010, 'difference': 0, 'noise': 0, 'n': 101, 'shap_error': 0.006071592161558881, 'shap_norm_sq': 36099.76370580298}
{'sample_size': 2020, 'difference': 0, 'noise': 0, 'n': 101, 'shap_error': 0.0019558563272934915, 'shap_norm_sq': 36099.76370580298}
{'sample_size': 4040, 'difference': 0, 'noise': 0, 'n': 101, 'shap_error': 0.0009494439445780735, 'shap_norm_sq': 36099.76370580298}
{'sample_size': 8080, 'difference': 0, 'noise': 0, 'n': 101, 'shap_error': 0.0004110939833298129, 'shap_norm_sq': 36099.76370580298}
{'sample_size': 16160, 'difference': 0, 'noise': 0, 'n': 101, 'shap_error': 0.000257779990656533, 'shap_norm_sq': 36099.76370580298}
{'sample_size': 505, 'difference': 1, 'noise': 0, 'n': 101, 'shap_error': 0.04481722717872835, 'shap_norm_sq': 115202.0167338266}
{'sample_size': 1010, 'difference': 0, 'noise': 0, 'n': 101, 'shap_error': 0.02103044261866576, 'shap_norm_sq': 115202.0167338266}
{'sample_size': 2020, 'difference': 0, 'noise': 0, 'n': 101, 'shap_error': 0.007284319208063597, 'shap_norm_sq': 115202.0167338266}
{'sample_size': 4040, 'difference': 0, 'noise': 0, 'n': 101, 'shap_error': 0.003597716329957425, 'shap_norm_sq': 115202.0167338266}
{'sample_size': 8080, 'difference': 0, 'noise': 0, 'n': 101, 'shap_error': 0.0014818589465705806, 'shap_norm_sq': 115202.0167338266}
{'sample_size': 16160, 'difference': 0, 'noise': 0, 'n': 101, 'shap_error': 0.0009193552545003307, 'shap_norm_sq': 115202.0167338266}
{'sample_size': 505, 'difference': 1, 'noise': 0, 'n': 101, 'shap_error': 0.1014462197003558, 'shap_norm_sq': 45790.27580792465}
{'sample_size': 1010, 'difference': 0, 'noise': 0, 'n': 101, 'shap_error': 0.047393627077359675, 'shap_norm_sq': 45790.27580792465}
{'sample_size': 2020, 'difference': 0, 'noise': 0, 'n': 101, 'shap_error': 0.017436538820087232, 'shap_norm_sq': 45790.27580792465}
{'sample_size': 4040, 'difference': 0, 'noise': 0, 'n': 101, 'shap_error': 0.007824515316343051, 'shap_norm_sq': 45790.27580792465}
{'sample_size': 8080, 'difference': 0, 'noise': 0, 'n': 101, 'shap_error': 0.0025969628781884356, 'shap_norm_sq': 45790.27580792465}
{'sample_size': 16160, 'difference': 0, 'noise': 0, 'n': 101, 'shap_error': 0.0018290762557542548, 'shap_norm_sq': 45790.27580792465}
{'sample_size': 505, 'difference': 1, 'noise': 0, 'n': 101, 'shap_error': 0.003357007926327988, 'shap_norm_sq': 132753.67474576674}
{'sample_size': 1010, 'difference': 0, 'noise': 0, 'n': 101, 'shap_error': 0.0015020820759121846, 'shap_norm_sq': 132753.67474576674}
{'sample_size': 2020, 'difference': 0, 'noise': 0, 'n': 101, 'shap_error': 0.0006163836046926202, 'shap_norm_sq': 132753.67474576674}
{'sample_size': 4040, 'difference': 0, 'noise': 0, 'n': 101, 'shap_error': 0.00029227815442518643, 'shap_norm_sq': 132753.67474576674}
{'sample_size': 8080, 'difference': 0, 'noise': 0, 'n': 101, 'shap_error': 0.0001702314328723055, 'shap_norm_sq': 132753.67474576674}
{'sample_size': 16160, 'difference': 0, 'noise': 0, 'n': 101, 'shap_error': 8.620286713979432e-05, 'shap_norm_sq': 132753.67474576674}
{'sample_size': 505, 'difference': 1, 'noise': 0, 'n': 101, 'shap_error': 0.007778795751492813, 'shap_norm_sq': 84682.562817112}
{'sample_size': 1010, 'difference': 0, 'noise': 0, 'n': 101, 'shap_error': 0.0029956592425378088, 'shap_norm_sq': 84682.562817112}
{'sample_size': 2020, 'difference': 0, 'noise': 0, 'n': 101, 'shap_error': 0.0011538771204622292, 'shap_norm_sq': 84682.562817112}
{'sample_size': 4040, 'difference': 0, 'noise': 0, 'n': 101, 'shap_error': 0.0003248395248334536, 'shap_norm_sq': 84682.562817112}
{'sample_size': 8080, 'difference': 0, 'noise': 0, 'n': 101, 'shap_error': 0.000224412412140506, 'shap_norm_sq': 84682.562817112}
{'sample_size': 16160, 'difference': 0, 'noise': 0, 'n': 101, 'shap_error': 0.0001023132281436531, 'shap_norm_sq': 84682.562817112}
{'sample_size': 505, 'difference': 1, 'noise': 0, 'n': 101, 'shap_error': 0.055155801062670644, 'shap_norm_sq': 91042.72190449374}
{'sample_size': 1010, 'difference': 0, 'noise': 0, 'n': 101, 'shap_error': 0.024345022731699754, 'shap_norm_sq': 91042.72190449374}
{'sample_size': 2020, 'difference': 0, 'noise': 0, 'n': 101, 'shap_error': 0.01163956553529809, 'shap_norm_sq': 91042.72190449374}
{'sample_size': 4040, 'difference': 0, 'noise': 0, 'n': 101, 'shap_error': 0.005003440448516424, 'shap_norm_sq': 91042.72190449374}
{'sample_size': 8080, 'difference': 0, 'noise': 0, 'n': 101, 'shap_error': 0.0022449500096613437, 'shap_norm_sq': 91042.72190449374}
{'sample_size': 16160, 'difference': 0, 'noise': 0, 'n': 101, 'shap_error': 0.0009431264325191482, 'shap_norm_sq': 91042.72190449374}
{'sample_size': 505, 'difference': 1, 'noise': 0, 'n': 101, 'shap_error': 0.11368973971620745, 'shap_norm_sq': 31924.61122788529}
{'sample_size': 1010, 'difference': 0, 'noise': 0, 'n': 101, 'shap_error': 0.02941963460886335, 'shap_norm_sq': 31924.61122788529}
{'sample_size': 2020, 'difference': 0, 'noise': 0, 'n': 101, 'shap_error': 0.016672616032849218, 'shap_norm_sq': 31924.61122788529}
{'sample_size': 4040, 'difference': 0, 'noise': 0, 'n': 101, 'shap_error': 0.008663249463794747, 'shap_norm_sq': 31924.61122788529}
{'sample_size': 8080, 'difference': 0, 'noise': 0, 'n': 101, 'shap_error': 0.005060594020682863, 'shap_norm_sq': 31924.61122788529}
{'sample_size': 16160, 'difference': 0, 'noise': 0, 'n': 101, 'shap_error': 0.0021335956741890955, 'shap_norm_sq': 31924.61122788529}
{'sample_size': 505, 'difference': 1, 'noise': 0, 'n': 101, 'shap_error': 0.005523742780114831, 'shap_norm_sq': 65295.62464087013}
{'sample_size': 1010, 'difference': 0, 'noise': 0, 'n': 101, 'shap_error': 0.0027015194255488105, 'shap_norm_sq': 65295.62464087013}
{'sample_size': 2020, 'difference': 0, 'noise': 0, 'n': 101, 'shap_error': 0.0009505565033741469, 'shap_norm_sq': 65295.62464087013}
{'sample_size': 4040, 'difference': 0, 'noise': 0, 'n': 101, 'shap_error': 0.00044725044759670205, 'shap_norm_sq': 65295.62464087013}
{'sample_size': 8080, 'difference': 0, 'noise': 0, 'n': 101, 'shap_error': 0.00030918944627900553, 'shap_norm_sq': 65295.62464087013}
{'sample_size': 16160, 'difference': 0, 'noise': 0, 'n': 101, 'shap_error': 0.00011284169531157833, 'shap_norm_sq': 65295.62464087013}
{'sample_size': 505, 'difference': 1, 'noise': 0, 'n': 101, 'shap_error': 0.01267629508075185, 'shap_norm_sq': 72052.76817577}
{'sample_size': 1010, 'difference': 0, 'noise': 0, 'n': 101, 'shap_error': 0.005044246526026753, 'shap_norm_sq': 72052.76817577}
{'sample_size': 2020, 'difference': 0, 'noise': 0, 'n': 101, 'shap_error': 0.002508178930186071, 'shap_norm_sq': 72052.76817577}
{'sample_size': 4040, 'difference': 0, 'noise': 0, 'n': 101, 'shap_error': 0.0010406030196455586, 'shap_norm_sq': 72052.76817577}
{'sample_size': 8080, 'difference': 0, 'noise': 0, 'n': 101, 'shap_error': 0.00043267988209368184, 'shap_norm_sq': 72052.76817577}
{'sample_size': 16160, 'difference': 0, 'noise': 0, 'n': 101, 'shap_error': 0.00020481120209489093, 'shap_norm_sq': 72052.76817577}
{'sample_size': 505, 'difference': 1, 'noise': 0, 'n': 101, 'shap_error': 0.01717733906207654, 'shap_norm_sq': 70712.29954211289}
{'sample_size': 1010, 'difference': 0, 'noise': 0, 'n': 101, 'shap_error': 0.004855409982286842, 'shap_norm_sq': 70712.29954211289}
{'sample_size': 2020, 'difference': 0, 'noise': 0, 'n': 101, 'shap_error': 0.002432620972203387, 'shap_norm_sq': 70712.29954211289}
{'sample_size': 4040, 'difference': 0, 'noise': 0, 'n': 101, 'shap_error': 0.0013190040665463543, 'shap_norm_sq': 70712.29954211289}
{'sample_size': 8080, 'difference': 0, 'noise': 0, 'n': 101, 'shap_error': 0.00044600117904089497, 'shap_norm_sq': 70712.29954211289}
{'sample_size': 16160, 'difference': 0, 'noise': 0, 'n': 101, 'shap_error': 0.0002908578143807393, 'shap_norm_sq': 70712.29954211289}
{'sample_size': 505, 'difference': 1, 'noise': 0, 'n': 101, 'shap_error': 0.01116219786629011, 'shap_norm_sq': 62886.07402669771}
{'sample_size': 1010, 'difference': 0, 'noise': 0, 'n': 101, 'shap_error': 0.005007279327008294, 'shap_norm_sq': 62886.07402669771}
{'sample_size': 2020, 'difference': 0, 'noise': 0, 'n': 101, 'shap_error': 0.0018835104259643679, 'shap_norm_sq': 62886.07402669771}
{'sample_size': 4040, 'difference': 0, 'noise': 0, 'n': 101, 'shap_error': 0.0011742277653959928, 'shap_norm_sq': 62886.07402669771}
{'sample_size': 8080, 'difference': 0, 'noise': 0, 'n': 101, 'shap_error': 0.0004081156186857221, 'shap_norm_sq': 62886.07402669771}
{'sample_size': 16160, 'difference': 0, 'noise': 0, 'n': 101, 'shap_error': 0.0002396822847639919, 'shap_norm_sq': 62886.07402669771}
{'sample_size': 505, 'difference': 1, 'noise': 0, 'n': 101, 'shap_error': 0.016365824741161224, 'shap_norm_sq': 112407.22898883176}
{'sample_size': 1010, 'difference': 0, 'noise': 0, 'n': 101, 'shap_error': 0.007225270533223963, 'shap_norm_sq': 112407.22898883176}
{'sample_size': 2020, 'difference': 0, 'noise': 0, 'n': 101, 'shap_error': 0.003947204462138837, 'shap_norm_sq': 112407.22898883176}
{'sample_size': 4040, 'difference': 0, 'noise': 0, 'n': 101, 'shap_error': 0.0015177643929656106, 'shap_norm_sq': 112407.22898883176}
{'sample_size': 8080, 'difference': 0, 'noise': 0, 'n': 101, 'shap_error': 0.0006710677235504821, 'shap_norm_sq': 112407.22898883176}
{'sample_size': 16160, 'difference': 0, 'noise': 0, 'n': 101, 'shap_error': 0.0003548533295398155, 'shap_norm_sq': 112407.22898883176}
{'sample_size': 505, 'difference': 1, 'noise': 0, 'n': 101, 'shap_error': 0.024899035720693463, 'shap_norm_sq': 45961.75729972129}
{'sample_size': 1010, 'difference': 0, 'noise': 0, 'n': 101, 'shap_error': 0.008937736370755709, 'shap_norm_sq': 45961.75729972129}
{'sample_size': 2020, 'difference': 0, 'noise': 0, 'n': 101, 'shap_error': 0.002737461737701701, 'shap_norm_sq': 45961.75729972129}
{'sample_size': 4040, 'difference': 0, 'noise': 0, 'n': 101, 'shap_error': 0.0014109232476257499, 'shap_norm_sq': 45961.75729972129}
{'sample_size': 8080, 'difference': 0, 'noise': 0, 'n': 101, 'shap_error': 0.0006072597392476655, 'shap_norm_sq': 45961.75729972129}
{'sample_size': 16160, 'difference': 0, 'noise': 0, 'n': 101, 'shap_error': 0.0002922329491966081, 'shap_norm_sq': 45961.75729972129}
{'sample_size': 505, 'difference': 1, 'noise': 0, 'n': 101, 'shap_error': 0.05287505024457344, 'shap_norm_sq': 139441.27744293964}
{'sample_size': 1010, 'difference': 0, 'noise': 0, 'n': 101, 'shap_error': 0.022207769210375306, 'shap_norm_sq': 139441.27744293964}
{'sample_size': 2020, 'difference': 0, 'noise': 0, 'n': 101, 'shap_error': 0.009319630785011726, 'shap_norm_sq': 139441.27744293964}
{'sample_size': 4040, 'difference': 0, 'noise': 0, 'n': 101, 'shap_error': 0.004302155509245379, 'shap_norm_sq': 139441.27744293964}
{'sample_size': 8080, 'difference': 0, 'noise': 0, 'n': 101, 'shap_error': 0.0022489941614479677, 'shap_norm_sq': 139441.27744293964}
{'sample_size': 16160, 'difference': 0, 'noise': 0, 'n': 101, 'shap_error': 0.0016268671137552267, 'shap_norm_sq': 139441.27744293964}
{'sample_size': 505, 'difference': 1, 'noise': 0, 'n': 101, 'shap_error': 0.013687534259626835, 'shap_norm_sq': 55626.15607418063}
{'sample_size': 1010, 'difference': 0, 'noise': 0, 'n': 101, 'shap_error': 0.004214113308675796, 'shap_norm_sq': 55626.15607418063}
{'sample_size': 2020, 'difference': 0, 'noise': 0, 'n': 101, 'shap_error': 0.002265471243331715, 'shap_norm_sq': 55626.15607418063}
{'sample_size': 4040, 'difference': 0, 'noise': 0, 'n': 101, 'shap_error': 0.0006325776218261418, 'shap_norm_sq': 55626.15607418063}
{'sample_size': 8080, 'difference': 0, 'noise': 0, 'n': 101, 'shap_error': 0.00045499871740461984, 'shap_norm_sq': 55626.15607418063}
{'sample_size': 16160, 'difference': 0, 'noise': 0, 'n': 101, 'shap_error': 0.0002753080552989007, 'shap_norm_sq': 55626.15607418063}
{'sample_size': 505, 'difference': 1, 'noise': 0, 'n': 101, 'shap_error': 0.04670937914524232, 'shap_norm_sq': 424584.2223034383}
{'sample_size': 1010, 'difference': 0, 'noise': 0, 'n': 101, 'shap_error': 0.019764592602959506, 'shap_norm_sq': 424584.2223034383}
{'sample_size': 2020, 'difference': 0, 'noise': 0, 'n': 101, 'shap_error': 0.009197002980466457, 'shap_norm_sq': 424584.2223034383}
{'sample_size': 4040, 'difference': 0, 'noise': 0, 'n': 101, 'shap_error': 0.0046685337801601326, 'shap_norm_sq': 424584.2223034383}
{'sample_size': 8080, 'difference': 0, 'noise': 0, 'n': 101, 'shap_error': 0.0015292780187891827, 'shap_norm_sq': 424584.2223034383}
{'sample_size': 16160, 'difference': 0, 'noise': 0, 'n': 101, 'shap_error': 0.0007430541810159529, 'shap_norm_sq': 424584.2223034383}
{'sample_size': 505, 'difference': 1, 'noise': 0, 'n': 101, 'shap_error': 0.010533379904083807, 'shap_norm_sq': 98138.75687108512}
{'sample_size': 1010, 'difference': 0, 'noise': 0, 'n': 101, 'shap_error': 0.004749188190585788, 'shap_norm_sq': 98138.75687108512}
{'sample_size': 2020, 'difference': 0, 'noise': 0, 'n': 101, 'shap_error': 0.0018520765120560287, 'shap_norm_sq': 98138.75687108512}
{'sample_size': 4040, 'difference': 0, 'noise': 0, 'n': 101, 'shap_error': 0.0011305143068643156, 'shap_norm_sq': 98138.75687108512}
{'sample_size': 8080, 'difference': 0, 'noise': 0, 'n': 101, 'shap_error': 0.0004159112184884216, 'shap_norm_sq': 98138.75687108512}
{'sample_size': 16160, 'difference': 0, 'noise': 0, 'n': 101, 'shap_error': 0.00027216192945482434, 'shap_norm_sq': 98138.75687108512}
{'sample_size': 505, 'difference': 1, 'noise': 0, 'n': 101, 'shap_error': 0.01759515427171757, 'shap_norm_sq': 81644.161193724}
{'sample_size': 1010, 'difference': 0, 'noise': 0, 'n': 101, 'shap_error': 0.006675015995953953, 'shap_norm_sq': 81644.161193724}
{'sample_size': 2020, 'difference': 0, 'noise': 0, 'n': 101, 'shap_error': 0.0029694535422394174, 'shap_norm_sq': 81644.161193724}
{'sample_size': 4040, 'difference': 0, 'noise': 0, 'n': 101, 'shap_error': 0.0010971994226964207, 'shap_norm_sq': 81644.161193724}
{'sample_size': 8080, 'difference': 0, 'noise': 0, 'n': 101, 'shap_error': 0.0005881894379920097, 'shap_norm_sq': 81644.161193724}
{'sample_size': 16160, 'difference': 0, 'noise': 0, 'n': 101, 'shap_error': 0.00035577594115821003, 'shap_norm_sq': 81644.161193724}
{'sample_size': 505, 'difference': 1, 'noise': 0, 'n': 101, 'shap_error': 0.01990025676741797, 'shap_norm_sq': 45961.75729972129}
{'sample_size': 1010, 'difference': 0, 'noise': 0, 'n': 101, 'shap_error': 0.006998033749821824, 'shap_norm_sq': 45961.75729972129}
{'sample_size': 2020, 'difference': 0, 'noise': 0, 'n': 101, 'shap_error': 0.0023340379830375955, 'shap_norm_sq': 45961.75729972129}
{'sample_size': 4040, 'difference': 0, 'noise': 0, 'n': 101, 'shap_error': 0.0013527683017408095, 'shap_norm_sq': 45961.75729972129}
{'sample_size': 8080, 'difference': 0, 'noise': 0, 'n': 101, 'shap_error': 0.0005487886237890087, 'shap_norm_sq': 45961.75729972129}
{'sample_size': 16160, 'difference': 0, 'noise': 0, 'n': 101, 'shap_error': 0.0003717224598708321, 'shap_norm_sq': 45961.75729972129}
{'sample_size': 505, 'difference': 1, 'noise': 0, 'n': 101, 'shap_error': 0.08070874591046032, 'shap_norm_sq': 198759.53121529022}
{'sample_size': 1010, 'difference': 0, 'noise': 0, 'n': 101, 'shap_error': 0.024183645669386345, 'shap_norm_sq': 198759.53121529022}
{'sample_size': 2020, 'difference': 0, 'noise': 0, 'n': 101, 'shap_error': 0.01050325534390375, 'shap_norm_sq': 198759.53121529022}
{'sample_size': 4040, 'difference': 0, 'noise': 0, 'n': 101, 'shap_error': 0.0034630444369650707, 'shap_norm_sq': 198759.53121529022}
{'sample_size': 8080, 'difference': 0, 'noise': 0, 'n': 101, 'shap_error': 0.0023247435535453595, 'shap_norm_sq': 198759.53121529022}
{'sample_size': 16160, 'difference': 0, 'noise': 0, 'n': 101, 'shap_error': 0.0013359266007610916, 'shap_norm_sq': 198759.53121529022}
{'sample_size': 505, 'difference': 1, 'noise': 0, 'n': 101, 'shap_error': 0.010021087070357678, 'shap_norm_sq': 29652.772935067496}
{'sample_size': 1010, 'difference': 0, 'noise': 0, 'n': 101, 'shap_error': 0.00446699368677817, 'shap_norm_sq': 29652.772935067496}
{'sample_size': 2020, 'difference': 0, 'noise': 0, 'n': 101, 'shap_error': 0.0023448223548951327, 'shap_norm_sq': 29652.772935067496}
{'sample_size': 4040, 'difference': 0, 'noise': 0, 'n': 101, 'shap_error': 0.0009224894759441316, 'shap_norm_sq': 29652.772935067496}
{'sample_size': 8080, 'difference': 0, 'noise': 0, 'n': 101, 'shap_error': 0.00048260691211680934, 'shap_norm_sq': 29652.772935067496}
{'sample_size': 16160, 'difference': 0, 'noise': 0, 'n': 101, 'shap_error': 0.00019488521157754298, 'shap_norm_sq': 29652.772935067496}
{'sample_size': 505, 'difference': 1, 'noise': 0, 'n': 101, 'shap_error': 0.12993258796693433, 'shap_norm_sq': 124122.96892555564}
{'sample_size': 1010, 'difference': 0, 'noise': 0, 'n': 101, 'shap_error': 0.046221384768293565, 'shap_norm_sq': 124122.96892555564}
{'sample_size': 2020, 'difference': 0, 'noise': 0, 'n': 101, 'shap_error': 0.021452927039312175, 'shap_norm_sq': 124122.96892555564}
{'sample_size': 4040, 'difference': 0, 'noise': 0, 'n': 101, 'shap_error': 0.009875199054991493, 'shap_norm_sq': 124122.96892555564}
{'sample_size': 8080, 'difference': 0, 'noise': 0, 'n': 101, 'shap_error': 0.00704949815703718, 'shap_norm_sq': 124122.96892555564}
{'sample_size': 16160, 'difference': 0, 'noise': 0, 'n': 101, 'shap_error': 0.003025136786926526, 'shap_norm_sq': 124122.96892555564}
{'sample_size': 505, 'difference': 1, 'noise': 0, 'n': 101, 'shap_error': 0.07049898836820377, 'shap_norm_sq': 179690.4575834201}
{'sample_size': 1010, 'difference': 0, 'noise': 0, 'n': 101, 'shap_error': 0.02604896244877761, 'shap_norm_sq': 179690.4575834201}
{'sample_size': 2020, 'difference': 0, 'noise': 0, 'n': 101, 'shap_error': 0.01307565007052382, 'shap_norm_sq': 179690.4575834201}
{'sample_size': 4040, 'difference': 0, 'noise': 0, 'n': 101, 'shap_error': 0.0032614014630442533, 'shap_norm_sq': 179690.4575834201}
{'sample_size': 8080, 'difference': 0, 'noise': 0, 'n': 101, 'shap_error': 0.00217642053065335, 'shap_norm_sq': 179690.4575834201}
{'sample_size': 16160, 'difference': 0, 'noise': 0, 'n': 101, 'shap_error': 0.0012393226687694907, 'shap_norm_sq': 179690.4575834201}
{'sample_size': 505, 'difference': 1, 'noise': 0, 'n': 101, 'shap_error': 0.021265629254932063, 'shap_norm_sq': 65757.64895039165}
{'sample_size': 1010, 'difference': 0, 'noise': 0, 'n': 101, 'shap_error': 0.007596647901889598, 'shap_norm_sq': 65757.64895039165}
{'sample_size': 2020, 'difference': 0, 'noise': 0, 'n': 101, 'shap_error': 0.0042285790759501625, 'shap_norm_sq': 65757.64895039165}
{'sample_size': 4040, 'difference': 0, 'noise': 0, 'n': 101, 'shap_error': 0.0011481595071511314, 'shap_norm_sq': 65757.64895039165}
{'sample_size': 8080, 'difference': 0, 'noise': 0, 'n': 101, 'shap_error': 0.0006457144526872338, 'shap_norm_sq': 65757.64895039165}
{'sample_size': 16160, 'difference': 0, 'noise': 0, 'n': 101, 'shap_error': 0.0002547346290501676, 'shap_norm_sq': 65757.64895039165}
{'sample_size': 505, 'difference': 1, 'noise': 0, 'n': 101, 'shap_error': 0.05789326171388282, 'shap_norm_sq': 75442.7793079755}
{'sample_size': 1010, 'difference': 0, 'noise': 0, 'n': 101, 'shap_error': 0.018263507025221233, 'shap_norm_sq': 75442.7793079755}
{'sample_size': 2020, 'difference': 0, 'noise': 0, 'n': 101, 'shap_error': 0.009810671010172968, 'shap_norm_sq': 75442.7793079755}
{'sample_size': 4040, 'difference': 0, 'noise': 0, 'n': 101, 'shap_error': 0.004588595390819387, 'shap_norm_sq': 75442.7793079755}
{'sample_size': 8080, 'difference': 0, 'noise': 0, 'n': 101, 'shap_error': 0.001651786730660509, 'shap_norm_sq': 75442.7793079755}
{'sample_size': 16160, 'difference': 0, 'noise': 0, 'n': 101, 'shap_error': 0.0009053539243051354, 'shap_norm_sq': 75442.7793079755}
{'sample_size': 505, 'difference': 1, 'noise': 0, 'n': 101, 'shap_error': 0.027760791374791212, 'shap_norm_sq': 125824.4900374413}
{'sample_size': 1010, 'difference': 0, 'noise': 0, 'n': 101, 'shap_error': 0.01696075599947247, 'shap_norm_sq': 125824.4900374413}
{'sample_size': 2020, 'difference': 0, 'noise': 0, 'n': 101, 'shap_error': 0.007812667584459719, 'shap_norm_sq': 125824.4900374413}
{'sample_size': 4040, 'difference': 0, 'noise': 0, 'n': 101, 'shap_error': 0.002641624828142698, 'shap_norm_sq': 125824.4900374413}
{'sample_size': 8080, 'difference': 0, 'noise': 0, 'n': 101, 'shap_error': 0.001585990894567981, 'shap_norm_sq': 125824.4900374413}
{'sample_size': 16160, 'difference': 0, 'noise': 0, 'n': 101, 'shap_error': 0.0006875122822543832, 'shap_norm_sq': 125824.4900374413}
{'sample_size': 505, 'difference': 1, 'noise': 0, 'n': 101, 'shap_error': 0.015249603326407181, 'shap_norm_sq': 85506.83608772403}
{'sample_size': 1010, 'difference': 0, 'noise': 0, 'n': 101, 'shap_error': 0.005408592743566142, 'shap_norm_sq': 85506.83608772403}
{'sample_size': 2020, 'difference': 0, 'noise': 0, 'n': 101, 'shap_error': 0.002754826065395769, 'shap_norm_sq': 85506.83608772403}
{'sample_size': 4040, 'difference': 0, 'noise': 0, 'n': 101, 'shap_error': 0.0010995803300727213, 'shap_norm_sq': 85506.83608772403}
{'sample_size': 8080, 'difference': 0, 'noise': 0, 'n': 101, 'shap_error': 0.000597288685916918, 'shap_norm_sq': 85506.83608772403}
{'sample_size': 16160, 'difference': 0, 'noise': 0, 'n': 101, 'shap_error': 0.0002998183910946721, 'shap_norm_sq': 85506.83608772403}
{'sample_size': 505, 'difference': 1, 'noise': 0, 'n': 101, 'shap_error': 0.00028460236648818237, 'shap_norm_sq': 59917.01979504082}
{'sample_size': 1010, 'difference': 0, 'noise': 0, 'n': 101, 'shap_error': 9.91950932695391e-05, 'shap_norm_sq': 59917.01979504082}
{'sample_size': 2020, 'difference': 0, 'noise': 0, 'n': 101, 'shap_error': 4.259428869230073e-05, 'shap_norm_sq': 59917.01979504082}
{'sample_size': 4040, 'difference': 0, 'noise': 0, 'n': 101, 'shap_error': 1.919333204300042e-05, 'shap_norm_sq': 59917.01979504082}
{'sample_size': 8080, 'difference': 0, 'noise': 0, 'n': 101, 'shap_error': 6.125023582451247e-06, 'shap_norm_sq': 59917.01979504082}
{'sample_size': 16160, 'difference': 0, 'noise': 0, 'n': 101, 'shap_error': 3.868196323541149e-06, 'shap_norm_sq': 59917.01979504082}
{'sample_size': 505, 'difference': 1, 'noise': 0, 'n': 101, 'shap_error': 0.04019332912606879, 'shap_norm_sq': 73676.18200073119}
{'sample_size': 1010, 'difference': 0, 'noise': 0, 'n': 101, 'shap_error': 0.014931409766013525, 'shap_norm_sq': 73676.18200073119}
{'sample_size': 2020, 'difference': 0, 'noise': 0, 'n': 101, 'shap_error': 0.007582245517259874, 'shap_norm_sq': 73676.18200073119}
{'sample_size': 4040, 'difference': 0, 'noise': 0, 'n': 101, 'shap_error': 0.0040872137394535575, 'shap_norm_sq': 73676.18200073119}
{'sample_size': 8080, 'difference': 0, 'noise': 0, 'n': 101, 'shap_error': 0.0017257232727332544, 'shap_norm_sq': 73676.18200073119}
{'sample_size': 16160, 'difference': 0, 'noise': 0, 'n': 101, 'shap_error': 0.0007619836560532373, 'shap_norm_sq': 73676.18200073119}
{'sample_size': 505, 'difference': 1, 'noise': 0, 'n': 101, 'shap_error': 0.019642401046779327, 'shap_norm_sq': 66209.48623984122}
{'sample_size': 1010, 'difference': 0, 'noise': 0, 'n': 101, 'shap_error': 0.006347396633397096, 'shap_norm_sq': 66209.48623984122}
{'sample_size': 2020, 'difference': 0, 'noise': 0, 'n': 101, 'shap_error': 0.004353951116753227, 'shap_norm_sq': 66209.48623984122}
{'sample_size': 4040, 'difference': 0, 'noise': 0, 'n': 101, 'shap_error': 0.0019075366473903404, 'shap_norm_sq': 66209.48623984122}
{'sample_size': 8080, 'difference': 0, 'noise': 0, 'n': 101, 'shap_error': 0.0008262669971173406, 'shap_norm_sq': 66209.48623984122}
{'sample_size': 16160, 'difference': 0, 'noise': 0, 'n': 101, 'shap_error': 0.0004469973885445618, 'shap_norm_sq': 66209.48623984122}
{'sample_size': 1010, 'difference': 0, 'noise': 0.0005, 'n': 101, 'shap_error': 0.03256304296753217, 'shap_norm_sq': 59126.951380871506}
{'sample_size': 1010, 'difference': 0, 'noise': 0.001, 'n': 101, 'shap_error': 0.035114430462094566, 'shap_norm_sq': 59126.951380871506}
{'sample_size': 1010, 'difference': 0, 'noise': 0.005, 'n': 101, 'shap_error': 0.025842601021998358, 'shap_norm_sq': 59126.951380871506}
{'sample_size': 1010, 'difference': 0, 'noise': 0.01, 'n': 101, 'shap_error': 0.03019290911015546, 'shap_norm_sq': 59126.951380871506}
{'sample_size': 1010, 'difference': 0, 'noise': 0.05, 'n': 101, 'shap_error': 0.03535142148607218, 'shap_norm_sq': 59126.951380871506}
{'sample_size': 1010, 'difference': 0, 'noise': 0.1, 'n': 101, 'shap_error': 0.02942701095197498, 'shap_norm_sq': 59126.951380871506}
{'sample_size': 1010, 'difference': 0, 'noise': 0.5, 'n': 101, 'shap_error': 0.02204636824438585, 'shap_norm_sq': 59126.951380871506}
{'sample_size': 1010, 'difference': 0, 'noise': 1, 'n': 101, 'shap_error': 0.027891594984964012, 'shap_norm_sq': 59126.951380871506}
{'sample_size': 1010, 'difference': 0, 'noise': 0.0005, 'n': 101, 'shap_error': 0.005201394939230507, 'shap_norm_sq': 56114.82307307525}
{'sample_size': 1010, 'difference': 0, 'noise': 0.001, 'n': 101, 'shap_error': 0.005535624711346614, 'shap_norm_sq': 56114.82307307525}
{'sample_size': 1010, 'difference': 0, 'noise': 0.005, 'n': 101, 'shap_error': 0.004559272078096765, 'shap_norm_sq': 56114.82307307525}
{'sample_size': 1010, 'difference': 0, 'noise': 0.01, 'n': 101, 'shap_error': 0.005699846763968324, 'shap_norm_sq': 56114.82307307525}
{'sample_size': 1010, 'difference': 0, 'noise': 0.05, 'n': 101, 'shap_error': 0.0047908220929794715, 'shap_norm_sq': 56114.82307307525}
{'sample_size': 1010, 'difference': 0, 'noise': 0.1, 'n': 101, 'shap_error': 0.005060676040660428, 'shap_norm_sq': 56114.82307307525}
{'sample_size': 1010, 'difference': 0, 'noise': 0.5, 'n': 101, 'shap_error': 0.005989828183471378, 'shap_norm_sq': 56114.82307307525}
{'sample_size': 1010, 'difference': 0, 'noise': 1, 'n': 101, 'shap_error': 0.00570388432753318, 'shap_norm_sq': 56114.82307307525}
{'sample_size': 1010, 'difference': 0, 'noise': 0.0005, 'n': 101, 'shap_error': 0.012908749876284, 'shap_norm_sq': 123732.80055088935}
{'sample_size': 1010, 'difference': 0, 'noise': 0.001, 'n': 101, 'shap_error': 0.014086861178362385, 'shap_norm_sq': 123732.80055088935}
{'sample_size': 1010, 'difference': 0, 'noise': 0.005, 'n': 101, 'shap_error': 0.00848925096146729, 'shap_norm_sq': 123732.80055088935}
{'sample_size': 1010, 'difference': 0, 'noise': 0.01, 'n': 101, 'shap_error': 0.012551061466390644, 'shap_norm_sq': 123732.80055088935}
{'sample_size': 1010, 'difference': 0, 'noise': 0.05, 'n': 101, 'shap_error': 0.00909247255922105, 'shap_norm_sq': 123732.80055088935}
{'sample_size': 1010, 'difference': 0, 'noise': 0.1, 'n': 101, 'shap_error': 0.009528005209337583, 'shap_norm_sq': 123732.80055088935}
{'sample_size': 1010, 'difference': 0, 'noise': 0.5, 'n': 101, 'shap_error': 0.010770241042537713, 'shap_norm_sq': 123732.80055088935}
{'sample_size': 1010, 'difference': 0, 'noise': 1, 'n': 101, 'shap_error': 0.009228168263570273, 'shap_norm_sq': 123732.80055088935}
{'sample_size': 1010, 'difference': 0, 'noise': 0.0005, 'n': 101, 'shap_error': 0.022635526697148585, 'shap_norm_sq': 75323.89170692668}
{'sample_size': 1010, 'difference': 0, 'noise': 0.001, 'n': 101, 'shap_error': 0.03196622142559937, 'shap_norm_sq': 75323.89170692668}
{'sample_size': 1010, 'difference': 0, 'noise': 0.005, 'n': 101, 'shap_error': 0.023961611755064744, 'shap_norm_sq': 75323.89170692668}
{'sample_size': 1010, 'difference': 0, 'noise': 0.01, 'n': 101, 'shap_error': 0.03626691529621441, 'shap_norm_sq': 75323.89170692668}
{'sample_size': 1010, 'difference': 0, 'noise': 0.05, 'n': 101, 'shap_error': 0.028116142764540556, 'shap_norm_sq': 75323.89170692668}
{'sample_size': 1010, 'difference': 0, 'noise': 0.1, 'n': 101, 'shap_error': 0.02760131895353545, 'shap_norm_sq': 75323.89170692668}
{'sample_size': 1010, 'difference': 0, 'noise': 0.5, 'n': 101, 'shap_error': 0.03406842944025801, 'shap_norm_sq': 75323.89170692668}
{'sample_size': 1010, 'difference': 0, 'noise': 1, 'n': 101, 'shap_error': 0.035198407154987905, 'shap_norm_sq': 75323.89170692668}
{'sample_size': 1010, 'difference': 0, 'noise': 0.0005, 'n': 101, 'shap_error': 0.007107437863366952, 'shap_norm_sq': 64521.39943917334}
{'sample_size': 1010, 'difference': 0, 'noise': 0.001, 'n': 101, 'shap_error': 0.0069937092163726575, 'shap_norm_sq': 64521.39943917334}
{'sample_size': 1010, 'difference': 0, 'noise': 0.005, 'n': 101, 'shap_error': 0.006533599823519002, 'shap_norm_sq': 64521.39943917334}
{'sample_size': 1010, 'difference': 0, 'noise': 0.01, 'n': 101, 'shap_error': 0.00846493043063958, 'shap_norm_sq': 64521.39943917334}
{'sample_size': 1010, 'difference': 0, 'noise': 0.05, 'n': 101, 'shap_error': 0.006006818307421917, 'shap_norm_sq': 64521.39943917334}
{'sample_size': 1010, 'difference': 0, 'noise': 0.1, 'n': 101, 'shap_error': 0.009588143163675908, 'shap_norm_sq': 64521.39943917334}
{'sample_size': 1010, 'difference': 0, 'noise': 0.5, 'n': 101, 'shap_error': 0.008101188563579165, 'shap_norm_sq': 64521.39943917334}
{'sample_size': 1010, 'difference': 0, 'noise': 1, 'n': 101, 'shap_error': 0.007221164206569949, 'shap_norm_sq': 64521.39943917334}
{'sample_size': 1010, 'difference': 0, 'noise': 0.0005, 'n': 101, 'shap_error': 0.02201445169351341, 'shap_norm_sq': 55014.228611529696}
{'sample_size': 1010, 'difference': 0, 'noise': 0.001, 'n': 101, 'shap_error': 0.016895677076058078, 'shap_norm_sq': 55014.228611529696}
{'sample_size': 1010, 'difference': 0, 'noise': 0.005, 'n': 101, 'shap_error': 0.01849300991700454, 'shap_norm_sq': 55014.228611529696}
{'sample_size': 1010, 'difference': 0, 'noise': 0.01, 'n': 101, 'shap_error': 0.01697908320387371, 'shap_norm_sq': 55014.228611529696}
{'sample_size': 1010, 'difference': 0, 'noise': 0.05, 'n': 101, 'shap_error': 0.015622682294842745, 'shap_norm_sq': 55014.228611529696}
{'sample_size': 1010, 'difference': 0, 'noise': 0.1, 'n': 101, 'shap_error': 0.017966731663663457, 'shap_norm_sq': 55014.228611529696}
{'sample_size': 1010, 'difference': 0, 'noise': 0.5, 'n': 101, 'shap_error': 0.018113122769626674, 'shap_norm_sq': 55014.228611529696}
{'sample_size': 1010, 'difference': 0, 'noise': 1, 'n': 101, 'shap_error': 0.018375172375407554, 'shap_norm_sq': 55014.228611529696}
{'sample_size': 1010, 'difference': 0, 'noise': 0.0005, 'n': 101, 'shap_error': 0.020566421570421597, 'shap_norm_sq': 59108.491020566165}
{'sample_size': 1010, 'difference': 0, 'noise': 0.001, 'n': 101, 'shap_error': 0.022444682023719457, 'shap_norm_sq': 59108.491020566165}
{'sample_size': 1010, 'difference': 0, 'noise': 0.005, 'n': 101, 'shap_error': 0.024542912966271722, 'shap_norm_sq': 59108.491020566165}
{'sample_size': 1010, 'difference': 0, 'noise': 0.01, 'n': 101, 'shap_error': 0.024440262538460076, 'shap_norm_sq': 59108.491020566165}
{'sample_size': 1010, 'difference': 0, 'noise': 0.05, 'n': 101, 'shap_error': 0.021430311377588808, 'shap_norm_sq': 59108.491020566165}
{'sample_size': 1010, 'difference': 0, 'noise': 0.1, 'n': 101, 'shap_error': 0.02026337846765558, 'shap_norm_sq': 59108.491020566165}
{'sample_size': 1010, 'difference': 0, 'noise': 0.5, 'n': 101, 'shap_error': 0.01896010911864845, 'shap_norm_sq': 59108.491020566165}
{'sample_size': 1010, 'difference': 0, 'noise': 1, 'n': 101, 'shap_error': 0.018908127733499522, 'shap_norm_sq': 59108.491020566165}
{'sample_size': 1010, 'difference': 0, 'noise': 0.0005, 'n': 101, 'shap_error': 0.004657849342265671, 'shap_norm_sq': 70563.89182048912}
{'sample_size': 1010, 'difference': 0, 'noise': 0.001, 'n': 101, 'shap_error': 0.0033890765379655744, 'shap_norm_sq': 70563.89182048912}
{'sample_size': 1010, 'difference': 0, 'noise': 0.005, 'n': 101, 'shap_error': 0.003871713713967649, 'shap_norm_sq': 70563.89182048912}
{'sample_size': 1010, 'difference': 0, 'noise': 0.01, 'n': 101, 'shap_error': 0.004226449233634583, 'shap_norm_sq': 70563.89182048912}
{'sample_size': 1010, 'difference': 0, 'noise': 0.05, 'n': 101, 'shap_error': 0.0034193909870038237, 'shap_norm_sq': 70563.89182048912}
{'sample_size': 1010, 'difference': 0, 'noise': 0.1, 'n': 101, 'shap_error': 0.003933900052798981, 'shap_norm_sq': 70563.89182048912}
{'sample_size': 1010, 'difference': 0, 'noise': 0.5, 'n': 101, 'shap_error': 0.004310751947578714, 'shap_norm_sq': 70563.89182048912}
{'sample_size': 1010, 'difference': 0, 'noise': 1, 'n': 101, 'shap_error': 0.00579055829269059, 'shap_norm_sq': 70563.89182048912}
{'sample_size': 1010, 'difference': 0, 'noise': 0.0005, 'n': 101, 'shap_error': 0.001172155445424767, 'shap_norm_sq': 42515.97581372667}
{'sample_size': 1010, 'difference': 0, 'noise': 0.001, 'n': 101, 'shap_error': 0.0016051072297067947, 'shap_norm_sq': 42515.97581372667}
{'sample_size': 1010, 'difference': 0, 'noise': 0.005, 'n': 101, 'shap_error': 0.0013704633125936276, 'shap_norm_sq': 42515.97581372667}
{'sample_size': 1010, 'difference': 0, 'noise': 0.01, 'n': 101, 'shap_error': 0.0012392483728576856, 'shap_norm_sq': 42515.97581372667}
{'sample_size': 1010, 'difference': 0, 'noise': 0.05, 'n': 101, 'shap_error': 0.001675376786016107, 'shap_norm_sq': 42515.97581372667}
{'sample_size': 1010, 'difference': 0, 'noise': 0.1, 'n': 101, 'shap_error': 0.0014924673060491723, 'shap_norm_sq': 42515.97581372667}
{'sample_size': 1010, 'difference': 0, 'noise': 0.5, 'n': 101, 'shap_error': 0.0012372328703639508, 'shap_norm_sq': 42515.97581372667}
{'sample_size': 1010, 'difference': 0, 'noise': 1, 'n': 101, 'shap_error': 0.0013391630843735585, 'shap_norm_sq': 42515.97581372667}
{'sample_size': 1010, 'difference': 0, 'noise': 0.0005, 'n': 101, 'shap_error': 0.017765420388226708, 'shap_norm_sq': 57989.40208692046}
{'sample_size': 1010, 'difference': 0, 'noise': 0.001, 'n': 101, 'shap_error': 0.018922617243676776, 'shap_norm_sq': 57989.40208692046}
{'sample_size': 1010, 'difference': 0, 'noise': 0.005, 'n': 101, 'shap_error': 0.018345886150079267, 'shap_norm_sq': 57989.40208692046}
{'sample_size': 1010, 'difference': 0, 'noise': 0.01, 'n': 101, 'shap_error': 0.015235595819088142, 'shap_norm_sq': 57989.40208692046}
{'sample_size': 1010, 'difference': 0, 'noise': 0.05, 'n': 101, 'shap_error': 0.018517087694912494, 'shap_norm_sq': 57989.40208692046}
{'sample_size': 1010, 'difference': 0, 'noise': 0.1, 'n': 101, 'shap_error': 0.016474751450806985, 'shap_norm_sq': 57989.40208692046}
{'sample_size': 1010, 'difference': 0, 'noise': 0.5, 'n': 101, 'shap_error': 0.014836274420320034, 'shap_norm_sq': 57989.40208692046}
{'sample_size': 1010, 'difference': 0, 'noise': 1, 'n': 101, 'shap_error': 0.01841766744626723, 'shap_norm_sq': 57989.40208692046}
{'sample_size': 1010, 'difference': 0, 'noise': 0.0005, 'n': 101, 'shap_error': 0.004727166344232819, 'shap_norm_sq': 218736.90952783328}
{'sample_size': 1010, 'difference': 0, 'noise': 0.001, 'n': 101, 'shap_error': 0.005430760713330867, 'shap_norm_sq': 218736.90952783328}
{'sample_size': 1010, 'difference': 0, 'noise': 0.005, 'n': 101, 'shap_error': 0.006377011688022106, 'shap_norm_sq': 218736.90952783328}
{'sample_size': 1010, 'difference': 0, 'noise': 0.01, 'n': 101, 'shap_error': 0.0054805428889326095, 'shap_norm_sq': 218736.90952783328}
{'sample_size': 1010, 'difference': 0, 'noise': 0.05, 'n': 101, 'shap_error': 0.0054909363423056735, 'shap_norm_sq': 218736.90952783328}
{'sample_size': 1010, 'difference': 0, 'noise': 0.1, 'n': 101, 'shap_error': 0.004625921858230155, 'shap_norm_sq': 218736.90952783328}
{'sample_size': 1010, 'difference': 0, 'noise': 0.5, 'n': 101, 'shap_error': 0.006380619594396964, 'shap_norm_sq': 218736.90952783328}
{'sample_size': 1010, 'difference': 0, 'noise': 1, 'n': 101, 'shap_error': 0.005549494267204598, 'shap_norm_sq': 218736.90952783328}
{'sample_size': 1010, 'difference': 0, 'noise': 0.0005, 'n': 101, 'shap_error': 0.016108772966221964, 'shap_norm_sq': 64280.028071749155}
{'sample_size': 1010, 'difference': 0, 'noise': 0.001, 'n': 101, 'shap_error': 0.023057297972188768, 'shap_norm_sq': 64280.028071749155}
{'sample_size': 1010, 'difference': 0, 'noise': 0.005, 'n': 101, 'shap_error': 0.025388592888902876, 'shap_norm_sq': 64280.028071749155}
{'sample_size': 1010, 'difference': 0, 'noise': 0.01, 'n': 101, 'shap_error': 0.022604732693422665, 'shap_norm_sq': 64280.028071749155}
{'sample_size': 1010, 'difference': 0, 'noise': 0.05, 'n': 101, 'shap_error': 0.024044988929355214, 'shap_norm_sq': 64280.028071749155}
{'sample_size': 1010, 'difference': 0, 'noise': 0.1, 'n': 101, 'shap_error': 0.020517852596447738, 'shap_norm_sq': 64280.028071749155}
{'sample_size': 1010, 'difference': 0, 'noise': 0.5, 'n': 101, 'shap_error': 0.03105398543738457, 'shap_norm_sq': 64280.028071749155}
{'sample_size': 1010, 'difference': 0, 'noise': 1, 'n': 101, 'shap_error': 0.021921000503127456, 'shap_norm_sq': 64280.028071749155}
{'sample_size': 1010, 'difference': 0, 'noise': 0.0005, 'n': 101, 'shap_error': 0.003950531976776379, 'shap_norm_sq': 79156.80629839945}
{'sample_size': 1010, 'difference': 0, 'noise': 0.001, 'n': 101, 'shap_error': 0.0041276335725753685, 'shap_norm_sq': 79156.80629839945}
{'sample_size': 1010, 'difference': 0, 'noise': 0.005, 'n': 101, 'shap_error': 0.0050337929532074804, 'shap_norm_sq': 79156.80629839945}
{'sample_size': 1010, 'difference': 0, 'noise': 0.01, 'n': 101, 'shap_error': 0.004348681135760988, 'shap_norm_sq': 79156.80629839945}
{'sample_size': 1010, 'difference': 0, 'noise': 0.05, 'n': 101, 'shap_error': 0.003744434335379106, 'shap_norm_sq': 79156.80629839945}
{'sample_size': 1010, 'difference': 0, 'noise': 0.1, 'n': 101, 'shap_error': 0.005228685856341055, 'shap_norm_sq': 79156.80629839945}
{'sample_size': 1010, 'difference': 0, 'noise': 0.5, 'n': 101, 'shap_error': 0.006824545635885203, 'shap_norm_sq': 79156.80629839945}
{'sample_size': 1010, 'difference': 0, 'noise': 1, 'n': 101, 'shap_error': 0.0044843684307739025, 'shap_norm_sq': 79156.80629839945}
{'sample_size': 1010, 'difference': 0, 'noise': 0.0005, 'n': 101, 'shap_error': 0.010319110428684743, 'shap_norm_sq': 59602.05839434324}
{'sample_size': 1010, 'difference': 0, 'noise': 0.001, 'n': 101, 'shap_error': 0.008893871328981708, 'shap_norm_sq': 59602.05839434324}
{'sample_size': 1010, 'difference': 0, 'noise': 0.005, 'n': 101, 'shap_error': 0.008671076305113459, 'shap_norm_sq': 59602.05839434324}
{'sample_size': 1010, 'difference': 0, 'noise': 0.01, 'n': 101, 'shap_error': 0.009396120562632372, 'shap_norm_sq': 59602.05839434324}
{'sample_size': 1010, 'difference': 0, 'noise': 0.05, 'n': 101, 'shap_error': 0.007907281151557595, 'shap_norm_sq': 59602.05839434324}
{'sample_size': 1010, 'difference': 0, 'noise': 0.1, 'n': 101, 'shap_error': 0.007938263964970339, 'shap_norm_sq': 59602.05839434324}
{'sample_size': 1010, 'difference': 0, 'noise': 0.5, 'n': 101, 'shap_error': 0.00925529067436425, 'shap_norm_sq': 59602.05839434324}
{'sample_size': 1010, 'difference': 0, 'noise': 1, 'n': 101, 'shap_error': 0.009595136776500418, 'shap_norm_sq': 59602.05839434324}
{'sample_size': 1010, 'difference': 0, 'noise': 0.0005, 'n': 101, 'shap_error': 0.05063293554480377, 'shap_norm_sq': 73074.2043817374}
{'sample_size': 1010, 'difference': 0, 'noise': 0.001, 'n': 101, 'shap_error': 0.06599052953871752, 'shap_norm_sq': 73074.2043817374}
{'sample_size': 1010, 'difference': 0, 'noise': 0.005, 'n': 101, 'shap_error': 0.060960553231197534, 'shap_norm_sq': 73074.2043817374}
{'sample_size': 1010, 'difference': 0, 'noise': 0.01, 'n': 101, 'shap_error': 0.06437647262261288, 'shap_norm_sq': 73074.2043817374}
{'sample_size': 1010, 'difference': 0, 'noise': 0.05, 'n': 101, 'shap_error': 0.05533391501863186, 'shap_norm_sq': 73074.2043817374}
{'sample_size': 1010, 'difference': 0, 'noise': 0.1, 'n': 101, 'shap_error': 0.06020130664534958, 'shap_norm_sq': 73074.2043817374}
{'sample_size': 1010, 'difference': 0, 'noise': 0.5, 'n': 101, 'shap_error': 0.05674347834610048, 'shap_norm_sq': 73074.2043817374}
{'sample_size': 1010, 'difference': 0, 'noise': 1, 'n': 101, 'shap_error': 0.06314735131555489, 'shap_norm_sq': 73074.2043817374}
{'sample_size': 1010, 'difference': 0, 'noise': 0.0005, 'n': 101, 'shap_error': 0.008285921820668432, 'shap_norm_sq': 379988.59932513384}
{'sample_size': 1010, 'difference': 0, 'noise': 0.001, 'n': 101, 'shap_error': 0.00598296304407796, 'shap_norm_sq': 379988.59932513384}
{'sample_size': 1010, 'difference': 0, 'noise': 0.005, 'n': 101, 'shap_error': 0.006317381656177547, 'shap_norm_sq': 379988.59932513384}
{'sample_size': 1010, 'difference': 0, 'noise': 0.01, 'n': 101, 'shap_error': 0.010594946480784509, 'shap_norm_sq': 379988.59932513384}
{'sample_size': 1010, 'difference': 0, 'noise': 0.05, 'n': 101, 'shap_error': 0.007343851181237927, 'shap_norm_sq': 379988.59932513384}
{'sample_size': 1010, 'difference': 0, 'noise': 0.1, 'n': 101, 'shap_error': 0.007635193671927672, 'shap_norm_sq': 379988.59932513384}
{'sample_size': 1010, 'difference': 0, 'noise': 0.5, 'n': 101, 'shap_error': 0.009641068449693521, 'shap_norm_sq': 379988.59932513384}
{'sample_size': 1010, 'difference': 0, 'noise': 1, 'n': 101, 'shap_error': 0.00747089101665295, 'shap_norm_sq': 379988.59932513384}
{'sample_size': 1010, 'difference': 0, 'noise': 0.0005, 'n': 101, 'shap_error': 0.016413533947247535, 'shap_norm_sq': 56690.81825222265}
{'sample_size': 1010, 'difference': 0, 'noise': 0.001, 'n': 101, 'shap_error': 0.01497184752742846, 'shap_norm_sq': 56690.81825222265}
{'sample_size': 1010, 'difference': 0, 'noise': 0.005, 'n': 101, 'shap_error': 0.012876897561583877, 'shap_norm_sq': 56690.81825222265}
{'sample_size': 1010, 'difference': 0, 'noise': 0.01, 'n': 101, 'shap_error': 0.014431338862550816, 'shap_norm_sq': 56690.81825222265}
{'sample_size': 1010, 'difference': 0, 'noise': 0.05, 'n': 101, 'shap_error': 0.013515474085280199, 'shap_norm_sq': 56690.81825222265}
{'sample_size': 1010, 'difference': 0, 'noise': 0.1, 'n': 101, 'shap_error': 0.012376887322466763, 'shap_norm_sq': 56690.81825222265}
{'sample_size': 1010, 'difference': 0, 'noise': 0.5, 'n': 101, 'shap_error': 0.013280114315810118, 'shap_norm_sq': 56690.81825222265}
{'sample_size': 1010, 'difference': 0, 'noise': 1, 'n': 101, 'shap_error': 0.015099918429548786, 'shap_norm_sq': 56690.81825222265}
{'sample_size': 1010, 'difference': 0, 'noise': 0.0005, 'n': 101, 'shap_error': 0.0069236846031464905, 'shap_norm_sq': 58010.756053934965}
{'sample_size': 1010, 'difference': 0, 'noise': 0.001, 'n': 101, 'shap_error': 0.008009304618477639, 'shap_norm_sq': 58010.756053934965}
{'sample_size': 1010, 'difference': 0, 'noise': 0.005, 'n': 101, 'shap_error': 0.005070803382754502, 'shap_norm_sq': 58010.756053934965}
{'sample_size': 1010, 'difference': 0, 'noise': 0.01, 'n': 101, 'shap_error': 0.007762857881228315, 'shap_norm_sq': 58010.756053934965}
{'sample_size': 1010, 'difference': 0, 'noise': 0.05, 'n': 101, 'shap_error': 0.006789968138165942, 'shap_norm_sq': 58010.756053934965}
{'sample_size': 1010, 'difference': 0, 'noise': 0.1, 'n': 101, 'shap_error': 0.0068955840405040165, 'shap_norm_sq': 58010.756053934965}
{'sample_size': 1010, 'difference': 0, 'noise': 0.5, 'n': 101, 'shap_error': 0.005570937304819836, 'shap_norm_sq': 58010.756053934965}
{'sample_size': 1010, 'difference': 0, 'noise': 1, 'n': 101, 'shap_error': 0.007452338699168099, 'shap_norm_sq': 58010.756053934965}
{'sample_size': 1010, 'difference': 0, 'noise': 0.0005, 'n': 101, 'shap_error': 5.828772512488567e-05, 'shap_norm_sq': 28612.152929676366}
{'sample_size': 1010, 'difference': 0, 'noise': 0.001, 'n': 101, 'shap_error': 4.836866153988856e-05, 'shap_norm_sq': 28612.152929676366}
{'sample_size': 1010, 'difference': 0, 'noise': 0.005, 'n': 101, 'shap_error': 5.407551215218742e-05, 'shap_norm_sq': 28612.152929676366}
{'sample_size': 1010, 'difference': 0, 'noise': 0.01, 'n': 101, 'shap_error': 5.7362643491061134e-05, 'shap_norm_sq': 28612.152929676366}
{'sample_size': 1010, 'difference': 0, 'noise': 0.05, 'n': 101, 'shap_error': 4.288088060621709e-05, 'shap_norm_sq': 28612.152929676366}
{'sample_size': 1010, 'difference': 0, 'noise': 0.1, 'n': 101, 'shap_error': 5.169120824675162e-05, 'shap_norm_sq': 28612.152929676366}
{'sample_size': 1010, 'difference': 0, 'noise': 0.5, 'n': 101, 'shap_error': 6.412310966465509e-05, 'shap_norm_sq': 28612.152929676366}
{'sample_size': 1010, 'difference': 0, 'noise': 1, 'n': 101, 'shap_error': 8.385541985277095e-05, 'shap_norm_sq': 28612.152929676366}
{'sample_size': 1010, 'difference': 0, 'noise': 0.0005, 'n': 101, 'shap_error': 0.0048236585197522, 'shap_norm_sq': 72623.21294999527}
{'sample_size': 1010, 'difference': 0, 'noise': 0.001, 'n': 101, 'shap_error': 0.005149853099755085, 'shap_norm_sq': 72623.21294999527}
{'sample_size': 1010, 'difference': 0, 'noise': 0.005, 'n': 101, 'shap_error': 0.0035861346504551545, 'shap_norm_sq': 72623.21294999527}
{'sample_size': 1010, 'difference': 0, 'noise': 0.01, 'n': 101, 'shap_error': 0.006360611168876636, 'shap_norm_sq': 72623.21294999527}
{'sample_size': 1010, 'difference': 0, 'noise': 0.05, 'n': 101, 'shap_error': 0.005767225782258662, 'shap_norm_sq': 72623.21294999527}
{'sample_size': 1010, 'difference': 0, 'noise': 0.1, 'n': 101, 'shap_error': 0.006502523197215651, 'shap_norm_sq': 72623.21294999527}
{'sample_size': 1010, 'difference': 0, 'noise': 0.5, 'n': 101, 'shap_error': 0.004873641921302191, 'shap_norm_sq': 72623.21294999527}
{'sample_size': 1010, 'difference': 0, 'noise': 1, 'n': 101, 'shap_error': 0.005002172636876466, 'shap_norm_sq': 72623.21294999527}
{'sample_size': 1010, 'difference': 0, 'noise': 0.0005, 'n': 101, 'shap_error': 0.013338000244450652, 'shap_norm_sq': 585818.9618428921}
{'sample_size': 1010, 'difference': 0, 'noise': 0.001, 'n': 101, 'shap_error': 0.02020771892052213, 'shap_norm_sq': 585818.9618428921}
{'sample_size': 1010, 'difference': 0, 'noise': 0.005, 'n': 101, 'shap_error': 0.01760162466298309, 'shap_norm_sq': 585818.9618428921}
{'sample_size': 1010, 'difference': 0, 'noise': 0.01, 'n': 101, 'shap_error': 0.019758183480143417, 'shap_norm_sq': 585818.9618428921}
{'sample_size': 1010, 'difference': 0, 'noise': 0.05, 'n': 101, 'shap_error': 0.022757124930549398, 'shap_norm_sq': 585818.9618428921}
{'sample_size': 1010, 'difference': 0, 'noise': 0.1, 'n': 101, 'shap_error': 0.017820016615816676, 'shap_norm_sq': 585818.9618428921}
{'sample_size': 1010, 'difference': 0, 'noise': 0.5, 'n': 101, 'shap_error': 0.014450770144357066, 'shap_norm_sq': 585818.9618428921}
{'sample_size': 1010, 'difference': 0, 'noise': 1, 'n': 101, 'shap_error': 0.015739693704541063, 'shap_norm_sq': 585818.9618428921}
{'sample_size': 1010, 'difference': 0, 'noise': 0.0005, 'n': 101, 'shap_error': 0.006445762617489112, 'shap_norm_sq': 59056.80155040595}
{'sample_size': 1010, 'difference': 0, 'noise': 0.001, 'n': 101, 'shap_error': 0.006968258631679046, 'shap_norm_sq': 59056.80155040595}
{'sample_size': 1010, 'difference': 0, 'noise': 0.005, 'n': 101, 'shap_error': 0.007911583831907041, 'shap_norm_sq': 59056.80155040595}
{'sample_size': 1010, 'difference': 0, 'noise': 0.01, 'n': 101, 'shap_error': 0.00597259944658979, 'shap_norm_sq': 59056.80155040595}
{'sample_size': 1010, 'difference': 0, 'noise': 0.05, 'n': 101, 'shap_error': 0.005925466712355672, 'shap_norm_sq': 59056.80155040595}
{'sample_size': 1010, 'difference': 0, 'noise': 0.1, 'n': 101, 'shap_error': 0.007444740447729612, 'shap_norm_sq': 59056.80155040595}
{'sample_size': 1010, 'difference': 0, 'noise': 0.5, 'n': 101, 'shap_error': 0.005700561071841415, 'shap_norm_sq': 59056.80155040595}
{'sample_size': 1010, 'difference': 0, 'noise': 1, 'n': 101, 'shap_error': 0.007397533948578847, 'shap_norm_sq': 59056.80155040595}
{'sample_size': 1010, 'difference': 0, 'noise': 0.0005, 'n': 101, 'shap_error': 0.020981864059674723, 'shap_norm_sq': 68105.12030796155}
{'sample_size': 1010, 'difference': 0, 'noise': 0.001, 'n': 101, 'shap_error': 0.022193232823149354, 'shap_norm_sq': 68105.12030796155}
{'sample_size': 1010, 'difference': 0, 'noise': 0.005, 'n': 101, 'shap_error': 0.025552711473301015, 'shap_norm_sq': 68105.12030796155}
{'sample_size': 1010, 'difference': 0, 'noise': 0.01, 'n': 101, 'shap_error': 0.016510342763141443, 'shap_norm_sq': 68105.12030796155}
{'sample_size': 1010, 'difference': 0, 'noise': 0.05, 'n': 101, 'shap_error': 0.027369508307033885, 'shap_norm_sq': 68105.12030796155}
{'sample_size': 1010, 'difference': 0, 'noise': 0.1, 'n': 101, 'shap_error': 0.02051011964660792, 'shap_norm_sq': 68105.12030796155}
{'sample_size': 1010, 'difference': 0, 'noise': 0.5, 'n': 101, 'shap_error': 0.02403351169603408, 'shap_norm_sq': 68105.12030796155}
{'sample_size': 1010, 'difference': 0, 'noise': 1, 'n': 101, 'shap_error': 0.018114952426409422, 'shap_norm_sq': 68105.12030796155}
{'sample_size': 1010, 'difference': 0, 'noise': 0.0005, 'n': 101, 'shap_error': 0.021603277903926913, 'shap_norm_sq': 139441.27744293964}
{'sample_size': 1010, 'difference': 0, 'noise': 0.001, 'n': 101, 'shap_error': 0.020509054760505636, 'shap_norm_sq': 139441.27744293964}
{'sample_size': 1010, 'difference': 0, 'noise': 0.005, 'n': 101, 'shap_error': 0.031119483731435922, 'shap_norm_sq': 139441.27744293964}
{'sample_size': 1010, 'difference': 0, 'noise': 0.01, 'n': 101, 'shap_error': 0.02639192405344329, 'shap_norm_sq': 139441.27744293964}
{'sample_size': 1010, 'difference': 0, 'noise': 0.05, 'n': 101, 'shap_error': 0.02660736589766901, 'shap_norm_sq': 139441.27744293964}
{'sample_size': 1010, 'difference': 0, 'noise': 0.1, 'n': 101, 'shap_error': 0.024815262259354542, 'shap_norm_sq': 139441.27744293964}
{'sample_size': 1010, 'difference': 0, 'noise': 0.5, 'n': 101, 'shap_error': 0.023356794356252934, 'shap_norm_sq': 139441.27744293964}
{'sample_size': 1010, 'difference': 0, 'noise': 1, 'n': 101, 'shap_error': 0.018516590473535002, 'shap_norm_sq': 139441.27744293964}
{'sample_size': 1010, 'difference': 0, 'noise': 0.0005, 'n': 101, 'shap_error': 0.03475526967000091, 'shap_norm_sq': 167533.94330480884}
{'sample_size': 1010, 'difference': 0, 'noise': 0.001, 'n': 101, 'shap_error': 0.029102648704619895, 'shap_norm_sq': 167533.94330480884}
{'sample_size': 1010, 'difference': 0, 'noise': 0.005, 'n': 101, 'shap_error': 0.02915776528538144, 'shap_norm_sq': 167533.94330480884}
{'sample_size': 1010, 'difference': 0, 'noise': 0.01, 'n': 101, 'shap_error': 0.02493654800965187, 'shap_norm_sq': 167533.94330480884}
{'sample_size': 1010, 'difference': 0, 'noise': 0.05, 'n': 101, 'shap_error': 0.0421772401100807, 'shap_norm_sq': 167533.94330480884}
{'sample_size': 1010, 'difference': 0, 'noise': 0.1, 'n': 101, 'shap_error': 0.03014523885625534, 'shap_norm_sq': 167533.94330480884}
{'sample_size': 1010, 'difference': 0, 'noise': 0.5, 'n': 101, 'shap_error': 0.03669070679309179, 'shap_norm_sq': 167533.94330480884}
{'sample_size': 1010, 'difference': 0, 'noise': 1, 'n': 101, 'shap_error': 0.03657381140845123, 'shap_norm_sq': 167533.94330480884}
{'sample_size': 1010, 'difference': 0, 'noise': 0.0005, 'n': 101, 'shap_error': 0.014624388454852122, 'shap_norm_sq': 56582.391996151935}
{'sample_size': 1010, 'difference': 0, 'noise': 0.001, 'n': 101, 'shap_error': 0.01915599509469399, 'shap_norm_sq': 56582.391996151935}
{'sample_size': 1010, 'difference': 0, 'noise': 0.005, 'n': 101, 'shap_error': 0.017451204600167667, 'shap_norm_sq': 56582.391996151935}
{'sample_size': 1010, 'difference': 0, 'noise': 0.01, 'n': 101, 'shap_error': 0.01696161313718126, 'shap_norm_sq': 56582.391996151935}
{'sample_size': 1010, 'difference': 0, 'noise': 0.05, 'n': 101, 'shap_error': 0.018567272057550332, 'shap_norm_sq': 56582.391996151935}
{'sample_size': 1010, 'difference': 0, 'noise': 0.1, 'n': 101, 'shap_error': 0.00894870224392547, 'shap_norm_sq': 56582.391996151935}
{'sample_size': 1010, 'difference': 0, 'noise': 0.5, 'n': 101, 'shap_error': 0.01678753764343456, 'shap_norm_sq': 56582.391996151935}
{'sample_size': 1010, 'difference': 0, 'noise': 1, 'n': 101, 'shap_error': 0.015292480622884259, 'shap_norm_sq': 56582.391996151935}
{'sample_size': 1010, 'difference': 0, 'noise': 0.0005, 'n': 101, 'shap_error': 0.008811133518135762, 'shap_norm_sq': 64877.84173911159}
{'sample_size': 1010, 'difference': 0, 'noise': 0.001, 'n': 101, 'shap_error': 0.006764599629589206, 'shap_norm_sq': 64877.84173911159}
{'sample_size': 1010, 'difference': 0, 'noise': 0.005, 'n': 101, 'shap_error': 0.007793146086412294, 'shap_norm_sq': 64877.84173911159}
{'sample_size': 1010, 'difference': 0, 'noise': 0.01, 'n': 101, 'shap_error': 0.007974778299613227, 'shap_norm_sq': 64877.84173911159}
{'sample_size': 1010, 'difference': 0, 'noise': 0.05, 'n': 101, 'shap_error': 0.008937801960529094, 'shap_norm_sq': 64877.84173911159}
{'sample_size': 1010, 'difference': 0, 'noise': 0.1, 'n': 101, 'shap_error': 0.007457199006854198, 'shap_norm_sq': 64877.84173911159}
{'sample_size': 1010, 'difference': 0, 'noise': 0.5, 'n': 101, 'shap_error': 0.006851500303086654, 'shap_norm_sq': 64877.84173911159}
{'sample_size': 1010, 'difference': 0, 'noise': 1, 'n': 101, 'shap_error': 0.005991580607189494, 'shap_norm_sq': 64877.84173911159}
{'sample_size': 1010, 'difference': 0, 'noise': 0.0005, 'n': 101, 'shap_error': 0.011601671672646975, 'shap_norm_sq': 91655.66755265628}
{'sample_size': 1010, 'difference': 0, 'noise': 0.001, 'n': 101, 'shap_error': 0.01067126978514947, 'shap_norm_sq': 91655.66755265628}
{'sample_size': 1010, 'difference': 0, 'noise': 0.005, 'n': 101, 'shap_error': 0.013988066313413318, 'shap_norm_sq': 91655.66755265628}
{'sample_size': 1010, 'difference': 0, 'noise': 0.01, 'n': 101, 'shap_error': 0.013797303165684487, 'shap_norm_sq': 91655.66755265628}
{'sample_size': 1010, 'difference': 0, 'noise': 0.05, 'n': 101, 'shap_error': 0.011988770691303795, 'shap_norm_sq': 91655.66755265628}
{'sample_size': 1010, 'difference': 0, 'noise': 0.1, 'n': 101, 'shap_error': 0.014740446067657663, 'shap_norm_sq': 91655.66755265628}
{'sample_size': 1010, 'difference': 0, 'noise': 0.5, 'n': 101, 'shap_error': 0.012133968491342961, 'shap_norm_sq': 91655.66755265628}
{'sample_size': 1010, 'difference': 0, 'noise': 1, 'n': 101, 'shap_error': 0.012585489225479163, 'shap_norm_sq': 91655.66755265628}
{'sample_size': 1010, 'difference': 0, 'noise': 0.0005, 'n': 101, 'shap_error': 0.00492682366941754, 'shap_norm_sq': 65852.8644272331}
{'sample_size': 1010, 'difference': 0, 'noise': 0.001, 'n': 101, 'shap_error': 0.006084213428232515, 'shap_norm_sq': 65852.8644272331}
{'sample_size': 1010, 'difference': 0, 'noise': 0.005, 'n': 101, 'shap_error': 0.004758412403407839, 'shap_norm_sq': 65852.8644272331}
{'sample_size': 1010, 'difference': 0, 'noise': 0.01, 'n': 101, 'shap_error': 0.005369069660270965, 'shap_norm_sq': 65852.8644272331}
{'sample_size': 1010, 'difference': 0, 'noise': 0.05, 'n': 101, 'shap_error': 0.0053962035537171195, 'shap_norm_sq': 65852.8644272331}
{'sample_size': 1010, 'difference': 0, 'noise': 0.1, 'n': 101, 'shap_error': 0.0038239082139826883, 'shap_norm_sq': 65852.8644272331}
{'sample_size': 1010, 'difference': 0, 'noise': 0.5, 'n': 101, 'shap_error': 0.004275773152852752, 'shap_norm_sq': 65852.8644272331}
{'sample_size': 1010, 'difference': 0, 'noise': 1, 'n': 101, 'shap_error': 0.005446843721065138, 'shap_norm_sq': 65852.8644272331}
{'sample_size': 1010, 'difference': 0, 'noise': 0.0005, 'n': 101, 'shap_error': 0.006471267450066972, 'shap_norm_sq': 68578.74388306007}
{'sample_size': 1010, 'difference': 0, 'noise': 0.001, 'n': 101, 'shap_error': 0.008178546174603656, 'shap_norm_sq': 68578.74388306007}
{'sample_size': 1010, 'difference': 0, 'noise': 0.005, 'n': 101, 'shap_error': 0.007670124222907376, 'shap_norm_sq': 68578.74388306007}
{'sample_size': 1010, 'difference': 0, 'noise': 0.01, 'n': 101, 'shap_error': 0.008092816410823142, 'shap_norm_sq': 68578.74388306007}
{'sample_size': 1010, 'difference': 0, 'noise': 0.05, 'n': 101, 'shap_error': 0.008386654100684472, 'shap_norm_sq': 68578.74388306007}
{'sample_size': 1010, 'difference': 0, 'noise': 0.1, 'n': 101, 'shap_error': 0.00869686848193631, 'shap_norm_sq': 68578.74388306007}
{'sample_size': 1010, 'difference': 0, 'noise': 0.5, 'n': 101, 'shap_error': 0.010274940815147243, 'shap_norm_sq': 68578.74388306007}
{'sample_size': 1010, 'difference': 0, 'noise': 1, 'n': 101, 'shap_error': 0.008399875437156307, 'shap_norm_sq': 68578.74388306007}
{'sample_size': 1010, 'difference': 0, 'noise': 0.0005, 'n': 101, 'shap_error': 0.005226414017245533, 'shap_norm_sq': 15436.66169381117}
{'sample_size': 1010, 'difference': 0, 'noise': 0.001, 'n': 101, 'shap_error': 0.007419206506985719, 'shap_norm_sq': 15436.66169381117}
{'sample_size': 1010, 'difference': 0, 'noise': 0.005, 'n': 101, 'shap_error': 0.006378921348661894, 'shap_norm_sq': 15436.66169381117}
{'sample_size': 1010, 'difference': 0, 'noise': 0.01, 'n': 101, 'shap_error': 0.005839385287988554, 'shap_norm_sq': 15436.66169381117}
{'sample_size': 1010, 'difference': 0, 'noise': 0.05, 'n': 101, 'shap_error': 0.007332995386839107, 'shap_norm_sq': 15436.66169381117}
{'sample_size': 1010, 'difference': 0, 'noise': 0.1, 'n': 101, 'shap_error': 0.006664579627290474, 'shap_norm_sq': 15436.66169381117}
{'sample_size': 1010, 'difference': 0, 'noise': 0.5, 'n': 101, 'shap_error': 0.005146299308534542, 'shap_norm_sq': 15436.66169381117}
{'sample_size': 1010, 'difference': 0, 'noise': 1, 'n': 101, 'shap_error': 0.006372066998187879, 'shap_norm_sq': 15436.66169381117}
{'sample_size': 1010, 'difference': 0, 'noise': 0.0005, 'n': 101, 'shap_error': 0.008709574994127273, 'shap_norm_sq': 59988.42633215804}
{'sample_size': 1010, 'difference': 0, 'noise': 0.001, 'n': 101, 'shap_error': 0.008560110875312738, 'shap_norm_sq': 59988.42633215804}
{'sample_size': 1010, 'difference': 0, 'noise': 0.005, 'n': 101, 'shap_error': 0.0075087992521525315, 'shap_norm_sq': 59988.42633215804}
{'sample_size': 1010, 'difference': 0, 'noise': 0.01, 'n': 101, 'shap_error': 0.009324380375763256, 'shap_norm_sq': 59988.42633215804}
{'sample_size': 1010, 'difference': 0, 'noise': 0.05, 'n': 101, 'shap_error': 0.011216011827665972, 'shap_norm_sq': 59988.42633215804}
{'sample_size': 1010, 'difference': 0, 'noise': 0.1, 'n': 101, 'shap_error': 0.00898367333081811, 'shap_norm_sq': 59988.42633215804}
{'sample_size': 1010, 'difference': 0, 'noise': 0.5, 'n': 101, 'shap_error': 0.009472394389797587, 'shap_norm_sq': 59988.42633215804}
{'sample_size': 1010, 'difference': 0, 'noise': 1, 'n': 101, 'shap_error': 0.009628936019559307, 'shap_norm_sq': 59988.42633215804}
{'sample_size': 1010, 'difference': 0, 'noise': 0.0005, 'n': 101, 'shap_error': 0.006941097289571677, 'shap_norm_sq': 70948.06025453871}
{'sample_size': 1010, 'difference': 0, 'noise': 0.001, 'n': 101, 'shap_error': 0.008315986398271564, 'shap_norm_sq': 70948.06025453871}
{'sample_size': 1010, 'difference': 0, 'noise': 0.005, 'n': 101, 'shap_error': 0.007233000582789584, 'shap_norm_sq': 70948.06025453871}
{'sample_size': 1010, 'difference': 0, 'noise': 0.01, 'n': 101, 'shap_error': 0.007344362385285338, 'shap_norm_sq': 70948.06025453871}
{'sample_size': 1010, 'difference': 0, 'noise': 0.05, 'n': 101, 'shap_error': 0.007058760711931292, 'shap_norm_sq': 70948.06025453871}
{'sample_size': 1010, 'difference': 0, 'noise': 0.1, 'n': 101, 'shap_error': 0.006254984428449627, 'shap_norm_sq': 70948.06025453871}
{'sample_size': 1010, 'difference': 0, 'noise': 0.5, 'n': 101, 'shap_error': 0.006269450710124925, 'shap_norm_sq': 70948.06025453871}
{'sample_size': 1010, 'difference': 0, 'noise': 1, 'n': 101, 'shap_error': 0.009284570162551757, 'shap_norm_sq': 70948.06025453871}
{'sample_size': 1010, 'difference': 0, 'noise': 0.0005, 'n': 101, 'shap_error': 0.023772585245044376, 'shap_norm_sq': 77924.32063228902}
{'sample_size': 1010, 'difference': 0, 'noise': 0.001, 'n': 101, 'shap_error': 0.029438862167607226, 'shap_norm_sq': 77924.32063228902}
{'sample_size': 1010, 'difference': 0, 'noise': 0.005, 'n': 101, 'shap_error': 0.0268520392623319, 'shap_norm_sq': 77924.32063228902}
{'sample_size': 1010, 'difference': 0, 'noise': 0.01, 'n': 101, 'shap_error': 0.032388619913003305, 'shap_norm_sq': 77924.32063228902}
{'sample_size': 1010, 'difference': 0, 'noise': 0.05, 'n': 101, 'shap_error': 0.02508956391659418, 'shap_norm_sq': 77924.32063228902}
{'sample_size': 1010, 'difference': 0, 'noise': 0.1, 'n': 101, 'shap_error': 0.026350594320594112, 'shap_norm_sq': 77924.32063228902}
{'sample_size': 1010, 'difference': 0, 'noise': 0.5, 'n': 101, 'shap_error': 0.026851976019070994, 'shap_norm_sq': 77924.32063228902}
{'sample_size': 1010, 'difference': 0, 'noise': 1, 'n': 101, 'shap_error': 0.025637551805947685, 'shap_norm_sq': 77924.32063228902}
{'sample_size': 1010, 'difference': 0, 'noise': 0.0005, 'n': 101, 'shap_error': 0.021523496195893138, 'shap_norm_sq': 58480.294322778}
{'sample_size': 1010, 'difference': 0, 'noise': 0.001, 'n': 101, 'shap_error': 0.01957703478521075, 'shap_norm_sq': 58480.294322778}
{'sample_size': 1010, 'difference': 0, 'noise': 0.005, 'n': 101, 'shap_error': 0.023189411652439294, 'shap_norm_sq': 58480.294322778}
{'sample_size': 1010, 'difference': 0, 'noise': 0.01, 'n': 101, 'shap_error': 0.01533318911853173, 'shap_norm_sq': 58480.294322778}
{'sample_size': 1010, 'difference': 0, 'noise': 0.05, 'n': 101, 'shap_error': 0.024329812339897113, 'shap_norm_sq': 58480.294322778}
{'sample_size': 1010, 'difference': 0, 'noise': 0.1, 'n': 101, 'shap_error': 0.01782066289123097, 'shap_norm_sq': 58480.294322778}
{'sample_size': 1010, 'difference': 0, 'noise': 0.5, 'n': 101, 'shap_error': 0.017962975186457307, 'shap_norm_sq': 58480.294322778}
{'sample_size': 1010, 'difference': 0, 'noise': 1, 'n': 101, 'shap_error': 0.01722598471360268, 'shap_norm_sq': 58480.294322778}
{'sample_size': 1010, 'difference': 0, 'noise': 0.0005, 'n': 101, 'shap_error': 0.01823473306867798, 'shap_norm_sq': 142861.1072230097}
{'sample_size': 1010, 'difference': 0, 'noise': 0.001, 'n': 101, 'shap_error': 0.022642499998592313, 'shap_norm_sq': 142861.1072230097}
{'sample_size': 1010, 'difference': 0, 'noise': 0.005, 'n': 101, 'shap_error': 0.019479536319060176, 'shap_norm_sq': 142861.1072230097}
{'sample_size': 1010, 'difference': 0, 'noise': 0.01, 'n': 101, 'shap_error': 0.01842344408012944, 'shap_norm_sq': 142861.1072230097}
{'sample_size': 1010, 'difference': 0, 'noise': 0.05, 'n': 101, 'shap_error': 0.013574513690122239, 'shap_norm_sq': 142861.1072230097}
{'sample_size': 1010, 'difference': 0, 'noise': 0.1, 'n': 101, 'shap_error': 0.02333313655672833, 'shap_norm_sq': 142861.1072230097}
{'sample_size': 1010, 'difference': 0, 'noise': 0.5, 'n': 101, 'shap_error': 0.022888892275293643, 'shap_norm_sq': 142861.1072230097}
{'sample_size': 1010, 'difference': 0, 'noise': 1, 'n': 101, 'shap_error': 0.024048303842750175, 'shap_norm_sq': 142861.1072230097}
{'sample_size': 1010, 'difference': 0, 'noise': 0.0005, 'n': 101, 'shap_error': 0.026066871692166666, 'shap_norm_sq': 29155.982366292}
{'sample_size': 1010, 'difference': 0, 'noise': 0.001, 'n': 101, 'shap_error': 0.02733599937908234, 'shap_norm_sq': 29155.982366292}
{'sample_size': 1010, 'difference': 0, 'noise': 0.005, 'n': 101, 'shap_error': 0.022334205773872542, 'shap_norm_sq': 29155.982366292}
{'sample_size': 1010, 'difference': 0, 'noise': 0.01, 'n': 101, 'shap_error': 0.023472042835721216, 'shap_norm_sq': 29155.982366292}
{'sample_size': 1010, 'difference': 0, 'noise': 0.05, 'n': 101, 'shap_error': 0.025590348364512763, 'shap_norm_sq': 29155.982366292}
{'sample_size': 1010, 'difference': 0, 'noise': 0.1, 'n': 101, 'shap_error': 0.028435016171111018, 'shap_norm_sq': 29155.982366292}
{'sample_size': 1010, 'difference': 0, 'noise': 0.5, 'n': 101, 'shap_error': 0.02982002503859885, 'shap_norm_sq': 29155.982366292}
{'sample_size': 1010, 'difference': 0, 'noise': 1, 'n': 101, 'shap_error': 0.025243046477612094, 'shap_norm_sq': 29155.982366292}
{'sample_size': 1010, 'difference': 0, 'noise': 0.0005, 'n': 101, 'shap_error': 0.007765698014552556, 'shap_norm_sq': 68210.27030421194}
{'sample_size': 1010, 'difference': 0, 'noise': 0.001, 'n': 101, 'shap_error': 0.00646306613484931, 'shap_norm_sq': 68210.27030421194}
{'sample_size': 1010, 'difference': 0, 'noise': 0.005, 'n': 101, 'shap_error': 0.006907586650879227, 'shap_norm_sq': 68210.27030421194}
{'sample_size': 1010, 'difference': 0, 'noise': 0.01, 'n': 101, 'shap_error': 0.006989165418545319, 'shap_norm_sq': 68210.27030421194}
{'sample_size': 1010, 'difference': 0, 'noise': 0.05, 'n': 101, 'shap_error': 0.007219182531435303, 'shap_norm_sq': 68210.27030421194}
{'sample_size': 1010, 'difference': 0, 'noise': 0.1, 'n': 101, 'shap_error': 0.010397906488710392, 'shap_norm_sq': 68210.27030421194}
{'sample_size': 1010, 'difference': 0, 'noise': 0.5, 'n': 101, 'shap_error': 0.007239472282525761, 'shap_norm_sq': 68210.27030421194}
{'sample_size': 1010, 'difference': 0, 'noise': 1, 'n': 101, 'shap_error': 0.008394091374092473, 'shap_norm_sq': 68210.27030421194}
{'sample_size': 1010, 'difference': 0, 'noise': 0.0005, 'n': 101, 'shap_error': 0.010491642279123286, 'shap_norm_sq': 86211.11074959261}
{'sample_size': 1010, 'difference': 0, 'noise': 0.001, 'n': 101, 'shap_error': 0.01049911041664561, 'shap_norm_sq': 86211.11074959261}
{'sample_size': 1010, 'difference': 0, 'noise': 0.005, 'n': 101, 'shap_error': 0.010745452842006563, 'shap_norm_sq': 86211.11074959261}
{'sample_size': 1010, 'difference': 0, 'noise': 0.01, 'n': 101, 'shap_error': 0.010910726184951746, 'shap_norm_sq': 86211.11074959261}
{'sample_size': 1010, 'difference': 0, 'noise': 0.05, 'n': 101, 'shap_error': 0.008326004629340132, 'shap_norm_sq': 86211.11074959261}
{'sample_size': 1010, 'difference': 0, 'noise': 0.1, 'n': 101, 'shap_error': 0.00878722130770112, 'shap_norm_sq': 86211.11074959261}
{'sample_size': 1010, 'difference': 0, 'noise': 0.5, 'n': 101, 'shap_error': 0.011239123457195478, 'shap_norm_sq': 86211.11074959261}
{'sample_size': 1010, 'difference': 0, 'noise': 1, 'n': 101, 'shap_error': 0.011948663684021575, 'shap_norm_sq': 86211.11074959261}
{'sample_size': 1010, 'difference': 0, 'noise': 0.0005, 'n': 101, 'shap_error': 0.01192507788550365, 'shap_norm_sq': 71614.5711912898}
{'sample_size': 1010, 'difference': 0, 'noise': 0.001, 'n': 101, 'shap_error': 0.01010961842193727, 'shap_norm_sq': 71614.5711912898}
{'sample_size': 1010, 'difference': 0, 'noise': 0.005, 'n': 101, 'shap_error': 0.007563105123704818, 'shap_norm_sq': 71614.5711912898}
{'sample_size': 1010, 'difference': 0, 'noise': 0.01, 'n': 101, 'shap_error': 0.007415375411922673, 'shap_norm_sq': 71614.5711912898}
{'sample_size': 1010, 'difference': 0, 'noise': 0.05, 'n': 101, 'shap_error': 0.01152576693400185, 'shap_norm_sq': 71614.5711912898}
{'sample_size': 1010, 'difference': 0, 'noise': 0.1, 'n': 101, 'shap_error': 0.012243261123427064, 'shap_norm_sq': 71614.5711912898}
{'sample_size': 1010, 'difference': 0, 'noise': 0.5, 'n': 101, 'shap_error': 0.010331865627697966, 'shap_norm_sq': 71614.5711912898}
{'sample_size': 1010, 'difference': 0, 'noise': 1, 'n': 101, 'shap_error': 0.008403247113821184, 'shap_norm_sq': 71614.5711912898}
{'sample_size': 1010, 'difference': 0, 'noise': 0.0005, 'n': 101, 'shap_error': 0.03194048171696664, 'shap_norm_sq': 363781.09591590613}
{'sample_size': 1010, 'difference': 0, 'noise': 0.001, 'n': 101, 'shap_error': 0.02912863973123297, 'shap_norm_sq': 363781.09591590613}
{'sample_size': 1010, 'difference': 0, 'noise': 0.005, 'n': 101, 'shap_error': 0.03089689773943453, 'shap_norm_sq': 363781.09591590613}
{'sample_size': 1010, 'difference': 0, 'noise': 0.01, 'n': 101, 'shap_error': 0.024947946533961127, 'shap_norm_sq': 363781.09591590613}
{'sample_size': 1010, 'difference': 0, 'noise': 0.05, 'n': 101, 'shap_error': 0.031070212892458426, 'shap_norm_sq': 363781.09591590613}
{'sample_size': 1010, 'difference': 0, 'noise': 0.1, 'n': 101, 'shap_error': 0.025365750199337154, 'shap_norm_sq': 363781.09591590613}
{'sample_size': 1010, 'difference': 0, 'noise': 0.5, 'n': 101, 'shap_error': 0.027833931897318198, 'shap_norm_sq': 363781.09591590613}
{'sample_size': 1010, 'difference': 0, 'noise': 1, 'n': 101, 'shap_error': 0.030205116484332557, 'shap_norm_sq': 363781.09591590613}
{'sample_size': 1010, 'difference': 0, 'noise': 0.0005, 'n': 101, 'shap_error': 0.0234176129826358, 'shap_norm_sq': 65152.18994262499}
{'sample_size': 1010, 'difference': 0, 'noise': 0.001, 'n': 101, 'shap_error': 0.025103807137528626, 'shap_norm_sq': 65152.18994262499}
{'sample_size': 1010, 'difference': 0, 'noise': 0.005, 'n': 101, 'shap_error': 0.032125712661917896, 'shap_norm_sq': 65152.18994262499}
{'sample_size': 1010, 'difference': 0, 'noise': 0.01, 'n': 101, 'shap_error': 0.029850386735626736, 'shap_norm_sq': 65152.18994262499}
{'sample_size': 1010, 'difference': 0, 'noise': 0.05, 'n': 101, 'shap_error': 0.03161896776431242, 'shap_norm_sq': 65152.18994262499}
{'sample_size': 1010, 'difference': 0, 'noise': 0.1, 'n': 101, 'shap_error': 0.025332936828356436, 'shap_norm_sq': 65152.18994262499}
{'sample_size': 1010, 'difference': 0, 'noise': 0.5, 'n': 101, 'shap_error': 0.035016586461710235, 'shap_norm_sq': 65152.18994262499}
{'sample_size': 1010, 'difference': 0, 'noise': 1, 'n': 101, 'shap_error': 0.02872558998315381, 'shap_norm_sq': 65152.18994262499}
{'sample_size': 1010, 'difference': 0, 'noise': 0.0005, 'n': 101, 'shap_error': 0.0040370739469757335, 'shap_norm_sq': 61475.04748303989}
{'sample_size': 1010, 'difference': 0, 'noise': 0.001, 'n': 101, 'shap_error': 0.004162643354441696, 'shap_norm_sq': 61475.04748303989}
{'sample_size': 1010, 'difference': 0, 'noise': 0.005, 'n': 101, 'shap_error': 0.00418983454146634, 'shap_norm_sq': 61475.04748303989}
{'sample_size': 1010, 'difference': 0, 'noise': 0.01, 'n': 101, 'shap_error': 0.003262240974921304, 'shap_norm_sq': 61475.04748303989}
{'sample_size': 1010, 'difference': 0, 'noise': 0.05, 'n': 101, 'shap_error': 0.003549889919769687, 'shap_norm_sq': 61475.04748303989}
{'sample_size': 1010, 'difference': 0, 'noise': 0.1, 'n': 101, 'shap_error': 0.004668460068056014, 'shap_norm_sq': 61475.04748303989}
{'sample_size': 1010, 'difference': 0, 'noise': 0.5, 'n': 101, 'shap_error': 0.004368262910187958, 'shap_norm_sq': 61475.04748303989}
{'sample_size': 1010, 'difference': 0, 'noise': 1, 'n': 101, 'shap_error': 0.0035818169982788383, 'shap_norm_sq': 61475.04748303989}
{'sample_size': 1010, 'difference': 0, 'noise': 0.0005, 'n': 101, 'shap_error': 0.014899172195272928, 'shap_norm_sq': 64529.68913311736}
{'sample_size': 1010, 'difference': 0, 'noise': 0.001, 'n': 101, 'shap_error': 0.011746628352569191, 'shap_norm_sq': 64529.68913311736}
{'sample_size': 1010, 'difference': 0, 'noise': 0.005, 'n': 101, 'shap_error': 0.01482720880340978, 'shap_norm_sq': 64529.68913311736}
{'sample_size': 1010, 'difference': 0, 'noise': 0.01, 'n': 101, 'shap_error': 0.018773831469165937, 'shap_norm_sq': 64529.68913311736}
{'sample_size': 1010, 'difference': 0, 'noise': 0.05, 'n': 101, 'shap_error': 0.02079027838030304, 'shap_norm_sq': 64529.68913311736}
{'sample_size': 1010, 'difference': 0, 'noise': 0.1, 'n': 101, 'shap_error': 0.016220516398590575, 'shap_norm_sq': 64529.68913311736}
{'sample_size': 1010, 'difference': 0, 'noise': 0.5, 'n': 101, 'shap_error': 0.015060192273508003, 'shap_norm_sq': 64529.68913311736}
{'sample_size': 1010, 'difference': 0, 'noise': 1, 'n': 101, 'shap_error': 0.01889748190402349, 'shap_norm_sq': 64529.68913311736}
{'sample_size': 1010, 'difference': 0, 'noise': 0.0005, 'n': 101, 'shap_error': 0.03041323360899498, 'shap_norm_sq': 37054.59474406034}
{'sample_size': 1010, 'difference': 0, 'noise': 0.001, 'n': 101, 'shap_error': 0.029968674031802995, 'shap_norm_sq': 37054.59474406034}
{'sample_size': 1010, 'difference': 0, 'noise': 0.005, 'n': 101, 'shap_error': 0.026535299394489266, 'shap_norm_sq': 37054.59474406034}
{'sample_size': 1010, 'difference': 0, 'noise': 0.01, 'n': 101, 'shap_error': 0.03215019374382269, 'shap_norm_sq': 37054.59474406034}
{'sample_size': 1010, 'difference': 0, 'noise': 0.05, 'n': 101, 'shap_error': 0.02989433635457322, 'shap_norm_sq': 37054.59474406034}
{'sample_size': 1010, 'difference': 0, 'noise': 0.1, 'n': 101, 'shap_error': 0.02469648832032951, 'shap_norm_sq': 37054.59474406034}
{'sample_size': 1010, 'difference': 0, 'noise': 0.5, 'n': 101, 'shap_error': 0.036635378636119646, 'shap_norm_sq': 37054.59474406034}
{'sample_size': 1010, 'difference': 0, 'noise': 1, 'n': 101, 'shap_error': 0.04505708216034637, 'shap_norm_sq': 37054.59474406034}
{'sample_size': 1010, 'difference': 0, 'noise': 0.0005, 'n': 101, 'shap_error': 0.00525583176171225, 'shap_norm_sq': 67634.43522297681}
{'sample_size': 1010, 'difference': 0, 'noise': 0.001, 'n': 101, 'shap_error': 0.006820318299545706, 'shap_norm_sq': 67634.43522297681}
{'sample_size': 1010, 'difference': 0, 'noise': 0.005, 'n': 101, 'shap_error': 0.007158267419139679, 'shap_norm_sq': 67634.43522297681}
{'sample_size': 1010, 'difference': 0, 'noise': 0.01, 'n': 101, 'shap_error': 0.009145259288610597, 'shap_norm_sq': 67634.43522297681}
{'sample_size': 1010, 'difference': 0, 'noise': 0.05, 'n': 101, 'shap_error': 0.0067782013862505396, 'shap_norm_sq': 67634.43522297681}
{'sample_size': 1010, 'difference': 0, 'noise': 0.1, 'n': 101, 'shap_error': 0.006116808471093804, 'shap_norm_sq': 67634.43522297681}
{'sample_size': 1010, 'difference': 0, 'noise': 0.5, 'n': 101, 'shap_error': 0.0063019144531743605, 'shap_norm_sq': 67634.43522297681}
{'sample_size': 1010, 'difference': 0, 'noise': 1, 'n': 101, 'shap_error': 0.005685616978881179, 'shap_norm_sq': 67634.43522297681}
{'sample_size': 1010, 'difference': 0, 'noise': 0.0005, 'n': 101, 'shap_error': 0.01772854532409291, 'shap_norm_sq': 65693.15553171656}
{'sample_size': 1010, 'difference': 0, 'noise': 0.001, 'n': 101, 'shap_error': 0.01802902487076824, 'shap_norm_sq': 65693.15553171656}
{'sample_size': 1010, 'difference': 0, 'noise': 0.005, 'n': 101, 'shap_error': 0.018301479846549135, 'shap_norm_sq': 65693.15553171656}
{'sample_size': 1010, 'difference': 0, 'noise': 0.01, 'n': 101, 'shap_error': 0.014562312835100162, 'shap_norm_sq': 65693.15553171656}
{'sample_size': 1010, 'difference': 0, 'noise': 0.05, 'n': 101, 'shap_error': 0.019271213356066522, 'shap_norm_sq': 65693.15553171656}
{'sample_size': 1010, 'difference': 0, 'noise': 0.1, 'n': 101, 'shap_error': 0.015724398703695852, 'shap_norm_sq': 65693.15553171656}
{'sample_size': 1010, 'difference': 0, 'noise': 0.5, 'n': 101, 'shap_error': 0.02385017125455627, 'shap_norm_sq': 65693.15553171656}
{'sample_size': 1010, 'difference': 0, 'noise': 1, 'n': 101, 'shap_error': 0.018912102222072694, 'shap_norm_sq': 65693.15553171656}
{'sample_size': 1010, 'difference': 0, 'noise': 0.0005, 'n': 101, 'shap_error': 0.01604829798903368, 'shap_norm_sq': 90026.51727442787}
{'sample_size': 1010, 'difference': 0, 'noise': 0.001, 'n': 101, 'shap_error': 0.01206395008506738, 'shap_norm_sq': 90026.51727442787}
{'sample_size': 1010, 'difference': 0, 'noise': 0.005, 'n': 101, 'shap_error': 0.013880516411004098, 'shap_norm_sq': 90026.51727442787}
{'sample_size': 1010, 'difference': 0, 'noise': 0.01, 'n': 101, 'shap_error': 0.01590580442563268, 'shap_norm_sq': 90026.51727442787}
{'sample_size': 1010, 'difference': 0, 'noise': 0.05, 'n': 101, 'shap_error': 0.012842529508332342, 'shap_norm_sq': 90026.51727442787}
{'sample_size': 1010, 'difference': 0, 'noise': 0.1, 'n': 101, 'shap_error': 0.01665699472244299, 'shap_norm_sq': 90026.51727442787}
{'sample_size': 1010, 'difference': 0, 'noise': 0.5, 'n': 101, 'shap_error': 0.013635614532089948, 'shap_norm_sq': 90026.51727442787}
{'sample_size': 1010, 'difference': 0, 'noise': 1, 'n': 101, 'shap_error': 0.011816469434297252, 'shap_norm_sq': 90026.51727442787}
{'sample_size': 1010, 'difference': 0, 'noise': 0.0005, 'n': 101, 'shap_error': 0.005364446320639417, 'shap_norm_sq': 60278.702543096995}
{'sample_size': 1010, 'difference': 0, 'noise': 0.001, 'n': 101, 'shap_error': 0.004642231110146105, 'shap_norm_sq': 60278.702543096995}
{'sample_size': 1010, 'difference': 0, 'noise': 0.005, 'n': 101, 'shap_error': 0.005081146215154482, 'shap_norm_sq': 60278.702543096995}
{'sample_size': 1010, 'difference': 0, 'noise': 0.01, 'n': 101, 'shap_error': 0.006158349838962108, 'shap_norm_sq': 60278.702543096995}
{'sample_size': 1010, 'difference': 0, 'noise': 0.05, 'n': 101, 'shap_error': 0.005536320402528983, 'shap_norm_sq': 60278.702543096995}
{'sample_size': 1010, 'difference': 0, 'noise': 0.1, 'n': 101, 'shap_error': 0.0056522374294909455, 'shap_norm_sq': 60278.702543096995}
{'sample_size': 1010, 'difference': 0, 'noise': 0.5, 'n': 101, 'shap_error': 0.006184446421687102, 'shap_norm_sq': 60278.702543096995}
{'sample_size': 1010, 'difference': 0, 'noise': 1, 'n': 101, 'shap_error': 0.008310446977340045, 'shap_norm_sq': 60278.702543096995}
{'sample_size': 1010, 'difference': 0, 'noise': 0.0005, 'n': 101, 'shap_error': 0.03305250514139168, 'shap_norm_sq': 60517.72849368696}
{'sample_size': 1010, 'difference': 0, 'noise': 0.001, 'n': 101, 'shap_error': 0.028366818324934776, 'shap_norm_sq': 60517.72849368696}
{'sample_size': 1010, 'difference': 0, 'noise': 0.005, 'n': 101, 'shap_error': 0.023031669466541435, 'shap_norm_sq': 60517.72849368696}
{'sample_size': 1010, 'difference': 0, 'noise': 0.01, 'n': 101, 'shap_error': 0.02842354479718853, 'shap_norm_sq': 60517.72849368696}
{'sample_size': 1010, 'difference': 0, 'noise': 0.05, 'n': 101, 'shap_error': 0.03299755644958893, 'shap_norm_sq': 60517.72849368696}
{'sample_size': 1010, 'difference': 0, 'noise': 0.1, 'n': 101, 'shap_error': 0.031243155502565918, 'shap_norm_sq': 60517.72849368696}
{'sample_size': 1010, 'difference': 0, 'noise': 0.5, 'n': 101, 'shap_error': 0.03158131747419934, 'shap_norm_sq': 60517.72849368696}
{'sample_size': 1010, 'difference': 0, 'noise': 1, 'n': 101, 'shap_error': 0.027941645573339738, 'shap_norm_sq': 60517.72849368696}
{'sample_size': 1010, 'difference': 0, 'noise': 0.0005, 'n': 101, 'shap_error': 9.197988391512453e-05, 'shap_norm_sq': 10837.687552913987}
{'sample_size': 1010, 'difference': 0, 'noise': 0.001, 'n': 101, 'shap_error': 0.00010389486056575911, 'shap_norm_sq': 10837.687552913987}
{'sample_size': 1010, 'difference': 0, 'noise': 0.005, 'n': 101, 'shap_error': 0.0001089895333249752, 'shap_norm_sq': 10837.687552913987}
{'sample_size': 1010, 'difference': 0, 'noise': 0.01, 'n': 101, 'shap_error': 0.00011325628853925743, 'shap_norm_sq': 10837.687552913987}
{'sample_size': 1010, 'difference': 0, 'noise': 0.05, 'n': 101, 'shap_error': 0.0001378573881567952, 'shap_norm_sq': 10837.687552913987}
{'sample_size': 1010, 'difference': 0, 'noise': 0.1, 'n': 101, 'shap_error': 0.0001591568753472689, 'shap_norm_sq': 10837.687552913987}
{'sample_size': 1010, 'difference': 0, 'noise': 0.5, 'n': 101, 'shap_error': 0.0001527603596885937, 'shap_norm_sq': 10837.687552913987}
{'sample_size': 1010, 'difference': 0, 'noise': 1, 'n': 101, 'shap_error': 0.0002635435086339154, 'shap_norm_sq': 10837.687552913987}
{'sample_size': 1010, 'difference': 0, 'noise': 0.0005, 'n': 101, 'shap_error': 0.02013709949016363, 'shap_norm_sq': 59094.93972924952}
{'sample_size': 1010, 'difference': 0, 'noise': 0.001, 'n': 101, 'shap_error': 0.020608597684189142, 'shap_norm_sq': 59094.93972924952}
{'sample_size': 1010, 'difference': 0, 'noise': 0.005, 'n': 101, 'shap_error': 0.015722378837431605, 'shap_norm_sq': 59094.93972924952}
{'sample_size': 1010, 'difference': 0, 'noise': 0.01, 'n': 101, 'shap_error': 0.02030686763981698, 'shap_norm_sq': 59094.93972924952}
{'sample_size': 1010, 'difference': 0, 'noise': 0.05, 'n': 101, 'shap_error': 0.016257317437424725, 'shap_norm_sq': 59094.93972924952}
{'sample_size': 1010, 'difference': 0, 'noise': 0.1, 'n': 101, 'shap_error': 0.02315306987535417, 'shap_norm_sq': 59094.93972924952}
{'sample_size': 1010, 'difference': 0, 'noise': 0.5, 'n': 101, 'shap_error': 0.020786542896203204, 'shap_norm_sq': 59094.93972924952}
{'sample_size': 1010, 'difference': 0, 'noise': 1, 'n': 101, 'shap_error': 0.01986085834654689, 'shap_norm_sq': 59094.93972924952}
{'sample_size': 1010, 'difference': 0, 'noise': 0.0005, 'n': 101, 'shap_error': 0.0077077614238830775, 'shap_norm_sq': 81644.161193724}
{'sample_size': 1010, 'difference': 0, 'noise': 0.001, 'n': 101, 'shap_error': 0.009524907454402484, 'shap_norm_sq': 81644.161193724}
{'sample_size': 1010, 'difference': 0, 'noise': 0.005, 'n': 101, 'shap_error': 0.006150208063874607, 'shap_norm_sq': 81644.161193724}
{'sample_size': 1010, 'difference': 0, 'noise': 0.01, 'n': 101, 'shap_error': 0.007879103035577126, 'shap_norm_sq': 81644.161193724}
{'sample_size': 1010, 'difference': 0, 'noise': 0.05, 'n': 101, 'shap_error': 0.006349530712309161, 'shap_norm_sq': 81644.161193724}
{'sample_size': 1010, 'difference': 0, 'noise': 0.1, 'n': 101, 'shap_error': 0.007004118442532498, 'shap_norm_sq': 81644.161193724}
{'sample_size': 1010, 'difference': 0, 'noise': 0.5, 'n': 101, 'shap_error': 0.006944616138419216, 'shap_norm_sq': 81644.161193724}
{'sample_size': 1010, 'difference': 0, 'noise': 1, 'n': 101, 'shap_error': 0.00718264719158321, 'shap_norm_sq': 81644.161193724}
{'sample_size': 1010, 'difference': 0, 'noise': 0.0005, 'n': 101, 'shap_error': 0.027119978876316547, 'shap_norm_sq': 50053.765987219485}
{'sample_size': 1010, 'difference': 0, 'noise': 0.001, 'n': 101, 'shap_error': 0.02398742363791987, 'shap_norm_sq': 50053.765987219485}
{'sample_size': 1010, 'difference': 0, 'noise': 0.005, 'n': 101, 'shap_error': 0.026001271495914604, 'shap_norm_sq': 50053.765987219485}
{'sample_size': 1010, 'difference': 0, 'noise': 0.01, 'n': 101, 'shap_error': 0.031076598866218146, 'shap_norm_sq': 50053.765987219485}
{'sample_size': 1010, 'difference': 0, 'noise': 0.05, 'n': 101, 'shap_error': 0.043526987378193695, 'shap_norm_sq': 50053.765987219485}
{'sample_size': 1010, 'difference': 0, 'noise': 0.1, 'n': 101, 'shap_error': 0.03357497550885356, 'shap_norm_sq': 50053.765987219485}
{'sample_size': 1010, 'difference': 0, 'noise': 0.5, 'n': 101, 'shap_error': 0.032859564345763405, 'shap_norm_sq': 50053.765987219485}
{'sample_size': 1010, 'difference': 0, 'noise': 1, 'n': 101, 'shap_error': 0.02605096506447465, 'shap_norm_sq': 50053.765987219485}
{'sample_size': 1010, 'difference': 0, 'noise': 0.0005, 'n': 101, 'shap_error': 0.01332189055431029, 'shap_norm_sq': 402205.52813783445}
{'sample_size': 1010, 'difference': 0, 'noise': 0.001, 'n': 101, 'shap_error': 0.009842132660656854, 'shap_norm_sq': 402205.52813783445}
{'sample_size': 1010, 'difference': 0, 'noise': 0.005, 'n': 101, 'shap_error': 0.01108087342378812, 'shap_norm_sq': 402205.52813783445}
{'sample_size': 1010, 'difference': 0, 'noise': 0.01, 'n': 101, 'shap_error': 0.009696090142013085, 'shap_norm_sq': 402205.52813783445}
{'sample_size': 1010, 'difference': 0, 'noise': 0.05, 'n': 101, 'shap_error': 0.009964757136088449, 'shap_norm_sq': 402205.52813783445}
{'sample_size': 1010, 'difference': 0, 'noise': 0.1, 'n': 101, 'shap_error': 0.015099176236772689, 'shap_norm_sq': 402205.52813783445}
{'sample_size': 1010, 'difference': 0, 'noise': 0.5, 'n': 101, 'shap_error': 0.014360470317794721, 'shap_norm_sq': 402205.52813783445}
{'sample_size': 1010, 'difference': 0, 'noise': 1, 'n': 101, 'shap_error': 0.011400161897741332, 'shap_norm_sq': 402205.52813783445}
{'sample_size': 1010, 'difference': 0, 'noise': 0.0005, 'n': 101, 'shap_error': 0.007142546320829566, 'shap_norm_sq': 59051.703621773784}
{'sample_size': 1010, 'difference': 0, 'noise': 0.001, 'n': 101, 'shap_error': 0.005631404802803366, 'shap_norm_sq': 59051.703621773784}
{'sample_size': 1010, 'difference': 0, 'noise': 0.005, 'n': 101, 'shap_error': 0.007530393814129147, 'shap_norm_sq': 59051.703621773784}
{'sample_size': 1010, 'difference': 0, 'noise': 0.01, 'n': 101, 'shap_error': 0.00660744926854854, 'shap_norm_sq': 59051.703621773784}
{'sample_size': 1010, 'difference': 0, 'noise': 0.05, 'n': 101, 'shap_error': 0.005538239917637762, 'shap_norm_sq': 59051.703621773784}
{'sample_size': 1010, 'difference': 0, 'noise': 0.1, 'n': 101, 'shap_error': 0.005693305943049494, 'shap_norm_sq': 59051.703621773784}
{'sample_size': 1010, 'difference': 0, 'noise': 0.5, 'n': 101, 'shap_error': 0.0064535284581671805, 'shap_norm_sq': 59051.703621773784}
{'sample_size': 1010, 'difference': 0, 'noise': 1, 'n': 101, 'shap_error': 0.007308199967755167, 'shap_norm_sq': 59051.703621773784}
{'sample_size': 1010, 'difference': 0, 'noise': 0.0005, 'n': 101, 'shap_error': 0.006547880145311984, 'shap_norm_sq': 45343.17351124053}
{'sample_size': 1010, 'difference': 0, 'noise': 0.001, 'n': 101, 'shap_error': 0.0074390934790468915, 'shap_norm_sq': 45343.17351124053}
{'sample_size': 1010, 'difference': 0, 'noise': 0.005, 'n': 101, 'shap_error': 0.006228385126585058, 'shap_norm_sq': 45343.17351124053}
{'sample_size': 1010, 'difference': 0, 'noise': 0.01, 'n': 101, 'shap_error': 0.006271201232906045, 'shap_norm_sq': 45343.17351124053}
{'sample_size': 1010, 'difference': 0, 'noise': 0.05, 'n': 101, 'shap_error': 0.0071019087989531585, 'shap_norm_sq': 45343.17351124053}
{'sample_size': 1010, 'difference': 0, 'noise': 0.1, 'n': 101, 'shap_error': 0.009151688127328804, 'shap_norm_sq': 45343.17351124053}
{'sample_size': 1010, 'difference': 0, 'noise': 0.5, 'n': 101, 'shap_error': 0.007019349141839958, 'shap_norm_sq': 45343.17351124053}
{'sample_size': 1010, 'difference': 0, 'noise': 1, 'n': 101, 'shap_error': 0.007510072603109611, 'shap_norm_sq': 45343.17351124053}
{'sample_size': 1010, 'difference': 0, 'noise': 0.0005, 'n': 101, 'shap_error': 0.025062309349720178, 'shap_norm_sq': 69286.48627175041}
{'sample_size': 1010, 'difference': 0, 'noise': 0.001, 'n': 101, 'shap_error': 0.022377540518766052, 'shap_norm_sq': 69286.48627175041}
{'sample_size': 1010, 'difference': 0, 'noise': 0.005, 'n': 101, 'shap_error': 0.01991259220059821, 'shap_norm_sq': 69286.48627175041}
{'sample_size': 1010, 'difference': 0, 'noise': 0.01, 'n': 101, 'shap_error': 0.018354073094260768, 'shap_norm_sq': 69286.48627175041}
{'sample_size': 1010, 'difference': 0, 'noise': 0.05, 'n': 101, 'shap_error': 0.01787563866884873, 'shap_norm_sq': 69286.48627175041}
{'sample_size': 1010, 'difference': 0, 'noise': 0.1, 'n': 101, 'shap_error': 0.016586840505445635, 'shap_norm_sq': 69286.48627175041}
{'sample_size': 1010, 'difference': 0, 'noise': 0.5, 'n': 101, 'shap_error': 0.025165204125838815, 'shap_norm_sq': 69286.48627175041}
{'sample_size': 1010, 'difference': 0, 'noise': 1, 'n': 101, 'shap_error': 0.018412913892540045, 'shap_norm_sq': 69286.48627175041}
{'sample_size': 1010, 'difference': 0, 'noise': 0.0005, 'n': 101, 'shap_error': 0.0014826659513690584, 'shap_norm_sq': 64740.40159642255}
{'sample_size': 1010, 'difference': 0, 'noise': 0.001, 'n': 101, 'shap_error': 0.0016181616818768238, 'shap_norm_sq': 64740.40159642255}
{'sample_size': 1010, 'difference': 0, 'noise': 0.005, 'n': 101, 'shap_error': 0.0017048739639679259, 'shap_norm_sq': 64740.40159642255}
{'sample_size': 1010, 'difference': 0, 'noise': 0.01, 'n': 101, 'shap_error': 0.0014381792076185033, 'shap_norm_sq': 64740.40159642255}
{'sample_size': 1010, 'difference': 0, 'noise': 0.05, 'n': 101, 'shap_error': 0.0018237547563987814, 'shap_norm_sq': 64740.40159642255}
{'sample_size': 1010, 'difference': 0, 'noise': 0.1, 'n': 101, 'shap_error': 0.0015671746636693505, 'shap_norm_sq': 64740.40159642255}
{'sample_size': 1010, 'difference': 0, 'noise': 0.5, 'n': 101, 'shap_error': 0.0015329822362673024, 'shap_norm_sq': 64740.40159642255}
{'sample_size': 1010, 'difference': 0, 'noise': 1, 'n': 101, 'shap_error': 0.0013838385877401735, 'shap_norm_sq': 64740.40159642255}
{'sample_size': 1010, 'difference': 0, 'noise': 0.0005, 'n': 101, 'shap_error': 0.008477229996775991, 'shap_norm_sq': 78281.04079348833}
{'sample_size': 1010, 'difference': 0, 'noise': 0.001, 'n': 101, 'shap_error': 0.007229483633440565, 'shap_norm_sq': 78281.04079348833}
{'sample_size': 1010, 'difference': 0, 'noise': 0.005, 'n': 101, 'shap_error': 0.008902000831338077, 'shap_norm_sq': 78281.04079348833}
{'sample_size': 1010, 'difference': 0, 'noise': 0.01, 'n': 101, 'shap_error': 0.009202468041317129, 'shap_norm_sq': 78281.04079348833}
{'sample_size': 1010, 'difference': 0, 'noise': 0.05, 'n': 101, 'shap_error': 0.010008350702998174, 'shap_norm_sq': 78281.04079348833}
{'sample_size': 1010, 'difference': 0, 'noise': 0.1, 'n': 101, 'shap_error': 0.007895077865252795, 'shap_norm_sq': 78281.04079348833}
{'sample_size': 1010, 'difference': 0, 'noise': 0.5, 'n': 101, 'shap_error': 0.011731816387353771, 'shap_norm_sq': 78281.04079348833}
{'sample_size': 1010, 'difference': 0, 'noise': 1, 'n': 101, 'shap_error': 0.009291036199847408, 'shap_norm_sq': 78281.04079348833}
{'sample_size': 1010, 'difference': 0, 'noise': 0.0005, 'n': 101, 'shap_error': 0.010403353431862113, 'shap_norm_sq': 80933.95894743361}
{'sample_size': 1010, 'difference': 0, 'noise': 0.001, 'n': 101, 'shap_error': 0.010242732792178804, 'shap_norm_sq': 80933.95894743361}
{'sample_size': 1010, 'difference': 0, 'noise': 0.005, 'n': 101, 'shap_error': 0.009117970653137198, 'shap_norm_sq': 80933.95894743361}
{'sample_size': 1010, 'difference': 0, 'noise': 0.01, 'n': 101, 'shap_error': 0.010846488125726604, 'shap_norm_sq': 80933.95894743361}
{'sample_size': 1010, 'difference': 0, 'noise': 0.05, 'n': 101, 'shap_error': 0.010665219229302874, 'shap_norm_sq': 80933.95894743361}
{'sample_size': 1010, 'difference': 0, 'noise': 0.1, 'n': 101, 'shap_error': 0.008253979054139172, 'shap_norm_sq': 80933.95894743361}
{'sample_size': 1010, 'difference': 0, 'noise': 0.5, 'n': 101, 'shap_error': 0.007783080633606068, 'shap_norm_sq': 80933.95894743361}
{'sample_size': 1010, 'difference': 0, 'noise': 1, 'n': 101, 'shap_error': 0.010068293214820322, 'shap_norm_sq': 80933.95894743361}
{'sample_size': 1010, 'difference': 0, 'noise': 0.0005, 'n': 101, 'shap_error': 0.004434058736121968, 'shap_norm_sq': 194115.54527974554}
{'sample_size': 1010, 'difference': 0, 'noise': 0.001, 'n': 101, 'shap_error': 0.004096032732106859, 'shap_norm_sq': 194115.54527974554}
{'sample_size': 1010, 'difference': 0, 'noise': 0.005, 'n': 101, 'shap_error': 0.004320563968075022, 'shap_norm_sq': 194115.54527974554}
{'sample_size': 1010, 'difference': 0, 'noise': 0.01, 'n': 101, 'shap_error': 0.004787421357672631, 'shap_norm_sq': 194115.54527974554}
{'sample_size': 1010, 'difference': 0, 'noise': 0.05, 'n': 101, 'shap_error': 0.0049291987132219425, 'shap_norm_sq': 194115.54527974554}
{'sample_size': 1010, 'difference': 0, 'noise': 0.1, 'n': 101, 'shap_error': 0.004876619647037879, 'shap_norm_sq': 194115.54527974554}
{'sample_size': 1010, 'difference': 0, 'noise': 0.5, 'n': 101, 'shap_error': 0.004364243891605243, 'shap_norm_sq': 194115.54527974554}
{'sample_size': 1010, 'difference': 0, 'noise': 1, 'n': 101, 'shap_error': 0.004971763153540413, 'shap_norm_sq': 194115.54527974554}
{'sample_size': 1010, 'difference': 0, 'noise': 0.0005, 'n': 101, 'shap_error': 0.0046517393276949235, 'shap_norm_sq': 53079.06010629076}
{'sample_size': 1010, 'difference': 0, 'noise': 0.001, 'n': 101, 'shap_error': 0.0052807088590973725, 'shap_norm_sq': 53079.06010629076}
{'sample_size': 1010, 'difference': 0, 'noise': 0.005, 'n': 101, 'shap_error': 0.005105726165411053, 'shap_norm_sq': 53079.06010629076}
{'sample_size': 1010, 'difference': 0, 'noise': 0.01, 'n': 101, 'shap_error': 0.005890974321816476, 'shap_norm_sq': 53079.06010629076}
{'sample_size': 1010, 'difference': 0, 'noise': 0.05, 'n': 101, 'shap_error': 0.004282049064141895, 'shap_norm_sq': 53079.06010629076}
{'sample_size': 1010, 'difference': 0, 'noise': 0.1, 'n': 101, 'shap_error': 0.005929286627201028, 'shap_norm_sq': 53079.06010629076}
{'sample_size': 1010, 'difference': 0, 'noise': 0.5, 'n': 101, 'shap_error': 0.005703563702472596, 'shap_norm_sq': 53079.06010629076}
{'sample_size': 1010, 'difference': 0, 'noise': 1, 'n': 101, 'shap_error': 0.0047897647452277165, 'shap_norm_sq': 53079.06010629076}
{'sample_size': 1010, 'difference': 0, 'noise': 0.0005, 'n': 101, 'shap_error': 0.014783370165228018, 'shap_norm_sq': 64529.68913311736}
{'sample_size': 1010, 'difference': 0, 'noise': 0.001, 'n': 101, 'shap_error': 0.015913909244992173, 'shap_norm_sq': 64529.68913311736}
{'sample_size': 1010, 'difference': 0, 'noise': 0.005, 'n': 101, 'shap_error': 0.016286824111382017, 'shap_norm_sq': 64529.68913311736}
{'sample_size': 1010, 'difference': 0, 'noise': 0.01, 'n': 101, 'shap_error': 0.011709855230966681, 'shap_norm_sq': 64529.68913311736}
{'sample_size': 1010, 'difference': 0, 'noise': 0.05, 'n': 101, 'shap_error': 0.01432149482823632, 'shap_norm_sq': 64529.68913311736}
{'sample_size': 1010, 'difference': 0, 'noise': 0.1, 'n': 101, 'shap_error': 0.013604106225572855, 'shap_norm_sq': 64529.68913311736}
{'sample_size': 1010, 'difference': 0, 'noise': 0.5, 'n': 101, 'shap_error': 0.01888560119993159, 'shap_norm_sq': 64529.68913311736}
{'sample_size': 1010, 'difference': 0, 'noise': 1, 'n': 101, 'shap_error': 0.012236143114645964, 'shap_norm_sq': 64529.68913311736}
{'sample_size': 1010, 'difference': 0, 'noise': 0.0005, 'n': 101, 'shap_error': 0.014128704764256022, 'shap_norm_sq': 95208.64754927717}
{'sample_size': 1010, 'difference': 0, 'noise': 0.001, 'n': 101, 'shap_error': 0.011897450097325419, 'shap_norm_sq': 95208.64754927717}
{'sample_size': 1010, 'difference': 0, 'noise': 0.005, 'n': 101, 'shap_error': 0.01781983046479304, 'shap_norm_sq': 95208.64754927717}
{'sample_size': 1010, 'difference': 0, 'noise': 0.01, 'n': 101, 'shap_error': 0.012191497863406781, 'shap_norm_sq': 95208.64754927717}
{'sample_size': 1010, 'difference': 0, 'noise': 0.05, 'n': 101, 'shap_error': 0.012176924991894307, 'shap_norm_sq': 95208.64754927717}
{'sample_size': 1010, 'difference': 0, 'noise': 0.1, 'n': 101, 'shap_error': 0.016195638411085466, 'shap_norm_sq': 95208.64754927717}
{'sample_size': 1010, 'difference': 0, 'noise': 0.5, 'n': 101, 'shap_error': 0.01737222189846725, 'shap_norm_sq': 95208.64754927717}
{'sample_size': 1010, 'difference': 0, 'noise': 1, 'n': 101, 'shap_error': 0.016862263294917502, 'shap_norm_sq': 95208.64754927717}
{'sample_size': 1010, 'difference': 0, 'noise': 0.0005, 'n': 101, 'shap_error': 0.008441063556910797, 'shap_norm_sq': 49611.86676062929}
{'sample_size': 1010, 'difference': 0, 'noise': 0.001, 'n': 101, 'shap_error': 0.0068988461369297776, 'shap_norm_sq': 49611.86676062929}
{'sample_size': 1010, 'difference': 0, 'noise': 0.005, 'n': 101, 'shap_error': 0.008926206168603668, 'shap_norm_sq': 49611.86676062929}
{'sample_size': 1010, 'difference': 0, 'noise': 0.01, 'n': 101, 'shap_error': 0.007110053800703545, 'shap_norm_sq': 49611.86676062929}
{'sample_size': 1010, 'difference': 0, 'noise': 0.05, 'n': 101, 'shap_error': 0.008250844386104286, 'shap_norm_sq': 49611.86676062929}
{'sample_size': 1010, 'difference': 0, 'noise': 0.1, 'n': 101, 'shap_error': 0.009292544183876589, 'shap_norm_sq': 49611.86676062929}
{'sample_size': 1010, 'difference': 0, 'noise': 0.5, 'n': 101, 'shap_error': 0.011022411344673964, 'shap_norm_sq': 49611.86676062929}
{'sample_size': 1010, 'difference': 0, 'noise': 1, 'n': 101, 'shap_error': 0.009407634491998731, 'shap_norm_sq': 49611.86676062929}
{'sample_size': 1010, 'difference': 0, 'noise': 0.0005, 'n': 101, 'shap_error': 0.006314794890132208, 'shap_norm_sq': 54630.12408325359}
{'sample_size': 1010, 'difference': 0, 'noise': 0.001, 'n': 101, 'shap_error': 0.006009919957606965, 'shap_norm_sq': 54630.12408325359}
{'sample_size': 1010, 'difference': 0, 'noise': 0.005, 'n': 101, 'shap_error': 0.005101010792807646, 'shap_norm_sq': 54630.12408325359}
{'sample_size': 1010, 'difference': 0, 'noise': 0.01, 'n': 101, 'shap_error': 0.004717214826139961, 'shap_norm_sq': 54630.12408325359}
{'sample_size': 1010, 'difference': 0, 'noise': 0.05, 'n': 101, 'shap_error': 0.004921028328264086, 'shap_norm_sq': 54630.12408325359}
{'sample_size': 1010, 'difference': 0, 'noise': 0.1, 'n': 101, 'shap_error': 0.006309800543198488, 'shap_norm_sq': 54630.12408325359}
{'sample_size': 1010, 'difference': 0, 'noise': 0.5, 'n': 101, 'shap_error': 0.006053940052135509, 'shap_norm_sq': 54630.12408325359}
{'sample_size': 1010, 'difference': 0, 'noise': 1, 'n': 101, 'shap_error': 0.004300672465763484, 'shap_norm_sq': 54630.12408325359}
{'sample_size': 1010, 'difference': 0, 'noise': 0.0005, 'n': 101, 'shap_error': 0.00792222797285691, 'shap_norm_sq': 36586.72494949802}
{'sample_size': 1010, 'difference': 0, 'noise': 0.001, 'n': 101, 'shap_error': 0.005727592353671798, 'shap_norm_sq': 36586.72494949802}
{'sample_size': 1010, 'difference': 0, 'noise': 0.005, 'n': 101, 'shap_error': 0.008028716652334341, 'shap_norm_sq': 36586.72494949802}
{'sample_size': 1010, 'difference': 0, 'noise': 0.01, 'n': 101, 'shap_error': 0.0056330694042339285, 'shap_norm_sq': 36586.72494949802}
{'sample_size': 1010, 'difference': 0, 'noise': 0.05, 'n': 101, 'shap_error': 0.008060544170585375, 'shap_norm_sq': 36586.72494949802}
{'sample_size': 1010, 'difference': 0, 'noise': 0.1, 'n': 101, 'shap_error': 0.008769701345106446, 'shap_norm_sq': 36586.72494949802}
{'sample_size': 1010, 'difference': 0, 'noise': 0.5, 'n': 101, 'shap_error': 0.008848783615301111, 'shap_norm_sq': 36586.72494949802}
{'sample_size': 1010, 'difference': 0, 'noise': 1, 'n': 101, 'shap_error': 0.007334849875602593, 'shap_norm_sq': 36586.72494949802}
{'sample_size': 1010, 'difference': 0, 'noise': 0.0005, 'n': 101, 'shap_error': 0.014996171307184501, 'shap_norm_sq': 95922.30425254253}
{'sample_size': 1010, 'difference': 0, 'noise': 0.001, 'n': 101, 'shap_error': 0.013063499953508605, 'shap_norm_sq': 95922.30425254253}
{'sample_size': 1010, 'difference': 0, 'noise': 0.005, 'n': 101, 'shap_error': 0.01628827744501138, 'shap_norm_sq': 95922.30425254253}
{'sample_size': 1010, 'difference': 0, 'noise': 0.01, 'n': 101, 'shap_error': 0.012265428150536392, 'shap_norm_sq': 95922.30425254253}
{'sample_size': 1010, 'difference': 0, 'noise': 0.05, 'n': 101, 'shap_error': 0.013052779186343413, 'shap_norm_sq': 95922.30425254253}
{'sample_size': 1010, 'difference': 0, 'noise': 0.1, 'n': 101, 'shap_error': 0.014365293020057741, 'shap_norm_sq': 95922.30425254253}
{'sample_size': 1010, 'difference': 0, 'noise': 0.5, 'n': 101, 'shap_error': 0.008067469677688883, 'shap_norm_sq': 95922.30425254253}
{'sample_size': 1010, 'difference': 0, 'noise': 1, 'n': 101, 'shap_error': 0.014174279075834127, 'shap_norm_sq': 95922.30425254253}
{'sample_size': 1010, 'difference': 0, 'noise': 0.0005, 'n': 101, 'shap_error': 0.009290121034211824, 'shap_norm_sq': 66146.79000065055}
{'sample_size': 1010, 'difference': 0, 'noise': 0.001, 'n': 101, 'shap_error': 0.011437013703922637, 'shap_norm_sq': 66146.79000065055}
{'sample_size': 1010, 'difference': 0, 'noise': 0.005, 'n': 101, 'shap_error': 0.013865898286057722, 'shap_norm_sq': 66146.79000065055}
{'sample_size': 1010, 'difference': 0, 'noise': 0.01, 'n': 101, 'shap_error': 0.010081246423773617, 'shap_norm_sq': 66146.79000065055}
{'sample_size': 1010, 'difference': 0, 'noise': 0.05, 'n': 101, 'shap_error': 0.009310751140767355, 'shap_norm_sq': 66146.79000065055}
{'sample_size': 1010, 'difference': 0, 'noise': 0.1, 'n': 101, 'shap_error': 0.008672203781824771, 'shap_norm_sq': 66146.79000065055}
{'sample_size': 1010, 'difference': 0, 'noise': 0.5, 'n': 101, 'shap_error': 0.010004154586267784, 'shap_norm_sq': 66146.79000065055}
{'sample_size': 1010, 'difference': 0, 'noise': 1, 'n': 101, 'shap_error': 0.011251913543894522, 'shap_norm_sq': 66146.79000065055}
{'sample_size': 1010, 'difference': 0, 'noise': 0.0005, 'n': 101, 'shap_error': 0.00479353083843709, 'shap_norm_sq': 36099.76370580298}
{'sample_size': 1010, 'difference': 0, 'noise': 0.001, 'n': 101, 'shap_error': 0.003955455261654584, 'shap_norm_sq': 36099.76370580298}
{'sample_size': 1010, 'difference': 0, 'noise': 0.005, 'n': 101, 'shap_error': 0.005427433476967867, 'shap_norm_sq': 36099.76370580298}
{'sample_size': 1010, 'difference': 0, 'noise': 0.01, 'n': 101, 'shap_error': 0.003859807893338779, 'shap_norm_sq': 36099.76370580298}
{'sample_size': 1010, 'difference': 0, 'noise': 0.05, 'n': 101, 'shap_error': 0.004354841638816601, 'shap_norm_sq': 36099.76370580298}
{'sample_size': 1010, 'difference': 0, 'noise': 0.1, 'n': 101, 'shap_error': 0.0037592030465647057, 'shap_norm_sq': 36099.76370580298}
{'sample_size': 1010, 'difference': 0, 'noise': 0.5, 'n': 101, 'shap_error': 0.00563802393869522, 'shap_norm_sq': 36099.76370580298}
{'sample_size': 1010, 'difference': 0, 'noise': 1, 'n': 101, 'shap_error': 0.005584702053203317, 'shap_norm_sq': 36099.76370580298}
{'sample_size': 1010, 'difference': 0, 'noise': 0.0005, 'n': 101, 'shap_error': 0.02170460625213233, 'shap_norm_sq': 115202.0167338266}
{'sample_size': 1010, 'difference': 0, 'noise': 0.001, 'n': 101, 'shap_error': 0.012503525572147907, 'shap_norm_sq': 115202.0167338266}
{'sample_size': 1010, 'difference': 0, 'noise': 0.005, 'n': 101, 'shap_error': 0.01590912955479974, 'shap_norm_sq': 115202.0167338266}
{'sample_size': 1010, 'difference': 0, 'noise': 0.01, 'n': 101, 'shap_error': 0.015460854307874274, 'shap_norm_sq': 115202.0167338266}
{'sample_size': 1010, 'difference': 0, 'noise': 0.05, 'n': 101, 'shap_error': 0.014991954597460944, 'shap_norm_sq': 115202.0167338266}
{'sample_size': 1010, 'difference': 0, 'noise': 0.1, 'n': 101, 'shap_error': 0.015541092414049, 'shap_norm_sq': 115202.0167338266}
{'sample_size': 1010, 'difference': 0, 'noise': 0.5, 'n': 101, 'shap_error': 0.01367693166215702, 'shap_norm_sq': 115202.0167338266}
{'sample_size': 1010, 'difference': 0, 'noise': 1, 'n': 101, 'shap_error': 0.016726871632706516, 'shap_norm_sq': 115202.0167338266}
{'sample_size': 1010, 'difference': 0, 'noise': 0.0005, 'n': 101, 'shap_error': 0.026830039100095827, 'shap_norm_sq': 45790.27580792465}
{'sample_size': 1010, 'difference': 0, 'noise': 0.001, 'n': 101, 'shap_error': 0.03592549452899471, 'shap_norm_sq': 45790.27580792465}
{'sample_size': 1010, 'difference': 0, 'noise': 0.005, 'n': 101, 'shap_error': 0.033747113480669076, 'shap_norm_sq': 45790.27580792465}
{'sample_size': 1010, 'difference': 0, 'noise': 0.01, 'n': 101, 'shap_error': 0.03774425481942499, 'shap_norm_sq': 45790.27580792465}
{'sample_size': 1010, 'difference': 0, 'noise': 0.05, 'n': 101, 'shap_error': 0.040592518718215675, 'shap_norm_sq': 45790.27580792465}
{'sample_size': 1010, 'difference': 0, 'noise': 0.1, 'n': 101, 'shap_error': 0.0408787371135286, 'shap_norm_sq': 45790.27580792465}
{'sample_size': 1010, 'difference': 0, 'noise': 0.5, 'n': 101, 'shap_error': 0.043741264255763364, 'shap_norm_sq': 45790.27580792465}
{'sample_size': 1010, 'difference': 0, 'noise': 1, 'n': 101, 'shap_error': 0.04211175291409069, 'shap_norm_sq': 45790.27580792465}
{'sample_size': 1010, 'difference': 0, 'noise': 0.0005, 'n': 101, 'shap_error': 0.0020311581908643074, 'shap_norm_sq': 132753.67474576674}
{'sample_size': 1010, 'difference': 0, 'noise': 0.001, 'n': 101, 'shap_error': 0.0015024212600462865, 'shap_norm_sq': 132753.67474576674}
{'sample_size': 1010, 'difference': 0, 'noise': 0.005, 'n': 101, 'shap_error': 0.0017495180703266066, 'shap_norm_sq': 132753.67474576674}
{'sample_size': 1010, 'difference': 0, 'noise': 0.01, 'n': 101, 'shap_error': 0.0018621227874804933, 'shap_norm_sq': 132753.67474576674}
{'sample_size': 1010, 'difference': 0, 'noise': 0.05, 'n': 101, 'shap_error': 0.0013429166440372042, 'shap_norm_sq': 132753.67474576674}
{'sample_size': 1010, 'difference': 0, 'noise': 0.1, 'n': 101, 'shap_error': 0.0014626530019383164, 'shap_norm_sq': 132753.67474576674}
{'sample_size': 1010, 'difference': 0, 'noise': 0.5, 'n': 101, 'shap_error': 0.0016040486731059129, 'shap_norm_sq': 132753.67474576674}
{'sample_size': 1010, 'difference': 0, 'noise': 1, 'n': 101, 'shap_error': 0.0017568809691790527, 'shap_norm_sq': 132753.67474576674}
{'sample_size': 1010, 'difference': 0, 'noise': 0.0005, 'n': 101, 'shap_error': 0.002629108258835704, 'shap_norm_sq': 84682.562817112}
{'sample_size': 1010, 'difference': 0, 'noise': 0.001, 'n': 101, 'shap_error': 0.0025116194350653116, 'shap_norm_sq': 84682.562817112}
{'sample_size': 1010, 'difference': 0, 'noise': 0.005, 'n': 101, 'shap_error': 0.0030407949765978936, 'shap_norm_sq': 84682.562817112}
{'sample_size': 1010, 'difference': 0, 'noise': 0.01, 'n': 101, 'shap_error': 0.002266459156948951, 'shap_norm_sq': 84682.562817112}
{'sample_size': 1010, 'difference': 0, 'noise': 0.05, 'n': 101, 'shap_error': 0.0020590969706127463, 'shap_norm_sq': 84682.562817112}
{'sample_size': 1010, 'difference': 0, 'noise': 0.1, 'n': 101, 'shap_error': 0.002402950472573785, 'shap_norm_sq': 84682.562817112}
{'sample_size': 1010, 'difference': 0, 'noise': 0.5, 'n': 101, 'shap_error': 0.002498689636416955, 'shap_norm_sq': 84682.562817112}
{'sample_size': 1010, 'difference': 0, 'noise': 1, 'n': 101, 'shap_error': 0.002726612973931779, 'shap_norm_sq': 84682.562817112}
{'sample_size': 1010, 'difference': 0, 'noise': 0.0005, 'n': 101, 'shap_error': 0.0195148433267768, 'shap_norm_sq': 91042.72190449374}
{'sample_size': 1010, 'difference': 0, 'noise': 0.001, 'n': 101, 'shap_error': 0.02307069333533105, 'shap_norm_sq': 91042.72190449374}
{'sample_size': 1010, 'difference': 0, 'noise': 0.005, 'n': 101, 'shap_error': 0.017860572904212193, 'shap_norm_sq': 91042.72190449374}
{'sample_size': 1010, 'difference': 0, 'noise': 0.01, 'n': 101, 'shap_error': 0.026510798363697744, 'shap_norm_sq': 91042.72190449374}
{'sample_size': 1010, 'difference': 0, 'noise': 0.05, 'n': 101, 'shap_error': 0.016958280296296337, 'shap_norm_sq': 91042.72190449374}
{'sample_size': 1010, 'difference': 0, 'noise': 0.1, 'n': 101, 'shap_error': 0.023535627774195714, 'shap_norm_sq': 91042.72190449374}
{'sample_size': 1010, 'difference': 0, 'noise': 0.5, 'n': 101, 'shap_error': 0.01968691230860854, 'shap_norm_sq': 91042.72190449374}
{'sample_size': 1010, 'difference': 0, 'noise': 1, 'n': 101, 'shap_error': 0.03100871262217195, 'shap_norm_sq': 91042.72190449374}
{'sample_size': 1010, 'difference': 0, 'noise': 0.0005, 'n': 101, 'shap_error': 0.04049586293776933, 'shap_norm_sq': 31924.61122788529}
{'sample_size': 1010, 'difference': 0, 'noise': 0.001, 'n': 101, 'shap_error': 0.03984630003713688, 'shap_norm_sq': 31924.61122788529}
{'sample_size': 1010, 'difference': 0, 'noise': 0.005, 'n': 101, 'shap_error': 0.03730214367036593, 'shap_norm_sq': 31924.61122788529}
{'sample_size': 1010, 'difference': 0, 'noise': 0.01, 'n': 101, 'shap_error': 0.042583697075090673, 'shap_norm_sq': 31924.61122788529}
{'sample_size': 1010, 'difference': 0, 'noise': 0.05, 'n': 101, 'shap_error': 0.0377166738533816, 'shap_norm_sq': 31924.61122788529}
{'sample_size': 1010, 'difference': 0, 'noise': 0.1, 'n': 101, 'shap_error': 0.03989719477950434, 'shap_norm_sq': 31924.61122788529}
{'sample_size': 1010, 'difference': 0, 'noise': 0.5, 'n': 101, 'shap_error': 0.05037140562379301, 'shap_norm_sq': 31924.61122788529}
{'sample_size': 1010, 'difference': 0, 'noise': 1, 'n': 101, 'shap_error': 0.039079580251921556, 'shap_norm_sq': 31924.61122788529}
{'sample_size': 1010, 'difference': 0, 'noise': 0.0005, 'n': 101, 'shap_error': 0.002136318192433879, 'shap_norm_sq': 65295.62464087013}
{'sample_size': 1010, 'difference': 0, 'noise': 0.001, 'n': 101, 'shap_error': 0.0032570667006049693, 'shap_norm_sq': 65295.62464087013}
{'sample_size': 1010, 'difference': 0, 'noise': 0.005, 'n': 101, 'shap_error': 0.00231825028593414, 'shap_norm_sq': 65295.62464087013}
{'sample_size': 1010, 'difference': 0, 'noise': 0.01, 'n': 101, 'shap_error': 0.0021239828666682423, 'shap_norm_sq': 65295.62464087013}
{'sample_size': 1010, 'difference': 0, 'noise': 0.05, 'n': 101, 'shap_error': 0.0023791614759407216, 'shap_norm_sq': 65295.62464087013}
{'sample_size': 1010, 'difference': 0, 'noise': 0.1, 'n': 101, 'shap_error': 0.0023070480615678965, 'shap_norm_sq': 65295.62464087013}
{'sample_size': 1010, 'difference': 0, 'noise': 0.5, 'n': 101, 'shap_error': 0.0033404185613751334, 'shap_norm_sq': 65295.62464087013}
{'sample_size': 1010, 'difference': 0, 'noise': 1, 'n': 101, 'shap_error': 0.0031448144676833475, 'shap_norm_sq': 65295.62464087013}
{'sample_size': 1010, 'difference': 0, 'noise': 0.0005, 'n': 101, 'shap_error': 0.004265048201920686, 'shap_norm_sq': 72052.76817577}
{'sample_size': 1010, 'difference': 0, 'noise': 0.001, 'n': 101, 'shap_error': 0.005122300318251008, 'shap_norm_sq': 72052.76817577}
{'sample_size': 1010, 'difference': 0, 'noise': 0.005, 'n': 101, 'shap_error': 0.0029679922513419733, 'shap_norm_sq': 72052.76817577}
{'sample_size': 1010, 'difference': 0, 'noise': 0.01, 'n': 101, 'shap_error': 0.0053373994583789846, 'shap_norm_sq': 72052.76817577}
{'sample_size': 1010, 'difference': 0, 'noise': 0.05, 'n': 101, 'shap_error': 0.0047765566782151095, 'shap_norm_sq': 72052.76817577}
{'sample_size': 1010, 'difference': 0, 'noise': 0.1, 'n': 101, 'shap_error': 0.0054618954961315755, 'shap_norm_sq': 72052.76817577}
{'sample_size': 1010, 'difference': 0, 'noise': 0.5, 'n': 101, 'shap_error': 0.004969137154930508, 'shap_norm_sq': 72052.76817577}
{'sample_size': 1010, 'difference': 0, 'noise': 1, 'n': 101, 'shap_error': 0.006055834930897377, 'shap_norm_sq': 72052.76817577}
{'sample_size': 1010, 'difference': 0, 'noise': 0.0005, 'n': 101, 'shap_error': 0.005856679253248181, 'shap_norm_sq': 70712.29954211289}
{'sample_size': 1010, 'difference': 0, 'noise': 0.001, 'n': 101, 'shap_error': 0.004110659759530068, 'shap_norm_sq': 70712.29954211289}
{'sample_size': 1010, 'difference': 0, 'noise': 0.005, 'n': 101, 'shap_error': 0.005354146490215026, 'shap_norm_sq': 70712.29954211289}
{'sample_size': 1010, 'difference': 0, 'noise': 0.01, 'n': 101, 'shap_error': 0.0044576738270509135, 'shap_norm_sq': 70712.29954211289}
{'sample_size': 1010, 'difference': 0, 'noise': 0.05, 'n': 101, 'shap_error': 0.006611613169702294, 'shap_norm_sq': 70712.29954211289}
{'sample_size': 1010, 'difference': 0, 'noise': 0.1, 'n': 101, 'shap_error': 0.005559340772053453, 'shap_norm_sq': 70712.29954211289}
{'sample_size': 1010, 'difference': 0, 'noise': 0.5, 'n': 101, 'shap_error': 0.005452871905047647, 'shap_norm_sq': 70712.29954211289}
{'sample_size': 1010, 'difference': 0, 'noise': 1, 'n': 101, 'shap_error': 0.007642502462856139, 'shap_norm_sq': 70712.29954211289}
{'sample_size': 1010, 'difference': 0, 'noise': 0.0005, 'n': 101, 'shap_error': 0.005126057254663146, 'shap_norm_sq': 62886.07402669771}
{'sample_size': 1010, 'difference': 0, 'noise': 0.001, 'n': 101, 'shap_error': 0.00561301531938346, 'shap_norm_sq': 62886.07402669771}
{'sample_size': 1010, 'difference': 0, 'noise': 0.005, 'n': 101, 'shap_error': 0.006385320527220117, 'shap_norm_sq': 62886.07402669771}
{'sample_size': 1010, 'difference': 0, 'noise': 0.01, 'n': 101, 'shap_error': 0.006010584242742352, 'shap_norm_sq': 62886.07402669771}
{'sample_size': 1010, 'difference': 0, 'noise': 0.05, 'n': 101, 'shap_error': 0.003958927486890355, 'shap_norm_sq': 62886.07402669771}
{'sample_size': 1010, 'difference': 0, 'noise': 0.1, 'n': 101, 'shap_error': 0.0049399731613753006, 'shap_norm_sq': 62886.07402669771}
{'sample_size': 1010, 'difference': 0, 'noise': 0.5, 'n': 101, 'shap_error': 0.00513750592893081, 'shap_norm_sq': 62886.07402669771}
{'sample_size': 1010, 'difference': 0, 'noise': 1, 'n': 101, 'shap_error': 0.0063323047161272464, 'shap_norm_sq': 62886.07402669771}
{'sample_size': 1010, 'difference': 0, 'noise': 0.0005, 'n': 101, 'shap_error': 0.008375809564641618, 'shap_norm_sq': 112407.22898883176}
{'sample_size': 1010, 'difference': 0, 'noise': 0.001, 'n': 101, 'shap_error': 0.008756167884353879, 'shap_norm_sq': 112407.22898883176}
{'sample_size': 1010, 'difference': 0, 'noise': 0.005, 'n': 101, 'shap_error': 0.0076935784976790485, 'shap_norm_sq': 112407.22898883176}
{'sample_size': 1010, 'difference': 0, 'noise': 0.01, 'n': 101, 'shap_error': 0.008032831646935619, 'shap_norm_sq': 112407.22898883176}
{'sample_size': 1010, 'difference': 0, 'noise': 0.05, 'n': 101, 'shap_error': 0.008807574530755074, 'shap_norm_sq': 112407.22898883176}
{'sample_size': 1010, 'difference': 0, 'noise': 0.1, 'n': 101, 'shap_error': 0.00615669061564871, 'shap_norm_sq': 112407.22898883176}
{'sample_size': 1010, 'difference': 0, 'noise': 0.5, 'n': 101, 'shap_error': 0.006410694890564857, 'shap_norm_sq': 112407.22898883176}
{'sample_size': 1010, 'difference': 0, 'noise': 1, 'n': 101, 'shap_error': 0.007015150113595561, 'shap_norm_sq': 112407.22898883176}
{'sample_size': 1010, 'difference': 0, 'noise': 0.0005, 'n': 101, 'shap_error': 0.00774502047348025, 'shap_norm_sq': 45961.75729972129}
{'sample_size': 1010, 'difference': 0, 'noise': 0.001, 'n': 101, 'shap_error': 0.008726045244532856, 'shap_norm_sq': 45961.75729972129}
{'sample_size': 1010, 'difference': 0, 'noise': 0.005, 'n': 101, 'shap_error': 0.00629719642827389, 'shap_norm_sq': 45961.75729972129}
{'sample_size': 1010, 'difference': 0, 'noise': 0.01, 'n': 101, 'shap_error': 0.006229431025074765, 'shap_norm_sq': 45961.75729972129}
{'sample_size': 1010, 'difference': 0, 'noise': 0.05, 'n': 101, 'shap_error': 0.009613972678311792, 'shap_norm_sq': 45961.75729972129}
{'sample_size': 1010, 'difference': 0, 'noise': 0.1, 'n': 101, 'shap_error': 0.006866926712039771, 'shap_norm_sq': 45961.75729972129}
{'sample_size': 1010, 'difference': 0, 'noise': 0.5, 'n': 101, 'shap_error': 0.007535005423257634, 'shap_norm_sq': 45961.75729972129}
{'sample_size': 1010, 'difference': 0, 'noise': 1, 'n': 101, 'shap_error': 0.006777011107023159, 'shap_norm_sq': 45961.75729972129}
{'sample_size': 1010, 'difference': 0, 'noise': 0.0005, 'n': 101, 'shap_error': 0.018694849945142415, 'shap_norm_sq': 139441.27744293964}
{'sample_size': 1010, 'difference': 0, 'noise': 0.001, 'n': 101, 'shap_error': 0.027044660342952952, 'shap_norm_sq': 139441.27744293964}
{'sample_size': 1010, 'difference': 0, 'noise': 0.005, 'n': 101, 'shap_error': 0.020052390129484014, 'shap_norm_sq': 139441.27744293964}
{'sample_size': 1010, 'difference': 0, 'noise': 0.01, 'n': 101, 'shap_error': 0.021782651812005286, 'shap_norm_sq': 139441.27744293964}
{'sample_size': 1010, 'difference': 0, 'noise': 0.05, 'n': 101, 'shap_error': 0.02378144607866662, 'shap_norm_sq': 139441.27744293964}
{'sample_size': 1010, 'difference': 0, 'noise': 0.1, 'n': 101, 'shap_error': 0.028320960171807144, 'shap_norm_sq': 139441.27744293964}
{'sample_size': 1010, 'difference': 0, 'noise': 0.5, 'n': 101, 'shap_error': 0.027721667970727327, 'shap_norm_sq': 139441.27744293964}
{'sample_size': 1010, 'difference': 0, 'noise': 1, 'n': 101, 'shap_error': 0.02409445624519704, 'shap_norm_sq': 139441.27744293964}
{'sample_size': 1010, 'difference': 0, 'noise': 0.0005, 'n': 101, 'shap_error': 0.0046541275133938674, 'shap_norm_sq': 55626.15607418063}
{'sample_size': 1010, 'difference': 0, 'noise': 0.001, 'n': 101, 'shap_error': 0.004659018455409493, 'shap_norm_sq': 55626.15607418063}
{'sample_size': 1010, 'difference': 0, 'noise': 0.005, 'n': 101, 'shap_error': 0.005873434184321195, 'shap_norm_sq': 55626.15607418063}
{'sample_size': 1010, 'difference': 0, 'noise': 0.01, 'n': 101, 'shap_error': 0.0058930454888288086, 'shap_norm_sq': 55626.15607418063}
{'sample_size': 1010, 'difference': 0, 'noise': 0.05, 'n': 101, 'shap_error': 0.005076760503952637, 'shap_norm_sq': 55626.15607418063}
{'sample_size': 1010, 'difference': 0, 'noise': 0.1, 'n': 101, 'shap_error': 0.004492658968757355, 'shap_norm_sq': 55626.15607418063}
{'sample_size': 1010, 'difference': 0, 'noise': 0.5, 'n': 101, 'shap_error': 0.004950076306966502, 'shap_norm_sq': 55626.15607418063}
{'sample_size': 1010, 'difference': 0, 'noise': 1, 'n': 101, 'shap_error': 0.0051998300568515034, 'shap_norm_sq': 55626.15607418063}
{'sample_size': 1010, 'difference': 0, 'noise': 0.0005, 'n': 101, 'shap_error': 0.01867897155040032, 'shap_norm_sq': 424584.2223034383}
{'sample_size': 1010, 'difference': 0, 'noise': 0.001, 'n': 101, 'shap_error': 0.015523159551607093, 'shap_norm_sq': 424584.2223034383}
{'sample_size': 1010, 'difference': 0, 'noise': 0.005, 'n': 101, 'shap_error': 0.016725695569938553, 'shap_norm_sq': 424584.2223034383}
{'sample_size': 1010, 'difference': 0, 'noise': 0.01, 'n': 101, 'shap_error': 0.017024007544645253, 'shap_norm_sq': 424584.2223034383}
{'sample_size': 1010, 'difference': 0, 'noise': 0.05, 'n': 101, 'shap_error': 0.018170805340881627, 'shap_norm_sq': 424584.2223034383}
{'sample_size': 1010, 'difference': 0, 'noise': 0.1, 'n': 101, 'shap_error': 0.0151822985043203, 'shap_norm_sq': 424584.2223034383}
{'sample_size': 1010, 'difference': 0, 'noise': 0.5, 'n': 101, 'shap_error': 0.012742743336272523, 'shap_norm_sq': 424584.2223034383}
{'sample_size': 1010, 'difference': 0, 'noise': 1, 'n': 101, 'shap_error': 0.017449781079426716, 'shap_norm_sq': 424584.2223034383}
{'sample_size': 1010, 'difference': 0, 'noise': 0.0005, 'n': 101, 'shap_error': 0.005918483162702865, 'shap_norm_sq': 98138.75687108512}
{'sample_size': 1010, 'difference': 0, 'noise': 0.001, 'n': 101, 'shap_error': 0.006166888215828085, 'shap_norm_sq': 98138.75687108512}
{'sample_size': 1010, 'difference': 0, 'noise': 0.005, 'n': 101, 'shap_error': 0.004514302645356471, 'shap_norm_sq': 98138.75687108512}
{'sample_size': 1010, 'difference': 0, 'noise': 0.01, 'n': 101, 'shap_error': 0.005177689248558331, 'shap_norm_sq': 98138.75687108512}
{'sample_size': 1010, 'difference': 0, 'noise': 0.05, 'n': 101, 'shap_error': 0.006256419799016589, 'shap_norm_sq': 98138.75687108512}
{'sample_size': 1010, 'difference': 0, 'noise': 0.1, 'n': 101, 'shap_error': 0.006281404104287641, 'shap_norm_sq': 98138.75687108512}
{'sample_size': 1010, 'difference': 0, 'noise': 0.5, 'n': 101, 'shap_error': 0.00510460601734359, 'shap_norm_sq': 98138.75687108512}
{'sample_size': 1010, 'difference': 0, 'noise': 1, 'n': 101, 'shap_error': 0.00454768657693704, 'shap_norm_sq': 98138.75687108512}
{'sample_size': 1010, 'difference': 0, 'noise': 0.0005, 'n': 101, 'shap_error': 0.006586188648587872, 'shap_norm_sq': 81644.161193724}
{'sample_size': 1010, 'difference': 0, 'noise': 0.001, 'n': 101, 'shap_error': 0.007127213511623835, 'shap_norm_sq': 81644.161193724}
{'sample_size': 1010, 'difference': 0, 'noise': 0.005, 'n': 101, 'shap_error': 0.006958576406304172, 'shap_norm_sq': 81644.161193724}
{'sample_size': 1010, 'difference': 0, 'noise': 0.01, 'n': 101, 'shap_error': 0.005899746551964684, 'shap_norm_sq': 81644.161193724}
{'sample_size': 1010, 'difference': 0, 'noise': 0.05, 'n': 101, 'shap_error': 0.005964978721696438, 'shap_norm_sq': 81644.161193724}
{'sample_size': 1010, 'difference': 0, 'noise': 0.1, 'n': 101, 'shap_error': 0.008550075552779353, 'shap_norm_sq': 81644.161193724}
{'sample_size': 1010, 'difference': 0, 'noise': 0.5, 'n': 101, 'shap_error': 0.008484559978453711, 'shap_norm_sq': 81644.161193724}
{'sample_size': 1010, 'difference': 0, 'noise': 1, 'n': 101, 'shap_error': 0.007496877513022177, 'shap_norm_sq': 81644.161193724}
{'sample_size': 1010, 'difference': 0, 'noise': 0.0005, 'n': 101, 'shap_error': 0.0053531331660066715, 'shap_norm_sq': 45961.75729972129}
{'sample_size': 1010, 'difference': 0, 'noise': 0.001, 'n': 101, 'shap_error': 0.007175401315437001, 'shap_norm_sq': 45961.75729972129}
{'sample_size': 1010, 'difference': 0, 'noise': 0.005, 'n': 101, 'shap_error': 0.005234854357669401, 'shap_norm_sq': 45961.75729972129}
{'sample_size': 1010, 'difference': 0, 'noise': 0.01, 'n': 101, 'shap_error': 0.0074789847019833995, 'shap_norm_sq': 45961.75729972129}
{'sample_size': 1010, 'difference': 0, 'noise': 0.05, 'n': 101, 'shap_error': 0.005680706001974468, 'shap_norm_sq': 45961.75729972129}
{'sample_size': 1010, 'difference': 0, 'noise': 0.1, 'n': 101, 'shap_error': 0.007033312951722049, 'shap_norm_sq': 45961.75729972129}
{'sample_size': 1010, 'difference': 0, 'noise': 0.5, 'n': 101, 'shap_error': 0.005493222834024844, 'shap_norm_sq': 45961.75729972129}
{'sample_size': 1010, 'difference': 0, 'noise': 1, 'n': 101, 'shap_error': 0.003931504424836761, 'shap_norm_sq': 45961.75729972129}
{'sample_size': 1010, 'difference': 0, 'noise': 0.0005, 'n': 101, 'shap_error': 0.02217387866547932, 'shap_norm_sq': 198759.53121529022}
{'sample_size': 1010, 'difference': 0, 'noise': 0.001, 'n': 101, 'shap_error': 0.02752749173623765, 'shap_norm_sq': 198759.53121529022}
{'sample_size': 1010, 'difference': 0, 'noise': 0.005, 'n': 101, 'shap_error': 0.01887004757958731, 'shap_norm_sq': 198759.53121529022}
{'sample_size': 1010, 'difference': 0, 'noise': 0.01, 'n': 101, 'shap_error': 0.025336492719937237, 'shap_norm_sq': 198759.53121529022}
{'sample_size': 1010, 'difference': 0, 'noise': 0.05, 'n': 101, 'shap_error': 0.023050556031297954, 'shap_norm_sq': 198759.53121529022}
{'sample_size': 1010, 'difference': 0, 'noise': 0.1, 'n': 101, 'shap_error': 0.01807217166724745, 'shap_norm_sq': 198759.53121529022}
{'sample_size': 1010, 'difference': 0, 'noise': 0.5, 'n': 101, 'shap_error': 0.0233939815491885, 'shap_norm_sq': 198759.53121529022}
{'sample_size': 1010, 'difference': 0, 'noise': 1, 'n': 101, 'shap_error': 0.036069650964044006, 'shap_norm_sq': 198759.53121529022}
{'sample_size': 1010, 'difference': 0, 'noise': 0.0005, 'n': 101, 'shap_error': 0.003503782931416012, 'shap_norm_sq': 29652.772935067496}
{'sample_size': 1010, 'difference': 0, 'noise': 0.001, 'n': 101, 'shap_error': 0.005705524708789795, 'shap_norm_sq': 29652.772935067496}
{'sample_size': 1010, 'difference': 0, 'noise': 0.005, 'n': 101, 'shap_error': 0.0028426751952402548, 'shap_norm_sq': 29652.772935067496}
{'sample_size': 1010, 'difference': 0, 'noise': 0.01, 'n': 101, 'shap_error': 0.004156295005962263, 'shap_norm_sq': 29652.772935067496}
{'sample_size': 1010, 'difference': 0, 'noise': 0.05, 'n': 101, 'shap_error': 0.0041702975159423, 'shap_norm_sq': 29652.772935067496}
{'sample_size': 1010, 'difference': 0, 'noise': 0.1, 'n': 101, 'shap_error': 0.0036382823563982395, 'shap_norm_sq': 29652.772935067496}
{'sample_size': 1010, 'difference': 0, 'noise': 0.5, 'n': 101, 'shap_error': 0.00414483756045563, 'shap_norm_sq': 29652.772935067496}
{'sample_size': 1010, 'difference': 0, 'noise': 1, 'n': 101, 'shap_error': 0.005667555322533644, 'shap_norm_sq': 29652.772935067496}
{'sample_size': 1010, 'difference': 0, 'noise': 0.0005, 'n': 101, 'shap_error': 0.056070030897294315, 'shap_norm_sq': 124122.96892555564}
{'sample_size': 1010, 'difference': 0, 'noise': 0.001, 'n': 101, 'shap_error': 0.04777211144761247, 'shap_norm_sq': 124122.96892555564}
{'sample_size': 1010, 'difference': 0, 'noise': 0.005, 'n': 101, 'shap_error': 0.04522532247781028, 'shap_norm_sq': 124122.96892555564}
{'sample_size': 1010, 'difference': 0, 'noise': 0.01, 'n': 101, 'shap_error': 0.04269595988743444, 'shap_norm_sq': 124122.96892555564}
{'sample_size': 1010, 'difference': 0, 'noise': 0.05, 'n': 101, 'shap_error': 0.05007181886848959, 'shap_norm_sq': 124122.96892555564}
{'sample_size': 1010, 'difference': 0, 'noise': 0.1, 'n': 101, 'shap_error': 0.0361782645212191, 'shap_norm_sq': 124122.96892555564}
{'sample_size': 1010, 'difference': 0, 'noise': 0.5, 'n': 101, 'shap_error': 0.05454792672600097, 'shap_norm_sq': 124122.96892555564}
{'sample_size': 1010, 'difference': 0, 'noise': 1, 'n': 101, 'shap_error': 0.037612621154115226, 'shap_norm_sq': 124122.96892555564}
{'sample_size': 1010, 'difference': 0, 'noise': 0.0005, 'n': 101, 'shap_error': 0.016684589576561312, 'shap_norm_sq': 179690.4575834201}
{'sample_size': 1010, 'difference': 0, 'noise': 0.001, 'n': 101, 'shap_error': 0.02004354933336561, 'shap_norm_sq': 179690.4575834201}
{'sample_size': 1010, 'difference': 0, 'noise': 0.005, 'n': 101, 'shap_error': 0.01809101767617131, 'shap_norm_sq': 179690.4575834201}
{'sample_size': 1010, 'difference': 0, 'noise': 0.01, 'n': 101, 'shap_error': 0.0264632553833348, 'shap_norm_sq': 179690.4575834201}
{'sample_size': 1010, 'difference': 0, 'noise': 0.05, 'n': 101, 'shap_error': 0.01832610698353393, 'shap_norm_sq': 179690.4575834201}
{'sample_size': 1010, 'difference': 0, 'noise': 0.1, 'n': 101, 'shap_error': 0.022919567335410826, 'shap_norm_sq': 179690.4575834201}
{'sample_size': 1010, 'difference': 0, 'noise': 0.5, 'n': 101, 'shap_error': 0.018232121069446185, 'shap_norm_sq': 179690.4575834201}
{'sample_size': 1010, 'difference': 0, 'noise': 1, 'n': 101, 'shap_error': 0.024186159963654027, 'shap_norm_sq': 179690.4575834201}
{'sample_size': 1010, 'difference': 0, 'noise': 0.0005, 'n': 101, 'shap_error': 0.004824451554856061, 'shap_norm_sq': 65757.64895039165}
{'sample_size': 1010, 'difference': 0, 'noise': 0.001, 'n': 101, 'shap_error': 0.007509320324789588, 'shap_norm_sq': 65757.64895039165}
{'sample_size': 1010, 'difference': 0, 'noise': 0.005, 'n': 101, 'shap_error': 0.007814952947878285, 'shap_norm_sq': 65757.64895039165}
{'sample_size': 1010, 'difference': 0, 'noise': 0.01, 'n': 101, 'shap_error': 0.0062312657457876805, 'shap_norm_sq': 65757.64895039165}
{'sample_size': 1010, 'difference': 0, 'noise': 0.05, 'n': 101, 'shap_error': 0.007789998889942536, 'shap_norm_sq': 65757.64895039165}
{'sample_size': 1010, 'difference': 0, 'noise': 0.1, 'n': 101, 'shap_error': 0.006656676556540079, 'shap_norm_sq': 65757.64895039165}
{'sample_size': 1010, 'difference': 0, 'noise': 0.5, 'n': 101, 'shap_error': 0.007709486714052418, 'shap_norm_sq': 65757.64895039165}
{'sample_size': 1010, 'difference': 0, 'noise': 1, 'n': 101, 'shap_error': 0.005880035344875266, 'shap_norm_sq': 65757.64895039165}
{'sample_size': 1010, 'difference': 0, 'noise': 0.0005, 'n': 101, 'shap_error': 0.01673686151721701, 'shap_norm_sq': 75442.7793079755}
{'sample_size': 1010, 'difference': 0, 'noise': 0.001, 'n': 101, 'shap_error': 0.027792277413437063, 'shap_norm_sq': 75442.7793079755}
{'sample_size': 1010, 'difference': 0, 'noise': 0.005, 'n': 101, 'shap_error': 0.019686025441080352, 'shap_norm_sq': 75442.7793079755}
{'sample_size': 1010, 'difference': 0, 'noise': 0.01, 'n': 101, 'shap_error': 0.02015755804411543, 'shap_norm_sq': 75442.7793079755}
{'sample_size': 1010, 'difference': 0, 'noise': 0.05, 'n': 101, 'shap_error': 0.019078974648464066, 'shap_norm_sq': 75442.7793079755}
{'sample_size': 1010, 'difference': 0, 'noise': 0.1, 'n': 101, 'shap_error': 0.02042753880574881, 'shap_norm_sq': 75442.7793079755}
{'sample_size': 1010, 'difference': 0, 'noise': 0.5, 'n': 101, 'shap_error': 0.015880633816450492, 'shap_norm_sq': 75442.7793079755}
{'sample_size': 1010, 'difference': 0, 'noise': 1, 'n': 101, 'shap_error': 0.02017625023068769, 'shap_norm_sq': 75442.7793079755}
{'sample_size': 1010, 'difference': 0, 'noise': 0.0005, 'n': 101, 'shap_error': 0.012697892628548826, 'shap_norm_sq': 125824.4900374413}
{'sample_size': 1010, 'difference': 0, 'noise': 0.001, 'n': 101, 'shap_error': 0.014571428084393117, 'shap_norm_sq': 125824.4900374413}
{'sample_size': 1010, 'difference': 0, 'noise': 0.005, 'n': 101, 'shap_error': 0.016079388582558016, 'shap_norm_sq': 125824.4900374413}
{'sample_size': 1010, 'difference': 0, 'noise': 0.01, 'n': 101, 'shap_error': 0.021026329394916218, 'shap_norm_sq': 125824.4900374413}
{'sample_size': 1010, 'difference': 0, 'noise': 0.05, 'n': 101, 'shap_error': 0.019113914029514803, 'shap_norm_sq': 125824.4900374413}
{'sample_size': 1010, 'difference': 0, 'noise': 0.1, 'n': 101, 'shap_error': 0.015932091851931042, 'shap_norm_sq': 125824.4900374413}
{'sample_size': 1010, 'difference': 0, 'noise': 0.5, 'n': 101, 'shap_error': 0.01810038063280661, 'shap_norm_sq': 125824.4900374413}
{'sample_size': 1010, 'difference': 0, 'noise': 1, 'n': 101, 'shap_error': 0.01121739154728308, 'shap_norm_sq': 125824.4900374413}
{'sample_size': 1010, 'difference': 0, 'noise': 0.0005, 'n': 101, 'shap_error': 0.006305125739276545, 'shap_norm_sq': 85506.83608772403}
{'sample_size': 1010, 'difference': 0, 'noise': 0.001, 'n': 101, 'shap_error': 0.005680502508038728, 'shap_norm_sq': 85506.83608772403}
{'sample_size': 1010, 'difference': 0, 'noise': 0.005, 'n': 101, 'shap_error': 0.007085934290057381, 'shap_norm_sq': 85506.83608772403}
{'sample_size': 1010, 'difference': 0, 'noise': 0.01, 'n': 101, 'shap_error': 0.006780137989312318, 'shap_norm_sq': 85506.83608772403}
{'sample_size': 1010, 'difference': 0, 'noise': 0.05, 'n': 101, 'shap_error': 0.005464423659309084, 'shap_norm_sq': 85506.83608772403}
{'sample_size': 1010, 'difference': 0, 'noise': 0.1, 'n': 101, 'shap_error': 0.006635687101144185, 'shap_norm_sq': 85506.83608772403}
{'sample_size': 1010, 'difference': 0, 'noise': 0.5, 'n': 101, 'shap_error': 0.005458569023035088, 'shap_norm_sq': 85506.83608772403}
{'sample_size': 1010, 'difference': 0, 'noise': 1, 'n': 101, 'shap_error': 0.00475438344970072, 'shap_norm_sq': 85506.83608772403}
{'sample_size': 1010, 'difference': 0, 'noise': 0.0005, 'n': 101, 'shap_error': 8.294943421286851e-05, 'shap_norm_sq': 59917.01979504082}
{'sample_size': 1010, 'difference': 0, 'noise': 0.001, 'n': 101, 'shap_error': 7.567714224969893e-05, 'shap_norm_sq': 59917.01979504082}
{'sample_size': 1010, 'difference': 0, 'noise': 0.005, 'n': 101, 'shap_error': 7.585118306369942e-05, 'shap_norm_sq': 59917.01979504082}
{'sample_size': 1010, 'difference': 0, 'noise': 0.01, 'n': 101, 'shap_error': 8.004605771029013e-05, 'shap_norm_sq': 59917.01979504082}
{'sample_size': 1010, 'difference': 0, 'noise': 0.05, 'n': 101, 'shap_error': 9.844710492876228e-05, 'shap_norm_sq': 59917.01979504082}
{'sample_size': 1010, 'difference': 0, 'noise': 0.1, 'n': 101, 'shap_error': 8.108423958395192e-05, 'shap_norm_sq': 59917.01979504082}
{'sample_size': 1010, 'difference': 0, 'noise': 0.5, 'n': 101, 'shap_error': 7.515473153632973e-05, 'shap_norm_sq': 59917.01979504082}
{'sample_size': 1010, 'difference': 0, 'noise': 1, 'n': 101, 'shap_error': 0.00012040672314446304, 'shap_norm_sq': 59917.01979504082}
{'sample_size': 1010, 'difference': 0, 'noise': 0.0005, 'n': 101, 'shap_error': 0.01547668617508557, 'shap_norm_sq': 73676.18200073119}
{'sample_size': 1010, 'difference': 0, 'noise': 0.001, 'n': 101, 'shap_error': 0.018286396983839368, 'shap_norm_sq': 73676.18200073119}
{'sample_size': 1010, 'difference': 0, 'noise': 0.005, 'n': 101, 'shap_error': 0.01642945793292063, 'shap_norm_sq': 73676.18200073119}
{'sample_size': 1010, 'difference': 0, 'noise': 0.01, 'n': 101, 'shap_error': 0.017390184178887404, 'shap_norm_sq': 73676.18200073119}
{'sample_size': 1010, 'difference': 0, 'noise': 0.05, 'n': 101, 'shap_error': 0.012563668455339622, 'shap_norm_sq': 73676.18200073119}
{'sample_size': 1010, 'difference': 0, 'noise': 0.1, 'n': 101, 'shap_error': 0.013661669147520103, 'shap_norm_sq': 73676.18200073119}
{'sample_size': 1010, 'difference': 0, 'noise': 0.5, 'n': 101, 'shap_error': 0.015432688090679327, 'shap_norm_sq': 73676.18200073119}
{'sample_size': 1010, 'difference': 0, 'noise': 1, 'n': 101, 'shap_error': 0.013920154830936095, 'shap_norm_sq': 73676.18200073119}
{'sample_size': 1010, 'difference': 0, 'noise': 0.0005, 'n': 101, 'shap_error': 0.007712213600236041, 'shap_norm_sq': 66209.48623984122}
{'sample_size': 1010, 'difference': 0, 'noise': 0.001, 'n': 101, 'shap_error': 0.008051573166515062, 'shap_norm_sq': 66209.48623984122}
{'sample_size': 1010, 'difference': 0, 'noise': 0.005, 'n': 101, 'shap_error': 0.008709540903277765, 'shap_norm_sq': 66209.48623984122}
{'sample_size': 1010, 'difference': 0, 'noise': 0.01, 'n': 101, 'shap_error': 0.008042482674072288, 'shap_norm_sq': 66209.48623984122}
{'sample_size': 1010, 'difference': 0, 'noise': 0.05, 'n': 101, 'shap_error': 0.007278444841010116, 'shap_norm_sq': 66209.48623984122}
{'sample_size': 1010, 'difference': 0, 'noise': 0.1, 'n': 101, 'shap_error': 0.007199494715047192, 'shap_norm_sq': 66209.48623984122}
{'sample_size': 1010, 'difference': 0, 'noise': 0.5, 'n': 101, 'shap_error': 0.006643415687217798, 'shap_norm_sq': 66209.48623984122}
{'sample_size': 1010, 'difference': 0, 'noise': 1, 'n': 101, 'shap_error': 0.008452297701506304, 'shap_norm_sq': 66209.48623984122}
