{'sample_size': 505, 'difference': 2, 'noise': 0, 'n': 101, 'shap_error': 0.1721291054854651, 'shap_norm_sq': 59126.951380871506}
{'sample_size': 1010, 'difference': 2, 'noise': 0, 'n': 101, 'shap_error': 0.049825354822495636, 'shap_norm_sq': 59126.951380871506}
{'sample_size': 2020, 'difference': 2, 'noise': 0, 'n': 101, 'shap_error': 0.028430196984197756, 'shap_norm_sq': 59126.951380871506}
{'sample_size': 4040, 'difference': 2, 'noise': 0, 'n': 101, 'shap_error': 0.009580133980525457, 'shap_norm_sq': 59126.951380871506}
{'sample_size': 8080, 'difference': 2, 'noise': 0, 'n': 101, 'shap_error': 0.004888189941300827, 'shap_norm_sq': 59126.951380871506}
{'sample_size': 16160, 'difference': 2, 'noise': 0, 'n': 101, 'shap_error': 0.0020914299521056037, 'shap_norm_sq': 59126.951380871506}
{'sample_size': 505, 'difference': 2, 'noise': 0, 'n': 101, 'shap_error': 0.02923490124874739, 'shap_norm_sq': 56114.82307307525}
{'sample_size': 1010, 'difference': 2, 'noise': 0, 'n': 101, 'shap_error': 0.00811989455114134, 'shap_norm_sq': 56114.82307307525}
{'sample_size': 2020, 'difference': 2, 'noise': 0, 'n': 101, 'shap_error': 0.003817525998513307, 'shap_norm_sq': 56114.82307307525}
{'sample_size': 4040, 'difference': 2, 'noise': 0, 'n': 101, 'shap_error': 0.001484316574699523, 'shap_norm_sq': 56114.82307307525}
{'sample_size': 8080, 'difference': 2, 'noise': 0, 'n': 101, 'shap_error': 0.0009121743494736384, 'shap_norm_sq': 56114.82307307525}
{'sample_size': 16160, 'difference': 2, 'noise': 0, 'n': 101, 'shap_error': 0.00037005338263518657, 'shap_norm_sq': 56114.82307307525}
{'sample_size': 505, 'difference': 2, 'noise': 0, 'n': 101, 'shap_error': 0.06004336615668731, 'shap_norm_sq': 123732.80055088935}
{'sample_size': 1010, 'difference': 2, 'noise': 0, 'n': 101, 'shap_error': 0.018282740469728342, 'shap_norm_sq': 123732.80055088935}
{'sample_size': 2020, 'difference': 2, 'noise': 0, 'n': 101, 'shap_error': 0.00833905544892465, 'shap_norm_sq': 123732.80055088935}
{'sample_size': 4040, 'difference': 2, 'noise': 0, 'n': 101, 'shap_error': 0.0038524816497236577, 'shap_norm_sq': 123732.80055088935}
{'sample_size': 8080, 'difference': 2, 'noise': 0, 'n': 101, 'shap_error': 0.001514551828227102, 'shap_norm_sq': 123732.80055088935}
{'sample_size': 16160, 'difference': 2, 'noise': 0, 'n': 101, 'shap_error': 0.0008230596231207944, 'shap_norm_sq': 123732.80055088935}
{'sample_size': 505, 'difference': 2, 'noise': 0, 'n': 101, 'shap_error': 0.13038403077192776, 'shap_norm_sq': 75323.89170692668}
{'sample_size': 1010, 'difference': 2, 'noise': 0, 'n': 101, 'shap_error': 0.05257581269300263, 'shap_norm_sq': 75323.89170692668}
{'sample_size': 2020, 'difference': 2, 'noise': 0, 'n': 101, 'shap_error': 0.01835744673234757, 'shap_norm_sq': 75323.89170692668}
{'sample_size': 4040, 'difference': 2, 'noise': 0, 'n': 101, 'shap_error': 0.009748329364126548, 'shap_norm_sq': 75323.89170692668}
{'sample_size': 8080, 'difference': 2, 'noise': 0, 'n': 101, 'shap_error': 0.0047691449035197914, 'shap_norm_sq': 75323.89170692668}
{'sample_size': 16160, 'difference': 2, 'noise': 0, 'n': 101, 'shap_error': 0.00191253151971973, 'shap_norm_sq': 75323.89170692668}
{'sample_size': 505, 'difference': 2, 'noise': 0, 'n': 101, 'shap_error': 0.02127704920427938, 'shap_norm_sq': 64521.39943917334}
{'sample_size': 1010, 'difference': 2, 'noise': 0, 'n': 101, 'shap_error': 0.01593484735828783, 'shap_norm_sq': 64521.39943917334}
{'sample_size': 2020, 'difference': 2, 'noise': 0, 'n': 101, 'shap_error': 0.004345622863616694, 'shap_norm_sq': 64521.39943917334}
{'sample_size': 4040, 'difference': 2, 'noise': 0, 'n': 101, 'shap_error': 0.0022857825470618326, 'shap_norm_sq': 64521.39943917334}
{'sample_size': 8080, 'difference': 2, 'noise': 0, 'n': 101, 'shap_error': 0.0010208720343031078, 'shap_norm_sq': 64521.39943917334}
{'sample_size': 16160, 'difference': 2, 'noise': 0, 'n': 101, 'shap_error': 0.00040766745793605275, 'shap_norm_sq': 64521.39943917334}
{'sample_size': 505, 'difference': 2, 'noise': 0, 'n': 101, 'shap_error': 0.09783908218822154, 'shap_norm_sq': 55014.228611529696}
{'sample_size': 1010, 'difference': 2, 'noise': 0, 'n': 101, 'shap_error': 0.024938054440997264, 'shap_norm_sq': 55014.228611529696}
{'sample_size': 2020, 'difference': 2, 'noise': 0, 'n': 101, 'shap_error': 0.015191642040847931, 'shap_norm_sq': 55014.228611529696}
{'sample_size': 4040, 'difference': 2, 'noise': 0, 'n': 101, 'shap_error': 0.005582586661242569, 'shap_norm_sq': 55014.228611529696}
{'sample_size': 8080, 'difference': 2, 'noise': 0, 'n': 101, 'shap_error': 0.002354612877156125, 'shap_norm_sq': 55014.228611529696}
{'sample_size': 16160, 'difference': 2, 'noise': 0, 'n': 101, 'shap_error': 0.0013767808644922328, 'shap_norm_sq': 55014.228611529696}
{'sample_size': 505, 'difference': 2, 'noise': 0, 'n': 101, 'shap_error': 0.10086831765042309, 'shap_norm_sq': 59108.491020566165}
{'sample_size': 1010, 'difference': 2, 'noise': 0, 'n': 101, 'shap_error': 0.04480671287440289, 'shap_norm_sq': 59108.491020566165}
{'sample_size': 2020, 'difference': 2, 'noise': 0, 'n': 101, 'shap_error': 0.013193465253779112, 'shap_norm_sq': 59108.491020566165}
{'sample_size': 4040, 'difference': 2, 'noise': 0, 'n': 101, 'shap_error': 0.007636481123960762, 'shap_norm_sq': 59108.491020566165}
{'sample_size': 8080, 'difference': 2, 'noise': 0, 'n': 101, 'shap_error': 0.004244003475602728, 'shap_norm_sq': 59108.491020566165}
{'sample_size': 16160, 'difference': 2, 'noise': 0, 'n': 101, 'shap_error': 0.001284852913327537, 'shap_norm_sq': 59108.491020566165}
{'sample_size': 505, 'difference': 2, 'noise': 0, 'n': 101, 'shap_error': 0.02028940882684887, 'shap_norm_sq': 70563.89182048912}
{'sample_size': 1010, 'difference': 2, 'noise': 0, 'n': 101, 'shap_error': 0.0056060276754742976, 'shap_norm_sq': 70563.89182048912}
{'sample_size': 2020, 'difference': 2, 'noise': 0, 'n': 101, 'shap_error': 0.002966842430049064, 'shap_norm_sq': 70563.89182048912}
{'sample_size': 4040, 'difference': 2, 'noise': 0, 'n': 101, 'shap_error': 0.0017012330404383288, 'shap_norm_sq': 70563.89182048912}
{'sample_size': 8080, 'difference': 2, 'noise': 0, 'n': 101, 'shap_error': 0.0006169232855525181, 'shap_norm_sq': 70563.89182048912}
{'sample_size': 16160, 'difference': 2, 'noise': 0, 'n': 101, 'shap_error': 0.00031791772443045207, 'shap_norm_sq': 70563.89182048912}
{'sample_size': 505, 'difference': 2, 'noise': 0, 'n': 101, 'shap_error': 0.008485219287687326, 'shap_norm_sq': 42515.97581372667}
{'sample_size': 1010, 'difference': 2, 'noise': 0, 'n': 101, 'shap_error': 0.002309348590018924, 'shap_norm_sq': 42515.97581372667}
{'sample_size': 2020, 'difference': 2, 'noise': 0, 'n': 101, 'shap_error': 0.0009496004196054035, 'shap_norm_sq': 42515.97581372667}
{'sample_size': 4040, 'difference': 2, 'noise': 0, 'n': 101, 'shap_error': 0.00033522436151431633, 'shap_norm_sq': 42515.97581372667}
{'sample_size': 8080, 'difference': 2, 'noise': 0, 'n': 101, 'shap_error': 0.00022850736892533684, 'shap_norm_sq': 42515.97581372667}
{'sample_size': 16160, 'difference': 2, 'noise': 0, 'n': 101, 'shap_error': 0.00010013864678385821, 'shap_norm_sq': 42515.97581372667}
{'sample_size': 505, 'difference': 2, 'noise': 0, 'n': 101, 'shap_error': 0.08145699571080901, 'shap_norm_sq': 57989.40208692046}
{'sample_size': 1010, 'difference': 2, 'noise': 0, 'n': 101, 'shap_error': 0.027732788929719514, 'shap_norm_sq': 57989.40208692046}
{'sample_size': 2020, 'difference': 2, 'noise': 0, 'n': 101, 'shap_error': 0.013709897368269929, 'shap_norm_sq': 57989.40208692046}
{'sample_size': 4040, 'difference': 2, 'noise': 0, 'n': 101, 'shap_error': 0.007464594460625407, 'shap_norm_sq': 57989.40208692046}
{'sample_size': 8080, 'difference': 2, 'noise': 0, 'n': 101, 'shap_error': 0.00268152435770386, 'shap_norm_sq': 57989.40208692046}
{'sample_size': 16160, 'difference': 2, 'noise': 0, 'n': 101, 'shap_error': 0.0016738277389413657, 'shap_norm_sq': 57989.40208692046}
{'sample_size': 505, 'difference': 2, 'noise': 0, 'n': 101, 'shap_error': 0.034732841437251465, 'shap_norm_sq': 218736.90952783328}
{'sample_size': 1010, 'difference': 2, 'noise': 0, 'n': 101, 'shap_error': 0.00908242813931266, 'shap_norm_sq': 218736.90952783328}
{'sample_size': 2020, 'difference': 2, 'noise': 0, 'n': 101, 'shap_error': 0.0029969037081161976, 'shap_norm_sq': 218736.90952783328}
{'sample_size': 4040, 'difference': 2, 'noise': 0, 'n': 101, 'shap_error': 0.0014051486346503064, 'shap_norm_sq': 218736.90952783328}
{'sample_size': 8080, 'difference': 2, 'noise': 0, 'n': 101, 'shap_error': 0.0007852780343524972, 'shap_norm_sq': 218736.90952783328}
{'sample_size': 16160, 'difference': 2, 'noise': 0, 'n': 101, 'shap_error': 0.00028830639862468177, 'shap_norm_sq': 218736.90952783328}
{'sample_size': 505, 'difference': 2, 'noise': 0, 'n': 101, 'shap_error': 0.10985168969487923, 'shap_norm_sq': 64280.028071749155}
{'sample_size': 1010, 'difference': 2, 'noise': 0, 'n': 101, 'shap_error': 0.02946924240975294, 'shap_norm_sq': 64280.028071749155}
{'sample_size': 2020, 'difference': 2, 'noise': 0, 'n': 101, 'shap_error': 0.01552432307580171, 'shap_norm_sq': 64280.028071749155}
{'sample_size': 4040, 'difference': 2, 'noise': 0, 'n': 101, 'shap_error': 0.005754539610435088, 'shap_norm_sq': 64280.028071749155}
{'sample_size': 8080, 'difference': 2, 'noise': 0, 'n': 101, 'shap_error': 0.0023839125161019483, 'shap_norm_sq': 64280.028071749155}
{'sample_size': 16160, 'difference': 2, 'noise': 0, 'n': 101, 'shap_error': 0.0013435009213577619, 'shap_norm_sq': 64280.028071749155}
{'sample_size': 505, 'difference': 2, 'noise': 0, 'n': 101, 'shap_error': 0.019238522611346467, 'shap_norm_sq': 79156.80629839945}
{'sample_size': 1010, 'difference': 2, 'noise': 0, 'n': 101, 'shap_error': 0.008391940416463933, 'shap_norm_sq': 79156.80629839945}
{'sample_size': 2020, 'difference': 2, 'noise': 0, 'n': 101, 'shap_error': 0.003301854587720644, 'shap_norm_sq': 79156.80629839945}
{'sample_size': 4040, 'difference': 2, 'noise': 0, 'n': 101, 'shap_error': 0.0016888944856258946, 'shap_norm_sq': 79156.80629839945}
{'sample_size': 8080, 'difference': 2, 'noise': 0, 'n': 101, 'shap_error': 0.0009157165415691961, 'shap_norm_sq': 79156.80629839945}
{'sample_size': 16160, 'difference': 2, 'noise': 0, 'n': 101, 'shap_error': 0.0003633902431387905, 'shap_norm_sq': 79156.80629839945}
{'sample_size': 505, 'difference': 2, 'noise': 0, 'n': 101, 'shap_error': 0.040230350633715266, 'shap_norm_sq': 59602.05839434324}
{'sample_size': 1010, 'difference': 2, 'noise': 0, 'n': 101, 'shap_error': 0.015338159563346769, 'shap_norm_sq': 59602.05839434324}
{'sample_size': 2020, 'difference': 2, 'noise': 0, 'n': 101, 'shap_error': 0.006720587057693019, 'shap_norm_sq': 59602.05839434324}
{'sample_size': 4040, 'difference': 2, 'noise': 0, 'n': 101, 'shap_error': 0.0025757558495843867, 'shap_norm_sq': 59602.05839434324}
{'sample_size': 8080, 'difference': 2, 'noise': 0, 'n': 101, 'shap_error': 0.0015255553144737978, 'shap_norm_sq': 59602.05839434324}
{'sample_size': 16160, 'difference': 2, 'noise': 0, 'n': 101, 'shap_error': 0.0006580042497111929, 'shap_norm_sq': 59602.05839434324}
{'sample_size': 505, 'difference': 2, 'noise': 0, 'n': 101, 'shap_error': 0.3041069052299255, 'shap_norm_sq': 73074.2043817374}
{'sample_size': 1010, 'difference': 2, 'noise': 0, 'n': 101, 'shap_error': 0.10300712138252312, 'shap_norm_sq': 73074.2043817374}
{'sample_size': 2020, 'difference': 2, 'noise': 0, 'n': 101, 'shap_error': 0.053716001469406346, 'shap_norm_sq': 73074.2043817374}
{'sample_size': 4040, 'difference': 2, 'noise': 0, 'n': 101, 'shap_error': 0.021410570193117828, 'shap_norm_sq': 73074.2043817374}
{'sample_size': 8080, 'difference': 2, 'noise': 0, 'n': 101, 'shap_error': 0.011989946800882454, 'shap_norm_sq': 73074.2043817374}
{'sample_size': 16160, 'difference': 2, 'noise': 0, 'n': 101, 'shap_error': 0.004580007343868058, 'shap_norm_sq': 73074.2043817374}
{'sample_size': 505, 'difference': 2, 'noise': 0, 'n': 101, 'shap_error': 0.03431470796646895, 'shap_norm_sq': 379988.59932513384}
{'sample_size': 1010, 'difference': 2, 'noise': 0, 'n': 101, 'shap_error': 0.015183790369143387, 'shap_norm_sq': 379988.59932513384}
{'sample_size': 2020, 'difference': 2, 'noise': 0, 'n': 101, 'shap_error': 0.008621817379424147, 'shap_norm_sq': 379988.59932513384}
{'sample_size': 4040, 'difference': 2, 'noise': 0, 'n': 101, 'shap_error': 0.0027086983497780766, 'shap_norm_sq': 379988.59932513384}
{'sample_size': 8080, 'difference': 2, 'noise': 0, 'n': 101, 'shap_error': 0.0013557159836043325, 'shap_norm_sq': 379988.59932513384}
{'sample_size': 16160, 'difference': 2, 'noise': 0, 'n': 101, 'shap_error': 0.0005502035725030891, 'shap_norm_sq': 379988.59932513384}
{'sample_size': 505, 'difference': 2, 'noise': 0, 'n': 101, 'shap_error': 0.06986470602257831, 'shap_norm_sq': 56690.81825222265}
{'sample_size': 1010, 'difference': 2, 'noise': 0, 'n': 101, 'shap_error': 0.021401803949477636, 'shap_norm_sq': 56690.81825222265}
{'sample_size': 2020, 'difference': 2, 'noise': 0, 'n': 101, 'shap_error': 0.013229628217524474, 'shap_norm_sq': 56690.81825222265}
{'sample_size': 4040, 'difference': 2, 'noise': 0, 'n': 101, 'shap_error': 0.005108320024989526, 'shap_norm_sq': 56690.81825222265}
{'sample_size': 8080, 'difference': 2, 'noise': 0, 'n': 101, 'shap_error': 0.0020952541531173174, 'shap_norm_sq': 56690.81825222265}
{'sample_size': 16160, 'difference': 2, 'noise': 0, 'n': 101, 'shap_error': 0.0007747174106993571, 'shap_norm_sq': 56690.81825222265}
{'sample_size': 505, 'difference': 2, 'noise': 0, 'n': 101, 'shap_error': 0.03831457956611798, 'shap_norm_sq': 58010.756053934965}
{'sample_size': 1010, 'difference': 2, 'noise': 0, 'n': 101, 'shap_error': 0.011755703785495617, 'shap_norm_sq': 58010.756053934965}
{'sample_size': 2020, 'difference': 2, 'noise': 0, 'n': 101, 'shap_error': 0.004383805787726343, 'shap_norm_sq': 58010.756053934965}
{'sample_size': 4040, 'difference': 2, 'noise': 0, 'n': 101, 'shap_error': 0.0021829273783713216, 'shap_norm_sq': 58010.756053934965}
{'sample_size': 8080, 'difference': 2, 'noise': 0, 'n': 101, 'shap_error': 0.0008755770675170668, 'shap_norm_sq': 58010.756053934965}
{'sample_size': 16160, 'difference': 2, 'noise': 0, 'n': 101, 'shap_error': 0.0005155143162641673, 'shap_norm_sq': 58010.756053934965}
{'sample_size': 505, 'difference': 2, 'noise': 0, 'n': 101, 'shap_error': 0.00044926507054420705, 'shap_norm_sq': 28612.152929676366}
{'sample_size': 1010, 'difference': 2, 'noise': 0, 'n': 101, 'shap_error': 7.76912973845004e-05, 'shap_norm_sq': 28612.152929676366}
{'sample_size': 2020, 'difference': 2, 'noise': 0, 'n': 101, 'shap_error': 2.8452173869978295e-05, 'shap_norm_sq': 28612.152929676366}
{'sample_size': 4040, 'difference': 2, 'noise': 0, 'n': 101, 'shap_error': 1.80997631664198e-05, 'shap_norm_sq': 28612.152929676366}
{'sample_size': 8080, 'difference': 2, 'noise': 0, 'n': 101, 'shap_error': 7.187015761466502e-06, 'shap_norm_sq': 28612.152929676366}
{'sample_size': 16160, 'difference': 2, 'noise': 0, 'n': 101, 'shap_error': 3.891307483017193e-06, 'shap_norm_sq': 28612.152929676366}
{'sample_size': 505, 'difference': 2, 'noise': 0, 'n': 101, 'shap_error': 0.024197796618317485, 'shap_norm_sq': 72623.21294999527}
{'sample_size': 1010, 'difference': 2, 'noise': 0, 'n': 101, 'shap_error': 0.008304533449332161, 'shap_norm_sq': 72623.21294999527}
{'sample_size': 2020, 'difference': 2, 'noise': 0, 'n': 101, 'shap_error': 0.004316862674015289, 'shap_norm_sq': 72623.21294999527}
{'sample_size': 4040, 'difference': 2, 'noise': 0, 'n': 101, 'shap_error': 0.0014941181987953012, 'shap_norm_sq': 72623.21294999527}
{'sample_size': 8080, 'difference': 2, 'noise': 0, 'n': 101, 'shap_error': 0.0006563962804855947, 'shap_norm_sq': 72623.21294999527}
{'sample_size': 16160, 'difference': 2, 'noise': 0, 'n': 101, 'shap_error': 0.0003145595435847711, 'shap_norm_sq': 72623.21294999527}
{'sample_size': 505, 'difference': 2, 'noise': 0, 'n': 101, 'shap_error': 0.06386086405964607, 'shap_norm_sq': 585818.9618428921}
{'sample_size': 1010, 'difference': 2, 'noise': 0, 'n': 101, 'shap_error': 0.028742160382336353, 'shap_norm_sq': 585818.9618428921}
{'sample_size': 2020, 'difference': 2, 'noise': 0, 'n': 101, 'shap_error': 0.011962787863179667, 'shap_norm_sq': 585818.9618428921}
{'sample_size': 4040, 'difference': 2, 'noise': 0, 'n': 101, 'shap_error': 0.005838704335349829, 'shap_norm_sq': 585818.9618428921}
{'sample_size': 8080, 'difference': 2, 'noise': 0, 'n': 101, 'shap_error': 0.002229231280566219, 'shap_norm_sq': 585818.9618428921}
{'sample_size': 16160, 'difference': 2, 'noise': 0, 'n': 101, 'shap_error': 0.001104969177263145, 'shap_norm_sq': 585818.9618428921}
{'sample_size': 505, 'difference': 2, 'noise': 0, 'n': 101, 'shap_error': 0.04634734528912994, 'shap_norm_sq': 59056.80155040595}
{'sample_size': 1010, 'difference': 2, 'noise': 0, 'n': 101, 'shap_error': 0.013126662306502097, 'shap_norm_sq': 59056.80155040595}
{'sample_size': 2020, 'difference': 2, 'noise': 0, 'n': 101, 'shap_error': 0.0048253271206990045, 'shap_norm_sq': 59056.80155040595}
{'sample_size': 4040, 'difference': 2, 'noise': 0, 'n': 101, 'shap_error': 0.0022297792614854725, 'shap_norm_sq': 59056.80155040595}
{'sample_size': 8080, 'difference': 2, 'noise': 0, 'n': 101, 'shap_error': 0.0007078430857310767, 'shap_norm_sq': 59056.80155040595}
{'sample_size': 16160, 'difference': 2, 'noise': 0, 'n': 101, 'shap_error': 0.0004288493683507759, 'shap_norm_sq': 59056.80155040595}
{'sample_size': 505, 'difference': 2, 'noise': 0, 'n': 101, 'shap_error': 0.09730560126611541, 'shap_norm_sq': 68105.12030796155}
{'sample_size': 1010, 'difference': 2, 'noise': 0, 'n': 101, 'shap_error': 0.03306589394434311, 'shap_norm_sq': 68105.12030796155}
{'sample_size': 2020, 'difference': 2, 'noise': 0, 'n': 101, 'shap_error': 0.01699635382157971, 'shap_norm_sq': 68105.12030796155}
{'sample_size': 4040, 'difference': 2, 'noise': 0, 'n': 101, 'shap_error': 0.008427159040215402, 'shap_norm_sq': 68105.12030796155}
{'sample_size': 8080, 'difference': 2, 'noise': 0, 'n': 101, 'shap_error': 0.00288701109274297, 'shap_norm_sq': 68105.12030796155}
{'sample_size': 16160, 'difference': 2, 'noise': 0, 'n': 101, 'shap_error': 0.001447164278184217, 'shap_norm_sq': 68105.12030796155}
{'sample_size': 505, 'difference': 2, 'noise': 0, 'n': 101, 'shap_error': 0.10126777333307736, 'shap_norm_sq': 139441.27744293964}
{'sample_size': 1010, 'difference': 2, 'noise': 0, 'n': 101, 'shap_error': 0.032730658363294224, 'shap_norm_sq': 139441.27744293964}
{'sample_size': 2020, 'difference': 2, 'noise': 0, 'n': 101, 'shap_error': 0.015683728147798764, 'shap_norm_sq': 139441.27744293964}
{'sample_size': 4040, 'difference': 2, 'noise': 0, 'n': 101, 'shap_error': 0.006468117524789198, 'shap_norm_sq': 139441.27744293964}
{'sample_size': 8080, 'difference': 2, 'noise': 0, 'n': 101, 'shap_error': 0.00393980213728915, 'shap_norm_sq': 139441.27744293964}
{'sample_size': 16160, 'difference': 2, 'noise': 0, 'n': 101, 'shap_error': 0.0018263186741163144, 'shap_norm_sq': 139441.27744293964}
{'sample_size': 505, 'difference': 2, 'noise': 0, 'n': 101, 'shap_error': 0.15647184954252982, 'shap_norm_sq': 167533.94330480884}
{'sample_size': 1010, 'difference': 2, 'noise': 0, 'n': 101, 'shap_error': 0.051889144298380346, 'shap_norm_sq': 167533.94330480884}
{'sample_size': 2020, 'difference': 2, 'noise': 0, 'n': 101, 'shap_error': 0.024960447493670115, 'shap_norm_sq': 167533.94330480884}
{'sample_size': 4040, 'difference': 2, 'noise': 0, 'n': 101, 'shap_error': 0.009378395005779798, 'shap_norm_sq': 167533.94330480884}
{'sample_size': 8080, 'difference': 2, 'noise': 0, 'n': 101, 'shap_error': 0.004619855884134645, 'shap_norm_sq': 167533.94330480884}
{'sample_size': 16160, 'difference': 2, 'noise': 0, 'n': 101, 'shap_error': 0.0021772928497219316, 'shap_norm_sq': 167533.94330480884}
{'sample_size': 505, 'difference': 2, 'noise': 0, 'n': 101, 'shap_error': 0.08329223619150841, 'shap_norm_sq': 56582.391996151935}
{'sample_size': 1010, 'difference': 2, 'noise': 0, 'n': 101, 'shap_error': 0.032568650134365655, 'shap_norm_sq': 56582.391996151935}
{'sample_size': 2020, 'difference': 2, 'noise': 0, 'n': 101, 'shap_error': 0.013589946573836638, 'shap_norm_sq': 56582.391996151935}
{'sample_size': 4040, 'difference': 2, 'noise': 0, 'n': 101, 'shap_error': 0.0031235145400763252, 'shap_norm_sq': 56582.391996151935}
{'sample_size': 8080, 'difference': 2, 'noise': 0, 'n': 101, 'shap_error': 0.002514168283448003, 'shap_norm_sq': 56582.391996151935}
{'sample_size': 16160, 'difference': 2, 'noise': 0, 'n': 101, 'shap_error': 0.001114507622773803, 'shap_norm_sq': 56582.391996151935}
{'sample_size': 505, 'difference': 2, 'noise': 0, 'n': 101, 'shap_error': 0.026520033364665466, 'shap_norm_sq': 64877.84173911159}
{'sample_size': 1010, 'difference': 2, 'noise': 0, 'n': 101, 'shap_error': 0.013152205130089734, 'shap_norm_sq': 64877.84173911159}
{'sample_size': 2020, 'difference': 2, 'noise': 0, 'n': 101, 'shap_error': 0.005790587793921182, 'shap_norm_sq': 64877.84173911159}
{'sample_size': 4040, 'difference': 2, 'noise': 0, 'n': 101, 'shap_error': 0.0025370151515366475, 'shap_norm_sq': 64877.84173911159}
{'sample_size': 8080, 'difference': 2, 'noise': 0, 'n': 101, 'shap_error': 0.0011314109824028652, 'shap_norm_sq': 64877.84173911159}
{'sample_size': 16160, 'difference': 2, 'noise': 0, 'n': 101, 'shap_error': 0.0005029419347223237, 'shap_norm_sq': 64877.84173911159}
{'sample_size': 505, 'difference': 2, 'noise': 0, 'n': 101, 'shap_error': 0.05804814356430599, 'shap_norm_sq': 91655.66755265628}
{'sample_size': 1010, 'difference': 2, 'noise': 0, 'n': 101, 'shap_error': 0.023189123495619027, 'shap_norm_sq': 91655.66755265628}
{'sample_size': 2020, 'difference': 2, 'noise': 0, 'n': 101, 'shap_error': 0.010065007792409332, 'shap_norm_sq': 91655.66755265628}
{'sample_size': 4040, 'difference': 2, 'noise': 0, 'n': 101, 'shap_error': 0.004016030974089561, 'shap_norm_sq': 91655.66755265628}
{'sample_size': 8080, 'difference': 2, 'noise': 0, 'n': 101, 'shap_error': 0.002353808092421775, 'shap_norm_sq': 91655.66755265628}
{'sample_size': 16160, 'difference': 2, 'noise': 0, 'n': 101, 'shap_error': 0.0008683985531948892, 'shap_norm_sq': 91655.66755265628}
{'sample_size': 505, 'difference': 2, 'noise': 0, 'n': 101, 'shap_error': 0.02510851413590165, 'shap_norm_sq': 65852.8644272331}
{'sample_size': 1010, 'difference': 2, 'noise': 0, 'n': 101, 'shap_error': 0.00791367598382494, 'shap_norm_sq': 65852.8644272331}
{'sample_size': 2020, 'difference': 2, 'noise': 0, 'n': 101, 'shap_error': 0.003619003431650261, 'shap_norm_sq': 65852.8644272331}
{'sample_size': 4040, 'difference': 2, 'noise': 0, 'n': 101, 'shap_error': 0.0014058584620124826, 'shap_norm_sq': 65852.8644272331}
{'sample_size': 8080, 'difference': 2, 'noise': 0, 'n': 101, 'shap_error': 0.0007662213002198524, 'shap_norm_sq': 65852.8644272331}
{'sample_size': 16160, 'difference': 2, 'noise': 0, 'n': 101, 'shap_error': 0.0004153696425236115, 'shap_norm_sq': 65852.8644272331}
{'sample_size': 505, 'difference': 2, 'noise': 0, 'n': 101, 'shap_error': 0.037599725725788694, 'shap_norm_sq': 68578.74388306007}
{'sample_size': 1010, 'difference': 2, 'noise': 0, 'n': 101, 'shap_error': 0.015659030667234182, 'shap_norm_sq': 68578.74388306007}
{'sample_size': 2020, 'difference': 2, 'noise': 0, 'n': 101, 'shap_error': 0.005899797777066037, 'shap_norm_sq': 68578.74388306007}
{'sample_size': 4040, 'difference': 2, 'noise': 0, 'n': 101, 'shap_error': 0.0023749817885575855, 'shap_norm_sq': 68578.74388306007}
{'sample_size': 8080, 'difference': 2, 'noise': 0, 'n': 101, 'shap_error': 0.0012624706799281703, 'shap_norm_sq': 68578.74388306007}
{'sample_size': 16160, 'difference': 2, 'noise': 0, 'n': 101, 'shap_error': 0.0006364368157708531, 'shap_norm_sq': 68578.74388306007}
{'sample_size': 505, 'difference': 2, 'noise': 0, 'n': 101, 'shap_error': 0.03115391571211171, 'shap_norm_sq': 15436.66169381117}
{'sample_size': 1010, 'difference': 2, 'noise': 0, 'n': 101, 'shap_error': 0.012812905914335255, 'shap_norm_sq': 15436.66169381117}
{'sample_size': 2020, 'difference': 2, 'noise': 0, 'n': 101, 'shap_error': 0.0037423307225840094, 'shap_norm_sq': 15436.66169381117}
{'sample_size': 4040, 'difference': 2, 'noise': 0, 'n': 101, 'shap_error': 0.0021556942271569756, 'shap_norm_sq': 15436.66169381117}
{'sample_size': 8080, 'difference': 2, 'noise': 0, 'n': 101, 'shap_error': 0.0011996789707126672, 'shap_norm_sq': 15436.66169381117}
{'sample_size': 16160, 'difference': 2, 'noise': 0, 'n': 101, 'shap_error': 0.0005425729240058423, 'shap_norm_sq': 15436.66169381117}
{'sample_size': 505, 'difference': 2, 'noise': 0, 'n': 101, 'shap_error': 0.059451306994698534, 'shap_norm_sq': 59988.42633215804}
{'sample_size': 1010, 'difference': 2, 'noise': 0, 'n': 101, 'shap_error': 0.015547022097077673, 'shap_norm_sq': 59988.42633215804}
{'sample_size': 2020, 'difference': 2, 'noise': 0, 'n': 101, 'shap_error': 0.0063102789158804495, 'shap_norm_sq': 59988.42633215804}
{'sample_size': 4040, 'difference': 2, 'noise': 0, 'n': 101, 'shap_error': 0.002560501143811997, 'shap_norm_sq': 59988.42633215804}
{'sample_size': 8080, 'difference': 2, 'noise': 0, 'n': 101, 'shap_error': 0.0010486907985714474, 'shap_norm_sq': 59988.42633215804}
{'sample_size': 16160, 'difference': 2, 'noise': 0, 'n': 101, 'shap_error': 0.0007022345694306978, 'shap_norm_sq': 59988.42633215804}
{'sample_size': 505, 'difference': 2, 'noise': 0, 'n': 101, 'shap_error': 0.03186027926438996, 'shap_norm_sq': 70948.06025453871}
{'sample_size': 1010, 'difference': 2, 'noise': 0, 'n': 101, 'shap_error': 0.0106500431899229, 'shap_norm_sq': 70948.06025453871}
{'sample_size': 2020, 'difference': 2, 'noise': 0, 'n': 101, 'shap_error': 0.0036790129466017455, 'shap_norm_sq': 70948.06025453871}
{'sample_size': 4040, 'difference': 2, 'noise': 0, 'n': 101, 'shap_error': 0.00218684949906788, 'shap_norm_sq': 70948.06025453871}
{'sample_size': 8080, 'difference': 2, 'noise': 0, 'n': 101, 'shap_error': 0.0011221748247918469, 'shap_norm_sq': 70948.06025453871}
{'sample_size': 16160, 'difference': 2, 'noise': 0, 'n': 101, 'shap_error': 0.0006320244026243577, 'shap_norm_sq': 70948.06025453871}
{'sample_size': 505, 'difference': 2, 'noise': 0, 'n': 101, 'shap_error': 0.14248929026696772, 'shap_norm_sq': 77924.32063228902}
{'sample_size': 1010, 'difference': 2, 'noise': 0, 'n': 101, 'shap_error': 0.047940622082854205, 'shap_norm_sq': 77924.32063228902}
{'sample_size': 2020, 'difference': 2, 'noise': 0, 'n': 101, 'shap_error': 0.022324457064997003, 'shap_norm_sq': 77924.32063228902}
{'sample_size': 4040, 'difference': 2, 'noise': 0, 'n': 101, 'shap_error': 0.008286771815536898, 'shap_norm_sq': 77924.32063228902}
{'sample_size': 8080, 'difference': 2, 'noise': 0, 'n': 101, 'shap_error': 0.0043646320559588775, 'shap_norm_sq': 77924.32063228902}
{'sample_size': 16160, 'difference': 2, 'noise': 0, 'n': 101, 'shap_error': 0.0019242369694142264, 'shap_norm_sq': 77924.32063228902}
{'sample_size': 505, 'difference': 2, 'noise': 0, 'n': 101, 'shap_error': 0.09300829504952454, 'shap_norm_sq': 58480.294322778}
{'sample_size': 1010, 'difference': 2, 'noise': 0, 'n': 101, 'shap_error': 0.034758112932715066, 'shap_norm_sq': 58480.294322778}
{'sample_size': 2020, 'difference': 2, 'noise': 0, 'n': 101, 'shap_error': 0.01289621451205738, 'shap_norm_sq': 58480.294322778}
{'sample_size': 4040, 'difference': 2, 'noise': 0, 'n': 101, 'shap_error': 0.006135254502926657, 'shap_norm_sq': 58480.294322778}
{'sample_size': 8080, 'difference': 2, 'noise': 0, 'n': 101, 'shap_error': 0.004009619047344658, 'shap_norm_sq': 58480.294322778}
{'sample_size': 16160, 'difference': 2, 'noise': 0, 'n': 101, 'shap_error': 0.0015522355296655444, 'shap_norm_sq': 58480.294322778}
{'sample_size': 505, 'difference': 2, 'noise': 0, 'n': 101, 'shap_error': 0.09178942987075503, 'shap_norm_sq': 142861.1072230097}
{'sample_size': 1010, 'difference': 2, 'noise': 0, 'n': 101, 'shap_error': 0.03237811245601938, 'shap_norm_sq': 142861.1072230097}
{'sample_size': 2020, 'difference': 2, 'noise': 0, 'n': 101, 'shap_error': 0.015074919456162971, 'shap_norm_sq': 142861.1072230097}
{'sample_size': 4040, 'difference': 2, 'noise': 0, 'n': 101, 'shap_error': 0.004334299825536302, 'shap_norm_sq': 142861.1072230097}
{'sample_size': 8080, 'difference': 2, 'noise': 0, 'n': 101, 'shap_error': 0.002448882835661043, 'shap_norm_sq': 142861.1072230097}
{'sample_size': 16160, 'difference': 2, 'noise': 0, 'n': 101, 'shap_error': 0.0014975651535794991, 'shap_norm_sq': 142861.1072230097}
{'sample_size': 505, 'difference': 2, 'noise': 0, 'n': 101, 'shap_error': 0.1305399169479606, 'shap_norm_sq': 29155.982366292}
{'sample_size': 1010, 'difference': 2, 'noise': 0, 'n': 101, 'shap_error': 0.051798677180277836, 'shap_norm_sq': 29155.982366292}
{'sample_size': 2020, 'difference': 2, 'noise': 0, 'n': 101, 'shap_error': 0.02391489723708649, 'shap_norm_sq': 29155.982366292}
{'sample_size': 4040, 'difference': 2, 'noise': 0, 'n': 101, 'shap_error': 0.006298254466904961, 'shap_norm_sq': 29155.982366292}
{'sample_size': 8080, 'difference': 2, 'noise': 0, 'n': 101, 'shap_error': 0.005292917560850653, 'shap_norm_sq': 29155.982366292}
{'sample_size': 16160, 'difference': 2, 'noise': 0, 'n': 101, 'shap_error': 0.0020511199404118622, 'shap_norm_sq': 29155.982366292}
{'sample_size': 505, 'difference': 2, 'noise': 0, 'n': 101, 'shap_error': 0.03635604723689704, 'shap_norm_sq': 68210.27030421194}
{'sample_size': 1010, 'difference': 2, 'noise': 0, 'n': 101, 'shap_error': 0.016243614619060605, 'shap_norm_sq': 68210.27030421194}
{'sample_size': 2020, 'difference': 2, 'noise': 0, 'n': 101, 'shap_error': 0.005392069403280546, 'shap_norm_sq': 68210.27030421194}
{'sample_size': 4040, 'difference': 2, 'noise': 0, 'n': 101, 'shap_error': 0.0019724555734995557, 'shap_norm_sq': 68210.27030421194}
{'sample_size': 8080, 'difference': 2, 'noise': 0, 'n': 101, 'shap_error': 0.0012424832291405786, 'shap_norm_sq': 68210.27030421194}
{'sample_size': 16160, 'difference': 2, 'noise': 0, 'n': 101, 'shap_error': 0.0005756952261394044, 'shap_norm_sq': 68210.27030421194}
{'sample_size': 505, 'difference': 2, 'noise': 0, 'n': 101, 'shap_error': 0.05049760387906342, 'shap_norm_sq': 86211.11074959261}
{'sample_size': 1010, 'difference': 2, 'noise': 0, 'n': 101, 'shap_error': 0.022103526924717235, 'shap_norm_sq': 86211.11074959261}
{'sample_size': 2020, 'difference': 2, 'noise': 0, 'n': 101, 'shap_error': 0.00953695434441051, 'shap_norm_sq': 86211.11074959261}
{'sample_size': 4040, 'difference': 2, 'noise': 0, 'n': 101, 'shap_error': 0.003682109069226248, 'shap_norm_sq': 86211.11074959261}
{'sample_size': 8080, 'difference': 2, 'noise': 0, 'n': 101, 'shap_error': 0.0016115515218115338, 'shap_norm_sq': 86211.11074959261}
{'sample_size': 16160, 'difference': 2, 'noise': 0, 'n': 101, 'shap_error': 0.000687566752352271, 'shap_norm_sq': 86211.11074959261}
{'sample_size': 505, 'difference': 2, 'noise': 0, 'n': 101, 'shap_error': 0.032051699242658736, 'shap_norm_sq': 71614.5711912898}
{'sample_size': 1010, 'difference': 2, 'noise': 0, 'n': 101, 'shap_error': 0.017002194758530962, 'shap_norm_sq': 71614.5711912898}
{'sample_size': 2020, 'difference': 2, 'noise': 0, 'n': 101, 'shap_error': 0.0065093531440531495, 'shap_norm_sq': 71614.5711912898}
{'sample_size': 4040, 'difference': 2, 'noise': 0, 'n': 101, 'shap_error': 0.0025710683530046664, 'shap_norm_sq': 71614.5711912898}
{'sample_size': 8080, 'difference': 2, 'noise': 0, 'n': 101, 'shap_error': 0.0017165598235588332, 'shap_norm_sq': 71614.5711912898}
{'sample_size': 16160, 'difference': 2, 'noise': 0, 'n': 101, 'shap_error': 0.0007615897349795069, 'shap_norm_sq': 71614.5711912898}
{'sample_size': 505, 'difference': 2, 'noise': 0, 'n': 101, 'shap_error': 0.1585562539048019, 'shap_norm_sq': 363781.09591590613}
{'sample_size': 1010, 'difference': 2, 'noise': 0, 'n': 101, 'shap_error': 0.05715160724058112, 'shap_norm_sq': 363781.09591590613}
{'sample_size': 2020, 'difference': 2, 'noise': 0, 'n': 101, 'shap_error': 0.012239175996774066, 'shap_norm_sq': 363781.09591590613}
{'sample_size': 4040, 'difference': 2, 'noise': 0, 'n': 101, 'shap_error': 0.008765166016496307, 'shap_norm_sq': 363781.09591590613}
{'sample_size': 8080, 'difference': 2, 'noise': 0, 'n': 101, 'shap_error': 0.004847241395320953, 'shap_norm_sq': 363781.09591590613}
{'sample_size': 16160, 'difference': 2, 'noise': 0, 'n': 101, 'shap_error': 0.0018413416712523688, 'shap_norm_sq': 363781.09591590613}
{'sample_size': 505, 'difference': 2, 'noise': 0, 'n': 101, 'shap_error': 0.1338571518440082, 'shap_norm_sq': 65152.18994262499}
{'sample_size': 1010, 'difference': 2, 'noise': 0, 'n': 101, 'shap_error': 0.05066107571583601, 'shap_norm_sq': 65152.18994262499}
{'sample_size': 2020, 'difference': 2, 'noise': 0, 'n': 101, 'shap_error': 0.02379595548809315, 'shap_norm_sq': 65152.18994262499}
{'sample_size': 4040, 'difference': 2, 'noise': 0, 'n': 101, 'shap_error': 0.008911544436364821, 'shap_norm_sq': 65152.18994262499}
{'sample_size': 8080, 'difference': 2, 'noise': 0, 'n': 101, 'shap_error': 0.002933695767679955, 'shap_norm_sq': 65152.18994262499}
{'sample_size': 16160, 'difference': 2, 'noise': 0, 'n': 101, 'shap_error': 0.0022857937700527593, 'shap_norm_sq': 65152.18994262499}
{'sample_size': 505, 'difference': 2, 'noise': 0, 'n': 101, 'shap_error': 0.014065788734305371, 'shap_norm_sq': 61475.04748303989}
{'sample_size': 1010, 'difference': 2, 'noise': 0, 'n': 101, 'shap_error': 0.005775842571758575, 'shap_norm_sq': 61475.04748303989}
{'sample_size': 2020, 'difference': 2, 'noise': 0, 'n': 101, 'shap_error': 0.0025910291727302983, 'shap_norm_sq': 61475.04748303989}
{'sample_size': 4040, 'difference': 2, 'noise': 0, 'n': 101, 'shap_error': 0.001235091232907092, 'shap_norm_sq': 61475.04748303989}
{'sample_size': 8080, 'difference': 2, 'noise': 0, 'n': 101, 'shap_error': 0.0005407591899068397, 'shap_norm_sq': 61475.04748303989}
{'sample_size': 16160, 'difference': 2, 'noise': 0, 'n': 101, 'shap_error': 0.0003295511418464534, 'shap_norm_sq': 61475.04748303989}
{'sample_size': 505, 'difference': 2, 'noise': 0, 'n': 101, 'shap_error': 0.07628208170387722, 'shap_norm_sq': 64529.68913311736}
{'sample_size': 1010, 'difference': 2, 'noise': 0, 'n': 101, 'shap_error': 0.022626447260446075, 'shap_norm_sq': 64529.68913311736}
{'sample_size': 2020, 'difference': 2, 'noise': 0, 'n': 101, 'shap_error': 0.012220123079199412, 'shap_norm_sq': 64529.68913311736}
{'sample_size': 4040, 'difference': 2, 'noise': 0, 'n': 101, 'shap_error': 0.004500460991823599, 'shap_norm_sq': 64529.68913311736}
{'sample_size': 8080, 'difference': 2, 'noise': 0, 'n': 101, 'shap_error': 0.002325225698117944, 'shap_norm_sq': 64529.68913311736}
{'sample_size': 16160, 'difference': 2, 'noise': 0, 'n': 101, 'shap_error': 0.0013906238148754552, 'shap_norm_sq': 64529.68913311736}
{'sample_size': 505, 'difference': 2, 'noise': 0, 'n': 101, 'shap_error': 0.17708859842940583, 'shap_norm_sq': 37054.59474406034}
{'sample_size': 1010, 'difference': 2, 'noise': 0, 'n': 101, 'shap_error': 0.04767185834283372, 'shap_norm_sq': 37054.59474406034}
{'sample_size': 2020, 'difference': 2, 'noise': 0, 'n': 101, 'shap_error': 0.022357087111282363, 'shap_norm_sq': 37054.59474406034}
{'sample_size': 4040, 'difference': 2, 'noise': 0, 'n': 101, 'shap_error': 0.010061143850091008, 'shap_norm_sq': 37054.59474406034}
{'sample_size': 8080, 'difference': 2, 'noise': 0, 'n': 101, 'shap_error': 0.004240700046489006, 'shap_norm_sq': 37054.59474406034}
{'sample_size': 16160, 'difference': 2, 'noise': 0, 'n': 101, 'shap_error': 0.0018939765025594137, 'shap_norm_sq': 37054.59474406034}
{'sample_size': 505, 'difference': 2, 'noise': 0, 'n': 101, 'shap_error': 0.03165555683595222, 'shap_norm_sq': 67634.43522297681}
{'sample_size': 1010, 'difference': 2, 'noise': 0, 'n': 101, 'shap_error': 0.0150144492353525, 'shap_norm_sq': 67634.43522297681}
{'sample_size': 2020, 'difference': 2, 'noise': 0, 'n': 101, 'shap_error': 0.0048795952831427285, 'shap_norm_sq': 67634.43522297681}
{'sample_size': 4040, 'difference': 2, 'noise': 0, 'n': 101, 'shap_error': 0.0022242554786747744, 'shap_norm_sq': 67634.43522297681}
{'sample_size': 8080, 'difference': 2, 'noise': 0, 'n': 101, 'shap_error': 0.0009987273973009146, 'shap_norm_sq': 67634.43522297681}
{'sample_size': 16160, 'difference': 2, 'noise': 0, 'n': 101, 'shap_error': 0.0005068892646635344, 'shap_norm_sq': 67634.43522297681}
{'sample_size': 505, 'difference': 2, 'noise': 0, 'n': 101, 'shap_error': 0.09814250174331551, 'shap_norm_sq': 65693.15553171656}
{'sample_size': 1010, 'difference': 2, 'noise': 0, 'n': 101, 'shap_error': 0.028502822889955457, 'shap_norm_sq': 65693.15553171656}
{'sample_size': 2020, 'difference': 2, 'noise': 0, 'n': 101, 'shap_error': 0.01239565955425805, 'shap_norm_sq': 65693.15553171656}
{'sample_size': 4040, 'difference': 2, 'noise': 0, 'n': 101, 'shap_error': 0.0055258234667500275, 'shap_norm_sq': 65693.15553171656}
{'sample_size': 8080, 'difference': 2, 'noise': 0, 'n': 101, 'shap_error': 0.002439234178213351, 'shap_norm_sq': 65693.15553171656}
{'sample_size': 16160, 'difference': 2, 'noise': 0, 'n': 101, 'shap_error': 0.0011490705051738724, 'shap_norm_sq': 65693.15553171656}
{'sample_size': 505, 'difference': 2, 'noise': 0, 'n': 101, 'shap_error': 0.0696975533518449, 'shap_norm_sq': 90026.51727442787}
{'sample_size': 1010, 'difference': 2, 'noise': 0, 'n': 101, 'shap_error': 0.02584577654656257, 'shap_norm_sq': 90026.51727442787}
{'sample_size': 2020, 'difference': 2, 'noise': 0, 'n': 101, 'shap_error': 0.011557127946268578, 'shap_norm_sq': 90026.51727442787}
{'sample_size': 4040, 'difference': 2, 'noise': 0, 'n': 101, 'shap_error': 0.004803588567629358, 'shap_norm_sq': 90026.51727442787}
{'sample_size': 8080, 'difference': 2, 'noise': 0, 'n': 101, 'shap_error': 0.002217703404419908, 'shap_norm_sq': 90026.51727442787}
{'sample_size': 16160, 'difference': 2, 'noise': 0, 'n': 101, 'shap_error': 0.0009927565513357171, 'shap_norm_sq': 90026.51727442787}
{'sample_size': 505, 'difference': 2, 'noise': 0, 'n': 101, 'shap_error': 0.02433374508619969, 'shap_norm_sq': 60278.702543096995}
{'sample_size': 1010, 'difference': 2, 'noise': 0, 'n': 101, 'shap_error': 0.009042953954042072, 'shap_norm_sq': 60278.702543096995}
{'sample_size': 2020, 'difference': 2, 'noise': 0, 'n': 101, 'shap_error': 0.00422434924657284, 'shap_norm_sq': 60278.702543096995}
{'sample_size': 4040, 'difference': 2, 'noise': 0, 'n': 101, 'shap_error': 0.0020796975046144025, 'shap_norm_sq': 60278.702543096995}
{'sample_size': 8080, 'difference': 2, 'noise': 0, 'n': 101, 'shap_error': 0.000994034631539931, 'shap_norm_sq': 60278.702543096995}
{'sample_size': 16160, 'difference': 2, 'noise': 0, 'n': 101, 'shap_error': 0.00039610178434370874, 'shap_norm_sq': 60278.702543096995}
{'sample_size': 505, 'difference': 2, 'noise': 0, 'n': 101, 'shap_error': 0.12033328325462375, 'shap_norm_sq': 60517.72849368696}
{'sample_size': 1010, 'difference': 2, 'noise': 0, 'n': 101, 'shap_error': 0.041350553868518033, 'shap_norm_sq': 60517.72849368696}
{'sample_size': 2020, 'difference': 2, 'noise': 0, 'n': 101, 'shap_error': 0.02596291203860225, 'shap_norm_sq': 60517.72849368696}
{'sample_size': 4040, 'difference': 2, 'noise': 0, 'n': 101, 'shap_error': 0.010614828625810476, 'shap_norm_sq': 60517.72849368696}
{'sample_size': 8080, 'difference': 2, 'noise': 0, 'n': 101, 'shap_error': 0.004101801152400872, 'shap_norm_sq': 60517.72849368696}
{'sample_size': 16160, 'difference': 2, 'noise': 0, 'n': 101, 'shap_error': 0.0026559388262924074, 'shap_norm_sq': 60517.72849368696}
{'sample_size': 505, 'difference': 2, 'noise': 0, 'n': 101, 'shap_error': 0.0005451470570462838, 'shap_norm_sq': 10837.687552913987}
{'sample_size': 1010, 'difference': 2, 'noise': 0, 'n': 101, 'shap_error': 0.00018810256610894105, 'shap_norm_sq': 10837.687552913987}
{'sample_size': 2020, 'difference': 2, 'noise': 0, 'n': 101, 'shap_error': 9.204637380706946e-05, 'shap_norm_sq': 10837.687552913987}
{'sample_size': 4040, 'difference': 2, 'noise': 0, 'n': 101, 'shap_error': 3.54346631978066e-05, 'shap_norm_sq': 10837.687552913987}
{'sample_size': 8080, 'difference': 2, 'noise': 0, 'n': 101, 'shap_error': 1.796624425167913e-05, 'shap_norm_sq': 10837.687552913987}
{'sample_size': 16160, 'difference': 2, 'noise': 0, 'n': 101, 'shap_error': 7.650361447330805e-06, 'shap_norm_sq': 10837.687552913987}
{'sample_size': 505, 'difference': 2, 'noise': 0, 'n': 101, 'shap_error': 0.0961890875301814, 'shap_norm_sq': 59094.93972924952}
{'sample_size': 1010, 'difference': 2, 'noise': 0, 'n': 101, 'shap_error': 0.03098980815142946, 'shap_norm_sq': 59094.93972924952}
{'sample_size': 2020, 'difference': 2, 'noise': 0, 'n': 101, 'shap_error': 0.01482450401881197, 'shap_norm_sq': 59094.93972924952}
{'sample_size': 4040, 'difference': 2, 'noise': 0, 'n': 101, 'shap_error': 0.005149408811645928, 'shap_norm_sq': 59094.93972924952}
{'sample_size': 8080, 'difference': 2, 'noise': 0, 'n': 101, 'shap_error': 0.0030777371097716827, 'shap_norm_sq': 59094.93972924952}
{'sample_size': 16160, 'difference': 2, 'noise': 0, 'n': 101, 'shap_error': 0.001747728248814833, 'shap_norm_sq': 59094.93972924952}
{'sample_size': 505, 'difference': 2, 'noise': 0, 'n': 101, 'shap_error': 0.037671660400511744, 'shap_norm_sq': 81644.161193724}
{'sample_size': 1010, 'difference': 2, 'noise': 0, 'n': 101, 'shap_error': 0.011215363134245315, 'shap_norm_sq': 81644.161193724}
{'sample_size': 2020, 'difference': 2, 'noise': 0, 'n': 101, 'shap_error': 0.005712110284524747, 'shap_norm_sq': 81644.161193724}
{'sample_size': 4040, 'difference': 2, 'noise': 0, 'n': 101, 'shap_error': 0.002380411976064025, 'shap_norm_sq': 81644.161193724}
{'sample_size': 8080, 'difference': 2, 'noise': 0, 'n': 101, 'shap_error': 0.0008749292552866317, 'shap_norm_sq': 81644.161193724}
{'sample_size': 16160, 'difference': 2, 'noise': 0, 'n': 101, 'shap_error': 0.0004601401516809496, 'shap_norm_sq': 81644.161193724}
{'sample_size': 505, 'difference': 2, 'noise': 0, 'n': 101, 'shap_error': 0.1492343946546239, 'shap_norm_sq': 50053.765987219485}
{'sample_size': 1010, 'difference': 2, 'noise': 0, 'n': 101, 'shap_error': 0.060944473060111894, 'shap_norm_sq': 50053.765987219485}
{'sample_size': 2020, 'difference': 2, 'noise': 0, 'n': 101, 'shap_error': 0.03497773232348726, 'shap_norm_sq': 50053.765987219485}
{'sample_size': 4040, 'difference': 2, 'noise': 0, 'n': 101, 'shap_error': 0.01032613961392891, 'shap_norm_sq': 50053.765987219485}
{'sample_size': 8080, 'difference': 2, 'noise': 0, 'n': 101, 'shap_error': 0.004252437191632106, 'shap_norm_sq': 50053.765987219485}
{'sample_size': 16160, 'difference': 2, 'noise': 0, 'n': 101, 'shap_error': 0.0025528003037600857, 'shap_norm_sq': 50053.765987219485}
{'sample_size': 505, 'difference': 2, 'noise': 0, 'n': 101, 'shap_error': 0.08331329601948301, 'shap_norm_sq': 402205.52813783445}
{'sample_size': 1010, 'difference': 2, 'noise': 0, 'n': 101, 'shap_error': 0.01592228554851806, 'shap_norm_sq': 402205.52813783445}
{'sample_size': 2020, 'difference': 2, 'noise': 0, 'n': 101, 'shap_error': 0.008491821253138495, 'shap_norm_sq': 402205.52813783445}
{'sample_size': 4040, 'difference': 2, 'noise': 0, 'n': 101, 'shap_error': 0.0031305828327490414, 'shap_norm_sq': 402205.52813783445}
{'sample_size': 8080, 'difference': 2, 'noise': 0, 'n': 101, 'shap_error': 0.0015684582400386758, 'shap_norm_sq': 402205.52813783445}
{'sample_size': 16160, 'difference': 2, 'noise': 0, 'n': 101, 'shap_error': 0.0013235152509058063, 'shap_norm_sq': 402205.52813783445}
{'sample_size': 505, 'difference': 2, 'noise': 0, 'n': 101, 'shap_error': 0.028455850631933698, 'shap_norm_sq': 59051.703621773784}
{'sample_size': 1010, 'difference': 2, 'noise': 0, 'n': 101, 'shap_error': 0.008914663237982666, 'shap_norm_sq': 59051.703621773784}
{'sample_size': 2020, 'difference': 2, 'noise': 0, 'n': 101, 'shap_error': 0.00467476654306519, 'shap_norm_sq': 59051.703621773784}
{'sample_size': 4040, 'difference': 2, 'noise': 0, 'n': 101, 'shap_error': 0.0022652523066145134, 'shap_norm_sq': 59051.703621773784}
{'sample_size': 8080, 'difference': 2, 'noise': 0, 'n': 101, 'shap_error': 0.0011843672606947184, 'shap_norm_sq': 59051.703621773784}
{'sample_size': 16160, 'difference': 2, 'noise': 0, 'n': 101, 'shap_error': 0.0004233556818373264, 'shap_norm_sq': 59051.703621773784}
{'sample_size': 505, 'difference': 2, 'noise': 0, 'n': 101, 'shap_error': 0.03173858267785221, 'shap_norm_sq': 45343.17351124053}
{'sample_size': 1010, 'difference': 2, 'noise': 0, 'n': 101, 'shap_error': 0.018081898753776353, 'shap_norm_sq': 45343.17351124053}
{'sample_size': 2020, 'difference': 2, 'noise': 0, 'n': 101, 'shap_error': 0.004106741399112977, 'shap_norm_sq': 45343.17351124053}
{'sample_size': 4040, 'difference': 2, 'noise': 0, 'n': 101, 'shap_error': 0.002268395239371638, 'shap_norm_sq': 45343.17351124053}
{'sample_size': 8080, 'difference': 2, 'noise': 0, 'n': 101, 'shap_error': 0.0011127771251040527, 'shap_norm_sq': 45343.17351124053}
{'sample_size': 16160, 'difference': 2, 'noise': 0, 'n': 101, 'shap_error': 0.0004425644387912789, 'shap_norm_sq': 45343.17351124053}
{'sample_size': 505, 'difference': 2, 'noise': 0, 'n': 101, 'shap_error': 0.07949350520409133, 'shap_norm_sq': 69286.48627175041}
{'sample_size': 1010, 'difference': 2, 'noise': 0, 'n': 101, 'shap_error': 0.029200573563590293, 'shap_norm_sq': 69286.48627175041}
{'sample_size': 2020, 'difference': 2, 'noise': 0, 'n': 101, 'shap_error': 0.01705902698105788, 'shap_norm_sq': 69286.48627175041}
{'sample_size': 4040, 'difference': 2, 'noise': 0, 'n': 101, 'shap_error': 0.006234021790187138, 'shap_norm_sq': 69286.48627175041}
{'sample_size': 8080, 'difference': 2, 'noise': 0, 'n': 101, 'shap_error': 0.0036509932700248466, 'shap_norm_sq': 69286.48627175041}
{'sample_size': 16160, 'difference': 2, 'noise': 0, 'n': 101, 'shap_error': 0.001393760664198099, 'shap_norm_sq': 69286.48627175041}
{'sample_size': 505, 'difference': 2, 'noise': 0, 'n': 101, 'shap_error': 0.005391775207316933, 'shap_norm_sq': 64740.40159642255}
{'sample_size': 1010, 'difference': 2, 'noise': 0, 'n': 101, 'shap_error': 0.00221436912883663, 'shap_norm_sq': 64740.40159642255}
{'sample_size': 2020, 'difference': 2, 'noise': 0, 'n': 101, 'shap_error': 0.0009420741898870467, 'shap_norm_sq': 64740.40159642255}
{'sample_size': 4040, 'difference': 2, 'noise': 0, 'n': 101, 'shap_error': 0.0004803773770641655, 'shap_norm_sq': 64740.40159642255}
{'sample_size': 8080, 'difference': 2, 'noise': 0, 'n': 101, 'shap_error': 0.0002062229736478583, 'shap_norm_sq': 64740.40159642255}
{'sample_size': 16160, 'difference': 2, 'noise': 0, 'n': 101, 'shap_error': 0.00012515120640877174, 'shap_norm_sq': 64740.40159642255}
{'sample_size': 505, 'difference': 2, 'noise': 0, 'n': 101, 'shap_error': 0.02698944640125157, 'shap_norm_sq': 78281.04079348833}
{'sample_size': 1010, 'difference': 2, 'noise': 0, 'n': 101, 'shap_error': 0.01437178039397849, 'shap_norm_sq': 78281.04079348833}
{'sample_size': 2020, 'difference': 2, 'noise': 0, 'n': 101, 'shap_error': 0.007543632488815729, 'shap_norm_sq': 78281.04079348833}
{'sample_size': 4040, 'difference': 2, 'noise': 0, 'n': 101, 'shap_error': 0.0030487424476040846, 'shap_norm_sq': 78281.04079348833}
{'sample_size': 8080, 'difference': 2, 'noise': 0, 'n': 101, 'shap_error': 0.001306532972857577, 'shap_norm_sq': 78281.04079348833}
{'sample_size': 16160, 'difference': 2, 'noise': 0, 'n': 101, 'shap_error': 0.000877493659236436, 'shap_norm_sq': 78281.04079348833}
{'sample_size': 505, 'difference': 2, 'noise': 0, 'n': 101, 'shap_error': 0.06603761015046386, 'shap_norm_sq': 80933.95894743361}
{'sample_size': 1010, 'difference': 2, 'noise': 0, 'n': 101, 'shap_error': 0.01784442843997167, 'shap_norm_sq': 80933.95894743361}
{'sample_size': 2020, 'difference': 2, 'noise': 0, 'n': 101, 'shap_error': 0.006833521106202185, 'shap_norm_sq': 80933.95894743361}
{'sample_size': 4040, 'difference': 2, 'noise': 0, 'n': 101, 'shap_error': 0.0027338169666716746, 'shap_norm_sq': 80933.95894743361}
{'sample_size': 8080, 'difference': 2, 'noise': 0, 'n': 101, 'shap_error': 0.0016604416839085744, 'shap_norm_sq': 80933.95894743361}
{'sample_size': 16160, 'difference': 2, 'noise': 0, 'n': 101, 'shap_error': 0.0009578177729309575, 'shap_norm_sq': 80933.95894743361}
{'sample_size': 505, 'difference': 2, 'noise': 0, 'n': 101, 'shap_error': 0.024205803624600397, 'shap_norm_sq': 194115.54527974554}
{'sample_size': 1010, 'difference': 2, 'noise': 0, 'n': 101, 'shap_error': 0.007730371330817877, 'shap_norm_sq': 194115.54527974554}
{'sample_size': 2020, 'difference': 2, 'noise': 0, 'n': 101, 'shap_error': 0.004244526110773905, 'shap_norm_sq': 194115.54527974554}
{'sample_size': 4040, 'difference': 2, 'noise': 0, 'n': 101, 'shap_error': 0.001946882618033044, 'shap_norm_sq': 194115.54527974554}
{'sample_size': 8080, 'difference': 2, 'noise': 0, 'n': 101, 'shap_error': 0.0008456269798332686, 'shap_norm_sq': 194115.54527974554}
{'sample_size': 16160, 'difference': 2, 'noise': 0, 'n': 101, 'shap_error': 0.0003882418866781655, 'shap_norm_sq': 194115.54527974554}
{'sample_size': 505, 'difference': 2, 'noise': 0, 'n': 101, 'shap_error': 0.029304124678190758, 'shap_norm_sq': 53079.06010629076}
{'sample_size': 1010, 'difference': 2, 'noise': 0, 'n': 101, 'shap_error': 0.008391033187411972, 'shap_norm_sq': 53079.06010629076}
{'sample_size': 2020, 'difference': 2, 'noise': 0, 'n': 101, 'shap_error': 0.003591241915808951, 'shap_norm_sq': 53079.06010629076}
{'sample_size': 4040, 'difference': 2, 'noise': 0, 'n': 101, 'shap_error': 0.0015773255211720641, 'shap_norm_sq': 53079.06010629076}
{'sample_size': 8080, 'difference': 2, 'noise': 0, 'n': 101, 'shap_error': 0.0009793969800405687, 'shap_norm_sq': 53079.06010629076}
{'sample_size': 16160, 'difference': 2, 'noise': 0, 'n': 101, 'shap_error': 0.00038977273362484813, 'shap_norm_sq': 53079.06010629076}
{'sample_size': 505, 'difference': 2, 'noise': 0, 'n': 101, 'shap_error': 0.0708978766746485, 'shap_norm_sq': 64529.68913311736}
{'sample_size': 1010, 'difference': 2, 'noise': 0, 'n': 101, 'shap_error': 0.02981544264070553, 'shap_norm_sq': 64529.68913311736}
{'sample_size': 2020, 'difference': 2, 'noise': 0, 'n': 101, 'shap_error': 0.009303409110523235, 'shap_norm_sq': 64529.68913311736}
{'sample_size': 4040, 'difference': 2, 'noise': 0, 'n': 101, 'shap_error': 0.0045758148403205875, 'shap_norm_sq': 64529.68913311736}
{'sample_size': 8080, 'difference': 2, 'noise': 0, 'n': 101, 'shap_error': 0.0024563261783031682, 'shap_norm_sq': 64529.68913311736}
{'sample_size': 16160, 'difference': 2, 'noise': 0, 'n': 101, 'shap_error': 0.0014063807033829012, 'shap_norm_sq': 64529.68913311736}
{'sample_size': 505, 'difference': 2, 'noise': 0, 'n': 101, 'shap_error': 0.06772152027020555, 'shap_norm_sq': 95208.64754927717}
{'sample_size': 1010, 'difference': 2, 'noise': 0, 'n': 101, 'shap_error': 0.026252279898031663, 'shap_norm_sq': 95208.64754927717}
{'sample_size': 2020, 'difference': 2, 'noise': 0, 'n': 101, 'shap_error': 0.014113057566983916, 'shap_norm_sq': 95208.64754927717}
{'sample_size': 4040, 'difference': 2, 'noise': 0, 'n': 101, 'shap_error': 0.00485978470805827, 'shap_norm_sq': 95208.64754927717}
{'sample_size': 8080, 'difference': 2, 'noise': 0, 'n': 101, 'shap_error': 0.002603556974293616, 'shap_norm_sq': 95208.64754927717}
{'sample_size': 16160, 'difference': 2, 'noise': 0, 'n': 101, 'shap_error': 0.001350091135086183, 'shap_norm_sq': 95208.64754927717}
{'sample_size': 505, 'difference': 2, 'noise': 0, 'n': 101, 'shap_error': 0.04727018423657427, 'shap_norm_sq': 49611.86676062929}
{'sample_size': 1010, 'difference': 2, 'noise': 0, 'n': 101, 'shap_error': 0.011481785867602155, 'shap_norm_sq': 49611.86676062929}
{'sample_size': 2020, 'difference': 2, 'noise': 0, 'n': 101, 'shap_error': 0.006416820286390439, 'shap_norm_sq': 49611.86676062929}
{'sample_size': 4040, 'difference': 2, 'noise': 0, 'n': 101, 'shap_error': 0.0026454037223191044, 'shap_norm_sq': 49611.86676062929}
{'sample_size': 8080, 'difference': 2, 'noise': 0, 'n': 101, 'shap_error': 0.0009652974188242747, 'shap_norm_sq': 49611.86676062929}
{'sample_size': 16160, 'difference': 2, 'noise': 0, 'n': 101, 'shap_error': 0.0005654018377634887, 'shap_norm_sq': 49611.86676062929}
{'sample_size': 505, 'difference': 2, 'noise': 0, 'n': 101, 'shap_error': 0.0246463247776739, 'shap_norm_sq': 54630.12408325359}
{'sample_size': 1010, 'difference': 2, 'noise': 0, 'n': 101, 'shap_error': 0.007132188002369634, 'shap_norm_sq': 54630.12408325359}
{'sample_size': 2020, 'difference': 2, 'noise': 0, 'n': 101, 'shap_error': 0.002560407002592269, 'shap_norm_sq': 54630.12408325359}
{'sample_size': 4040, 'difference': 2, 'noise': 0, 'n': 101, 'shap_error': 0.00177020387332142, 'shap_norm_sq': 54630.12408325359}
{'sample_size': 8080, 'difference': 2, 'noise': 0, 'n': 101, 'shap_error': 0.0008304009347847659, 'shap_norm_sq': 54630.12408325359}
{'sample_size': 16160, 'difference': 2, 'noise': 0, 'n': 101, 'shap_error': 0.0003981881725926369, 'shap_norm_sq': 54630.12408325359}
{'sample_size': 505, 'difference': 2, 'noise': 0, 'n': 101, 'shap_error': 0.026892723451510146, 'shap_norm_sq': 36586.72494949802}
{'sample_size': 1010, 'difference': 2, 'noise': 0, 'n': 101, 'shap_error': 0.011652862817593026, 'shap_norm_sq': 36586.72494949802}
{'sample_size': 2020, 'difference': 2, 'noise': 0, 'n': 101, 'shap_error': 0.0063235944355040765, 'shap_norm_sq': 36586.72494949802}
{'sample_size': 4040, 'difference': 2, 'noise': 0, 'n': 101, 'shap_error': 0.0024740740327601663, 'shap_norm_sq': 36586.72494949802}
{'sample_size': 8080, 'difference': 2, 'noise': 0, 'n': 101, 'shap_error': 0.0009548419933968153, 'shap_norm_sq': 36586.72494949802}
{'sample_size': 16160, 'difference': 2, 'noise': 0, 'n': 101, 'shap_error': 0.0004909780388347198, 'shap_norm_sq': 36586.72494949802}
{'sample_size': 505, 'difference': 2, 'noise': 0, 'n': 101, 'shap_error': 0.09661298789464567, 'shap_norm_sq': 95922.30425254253}
{'sample_size': 1010, 'difference': 2, 'noise': 0, 'n': 101, 'shap_error': 0.02085201999839045, 'shap_norm_sq': 95922.30425254253}
{'sample_size': 2020, 'difference': 2, 'noise': 0, 'n': 101, 'shap_error': 0.010384194848276431, 'shap_norm_sq': 95922.30425254253}
{'sample_size': 4040, 'difference': 2, 'noise': 0, 'n': 101, 'shap_error': 0.004243709132843026, 'shap_norm_sq': 95922.30425254253}
{'sample_size': 8080, 'difference': 2, 'noise': 0, 'n': 101, 'shap_error': 0.0021593835244192476, 'shap_norm_sq': 95922.30425254253}
{'sample_size': 16160, 'difference': 2, 'noise': 0, 'n': 101, 'shap_error': 0.0009288621118585242, 'shap_norm_sq': 95922.30425254253}
{'sample_size': 505, 'difference': 2, 'noise': 0, 'n': 101, 'shap_error': 0.07401690334216564, 'shap_norm_sq': 66146.79000065055}
{'sample_size': 1010, 'difference': 2, 'noise': 0, 'n': 101, 'shap_error': 0.024692275695026234, 'shap_norm_sq': 66146.79000065055}
{'sample_size': 2020, 'difference': 2, 'noise': 0, 'n': 101, 'shap_error': 0.010030898472496653, 'shap_norm_sq': 66146.79000065055}
{'sample_size': 4040, 'difference': 2, 'noise': 0, 'n': 101, 'shap_error': 0.003589460857533304, 'shap_norm_sq': 66146.79000065055}
{'sample_size': 8080, 'difference': 2, 'noise': 0, 'n': 101, 'shap_error': 0.001324591873147253, 'shap_norm_sq': 66146.79000065055}
{'sample_size': 16160, 'difference': 2, 'noise': 0, 'n': 101, 'shap_error': 0.0008714638013627592, 'shap_norm_sq': 66146.79000065055}
{'sample_size': 505, 'difference': 2, 'noise': 0, 'n': 101, 'shap_error': 0.03438239096737064, 'shap_norm_sq': 36099.76370580298}
{'sample_size': 1010, 'difference': 2, 'noise': 0, 'n': 101, 'shap_error': 0.006186570868767651, 'shap_norm_sq': 36099.76370580298}
{'sample_size': 2020, 'difference': 2, 'noise': 0, 'n': 101, 'shap_error': 0.0036079206100520043, 'shap_norm_sq': 36099.76370580298}
{'sample_size': 4040, 'difference': 2, 'noise': 0, 'n': 101, 'shap_error': 0.0015759963738386348, 'shap_norm_sq': 36099.76370580298}
{'sample_size': 8080, 'difference': 2, 'noise': 0, 'n': 101, 'shap_error': 0.0005416539739297556, 'shap_norm_sq': 36099.76370580298}
{'sample_size': 16160, 'difference': 2, 'noise': 0, 'n': 101, 'shap_error': 0.0004131681853396478, 'shap_norm_sq': 36099.76370580298}
{'sample_size': 505, 'difference': 2, 'noise': 0, 'n': 101, 'shap_error': 0.08808065585072303, 'shap_norm_sq': 115202.0167338266}
{'sample_size': 1010, 'difference': 2, 'noise': 0, 'n': 101, 'shap_error': 0.0255715539703504, 'shap_norm_sq': 115202.0167338266}
{'sample_size': 2020, 'difference': 2, 'noise': 0, 'n': 101, 'shap_error': 0.01382885648826589, 'shap_norm_sq': 115202.0167338266}
{'sample_size': 4040, 'difference': 2, 'noise': 0, 'n': 101, 'shap_error': 0.005507109975544827, 'shap_norm_sq': 115202.0167338266}
{'sample_size': 8080, 'difference': 2, 'noise': 0, 'n': 101, 'shap_error': 0.002195564434611399, 'shap_norm_sq': 115202.0167338266}
{'sample_size': 16160, 'difference': 2, 'noise': 0, 'n': 101, 'shap_error': 0.0013615760713562778, 'shap_norm_sq': 115202.0167338266}
{'sample_size': 505, 'difference': 2, 'noise': 0, 'n': 101, 'shap_error': 0.1718289558907429, 'shap_norm_sq': 45790.27580792465}
{'sample_size': 1010, 'difference': 2, 'noise': 0, 'n': 101, 'shap_error': 0.0712655250521076, 'shap_norm_sq': 45790.27580792465}
{'sample_size': 2020, 'difference': 2, 'noise': 0, 'n': 101, 'shap_error': 0.023966268015202057, 'shap_norm_sq': 45790.27580792465}
{'sample_size': 4040, 'difference': 2, 'noise': 0, 'n': 101, 'shap_error': 0.01106358171668694, 'shap_norm_sq': 45790.27580792465}
{'sample_size': 8080, 'difference': 2, 'noise': 0, 'n': 101, 'shap_error': 0.006582797481473497, 'shap_norm_sq': 45790.27580792465}
{'sample_size': 16160, 'difference': 2, 'noise': 0, 'n': 101, 'shap_error': 0.002526201335681532, 'shap_norm_sq': 45790.27580792465}
{'sample_size': 505, 'difference': 2, 'noise': 0, 'n': 101, 'shap_error': 0.008072501071146466, 'shap_norm_sq': 132753.67474576674}
{'sample_size': 1010, 'difference': 2, 'noise': 0, 'n': 101, 'shap_error': 0.0024406192859068743, 'shap_norm_sq': 132753.67474576674}
{'sample_size': 2020, 'difference': 2, 'noise': 0, 'n': 101, 'shap_error': 0.000989993301107701, 'shap_norm_sq': 132753.67474576674}
{'sample_size': 4040, 'difference': 2, 'noise': 0, 'n': 101, 'shap_error': 0.0005752567639446549, 'shap_norm_sq': 132753.67474576674}
{'sample_size': 8080, 'difference': 2, 'noise': 0, 'n': 101, 'shap_error': 0.0002224587549490058, 'shap_norm_sq': 132753.67474576674}
{'sample_size': 16160, 'difference': 2, 'noise': 0, 'n': 101, 'shap_error': 0.00012059028090485971, 'shap_norm_sq': 132753.67474576674}
{'sample_size': 505, 'difference': 2, 'noise': 0, 'n': 101, 'shap_error': 0.00926587117290939, 'shap_norm_sq': 84682.562817112}
{'sample_size': 1010, 'difference': 2, 'noise': 0, 'n': 101, 'shap_error': 0.00420808176477879, 'shap_norm_sq': 84682.562817112}
{'sample_size': 2020, 'difference': 2, 'noise': 0, 'n': 101, 'shap_error': 0.002307415055362537, 'shap_norm_sq': 84682.562817112}
{'sample_size': 4040, 'difference': 2, 'noise': 0, 'n': 101, 'shap_error': 0.0007551037925810959, 'shap_norm_sq': 84682.562817112}
{'sample_size': 8080, 'difference': 2, 'noise': 0, 'n': 101, 'shap_error': 0.0002884371459891669, 'shap_norm_sq': 84682.562817112}
{'sample_size': 16160, 'difference': 2, 'noise': 0, 'n': 101, 'shap_error': 0.000157010721369383, 'shap_norm_sq': 84682.562817112}
{'sample_size': 505, 'difference': 2, 'noise': 0, 'n': 101, 'shap_error': 0.12513602794711653, 'shap_norm_sq': 91042.72190449374}
{'sample_size': 1010, 'difference': 2, 'noise': 0, 'n': 101, 'shap_error': 0.041554259919282355, 'shap_norm_sq': 91042.72190449374}
{'sample_size': 2020, 'difference': 2, 'noise': 0, 'n': 101, 'shap_error': 0.016028940739724776, 'shap_norm_sq': 91042.72190449374}
{'sample_size': 4040, 'difference': 2, 'noise': 0, 'n': 101, 'shap_error': 0.007436073838117211, 'shap_norm_sq': 91042.72190449374}
{'sample_size': 8080, 'difference': 2, 'noise': 0, 'n': 101, 'shap_error': 0.00359670113557603, 'shap_norm_sq': 91042.72190449374}
{'sample_size': 16160, 'difference': 2, 'noise': 0, 'n': 101, 'shap_error': 0.001663339944671012, 'shap_norm_sq': 91042.72190449374}
{'sample_size': 505, 'difference': 2, 'noise': 0, 'n': 101, 'shap_error': 0.16689356147060933, 'shap_norm_sq': 31924.61122788529}
{'sample_size': 1010, 'difference': 2, 'noise': 0, 'n': 101, 'shap_error': 0.07030558515175758, 'shap_norm_sq': 31924.61122788529}
{'sample_size': 2020, 'difference': 2, 'noise': 0, 'n': 101, 'shap_error': 0.03483412926250109, 'shap_norm_sq': 31924.61122788529}
{'sample_size': 4040, 'difference': 2, 'noise': 0, 'n': 101, 'shap_error': 0.014782685582864859, 'shap_norm_sq': 31924.61122788529}
{'sample_size': 8080, 'difference': 2, 'noise': 0, 'n': 101, 'shap_error': 0.005773677010855799, 'shap_norm_sq': 31924.61122788529}
{'sample_size': 16160, 'difference': 2, 'noise': 0, 'n': 101, 'shap_error': 0.0028555085361527295, 'shap_norm_sq': 31924.61122788529}
{'sample_size': 505, 'difference': 2, 'noise': 0, 'n': 101, 'shap_error': 0.009692382975755604, 'shap_norm_sq': 65295.62464087013}
{'sample_size': 1010, 'difference': 2, 'noise': 0, 'n': 101, 'shap_error': 0.003998700584051859, 'shap_norm_sq': 65295.62464087013}
{'sample_size': 2020, 'difference': 2, 'noise': 0, 'n': 101, 'shap_error': 0.0015507913625067585, 'shap_norm_sq': 65295.62464087013}
{'sample_size': 4040, 'difference': 2, 'noise': 0, 'n': 101, 'shap_error': 0.0007057511914117139, 'shap_norm_sq': 65295.62464087013}
{'sample_size': 8080, 'difference': 2, 'noise': 0, 'n': 101, 'shap_error': 0.00041078843124166465, 'shap_norm_sq': 65295.62464087013}
{'sample_size': 16160, 'difference': 2, 'noise': 0, 'n': 101, 'shap_error': 0.00019373911397713362, 'shap_norm_sq': 65295.62464087013}
{'sample_size': 505, 'difference': 2, 'noise': 0, 'n': 101, 'shap_error': 0.01953862881857106, 'shap_norm_sq': 72052.76817577}
{'sample_size': 1010, 'difference': 2, 'noise': 0, 'n': 101, 'shap_error': 0.00759964681452015, 'shap_norm_sq': 72052.76817577}
{'sample_size': 2020, 'difference': 2, 'noise': 0, 'n': 101, 'shap_error': 0.003502954077248183, 'shap_norm_sq': 72052.76817577}
{'sample_size': 4040, 'difference': 2, 'noise': 0, 'n': 101, 'shap_error': 0.0017924411781889216, 'shap_norm_sq': 72052.76817577}
{'sample_size': 8080, 'difference': 2, 'noise': 0, 'n': 101, 'shap_error': 0.0006979212670434608, 'shap_norm_sq': 72052.76817577}
{'sample_size': 16160, 'difference': 2, 'noise': 0, 'n': 101, 'shap_error': 0.00039159419757484054, 'shap_norm_sq': 72052.76817577}
{'sample_size': 505, 'difference': 2, 'noise': 0, 'n': 101, 'shap_error': 0.028884826441388695, 'shap_norm_sq': 70712.29954211289}
{'sample_size': 1010, 'difference': 2, 'noise': 0, 'n': 101, 'shap_error': 0.007388870402879906, 'shap_norm_sq': 70712.29954211289}
{'sample_size': 2020, 'difference': 2, 'noise': 0, 'n': 101, 'shap_error': 0.003792052271807121, 'shap_norm_sq': 70712.29954211289}
{'sample_size': 4040, 'difference': 2, 'noise': 0, 'n': 101, 'shap_error': 0.001959467571452413, 'shap_norm_sq': 70712.29954211289}
{'sample_size': 8080, 'difference': 2, 'noise': 0, 'n': 101, 'shap_error': 0.0008403484184320248, 'shap_norm_sq': 70712.29954211289}
{'sample_size': 16160, 'difference': 2, 'noise': 0, 'n': 101, 'shap_error': 0.00047927015914963055, 'shap_norm_sq': 70712.29954211289}
{'sample_size': 505, 'difference': 2, 'noise': 0, 'n': 101, 'shap_error': 0.020164951454721823, 'shap_norm_sq': 62886.07402669771}
{'sample_size': 1010, 'difference': 2, 'noise': 0, 'n': 101, 'shap_error': 0.006153719933386015, 'shap_norm_sq': 62886.07402669771}
{'sample_size': 2020, 'difference': 2, 'noise': 0, 'n': 101, 'shap_error': 0.002585746911942091, 'shap_norm_sq': 62886.07402669771}
{'sample_size': 4040, 'difference': 2, 'noise': 0, 'n': 101, 'shap_error': 0.001589801901760019, 'shap_norm_sq': 62886.07402669771}
{'sample_size': 8080, 'difference': 2, 'noise': 0, 'n': 101, 'shap_error': 0.0007282298069426627, 'shap_norm_sq': 62886.07402669771}
{'sample_size': 16160, 'difference': 2, 'noise': 0, 'n': 101, 'shap_error': 0.00023622440525420245, 'shap_norm_sq': 62886.07402669771}
{'sample_size': 505, 'difference': 2, 'noise': 0, 'n': 101, 'shap_error': 0.03636808354590071, 'shap_norm_sq': 112407.22898883176}
{'sample_size': 1010, 'difference': 2, 'noise': 0, 'n': 101, 'shap_error': 0.009917315684954747, 'shap_norm_sq': 112407.22898883176}
{'sample_size': 2020, 'difference': 2, 'noise': 0, 'n': 101, 'shap_error': 0.005387753127868086, 'shap_norm_sq': 112407.22898883176}
{'sample_size': 4040, 'difference': 2, 'noise': 0, 'n': 101, 'shap_error': 0.0023446267029557863, 'shap_norm_sq': 112407.22898883176}
{'sample_size': 8080, 'difference': 2, 'noise': 0, 'n': 101, 'shap_error': 0.0012673068712613655, 'shap_norm_sq': 112407.22898883176}
{'sample_size': 16160, 'difference': 2, 'noise': 0, 'n': 101, 'shap_error': 0.0005748562314109163, 'shap_norm_sq': 112407.22898883176}
{'sample_size': 505, 'difference': 2, 'noise': 0, 'n': 101, 'shap_error': 0.03103782348817448, 'shap_norm_sq': 45961.75729972129}
{'sample_size': 1010, 'difference': 2, 'noise': 0, 'n': 101, 'shap_error': 0.011981104505488503, 'shap_norm_sq': 45961.75729972129}
{'sample_size': 2020, 'difference': 2, 'noise': 0, 'n': 101, 'shap_error': 0.0047058985634463625, 'shap_norm_sq': 45961.75729972129}
{'sample_size': 4040, 'difference': 2, 'noise': 0, 'n': 101, 'shap_error': 0.0023697575880264297, 'shap_norm_sq': 45961.75729972129}
{'sample_size': 8080, 'difference': 2, 'noise': 0, 'n': 101, 'shap_error': 0.0009498885235954559, 'shap_norm_sq': 45961.75729972129}
{'sample_size': 16160, 'difference': 2, 'noise': 0, 'n': 101, 'shap_error': 0.00038651031123469666, 'shap_norm_sq': 45961.75729972129}
{'sample_size': 505, 'difference': 2, 'noise': 0, 'n': 101, 'shap_error': 0.09255726998137064, 'shap_norm_sq': 139441.27744293964}
{'sample_size': 1010, 'difference': 2, 'noise': 0, 'n': 101, 'shap_error': 0.037109109440311046, 'shap_norm_sq': 139441.27744293964}
{'sample_size': 2020, 'difference': 2, 'noise': 0, 'n': 101, 'shap_error': 0.017959518370126888, 'shap_norm_sq': 139441.27744293964}
{'sample_size': 4040, 'difference': 2, 'noise': 0, 'n': 101, 'shap_error': 0.006639679361808392, 'shap_norm_sq': 139441.27744293964}
{'sample_size': 8080, 'difference': 2, 'noise': 0, 'n': 101, 'shap_error': 0.003693231666098522, 'shap_norm_sq': 139441.27744293964}
{'sample_size': 16160, 'difference': 2, 'noise': 0, 'n': 101, 'shap_error': 0.0015759161367513814, 'shap_norm_sq': 139441.27744293964}
{'sample_size': 505, 'difference': 2, 'noise': 0, 'n': 101, 'shap_error': 0.018340415381134904, 'shap_norm_sq': 55626.15607418063}
{'sample_size': 1010, 'difference': 2, 'noise': 0, 'n': 101, 'shap_error': 0.00841578832472906, 'shap_norm_sq': 55626.15607418063}
{'sample_size': 2020, 'difference': 2, 'noise': 0, 'n': 101, 'shap_error': 0.0034504745389194475, 'shap_norm_sq': 55626.15607418063}
{'sample_size': 4040, 'difference': 2, 'noise': 0, 'n': 101, 'shap_error': 0.0019084067275224653, 'shap_norm_sq': 55626.15607418063}
{'sample_size': 8080, 'difference': 2, 'noise': 0, 'n': 101, 'shap_error': 0.0005482902336869741, 'shap_norm_sq': 55626.15607418063}
{'sample_size': 16160, 'difference': 2, 'noise': 0, 'n': 101, 'shap_error': 0.00032296652619205103, 'shap_norm_sq': 55626.15607418063}
{'sample_size': 505, 'difference': 2, 'noise': 0, 'n': 101, 'shap_error': 0.10071170859166324, 'shap_norm_sq': 424584.2223034383}
{'sample_size': 1010, 'difference': 2, 'noise': 0, 'n': 101, 'shap_error': 0.022120129504094203, 'shap_norm_sq': 424584.2223034383}
{'sample_size': 2020, 'difference': 2, 'noise': 0, 'n': 101, 'shap_error': 0.011383937524423399, 'shap_norm_sq': 424584.2223034383}
{'sample_size': 4040, 'difference': 2, 'noise': 0, 'n': 101, 'shap_error': 0.005253938049525135, 'shap_norm_sq': 424584.2223034383}
{'sample_size': 8080, 'difference': 2, 'noise': 0, 'n': 101, 'shap_error': 0.0027646859687070987, 'shap_norm_sq': 424584.2223034383}
{'sample_size': 16160, 'difference': 2, 'noise': 0, 'n': 101, 'shap_error': 0.0016011220030944955, 'shap_norm_sq': 424584.2223034383}
{'sample_size': 505, 'difference': 2, 'noise': 0, 'n': 101, 'shap_error': 0.022495176241357252, 'shap_norm_sq': 98138.75687108512}
{'sample_size': 1010, 'difference': 2, 'noise': 0, 'n': 101, 'shap_error': 0.007194431607990977, 'shap_norm_sq': 98138.75687108512}
{'sample_size': 2020, 'difference': 2, 'noise': 0, 'n': 101, 'shap_error': 0.004137931174961092, 'shap_norm_sq': 98138.75687108512}
{'sample_size': 4040, 'difference': 2, 'noise': 0, 'n': 101, 'shap_error': 0.001893769992556565, 'shap_norm_sq': 98138.75687108512}
{'sample_size': 8080, 'difference': 2, 'noise': 0, 'n': 101, 'shap_error': 0.0006927480052150451, 'shap_norm_sq': 98138.75687108512}
{'sample_size': 16160, 'difference': 2, 'noise': 0, 'n': 101, 'shap_error': 0.0003836373630080911, 'shap_norm_sq': 98138.75687108512}
{'sample_size': 505, 'difference': 2, 'noise': 0, 'n': 101, 'shap_error': 0.02871183997304502, 'shap_norm_sq': 81644.161193724}
{'sample_size': 1010, 'difference': 2, 'noise': 0, 'n': 101, 'shap_error': 0.012672033693096696, 'shap_norm_sq': 81644.161193724}
{'sample_size': 2020, 'difference': 2, 'noise': 0, 'n': 101, 'shap_error': 0.005264578512591398, 'shap_norm_sq': 81644.161193724}
{'sample_size': 4040, 'difference': 2, 'noise': 0, 'n': 101, 'shap_error': 0.0022472753847360616, 'shap_norm_sq': 81644.161193724}
{'sample_size': 8080, 'difference': 2, 'noise': 0, 'n': 101, 'shap_error': 0.0011208746437819318, 'shap_norm_sq': 81644.161193724}
{'sample_size': 16160, 'difference': 2, 'noise': 0, 'n': 101, 'shap_error': 0.0005200818947834871, 'shap_norm_sq': 81644.161193724}
{'sample_size': 505, 'difference': 2, 'noise': 0, 'n': 101, 'shap_error': 0.03153505683691237, 'shap_norm_sq': 45961.75729972129}
{'sample_size': 1010, 'difference': 2, 'noise': 0, 'n': 101, 'shap_error': 0.013276856430679876, 'shap_norm_sq': 45961.75729972129}
{'sample_size': 2020, 'difference': 2, 'noise': 0, 'n': 101, 'shap_error': 0.0046667488076874855, 'shap_norm_sq': 45961.75729972129}
{'sample_size': 4040, 'difference': 2, 'noise': 0, 'n': 101, 'shap_error': 0.0020046398689350206, 'shap_norm_sq': 45961.75729972129}
{'sample_size': 8080, 'difference': 2, 'noise': 0, 'n': 101, 'shap_error': 0.0009790745326386586, 'shap_norm_sq': 45961.75729972129}
{'sample_size': 16160, 'difference': 2, 'noise': 0, 'n': 101, 'shap_error': 0.00047051563524227894, 'shap_norm_sq': 45961.75729972129}
{'sample_size': 505, 'difference': 2, 'noise': 0, 'n': 101, 'shap_error': 0.09435465462619577, 'shap_norm_sq': 198759.53121529022}
{'sample_size': 1010, 'difference': 2, 'noise': 0, 'n': 101, 'shap_error': 0.04920162713044992, 'shap_norm_sq': 198759.53121529022}
{'sample_size': 2020, 'difference': 2, 'noise': 0, 'n': 101, 'shap_error': 0.01754568346529037, 'shap_norm_sq': 198759.53121529022}
{'sample_size': 4040, 'difference': 2, 'noise': 0, 'n': 101, 'shap_error': 0.006487478431771686, 'shap_norm_sq': 198759.53121529022}
{'sample_size': 8080, 'difference': 2, 'noise': 0, 'n': 101, 'shap_error': 0.004014339335494849, 'shap_norm_sq': 198759.53121529022}
{'sample_size': 16160, 'difference': 2, 'noise': 0, 'n': 101, 'shap_error': 0.001634030383657512, 'shap_norm_sq': 198759.53121529022}
{'sample_size': 505, 'difference': 2, 'noise': 0, 'n': 101, 'shap_error': 0.021480981371696014, 'shap_norm_sq': 29652.772935067496}
{'sample_size': 1010, 'difference': 2, 'noise': 0, 'n': 101, 'shap_error': 0.00682755199043069, 'shap_norm_sq': 29652.772935067496}
{'sample_size': 2020, 'difference': 2, 'noise': 0, 'n': 101, 'shap_error': 0.002412736519078397, 'shap_norm_sq': 29652.772935067496}
{'sample_size': 4040, 'difference': 2, 'noise': 0, 'n': 101, 'shap_error': 0.001479358406709846, 'shap_norm_sq': 29652.772935067496}
{'sample_size': 8080, 'difference': 2, 'noise': 0, 'n': 101, 'shap_error': 0.0005704137401361013, 'shap_norm_sq': 29652.772935067496}
{'sample_size': 16160, 'difference': 2, 'noise': 0, 'n': 101, 'shap_error': 0.00034225315535606893, 'shap_norm_sq': 29652.772935067496}
{'sample_size': 505, 'difference': 2, 'noise': 0, 'n': 101, 'shap_error': 0.25895778266715036, 'shap_norm_sq': 124122.96892555564}
{'sample_size': 1010, 'difference': 2, 'noise': 0, 'n': 101, 'shap_error': 0.07124997263134379, 'shap_norm_sq': 124122.96892555564}
{'sample_size': 2020, 'difference': 2, 'noise': 0, 'n': 101, 'shap_error': 0.035953095012985534, 'shap_norm_sq': 124122.96892555564}
{'sample_size': 4040, 'difference': 2, 'noise': 0, 'n': 101, 'shap_error': 0.01647631864644493, 'shap_norm_sq': 124122.96892555564}
{'sample_size': 8080, 'difference': 2, 'noise': 0, 'n': 101, 'shap_error': 0.007595086062672855, 'shap_norm_sq': 124122.96892555564}
{'sample_size': 16160, 'difference': 2, 'noise': 0, 'n': 101, 'shap_error': 0.0033450902837313516, 'shap_norm_sq': 124122.96892555564}
{'sample_size': 505, 'difference': 2, 'noise': 0, 'n': 101, 'shap_error': 0.12282914945167414, 'shap_norm_sq': 179690.4575834201}
{'sample_size': 1010, 'difference': 2, 'noise': 0, 'n': 101, 'shap_error': 0.05200325853801884, 'shap_norm_sq': 179690.4575834201}
{'sample_size': 2020, 'difference': 2, 'noise': 0, 'n': 101, 'shap_error': 0.01946211706909261, 'shap_norm_sq': 179690.4575834201}
{'sample_size': 4040, 'difference': 2, 'noise': 0, 'n': 101, 'shap_error': 0.006723401348512011, 'shap_norm_sq': 179690.4575834201}
{'sample_size': 8080, 'difference': 2, 'noise': 0, 'n': 101, 'shap_error': 0.0028509439751995052, 'shap_norm_sq': 179690.4575834201}
{'sample_size': 16160, 'difference': 2, 'noise': 0, 'n': 101, 'shap_error': 0.0017810679968799485, 'shap_norm_sq': 179690.4575834201}
{'sample_size': 505, 'difference': 2, 'noise': 0, 'n': 101, 'shap_error': 0.03330604343624003, 'shap_norm_sq': 65757.64895039165}
{'sample_size': 1010, 'difference': 2, 'noise': 0, 'n': 101, 'shap_error': 0.010312352180341051, 'shap_norm_sq': 65757.64895039165}
{'sample_size': 2020, 'difference': 2, 'noise': 0, 'n': 101, 'shap_error': 0.0055575119366215045, 'shap_norm_sq': 65757.64895039165}
{'sample_size': 4040, 'difference': 2, 'noise': 0, 'n': 101, 'shap_error': 0.002641646434513418, 'shap_norm_sq': 65757.64895039165}
{'sample_size': 8080, 'difference': 2, 'noise': 0, 'n': 101, 'shap_error': 0.001045311980733886, 'shap_norm_sq': 65757.64895039165}
{'sample_size': 16160, 'difference': 2, 'noise': 0, 'n': 101, 'shap_error': 0.0003666732621672147, 'shap_norm_sq': 65757.64895039165}
{'sample_size': 505, 'difference': 2, 'noise': 0, 'n': 101, 'shap_error': 0.08370289712826402, 'shap_norm_sq': 75442.7793079755}
{'sample_size': 1010, 'difference': 2, 'noise': 0, 'n': 101, 'shap_error': 0.029020375533319955, 'shap_norm_sq': 75442.7793079755}
{'sample_size': 2020, 'difference': 2, 'noise': 0, 'n': 101, 'shap_error': 0.01275899102843518, 'shap_norm_sq': 75442.7793079755}
{'sample_size': 4040, 'difference': 2, 'noise': 0, 'n': 101, 'shap_error': 0.005493933110517212, 'shap_norm_sq': 75442.7793079755}
{'sample_size': 8080, 'difference': 2, 'noise': 0, 'n': 101, 'shap_error': 0.003466401518619386, 'shap_norm_sq': 75442.7793079755}
{'sample_size': 16160, 'difference': 2, 'noise': 0, 'n': 101, 'shap_error': 0.001383637034052148, 'shap_norm_sq': 75442.7793079755}
{'sample_size': 505, 'difference': 2, 'noise': 0, 'n': 101, 'shap_error': 0.0813454941520866, 'shap_norm_sq': 125824.4900374413}
{'sample_size': 1010, 'difference': 2, 'noise': 0, 'n': 101, 'shap_error': 0.025447836119545604, 'shap_norm_sq': 125824.4900374413}
{'sample_size': 2020, 'difference': 2, 'noise': 0, 'n': 101, 'shap_error': 0.010443508809953959, 'shap_norm_sq': 125824.4900374413}
{'sample_size': 4040, 'difference': 2, 'noise': 0, 'n': 101, 'shap_error': 0.004915999412401246, 'shap_norm_sq': 125824.4900374413}
{'sample_size': 8080, 'difference': 2, 'noise': 0, 'n': 101, 'shap_error': 0.002484063071358969, 'shap_norm_sq': 125824.4900374413}
{'sample_size': 16160, 'difference': 2, 'noise': 0, 'n': 101, 'shap_error': 0.0011497843244171419, 'shap_norm_sq': 125824.4900374413}
{'sample_size': 505, 'difference': 2, 'noise': 0, 'n': 101, 'shap_error': 0.03320738713250402, 'shap_norm_sq': 85506.83608772403}
{'sample_size': 1010, 'difference': 2, 'noise': 0, 'n': 101, 'shap_error': 0.007171556563623172, 'shap_norm_sq': 85506.83608772403}
{'sample_size': 2020, 'difference': 2, 'noise': 0, 'n': 101, 'shap_error': 0.004166875090296805, 'shap_norm_sq': 85506.83608772403}
{'sample_size': 4040, 'difference': 2, 'noise': 0, 'n': 101, 'shap_error': 0.001726217665387711, 'shap_norm_sq': 85506.83608772403}
{'sample_size': 8080, 'difference': 2, 'noise': 0, 'n': 101, 'shap_error': 0.0010494878051696243, 'shap_norm_sq': 85506.83608772403}
{'sample_size': 16160, 'difference': 2, 'noise': 0, 'n': 101, 'shap_error': 0.0005249992303037872, 'shap_norm_sq': 85506.83608772403}
{'sample_size': 505, 'difference': 2, 'noise': 0, 'n': 101, 'shap_error': 0.0003690846320877307, 'shap_norm_sq': 59917.01979504082}
{'sample_size': 1010, 'difference': 2, 'noise': 0, 'n': 101, 'shap_error': 0.0001465906798340839, 'shap_norm_sq': 59917.01979504082}
{'sample_size': 2020, 'difference': 2, 'noise': 0, 'n': 101, 'shap_error': 5.784520006343806e-05, 'shap_norm_sq': 59917.01979504082}
{'sample_size': 4040, 'difference': 2, 'noise': 0, 'n': 101, 'shap_error': 3.053112574740505e-05, 'shap_norm_sq': 59917.01979504082}
{'sample_size': 8080, 'difference': 2, 'noise': 0, 'n': 101, 'shap_error': 1.2742300084264437e-05, 'shap_norm_sq': 59917.01979504082}
{'sample_size': 16160, 'difference': 2, 'noise': 0, 'n': 101, 'shap_error': 6.294583429660264e-06, 'shap_norm_sq': 59917.01979504082}
{'sample_size': 505, 'difference': 2, 'noise': 0, 'n': 101, 'shap_error': 0.06872217623672272, 'shap_norm_sq': 73676.18200073119}
{'sample_size': 1010, 'difference': 2, 'noise': 0, 'n': 101, 'shap_error': 0.02481007545214153, 'shap_norm_sq': 73676.18200073119}
{'sample_size': 2020, 'difference': 2, 'noise': 0, 'n': 101, 'shap_error': 0.013426724539124312, 'shap_norm_sq': 73676.18200073119}
{'sample_size': 4040, 'difference': 2, 'noise': 0, 'n': 101, 'shap_error': 0.005191201504826844, 'shap_norm_sq': 73676.18200073119}
{'sample_size': 8080, 'difference': 2, 'noise': 0, 'n': 101, 'shap_error': 0.002432303568290351, 'shap_norm_sq': 73676.18200073119}
{'sample_size': 16160, 'difference': 2, 'noise': 0, 'n': 101, 'shap_error': 0.0010979977683527298, 'shap_norm_sq': 73676.18200073119}
{'sample_size': 505, 'difference': 2, 'noise': 0, 'n': 101, 'shap_error': 0.02874667273813474, 'shap_norm_sq': 66209.48623984122}
{'sample_size': 1010, 'difference': 2, 'noise': 0, 'n': 101, 'shap_error': 0.013464940302485186, 'shap_norm_sq': 66209.48623984122}
{'sample_size': 2020, 'difference': 2, 'noise': 0, 'n': 101, 'shap_error': 0.005510044879215184, 'shap_norm_sq': 66209.48623984122}
{'sample_size': 4040, 'difference': 2, 'noise': 0, 'n': 101, 'shap_error': 0.00333419206848204, 'shap_norm_sq': 66209.48623984122}
{'sample_size': 8080, 'difference': 2, 'noise': 0, 'n': 101, 'shap_error': 0.0012284070202125499, 'shap_norm_sq': 66209.48623984122}
{'sample_size': 16160, 'difference': 2, 'noise': 0, 'n': 101, 'shap_error': 0.0005057229128690677, 'shap_norm_sq': 66209.48623984122}
{'sample_size': 1010, 'difference': 2, 'noise': 0.0005, 'n': 101, 'shap_error': 0.049825531182552986, 'shap_norm_sq': 59126.951380871506}
{'sample_size': 1010, 'difference': 2, 'noise': 0.001, 'n': 101, 'shap_error': 0.04982570755580911, 'shap_norm_sq': 59126.951380871506}
{'sample_size': 1010, 'difference': 2, 'noise': 0.005, 'n': 101, 'shap_error': 0.049827119017000265, 'shap_norm_sq': 59126.951380871506}
{'sample_size': 1010, 'difference': 2, 'noise': 0.01, 'n': 101, 'shap_error': 0.04982888453134819, 'shap_norm_sq': 59126.951380871506}
{'sample_size': 1010, 'difference': 2, 'noise': 0.05, 'n': 101, 'shap_error': 0.04984305616049489, 'shap_norm_sq': 59126.951380871506}
{'sample_size': 1010, 'difference': 2, 'noise': 0.1, 'n': 101, 'shap_error': 0.049860889482834014, 'shap_norm_sq': 59126.951380871506}
{'sample_size': 1010, 'difference': 2, 'noise': 0.5, 'n': 101, 'shap_error': 0.05000830749777842, 'shap_norm_sq': 59126.951380871506}
{'sample_size': 1010, 'difference': 2, 'noise': 1, 'n': 101, 'shap_error': 0.05020445860704129, 'shap_norm_sq': 59126.951380871506}
{'sample_size': 1010, 'difference': 2, 'noise': 0.0005, 'n': 101, 'shap_error': 0.008119924477960642, 'shap_norm_sq': 56114.82307307525}
{'sample_size': 1010, 'difference': 2, 'noise': 0.001, 'n': 101, 'shap_error': 0.008119954434425994, 'shap_norm_sq': 56114.82307307525}
{'sample_size': 1010, 'difference': 2, 'noise': 0.005, 'n': 101, 'shap_error': 0.00812019515343472, 'shap_norm_sq': 56114.82307307525}
{'sample_size': 1010, 'difference': 2, 'noise': 0.01, 'n': 101, 'shap_error': 0.008120498720404205, 'shap_norm_sq': 56114.82307307525}
{'sample_size': 1010, 'difference': 2, 'noise': 0.05, 'n': 101, 'shap_error': 0.008123033984497244, 'shap_norm_sq': 56114.82307307525}
{'sample_size': 1010, 'difference': 2, 'noise': 0.1, 'n': 101, 'shap_error': 0.008126469885456417, 'shap_norm_sq': 56114.82307307525}
{'sample_size': 1010, 'difference': 2, 'noise': 0.5, 'n': 101, 'shap_error': 0.00816462992685156, 'shap_norm_sq': 56114.82307307525}
{'sample_size': 1010, 'difference': 2, 'noise': 1, 'n': 101, 'shap_error': 0.008239012062899023, 'shap_norm_sq': 56114.82307307525}
{'sample_size': 1010, 'difference': 2, 'noise': 0.0005, 'n': 101, 'shap_error': 0.01828265130335448, 'shap_norm_sq': 123732.80055088935}
{'sample_size': 1010, 'difference': 2, 'noise': 0.001, 'n': 101, 'shap_error': 0.018282562143597848, 'shap_norm_sq': 123732.80055088935}
{'sample_size': 1010, 'difference': 2, 'noise': 0.005, 'n': 101, 'shap_error': 0.018281849103784345, 'shap_norm_sq': 123732.80055088935}
{'sample_size': 1010, 'difference': 2, 'noise': 0.01, 'n': 101, 'shap_error': 0.01828095839961121, 'shap_norm_sq': 123732.80055088935}
{'sample_size': 1010, 'difference': 2, 'noise': 0.05, 'n': 101, 'shap_error': 0.018273856589996258, 'shap_norm_sq': 123732.80055088935}
{'sample_size': 1010, 'difference': 2, 'noise': 0.1, 'n': 101, 'shap_error': 0.018265038887398635, 'shap_norm_sq': 123732.80055088935}
{'sample_size': 1010, 'difference': 2, 'noise': 0.5, 'n': 101, 'shap_error': 0.018196879643457908, 'shap_norm_sq': 123732.80055088935}
{'sample_size': 1010, 'difference': 2, 'noise': 1, 'n': 101, 'shap_error': 0.01811763653063236, 'shap_norm_sq': 123732.80055088935}
{'sample_size': 1010, 'difference': 2, 'noise': 0.0005, 'n': 101, 'shap_error': 0.05257549341225735, 'shap_norm_sq': 75323.89170692668}
{'sample_size': 1010, 'difference': 2, 'noise': 0.001, 'n': 101, 'shap_error': 0.052575174146646315, 'shap_norm_sq': 75323.89170692668}
{'sample_size': 1010, 'difference': 2, 'noise': 0.005, 'n': 101, 'shap_error': 0.05257262056659744, 'shap_norm_sq': 75323.89170692668}
{'sample_size': 1010, 'difference': 2, 'noise': 0.01, 'n': 101, 'shap_error': 0.0525694299536336, 'shap_norm_sq': 75323.89170692668}
{'sample_size': 1010, 'difference': 2, 'noise': 0.05, 'n': 101, 'shap_error': 0.05254395953381268, 'shap_norm_sq': 75323.89170692668}
{'sample_size': 1010, 'difference': 2, 'noise': 0.1, 'n': 101, 'shap_error': 0.052512257718762036, 'shap_norm_sq': 75323.89170692668}
{'sample_size': 1010, 'difference': 2, 'noise': 0.5, 'n': 101, 'shap_error': 0.052264091587369825, 'shap_norm_sq': 75323.89170692668}
{'sample_size': 1010, 'difference': 2, 'noise': 1, 'n': 101, 'shap_error': 0.05196750489566255, 'shap_norm_sq': 75323.89170692668}
{'sample_size': 1010, 'difference': 2, 'noise': 0.0005, 'n': 101, 'shap_error': 0.01593488606297753, 'shap_norm_sq': 64521.39943917334}
{'sample_size': 1010, 'difference': 2, 'noise': 0.001, 'n': 101, 'shap_error': 0.01593492478373166, 'shap_norm_sq': 64521.39943917334}
{'sample_size': 1010, 'difference': 2, 'noise': 0.005, 'n': 101, 'shap_error': 0.015935235128082193, 'shap_norm_sq': 64521.39943917334}
{'sample_size': 1010, 'difference': 2, 'noise': 0.01, 'n': 101, 'shap_error': 0.015935624504318107, 'shap_norm_sq': 64521.39943917334}
{'sample_size': 1010, 'difference': 2, 'noise': 0.05, 'n': 101, 'shap_error': 0.01593879734610886, 'shap_norm_sq': 64521.39943917334}
{'sample_size': 1010, 'difference': 2, 'noise': 0.1, 'n': 101, 'shap_error': 0.01594290797810677, 'shap_norm_sq': 64521.39943917334}
{'sample_size': 1010, 'difference': 2, 'noise': 0.5, 'n': 101, 'shap_error': 0.015981576224460947, 'shap_norm_sq': 64521.39943917334}
{'sample_size': 1010, 'difference': 2, 'noise': 1, 'n': 101, 'shap_error': 0.01604436950832998, 'shap_norm_sq': 64521.39943917334}
{'sample_size': 1010, 'difference': 2, 'noise': 0.0005, 'n': 101, 'shap_error': 0.024938091077261148, 'shap_norm_sq': 55014.228611529696}
{'sample_size': 1010, 'difference': 2, 'noise': 0.001, 'n': 101, 'shap_error': 0.02493812772855344, 'shap_norm_sq': 55014.228611529696}
{'sample_size': 1010, 'difference': 2, 'noise': 0.005, 'n': 101, 'shap_error': 0.024938421479933196, 'shap_norm_sq': 55014.228611529696}
{'sample_size': 1010, 'difference': 2, 'noise': 0.01, 'n': 101, 'shap_error': 0.024938790021752647, 'shap_norm_sq': 55014.228611529696}
{'sample_size': 1010, 'difference': 2, 'noise': 0.05, 'n': 101, 'shap_error': 0.024941792460126195, 'shap_norm_sq': 55014.228611529696}
{'sample_size': 1010, 'difference': 2, 'noise': 0.1, 'n': 101, 'shap_error': 0.02494568076763573, 'shap_norm_sq': 55014.228611529696}
{'sample_size': 1010, 'difference': 2, 'noise': 0.5, 'n': 101, 'shap_error': 0.024982197609401062, 'shap_norm_sq': 55014.228611529696}
{'sample_size': 1010, 'difference': 2, 'noise': 1, 'n': 101, 'shap_error': 0.02504136961583389, 'shap_norm_sq': 55014.228611529696}
{'sample_size': 1010, 'difference': 2, 'noise': 0.0005, 'n': 101, 'shap_error': 0.044806724559260554, 'shap_norm_sq': 59108.491020566165}
{'sample_size': 1010, 'difference': 2, 'noise': 0.001, 'n': 101, 'shap_error': 0.04480673626210223, 'shap_norm_sq': 59108.491020566165}
{'sample_size': 1010, 'difference': 2, 'noise': 0.005, 'n': 101, 'shap_error': 0.04480683053226487, 'shap_norm_sq': 59108.491020566165}
{'sample_size': 1010, 'difference': 2, 'noise': 0.01, 'n': 101, 'shap_error': 0.04480694998854253, 'shap_norm_sq': 59108.491020566165}
{'sample_size': 1010, 'difference': 2, 'noise': 0.05, 'n': 101, 'shap_error': 0.04480797038173963, 'shap_norm_sq': 59108.491020566165}
{'sample_size': 1010, 'difference': 2, 'noise': 0.1, 'n': 101, 'shap_error': 0.04480940773067395, 'shap_norm_sq': 59108.491020566165}
{'sample_size': 1010, 'difference': 2, 'noise': 0.5, 'n': 101, 'shap_error': 0.04482738081964468, 'shap_norm_sq': 59108.491020566165}
{'sample_size': 1010, 'difference': 2, 'noise': 1, 'n': 101, 'shap_error': 0.044866032924605254, 'shap_norm_sq': 59108.491020566165}
{'sample_size': 1010, 'difference': 2, 'noise': 0.0005, 'n': 101, 'shap_error': 0.0056058655015122985, 'shap_norm_sq': 70563.89182048912}
{'sample_size': 1010, 'difference': 2, 'noise': 0.001, 'n': 101, 'shap_error': 0.005605703338167005, 'shap_norm_sq': 70563.89182048912}
{'sample_size': 1010, 'difference': 2, 'noise': 0.005, 'n': 101, 'shap_error': 0.0056044064136076925, 'shap_norm_sq': 70563.89182048912}
{'sample_size': 1010, 'difference': 2, 'noise': 0.01, 'n': 101, 'shap_error': 0.00560278621341635, 'shap_norm_sq': 70563.89182048912}
{'sample_size': 1010, 'difference': 2, 'noise': 0.05, 'n': 101, 'shap_error': 0.005589862832200007, 'shap_norm_sq': 70563.89182048912}
{'sample_size': 1010, 'difference': 2, 'noise': 0.1, 'n': 101, 'shap_error': 0.00557380415646583, 'shap_norm_sq': 70563.89182048912}
{'sample_size': 1010, 'difference': 2, 'noise': 0.5, 'n': 101, 'shap_error': 0.005449156782039933, 'shap_norm_sq': 70563.89182048912}
{'sample_size': 1010, 'difference': 2, 'noise': 1, 'n': 101, 'shap_error': 0.005302902642625665, 'shap_norm_sq': 70563.89182048912}
{'sample_size': 1010, 'difference': 2, 'noise': 0.0005, 'n': 101, 'shap_error': 0.002309382817783291, 'shap_norm_sq': 42515.97581372667}
{'sample_size': 1010, 'difference': 2, 'noise': 0.001, 'n': 101, 'shap_error': 0.0023094170690175324, 'shap_norm_sq': 42515.97581372667}
{'sample_size': 1010, 'difference': 2, 'noise': 0.005, 'n': 101, 'shap_error': 0.0023096919238037856, 'shap_norm_sq': 42515.97581372667}
{'sample_size': 1010, 'difference': 2, 'noise': 0.01, 'n': 101, 'shap_error': 0.002310037604567842, 'shap_norm_sq': 42515.97581372667}
{'sample_size': 1010, 'difference': 2, 'noise': 0.05, 'n': 101, 'shap_error': 0.0023128875419317235, 'shap_norm_sq': 42515.97581372667}
{'sample_size': 1010, 'difference': 2, 'noise': 0.1, 'n': 101, 'shap_error': 0.0023166611917660473, 'shap_norm_sq': 42515.97581372667}
{'sample_size': 1010, 'difference': 2, 'noise': 0.5, 'n': 101, 'shap_error': 0.0023552995156115794, 'shap_norm_sq': 42515.97581372667}
{'sample_size': 1010, 'difference': 2, 'noise': 1, 'n': 101, 'shap_error': 0.002424720233346806, 'shap_norm_sq': 42515.97581372667}
{'sample_size': 1010, 'difference': 2, 'noise': 0.0005, 'n': 101, 'shap_error': 0.027732712420191496, 'shap_norm_sq': 57989.40208692046}
{'sample_size': 1010, 'difference': 2, 'noise': 0.001, 'n': 101, 'shap_error': 0.02773263592257379, 'shap_norm_sq': 57989.40208692046}
{'sample_size': 1010, 'difference': 2, 'noise': 0.005, 'n': 101, 'shap_error': 0.027732024370403736, 'shap_norm_sq': 57989.40208692046}
{'sample_size': 1010, 'difference': 2, 'noise': 0.01, 'n': 101, 'shap_error': 0.027731261002119006, 'shap_norm_sq': 57989.40208692046}
{'sample_size': 1010, 'difference': 2, 'noise': 0.05, 'n': 101, 'shap_error': 0.02772519693296043, 'shap_norm_sq': 57989.40208692046}
{'sample_size': 1010, 'difference': 2, 'noise': 0.1, 'n': 101, 'shap_error': 0.02771772403930974, 'shap_norm_sq': 57989.40208692046}
{'sample_size': 1010, 'difference': 2, 'noise': 0.5, 'n': 101, 'shap_error': 0.02766222860200558, 'shap_norm_sq': 57989.40208692046}
{'sample_size': 1010, 'difference': 2, 'noise': 1, 'n': 101, 'shap_error': 0.02760357858512882, 'shap_norm_sq': 57989.40208692046}
{'sample_size': 1010, 'difference': 2, 'noise': 0.0005, 'n': 101, 'shap_error': 0.009082460415291562, 'shap_norm_sq': 218736.90952783328}
{'sample_size': 1010, 'difference': 2, 'noise': 0.001, 'n': 101, 'shap_error': 0.009082492696912484, 'shap_norm_sq': 218736.90952783328}
{'sample_size': 1010, 'difference': 2, 'noise': 0.005, 'n': 101, 'shap_error': 0.009082751152989798, 'shap_norm_sq': 218736.90952783328}
{'sample_size': 1010, 'difference': 2, 'noise': 0.01, 'n': 101, 'shap_error': 0.009083074730862173, 'shap_norm_sq': 218736.90952783328}
{'sample_size': 1010, 'difference': 2, 'noise': 0.05, 'n': 101, 'shap_error': 0.009085683664864841, 'shap_norm_sq': 218736.90952783328}
{'sample_size': 1010, 'difference': 2, 'noise': 0.1, 'n': 101, 'shap_error': 0.009088995609930192, 'shap_norm_sq': 218736.90952783328}
{'sample_size': 1010, 'difference': 2, 'noise': 0.5, 'n': 101, 'shap_error': 0.0091175222729273, 'shap_norm_sq': 218736.90952783328}
{'sample_size': 1010, 'difference': 2, 'noise': 1, 'n': 101, 'shap_error': 0.009158258357860145, 'shap_norm_sq': 218736.90952783328}
{'sample_size': 1010, 'difference': 2, 'noise': 0.0005, 'n': 101, 'shap_error': 0.029469152990178753, 'shap_norm_sq': 64280.028071749155}
{'sample_size': 1010, 'difference': 2, 'noise': 0.001, 'n': 101, 'shap_error': 0.029469063581688028, 'shap_norm_sq': 64280.028071749155}
{'sample_size': 1010, 'difference': 2, 'noise': 0.005, 'n': 101, 'shap_error': 0.029468348712767305, 'shap_norm_sq': 64280.028071749155}
{'sample_size': 1010, 'difference': 2, 'noise': 0.01, 'n': 101, 'shap_error': 0.02946745612412808, 'shap_norm_sq': 64280.028071749155}
{'sample_size': 1010, 'difference': 2, 'noise': 0.05, 'n': 101, 'shap_error': 0.029460355315457088, 'shap_norm_sq': 64280.028071749155}
{'sample_size': 1010, 'difference': 2, 'noise': 0.1, 'n': 101, 'shap_error': 0.029451579055736293, 'shap_norm_sq': 64280.028071749155}
{'sample_size': 1010, 'difference': 2, 'noise': 0.5, 'n': 101, 'shap_error': 0.029385359022695456, 'shap_norm_sq': 64280.028071749155}
{'sample_size': 1010, 'difference': 2, 'noise': 1, 'n': 101, 'shap_error': 0.029312559093201938, 'shap_norm_sq': 64280.028071749155}
{'sample_size': 1010, 'difference': 2, 'noise': 0.0005, 'n': 101, 'shap_error': 0.008391839856308276, 'shap_norm_sq': 79156.80629839945}
{'sample_size': 1010, 'difference': 2, 'noise': 0.001, 'n': 101, 'shap_error': 0.008391739309737708, 'shap_norm_sq': 79156.80629839945}
{'sample_size': 1010, 'difference': 2, 'noise': 0.005, 'n': 101, 'shap_error': 0.008390935426235225, 'shap_norm_sq': 79156.80629839945}
{'sample_size': 1010, 'difference': 2, 'noise': 0.01, 'n': 101, 'shap_error': 0.00838993179451444, 'shap_norm_sq': 79156.80629839945}
{'sample_size': 1010, 'difference': 2, 'noise': 0.05, 'n': 101, 'shap_error': 0.008381951647043704, 'shap_norm_sq': 79156.80629839945}
{'sample_size': 1010, 'difference': 2, 'noise': 0.1, 'n': 101, 'shap_error': 0.008372098728441664, 'shap_norm_sq': 79156.80629839945}
{'sample_size': 1010, 'difference': 2, 'noise': 0.5, 'n': 101, 'shap_error': 0.008298166009089697, 'shap_norm_sq': 79156.80629839945}
{'sample_size': 1010, 'difference': 2, 'noise': 1, 'n': 101, 'shap_error': 0.008217976683556694, 'shap_norm_sq': 79156.80629839945}
{'sample_size': 1010, 'difference': 2, 'noise': 0.0005, 'n': 101, 'shap_error': 0.015338162702065778, 'shap_norm_sq': 59602.05839434324}
{'sample_size': 1010, 'difference': 2, 'noise': 0.001, 'n': 101, 'shap_error': 0.015338165860157139, 'shap_norm_sq': 59602.05839434324}
{'sample_size': 1010, 'difference': 2, 'noise': 0.005, 'n': 101, 'shap_error': 0.015338191822288724, 'shap_norm_sq': 59602.05839434324}
{'sample_size': 1010, 'difference': 2, 'noise': 0.01, 'n': 101, 'shap_error': 0.015338226018455423, 'shap_norm_sq': 59602.05839434324}
{'sample_size': 1010, 'difference': 2, 'noise': 0.05, 'n': 101, 'shap_error': 0.015338569327887084, 'shap_norm_sq': 59602.05839434324}
{'sample_size': 1010, 'difference': 2, 'noise': 0.1, 'n': 101, 'shap_error': 0.015339172814921092, 'shap_norm_sq': 59602.05839434324}
{'sample_size': 1010, 'difference': 2, 'noise': 0.5, 'n': 101, 'shap_error': 0.015350974720961096, 'shap_norm_sq': 59602.05839434324}
{'sample_size': 1010, 'difference': 2, 'noise': 1, 'n': 101, 'shap_error': 0.015383162127932516, 'shap_norm_sq': 59602.05839434324}
{'sample_size': 1010, 'difference': 2, 'noise': 0.0005, 'n': 101, 'shap_error': 0.10300741000475286, 'shap_norm_sq': 73074.2043817374}
{'sample_size': 1010, 'difference': 2, 'noise': 0.001, 'n': 101, 'shap_error': 0.10300769863981198, 'shap_norm_sq': 73074.2043817374}
{'sample_size': 1010, 'difference': 2, 'noise': 0.005, 'n': 101, 'shap_error': 0.10301000818213714, 'shap_norm_sq': 73074.2043817374}
{'sample_size': 1010, 'difference': 2, 'noise': 0.01, 'n': 101, 'shap_error': 0.10301289626467511, 'shap_norm_sq': 73074.2043817374}
{'sample_size': 1010, 'difference': 2, 'noise': 0.05, 'n': 101, 'shap_error': 0.10303604711023807, 'shap_norm_sq': 73074.2043817374}
{'sample_size': 1010, 'difference': 2, 'noise': 0.1, 'n': 101, 'shap_error': 0.10306510113034242, 'shap_norm_sq': 73074.2043817374}
{'sample_size': 1010, 'difference': 2, 'noise': 0.5, 'n': 101, 'shap_error': 0.10330215181721633, 'shap_norm_sq': 73074.2043817374}
{'sample_size': 1010, 'difference': 2, 'noise': 1, 'n': 101, 'shap_error': 0.10361001149090038, 'shap_norm_sq': 73074.2043817374}
{'sample_size': 1010, 'difference': 2, 'noise': 0.0005, 'n': 101, 'shap_error': 0.01518380046566875, 'shap_norm_sq': 379988.59932513384}
{'sample_size': 1010, 'difference': 2, 'noise': 0.001, 'n': 101, 'shap_error': 0.01518381056544431, 'shap_norm_sq': 379988.59932513384}
{'sample_size': 1010, 'difference': 2, 'noise': 0.005, 'n': 101, 'shap_error': 0.01518389148066803, 'shap_norm_sq': 379988.59932513384}
{'sample_size': 1010, 'difference': 2, 'noise': 0.01, 'n': 101, 'shap_error': 0.015183992917244668, 'shap_norm_sq': 379988.59932513384}
{'sample_size': 1010, 'difference': 2, 'noise': 0.05, 'n': 101, 'shap_error': 0.01518481611174138, 'shap_norm_sq': 379988.59932513384}
{'sample_size': 1010, 'difference': 2, 'noise': 0.1, 'n': 101, 'shap_error': 0.015185874359569449, 'shap_norm_sq': 379988.59932513384}
{'sample_size': 1010, 'difference': 2, 'noise': 0.5, 'n': 101, 'shap_error': 0.015195510530495641, 'shap_norm_sq': 379988.59932513384}
{'sample_size': 1010, 'difference': 2, 'noise': 1, 'n': 101, 'shap_error': 0.015210481214903626, 'shap_norm_sq': 379988.59932513384}
{'sample_size': 1010, 'difference': 2, 'noise': 0.0005, 'n': 101, 'shap_error': 0.02140191829990444, 'shap_norm_sq': 56690.81825222265}
{'sample_size': 1010, 'difference': 2, 'noise': 0.001, 'n': 101, 'shap_error': 0.021402032660747916, 'shap_norm_sq': 56690.81825222265}
{'sample_size': 1010, 'difference': 2, 'noise': 0.005, 'n': 101, 'shap_error': 0.021402947922480046, 'shap_norm_sq': 56690.81825222265}
{'sample_size': 1010, 'difference': 2, 'noise': 0.01, 'n': 101, 'shap_error': 0.021404092937113938, 'shap_norm_sq': 56690.81825222265}
{'sample_size': 1010, 'difference': 2, 'noise': 0.05, 'n': 101, 'shap_error': 0.021413290552933183, 'shap_norm_sq': 56690.81825222265}
{'sample_size': 1010, 'difference': 2, 'noise': 0.1, 'n': 101, 'shap_error': 0.021424881319576945, 'shap_norm_sq': 56690.81825222265}
{'sample_size': 1010, 'difference': 2, 'noise': 0.5, 'n': 101, 'shap_error': 0.021521357327496177, 'shap_norm_sq': 56690.81825222265}
{'sample_size': 1010, 'difference': 2, 'noise': 1, 'n': 101, 'shap_error': 0.021651327024320925, 'shap_norm_sq': 56690.81825222265}
{'sample_size': 1010, 'difference': 2, 'noise': 0.0005, 'n': 101, 'shap_error': 0.011755641743459604, 'shap_norm_sq': 58010.756053934965}
{'sample_size': 1010, 'difference': 2, 'noise': 0.001, 'n': 101, 'shap_error': 0.011755579728455689, 'shap_norm_sq': 58010.756053934965}
{'sample_size': 1010, 'difference': 2, 'noise': 0.005, 'n': 101, 'shap_error': 0.011755084581614443, 'shap_norm_sq': 58010.756053934965}
{'sample_size': 1010, 'difference': 2, 'noise': 0.01, 'n': 101, 'shap_error': 0.01175446808102531, 'shap_norm_sq': 58010.756053934965}
{'sample_size': 1010, 'difference': 2, 'noise': 0.05, 'n': 101, 'shap_error': 0.011749633394822953, 'shap_norm_sq': 58010.756053934965}
{'sample_size': 1010, 'difference': 2, 'noise': 0.1, 'n': 101, 'shap_error': 0.011743833333347085, 'shap_norm_sq': 58010.756053934965}
{'sample_size': 1010, 'difference': 2, 'noise': 0.5, 'n': 101, 'shap_error': 0.01170716469264197, 'shap_norm_sq': 58010.756053934965}
{'sample_size': 1010, 'difference': 2, 'noise': 1, 'n': 101, 'shap_error': 0.01168565851951253, 'shap_norm_sq': 58010.756053934965}
{'sample_size': 1010, 'difference': 2, 'noise': 0.0005, 'n': 101, 'shap_error': 7.769401319001346e-05, 'shap_norm_sq': 28612.152929676366}
{'sample_size': 1010, 'difference': 2, 'noise': 0.001, 'n': 101, 'shap_error': 7.769675563069588e-05, 'shap_norm_sq': 28612.152929676366}
{'sample_size': 1010, 'difference': 2, 'noise': 0.005, 'n': 101, 'shap_error': 7.771965402280272e-05, 'shap_norm_sq': 28612.152929676366}
{'sample_size': 1010, 'difference': 2, 'noise': 0.01, 'n': 101, 'shap_error': 7.775067417926097e-05, 'shap_norm_sq': 28612.152929676366}
{'sample_size': 1010, 'difference': 2, 'noise': 0.05, 'n': 101, 'shap_error': 7.80947220842701e-05, 'shap_norm_sq': 28612.152929676366}
{'sample_size': 1010, 'difference': 2, 'noise': 0.1, 'n': 101, 'shap_error': 7.876449859899436e-05, 'shap_norm_sq': 28612.152929676366}
{'sample_size': 1010, 'difference': 2, 'noise': 0.5, 'n': 101, 'shap_error': 9.371137605613546e-05, 'shap_norm_sq': 28612.152929676366}
{'sample_size': 1010, 'difference': 2, 'noise': 1, 'n': 101, 'shap_error': 0.00013636663622551215, 'shap_norm_sq': 28612.152929676366}
{'sample_size': 1010, 'difference': 2, 'noise': 0.0005, 'n': 101, 'shap_error': 0.008304446799824627, 'shap_norm_sq': 72623.21294999527}
{'sample_size': 1010, 'difference': 2, 'noise': 0.001, 'n': 101, 'shap_error': 0.00830436016233892, 'shap_norm_sq': 72623.21294999527}
{'sample_size': 1010, 'difference': 2, 'noise': 0.005, 'n': 101, 'shap_error': 0.008303667495235437, 'shap_norm_sq': 72623.21294999527}
{'sample_size': 1010, 'difference': 2, 'noise': 0.01, 'n': 101, 'shap_error': 0.008302802743312243, 'shap_norm_sq': 72623.21294999527}
{'sample_size': 1010, 'difference': 2, 'noise': 0.05, 'n': 101, 'shap_error': 0.008295928006190724, 'shap_norm_sq': 72623.21294999527}
{'sample_size': 1010, 'difference': 2, 'noise': 0.1, 'n': 101, 'shap_error': 0.008287442780442916, 'shap_norm_sq': 72623.21294999527}
{'sample_size': 1010, 'difference': 2, 'noise': 0.5, 'n': 101, 'shap_error': 0.00822388880064358, 'shap_norm_sq': 72623.21294999527}
{'sample_size': 1010, 'difference': 2, 'noise': 1, 'n': 101, 'shap_error': 0.008155265891347935, 'shap_norm_sq': 72623.21294999527}
{'sample_size': 1010, 'difference': 2, 'noise': 0.0005, 'n': 101, 'shap_error': 0.028742191266461544, 'shap_norm_sq': 585818.9618428921}
{'sample_size': 1010, 'difference': 2, 'noise': 0.001, 'n': 101, 'shap_error': 0.02874222215183703, 'shap_norm_sq': 585818.9618428921}
{'sample_size': 1010, 'difference': 2, 'noise': 0.005, 'n': 101, 'shap_error': 0.028742469279851465, 'shap_norm_sq': 585818.9618428921}
{'sample_size': 1010, 'difference': 2, 'noise': 0.01, 'n': 101, 'shap_error': 0.028742778302395224, 'shap_norm_sq': 585818.9618428921}
{'sample_size': 1010, 'difference': 2, 'noise': 0.05, 'n': 101, 'shap_error': 0.028745254983788163, 'shap_norm_sq': 585818.9618428921}
{'sample_size': 1010, 'difference': 2, 'noise': 0.1, 'n': 101, 'shap_error': 0.028748362088131627, 'shap_norm_sq': 585818.9618428921}
{'sample_size': 1010, 'difference': 2, 'noise': 0.5, 'n': 101, 'shap_error': 0.02877366902696476, 'shap_norm_sq': 585818.9618428921}
{'sample_size': 1010, 'difference': 2, 'noise': 1, 'n': 101, 'shap_error': 0.028806427960723923, 'shap_norm_sq': 585818.9618428921}
{'sample_size': 1010, 'difference': 2, 'noise': 0.0005, 'n': 101, 'shap_error': 0.013126701396918065, 'shap_norm_sq': 59056.80155040595}
{'sample_size': 1010, 'difference': 2, 'noise': 0.001, 'n': 101, 'shap_error': 0.013126740504375432, 'shap_norm_sq': 59056.80155040595}
{'sample_size': 1010, 'difference': 2, 'noise': 0.005, 'n': 101, 'shap_error': 0.013127053977510666, 'shap_norm_sq': 59056.80155040595}
{'sample_size': 1010, 'difference': 2, 'noise': 0.01, 'n': 101, 'shap_error': 0.013127447352626642, 'shap_norm_sq': 59056.80155040595}
{'sample_size': 1010, 'difference': 2, 'noise': 0.05, 'n': 101, 'shap_error': 0.013130655701363313, 'shap_norm_sq': 59056.80155040595}
{'sample_size': 1010, 'difference': 2, 'noise': 0.1, 'n': 101, 'shap_error': 0.013134819506822912, 'shap_norm_sq': 59056.80155040595}
{'sample_size': 1010, 'difference': 2, 'noise': 0.5, 'n': 101, 'shap_error': 0.013174264732023084, 'shap_norm_sq': 59056.80155040595}
{'sample_size': 1010, 'difference': 2, 'noise': 1, 'n': 101, 'shap_error': 0.013238908217339111, 'shap_norm_sq': 59056.80155040595}
{'sample_size': 1010, 'difference': 2, 'noise': 0.0005, 'n': 101, 'shap_error': 0.03306595659672475, 'shap_norm_sq': 68105.12030796155}
{'sample_size': 1010, 'difference': 2, 'noise': 0.001, 'n': 101, 'shap_error': 0.033066019260572684, 'shap_norm_sq': 68105.12030796155}
{'sample_size': 1010, 'difference': 2, 'noise': 0.005, 'n': 101, 'shap_error': 0.033066520984141146, 'shap_norm_sq': 68105.12030796155}
{'sample_size': 1010, 'difference': 2, 'noise': 0.01, 'n': 101, 'shap_error': 0.033067149170563026, 'shap_norm_sq': 68105.12030796155}
{'sample_size': 1010, 'difference': 2, 'noise': 0.05, 'n': 101, 'shap_error': 0.03307221594038254, 'shap_norm_sq': 68105.12030796155}
{'sample_size': 1010, 'difference': 2, 'noise': 0.1, 'n': 101, 'shap_error': 0.03307865259877314, 'shap_norm_sq': 68105.12030796155}
{'sample_size': 1010, 'difference': 2, 'noise': 0.5, 'n': 101, 'shap_error': 0.03313427371053659, 'shap_norm_sq': 68105.12030796155}
{'sample_size': 1010, 'difference': 2, 'noise': 1, 'n': 101, 'shap_error': 0.03321411971183744, 'shap_norm_sq': 68105.12030796155}
{'sample_size': 1010, 'difference': 2, 'noise': 0.0005, 'n': 101, 'shap_error': 0.03273060248562449, 'shap_norm_sq': 139441.27744293964}
{'sample_size': 1010, 'difference': 2, 'noise': 0.001, 'n': 101, 'shap_error': 0.0327305466160598, 'shap_norm_sq': 139441.27744293964}
{'sample_size': 1010, 'difference': 2, 'noise': 0.005, 'n': 101, 'shap_error': 0.03273009995131869, 'shap_norm_sq': 139441.27744293964}
{'sample_size': 1010, 'difference': 2, 'noise': 0.01, 'n': 101, 'shap_error': 0.03272954234983544, 'shap_norm_sq': 139441.27744293964}
{'sample_size': 1010, 'difference': 2, 'noise': 0.05, 'n': 101, 'shap_error': 0.032725110715701715, 'shap_norm_sq': 139441.27744293964}
{'sample_size': 1010, 'difference': 2, 'noise': 0.1, 'n': 101, 'shap_error': 0.032719644117362764, 'shap_norm_sq': 139441.27744293964}
{'sample_size': 1010, 'difference': 2, 'noise': 0.5, 'n': 101, 'shap_error': 0.0326788291037784, 'shap_norm_sq': 139441.27744293964}
{'sample_size': 1010, 'difference': 2, 'noise': 1, 'n': 101, 'shap_error': 0.03263510476961553, 'shap_norm_sq': 139441.27744293964}
{'sample_size': 1010, 'difference': 2, 'noise': 0.0005, 'n': 101, 'shap_error': 0.05188908029708904, 'shap_norm_sq': 167533.94330480884}
{'sample_size': 1010, 'difference': 2, 'noise': 0.001, 'n': 101, 'shap_error': 0.05188901630098398, 'shap_norm_sq': 167533.94330480884}
{'sample_size': 1010, 'difference': 2, 'noise': 0.005, 'n': 101, 'shap_error': 0.051888504518843595, 'shap_norm_sq': 167533.94330480884}
{'sample_size': 1010, 'difference': 2, 'noise': 0.01, 'n': 101, 'shap_error': 0.05188786525791543, 'shap_norm_sq': 167533.94330480884}
{'sample_size': 1010, 'difference': 2, 'noise': 0.05, 'n': 101, 'shap_error': 0.05188276984038584, 'shap_norm_sq': 167533.94330480884}
{'sample_size': 1010, 'difference': 2, 'noise': 0.1, 'n': 101, 'shap_error': 0.05187644724321197, 'shap_norm_sq': 167533.94330480884}
{'sample_size': 1010, 'difference': 2, 'noise': 0.5, 'n': 101, 'shap_error': 0.051827733455378146, 'shap_norm_sq': 167533.94330480884}
{'sample_size': 1010, 'difference': 2, 'noise': 1, 'n': 101, 'shap_error': 0.05177150869447167, 'shap_norm_sq': 167533.94330480884}
{'sample_size': 1010, 'difference': 2, 'noise': 0.0005, 'n': 101, 'shap_error': 0.03256814797048789, 'shap_norm_sq': 56582.391996151935}
{'sample_size': 1010, 'difference': 2, 'noise': 0.001, 'n': 101, 'shap_error': 0.03256764584075166, 'shap_norm_sq': 56582.391996151935}
{'sample_size': 1010, 'difference': 2, 'noise': 0.005, 'n': 101, 'shap_error': 0.032563630031907737, 'shap_norm_sq': 56582.391996151935}
{'sample_size': 1010, 'difference': 2, 'noise': 0.01, 'n': 101, 'shap_error': 0.03255861334347906, 'shap_norm_sq': 56582.391996151935}
{'sample_size': 1010, 'difference': 2, 'noise': 0.05, 'n': 101, 'shap_error': 0.03251860274108327, 'shap_norm_sq': 56582.391996151935}
{'sample_size': 1010, 'difference': 2, 'noise': 0.1, 'n': 101, 'shap_error': 0.0324688967506714, 'shap_norm_sq': 56582.391996151935}
{'sample_size': 1010, 'difference': 2, 'noise': 0.5, 'n': 101, 'shap_error': 0.03208353933069001, 'shap_norm_sq': 56582.391996151935}
{'sample_size': 1010, 'difference': 2, 'noise': 1, 'n': 101, 'shap_error': 0.031632568814007236, 'shap_norm_sq': 56582.391996151935}
{'sample_size': 1010, 'difference': 2, 'noise': 0.0005, 'n': 101, 'shap_error': 0.01315210266069728, 'shap_norm_sq': 64877.84173911159}
{'sample_size': 1010, 'difference': 2, 'noise': 0.001, 'n': 101, 'shap_error': 0.013152000200004677, 'shap_norm_sq': 64877.84173911159}
{'sample_size': 1010, 'difference': 2, 'noise': 0.005, 'n': 101, 'shap_error': 0.013151180827670998, 'shap_norm_sq': 64877.84173911159}
{'sample_size': 1010, 'difference': 2, 'noise': 0.01, 'n': 101, 'shap_error': 0.013150157395268616, 'shap_norm_sq': 64877.84173911159}
{'sample_size': 1010, 'difference': 2, 'noise': 0.05, 'n': 101, 'shap_error': 0.0131420012566423, 'shap_norm_sq': 64877.84173911159}
{'sample_size': 1010, 'difference': 2, 'noise': 0.1, 'n': 101, 'shap_error': 0.013131884384839653, 'shap_norm_sq': 64877.84173911159}
{'sample_size': 1010, 'difference': 2, 'noise': 0.5, 'n': 101, 'shap_error': 0.013054081469617536, 'shap_norm_sq': 64877.84173911159}
{'sample_size': 1010, 'difference': 2, 'noise': 1, 'n': 101, 'shap_error': 0.01296465797359071, 'shap_norm_sq': 64877.84173911159}
{'sample_size': 1010, 'difference': 2, 'noise': 0.0005, 'n': 101, 'shap_error': 0.02318910508458662, 'shap_norm_sq': 91655.66755265628}
{'sample_size': 1010, 'difference': 2, 'noise': 0.001, 'n': 101, 'shap_error': 0.02318908668214237, 'shap_norm_sq': 91655.66755265628}
{'sample_size': 1010, 'difference': 2, 'noise': 0.005, 'n': 101, 'shap_error': 0.023188939771768835, 'shap_norm_sq': 91655.66755265628}
{'sample_size': 1010, 'difference': 2, 'noise': 0.01, 'n': 101, 'shap_error': 0.023188756906753615, 'shap_norm_sq': 91655.66755265628}
{'sample_size': 1010, 'difference': 2, 'noise': 0.05, 'n': 101, 'shap_error': 0.023187324904686144, 'shap_norm_sq': 91655.66755265628}
{'sample_size': 1010, 'difference': 2, 'noise': 0.1, 'n': 101, 'shap_error': 0.02318561219724025, 'shap_norm_sq': 91655.66755265628}
{'sample_size': 1010, 'difference': 2, 'noise': 0.5, 'n': 101, 'shap_error': 0.023175002343196763, 'shap_norm_sq': 91655.66755265628}
{'sample_size': 1010, 'difference': 2, 'noise': 1, 'n': 101, 'shap_error': 0.02316946953945315, 'shap_norm_sq': 91655.66755265628}
{'sample_size': 1010, 'difference': 2, 'noise': 0.0005, 'n': 101, 'shap_error': 0.007913645453033693, 'shap_norm_sq': 65852.8644272331}
{'sample_size': 1010, 'difference': 2, 'noise': 0.001, 'n': 101, 'shap_error': 0.007913614934639032, 'shap_norm_sq': 65852.8644272331}
{'sample_size': 1010, 'difference': 2, 'noise': 0.005, 'n': 101, 'shap_error': 0.007913371233757785, 'shap_norm_sq': 65852.8644272331}
{'sample_size': 1010, 'difference': 2, 'noise': 0.01, 'n': 101, 'shap_error': 0.00791306772334799, 'shap_norm_sq': 65852.8644272331}
{'sample_size': 1010, 'difference': 2, 'noise': 0.05, 'n': 101, 'shap_error': 0.007910684267742673, 'shap_norm_sq': 65852.8644272331}
{'sample_size': 1010, 'difference': 2, 'noise': 0.1, 'n': 101, 'shap_error': 0.007907816517417393, 'shap_norm_sq': 65852.8644272331}
{'sample_size': 1010, 'difference': 2, 'noise': 0.5, 'n': 101, 'shap_error': 0.007889337282073548, 'shap_norm_sq': 65852.8644272331}
{'sample_size': 1010, 'difference': 2, 'noise': 1, 'n': 101, 'shap_error': 0.007877395156040403, 'shap_norm_sq': 65852.8644272331}
{'sample_size': 1010, 'difference': 2, 'noise': 0.0005, 'n': 101, 'shap_error': 0.01565897959939077, 'shap_norm_sq': 68578.74388306007}
{'sample_size': 1010, 'difference': 2, 'noise': 0.001, 'n': 101, 'shap_error': 0.015658928540581176, 'shap_norm_sq': 68578.74388306007}
{'sample_size': 1010, 'difference': 2, 'noise': 0.005, 'n': 101, 'shap_error': 0.015658520395299386, 'shap_norm_sq': 68578.74388306007}
{'sample_size': 1010, 'difference': 2, 'noise': 0.01, 'n': 101, 'shap_error': 0.015658011026693033, 'shap_norm_sq': 68578.74388306007}
{'sample_size': 1010, 'difference': 2, 'noise': 0.05, 'n': 101, 'shap_error': 0.015653968597675524, 'shap_norm_sq': 68578.74388306007}
{'sample_size': 1010, 'difference': 2, 'noise': 0.1, 'n': 101, 'shap_error': 0.015648996860982225, 'shap_norm_sq': 68578.74388306007}
{'sample_size': 1010, 'difference': 2, 'noise': 0.5, 'n': 101, 'shap_error': 0.015612474950581481, 'shap_norm_sq': 68578.74388306007}
{'sample_size': 1010, 'difference': 2, 'noise': 1, 'n': 101, 'shap_error': 0.015574952520446347, 'shap_norm_sq': 68578.74388306007}
{'sample_size': 1010, 'difference': 2, 'noise': 0.0005, 'n': 101, 'shap_error': 0.01281257434486544, 'shap_norm_sq': 15436.66169381117}
{'sample_size': 1010, 'difference': 2, 'noise': 0.001, 'n': 101, 'shap_error': 0.012812242822110112, 'shap_norm_sq': 15436.66169381117}
{'sample_size': 1010, 'difference': 2, 'noise': 0.005, 'n': 101, 'shap_error': 0.012809592321792103, 'shap_norm_sq': 15436.66169381117}
{'sample_size': 1010, 'difference': 2, 'noise': 0.01, 'n': 101, 'shap_error': 0.012806283400706614, 'shap_norm_sq': 15436.66169381117}
{'sample_size': 1010, 'difference': 2, 'noise': 0.05, 'n': 101, 'shap_error': 0.012779980204512464, 'shap_norm_sq': 15436.66169381117}
{'sample_size': 1010, 'difference': 2, 'noise': 0.1, 'n': 101, 'shap_error': 0.012747521640491822, 'shap_norm_sq': 15436.66169381117}
{'sample_size': 1010, 'difference': 2, 'noise': 0.5, 'n': 101, 'shap_error': 0.012504670377196105, 'shap_norm_sq': 15436.66169381117}
{'sample_size': 1010, 'difference': 2, 'noise': 1, 'n': 101, 'shap_error': 0.012243149420253096, 'shap_norm_sq': 15436.66169381117}
{'sample_size': 1010, 'difference': 2, 'noise': 0.0005, 'n': 101, 'shap_error': 0.015546947118400706, 'shap_norm_sq': 59988.42633215804}
{'sample_size': 1010, 'difference': 2, 'noise': 0.001, 'n': 101, 'shap_error': 0.015546872152952064, 'shap_norm_sq': 59988.42633215804}
{'sample_size': 1010, 'difference': 2, 'noise': 0.005, 'n': 101, 'shap_error': 0.015546272905563376, 'shap_norm_sq': 59988.42633215804}
{'sample_size': 1010, 'difference': 2, 'noise': 0.01, 'n': 101, 'shap_error': 0.015545525036834503, 'shap_norm_sq': 59988.42633215804}
{'sample_size': 1010, 'difference': 2, 'noise': 0.05, 'n': 101, 'shap_error': 0.015539589707288316, 'shap_norm_sq': 59988.42633215804}
{'sample_size': 1010, 'difference': 2, 'noise': 0.1, 'n': 101, 'shap_error': 0.015532289596063373, 'shap_norm_sq': 59988.42633215804}
{'sample_size': 1010, 'difference': 2, 'noise': 0.5, 'n': 101, 'shap_error': 0.015478650734597837, 'shap_norm_sq': 59988.42633215804}
{'sample_size': 1010, 'difference': 2, 'noise': 1, 'n': 101, 'shap_error': 0.015423507228595972, 'shap_norm_sq': 59988.42633215804}
{'sample_size': 1010, 'difference': 2, 'noise': 0.0005, 'n': 101, 'shap_error': 0.010650134855734492, 'shap_norm_sq': 70948.06025453871}
{'sample_size': 1010, 'difference': 2, 'noise': 0.001, 'n': 101, 'shap_error': 0.010650226541838824, 'shap_norm_sq': 70948.06025453871}
{'sample_size': 1010, 'difference': 2, 'noise': 0.005, 'n': 101, 'shap_error': 0.010650960761208764, 'shap_norm_sq': 70948.06025453871}
{'sample_size': 1010, 'difference': 2, 'noise': 0.01, 'n': 101, 'shap_error': 0.010651880361759953, 'shap_norm_sq': 70948.06025453871}
{'sample_size': 1010, 'difference': 2, 'noise': 0.05, 'n': 101, 'shap_error': 0.01065931021972029, 'shap_norm_sq': 70948.06025453871}
{'sample_size': 1010, 'difference': 2, 'noise': 0.1, 'n': 101, 'shap_error': 0.010668780176048267, 'shap_norm_sq': 70948.06025453871}
{'sample_size': 1010, 'difference': 2, 'noise': 0.5, 'n': 101, 'shap_error': 0.010751845181772992, 'shap_norm_sq': 70948.06025453871}
{'sample_size': 1010, 'difference': 2, 'noise': 1, 'n': 101, 'shap_error': 0.010873939826681549, 'shap_norm_sq': 70948.06025453871}
{'sample_size': 1010, 'difference': 2, 'noise': 0.0005, 'n': 101, 'shap_error': 0.04794065967628913, 'shap_norm_sq': 77924.32063228902}
{'sample_size': 1010, 'difference': 2, 'noise': 0.001, 'n': 101, 'shap_error': 0.047940697275265336, 'shap_norm_sq': 77924.32063228902}
{'sample_size': 1010, 'difference': 2, 'noise': 0.005, 'n': 101, 'shap_error': 0.04794099826655741, 'shap_norm_sq': 77924.32063228902}
{'sample_size': 1010, 'difference': 2, 'noise': 0.01, 'n': 101, 'shap_error': 0.04794137500438056, 'shap_norm_sq': 77924.32063228902}
{'sample_size': 1010, 'difference': 2, 'noise': 0.05, 'n': 101, 'shap_error': 0.047944408855274116, 'shap_norm_sq': 77924.32063228902}
{'sample_size': 1010, 'difference': 2, 'noise': 0.1, 'n': 101, 'shap_error': 0.047948251039665366, 'shap_norm_sq': 77924.32063228902}
{'sample_size': 1010, 'difference': 2, 'noise': 0.5, 'n': 101, 'shap_error': 0.04798098334578078, 'shap_norm_sq': 77924.32063228902}
{'sample_size': 1010, 'difference': 2, 'noise': 1, 'n': 101, 'shap_error': 0.04802688580588409, 'shap_norm_sq': 77924.32063228902}
{'sample_size': 1010, 'difference': 2, 'noise': 0.0005, 'n': 101, 'shap_error': 0.03475814162853001, 'shap_norm_sq': 58480.294322778}
{'sample_size': 1010, 'difference': 2, 'noise': 0.001, 'n': 101, 'shap_error': 0.034758170356504074, 'shap_norm_sq': 58480.294322778}
{'sample_size': 1010, 'difference': 2, 'noise': 0.005, 'n': 101, 'shap_error': 0.034758401338021355, 'shap_norm_sq': 58480.294322778}
{'sample_size': 1010, 'difference': 2, 'noise': 0.01, 'n': 101, 'shap_error': 0.03475869295922918, 'shap_norm_sq': 58480.294322778}
{'sample_size': 1010, 'difference': 2, 'noise': 0.05, 'n': 101, 'shap_error': 0.034761141701351, 'shap_norm_sq': 58480.294322778}
{'sample_size': 1010, 'difference': 2, 'noise': 0.1, 'n': 101, 'shap_error': 0.0347644920601491, 'shap_norm_sq': 58480.294322778}
{'sample_size': 1010, 'difference': 2, 'noise': 0.5, 'n': 101, 'shap_error': 0.03480287217636952, 'shap_norm_sq': 58480.294322778}
{'sample_size': 1010, 'difference': 2, 'noise': 1, 'n': 101, 'shap_error': 0.03487979043623418, 'shap_norm_sq': 58480.294322778}
{'sample_size': 1010, 'difference': 2, 'noise': 0.0005, 'n': 101, 'shap_error': 0.03237799629966615, 'shap_norm_sq': 142861.1072230097}
{'sample_size': 1010, 'difference': 2, 'noise': 0.001, 'n': 101, 'shap_error': 0.032377880149094075, 'shap_norm_sq': 142861.1072230097}
{'sample_size': 1010, 'difference': 2, 'noise': 0.005, 'n': 101, 'shap_error': 0.032376951152638465, 'shap_norm_sq': 142861.1072230097}
{'sample_size': 1010, 'difference': 2, 'noise': 0.01, 'n': 101, 'shap_error': 0.032375790427371515, 'shap_norm_sq': 142861.1072230097}
{'sample_size': 1010, 'difference': 2, 'noise': 0.05, 'n': 101, 'shap_error': 0.03236652543731513, 'shap_norm_sq': 142861.1072230097}
{'sample_size': 1010, 'difference': 2, 'noise': 0.1, 'n': 101, 'shap_error': 0.0323549962299536, 'shap_norm_sq': 142861.1072230097}
{'sample_size': 1010, 'difference': 2, 'noise': 0.5, 'n': 101, 'shap_error': 0.0322648437793861, 'shap_norm_sq': 142861.1072230097}
{'sample_size': 1010, 'difference': 2, 'noise': 1, 'n': 101, 'shap_error': 0.03215735623699072, 'shap_norm_sq': 142861.1072230097}
{'sample_size': 1010, 'difference': 2, 'noise': 0.0005, 'n': 101, 'shap_error': 0.05179969153829378, 'shap_norm_sq': 29155.982366292}
{'sample_size': 1010, 'difference': 2, 'noise': 0.001, 'n': 101, 'shap_error': 0.05180070599523891, 'shap_norm_sq': 29155.982366292}
{'sample_size': 1010, 'difference': 2, 'noise': 0.005, 'n': 101, 'shap_error': 0.05180882521224832, 'shap_norm_sq': 29155.982366292}
{'sample_size': 1010, 'difference': 2, 'noise': 0.01, 'n': 101, 'shap_error': 0.05181898313713119, 'shap_norm_sq': 29155.982366292}
{'sample_size': 1010, 'difference': 2, 'noise': 0.05, 'n': 101, 'shap_error': 0.051900602681038584, 'shap_norm_sq': 29155.982366292}
{'sample_size': 1010, 'difference': 2, 'noise': 0.1, 'n': 101, 'shap_error': 0.05200351747303258, 'shap_norm_sq': 29155.982366292}
{'sample_size': 1010, 'difference': 2, 'noise': 0.5, 'n': 101, 'shap_error': 0.05286245029337993, 'shap_norm_sq': 29155.982366292}
{'sample_size': 1010, 'difference': 2, 'noise': 1, 'n': 101, 'shap_error': 0.05402515252980398, 'shap_norm_sq': 29155.982366292}
{'sample_size': 1010, 'difference': 2, 'noise': 0.0005, 'n': 101, 'shap_error': 0.016243620081285468, 'shap_norm_sq': 68210.27030421194}
{'sample_size': 1010, 'difference': 2, 'noise': 0.001, 'n': 101, 'shap_error': 0.016243625556286896, 'shap_norm_sq': 68210.27030421194}
{'sample_size': 1010, 'difference': 2, 'noise': 0.005, 'n': 101, 'shap_error': 0.016243669816294604, 'shap_norm_sq': 68210.27030421194}
{'sample_size': 1010, 'difference': 2, 'noise': 0.01, 'n': 101, 'shap_error': 0.01624372629128286, 'shap_norm_sq': 68210.27030421194}
{'sample_size': 1010, 'difference': 2, 'noise': 0.05, 'n': 101, 'shap_error': 0.016244224090315115, 'shap_norm_sq': 68210.27030421194}
{'sample_size': 1010, 'difference': 2, 'noise': 0.1, 'n': 101, 'shap_error': 0.016244961336932765, 'shap_norm_sq': 68210.27030421194}
{'sample_size': 1010, 'difference': 2, 'noise': 0.5, 'n': 101, 'shap_error': 0.016255459222937665, 'shap_norm_sq': 68210.27030421194}
{'sample_size': 1010, 'difference': 2, 'noise': 1, 'n': 101, 'shap_error': 0.016280081363102494, 'shap_norm_sq': 68210.27030421194}
{'sample_size': 1010, 'difference': 2, 'noise': 0.0005, 'n': 101, 'shap_error': 0.022103516179831625, 'shap_norm_sq': 86211.11074959261}
{'sample_size': 1010, 'difference': 2, 'noise': 0.001, 'n': 101, 'shap_error': 0.022103505457549993, 'shap_norm_sq': 86211.11074959261}
{'sample_size': 1010, 'difference': 2, 'noise': 0.005, 'n': 101, 'shap_error': 0.022103420493039677, 'shap_norm_sq': 86211.11074959261}
{'sample_size': 1010, 'difference': 2, 'noise': 0.01, 'n': 101, 'shap_error': 0.022103316321759176, 'shap_norm_sq': 86211.11074959261}
{'sample_size': 1010, 'difference': 2, 'noise': 0.05, 'n': 101, 'shap_error': 0.022102564325796804, 'shap_norm_sq': 86211.11074959261}
{'sample_size': 1010, 'difference': 2, 'noise': 0.1, 'n': 101, 'shap_error': 0.02210182776655121, 'shap_norm_sq': 86211.11074959261}
{'sample_size': 1010, 'difference': 2, 'noise': 0.5, 'n': 101, 'shap_error': 0.02210407272087678, 'shap_norm_sq': 86211.11074959261}
{'sample_size': 1010, 'difference': 2, 'noise': 1, 'n': 101, 'shap_error': 0.02212722248451086, 'shap_norm_sq': 86211.11074959261}
{'sample_size': 1010, 'difference': 2, 'noise': 0.0005, 'n': 101, 'shap_error': 0.017001966730915818, 'shap_norm_sq': 71614.5711912898}
{'sample_size': 1010, 'difference': 2, 'noise': 0.001, 'n': 101, 'shap_error': 0.017001738720565963, 'shap_norm_sq': 71614.5711912898}
{'sample_size': 1010, 'difference': 2, 'noise': 0.005, 'n': 101, 'shap_error': 0.016999915259298292, 'shap_norm_sq': 71614.5711912898}
{'sample_size': 1010, 'difference': 2, 'noise': 0.01, 'n': 101, 'shap_error': 0.016997637486548485, 'shap_norm_sq': 71614.5711912898}
{'sample_size': 1010, 'difference': 2, 'noise': 0.05, 'n': 101, 'shap_error': 0.016979477457906997, 'shap_norm_sq': 71614.5711912898}
{'sample_size': 1010, 'difference': 2, 'noise': 0.1, 'n': 101, 'shap_error': 0.01695693280550269, 'shap_norm_sq': 71614.5711912898}
{'sample_size': 1010, 'difference': 2, 'noise': 0.5, 'n': 101, 'shap_error': 0.016782790922184473, 'shap_norm_sq': 71614.5711912898}
{'sample_size': 1010, 'difference': 2, 'noise': 1, 'n': 101, 'shap_error': 0.016580651907823114, 'shap_norm_sq': 71614.5711912898}
{'sample_size': 1010, 'difference': 2, 'noise': 0.0005, 'n': 101, 'shap_error': 0.057151587794083324, 'shap_norm_sq': 363781.09591590613}
{'sample_size': 1010, 'difference': 2, 'noise': 0.001, 'n': 101, 'shap_error': 0.057151568349775236, 'shap_norm_sq': 363781.09591590613}
{'sample_size': 1010, 'difference': 2, 'noise': 0.005, 'n': 101, 'shap_error': 0.057151412874167216, 'shap_norm_sq': 363781.09591590613}
{'sample_size': 1010, 'difference': 2, 'noise': 0.01, 'n': 101, 'shap_error': 0.05715121872679527, 'shap_norm_sq': 363781.09591590613}
{'sample_size': 1010, 'difference': 2, 'noise': 0.05, 'n': 101, 'shap_error': 0.05714967343335398, 'shap_norm_sq': 363781.09591590613}
{'sample_size': 1010, 'difference': 2, 'noise': 0.1, 'n': 101, 'shap_error': 0.05714776153038258, 'shap_norm_sq': 363781.09591590613}
{'sample_size': 1010, 'difference': 2, 'noise': 0.5, 'n': 101, 'shap_error': 0.057133254859839645, 'shap_norm_sq': 363781.09591590613}
{'sample_size': 1010, 'difference': 2, 'noise': 1, 'n': 101, 'shap_error': 0.057117092904726455, 'shap_norm_sq': 363781.09591590613}
{'sample_size': 1010, 'difference': 2, 'noise': 0.0005, 'n': 101, 'shap_error': 0.05066108061923112, 'shap_norm_sq': 65152.18994262499}
{'sample_size': 1010, 'difference': 2, 'noise': 0.001, 'n': 101, 'shap_error': 0.05066108553668962, 'shap_norm_sq': 65152.18994262499}
{'sample_size': 1010, 'difference': 2, 'noise': 0.005, 'n': 101, 'shap_error': 0.05066112538265071, 'shap_norm_sq': 65152.18994262499}
{'sample_size': 1010, 'difference': 2, 'noise': 0.01, 'n': 101, 'shap_error': 0.05066117645582962, 'shap_norm_sq': 65152.18994262499}
{'sample_size': 1010, 'difference': 2, 'noise': 0.05, 'n': 101, 'shap_error': 0.05066163567041893, 'shap_norm_sq': 65152.18994262499}
{'sample_size': 1010, 'difference': 2, 'noise': 0.1, 'n': 101, 'shap_error': 0.050662336261540576, 'shap_norm_sq': 65152.18994262499}
{'sample_size': 1010, 'difference': 2, 'noise': 0.5, 'n': 101, 'shap_error': 0.05067300390591201, 'shap_norm_sq': 65152.18994262499}
{'sample_size': 1010, 'difference': 2, 'noise': 1, 'n': 101, 'shap_error': 0.05069899574987551, 'shap_norm_sq': 65152.18994262499}
{'sample_size': 1010, 'difference': 2, 'noise': 0.0005, 'n': 101, 'shap_error': 0.005775848996686968, 'shap_norm_sq': 61475.04748303989}
{'sample_size': 1010, 'difference': 2, 'noise': 0.001, 'n': 101, 'shap_error': 0.0057758554341093395, 'shap_norm_sq': 61475.04748303989}
{'sample_size': 1010, 'difference': 2, 'noise': 0.005, 'n': 101, 'shap_error': 0.005775907383275903, 'shap_norm_sq': 61475.04748303989}
{'sample_size': 1010, 'difference': 2, 'noise': 0.01, 'n': 101, 'shap_error': 0.005775973444202764, 'shap_norm_sq': 61475.04748303989}
{'sample_size': 1010, 'difference': 2, 'noise': 0.05, 'n': 101, 'shap_error': 0.005776546910366705, 'shap_norm_sq': 61475.04748303989}
{'sample_size': 1010, 'difference': 2, 'noise': 0.1, 'n': 101, 'shap_error': 0.005777376189944741, 'shap_norm_sq': 61475.04748303989}
{'sample_size': 1010, 'difference': 2, 'noise': 0.5, 'n': 101, 'shap_error': 0.0057885083014880805, 'shap_norm_sq': 61475.04748303989}
{'sample_size': 1010, 'difference': 2, 'noise': 1, 'n': 101, 'shap_error': 0.005813668128216791, 'shap_norm_sq': 61475.04748303989}
{'sample_size': 1010, 'difference': 2, 'noise': 0.0005, 'n': 101, 'shap_error': 0.022626591253364886, 'shap_norm_sq': 64529.68913311736}
{'sample_size': 1010, 'difference': 2, 'noise': 0.001, 'n': 101, 'shap_error': 0.022626735255812568, 'shap_norm_sq': 64529.68913311736}
{'sample_size': 1010, 'difference': 2, 'noise': 0.005, 'n': 101, 'shap_error': 0.022627887618432527, 'shap_norm_sq': 64529.68913311736}
{'sample_size': 1010, 'difference': 2, 'noise': 0.01, 'n': 101, 'shap_error': 0.022629328929304932, 'shap_norm_sq': 64529.68913311736}
{'sample_size': 1010, 'difference': 2, 'noise': 0.05, 'n': 101, 'shap_error': 0.022640893720212853, 'shap_norm_sq': 64529.68913311736}
{'sample_size': 1010, 'difference': 2, 'noise': 0.1, 'n': 101, 'shap_error': 0.022655435468659512, 'shap_norm_sq': 64529.68913311736}
{'sample_size': 1010, 'difference': 2, 'noise': 0.5, 'n': 101, 'shap_error': 0.022775199848723834, 'shap_norm_sq': 64529.68913311736}
{'sample_size': 1010, 'difference': 2, 'noise': 1, 'n': 101, 'shap_error': 0.022933481305027287, 'shap_norm_sq': 64529.68913311736}
{'sample_size': 1010, 'difference': 2, 'noise': 0.0005, 'n': 101, 'shap_error': 0.04767165746555475, 'shap_norm_sq': 37054.59474406034}
{'sample_size': 1010, 'difference': 2, 'noise': 0.001, 'n': 101, 'shap_error': 0.04767145662620436, 'shap_norm_sq': 37054.59474406034}
{'sample_size': 1010, 'difference': 2, 'noise': 0.005, 'n': 101, 'shap_error': 0.04766985127684845, 'shap_norm_sq': 37054.59474406034}
{'sample_size': 1010, 'difference': 2, 'noise': 0.01, 'n': 101, 'shap_error': 0.04766784800376045, 'shap_norm_sq': 37054.59474406034}
{'sample_size': 1010, 'difference': 2, 'noise': 0.05, 'n': 101, 'shap_error': 0.04765195836337191, 'shap_norm_sq': 37054.59474406034}
{'sample_size': 1010, 'difference': 2, 'noise': 0.1, 'n': 101, 'shap_error': 0.047632437673667684, 'shap_norm_sq': 37054.59474406034}
{'sample_size': 1010, 'difference': 2, 'noise': 0.5, 'n': 101, 'shap_error': 0.047489926587319736, 'shap_norm_sq': 37054.59474406034}
{'sample_size': 1010, 'difference': 2, 'noise': 1, 'n': 101, 'shap_error': 0.0473459238075921, 'shap_norm_sq': 37054.59474406034}
{'sample_size': 1010, 'difference': 2, 'noise': 0.0005, 'n': 101, 'shap_error': 0.015014380408365523, 'shap_norm_sq': 67634.43522297681}
{'sample_size': 1010, 'difference': 2, 'noise': 0.001, 'n': 101, 'shap_error': 0.015014311597864984, 'shap_norm_sq': 67634.43522297681}
{'sample_size': 1010, 'difference': 2, 'noise': 0.005, 'n': 101, 'shap_error': 0.015013761707383564, 'shap_norm_sq': 67634.43522297681}
{'sample_size': 1010, 'difference': 2, 'noise': 0.01, 'n': 101, 'shap_error': 0.0150130758280843, 'shap_norm_sq': 67634.43522297681}
{'sample_size': 1010, 'difference': 2, 'noise': 0.05, 'n': 101, 'shap_error': 0.015007648145804763, 'shap_norm_sq': 67634.43522297681}
{'sample_size': 1010, 'difference': 2, 'noise': 0.1, 'n': 101, 'shap_error': 0.015001011923238236, 'shap_norm_sq': 67634.43522297681}
{'sample_size': 1010, 'difference': 2, 'noise': 0.5, 'n': 101, 'shap_error': 0.014953857354043504, 'shap_norm_sq': 67634.43522297681}
{'sample_size': 1010, 'difference': 2, 'noise': 1, 'n': 101, 'shap_error': 0.01490975217088817, 'shap_norm_sq': 67634.43522297681}
{'sample_size': 1010, 'difference': 2, 'noise': 0.0005, 'n': 101, 'shap_error': 0.028502683690136466, 'shap_norm_sq': 65693.15553171656}
{'sample_size': 1010, 'difference': 2, 'noise': 0.001, 'n': 101, 'shap_error': 0.028502544500691892, 'shap_norm_sq': 65693.15553171656}
{'sample_size': 1010, 'difference': 2, 'noise': 0.005, 'n': 101, 'shap_error': 0.02850143135859792, 'shap_norm_sq': 65693.15553171656}
{'sample_size': 1010, 'difference': 2, 'noise': 0.01, 'n': 101, 'shap_error': 0.028500040864643895, 'shap_norm_sq': 65693.15553171656}
{'sample_size': 1010, 'difference': 2, 'noise': 0.05, 'n': 101, 'shap_error': 0.028488954259567864, 'shap_norm_sq': 65693.15553171656}
{'sample_size': 1010, 'difference': 2, 'noise': 0.1, 'n': 101, 'shap_error': 0.028475189369600258, 'shap_norm_sq': 65693.15553171656}
{'sample_size': 1010, 'difference': 2, 'noise': 0.5, 'n': 101, 'shap_error': 0.028368804904981292, 'shap_norm_sq': 65693.15553171656}
{'sample_size': 1010, 'difference': 2, 'noise': 1, 'n': 101, 'shap_error': 0.028245160962011375, 'shap_norm_sq': 65693.15553171656}
{'sample_size': 1010, 'difference': 2, 'noise': 0.0005, 'n': 101, 'shap_error': 0.025845756331371376, 'shap_norm_sq': 90026.51727442787}
{'sample_size': 1010, 'difference': 2, 'noise': 0.001, 'n': 101, 'shap_error': 0.025845736122877428, 'shap_norm_sq': 90026.51727442787}
{'sample_size': 1010, 'difference': 2, 'noise': 0.005, 'n': 101, 'shap_error': 0.025845574696031007, 'shap_norm_sq': 90026.51727442787}
{'sample_size': 1010, 'difference': 2, 'noise': 0.01, 'n': 101, 'shap_error': 0.025845373515235064, 'shap_norm_sq': 90026.51727442787}
{'sample_size': 1010, 'difference': 2, 'noise': 0.05, 'n': 101, 'shap_error': 0.025843788179343935, 'shap_norm_sq': 90026.51727442787}
{'sample_size': 1010, 'difference': 2, 'noise': 0.1, 'n': 101, 'shap_error': 0.02584186678567237, 'shap_norm_sq': 90026.51727442787}
{'sample_size': 1010, 'difference': 2, 'noise': 0.5, 'n': 101, 'shap_error': 0.02582890668399176, 'shap_norm_sq': 90026.51727442787}
{'sample_size': 1010, 'difference': 2, 'noise': 1, 'n': 101, 'shap_error': 0.02581873417612164, 'shap_norm_sq': 90026.51727442787}
{'sample_size': 1010, 'difference': 2, 'noise': 0.0005, 'n': 101, 'shap_error': 0.009042912225377227, 'shap_norm_sq': 60278.702543096995}
{'sample_size': 1010, 'difference': 2, 'noise': 0.001, 'n': 101, 'shap_error': 0.009042870506383867, 'shap_norm_sq': 60278.702543096995}
{'sample_size': 1010, 'difference': 2, 'noise': 0.005, 'n': 101, 'shap_error': 0.009042537102609969, 'shap_norm_sq': 60278.702543096995}
{'sample_size': 1010, 'difference': 2, 'noise': 0.01, 'n': 101, 'shap_error': 0.00904212121832114, 'shap_norm_sq': 60278.702543096995}
{'sample_size': 1010, 'difference': 2, 'noise': 0.05, 'n': 101, 'shap_error': 0.009038828961164837, 'shap_norm_sq': 60278.702543096995}
{'sample_size': 1010, 'difference': 2, 'noise': 0.1, 'n': 101, 'shap_error': 0.009034800682604116, 'shap_norm_sq': 60278.702543096995}
{'sample_size': 1010, 'difference': 2, 'noise': 0.5, 'n': 101, 'shap_error': 0.009006056169479115, 'shap_norm_sq': 60278.702543096995}
{'sample_size': 1010, 'difference': 2, 'noise': 1, 'n': 101, 'shap_error': 0.008978829816484865, 'shap_norm_sq': 60278.702543096995}
{'sample_size': 1010, 'difference': 2, 'noise': 0.0005, 'n': 101, 'shap_error': 0.04135068440671543, 'shap_norm_sq': 60517.72849368696}
{'sample_size': 1010, 'difference': 2, 'noise': 0.001, 'n': 101, 'shap_error': 0.0413508149584819, 'shap_norm_sq': 60517.72849368696}
{'sample_size': 1010, 'difference': 2, 'noise': 0.005, 'n': 101, 'shap_error': 0.04135185986109711, 'shap_norm_sq': 60517.72849368696}
{'sample_size': 1010, 'difference': 2, 'noise': 0.01, 'n': 101, 'shap_error': 0.04135316721057683, 'shap_norm_sq': 60517.72849368696}
{'sample_size': 1010, 'difference': 2, 'noise': 0.05, 'n': 101, 'shap_error': 0.04136367485483216, 'shap_norm_sq': 60517.72849368696}
{'sample_size': 1010, 'difference': 2, 'noise': 0.1, 'n': 101, 'shap_error': 0.04137693153119963, 'shap_norm_sq': 60517.72849368696}
{'sample_size': 1010, 'difference': 2, 'noise': 0.5, 'n': 101, 'shap_error': 0.041487869784051876, 'shap_norm_sq': 60517.72849368696}
{'sample_size': 1010, 'difference': 2, 'noise': 1, 'n': 101, 'shap_error': 0.04163875470490239, 'shap_norm_sq': 60517.72849368696}
{'sample_size': 1010, 'difference': 2, 'noise': 0.0005, 'n': 101, 'shap_error': 0.00018815184976502496, 'shap_norm_sq': 10837.687552913987}
{'sample_size': 1010, 'difference': 2, 'noise': 0.001, 'n': 101, 'shap_error': 0.0001882012420068736, 'shap_norm_sq': 10837.687552913987}
{'sample_size': 1010, 'difference': 2, 'noise': 0.005, 'n': 101, 'shap_error': 0.00018860028903053613, 'shap_norm_sq': 10837.687552913987}
{'sample_size': 1010, 'difference': 2, 'noise': 0.01, 'n': 101, 'shap_error': 0.0001891088705320615, 'shap_norm_sq': 10837.687552913987}
{'sample_size': 1010, 'difference': 2, 'noise': 0.05, 'n': 101, 'shap_error': 0.0001935684314227312, 'shap_norm_sq': 10837.687552913987}
{'sample_size': 1010, 'difference': 2, 'noise': 0.1, 'n': 101, 'shap_error': 0.00020012015473185426, 'shap_norm_sq': 10837.687552913987}
{'sample_size': 1010, 'difference': 2, 'noise': 0.5, 'n': 101, 'shap_error': 0.0002916248290355029, 'shap_norm_sq': 10837.687552913987}
{'sample_size': 1010, 'difference': 2, 'noise': 1, 'n': 101, 'shap_error': 0.0005037328914922943, 'shap_norm_sq': 10837.687552913987}
{'sample_size': 1010, 'difference': 2, 'noise': 0.0005, 'n': 101, 'shap_error': 0.030989871281042754, 'shap_norm_sq': 59094.93972924952}
{'sample_size': 1010, 'difference': 2, 'noise': 0.001, 'n': 101, 'shap_error': 0.030989934430184725, 'shap_norm_sq': 59094.93972924952}
{'sample_size': 1010, 'difference': 2, 'noise': 0.005, 'n': 101, 'shap_error': 0.030990440326340785, 'shap_norm_sq': 59094.93972924952}
{'sample_size': 1010, 'difference': 2, 'noise': 0.01, 'n': 101, 'shap_error': 0.03099107445408879, 'shap_norm_sq': 59094.93972924952}
{'sample_size': 1010, 'difference': 2, 'noise': 0.05, 'n': 101, 'shap_error': 0.030996217778196607, 'shap_norm_sq': 59094.93972924952}
{'sample_size': 1010, 'difference': 2, 'noise': 0.1, 'n': 101, 'shap_error': 0.031002822688641747, 'shap_norm_sq': 59094.93972924952}
{'sample_size': 1010, 'difference': 2, 'noise': 0.5, 'n': 101, 'shap_error': 0.031062692184600327, 'shap_norm_sq': 59094.93972924952}
{'sample_size': 1010, 'difference': 2, 'noise': 1, 'n': 101, 'shap_error': 0.031155104585544234, 'shap_norm_sq': 59094.93972924952}
{'sample_size': 1010, 'difference': 2, 'noise': 0.0005, 'n': 101, 'shap_error': 0.011215445434168456, 'shap_norm_sq': 81644.161193724}
{'sample_size': 1010, 'difference': 2, 'noise': 0.001, 'n': 101, 'shap_error': 0.011215527741748601, 'shap_norm_sq': 81644.161193724}
{'sample_size': 1010, 'difference': 2, 'noise': 0.005, 'n': 101, 'shap_error': 0.011216186478060261, 'shap_norm_sq': 81644.161193724}
{'sample_size': 1010, 'difference': 2, 'noise': 0.01, 'n': 101, 'shap_error': 0.011217010587625455, 'shap_norm_sq': 81644.161193724}
{'sample_size': 1010, 'difference': 2, 'noise': 0.05, 'n': 101, 'shap_error': 0.011223631031165096, 'shap_norm_sq': 81644.161193724}
{'sample_size': 1010, 'difference': 2, 'noise': 0.1, 'n': 101, 'shap_error': 0.011231975503134373, 'shap_norm_sq': 81644.161193724}
{'sample_size': 1010, 'difference': 2, 'noise': 0.5, 'n': 101, 'shap_error': 0.011301487980678442, 'shap_norm_sq': 81644.161193724}
{'sample_size': 1010, 'difference': 2, 'noise': 1, 'n': 101, 'shap_error': 0.011395270332084276, 'shap_norm_sq': 81644.161193724}
{'sample_size': 1010, 'difference': 2, 'noise': 0.0005, 'n': 101, 'shap_error': 0.0609446519698468, 'shap_norm_sq': 50053.765987219485}
{'sample_size': 1010, 'difference': 2, 'noise': 0.001, 'n': 101, 'shap_error': 0.0609448308917225, 'shap_norm_sq': 50053.765987219485}
{'sample_size': 1010, 'difference': 2, 'noise': 0.005, 'n': 101, 'shap_error': 0.060946262703816236, 'shap_norm_sq': 50053.765987219485}
{'sample_size': 1010, 'difference': 2, 'noise': 0.01, 'n': 101, 'shap_error': 0.06094805356164875, 'shap_norm_sq': 50053.765987219485}
{'sample_size': 1010, 'difference': 2, 'noise': 0.05, 'n': 101, 'shap_error': 0.06096242413292779, 'shap_norm_sq': 50053.765987219485}
{'sample_size': 1010, 'difference': 2, 'noise': 0.1, 'n': 101, 'shap_error': 0.0609804966185762, 'shap_norm_sq': 50053.765987219485}
{'sample_size': 1010, 'difference': 2, 'noise': 0.5, 'n': 101, 'shap_error': 0.06112944736571061, 'shap_norm_sq': 50053.765987219485}
{'sample_size': 1010, 'difference': 2, 'noise': 1, 'n': 101, 'shap_error': 0.061326562954502846, 'shap_norm_sq': 50053.765987219485}
{'sample_size': 1010, 'difference': 2, 'noise': 0.0005, 'n': 101, 'shap_error': 0.015922310531501286, 'shap_norm_sq': 402205.52813783445}
{'sample_size': 1010, 'difference': 2, 'noise': 0.001, 'n': 101, 'shap_error': 0.01592233551622193, 'shap_norm_sq': 402205.52813783445}
{'sample_size': 1010, 'difference': 2, 'noise': 0.005, 'n': 101, 'shap_error': 0.01592253545652483, 'shap_norm_sq': 402205.52813783445}
{'sample_size': 1010, 'difference': 2, 'noise': 0.01, 'n': 101, 'shap_error': 0.01592278553825146, 'shap_norm_sq': 402205.52813783445}
{'sample_size': 1010, 'difference': 2, 'noise': 0.05, 'n': 101, 'shap_error': 0.015924792445985554, 'shap_norm_sq': 402205.52813783445}
{'sample_size': 1010, 'difference': 2, 'noise': 0.1, 'n': 101, 'shap_error': 0.01592731671545296, 'shap_norm_sq': 402205.52813783445}
{'sample_size': 1010, 'difference': 2, 'noise': 0.5, 'n': 101, 'shap_error': 0.01594813626320442, 'shap_norm_sq': 402205.52813783445}
{'sample_size': 1010, 'difference': 2, 'noise': 1, 'n': 101, 'shap_error': 0.015975724177920588, 'shap_norm_sq': 402205.52813783445}
{'sample_size': 1010, 'difference': 2, 'noise': 0.0005, 'n': 101, 'shap_error': 0.008914704304535578, 'shap_norm_sq': 59051.703621773784}
{'sample_size': 1010, 'difference': 2, 'noise': 0.001, 'n': 101, 'shap_error': 0.008914745390925361, 'shap_norm_sq': 59051.703621773784}
{'sample_size': 1010, 'difference': 2, 'noise': 0.005, 'n': 101, 'shap_error': 0.00891507479616396, 'shap_norm_sq': 59051.703621773784}
{'sample_size': 1010, 'difference': 2, 'noise': 0.01, 'n': 101, 'shap_error': 0.008915488338014395, 'shap_norm_sq': 59051.703621773784}
{'sample_size': 1010, 'difference': 2, 'noise': 0.05, 'n': 101, 'shap_error': 0.008918868084907097, 'shap_norm_sq': 59051.703621773784}
{'sample_size': 1010, 'difference': 2, 'noise': 0.1, 'n': 101, 'shap_error': 0.008923271298745252, 'shap_norm_sq': 59051.703621773784}
{'sample_size': 1010, 'difference': 2, 'noise': 0.5, 'n': 101, 'shap_error': 0.008965638218353656, 'shap_norm_sq': 59051.703621773784}
{'sample_size': 1010, 'difference': 2, 'noise': 1, 'n': 101, 'shap_error': 0.009036449890116876, 'shap_norm_sq': 59051.703621773784}
{'sample_size': 1010, 'difference': 2, 'noise': 0.0005, 'n': 101, 'shap_error': 0.018081781134047667, 'shap_norm_sq': 45343.17351124053}
{'sample_size': 1010, 'difference': 2, 'noise': 0.001, 'n': 101, 'shap_error': 0.01808166353718885, 'shap_norm_sq': 45343.17351124053}
{'sample_size': 1010, 'difference': 2, 'noise': 0.005, 'n': 101, 'shap_error': 0.01808072358561946, 'shap_norm_sq': 45343.17351124053}
{'sample_size': 1010, 'difference': 2, 'noise': 0.01, 'n': 101, 'shap_error': 0.018079550704412594, 'shap_norm_sq': 45343.17351124053}
{'sample_size': 1010, 'difference': 2, 'noise': 0.05, 'n': 101, 'shap_error': 0.01807024998500373, 'shap_norm_sq': 45343.17351124053}
{'sample_size': 1010, 'difference': 2, 'noise': 0.1, 'n': 101, 'shap_error': 0.018058829911340918, 'shap_norm_sq': 45343.17351124053}
{'sample_size': 1010, 'difference': 2, 'noise': 0.5, 'n': 101, 'shap_error': 0.017975702345972563, 'shap_norm_sq': 45343.17351124053}
{'sample_size': 1010, 'difference': 2, 'noise': 1, 'n': 101, 'shap_error': 0.01789237544909966, 'shap_norm_sq': 45343.17351124053}
{'sample_size': 1010, 'difference': 2, 'noise': 0.0005, 'n': 101, 'shap_error': 0.02920031565790842, 'shap_norm_sq': 69286.48627175041}
{'sample_size': 1010, 'difference': 2, 'noise': 0.001, 'n': 101, 'shap_error': 0.029200057778784344, 'shap_norm_sq': 69286.48627175041}
{'sample_size': 1010, 'difference': 2, 'noise': 0.005, 'n': 101, 'shap_error': 0.029197995701884652, 'shap_norm_sq': 69286.48627175041}
{'sample_size': 1010, 'difference': 2, 'noise': 0.01, 'n': 101, 'shap_error': 0.029195420495988243, 'shap_norm_sq': 69286.48627175041}
{'sample_size': 1010, 'difference': 2, 'noise': 0.05, 'n': 101, 'shap_error': 0.029174914457945234, 'shap_norm_sq': 69286.48627175041}
{'sample_size': 1010, 'difference': 2, 'noise': 0.1, 'n': 101, 'shap_error': 0.029149520933212717, 'shap_norm_sq': 69286.48627175041}
{'sample_size': 1010, 'difference': 2, 'noise': 0.5, 'n': 101, 'shap_error': 0.028955933648195844, 'shap_norm_sq': 69286.48627175041}
{'sample_size': 1010, 'difference': 2, 'noise': 1, 'n': 101, 'shap_error': 0.028737851824032965, 'shap_norm_sq': 69286.48627175041}
{'sample_size': 1010, 'difference': 2, 'noise': 0.0005, 'n': 101, 'shap_error': 0.002214382256492153, 'shap_norm_sq': 64740.40159642255}
{'sample_size': 1010, 'difference': 2, 'noise': 0.001, 'n': 101, 'shap_error': 0.002214395395144013, 'shap_norm_sq': 64740.40159642255}
{'sample_size': 1010, 'difference': 2, 'noise': 0.005, 'n': 101, 'shap_error': 0.0022145009002239036, 'shap_norm_sq': 64740.40159642255}
{'sample_size': 1010, 'difference': 2, 'noise': 0.01, 'n': 101, 'shap_error': 0.002214633771236297, 'shap_norm_sq': 64740.40159642255}
{'sample_size': 1010, 'difference': 2, 'noise': 0.05, 'n': 101, 'shap_error': 0.002215736325839395, 'shap_norm_sq': 64740.40159642255}
{'sample_size': 1010, 'difference': 2, 'noise': 0.1, 'n': 101, 'shap_error': 0.0022172134853537134, 'shap_norm_sq': 64740.40159642255}
{'sample_size': 1010, 'difference': 2, 'noise': 0.5, 'n': 101, 'shap_error': 0.0022329894118766616, 'shap_norm_sq': 64740.40159642255}
{'sample_size': 1010, 'difference': 2, 'noise': 1, 'n': 101, 'shap_error': 0.00226260594605379, 'shap_norm_sq': 64740.40159642255}
{'sample_size': 1010, 'difference': 2, 'noise': 0.0005, 'n': 101, 'shap_error': 0.014371648800437961, 'shap_norm_sq': 78281.04079348833}
{'sample_size': 1010, 'difference': 2, 'noise': 0.001, 'n': 101, 'shap_error': 0.014371517233336809, 'shap_norm_sq': 78281.04079348833}
{'sample_size': 1010, 'difference': 2, 'noise': 0.005, 'n': 101, 'shap_error': 0.014370465648331488, 'shap_norm_sq': 78281.04079348833}
{'sample_size': 1010, 'difference': 2, 'noise': 0.01, 'n': 101, 'shap_error': 0.014369153546587353, 'shap_norm_sq': 78281.04079348833}
{'sample_size': 1010, 'difference': 2, 'noise': 0.05, 'n': 101, 'shap_error': 0.01435875191314911, 'shap_norm_sq': 78281.04079348833}
{'sample_size': 1010, 'difference': 2, 'noise': 0.1, 'n': 101, 'shap_error': 0.014345987822636758, 'shap_norm_sq': 78281.04079348833}
{'sample_size': 1010, 'difference': 2, 'noise': 0.5, 'n': 101, 'shap_error': 0.014253393149906951, 'shap_norm_sq': 78281.04079348833}
{'sample_size': 1010, 'difference': 2, 'noise': 1, 'n': 101, 'shap_error': 0.014161444937428715, 'shap_norm_sq': 78281.04079348833}
{'sample_size': 1010, 'difference': 2, 'noise': 0.0005, 'n': 101, 'shap_error': 0.017844369388456356, 'shap_norm_sq': 80933.95894743361}
{'sample_size': 1010, 'difference': 2, 'noise': 0.001, 'n': 101, 'shap_error': 0.017844310345529992, 'shap_norm_sq': 80933.95894743361}
{'sample_size': 1010, 'difference': 2, 'noise': 0.005, 'n': 101, 'shap_error': 0.017843838311316508, 'shap_norm_sq': 80933.95894743361}
{'sample_size': 1010, 'difference': 2, 'noise': 0.01, 'n': 101, 'shap_error': 0.017843249041545745, 'shap_norm_sq': 80933.95894743361}
{'sample_size': 1010, 'difference': 2, 'noise': 0.05, 'n': 101, 'shap_error': 0.017838565803205832, 'shap_norm_sq': 80933.95894743361}
{'sample_size': 1010, 'difference': 2, 'noise': 0.1, 'n': 101, 'shap_error': 0.017832789054850157, 'shap_norm_sq': 80933.95894743361}
{'sample_size': 1010, 'difference': 2, 'noise': 0.5, 'n': 101, 'shap_error': 0.01778966705079229, 'shap_norm_sq': 80933.95894743361}
{'sample_size': 1010, 'difference': 2, 'noise': 1, 'n': 101, 'shap_error': 0.017743494502684257, 'shap_norm_sq': 80933.95894743361}
{'sample_size': 1010, 'difference': 2, 'noise': 0.0005, 'n': 101, 'shap_error': 0.007730359440922873, 'shap_norm_sq': 194115.54527974554}
{'sample_size': 1010, 'difference': 2, 'noise': 0.001, 'n': 101, 'shap_error': 0.007730347556510313, 'shap_norm_sq': 194115.54527974554}
{'sample_size': 1010, 'difference': 2, 'noise': 0.005, 'n': 101, 'shap_error': 0.0077302526785754735, 'shap_norm_sq': 194115.54527974554}
{'sample_size': 1010, 'difference': 2, 'noise': 0.01, 'n': 101, 'shap_error': 0.0077301345745717735, 'shap_norm_sq': 194115.54527974554}
{'sample_size': 1010, 'difference': 2, 'noise': 0.05, 'n': 101, 'shap_error': 0.007729209479117557, 'shap_norm_sq': 194115.54527974554}
{'sample_size': 1010, 'difference': 2, 'noise': 0.1, 'n': 101, 'shap_error': 0.007728102451243813, 'shap_norm_sq': 194115.54527974554}
{'sample_size': 1010, 'difference': 2, 'noise': 0.5, 'n': 101, 'shap_error': 0.007721219886017547, 'shap_norm_sq': 194115.54527974554}
{'sample_size': 1010, 'difference': 2, 'noise': 1, 'n': 101, 'shap_error': 0.007717550823890714, 'shap_norm_sq': 194115.54527974554}
{'sample_size': 1010, 'difference': 2, 'noise': 0.0005, 'n': 101, 'shap_error': 0.008391081966476142, 'shap_norm_sq': 53079.06010629076}
{'sample_size': 1010, 'difference': 2, 'noise': 0.001, 'n': 101, 'shap_error': 0.008391130759017734, 'shap_norm_sq': 53079.06010629076}
{'sample_size': 1010, 'difference': 2, 'noise': 0.005, 'n': 101, 'shap_error': 0.008391521584543324, 'shap_norm_sq': 53079.06010629076}
{'sample_size': 1010, 'difference': 2, 'noise': 0.01, 'n': 101, 'shap_error': 0.008392011329429985, 'shap_norm_sq': 53079.06010629076}
{'sample_size': 1010, 'difference': 2, 'noise': 0.05, 'n': 101, 'shap_error': 0.008395977807733603, 'shap_norm_sq': 53079.06010629076}
{'sample_size': 1010, 'difference': 2, 'noise': 0.1, 'n': 101, 'shap_error': 0.008401057203631636, 'shap_norm_sq': 53079.06010629076}
{'sample_size': 1010, 'difference': 2, 'noise': 0.5, 'n': 101, 'shap_error': 0.008446544291568788, 'shap_norm_sq': 53079.06010629076}
{'sample_size': 1010, 'difference': 2, 'noise': 1, 'n': 101, 'shap_error': 0.008515532953372092, 'shap_norm_sq': 53079.06010629076}
{'sample_size': 1010, 'difference': 2, 'noise': 0.0005, 'n': 101, 'shap_error': 0.02981531491137004, 'shap_norm_sq': 64529.68913311736}
{'sample_size': 1010, 'difference': 2, 'noise': 0.001, 'n': 101, 'shap_error': 0.02981518720044088, 'shap_norm_sq': 64529.68913311736}
{'sample_size': 1010, 'difference': 2, 'noise': 0.005, 'n': 101, 'shap_error': 0.029814166175645782, 'shap_norm_sq': 64529.68913311736}
{'sample_size': 1010, 'difference': 2, 'noise': 0.01, 'n': 101, 'shap_error': 0.02981289155124551, 'shap_norm_sq': 64529.68913311736}
{'sample_size': 1010, 'difference': 2, 'noise': 0.05, 'n': 101, 'shap_error': 0.029802760819800916, 'shap_norm_sq': 64529.68913311736}
{'sample_size': 1010, 'difference': 2, 'noise': 0.1, 'n': 101, 'shap_error': 0.029790263064884418, 'shap_norm_sq': 64529.68913311736}
{'sample_size': 1010, 'difference': 2, 'noise': 0.5, 'n': 101, 'shap_error': 0.02969690740113309, 'shap_norm_sq': 64529.68913311736}
{'sample_size': 1010, 'difference': 2, 'noise': 1, 'n': 101, 'shap_error': 0.02959677876039419, 'shap_norm_sq': 64529.68913311736}
{'sample_size': 1010, 'difference': 2, 'noise': 0.0005, 'n': 101, 'shap_error': 0.026252337301185428, 'shap_norm_sq': 95208.64754927717}
{'sample_size': 1010, 'difference': 2, 'noise': 0.001, 'n': 101, 'shap_error': 0.026252394711119103, 'shap_norm_sq': 95208.64754927717}
{'sample_size': 1010, 'difference': 2, 'noise': 0.005, 'n': 101, 'shap_error': 0.026252854234663673, 'shap_norm_sq': 95208.64754927717}
{'sample_size': 1010, 'difference': 2, 'noise': 0.01, 'n': 101, 'shap_error': 0.026253429249282364, 'shap_norm_sq': 95208.64754927717}
{'sample_size': 1010, 'difference': 2, 'noise': 0.05, 'n': 101, 'shap_error': 0.026258053773747847, 'shap_norm_sq': 95208.64754927717}
{'sample_size': 1010, 'difference': 2, 'noise': 0.1, 'n': 101, 'shap_error': 0.026263895448120675, 'shap_norm_sq': 95208.64754927717}
{'sample_size': 1010, 'difference': 2, 'noise': 0.5, 'n': 101, 'shap_error': 0.026313069594737448, 'shap_norm_sq': 95208.64754927717}
{'sample_size': 1010, 'difference': 2, 'noise': 1, 'n': 101, 'shap_error': 0.026380639157094984, 'shap_norm_sq': 95208.64754927717}
{'sample_size': 1010, 'difference': 2, 'noise': 0.0005, 'n': 101, 'shap_error': 0.011481821170047294, 'shap_norm_sq': 49611.86676062929}
{'sample_size': 1010, 'difference': 2, 'noise': 0.001, 'n': 101, 'shap_error': 0.011481856489458849, 'shap_norm_sq': 49611.86676062929}
{'sample_size': 1010, 'difference': 2, 'noise': 0.005, 'n': 101, 'shap_error': 0.011482139655556728, 'shap_norm_sq': 49611.86676062929}
{'sample_size': 1010, 'difference': 2, 'noise': 0.01, 'n': 101, 'shap_error': 0.011482495140190249, 'shap_norm_sq': 49611.86676062929}
{'sample_size': 1010, 'difference': 2, 'noise': 0.05, 'n': 101, 'shap_error': 0.011485400097694031, 'shap_norm_sq': 49611.86676062929}
{'sample_size': 1010, 'difference': 2, 'noise': 0.1, 'n': 101, 'shap_error': 0.011489183995665087, 'shap_norm_sq': 49611.86676062929}
{'sample_size': 1010, 'difference': 2, 'noise': 0.5, 'n': 101, 'shap_error': 0.01152556322307905, 'shap_norm_sq': 49611.86676062929}
{'sample_size': 1010, 'difference': 2, 'noise': 1, 'n': 101, 'shap_error': 0.011586307366462467, 'shap_norm_sq': 49611.86676062929}
{'sample_size': 1010, 'difference': 2, 'noise': 0.0005, 'n': 101, 'shap_error': 0.0071321248464394985, 'shap_norm_sq': 54630.12408325359}
{'sample_size': 1010, 'difference': 2, 'noise': 0.001, 'n': 101, 'shap_error': 0.0071320617071801975, 'shap_norm_sq': 54630.12408325359}
{'sample_size': 1010, 'difference': 2, 'noise': 0.005, 'n': 101, 'shap_error': 0.0071315571932680935, 'shap_norm_sq': 54630.12408325359}
{'sample_size': 1010, 'difference': 2, 'noise': 0.01, 'n': 101, 'shap_error': 0.007130928051280428, 'shap_norm_sq': 54630.12408325359}
{'sample_size': 1010, 'difference': 2, 'noise': 0.05, 'n': 101, 'shap_error': 0.007125954931465135, 'shap_norm_sq': 54630.12408325359}
{'sample_size': 1010, 'difference': 2, 'noise': 0.1, 'n': 101, 'shap_error': 0.007119888571918309, 'shap_norm_sq': 54630.12408325359}
{'sample_size': 1010, 'difference': 2, 'noise': 0.5, 'n': 101, 'shap_error': 0.007077359304419693, 'shap_norm_sq': 54630.12408325359}
{'sample_size': 1010, 'difference': 2, 'noise': 1, 'n': 101, 'shap_error': 0.007039201742236629, 'shap_norm_sq': 54630.12408325359}
{'sample_size': 1010, 'difference': 2, 'noise': 0.0005, 'n': 101, 'shap_error': 0.011652949339549405, 'shap_norm_sq': 36586.72494949802}
{'sample_size': 1010, 'difference': 2, 'noise': 0.001, 'n': 101, 'shap_error': 0.011653035916093502, 'shap_norm_sq': 36586.72494949802}
{'sample_size': 1010, 'difference': 2, 'noise': 0.005, 'n': 101, 'shap_error': 0.011653730493606112, 'shap_norm_sq': 36586.72494949802}
{'sample_size': 1010, 'difference': 2, 'noise': 0.01, 'n': 101, 'shap_error': 0.01165460362839596, 'shap_norm_sq': 36586.72494949802}
{'sample_size': 1010, 'difference': 2, 'noise': 0.05, 'n': 101, 'shap_error': 0.01166178522268106, 'shap_norm_sq': 36586.72494949802}
{'sample_size': 1010, 'difference': 2, 'noise': 0.1, 'n': 101, 'shap_error': 0.011671253505451912, 'shap_norm_sq': 36586.72494949802}
{'sample_size': 1010, 'difference': 2, 'noise': 0.5, 'n': 101, 'shap_error': 0.011766651364204374, 'shap_norm_sq': 36586.72494949802}
{'sample_size': 1010, 'difference': 2, 'noise': 1, 'n': 101, 'shap_error': 0.01193502767910876, 'shap_norm_sq': 36586.72494949802}
{'sample_size': 1010, 'difference': 2, 'noise': 0.0005, 'n': 101, 'shap_error': 0.020852108755881477, 'shap_norm_sq': 95922.30425254253}
{'sample_size': 1010, 'difference': 2, 'noise': 0.001, 'n': 101, 'shap_error': 0.020852197525592784, 'shap_norm_sq': 95922.30425254253}
{'sample_size': 1010, 'difference': 2, 'noise': 0.005, 'n': 101, 'shap_error': 0.020852908123216437, 'shap_norm_sq': 95922.30425254253}
{'sample_size': 1010, 'difference': 2, 'noise': 0.01, 'n': 101, 'shap_error': 0.02085379747007741, 'shap_norm_sq': 95922.30425254253}
{'sample_size': 1010, 'difference': 2, 'noise': 0.05, 'n': 101, 'shap_error': 0.020860956238227528, 'shap_norm_sq': 95922.30425254253}
{'sample_size': 1010, 'difference': 2, 'noise': 0.1, 'n': 101, 'shap_error': 0.020870014681570723, 'shap_norm_sq': 95922.30425254253}
{'sample_size': 1010, 'difference': 2, 'noise': 0.5, 'n': 101, 'shap_error': 0.020946881554539068, 'shap_norm_sq': 95922.30425254253}
{'sample_size': 1010, 'difference': 2, 'noise': 1, 'n': 101, 'shap_error': 0.021053963461302568, 'shap_norm_sq': 95922.30425254253}
{'sample_size': 1010, 'difference': 2, 'noise': 0.0005, 'n': 101, 'shap_error': 0.024692229857899643, 'shap_norm_sq': 66146.79000065055}
{'sample_size': 1010, 'difference': 2, 'noise': 0.001, 'n': 101, 'shap_error': 0.02469218403773673, 'shap_norm_sq': 66146.79000065055}
{'sample_size': 1010, 'difference': 2, 'noise': 0.005, 'n': 101, 'shap_error': 0.024691818087107385, 'shap_norm_sq': 66146.79000065055}
{'sample_size': 1010, 'difference': 2, 'noise': 0.01, 'n': 101, 'shap_error': 0.024691362175507985, 'shap_norm_sq': 66146.79000065055}
{'sample_size': 1010, 'difference': 2, 'noise': 0.05, 'n': 101, 'shap_error': 0.02468777595021143, 'shap_norm_sq': 66146.79000065055}
{'sample_size': 1010, 'difference': 2, 'noise': 0.1, 'n': 101, 'shap_error': 0.024683445837330276, 'shap_norm_sq': 66146.79000065055}
{'sample_size': 1010, 'difference': 2, 'noise': 0.5, 'n': 101, 'shap_error': 0.024654911683869584, 'shap_norm_sq': 66146.79000065055}
{'sample_size': 1010, 'difference': 2, 'noise': 1, 'n': 101, 'shap_error': 0.024634510866020323, 'shap_norm_sq': 66146.79000065055}
{'sample_size': 1010, 'difference': 2, 'noise': 0.0005, 'n': 101, 'shap_error': 0.006186484218365206, 'shap_norm_sq': 36099.76370580298}
{'sample_size': 1010, 'difference': 2, 'noise': 0.001, 'n': 101, 'shap_error': 0.006186397590461529, 'shap_norm_sq': 36099.76370580298}
{'sample_size': 1010, 'difference': 2, 'noise': 0.005, 'n': 101, 'shap_error': 0.006185705377193873, 'shap_norm_sq': 36099.76370580298}
{'sample_size': 1010, 'difference': 2, 'noise': 0.01, 'n': 101, 'shap_error': 0.006184842135510956, 'shap_norm_sq': 36099.76370580298}
{'sample_size': 1010, 'difference': 2, 'noise': 0.05, 'n': 101, 'shap_error': 0.006178017198118816, 'shap_norm_sq': 36099.76370580298}
{'sample_size': 1010, 'difference': 2, 'noise': 0.1, 'n': 101, 'shap_error': 0.006169688516557456, 'shap_norm_sq': 36099.76370580298}
{'sample_size': 1010, 'difference': 2, 'noise': 0.5, 'n': 101, 'shap_error': 0.006111158671199435, 'shap_norm_sq': 36099.76370580298}
{'sample_size': 1010, 'difference': 2, 'noise': 1, 'n': 101, 'shap_error': 0.00605824538233626, 'shap_norm_sq': 36099.76370580298}
{'sample_size': 1010, 'difference': 2, 'noise': 0.0005, 'n': 101, 'shap_error': 0.025571542181371417, 'shap_norm_sq': 115202.0167338266}
{'sample_size': 1010, 'difference': 2, 'noise': 0.001, 'n': 101, 'shap_error': 0.025571530400207525, 'shap_norm_sq': 115202.0167338266}
{'sample_size': 1010, 'difference': 2, 'noise': 0.005, 'n': 101, 'shap_error': 0.025571436432236916, 'shap_norm_sq': 115202.0167338266}
{'sample_size': 1010, 'difference': 2, 'noise': 0.01, 'n': 101, 'shap_error': 0.0255713196756259, 'shap_norm_sq': 115202.0167338266}
{'sample_size': 1010, 'difference': 2, 'noise': 0.05, 'n': 101, 'shap_error': 0.0255704137568251, 'shap_norm_sq': 115202.0167338266}
{'sample_size': 1010, 'difference': 2, 'noise': 0.1, 'n': 101, 'shap_error': 0.02556935169354266, 'shap_norm_sq': 115202.0167338266}
{'sample_size': 1010, 'difference': 2, 'noise': 0.5, 'n': 101, 'shap_error': 0.025563668596024696, 'shap_norm_sq': 115202.0167338266}
{'sample_size': 1010, 'difference': 2, 'noise': 1, 'n': 101, 'shap_error': 0.025563598245981617, 'shap_norm_sq': 115202.0167338266}
{'sample_size': 1010, 'difference': 2, 'noise': 0.0005, 'n': 101, 'shap_error': 0.07126489284663437, 'shap_norm_sq': 45790.27580792465}
{'sample_size': 1010, 'difference': 2, 'noise': 0.001, 'n': 101, 'shap_error': 0.07126426066393526, 'shap_norm_sq': 45790.27580792465}
{'sample_size': 1010, 'difference': 2, 'noise': 0.005, 'n': 101, 'shap_error': 0.07125920402220068, 'shap_norm_sq': 45790.27580792465}
{'sample_size': 1010, 'difference': 2, 'noise': 0.01, 'n': 101, 'shap_error': 0.07125288526967828, 'shap_norm_sq': 45790.27580792465}
{'sample_size': 1010, 'difference': 2, 'noise': 0.05, 'n': 101, 'shap_error': 0.07120241723533617, 'shap_norm_sq': 45790.27580792465}
{'sample_size': 1010, 'difference': 2, 'noise': 0.1, 'n': 101, 'shap_error': 0.07113953715699996, 'shap_norm_sq': 45790.27580792465}
{'sample_size': 1010, 'difference': 2, 'noise': 0.5, 'n': 101, 'shap_error': 0.07064469511397192, 'shap_norm_sq': 45790.27580792465}
{'sample_size': 1010, 'difference': 2, 'noise': 1, 'n': 101, 'shap_error': 0.0700466390193432, 'shap_norm_sq': 45790.27580792465}
{'sample_size': 1010, 'difference': 2, 'noise': 0.0005, 'n': 101, 'shap_error': 0.00244066348314006, 'shap_norm_sq': 132753.67474576674}
{'sample_size': 1010, 'difference': 2, 'noise': 0.001, 'n': 101, 'shap_error': 0.002440707686927225, 'shap_norm_sq': 132753.67474576674}
{'sample_size': 1010, 'difference': 2, 'noise': 0.005, 'n': 101, 'shap_error': 0.0024410615531664306, 'shap_norm_sq': 132753.67474576674}
{'sample_size': 1010, 'difference': 2, 'noise': 0.01, 'n': 101, 'shap_error': 0.0024415044758201426, 'shap_norm_sq': 132753.67474576674}
{'sample_size': 1010, 'difference': 2, 'noise': 0.05, 'n': 101, 'shap_error': 0.002445071451242144, 'shap_norm_sq': 132753.67474576674}
{'sample_size': 1010, 'difference': 2, 'noise': 0.1, 'n': 101, 'shap_error': 0.0024495891559997217, 'shap_norm_sq': 132753.67474576674}
{'sample_size': 1010, 'difference': 2, 'noise': 0.5, 'n': 101, 'shap_error': 0.0024880902132626104, 'shap_norm_sq': 132753.67474576674}
{'sample_size': 1010, 'difference': 2, 'noise': 1, 'n': 101, 'shap_error': 0.002542115082847325, 'shap_norm_sq': 132753.67474576674}
{'sample_size': 1010, 'difference': 2, 'noise': 0.0005, 'n': 101, 'shap_error': 0.004208067128900708, 'shap_norm_sq': 84682.562817112}
{'sample_size': 1010, 'difference': 2, 'noise': 0.001, 'n': 101, 'shap_error': 0.0042080525026256576, 'shap_norm_sq': 84682.562817112}
{'sample_size': 1010, 'difference': 2, 'noise': 0.005, 'n': 101, 'shap_error': 0.00420793583814033, 'shap_norm_sq': 84682.562817112}
{'sample_size': 1010, 'difference': 2, 'noise': 0.01, 'n': 101, 'shap_error': 0.0042077908718203185, 'shap_norm_sq': 84682.562817112}
{'sample_size': 1010, 'difference': 2, 'noise': 0.05, 'n': 101, 'shap_error': 0.0042066657127172976, 'shap_norm_sq': 84682.562817112}
{'sample_size': 1010, 'difference': 2, 'noise': 0.1, 'n': 101, 'shap_error': 0.004205345692483287, 'shap_norm_sq': 84682.562817112}
{'sample_size': 1010, 'difference': 2, 'noise': 0.5, 'n': 101, 'shap_error': 0.004198242676403094, 'shap_norm_sq': 84682.562817112}
{'sample_size': 1010, 'difference': 2, 'noise': 1, 'n': 101, 'shap_error': 0.004198006770781613, 'shap_norm_sq': 84682.562817112}
{'sample_size': 1010, 'difference': 2, 'noise': 0.0005, 'n': 101, 'shap_error': 0.04155414130145598, 'shap_norm_sq': 91042.72190449374}
{'sample_size': 1010, 'difference': 2, 'noise': 0.001, 'n': 101, 'shap_error': 0.04155402269258795, 'shap_norm_sq': 91042.72190449374}
{'sample_size': 1010, 'difference': 2, 'noise': 0.005, 'n': 101, 'shap_error': 0.04155307414418517, 'shap_norm_sq': 91042.72190449374}
{'sample_size': 1010, 'difference': 2, 'noise': 0.01, 'n': 101, 'shap_error': 0.04155188926502321, 'shap_norm_sq': 91042.72190449374}
{'sample_size': 1010, 'difference': 2, 'noise': 0.05, 'n': 101, 'shap_error': 0.04154244248537506, 'shap_norm_sq': 91042.72190449374}
{'sample_size': 1010, 'difference': 2, 'noise': 0.1, 'n': 101, 'shap_error': 0.041530714644934276, 'shap_norm_sq': 91042.72190449374}
{'sample_size': 1010, 'difference': 2, 'noise': 0.5, 'n': 101, 'shap_error': 0.04144011728619224, 'shap_norm_sq': 91042.72190449374}
{'sample_size': 1010, 'difference': 2, 'noise': 1, 'n': 101, 'shap_error': 0.04133493399972568, 'shap_norm_sq': 91042.72190449374}
{'sample_size': 1010, 'difference': 2, 'noise': 0.0005, 'n': 101, 'shap_error': 0.07030607588661565, 'shap_norm_sq': 31924.61122788529}
{'sample_size': 1010, 'difference': 2, 'noise': 0.001, 'n': 101, 'shap_error': 0.07030656666155959, 'shap_norm_sq': 31924.61122788529}
{'sample_size': 1010, 'difference': 2, 'noise': 0.005, 'n': 101, 'shap_error': 0.0703104943042062, 'shap_norm_sq': 31924.61122788529}
{'sample_size': 1010, 'difference': 2, 'noise': 0.01, 'n': 101, 'shap_error': 0.07031540746524945, 'shap_norm_sq': 31924.61122788529}
{'sample_size': 1010, 'difference': 2, 'noise': 0.05, 'n': 101, 'shap_error': 0.07035485706306469, 'shap_norm_sq': 31924.61122788529}
{'sample_size': 1010, 'difference': 2, 'noise': 0.1, 'n': 101, 'shap_error': 0.07040452983398818, 'shap_norm_sq': 31924.61122788529}
{'sample_size': 1010, 'difference': 2, 'noise': 0.5, 'n': 101, 'shap_error': 0.07081634294755018, 'shap_norm_sq': 31924.61122788529}
{'sample_size': 1010, 'difference': 2, 'noise': 1, 'n': 101, 'shap_error': 0.07136718670494265, 'shap_norm_sq': 31924.61122788529}
{'sample_size': 1010, 'difference': 2, 'noise': 0.0005, 'n': 101, 'shap_error': 0.003998841200014486, 'shap_norm_sq': 65295.62464087013}
{'sample_size': 1010, 'difference': 2, 'noise': 0.001, 'n': 101, 'shap_error': 0.00399898185353609, 'shap_norm_sq': 65295.62464087013}
{'sample_size': 1010, 'difference': 2, 'noise': 0.005, 'n': 101, 'shap_error': 0.00400010843384201, 'shap_norm_sq': 65295.62464087013}
{'sample_size': 1010, 'difference': 2, 'noise': 0.01, 'n': 101, 'shap_error': 0.00400152003955295, 'shap_norm_sq': 65295.62464087013}
{'sample_size': 1010, 'difference': 2, 'noise': 0.05, 'n': 101, 'shap_error': 0.004012948098387865, 'shap_norm_sq': 65295.62464087013}
{'sample_size': 1010, 'difference': 2, 'noise': 0.1, 'n': 101, 'shap_error': 0.004027571204800035, 'shap_norm_sq': 65295.62464087013}
{'sample_size': 1010, 'difference': 2, 'noise': 0.5, 'n': 101, 'shap_error': 0.0041580773708437884, 'shap_norm_sq': 65295.62464087013}
{'sample_size': 1010, 'difference': 2, 'noise': 1, 'n': 101, 'shap_error': 0.004355013365263269, 'shap_norm_sq': 65295.62464087013}
{'sample_size': 1010, 'difference': 2, 'noise': 0.0005, 'n': 101, 'shap_error': 0.007599603265986778, 'shap_norm_sq': 72052.76817577}
{'sample_size': 1010, 'difference': 2, 'noise': 0.001, 'n': 101, 'shap_error': 0.007599559734100865, 'shap_norm_sq': 72052.76817577}
{'sample_size': 1010, 'difference': 2, 'noise': 0.005, 'n': 101, 'shap_error': 0.007599212078319053, 'shap_norm_sq': 72052.76817577}
{'sample_size': 1010, 'difference': 2, 'noise': 0.01, 'n': 101, 'shap_error': 0.007598779006856461, 'shap_norm_sq': 72052.76817577}
{'sample_size': 1010, 'difference': 2, 'noise': 0.05, 'n': 101, 'shap_error': 0.007595374365747199, 'shap_norm_sq': 72052.76817577}
{'sample_size': 1010, 'difference': 2, 'noise': 0.1, 'n': 101, 'shap_error': 0.0075912683908389384, 'shap_norm_sq': 72052.76817577}
{'sample_size': 1010, 'difference': 2, 'noise': 0.5, 'n': 101, 'shap_error': 0.007564413650697577, 'shap_norm_sq': 72052.76817577}
{'sample_size': 1010, 'difference': 2, 'noise': 1, 'n': 101, 'shap_error': 0.007545827873333533, 'shap_norm_sq': 72052.76817577}
{'sample_size': 1010, 'difference': 2, 'noise': 0.0005, 'n': 101, 'shap_error': 0.007388884133357361, 'shap_norm_sq': 70712.29954211289}
{'sample_size': 1010, 'difference': 2, 'noise': 0.001, 'n': 101, 'shap_error': 0.007388897903704442, 'shap_norm_sq': 70712.29954211289}
{'sample_size': 1010, 'difference': 2, 'noise': 0.005, 'n': 101, 'shap_error': 0.0073890095017994485, 'shap_norm_sq': 70712.29954211289}
{'sample_size': 1010, 'difference': 2, 'noise': 0.01, 'n': 101, 'shap_error': 0.007389152587708415, 'shap_norm_sq': 70712.29954211289}
{'sample_size': 1010, 'difference': 2, 'noise': 0.05, 'n': 101, 'shap_error': 0.0073904408065983175, 'shap_norm_sq': 70712.29954211289}
{'sample_size': 1010, 'difference': 2, 'noise': 0.1, 'n': 101, 'shap_error': 0.0073924099092566534, 'shap_norm_sq': 70712.29954211289}
{'sample_size': 1010, 'difference': 2, 'noise': 0.5, 'n': 101, 'shap_error': 0.007422515892343785, 'shap_norm_sq': 70712.29954211289}
{'sample_size': 1010, 'difference': 2, 'noise': 1, 'n': 101, 'shap_error': 0.007496031275758202, 'shap_norm_sq': 70712.29954211289}
{'sample_size': 1010, 'difference': 2, 'noise': 0.0005, 'n': 101, 'shap_error': 0.006153646591555425, 'shap_norm_sq': 62886.07402669771}
{'sample_size': 1010, 'difference': 2, 'noise': 0.001, 'n': 101, 'shap_error': 0.0061535732579374065, 'shap_norm_sq': 62886.07402669771}
{'sample_size': 1010, 'difference': 2, 'noise': 0.005, 'n': 101, 'shap_error': 0.006152986884664015, 'shap_norm_sq': 62886.07402669771}
{'sample_size': 1010, 'difference': 2, 'noise': 0.01, 'n': 101, 'shap_error': 0.006152254657242469, 'shap_norm_sq': 62886.07402669771}
{'sample_size': 1010, 'difference': 2, 'noise': 0.05, 'n': 101, 'shap_error': 0.0061464264046855455, 'shap_norm_sq': 62886.07402669771}
{'sample_size': 1010, 'difference': 2, 'noise': 0.1, 'n': 101, 'shap_error': 0.006139215006029436, 'shap_norm_sq': 62886.07402669771}
{'sample_size': 1010, 'difference': 2, 'noise': 0.5, 'n': 101, 'shap_error': 0.006084480498375097, 'shap_norm_sq': 62886.07402669771}
{'sample_size': 1010, 'difference': 2, 'noise': 1, 'n': 101, 'shap_error': 0.006023454067793278, 'shap_norm_sq': 62886.07402669771}
{'sample_size': 1010, 'difference': 2, 'noise': 0.0005, 'n': 101, 'shap_error': 0.00991728180283548, 'shap_norm_sq': 112407.22898883176}
{'sample_size': 1010, 'difference': 2, 'noise': 0.001, 'n': 101, 'shap_error': 0.009917247930456697, 'shap_norm_sq': 112407.22898883176}
{'sample_size': 1010, 'difference': 2, 'noise': 0.005, 'n': 101, 'shap_error': 0.009916977302079024, 'shap_norm_sq': 112407.22898883176}
{'sample_size': 1010, 'difference': 2, 'noise': 0.01, 'n': 101, 'shap_error': 0.009916639893239895, 'shap_norm_sq': 112407.22898883176}
{'sample_size': 1010, 'difference': 2, 'noise': 0.05, 'n': 101, 'shap_error': 0.009913975687845288, 'shap_norm_sq': 112407.22898883176}
{'sample_size': 1010, 'difference': 2, 'noise': 0.1, 'n': 101, 'shap_error': 0.009910733094397085, 'shap_norm_sq': 112407.22898883176}
{'sample_size': 1010, 'difference': 2, 'noise': 0.5, 'n': 101, 'shap_error': 0.009888298878612678, 'shap_norm_sq': 112407.22898883176}
{'sample_size': 1010, 'difference': 2, 'noise': 1, 'n': 101, 'shap_error': 0.009869022438385774, 'shap_norm_sq': 112407.22898883176}
{'sample_size': 1010, 'difference': 2, 'noise': 0.0005, 'n': 101, 'shap_error': 0.011981136261654887, 'shap_norm_sq': 45961.75729972129}
{'sample_size': 1010, 'difference': 2, 'noise': 0.001, 'n': 101, 'shap_error': 0.01198116803773113, 'shap_norm_sq': 45961.75729972129}
{'sample_size': 1010, 'difference': 2, 'noise': 0.005, 'n': 101, 'shap_error': 0.011981422963097758, 'shap_norm_sq': 45961.75729972129}
{'sample_size': 1010, 'difference': 2, 'noise': 0.01, 'n': 101, 'shap_error': 0.011981743411695667, 'shap_norm_sq': 45961.75729972129}
{'sample_size': 1010, 'difference': 2, 'noise': 0.05, 'n': 101, 'shap_error': 0.011984378676063, 'shap_norm_sq': 45961.75729972129}
{'sample_size': 1010, 'difference': 2, 'noise': 0.1, 'n': 101, 'shap_error': 0.011987851945483618, 'shap_norm_sq': 45961.75729972129}
{'sample_size': 1010, 'difference': 2, 'noise': 0.5, 'n': 101, 'shap_error': 0.012022805659305046, 'shap_norm_sq': 45961.75729972129}
{'sample_size': 1010, 'difference': 2, 'noise': 1, 'n': 101, 'shap_error': 0.012084416697723147, 'shap_norm_sq': 45961.75729972129}
{'sample_size': 1010, 'difference': 2, 'noise': 0.0005, 'n': 101, 'shap_error': 0.03710920474460471, 'shap_norm_sq': 139441.27744293964}
{'sample_size': 1010, 'difference': 2, 'noise': 0.001, 'n': 101, 'shap_error': 0.03710930006031855, 'shap_norm_sq': 139441.27744293964}
{'sample_size': 1010, 'difference': 2, 'noise': 0.005, 'n': 101, 'shap_error': 0.037110062997159195, 'shap_norm_sq': 139441.27744293964}
{'sample_size': 1010, 'difference': 2, 'noise': 0.01, 'n': 101, 'shap_error': 0.03711101769603575, 'shap_norm_sq': 139441.27744293964}
{'sample_size': 1010, 'difference': 2, 'noise': 0.05, 'n': 101, 'shap_error': 0.03711869640006576, 'shap_norm_sq': 139441.27744293964}
{'sample_size': 1010, 'difference': 2, 'noise': 0.1, 'n': 101, 'shap_error': 0.03712839756264881, 'shap_norm_sq': 139441.27744293964}
{'sample_size': 1010, 'difference': 2, 'noise': 0.5, 'n': 101, 'shap_error': 0.03721011816512849, 'shap_norm_sq': 139441.27744293964}
{'sample_size': 1010, 'difference': 2, 'noise': 1, 'n': 101, 'shap_error': 0.03732254717276835, 'shap_norm_sq': 139441.27744293964}
{'sample_size': 1010, 'difference': 2, 'noise': 0.0005, 'n': 101, 'shap_error': 0.008415734701740474, 'shap_norm_sq': 55626.15607418063}
{'sample_size': 1010, 'difference': 2, 'noise': 0.001, 'n': 101, 'shap_error': 0.008415681109051954, 'shap_norm_sq': 55626.15607418063}
{'sample_size': 1010, 'difference': 2, 'noise': 0.005, 'n': 101, 'shap_error': 0.00841525345834042, 'shap_norm_sq': 55626.15607418063}
{'sample_size': 1010, 'difference': 2, 'noise': 0.01, 'n': 101, 'shap_error': 0.008414721621946262, 'shap_norm_sq': 55626.15607418063}
{'sample_size': 1010, 'difference': 2, 'noise': 0.05, 'n': 101, 'shap_error': 0.008410576010593376, 'shap_norm_sq': 55626.15607418063}
{'sample_size': 1010, 'difference': 2, 'noise': 0.1, 'n': 101, 'shap_error': 0.008405666695903926, 'shap_norm_sq': 55626.15607418063}
{'sample_size': 1010, 'difference': 2, 'noise': 0.5, 'n': 101, 'shap_error': 0.008377300158455376, 'shap_norm_sq': 55626.15607418063}
{'sample_size': 1010, 'difference': 2, 'noise': 1, 'n': 101, 'shap_error': 0.008369111936812196, 'shap_norm_sq': 55626.15607418063}
{'sample_size': 1010, 'difference': 2, 'noise': 0.0005, 'n': 101, 'shap_error': 0.022120014228730146, 'shap_norm_sq': 424584.2223034383}
{'sample_size': 1010, 'difference': 2, 'noise': 0.001, 'n': 101, 'shap_error': 0.022119898955131296, 'shap_norm_sq': 424584.2223034383}
{'sample_size': 1010, 'difference': 2, 'noise': 0.005, 'n': 101, 'shap_error': 0.02211897682987204, 'shap_norm_sq': 424584.2223034383}
{'sample_size': 1010, 'difference': 2, 'noise': 0.01, 'n': 101, 'shap_error': 0.022117824332134398, 'shap_norm_sq': 424584.2223034383}
{'sample_size': 1010, 'difference': 2, 'noise': 0.05, 'n': 101, 'shap_error': 0.02210861070363774, 'shap_norm_sq': 424584.2223034383}
{'sample_size': 1010, 'difference': 2, 'noise': 0.1, 'n': 101, 'shap_error': 0.022097109551537958, 'shap_norm_sq': 424584.2223034383}
{'sample_size': 1010, 'difference': 2, 'noise': 0.5, 'n': 101, 'shap_error': 0.022005735675567843, 'shap_norm_sq': 424584.2223034383}
{'sample_size': 1010, 'difference': 2, 'noise': 1, 'n': 101, 'shap_error': 0.021893106682679086, 'shap_norm_sq': 424584.2223034383}
{'sample_size': 1010, 'difference': 2, 'noise': 0.0005, 'n': 101, 'shap_error': 0.007194443857858495, 'shap_norm_sq': 98138.75687108512}
{'sample_size': 1010, 'difference': 2, 'noise': 0.001, 'n': 101, 'shap_error': 0.00719445611869257, 'shap_norm_sq': 98138.75687108512}
{'sample_size': 1010, 'difference': 2, 'noise': 0.005, 'n': 101, 'shap_error': 0.0071945546001505045, 'shap_norm_sq': 98138.75687108512}
{'sample_size': 1010, 'difference': 2, 'noise': 0.01, 'n': 101, 'shap_error': 0.007194678688941822, 'shap_norm_sq': 98138.75687108512}
{'sample_size': 1010, 'difference': 2, 'noise': 0.05, 'n': 101, 'shap_error': 0.007195710878008709, 'shap_norm_sq': 98138.75687108512}
{'sample_size': 1010, 'difference': 2, 'noise': 0.1, 'n': 101, 'shap_error': 0.00719709981118614, 'shap_norm_sq': 98138.75687108512}
{'sample_size': 1010, 'difference': 2, 'noise': 0.5, 'n': 101, 'shap_error': 0.007212159150356379, 'shap_norm_sq': 98138.75687108512}
{'sample_size': 1010, 'difference': 2, 'noise': 1, 'n': 101, 'shap_error': 0.0072408530086951325, 'shap_norm_sq': 98138.75687108512}
{'sample_size': 1010, 'difference': 2, 'noise': 0.0005, 'n': 101, 'shap_error': 0.012672121491520055, 'shap_norm_sq': 81644.161193724}
{'sample_size': 1010, 'difference': 2, 'noise': 0.001, 'n': 101, 'shap_error': 0.012672209303355178, 'shap_norm_sq': 81644.161193724}
{'sample_size': 1010, 'difference': 2, 'noise': 0.005, 'n': 101, 'shap_error': 0.012672912280871036, 'shap_norm_sq': 81644.161193724}
{'sample_size': 1010, 'difference': 2, 'noise': 0.01, 'n': 101, 'shap_error': 0.012673792209849589, 'shap_norm_sq': 81644.161193724}
{'sample_size': 1010, 'difference': 2, 'noise': 0.05, 'n': 101, 'shap_error': 0.012680879925047933, 'shap_norm_sq': 81644.161193724}
{'sample_size': 1010, 'difference': 2, 'noise': 0.1, 'n': 101, 'shap_error': 0.012689860277466974, 'shap_norm_sq': 81644.161193724}
{'sample_size': 1010, 'difference': 2, 'noise': 0.5, 'n': 101, 'shap_error': 0.012766531433664068, 'shap_norm_sq': 81644.161193724}
{'sample_size': 1010, 'difference': 2, 'noise': 1, 'n': 101, 'shap_error': 0.012874441221019422, 'shap_norm_sq': 81644.161193724}
{'sample_size': 1010, 'difference': 2, 'noise': 0.0005, 'n': 101, 'shap_error': 0.013277060880836179, 'shap_norm_sq': 45961.75729972129}
{'sample_size': 1010, 'difference': 2, 'noise': 0.001, 'n': 101, 'shap_error': 0.013277265349089963, 'shap_norm_sq': 45961.75729972129}
{'sample_size': 1010, 'difference': 2, 'noise': 0.005, 'n': 101, 'shap_error': 0.013278901746622516, 'shap_norm_sq': 45961.75729972129}
{'sample_size': 1010, 'difference': 2, 'noise': 0.01, 'n': 101, 'shap_error': 0.01328094887229429, 'shap_norm_sq': 45961.75729972129}
{'sample_size': 1010, 'difference': 2, 'noise': 0.05, 'n': 101, 'shap_error': 0.013297391027916019, 'shap_norm_sq': 45961.75729972129}
{'sample_size': 1010, 'difference': 2, 'noise': 0.1, 'n': 101, 'shap_error': 0.013318106598063234, 'shap_norm_sq': 45961.75729972129}
{'sample_size': 1010, 'difference': 2, 'noise': 0.5, 'n': 101, 'shap_error': 0.013490346184036047, 'shap_norm_sq': 45961.75729972129}
{'sample_size': 1010, 'difference': 2, 'noise': 1, 'n': 101, 'shap_error': 0.013721933228489533, 'shap_norm_sq': 45961.75729972129}
{'sample_size': 1010, 'difference': 2, 'noise': 0.0005, 'n': 101, 'shap_error': 0.049201541890006965, 'shap_norm_sq': 198759.53121529022}
{'sample_size': 1010, 'difference': 2, 'noise': 0.001, 'n': 101, 'shap_error': 0.049201456653040924, 'shap_norm_sq': 198759.53121529022}
{'sample_size': 1010, 'difference': 2, 'noise': 0.005, 'n': 101, 'shap_error': 0.04920077488245759, 'shap_norm_sq': 198759.53121529022}
{'sample_size': 1010, 'difference': 2, 'noise': 0.01, 'n': 101, 'shap_error': 0.049199922982097924, 'shap_norm_sq': 198759.53121529022}
{'sample_size': 1010, 'difference': 2, 'noise': 0.05, 'n': 101, 'shap_error': 0.04919312029399875, 'shap_norm_sq': 198759.53121529022}
{'sample_size': 1010, 'difference': 2, 'noise': 0.1, 'n': 101, 'shap_error': 0.04918464822081855, 'shap_norm_sq': 198759.53121529022}
{'sample_size': 1010, 'difference': 2, 'noise': 0.5, 'n': 101, 'shap_error': 0.04911812311313399, 'shap_norm_sq': 198759.53121529022}
{'sample_size': 1010, 'difference': 2, 'noise': 1, 'n': 101, 'shap_error': 0.049038095422920897, 'shap_norm_sq': 198759.53121529022}
{'sample_size': 1010, 'difference': 2, 'noise': 0.0005, 'n': 101, 'shap_error': 0.006827541272970112, 'shap_norm_sq': 29652.772935067496}
{'sample_size': 1010, 'difference': 2, 'noise': 0.001, 'n': 101, 'shap_error': 0.00682753057544916, 'shap_norm_sq': 29652.772935067496}
{'sample_size': 1010, 'difference': 2, 'noise': 0.005, 'n': 101, 'shap_error': 0.006827445713120969, 'shap_norm_sq': 29652.772935067496}
{'sample_size': 1010, 'difference': 2, 'noise': 0.01, 'n': 101, 'shap_error': 0.006827341429807609, 'shap_norm_sq': 29652.772935067496}
{'sample_size': 1010, 'difference': 2, 'noise': 0.05, 'n': 101, 'shap_error': 0.0068265789471614645, 'shap_norm_sq': 29652.772935067496}
{'sample_size': 1010, 'difference': 2, 'noise': 0.1, 'n': 101, 'shap_error': 0.006825805303510809, 'shap_norm_sq': 29652.772935067496}
{'sample_size': 1010, 'difference': 2, 'noise': 0.5, 'n': 101, 'shap_error': 0.006826794540584841, 'shap_norm_sq': 29652.772935067496}
{'sample_size': 1010, 'difference': 2, 'noise': 1, 'n': 101, 'shap_error': 0.006845977052624945, 'shap_norm_sq': 29652.772935067496}
{'sample_size': 1010, 'difference': 2, 'noise': 0.0005, 'n': 101, 'shap_error': 0.07124985491808337, 'shap_norm_sq': 124122.96892555564}
{'sample_size': 1010, 'difference': 2, 'noise': 0.001, 'n': 101, 'shap_error': 0.07124973721068578, 'shap_norm_sq': 124122.96892555564}
{'sample_size': 1010, 'difference': 2, 'noise': 0.005, 'n': 101, 'shap_error': 0.07124879576256848, 'shap_norm_sq': 124122.96892555564}
{'sample_size': 1010, 'difference': 2, 'noise': 0.01, 'n': 101, 'shap_error': 0.07124761948007856, 'shap_norm_sq': 124122.96892555564}
{'sample_size': 1010, 'difference': 2, 'noise': 0.05, 'n': 101, 'shap_error': 0.07123823032640073, 'shap_norm_sq': 124122.96892555564}
{'sample_size': 1010, 'difference': 2, 'noise': 0.1, 'n': 101, 'shap_error': 0.07122654664991739, 'shap_norm_sq': 124122.96892555564}
{'sample_size': 1010, 'difference': 2, 'noise': 0.5, 'n': 101, 'shap_error': 0.07113518786259111, 'shap_norm_sq': 124122.96892555564}
{'sample_size': 1010, 'difference': 2, 'noise': 1, 'n': 101, 'shap_error': 0.07102626593978399, 'shap_norm_sq': 124122.96892555564}
{'sample_size': 1010, 'difference': 2, 'noise': 0.0005, 'n': 101, 'shap_error': 0.05200317900079419, 'shap_norm_sq': 179690.4575834201}
{'sample_size': 1010, 'difference': 2, 'noise': 0.001, 'n': 101, 'shap_error': 0.05200309947039853, 'shap_norm_sq': 179690.4575834201}
{'sample_size': 1010, 'difference': 2, 'noise': 0.005, 'n': 101, 'shap_error': 0.05200246347307208, 'shap_norm_sq': 179690.4575834201}
{'sample_size': 1010, 'difference': 2, 'noise': 0.01, 'n': 101, 'shap_error': 0.052001669091012295, 'shap_norm_sq': 179690.4575834201}
{'sample_size': 1010, 'difference': 2, 'noise': 0.05, 'n': 101, 'shap_error': 0.05199533861846623, 'shap_norm_sq': 179690.4575834201}
{'sample_size': 1010, 'difference': 2, 'noise': 0.1, 'n': 101, 'shap_error': 0.05198748698761382, 'shap_norm_sq': 179690.4575834201}
{'sample_size': 1010, 'difference': 2, 'noise': 0.5, 'n': 101, 'shap_error': 0.051927132334002236, 'shap_norm_sq': 179690.4575834201}
{'sample_size': 1010, 'difference': 2, 'noise': 1, 'n': 101, 'shap_error': 0.05185783500000732, 'shap_norm_sq': 179690.4575834201}
{'sample_size': 1010, 'difference': 2, 'noise': 0.0005, 'n': 101, 'shap_error': 0.010312390205028674, 'shap_norm_sq': 65757.64895039165}
{'sample_size': 1010, 'difference': 2, 'noise': 0.001, 'n': 101, 'shap_error': 0.01031242824901646, 'shap_norm_sq': 65757.64895039165}
{'sample_size': 1010, 'difference': 2, 'noise': 0.005, 'n': 101, 'shap_error': 0.010312733295715932, 'shap_norm_sq': 65757.64895039165}
{'sample_size': 1010, 'difference': 2, 'noise': 0.01, 'n': 101, 'shap_error': 0.010313116341087152, 'shap_norm_sq': 65757.64895039165}
{'sample_size': 1010, 'difference': 2, 'noise': 0.05, 'n': 101, 'shap_error': 0.010316250183922609, 'shap_norm_sq': 65757.64895039165}
{'sample_size': 1010, 'difference': 2, 'noise': 0.1, 'n': 101, 'shap_error': 0.010320341187132357, 'shap_norm_sq': 65757.64895039165}
{'sample_size': 1010, 'difference': 2, 'noise': 0.5, 'n': 101, 'shap_error': 0.01036001719943388, 'shap_norm_sq': 65757.64895039165}
{'sample_size': 1010, 'difference': 2, 'noise': 1, 'n': 101, 'shap_error': 0.010426982181367861, 'shap_norm_sq': 65757.64895039165}
{'sample_size': 1010, 'difference': 2, 'noise': 0.0005, 'n': 101, 'shap_error': 0.029020311108054992, 'shap_norm_sq': 75442.7793079755}
{'sample_size': 1010, 'difference': 2, 'noise': 0.001, 'n': 101, 'shap_error': 0.02902024670105253, 'shap_norm_sq': 75442.7793079755}
{'sample_size': 1010, 'difference': 2, 'noise': 0.005, 'n': 101, 'shap_error': 0.029019732102456196, 'shap_norm_sq': 75442.7793079755}
{'sample_size': 1010, 'difference': 2, 'noise': 0.01, 'n': 101, 'shap_error': 0.029019090497777966, 'shap_norm_sq': 75442.7793079755}
{'sample_size': 1010, 'difference': 2, 'noise': 0.05, 'n': 101, 'shap_error': 0.029014023403010295, 'shap_norm_sq': 75442.7793079755}
{'sample_size': 1010, 'difference': 2, 'noise': 0.1, 'n': 101, 'shap_error': 0.02900785389120059, 'shap_norm_sq': 75442.7793079755}
{'sample_size': 1010, 'difference': 2, 'noise': 0.5, 'n': 101, 'shap_error': 0.028965072062711015, 'shap_norm_sq': 75442.7793079755}
{'sample_size': 1010, 'difference': 2, 'noise': 1, 'n': 101, 'shap_error': 0.02892803044207003, 'shap_norm_sq': 75442.7793079755}
{'sample_size': 1010, 'difference': 2, 'noise': 0.0005, 'n': 101, 'shap_error': 0.02544784175259356, 'shap_norm_sq': 125824.4900374413}
{'sample_size': 1010, 'difference': 2, 'noise': 0.001, 'n': 101, 'shap_error': 0.025447847390843433, 'shap_norm_sq': 125824.4900374413}
{'sample_size': 1010, 'difference': 2, 'noise': 0.005, 'n': 101, 'shap_error': 0.025447892684111736, 'shap_norm_sq': 125824.4900374413}
{'sample_size': 1010, 'difference': 2, 'noise': 0.01, 'n': 101, 'shap_error': 0.02544794976887009, 'shap_norm_sq': 125824.4900374413}
{'sample_size': 1010, 'difference': 2, 'noise': 0.05, 'n': 101, 'shap_error': 0.02544842517385763, 'shap_norm_sq': 125824.4900374413}
{'sample_size': 1010, 'difference': 2, 'noise': 0.1, 'n': 101, 'shap_error': 0.025449066247393137, 'shap_norm_sq': 125824.4900374413}
{'sample_size': 1010, 'difference': 2, 'noise': 0.5, 'n': 101, 'shap_error': 0.025456067527725036, 'shap_norm_sq': 125824.4900374413}
{'sample_size': 1010, 'difference': 2, 'noise': 1, 'n': 101, 'shap_error': 0.02546950085825875, 'shap_norm_sq': 125824.4900374413}
{'sample_size': 1010, 'difference': 2, 'noise': 0.0005, 'n': 101, 'shap_error': 0.007171615000539116, 'shap_norm_sq': 85506.83608772403}
{'sample_size': 1010, 'difference': 2, 'noise': 0.001, 'n': 101, 'shap_error': 0.007171673453764039, 'shap_norm_sq': 85506.83608772403}
{'sample_size': 1010, 'difference': 2, 'noise': 0.005, 'n': 101, 'shap_error': 0.007172141666692794, 'shap_norm_sq': 85506.83608772403}
{'sample_size': 1010, 'difference': 2, 'noise': 0.01, 'n': 101, 'shap_error': 0.007172728400675707, 'shap_norm_sq': 85506.83608772403}
{'sample_size': 1010, 'difference': 2, 'noise': 0.05, 'n': 101, 'shap_error': 0.00717748098542037, 'shap_norm_sq': 85506.83608772403}
{'sample_size': 1010, 'difference': 2, 'noise': 0.1, 'n': 101, 'shap_error': 0.007183568498553385, 'shap_norm_sq': 85506.83608772403}
{'sample_size': 1010, 'difference': 2, 'noise': 0.5, 'n': 101, 'shap_error': 0.007238139891717689, 'shap_norm_sq': 85506.83608772403}
{'sample_size': 1010, 'difference': 2, 'noise': 1, 'n': 101, 'shap_error': 0.007321032353419934, 'shap_norm_sq': 85506.83608772403}
{'sample_size': 1010, 'difference': 2, 'noise': 0.0005, 'n': 101, 'shap_error': 0.00014660505706554566, 'shap_norm_sq': 59917.01979504082}
{'sample_size': 1010, 'difference': 2, 'noise': 0.001, 'n': 101, 'shap_error': 0.00014661944920621776, 'shap_norm_sq': 59917.01979504082}
{'sample_size': 1010, 'difference': 2, 'noise': 0.005, 'n': 101, 'shap_error': 0.00014673512306277362, 'shap_norm_sq': 59917.01979504082}
{'sample_size': 1010, 'difference': 2, 'noise': 0.01, 'n': 101, 'shap_error': 0.00014688105721167284, 'shap_norm_sq': 59917.01979504082}
{'sample_size': 1010, 'difference': 2, 'noise': 0.05, 'n': 101, 'shap_error': 0.00014810220352970595, 'shap_norm_sq': 59917.01979504082}
{'sample_size': 1010, 'difference': 2, 'noise': 0.1, 'n': 101, 'shap_error': 0.00014976281924463427, 'shap_norm_sq': 59917.01979504082}
{'sample_size': 1010, 'difference': 2, 'noise': 0.5, 'n': 101, 'shap_error': 0.00016841505765842992, 'shap_norm_sq': 59917.01979504082}
{'sample_size': 1010, 'difference': 2, 'noise': 1, 'n': 101, 'shap_error': 0.00020514863741194584, 'shap_norm_sq': 59917.01979504082}
{'sample_size': 1010, 'difference': 2, 'noise': 0.0005, 'n': 101, 'shap_error': 0.024810001468873258, 'shap_norm_sq': 73676.18200073119}
{'sample_size': 1010, 'difference': 2, 'noise': 0.001, 'n': 101, 'shap_error': 0.024809927499102907, 'shap_norm_sq': 73676.18200073119}
{'sample_size': 1010, 'difference': 2, 'noise': 0.005, 'n': 101, 'shap_error': 0.024809336226854443, 'shap_norm_sq': 73676.18200073119}
{'sample_size': 1010, 'difference': 2, 'noise': 0.01, 'n': 101, 'shap_error': 0.024808598351327458, 'shap_norm_sq': 73676.18200073119}
{'sample_size': 1010, 'difference': 2, 'noise': 0.05, 'n': 101, 'shap_error': 0.024802743938498895, 'shap_norm_sq': 73676.18200073119}
{'sample_size': 1010, 'difference': 2, 'noise': 0.1, 'n': 101, 'shap_error': 0.02479554740092181, 'shap_norm_sq': 73676.18200073119}
{'sample_size': 1010, 'difference': 2, 'noise': 0.5, 'n': 101, 'shap_error': 0.024742834238647475, 'shap_norm_sq': 73676.18200073119}
{'sample_size': 1010, 'difference': 2, 'noise': 1, 'n': 101, 'shap_error': 0.024689090631662993, 'shap_norm_sq': 73676.18200073119}
{'sample_size': 1010, 'difference': 2, 'noise': 0.0005, 'n': 101, 'shap_error': 0.013465013160710368, 'shap_norm_sq': 66209.48623984122}
{'sample_size': 1010, 'difference': 2, 'noise': 0.001, 'n': 101, 'shap_error': 0.013465086027720435, 'shap_norm_sq': 66209.48623984122}
{'sample_size': 1010, 'difference': 2, 'noise': 0.005, 'n': 101, 'shap_error': 0.013465669280059142, 'shap_norm_sq': 66209.48623984122}
{'sample_size': 1010, 'difference': 2, 'noise': 0.01, 'n': 101, 'shap_error': 0.013466399136127506, 'shap_norm_sq': 66209.48623984122}
{'sample_size': 1010, 'difference': 2, 'noise': 0.05, 'n': 101, 'shap_error': 0.013472269610469451, 'shap_norm_sq': 66209.48623984122}
{'sample_size': 1010, 'difference': 2, 'noise': 0.1, 'n': 101, 'shap_error': 0.013479686767885583, 'shap_norm_sq': 66209.48623984122}
{'sample_size': 1010, 'difference': 2, 'noise': 0.5, 'n': 101, 'shap_error': 0.013542186606758846, 'shap_norm_sq': 66209.48623984122}
{'sample_size': 1010, 'difference': 2, 'noise': 1, 'n': 101, 'shap_error': 0.013628217854212034, 'shap_norm_sq': 66209.48623984122}
