{'sample_size': 300, 'difference': 82, 'noise': 0, 'n': 60, 'shap_error': 0.008580536400199434, 'shap_norm_sq': 3.4714386616135187}
{'sample_size': 600, 'difference': 76, 'noise': 0, 'n': 60, 'shap_error': 0.0033608101927577673, 'shap_norm_sq': 3.4714386616135187}
{'sample_size': 1200, 'difference': -8, 'noise': 0, 'n': 60, 'shap_error': 0.003113832607502665, 'shap_norm_sq': 3.4714386616135187}
{'sample_size': 2400, 'difference': -34, 'noise': 0, 'n': 60, 'shap_error': 0.0006453435920532316, 'shap_norm_sq': 3.4714386616135187}
{'sample_size': 4800, 'difference': -60, 'noise': 0, 'n': 60, 'shap_error': 0.00038712818330404006, 'shap_norm_sq': 3.4714386616135187}
{'sample_size': 9600, 'difference': -264, 'noise': 0, 'n': 60, 'shap_error': 0.00018442218611164113, 'shap_norm_sq': 3.4714386616135187}
{'sample_size': 300, 'difference': 62, 'noise': 0, 'n': 60, 'shap_error': 0.02355579546017821, 'shap_norm_sq': 6.49069985278087}
{'sample_size': 600, 'difference': -54, 'noise': 0, 'n': 60, 'shap_error': 0.009753664797085426, 'shap_norm_sq': 6.49069985278087}
{'sample_size': 1200, 'difference': -12, 'noise': 0, 'n': 60, 'shap_error': 0.004715365344089489, 'shap_norm_sq': 6.49069985278087}
{'sample_size': 2400, 'difference': 18, 'noise': 0, 'n': 60, 'shap_error': 0.0012642819381543985, 'shap_norm_sq': 6.49069985278087}
{'sample_size': 4800, 'difference': 30, 'noise': 0, 'n': 60, 'shap_error': 0.001009854021105848, 'shap_norm_sq': 6.49069985278087}
{'sample_size': 9600, 'difference': 94, 'noise': 0, 'n': 60, 'shap_error': 0.0006584187330336284, 'shap_norm_sq': 6.49069985278087}
{'sample_size': 300, 'difference': 72, 'noise': 0, 'n': 60, 'shap_error': 0.022318897064681972, 'shap_norm_sq': 4.33959584084788}
{'sample_size': 600, 'difference': -18, 'noise': 0, 'n': 60, 'shap_error': 0.010349919759997446, 'shap_norm_sq': 4.33959584084788}
{'sample_size': 1200, 'difference': -20, 'noise': 0, 'n': 60, 'shap_error': 0.004136841607615206, 'shap_norm_sq': 4.33959584084788}
{'sample_size': 2400, 'difference': -80, 'noise': 0, 'n': 60, 'shap_error': 0.0013822521007965266, 'shap_norm_sq': 4.33959584084788}
{'sample_size': 4800, 'difference': 24, 'noise': 0, 'n': 60, 'shap_error': 0.0010070357496971868, 'shap_norm_sq': 4.33959584084788}
{'sample_size': 9600, 'difference': 22, 'noise': 0, 'n': 60, 'shap_error': 0.00047505134752724417, 'shap_norm_sq': 4.33959584084788}
{'sample_size': 300, 'difference': 62, 'noise': 0, 'n': 60, 'shap_error': 0.004704738823774614, 'shap_norm_sq': 5.331550004345126}
{'sample_size': 600, 'difference': -58, 'noise': 0, 'n': 60, 'shap_error': 0.0025337012361437115, 'shap_norm_sq': 5.331550004345126}
{'sample_size': 1200, 'difference': -64, 'noise': 0, 'n': 60, 'shap_error': 0.0009512662852969723, 'shap_norm_sq': 5.331550004345126}
{'sample_size': 2400, 'difference': -32, 'noise': 0, 'n': 60, 'shap_error': 0.00039904533212855036, 'shap_norm_sq': 5.331550004345126}
{'sample_size': 4800, 'difference': -18, 'noise': 0, 'n': 60, 'shap_error': 0.00016422319673849132, 'shap_norm_sq': 5.331550004345126}
{'sample_size': 9600, 'difference': -22, 'noise': 0, 'n': 60, 'shap_error': 0.00010757969311554533, 'shap_norm_sq': 5.331550004345126}
{'sample_size': 300, 'difference': 98, 'noise': 0, 'n': 60, 'shap_error': 2.0820826407681078e-05, 'shap_norm_sq': 5.477425285147867}
{'sample_size': 600, 'difference': -8, 'noise': 0, 'n': 60, 'shap_error': 1.6520839783209292e-05, 'shap_norm_sq': 5.477425285147867}
{'sample_size': 1200, 'difference': 32, 'noise': 0, 'n': 60, 'shap_error': 8.129743686057336e-06, 'shap_norm_sq': 5.477425285147867}
{'sample_size': 2400, 'difference': 24, 'noise': 0, 'n': 60, 'shap_error': 3.2145625869891707e-06, 'shap_norm_sq': 5.477425285147867}
{'sample_size': 4800, 'difference': 14, 'noise': 0, 'n': 60, 'shap_error': 1.311316105123191e-06, 'shap_norm_sq': 5.477425285147867}
{'sample_size': 9600, 'difference': -48, 'noise': 0, 'n': 60, 'shap_error': 6.965851018645352e-07, 'shap_norm_sq': 5.477425285147867}
{'sample_size': 300, 'difference': 36, 'noise': 0, 'n': 60, 'shap_error': 0.007097309647876468, 'shap_norm_sq': 4.63030460691581}
{'sample_size': 600, 'difference': -14, 'noise': 0, 'n': 60, 'shap_error': 0.0027277335421566195, 'shap_norm_sq': 4.63030460691581}
{'sample_size': 1200, 'difference': -62, 'noise': 0, 'n': 60, 'shap_error': 0.0012112035310307637, 'shap_norm_sq': 4.63030460691581}
{'sample_size': 2400, 'difference': 6, 'noise': 0, 'n': 60, 'shap_error': 0.0003634472950522565, 'shap_norm_sq': 4.63030460691581}
{'sample_size': 4800, 'difference': 140, 'noise': 0, 'n': 60, 'shap_error': 0.0002628361919244785, 'shap_norm_sq': 4.63030460691581}
{'sample_size': 9600, 'difference': -154, 'noise': 0, 'n': 60, 'shap_error': 0.00013501437994025916, 'shap_norm_sq': 4.63030460691581}
{'sample_size': 300, 'difference': 60, 'noise': 0, 'n': 60, 'shap_error': 0.013815040037301997, 'shap_norm_sq': 5.407976064110045}
{'sample_size': 600, 'difference': 2, 'noise': 0, 'n': 60, 'shap_error': 0.002916829987223264, 'shap_norm_sq': 5.407976064110045}
{'sample_size': 1200, 'difference': 2, 'noise': 0, 'n': 60, 'shap_error': 0.001726352694190133, 'shap_norm_sq': 5.407976064110045}
{'sample_size': 2400, 'difference': -86, 'noise': 0, 'n': 60, 'shap_error': 0.001022821546131793, 'shap_norm_sq': 5.407976064110045}
{'sample_size': 4800, 'difference': 32, 'noise': 0, 'n': 60, 'shap_error': 0.00045947467350005767, 'shap_norm_sq': 5.407976064110045}
{'sample_size': 9600, 'difference': 74, 'noise': 0, 'n': 60, 'shap_error': 0.00021025409923344334, 'shap_norm_sq': 5.407976064110045}
{'sample_size': 300, 'difference': 38, 'noise': 0, 'n': 60, 'shap_error': 0.005326800420574928, 'shap_norm_sq': 7.477124728176402}
{'sample_size': 600, 'difference': 20, 'noise': 0, 'n': 60, 'shap_error': 0.0030932368693228317, 'shap_norm_sq': 7.477124728176402}
{'sample_size': 1200, 'difference': -40, 'noise': 0, 'n': 60, 'shap_error': 0.0010340529375966292, 'shap_norm_sq': 7.477124728176402}
{'sample_size': 2400, 'difference': 28, 'noise': 0, 'n': 60, 'shap_error': 0.0005579022080109886, 'shap_norm_sq': 7.477124728176402}
{'sample_size': 4800, 'difference': -122, 'noise': 0, 'n': 60, 'shap_error': 0.00025449383511094064, 'shap_norm_sq': 7.477124728176402}
{'sample_size': 9600, 'difference': -50, 'noise': 0, 'n': 60, 'shap_error': 0.00020440927076588922, 'shap_norm_sq': 7.477124728176402}
{'sample_size': 300, 'difference': 104, 'noise': 0, 'n': 60, 'shap_error': 0.0066638317272095515, 'shap_norm_sq': 5.3821000672537265}
{'sample_size': 600, 'difference': -10, 'noise': 0, 'n': 60, 'shap_error': 0.006569898635869394, 'shap_norm_sq': 5.3821000672537265}
{'sample_size': 1200, 'difference': -16, 'noise': 0, 'n': 60, 'shap_error': 0.0014014502740094332, 'shap_norm_sq': 5.3821000672537265}
{'sample_size': 2400, 'difference': -76, 'noise': 0, 'n': 60, 'shap_error': 0.001188869551816918, 'shap_norm_sq': 5.3821000672537265}
{'sample_size': 4800, 'difference': 46, 'noise': 0, 'n': 60, 'shap_error': 0.0005095267100352524, 'shap_norm_sq': 5.3821000672537265}
{'sample_size': 9600, 'difference': 146, 'noise': 0, 'n': 60, 'shap_error': 0.00021499586106640643, 'shap_norm_sq': 5.3821000672537265}
{'sample_size': 300, 'difference': 32, 'noise': 0, 'n': 60, 'shap_error': 0.011236799651312877, 'shap_norm_sq': 3.019764463476448}
{'sample_size': 600, 'difference': 10, 'noise': 0, 'n': 60, 'shap_error': 0.005022668564664083, 'shap_norm_sq': 3.019764463476448}
{'sample_size': 1200, 'difference': -6, 'noise': 0, 'n': 60, 'shap_error': 0.0022551831429269333, 'shap_norm_sq': 3.019764463476448}
{'sample_size': 2400, 'difference': 6, 'noise': 0, 'n': 60, 'shap_error': 0.0010186890918918842, 'shap_norm_sq': 3.019764463476448}
{'sample_size': 4800, 'difference': -112, 'noise': 0, 'n': 60, 'shap_error': 0.0006333973586352879, 'shap_norm_sq': 3.019764463476448}
{'sample_size': 9600, 'difference': 130, 'noise': 0, 'n': 60, 'shap_error': 0.00020067363921425757, 'shap_norm_sq': 3.019764463476448}
{'sample_size': 300, 'difference': 56, 'noise': 0, 'n': 60, 'shap_error': 0.0033036392828503063, 'shap_norm_sq': 5.514538739784413}
{'sample_size': 600, 'difference': -2, 'noise': 0, 'n': 60, 'shap_error': 0.0009932688782354514, 'shap_norm_sq': 5.514538739784413}
{'sample_size': 1200, 'difference': -114, 'noise': 0, 'n': 60, 'shap_error': 0.0005834119519955255, 'shap_norm_sq': 5.514538739784413}
{'sample_size': 2400, 'difference': 52, 'noise': 0, 'n': 60, 'shap_error': 0.000335414090607941, 'shap_norm_sq': 5.514538739784413}
{'sample_size': 4800, 'difference': -4, 'noise': 0, 'n': 60, 'shap_error': 0.00013574038634209823, 'shap_norm_sq': 5.514538739784413}
{'sample_size': 9600, 'difference': 242, 'noise': 0, 'n': 60, 'shap_error': 3.486713638419726e-05, 'shap_norm_sq': 5.514538739784413}
{'sample_size': 300, 'difference': 58, 'noise': 0, 'n': 60, 'shap_error': 0.02497489822438811, 'shap_norm_sq': 2.7407092898068885}
{'sample_size': 600, 'difference': -42, 'noise': 0, 'n': 60, 'shap_error': 0.008974126049591639, 'shap_norm_sq': 2.7407092898068885}
{'sample_size': 1200, 'difference': -134, 'noise': 0, 'n': 60, 'shap_error': 0.008069069316613525, 'shap_norm_sq': 2.7407092898068885}
{'sample_size': 2400, 'difference': 72, 'noise': 0, 'n': 60, 'shap_error': 0.0022905000804023384, 'shap_norm_sq': 2.7407092898068885}
{'sample_size': 4800, 'difference': -8, 'noise': 0, 'n': 60, 'shap_error': 0.0015493665347490351, 'shap_norm_sq': 2.7407092898068885}
{'sample_size': 9600, 'difference': -24, 'noise': 0, 'n': 60, 'shap_error': 0.0008032105035637639, 'shap_norm_sq': 2.7407092898068885}
{'sample_size': 300, 'difference': 40, 'noise': 0, 'n': 60, 'shap_error': 7.339336434135467e-05, 'shap_norm_sq': 2.72373910298738}
{'sample_size': 600, 'difference': -44, 'noise': 0, 'n': 60, 'shap_error': 4.035759528732016e-05, 'shap_norm_sq': 2.72373910298738}
{'sample_size': 1200, 'difference': 30, 'noise': 0, 'n': 60, 'shap_error': 1.0960705389283116e-05, 'shap_norm_sq': 2.72373910298738}
{'sample_size': 2400, 'difference': 52, 'noise': 0, 'n': 60, 'shap_error': 5.3998849505255115e-06, 'shap_norm_sq': 2.72373910298738}
{'sample_size': 4800, 'difference': -84, 'noise': 0, 'n': 60, 'shap_error': 2.756447311618632e-06, 'shap_norm_sq': 2.72373910298738}
{'sample_size': 9600, 'difference': -110, 'noise': 0, 'n': 60, 'shap_error': 1.8335834252462717e-06, 'shap_norm_sq': 2.72373910298738}
{'sample_size': 300, 'difference': 20, 'noise': 0, 'n': 60, 'shap_error': 0.01311879730464315, 'shap_norm_sq': 2.3946212505736986}
{'sample_size': 600, 'difference': 32, 'noise': 0, 'n': 60, 'shap_error': 0.0037636570554990543, 'shap_norm_sq': 2.3946212505736986}
{'sample_size': 1200, 'difference': -16, 'noise': 0, 'n': 60, 'shap_error': 0.0032540368557076008, 'shap_norm_sq': 2.3946212505736986}
{'sample_size': 2400, 'difference': 126, 'noise': 0, 'n': 60, 'shap_error': 0.000837543524119288, 'shap_norm_sq': 2.3946212505736986}
{'sample_size': 4800, 'difference': 22, 'noise': 0, 'n': 60, 'shap_error': 0.00043426094422613283, 'shap_norm_sq': 2.3946212505736986}
{'sample_size': 9600, 'difference': -388, 'noise': 0, 'n': 60, 'shap_error': 0.00026443784358539226, 'shap_norm_sq': 2.3946212505736986}
{'sample_size': 300, 'difference': 18, 'noise': 0, 'n': 60, 'shap_error': 0.012270947357383669, 'shap_norm_sq': 3.611813914653576}
{'sample_size': 600, 'difference': -20, 'noise': 0, 'n': 60, 'shap_error': 0.005136511691347391, 'shap_norm_sq': 3.611813914653576}
{'sample_size': 1200, 'difference': -10, 'noise': 0, 'n': 60, 'shap_error': 0.0027241302250057687, 'shap_norm_sq': 3.611813914653576}
{'sample_size': 2400, 'difference': 6, 'noise': 0, 'n': 60, 'shap_error': 0.0009007608351641355, 'shap_norm_sq': 3.611813914653576}
{'sample_size': 4800, 'difference': -160, 'noise': 0, 'n': 60, 'shap_error': 0.0006276782096521489, 'shap_norm_sq': 3.611813914653576}
{'sample_size': 9600, 'difference': -14, 'noise': 0, 'n': 60, 'shap_error': 0.0002054461460626726, 'shap_norm_sq': 3.611813914653576}
{'sample_size': 300, 'difference': 28, 'noise': 0, 'n': 60, 'shap_error': 0.011410055589886453, 'shap_norm_sq': 6.110289679220796}
{'sample_size': 600, 'difference': 24, 'noise': 0, 'n': 60, 'shap_error': 0.004264864752330792, 'shap_norm_sq': 6.110289679220796}
{'sample_size': 1200, 'difference': -6, 'noise': 0, 'n': 60, 'shap_error': 0.002206744557178756, 'shap_norm_sq': 6.110289679220796}
{'sample_size': 2400, 'difference': 70, 'noise': 0, 'n': 60, 'shap_error': 0.001388872411791659, 'shap_norm_sq': 6.110289679220796}
{'sample_size': 4800, 'difference': -36, 'noise': 0, 'n': 60, 'shap_error': 0.0005564292945069464, 'shap_norm_sq': 6.110289679220796}
{'sample_size': 9600, 'difference': -46, 'noise': 0, 'n': 60, 'shap_error': 0.00021312371636678071, 'shap_norm_sq': 6.110289679220796}
{'sample_size': 300, 'difference': 38, 'noise': 0, 'n': 60, 'shap_error': 0.010995266309499891, 'shap_norm_sq': 4.939908414866903}
{'sample_size': 600, 'difference': 26, 'noise': 0, 'n': 60, 'shap_error': 0.005201886928090585, 'shap_norm_sq': 4.939908414866903}
{'sample_size': 1200, 'difference': -84, 'noise': 0, 'n': 60, 'shap_error': 0.0037068278397597754, 'shap_norm_sq': 4.939908414866903}
{'sample_size': 2400, 'difference': -86, 'noise': 0, 'n': 60, 'shap_error': 0.0011164840329171515, 'shap_norm_sq': 4.939908414866903}
{'sample_size': 4800, 'difference': 56, 'noise': 0, 'n': 60, 'shap_error': 0.0006089888601690783, 'shap_norm_sq': 4.939908414866903}
{'sample_size': 9600, 'difference': -200, 'noise': 0, 'n': 60, 'shap_error': 0.00037437018865660445, 'shap_norm_sq': 4.939908414866903}
{'sample_size': 300, 'difference': 62, 'noise': 0, 'n': 60, 'shap_error': 0.01164422352730578, 'shap_norm_sq': 4.140214548234926}
{'sample_size': 600, 'difference': -34, 'noise': 0, 'n': 60, 'shap_error': 0.006996821547358435, 'shap_norm_sq': 4.140214548234926}
{'sample_size': 1200, 'difference': -46, 'noise': 0, 'n': 60, 'shap_error': 0.002203230297752823, 'shap_norm_sq': 4.140214548234926}
{'sample_size': 2400, 'difference': 42, 'noise': 0, 'n': 60, 'shap_error': 0.0012589074925713109, 'shap_norm_sq': 4.140214548234926}
{'sample_size': 4800, 'difference': 46, 'noise': 0, 'n': 60, 'shap_error': 0.0004995659240599546, 'shap_norm_sq': 4.140214548234926}
{'sample_size': 9600, 'difference': 86, 'noise': 0, 'n': 60, 'shap_error': 0.00032994862709579477, 'shap_norm_sq': 4.140214548234926}
{'sample_size': 300, 'difference': 38, 'noise': 0, 'n': 60, 'shap_error': 0.0008519279773403981, 'shap_norm_sq': 2.594574315662022}
{'sample_size': 600, 'difference': -32, 'noise': 0, 'n': 60, 'shap_error': 0.0004346012988464455, 'shap_norm_sq': 2.594574315662022}
{'sample_size': 1200, 'difference': -70, 'noise': 0, 'n': 60, 'shap_error': 0.00023278515360418745, 'shap_norm_sq': 2.594574315662022}
{'sample_size': 2400, 'difference': 12, 'noise': 0, 'n': 60, 'shap_error': 0.0001261468504941848, 'shap_norm_sq': 2.594574315662022}
{'sample_size': 4800, 'difference': -56, 'noise': 0, 'n': 60, 'shap_error': 3.06056869147792e-05, 'shap_norm_sq': 2.594574315662022}
{'sample_size': 9600, 'difference': -6, 'noise': 0, 'n': 60, 'shap_error': 1.859981583067896e-05, 'shap_norm_sq': 2.594574315662022}
{'sample_size': 300, 'difference': 16, 'noise': 0, 'n': 60, 'shap_error': 0.01885059889420781, 'shap_norm_sq': 2.4716292273318894}
{'sample_size': 600, 'difference': 6, 'noise': 0, 'n': 60, 'shap_error': 0.00742073641245197, 'shap_norm_sq': 2.4716292273318894}
{'sample_size': 1200, 'difference': -30, 'noise': 0, 'n': 60, 'shap_error': 0.003894091413953086, 'shap_norm_sq': 2.4716292273318894}
{'sample_size': 2400, 'difference': -92, 'noise': 0, 'n': 60, 'shap_error': 0.0020625299786437485, 'shap_norm_sq': 2.4716292273318894}
{'sample_size': 4800, 'difference': -158, 'noise': 0, 'n': 60, 'shap_error': 0.0008132281870470764, 'shap_norm_sq': 2.4716292273318894}
{'sample_size': 9600, 'difference': -26, 'noise': 0, 'n': 60, 'shap_error': 0.00047756930105045275, 'shap_norm_sq': 2.4716292273318894}
{'sample_size': 300, 'difference': 34, 'noise': 0, 'n': 60, 'shap_error': 0.0005237292158663881, 'shap_norm_sq': 2.2938318600579644}
{'sample_size': 600, 'difference': -50, 'noise': 0, 'n': 60, 'shap_error': 0.00038163819799782745, 'shap_norm_sq': 2.2938318600579644}
{'sample_size': 1200, 'difference': -2, 'noise': 0, 'n': 60, 'shap_error': 0.00017889747105157187, 'shap_norm_sq': 2.2938318600579644}
{'sample_size': 2400, 'difference': 100, 'noise': 0, 'n': 60, 'shap_error': 6.779255843819723e-05, 'shap_norm_sq': 2.2938318600579644}
{'sample_size': 4800, 'difference': -60, 'noise': 0, 'n': 60, 'shap_error': 3.223040760519705e-05, 'shap_norm_sq': 2.2938318600579644}
{'sample_size': 9600, 'difference': 172, 'noise': 0, 'n': 60, 'shap_error': 1.8013755208198673e-05, 'shap_norm_sq': 2.2938318600579644}
{'sample_size': 300, 'difference': 50, 'noise': 0, 'n': 60, 'shap_error': 0.021561715886048487, 'shap_norm_sq': 3.501341715022203}
{'sample_size': 600, 'difference': -12, 'noise': 0, 'n': 60, 'shap_error': 0.010675350498282898, 'shap_norm_sq': 3.501341715022203}
{'sample_size': 1200, 'difference': -18, 'noise': 0, 'n': 60, 'shap_error': 0.005714941340383347, 'shap_norm_sq': 3.501341715022203}
{'sample_size': 2400, 'difference': -72, 'noise': 0, 'n': 60, 'shap_error': 0.0022589946328268654, 'shap_norm_sq': 3.501341715022203}
{'sample_size': 4800, 'difference': 34, 'noise': 0, 'n': 60, 'shap_error': 0.0010412619683384781, 'shap_norm_sq': 3.501341715022203}
{'sample_size': 9600, 'difference': 100, 'noise': 0, 'n': 60, 'shap_error': 0.0006364668268066176, 'shap_norm_sq': 3.501341715022203}
{'sample_size': 300, 'difference': 60, 'noise': 0, 'n': 60, 'shap_error': 0.024674632109537957, 'shap_norm_sq': 5.842968256389947}
{'sample_size': 600, 'difference': -34, 'noise': 0, 'n': 60, 'shap_error': 0.009974805291331762, 'shap_norm_sq': 5.842968256389947}
{'sample_size': 1200, 'difference': -10, 'noise': 0, 'n': 60, 'shap_error': 0.004456595389615203, 'shap_norm_sq': 5.842968256389947}
{'sample_size': 2400, 'difference': -44, 'noise': 0, 'n': 60, 'shap_error': 0.0020808126526276607, 'shap_norm_sq': 5.842968256389947}
{'sample_size': 4800, 'difference': -10, 'noise': 0, 'n': 60, 'shap_error': 0.0008477952175508411, 'shap_norm_sq': 5.842968256389947}
{'sample_size': 9600, 'difference': 154, 'noise': 0, 'n': 60, 'shap_error': 0.00039778220116546347, 'shap_norm_sq': 5.842968256389947}
{'sample_size': 300, 'difference': 86, 'noise': 0, 'n': 60, 'shap_error': 0.003229301305368591, 'shap_norm_sq': 3.337841614193706}
{'sample_size': 600, 'difference': -50, 'noise': 0, 'n': 60, 'shap_error': 0.002067937534223385, 'shap_norm_sq': 3.337841614193706}
{'sample_size': 1200, 'difference': -30, 'noise': 0, 'n': 60, 'shap_error': 0.0006338310563424801, 'shap_norm_sq': 3.337841614193706}
{'sample_size': 2400, 'difference': -48, 'noise': 0, 'n': 60, 'shap_error': 0.00033290484139080075, 'shap_norm_sq': 3.337841614193706}
{'sample_size': 4800, 'difference': -68, 'noise': 0, 'n': 60, 'shap_error': 0.0001821643838377778, 'shap_norm_sq': 3.337841614193706}
{'sample_size': 9600, 'difference': -4, 'noise': 0, 'n': 60, 'shap_error': 8.285199263351146e-05, 'shap_norm_sq': 3.337841614193706}
{'sample_size': 300, 'difference': 44, 'noise': 0, 'n': 60, 'shap_error': 0.005193635429814756, 'shap_norm_sq': 4.828759238028076}
{'sample_size': 600, 'difference': 14, 'noise': 0, 'n': 60, 'shap_error': 0.002294886109780859, 'shap_norm_sq': 4.828759238028076}
{'sample_size': 1200, 'difference': -40, 'noise': 0, 'n': 60, 'shap_error': 0.0012312471535792918, 'shap_norm_sq': 4.828759238028076}
{'sample_size': 2400, 'difference': 48, 'noise': 0, 'n': 60, 'shap_error': 0.0004890223836685259, 'shap_norm_sq': 4.828759238028076}
{'sample_size': 4800, 'difference': 6, 'noise': 0, 'n': 60, 'shap_error': 0.00021659128426526907, 'shap_norm_sq': 4.828759238028076}
{'sample_size': 9600, 'difference': -2, 'noise': 0, 'n': 60, 'shap_error': 9.454338065876546e-05, 'shap_norm_sq': 4.828759238028076}
{'sample_size': 300, 'difference': 84, 'noise': 0, 'n': 60, 'shap_error': 0.015300726499738397, 'shap_norm_sq': 4.754704381466296}
{'sample_size': 600, 'difference': 22, 'noise': 0, 'n': 60, 'shap_error': 0.0073330723439578496, 'shap_norm_sq': 4.754704381466296}
{'sample_size': 1200, 'difference': 10, 'noise': 0, 'n': 60, 'shap_error': 0.002911786214681037, 'shap_norm_sq': 4.754704381466296}
{'sample_size': 2400, 'difference': -32, 'noise': 0, 'n': 60, 'shap_error': 0.001817855522580236, 'shap_norm_sq': 4.754704381466296}
{'sample_size': 4800, 'difference': -182, 'noise': 0, 'n': 60, 'shap_error': 0.0010064824710393923, 'shap_norm_sq': 4.754704381466296}
{'sample_size': 9600, 'difference': -128, 'noise': 0, 'n': 60, 'shap_error': 0.000574756597974472, 'shap_norm_sq': 4.754704381466296}
{'sample_size': 300, 'difference': 44, 'noise': 0, 'n': 60, 'shap_error': 0.010531470919328028, 'shap_norm_sq': 5.050699731857153}
{'sample_size': 600, 'difference': -8, 'noise': 0, 'n': 60, 'shap_error': 0.006797950374020448, 'shap_norm_sq': 5.050699731857153}
{'sample_size': 1200, 'difference': -2, 'noise': 0, 'n': 60, 'shap_error': 0.0025648808220914967, 'shap_norm_sq': 5.050699731857153}
{'sample_size': 2400, 'difference': -82, 'noise': 0, 'n': 60, 'shap_error': 0.0011920408756002203, 'shap_norm_sq': 5.050699731857153}
{'sample_size': 4800, 'difference': 60, 'noise': 0, 'n': 60, 'shap_error': 0.0005424122952944725, 'shap_norm_sq': 5.050699731857153}
{'sample_size': 9600, 'difference': -242, 'noise': 0, 'n': 60, 'shap_error': 0.00023531400887021641, 'shap_norm_sq': 5.050699731857153}
{'sample_size': 300, 'difference': 78, 'noise': 0, 'n': 60, 'shap_error': 0.0027893362620575097, 'shap_norm_sq': 3.2353182230297977}
{'sample_size': 600, 'difference': 10, 'noise': 0, 'n': 60, 'shap_error': 0.0013529006610171605, 'shap_norm_sq': 3.2353182230297977}
{'sample_size': 1200, 'difference': 20, 'noise': 0, 'n': 60, 'shap_error': 0.0008403116653868773, 'shap_norm_sq': 3.2353182230297977}
{'sample_size': 2400, 'difference': -52, 'noise': 0, 'n': 60, 'shap_error': 0.0004335162123186948, 'shap_norm_sq': 3.2353182230297977}
{'sample_size': 4800, 'difference': 52, 'noise': 0, 'n': 60, 'shap_error': 0.0002462399294301933, 'shap_norm_sq': 3.2353182230297977}
{'sample_size': 9600, 'difference': 180, 'noise': 0, 'n': 60, 'shap_error': 7.663096284300497e-05, 'shap_norm_sq': 3.2353182230297977}
{'sample_size': 300, 'difference': 48, 'noise': 0, 'n': 60, 'shap_error': 0.022769593983263316, 'shap_norm_sq': 2.309799239147193}
{'sample_size': 600, 'difference': -32, 'noise': 0, 'n': 60, 'shap_error': 0.005751433147574176, 'shap_norm_sq': 2.309799239147193}
{'sample_size': 1200, 'difference': -4, 'noise': 0, 'n': 60, 'shap_error': 0.0035602876828273937, 'shap_norm_sq': 2.309799239147193}
{'sample_size': 2400, 'difference': 0, 'noise': 0, 'n': 60, 'shap_error': 0.002602329558101406, 'shap_norm_sq': 2.309799239147193}
{'sample_size': 4800, 'difference': -164, 'noise': 0, 'n': 60, 'shap_error': 0.0005956723063062009, 'shap_norm_sq': 2.309799239147193}
{'sample_size': 9600, 'difference': -96, 'noise': 0, 'n': 60, 'shap_error': 0.00032041882216059177, 'shap_norm_sq': 2.309799239147193}
{'sample_size': 300, 'difference': 52, 'noise': 0, 'n': 60, 'shap_error': 0.02034722654915808, 'shap_norm_sq': 2.8795654810491222}
{'sample_size': 600, 'difference': 42, 'noise': 0, 'n': 60, 'shap_error': 0.006624915200763892, 'shap_norm_sq': 2.8795654810491222}
{'sample_size': 1200, 'difference': -56, 'noise': 0, 'n': 60, 'shap_error': 0.003679463388011372, 'shap_norm_sq': 2.8795654810491222}
{'sample_size': 2400, 'difference': -22, 'noise': 0, 'n': 60, 'shap_error': 0.0015282826202814086, 'shap_norm_sq': 2.8795654810491222}
{'sample_size': 4800, 'difference': -110, 'noise': 0, 'n': 60, 'shap_error': 0.0012658998316846337, 'shap_norm_sq': 2.8795654810491222}
{'sample_size': 9600, 'difference': -80, 'noise': 0, 'n': 60, 'shap_error': 0.00040355243381484543, 'shap_norm_sq': 2.8795654810491222}
{'sample_size': 300, 'difference': 32, 'noise': 0, 'n': 60, 'shap_error': 0.013243374837734974, 'shap_norm_sq': 4.700157211327395}
{'sample_size': 600, 'difference': 58, 'noise': 0, 'n': 60, 'shap_error': 0.006973611541777336, 'shap_norm_sq': 4.700157211327395}
{'sample_size': 1200, 'difference': 76, 'noise': 0, 'n': 60, 'shap_error': 0.002397703535794, 'shap_norm_sq': 4.700157211327395}
{'sample_size': 2400, 'difference': -94, 'noise': 0, 'n': 60, 'shap_error': 0.0017180949678878112, 'shap_norm_sq': 4.700157211327395}
{'sample_size': 4800, 'difference': 116, 'noise': 0, 'n': 60, 'shap_error': 0.0006669765719028579, 'shap_norm_sq': 4.700157211327395}
{'sample_size': 9600, 'difference': 218, 'noise': 0, 'n': 60, 'shap_error': 0.0004351404153635404, 'shap_norm_sq': 4.700157211327395}
{'sample_size': 300, 'difference': 106, 'noise': 0, 'n': 60, 'shap_error': 0.010709347612202332, 'shap_norm_sq': 4.542230419539009}
{'sample_size': 600, 'difference': 22, 'noise': 0, 'n': 60, 'shap_error': 0.005020052872713549, 'shap_norm_sq': 4.542230419539009}
{'sample_size': 1200, 'difference': 44, 'noise': 0, 'n': 60, 'shap_error': 0.0034234954557702747, 'shap_norm_sq': 4.542230419539009}
{'sample_size': 2400, 'difference': 26, 'noise': 0, 'n': 60, 'shap_error': 0.00139932664700164, 'shap_norm_sq': 4.542230419539009}
{'sample_size': 4800, 'difference': 0, 'noise': 0, 'n': 60, 'shap_error': 0.0005008413840073193, 'shap_norm_sq': 4.542230419539009}
{'sample_size': 9600, 'difference': 230, 'noise': 0, 'n': 60, 'shap_error': 0.0002917903857921319, 'shap_norm_sq': 4.542230419539009}
{'sample_size': 300, 'difference': 12, 'noise': 0, 'n': 60, 'shap_error': 0.03482358195790689, 'shap_norm_sq': 3.7438826940305447}
{'sample_size': 600, 'difference': -90, 'noise': 0, 'n': 60, 'shap_error': 0.013658175381946481, 'shap_norm_sq': 3.7438826940305447}
{'sample_size': 1200, 'difference': -76, 'noise': 0, 'n': 60, 'shap_error': 0.0086506795874845, 'shap_norm_sq': 3.7438826940305447}
{'sample_size': 2400, 'difference': -156, 'noise': 0, 'n': 60, 'shap_error': 0.004283084526053113, 'shap_norm_sq': 3.7438826940305447}
{'sample_size': 4800, 'difference': 52, 'noise': 0, 'n': 60, 'shap_error': 0.0013878623451304632, 'shap_norm_sq': 3.7438826940305447}
{'sample_size': 9600, 'difference': 402, 'noise': 0, 'n': 60, 'shap_error': 0.0009555844210470953, 'shap_norm_sq': 3.7438826940305447}
{'sample_size': 300, 'difference': 62, 'noise': 0, 'n': 60, 'shap_error': 0.0023951417678008814, 'shap_norm_sq': 1.8045245475002565}
{'sample_size': 600, 'difference': -34, 'noise': 0, 'n': 60, 'shap_error': 0.0014433566185135698, 'shap_norm_sq': 1.8045245475002565}
{'sample_size': 1200, 'difference': 12, 'noise': 0, 'n': 60, 'shap_error': 0.0006271296292237971, 'shap_norm_sq': 1.8045245475002565}
{'sample_size': 2400, 'difference': -20, 'noise': 0, 'n': 60, 'shap_error': 0.0003936565048701156, 'shap_norm_sq': 1.8045245475002565}
{'sample_size': 4800, 'difference': -194, 'noise': 0, 'n': 60, 'shap_error': 0.00011977151308653649, 'shap_norm_sq': 1.8045245475002565}
{'sample_size': 9600, 'difference': -90, 'noise': 0, 'n': 60, 'shap_error': 9.359586218341704e-05, 'shap_norm_sq': 1.8045245475002565}
{'sample_size': 300, 'difference': 10, 'noise': 0, 'n': 60, 'shap_error': 0.017596444202588754, 'shap_norm_sq': 4.670767907493888}
{'sample_size': 600, 'difference': -32, 'noise': 0, 'n': 60, 'shap_error': 0.009729001681301752, 'shap_norm_sq': 4.670767907493888}
{'sample_size': 1200, 'difference': 22, 'noise': 0, 'n': 60, 'shap_error': 0.0029499196434900872, 'shap_norm_sq': 4.670767907493888}
{'sample_size': 2400, 'difference': 38, 'noise': 0, 'n': 60, 'shap_error': 0.00125297294529218, 'shap_norm_sq': 4.670767907493888}
{'sample_size': 4800, 'difference': -32, 'noise': 0, 'n': 60, 'shap_error': 0.0005919518909255197, 'shap_norm_sq': 4.670767907493888}
{'sample_size': 9600, 'difference': -158, 'noise': 0, 'n': 60, 'shap_error': 0.0002828728172013312, 'shap_norm_sq': 4.670767907493888}
{'sample_size': 300, 'difference': 92, 'noise': 0, 'n': 60, 'shap_error': 0.017679880778330822, 'shap_norm_sq': 3.4974771148925172}
{'sample_size': 600, 'difference': 28, 'noise': 0, 'n': 60, 'shap_error': 0.010221677344173516, 'shap_norm_sq': 3.4974771148925172}
{'sample_size': 1200, 'difference': 18, 'noise': 0, 'n': 60, 'shap_error': 0.004051478464873082, 'shap_norm_sq': 3.4974771148925172}
{'sample_size': 2400, 'difference': 20, 'noise': 0, 'n': 60, 'shap_error': 0.0018314178118375797, 'shap_norm_sq': 3.4974771148925172}
{'sample_size': 4800, 'difference': -12, 'noise': 0, 'n': 60, 'shap_error': 0.0009433843289003652, 'shap_norm_sq': 3.4974771148925172}
{'sample_size': 9600, 'difference': 236, 'noise': 0, 'n': 60, 'shap_error': 0.0006551335063118118, 'shap_norm_sq': 3.4974771148925172}
{'sample_size': 300, 'difference': 44, 'noise': 0, 'n': 60, 'shap_error': 0.018805496580265313, 'shap_norm_sq': 4.675516789318044}
{'sample_size': 600, 'difference': -8, 'noise': 0, 'n': 60, 'shap_error': 0.017015047037533326, 'shap_norm_sq': 4.675516789318044}
{'sample_size': 1200, 'difference': -14, 'noise': 0, 'n': 60, 'shap_error': 0.004174867127528591, 'shap_norm_sq': 4.675516789318044}
{'sample_size': 2400, 'difference': -64, 'noise': 0, 'n': 60, 'shap_error': 0.003559210600784618, 'shap_norm_sq': 4.675516789318044}
{'sample_size': 4800, 'difference': 14, 'noise': 0, 'n': 60, 'shap_error': 0.0013650908233579812, 'shap_norm_sq': 4.675516789318044}
{'sample_size': 9600, 'difference': -326, 'noise': 0, 'n': 60, 'shap_error': 0.0005410108883364993, 'shap_norm_sq': 4.675516789318044}
{'sample_size': 300, 'difference': 46, 'noise': 0, 'n': 60, 'shap_error': 0.03525150164985529, 'shap_norm_sq': 4.751249512422579}
{'sample_size': 600, 'difference': -42, 'noise': 0, 'n': 60, 'shap_error': 0.010892313023771843, 'shap_norm_sq': 4.751249512422579}
{'sample_size': 1200, 'difference': -52, 'noise': 0, 'n': 60, 'shap_error': 0.005967756844671792, 'shap_norm_sq': 4.751249512422579}
{'sample_size': 2400, 'difference': -16, 'noise': 0, 'n': 60, 'shap_error': 0.0033042181662935725, 'shap_norm_sq': 4.751249512422579}
{'sample_size': 4800, 'difference': 100, 'noise': 0, 'n': 60, 'shap_error': 0.0009776212798314275, 'shap_norm_sq': 4.751249512422579}
{'sample_size': 9600, 'difference': 78, 'noise': 0, 'n': 60, 'shap_error': 0.000686354452659658, 'shap_norm_sq': 4.751249512422579}
{'sample_size': 300, 'difference': 96, 'noise': 0, 'n': 60, 'shap_error': 0.00774246030253522, 'shap_norm_sq': 3.6686971187325956}
{'sample_size': 600, 'difference': -20, 'noise': 0, 'n': 60, 'shap_error': 0.004570662057416543, 'shap_norm_sq': 3.6686971187325956}
{'sample_size': 1200, 'difference': -16, 'noise': 0, 'n': 60, 'shap_error': 0.0020226470349014535, 'shap_norm_sq': 3.6686971187325956}
{'sample_size': 2400, 'difference': -16, 'noise': 0, 'n': 60, 'shap_error': 0.0009094667807254137, 'shap_norm_sq': 3.6686971187325956}
{'sample_size': 4800, 'difference': 62, 'noise': 0, 'n': 60, 'shap_error': 0.0004791663035008239, 'shap_norm_sq': 3.6686971187325956}
{'sample_size': 9600, 'difference': 34, 'noise': 0, 'n': 60, 'shap_error': 0.00024345760216181806, 'shap_norm_sq': 3.6686971187325956}
{'sample_size': 300, 'difference': 126, 'noise': 0, 'n': 60, 'shap_error': 0.006953265003830306, 'shap_norm_sq': 4.0459495174470375}
{'sample_size': 600, 'difference': -46, 'noise': 0, 'n': 60, 'shap_error': 0.007540768257919496, 'shap_norm_sq': 4.0459495174470375}
{'sample_size': 1200, 'difference': -26, 'noise': 0, 'n': 60, 'shap_error': 0.0018295836629847741, 'shap_norm_sq': 4.0459495174470375}
{'sample_size': 2400, 'difference': -58, 'noise': 0, 'n': 60, 'shap_error': 0.0011176188181832214, 'shap_norm_sq': 4.0459495174470375}
{'sample_size': 4800, 'difference': -92, 'noise': 0, 'n': 60, 'shap_error': 0.0007109097772175061, 'shap_norm_sq': 4.0459495174470375}
{'sample_size': 9600, 'difference': -42, 'noise': 0, 'n': 60, 'shap_error': 0.00021623969490536585, 'shap_norm_sq': 4.0459495174470375}
{'sample_size': 300, 'difference': 66, 'noise': 0, 'n': 60, 'shap_error': 0.0066747492341544205, 'shap_norm_sq': 4.340282007973912}
{'sample_size': 600, 'difference': -128, 'noise': 0, 'n': 60, 'shap_error': 0.006834632193563978, 'shap_norm_sq': 4.340282007973912}
{'sample_size': 1200, 'difference': -84, 'noise': 0, 'n': 60, 'shap_error': 0.001953422715567406, 'shap_norm_sq': 4.340282007973912}
{'sample_size': 2400, 'difference': -74, 'noise': 0, 'n': 60, 'shap_error': 0.0008146915149656128, 'shap_norm_sq': 4.340282007973912}
{'sample_size': 4800, 'difference': -44, 'noise': 0, 'n': 60, 'shap_error': 0.0005782208334346623, 'shap_norm_sq': 4.340282007973912}
{'sample_size': 9600, 'difference': -56, 'noise': 0, 'n': 60, 'shap_error': 0.00019782717630594443, 'shap_norm_sq': 4.340282007973912}
{'sample_size': 300, 'difference': 16, 'noise': 0, 'n': 60, 'shap_error': 0.0017637950955583504, 'shap_norm_sq': 2.6553083924317917}
{'sample_size': 600, 'difference': -40, 'noise': 0, 'n': 60, 'shap_error': 0.0006186224088950592, 'shap_norm_sq': 2.6553083924317917}
{'sample_size': 1200, 'difference': -10, 'noise': 0, 'n': 60, 'shap_error': 0.0002672804503699856, 'shap_norm_sq': 2.6553083924317917}
{'sample_size': 2400, 'difference': 50, 'noise': 0, 'n': 60, 'shap_error': 0.0001382728045612733, 'shap_norm_sq': 2.6553083924317917}
{'sample_size': 4800, 'difference': -110, 'noise': 0, 'n': 60, 'shap_error': 7.29541545119171e-05, 'shap_norm_sq': 2.6553083924317917}
{'sample_size': 9600, 'difference': -116, 'noise': 0, 'n': 60, 'shap_error': 2.5721282563277724e-05, 'shap_norm_sq': 2.6553083924317917}
{'sample_size': 300, 'difference': 76, 'noise': 0, 'n': 60, 'shap_error': 0.0271944674821136, 'shap_norm_sq': 2.916143767737857}
{'sample_size': 600, 'difference': 18, 'noise': 0, 'n': 60, 'shap_error': 0.012265599648546925, 'shap_norm_sq': 2.916143767737857}
{'sample_size': 1200, 'difference': -42, 'noise': 0, 'n': 60, 'shap_error': 0.007861481746897677, 'shap_norm_sq': 2.916143767737857}
{'sample_size': 2400, 'difference': -2, 'noise': 0, 'n': 60, 'shap_error': 0.002783174452642683, 'shap_norm_sq': 2.916143767737857}
{'sample_size': 4800, 'difference': 68, 'noise': 0, 'n': 60, 'shap_error': 0.0018604371311056066, 'shap_norm_sq': 2.916143767737857}
{'sample_size': 9600, 'difference': 134, 'noise': 0, 'n': 60, 'shap_error': 0.0005510480918732092, 'shap_norm_sq': 2.916143767737857}
{'sample_size': 300, 'difference': 82, 'noise': 0, 'n': 60, 'shap_error': 0.006457561895439209, 'shap_norm_sq': 2.3690053478056274}
{'sample_size': 600, 'difference': 0, 'noise': 0, 'n': 60, 'shap_error': 0.00253506575972086, 'shap_norm_sq': 2.3690053478056274}
{'sample_size': 1200, 'difference': 62, 'noise': 0, 'n': 60, 'shap_error': 0.0014619635944560594, 'shap_norm_sq': 2.3690053478056274}
{'sample_size': 2400, 'difference': -202, 'noise': 0, 'n': 60, 'shap_error': 0.0007100982073556195, 'shap_norm_sq': 2.3690053478056274}
{'sample_size': 4800, 'difference': 88, 'noise': 0, 'n': 60, 'shap_error': 0.0002875541512484433, 'shap_norm_sq': 2.3690053478056274}
{'sample_size': 9600, 'difference': 82, 'noise': 0, 'n': 60, 'shap_error': 0.0001289832701283509, 'shap_norm_sq': 2.3690053478056274}
{'sample_size': 300, 'difference': 28, 'noise': 0, 'n': 60, 'shap_error': 0.06074207082540185, 'shap_norm_sq': 3.294540232459797}
{'sample_size': 600, 'difference': 64, 'noise': 0, 'n': 60, 'shap_error': 0.019570527527128716, 'shap_norm_sq': 3.294540232459797}
{'sample_size': 1200, 'difference': 18, 'noise': 0, 'n': 60, 'shap_error': 0.009412573190000014, 'shap_norm_sq': 3.294540232459797}
{'sample_size': 2400, 'difference': -26, 'noise': 0, 'n': 60, 'shap_error': 0.0037789225357138818, 'shap_norm_sq': 3.294540232459797}
{'sample_size': 4800, 'difference': -104, 'noise': 0, 'n': 60, 'shap_error': 0.0023543067825664674, 'shap_norm_sq': 3.294540232459797}
{'sample_size': 9600, 'difference': -84, 'noise': 0, 'n': 60, 'shap_error': 0.0011303989343633602, 'shap_norm_sq': 3.294540232459797}
{'sample_size': 300, 'difference': 14, 'noise': 0, 'n': 60, 'shap_error': 0.01439554715485628, 'shap_norm_sq': 4.876444241807037}
{'sample_size': 600, 'difference': 40, 'noise': 0, 'n': 60, 'shap_error': 0.006861551218274281, 'shap_norm_sq': 4.876444241807037}
{'sample_size': 1200, 'difference': -48, 'noise': 0, 'n': 60, 'shap_error': 0.003786896486539925, 'shap_norm_sq': 4.876444241807037}
{'sample_size': 2400, 'difference': -54, 'noise': 0, 'n': 60, 'shap_error': 0.0011576493619584783, 'shap_norm_sq': 4.876444241807037}
{'sample_size': 4800, 'difference': 60, 'noise': 0, 'n': 60, 'shap_error': 0.0005321637644926368, 'shap_norm_sq': 4.876444241807037}
{'sample_size': 9600, 'difference': 54, 'noise': 0, 'n': 60, 'shap_error': 0.00031868052879028023, 'shap_norm_sq': 4.876444241807037}
{'sample_size': 300, 'difference': 12, 'noise': 0, 'n': 60, 'shap_error': 0.019943845008909007, 'shap_norm_sq': 6.732980184315414}
{'sample_size': 600, 'difference': -108, 'noise': 0, 'n': 60, 'shap_error': 0.01023558960883015, 'shap_norm_sq': 6.732980184315414}
{'sample_size': 1200, 'difference': 16, 'noise': 0, 'n': 60, 'shap_error': 0.002920151662174765, 'shap_norm_sq': 6.732980184315414}
{'sample_size': 2400, 'difference': 2, 'noise': 0, 'n': 60, 'shap_error': 0.0013854228572953275, 'shap_norm_sq': 6.732980184315414}
{'sample_size': 4800, 'difference': 2, 'noise': 0, 'n': 60, 'shap_error': 0.0006490580203837503, 'shap_norm_sq': 6.732980184315414}
{'sample_size': 9600, 'difference': 214, 'noise': 0, 'n': 60, 'shap_error': 0.00022340221979307362, 'shap_norm_sq': 6.732980184315414}
{'sample_size': 300, 'difference': 38, 'noise': 0, 'n': 60, 'shap_error': 0.05294884467204401, 'shap_norm_sq': 2.4164300950032915}
{'sample_size': 600, 'difference': 32, 'noise': 0, 'n': 60, 'shap_error': 0.02105064627826083, 'shap_norm_sq': 2.4164300950032915}
{'sample_size': 1200, 'difference': -12, 'noise': 0, 'n': 60, 'shap_error': 0.009428413321656582, 'shap_norm_sq': 2.4164300950032915}
{'sample_size': 2400, 'difference': -124, 'noise': 0, 'n': 60, 'shap_error': 0.004459624851562607, 'shap_norm_sq': 2.4164300950032915}
{'sample_size': 4800, 'difference': 52, 'noise': 0, 'n': 60, 'shap_error': 0.002185345014144441, 'shap_norm_sq': 2.4164300950032915}
{'sample_size': 9600, 'difference': 104, 'noise': 0, 'n': 60, 'shap_error': 0.0010528297362508185, 'shap_norm_sq': 2.4164300950032915}
{'sample_size': 300, 'difference': 40, 'noise': 0, 'n': 60, 'shap_error': 0.01621975327859003, 'shap_norm_sq': 4.440187607782474}
{'sample_size': 600, 'difference': 16, 'noise': 0, 'n': 60, 'shap_error': 0.005936851105322544, 'shap_norm_sq': 4.440187607782474}
{'sample_size': 1200, 'difference': -30, 'noise': 0, 'n': 60, 'shap_error': 0.0028144423544065635, 'shap_norm_sq': 4.440187607782474}
{'sample_size': 2400, 'difference': -136, 'noise': 0, 'n': 60, 'shap_error': 0.0012494258228005523, 'shap_norm_sq': 4.440187607782474}
{'sample_size': 4800, 'difference': -108, 'noise': 0, 'n': 60, 'shap_error': 0.0006149425825113374, 'shap_norm_sq': 4.440187607782474}
{'sample_size': 9600, 'difference': -34, 'noise': 0, 'n': 60, 'shap_error': 0.00039240730109420426, 'shap_norm_sq': 4.440187607782474}
{'sample_size': 300, 'difference': 78, 'noise': 0, 'n': 60, 'shap_error': 0.008891631591999129, 'shap_norm_sq': 4.780593420985186}
{'sample_size': 600, 'difference': 26, 'noise': 0, 'n': 60, 'shap_error': 0.004003900927373969, 'shap_norm_sq': 4.780593420985186}
{'sample_size': 1200, 'difference': -6, 'noise': 0, 'n': 60, 'shap_error': 0.0017171524481909757, 'shap_norm_sq': 4.780593420985186}
{'sample_size': 2400, 'difference': -32, 'noise': 0, 'n': 60, 'shap_error': 0.0009894057517560778, 'shap_norm_sq': 4.780593420985186}
{'sample_size': 4800, 'difference': 20, 'noise': 0, 'n': 60, 'shap_error': 0.000397147388844064, 'shap_norm_sq': 4.780593420985186}
{'sample_size': 9600, 'difference': -20, 'noise': 0, 'n': 60, 'shap_error': 0.00015891825012082463, 'shap_norm_sq': 4.780593420985186}
{'sample_size': 300, 'difference': 26, 'noise': 0, 'n': 60, 'shap_error': 0.015479422614125011, 'shap_norm_sq': 3.4664302113184635}
{'sample_size': 600, 'difference': -22, 'noise': 0, 'n': 60, 'shap_error': 0.011479429866809407, 'shap_norm_sq': 3.4664302113184635}
{'sample_size': 1200, 'difference': 48, 'noise': 0, 'n': 60, 'shap_error': 0.0030728271518637488, 'shap_norm_sq': 3.4664302113184635}
{'sample_size': 2400, 'difference': -18, 'noise': 0, 'n': 60, 'shap_error': 0.001205160181309751, 'shap_norm_sq': 3.4664302113184635}
{'sample_size': 4800, 'difference': -42, 'noise': 0, 'n': 60, 'shap_error': 0.0009970392343158759, 'shap_norm_sq': 3.4664302113184635}
{'sample_size': 9600, 'difference': -214, 'noise': 0, 'n': 60, 'shap_error': 0.00036862363876965967, 'shap_norm_sq': 3.4664302113184635}
{'sample_size': 300, 'difference': 82, 'noise': 0, 'n': 60, 'shap_error': 0.0268611654224086, 'shap_norm_sq': 3.948575514565576}
{'sample_size': 600, 'difference': -30, 'noise': 0, 'n': 60, 'shap_error': 0.013706074134476411, 'shap_norm_sq': 3.948575514565576}
{'sample_size': 1200, 'difference': 88, 'noise': 0, 'n': 60, 'shap_error': 0.005092141701564298, 'shap_norm_sq': 3.948575514565576}
{'sample_size': 2400, 'difference': -66, 'noise': 0, 'n': 60, 'shap_error': 0.0022433086730975537, 'shap_norm_sq': 3.948575514565576}
{'sample_size': 4800, 'difference': -26, 'noise': 0, 'n': 60, 'shap_error': 0.001178349145876703, 'shap_norm_sq': 3.948575514565576}
{'sample_size': 9600, 'difference': 50, 'noise': 0, 'n': 60, 'shap_error': 0.0007639299212056724, 'shap_norm_sq': 3.948575514565576}
{'sample_size': 300, 'difference': 86, 'noise': 0, 'n': 60, 'shap_error': 0.005683251556449134, 'shap_norm_sq': 2.306323255299426}
{'sample_size': 600, 'difference': -28, 'noise': 0, 'n': 60, 'shap_error': 0.003193546308753296, 'shap_norm_sq': 2.306323255299426}
{'sample_size': 1200, 'difference': -44, 'noise': 0, 'n': 60, 'shap_error': 0.002307325507584737, 'shap_norm_sq': 2.306323255299426}
{'sample_size': 2400, 'difference': -38, 'noise': 0, 'n': 60, 'shap_error': 0.0006183948272187519, 'shap_norm_sq': 2.306323255299426}
{'sample_size': 4800, 'difference': -64, 'noise': 0, 'n': 60, 'shap_error': 0.0005825957512268333, 'shap_norm_sq': 2.306323255299426}
{'sample_size': 9600, 'difference': -108, 'noise': 0, 'n': 60, 'shap_error': 0.00022877648781716514, 'shap_norm_sq': 2.306323255299426}
{'sample_size': 300, 'difference': 72, 'noise': 0, 'n': 60, 'shap_error': 0.013682329743484498, 'shap_norm_sq': 2.58580965379253}
{'sample_size': 600, 'difference': -24, 'noise': 0, 'n': 60, 'shap_error': 0.003235367671171501, 'shap_norm_sq': 2.58580965379253}
{'sample_size': 1200, 'difference': 4, 'noise': 0, 'n': 60, 'shap_error': 0.0026484755424125528, 'shap_norm_sq': 2.58580965379253}
{'sample_size': 2400, 'difference': -134, 'noise': 0, 'n': 60, 'shap_error': 0.0009618245473200025, 'shap_norm_sq': 2.58580965379253}
{'sample_size': 4800, 'difference': 218, 'noise': 0, 'n': 60, 'shap_error': 0.0003640539243698993, 'shap_norm_sq': 2.58580965379253}
{'sample_size': 9600, 'difference': 150, 'noise': 0, 'n': 60, 'shap_error': 0.00022075542827370203, 'shap_norm_sq': 2.58580965379253}
{'sample_size': 300, 'difference': 58, 'noise': 0, 'n': 60, 'shap_error': 0.00883400350745399, 'shap_norm_sq': 5.434010382695583}
{'sample_size': 600, 'difference': 46, 'noise': 0, 'n': 60, 'shap_error': 0.0051485088363130834, 'shap_norm_sq': 5.434010382695583}
{'sample_size': 1200, 'difference': -20, 'noise': 0, 'n': 60, 'shap_error': 0.001981046113888953, 'shap_norm_sq': 5.434010382695583}
{'sample_size': 2400, 'difference': -2, 'noise': 0, 'n': 60, 'shap_error': 0.0014701352350017212, 'shap_norm_sq': 5.434010382695583}
{'sample_size': 4800, 'difference': -14, 'noise': 0, 'n': 60, 'shap_error': 0.00036966300570176, 'shap_norm_sq': 5.434010382695583}
{'sample_size': 9600, 'difference': 234, 'noise': 0, 'n': 60, 'shap_error': 0.00022566834160280444, 'shap_norm_sq': 5.434010382695583}
{'sample_size': 300, 'difference': 60, 'noise': 0, 'n': 60, 'shap_error': 0.0073350425222043205, 'shap_norm_sq': 3.784486049504725}
{'sample_size': 600, 'difference': -44, 'noise': 0, 'n': 60, 'shap_error': 0.00562965740074053, 'shap_norm_sq': 3.784486049504725}
{'sample_size': 1200, 'difference': -16, 'noise': 0, 'n': 60, 'shap_error': 0.0021667399868981396, 'shap_norm_sq': 3.784486049504725}
{'sample_size': 2400, 'difference': -96, 'noise': 0, 'n': 60, 'shap_error': 0.0014677555677867146, 'shap_norm_sq': 3.784486049504725}
{'sample_size': 4800, 'difference': 140, 'noise': 0, 'n': 60, 'shap_error': 0.0002964537304715645, 'shap_norm_sq': 3.784486049504725}
{'sample_size': 9600, 'difference': 166, 'noise': 0, 'n': 60, 'shap_error': 0.00027061387295292957, 'shap_norm_sq': 3.784486049504725}
{'sample_size': 300, 'difference': 58, 'noise': 0, 'n': 60, 'shap_error': 0.023465563410012293, 'shap_norm_sq': 4.540195186226951}
{'sample_size': 600, 'difference': 28, 'noise': 0, 'n': 60, 'shap_error': 0.009393433108346973, 'shap_norm_sq': 4.540195186226951}
{'sample_size': 1200, 'difference': -98, 'noise': 0, 'n': 60, 'shap_error': 0.00410783133970802, 'shap_norm_sq': 4.540195186226951}
{'sample_size': 2400, 'difference': -84, 'noise': 0, 'n': 60, 'shap_error': 0.00187795769549946, 'shap_norm_sq': 4.540195186226951}
{'sample_size': 4800, 'difference': -30, 'noise': 0, 'n': 60, 'shap_error': 0.0008883030311477154, 'shap_norm_sq': 4.540195186226951}
{'sample_size': 9600, 'difference': 120, 'noise': 0, 'n': 60, 'shap_error': 0.0004283890969075249, 'shap_norm_sq': 4.540195186226951}
{'sample_size': 300, 'difference': 62, 'noise': 0, 'n': 60, 'shap_error': 0.038470328446209616, 'shap_norm_sq': 5.690250033747485}
{'sample_size': 600, 'difference': -34, 'noise': 0, 'n': 60, 'shap_error': 0.011066230964919354, 'shap_norm_sq': 5.690250033747485}
{'sample_size': 1200, 'difference': -10, 'noise': 0, 'n': 60, 'shap_error': 0.005145347980722082, 'shap_norm_sq': 5.690250033747485}
{'sample_size': 2400, 'difference': -18, 'noise': 0, 'n': 60, 'shap_error': 0.002173050452368149, 'shap_norm_sq': 5.690250033747485}
{'sample_size': 4800, 'difference': -48, 'noise': 0, 'n': 60, 'shap_error': 0.0008947784890366804, 'shap_norm_sq': 5.690250033747485}
{'sample_size': 9600, 'difference': -144, 'noise': 0, 'n': 60, 'shap_error': 0.0006890927737059745, 'shap_norm_sq': 5.690250033747485}
{'sample_size': 300, 'difference': 42, 'noise': 0, 'n': 60, 'shap_error': 0.013219039413062537, 'shap_norm_sq': 3.0408074699896672}
{'sample_size': 600, 'difference': 38, 'noise': 0, 'n': 60, 'shap_error': 0.006785439491247128, 'shap_norm_sq': 3.0408074699896672}
{'sample_size': 1200, 'difference': -30, 'noise': 0, 'n': 60, 'shap_error': 0.0031028235929828813, 'shap_norm_sq': 3.0408074699896672}
{'sample_size': 2400, 'difference': 2, 'noise': 0, 'n': 60, 'shap_error': 0.0016635632168629526, 'shap_norm_sq': 3.0408074699896672}
{'sample_size': 4800, 'difference': -66, 'noise': 0, 'n': 60, 'shap_error': 0.0008208532202891393, 'shap_norm_sq': 3.0408074699896672}
{'sample_size': 9600, 'difference': -286, 'noise': 0, 'n': 60, 'shap_error': 0.0003423479264650578, 'shap_norm_sq': 3.0408074699896672}
{'sample_size': 300, 'difference': 44, 'noise': 0, 'n': 60, 'shap_error': 0.03000740519015789, 'shap_norm_sq': 3.8020034621399974}
{'sample_size': 600, 'difference': 8, 'noise': 0, 'n': 60, 'shap_error': 0.01796880510970402, 'shap_norm_sq': 3.8020034621399974}
{'sample_size': 1200, 'difference': -72, 'noise': 0, 'n': 60, 'shap_error': 0.007833892002204785, 'shap_norm_sq': 3.8020034621399974}
{'sample_size': 2400, 'difference': -84, 'noise': 0, 'n': 60, 'shap_error': 0.003002774093158769, 'shap_norm_sq': 3.8020034621399974}
{'sample_size': 4800, 'difference': 12, 'noise': 0, 'n': 60, 'shap_error': 0.0020995124503490783, 'shap_norm_sq': 3.8020034621399974}
{'sample_size': 9600, 'difference': 116, 'noise': 0, 'n': 60, 'shap_error': 0.0009968237519738623, 'shap_norm_sq': 3.8020034621399974}
{'sample_size': 300, 'difference': 48, 'noise': 0, 'n': 60, 'shap_error': 0.0015344772694551782, 'shap_norm_sq': 3.1156367851798614}
{'sample_size': 600, 'difference': 34, 'noise': 0, 'n': 60, 'shap_error': 0.00120730530795377, 'shap_norm_sq': 3.1156367851798614}
{'sample_size': 1200, 'difference': -112, 'noise': 0, 'n': 60, 'shap_error': 0.00044575405410354063, 'shap_norm_sq': 3.1156367851798614}
{'sample_size': 2400, 'difference': 74, 'noise': 0, 'n': 60, 'shap_error': 0.0001598206570884586, 'shap_norm_sq': 3.1156367851798614}
{'sample_size': 4800, 'difference': -28, 'noise': 0, 'n': 60, 'shap_error': 7.194394063794216e-05, 'shap_norm_sq': 3.1156367851798614}
{'sample_size': 9600, 'difference': 24, 'noise': 0, 'n': 60, 'shap_error': 5.197182442687623e-05, 'shap_norm_sq': 3.1156367851798614}
{'sample_size': 300, 'difference': 42, 'noise': 0, 'n': 60, 'shap_error': 0.0046274181184428435, 'shap_norm_sq': 4.943254412971012}
{'sample_size': 600, 'difference': -26, 'noise': 0, 'n': 60, 'shap_error': 0.003854338224425687, 'shap_norm_sq': 4.943254412971012}
{'sample_size': 1200, 'difference': -84, 'noise': 0, 'n': 60, 'shap_error': 0.0014578918133285048, 'shap_norm_sq': 4.943254412971012}
{'sample_size': 2400, 'difference': -12, 'noise': 0, 'n': 60, 'shap_error': 0.0006669715532407628, 'shap_norm_sq': 4.943254412971012}
{'sample_size': 4800, 'difference': -2, 'noise': 0, 'n': 60, 'shap_error': 0.00031494707607198887, 'shap_norm_sq': 4.943254412971012}
{'sample_size': 9600, 'difference': -66, 'noise': 0, 'n': 60, 'shap_error': 0.000140162678635577, 'shap_norm_sq': 4.943254412971012}
{'sample_size': 300, 'difference': 34, 'noise': 0, 'n': 60, 'shap_error': 0.0070602553785840535, 'shap_norm_sq': 5.248147939722626}
{'sample_size': 600, 'difference': -46, 'noise': 0, 'n': 60, 'shap_error': 0.004141387652858448, 'shap_norm_sq': 5.248147939722626}
{'sample_size': 1200, 'difference': -30, 'noise': 0, 'n': 60, 'shap_error': 0.002279450447656323, 'shap_norm_sq': 5.248147939722626}
{'sample_size': 2400, 'difference': -96, 'noise': 0, 'n': 60, 'shap_error': 0.0010610879039281652, 'shap_norm_sq': 5.248147939722626}
{'sample_size': 4800, 'difference': 88, 'noise': 0, 'n': 60, 'shap_error': 0.00037631068758885037, 'shap_norm_sq': 5.248147939722626}
{'sample_size': 9600, 'difference': 98, 'noise': 0, 'n': 60, 'shap_error': 0.00022412048867325154, 'shap_norm_sq': 5.248147939722626}
{'sample_size': 300, 'difference': 42, 'noise': 0, 'n': 60, 'shap_error': 0.006064547173118449, 'shap_norm_sq': 2.3690053478056274}
{'sample_size': 600, 'difference': 2, 'noise': 0, 'n': 60, 'shap_error': 0.002601058638765564, 'shap_norm_sq': 2.3690053478056274}
{'sample_size': 1200, 'difference': 6, 'noise': 0, 'n': 60, 'shap_error': 0.0011925309472407778, 'shap_norm_sq': 2.3690053478056274}
{'sample_size': 2400, 'difference': -104, 'noise': 0, 'n': 60, 'shap_error': 0.0006243291538837318, 'shap_norm_sq': 2.3690053478056274}
{'sample_size': 4800, 'difference': -94, 'noise': 0, 'n': 60, 'shap_error': 0.00029811654543596377, 'shap_norm_sq': 2.3690053478056274}
{'sample_size': 9600, 'difference': -86, 'noise': 0, 'n': 60, 'shap_error': 0.00017177850701535573, 'shap_norm_sq': 2.3690053478056274}
{'sample_size': 300, 'difference': 38, 'noise': 0, 'n': 60, 'shap_error': 0.016558691346446098, 'shap_norm_sq': 5.368818484313566}
{'sample_size': 600, 'difference': -20, 'noise': 0, 'n': 60, 'shap_error': 0.007899175957480058, 'shap_norm_sq': 5.368818484313566}
{'sample_size': 1200, 'difference': -88, 'noise': 0, 'n': 60, 'shap_error': 0.0038439821203711264, 'shap_norm_sq': 5.368818484313566}
{'sample_size': 2400, 'difference': -24, 'noise': 0, 'n': 60, 'shap_error': 0.002432993167977474, 'shap_norm_sq': 5.368818484313566}
{'sample_size': 4800, 'difference': 16, 'noise': 0, 'n': 60, 'shap_error': 0.0007874293868764554, 'shap_norm_sq': 5.368818484313566}
{'sample_size': 9600, 'difference': 42, 'noise': 0, 'n': 60, 'shap_error': 0.0004498928338136379, 'shap_norm_sq': 5.368818484313566}
{'sample_size': 300, 'difference': 82, 'noise': 0, 'n': 60, 'shap_error': 0.002256864997169838, 'shap_norm_sq': 2.169466375966093}
{'sample_size': 600, 'difference': 16, 'noise': 0, 'n': 60, 'shap_error': 0.0012017997172095588, 'shap_norm_sq': 2.169466375966093}
{'sample_size': 1200, 'difference': -4, 'noise': 0, 'n': 60, 'shap_error': 0.0005812761663146698, 'shap_norm_sq': 2.169466375966093}
{'sample_size': 2400, 'difference': -96, 'noise': 0, 'n': 60, 'shap_error': 0.00029070226251944536, 'shap_norm_sq': 2.169466375966093}
{'sample_size': 4800, 'difference': 72, 'noise': 0, 'n': 60, 'shap_error': 0.00015356242441797607, 'shap_norm_sq': 2.169466375966093}
{'sample_size': 9600, 'difference': 46, 'noise': 0, 'n': 60, 'shap_error': 6.390438705230345e-05, 'shap_norm_sq': 2.169466375966093}
{'sample_size': 300, 'difference': 96, 'noise': 0, 'n': 60, 'shap_error': 0.00034008282712401735, 'shap_norm_sq': 1.2044408586506339}
{'sample_size': 600, 'difference': -88, 'noise': 0, 'n': 60, 'shap_error': 0.00018922084943211987, 'shap_norm_sq': 1.2044408586506339}
{'sample_size': 1200, 'difference': 76, 'noise': 0, 'n': 60, 'shap_error': 7.179751816028884e-05, 'shap_norm_sq': 1.2044408586506339}
{'sample_size': 2400, 'difference': -114, 'noise': 0, 'n': 60, 'shap_error': 3.0206711434669624e-05, 'shap_norm_sq': 1.2044408586506339}
{'sample_size': 4800, 'difference': 66, 'noise': 0, 'n': 60, 'shap_error': 1.896243427071181e-05, 'shap_norm_sq': 1.2044408586506339}
{'sample_size': 9600, 'difference': -144, 'noise': 0, 'n': 60, 'shap_error': 8.747833955133431e-06, 'shap_norm_sq': 1.2044408586506339}
{'sample_size': 300, 'difference': 74, 'noise': 0, 'n': 60, 'shap_error': 0.0016080693798476383, 'shap_norm_sq': 6.756394989413753}
{'sample_size': 600, 'difference': -18, 'noise': 0, 'n': 60, 'shap_error': 0.0006822715082334559, 'shap_norm_sq': 6.756394989413753}
{'sample_size': 1200, 'difference': 2, 'noise': 0, 'n': 60, 'shap_error': 0.00017122283292816758, 'shap_norm_sq': 6.756394989413753}
{'sample_size': 2400, 'difference': -72, 'noise': 0, 'n': 60, 'shap_error': 0.00018214961237540063, 'shap_norm_sq': 6.756394989413753}
{'sample_size': 4800, 'difference': -116, 'noise': 0, 'n': 60, 'shap_error': 8.835780753525013e-05, 'shap_norm_sq': 6.756394989413753}
{'sample_size': 9600, 'difference': 62, 'noise': 0, 'n': 60, 'shap_error': 3.556351462959499e-05, 'shap_norm_sq': 6.756394989413753}
{'sample_size': 300, 'difference': 50, 'noise': 0, 'n': 60, 'shap_error': 0.019806088502907708, 'shap_norm_sq': 6.049941627245347}
{'sample_size': 600, 'difference': 76, 'noise': 0, 'n': 60, 'shap_error': 0.008900565913572493, 'shap_norm_sq': 6.049941627245347}
{'sample_size': 1200, 'difference': 72, 'noise': 0, 'n': 60, 'shap_error': 0.004298821809912081, 'shap_norm_sq': 6.049941627245347}
{'sample_size': 2400, 'difference': 6, 'noise': 0, 'n': 60, 'shap_error': 0.0012295499391847512, 'shap_norm_sq': 6.049941627245347}
{'sample_size': 4800, 'difference': -274, 'noise': 0, 'n': 60, 'shap_error': 0.0006730562658068374, 'shap_norm_sq': 6.049941627245347}
{'sample_size': 9600, 'difference': 138, 'noise': 0, 'n': 60, 'shap_error': 0.00039972901998604047, 'shap_norm_sq': 6.049941627245347}
{'sample_size': 300, 'difference': 40, 'noise': 0, 'n': 60, 'shap_error': 0.002853787463626342, 'shap_norm_sq': 4.68580209756354}
{'sample_size': 600, 'difference': -36, 'noise': 0, 'n': 60, 'shap_error': 0.005421168961339273, 'shap_norm_sq': 4.68580209756354}
{'sample_size': 1200, 'difference': 12, 'noise': 0, 'n': 60, 'shap_error': 0.0011915711247569, 'shap_norm_sq': 4.68580209756354}
{'sample_size': 2400, 'difference': -132, 'noise': 0, 'n': 60, 'shap_error': 0.0005974460154446654, 'shap_norm_sq': 4.68580209756354}
{'sample_size': 4800, 'difference': -28, 'noise': 0, 'n': 60, 'shap_error': 0.0002108079214384075, 'shap_norm_sq': 4.68580209756354}
{'sample_size': 9600, 'difference': -20, 'noise': 0, 'n': 60, 'shap_error': 0.00014947955362226684, 'shap_norm_sq': 4.68580209756354}
{'sample_size': 300, 'difference': 50, 'noise': 0, 'n': 60, 'shap_error': 0.03564644328771529, 'shap_norm_sq': 2.423496549133178}
{'sample_size': 600, 'difference': -4, 'noise': 0, 'n': 60, 'shap_error': 0.018565494161003265, 'shap_norm_sq': 2.423496549133178}
{'sample_size': 1200, 'difference': 6, 'noise': 0, 'n': 60, 'shap_error': 0.007977736966639924, 'shap_norm_sq': 2.423496549133178}
{'sample_size': 2400, 'difference': -22, 'noise': 0, 'n': 60, 'shap_error': 0.004591698401273049, 'shap_norm_sq': 2.423496549133178}
{'sample_size': 4800, 'difference': -178, 'noise': 0, 'n': 60, 'shap_error': 0.0018981357974729438, 'shap_norm_sq': 2.423496549133178}
{'sample_size': 9600, 'difference': 34, 'noise': 0, 'n': 60, 'shap_error': 0.0007139147911788032, 'shap_norm_sq': 2.423496549133178}
{'sample_size': 300, 'difference': 78, 'noise': 0, 'n': 60, 'shap_error': 0.008090120999304331, 'shap_norm_sq': 4.55316541538549}
{'sample_size': 600, 'difference': -16, 'noise': 0, 'n': 60, 'shap_error': 0.005488651658050129, 'shap_norm_sq': 4.55316541538549}
{'sample_size': 1200, 'difference': -58, 'noise': 0, 'n': 60, 'shap_error': 0.002180851468365249, 'shap_norm_sq': 4.55316541538549}
{'sample_size': 2400, 'difference': -10, 'noise': 0, 'n': 60, 'shap_error': 0.0008877845187242399, 'shap_norm_sq': 4.55316541538549}
{'sample_size': 4800, 'difference': 64, 'noise': 0, 'n': 60, 'shap_error': 0.0003984567433713338, 'shap_norm_sq': 4.55316541538549}
{'sample_size': 9600, 'difference': 108, 'noise': 0, 'n': 60, 'shap_error': 0.00020848628198393178, 'shap_norm_sq': 4.55316541538549}
{'sample_size': 300, 'difference': 64, 'noise': 0, 'n': 60, 'shap_error': 0.02877211081562756, 'shap_norm_sq': 4.256978383236576}
{'sample_size': 600, 'difference': 32, 'noise': 0, 'n': 60, 'shap_error': 0.012571561492897806, 'shap_norm_sq': 4.256978383236576}
{'sample_size': 1200, 'difference': -116, 'noise': 0, 'n': 60, 'shap_error': 0.007212272306191827, 'shap_norm_sq': 4.256978383236576}
{'sample_size': 2400, 'difference': -46, 'noise': 0, 'n': 60, 'shap_error': 0.003060752974034137, 'shap_norm_sq': 4.256978383236576}
{'sample_size': 4800, 'difference': 18, 'noise': 0, 'n': 60, 'shap_error': 0.001433420175095991, 'shap_norm_sq': 4.256978383236576}
{'sample_size': 9600, 'difference': 34, 'noise': 0, 'n': 60, 'shap_error': 0.0009526949956907067, 'shap_norm_sq': 4.256978383236576}
{'sample_size': 300, 'difference': 92, 'noise': 0, 'n': 60, 'shap_error': 0.0035001639983464356, 'shap_norm_sq': 5.440143632974172}
{'sample_size': 600, 'difference': -40, 'noise': 0, 'n': 60, 'shap_error': 0.0025877696726268272, 'shap_norm_sq': 5.440143632974172}
{'sample_size': 1200, 'difference': -54, 'noise': 0, 'n': 60, 'shap_error': 0.001120259525424176, 'shap_norm_sq': 5.440143632974172}
{'sample_size': 2400, 'difference': -92, 'noise': 0, 'n': 60, 'shap_error': 0.0006842824278136712, 'shap_norm_sq': 5.440143632974172}
{'sample_size': 4800, 'difference': -18, 'noise': 0, 'n': 60, 'shap_error': 0.0002006763589594731, 'shap_norm_sq': 5.440143632974172}
{'sample_size': 9600, 'difference': 52, 'noise': 0, 'n': 60, 'shap_error': 0.00011834473421558971, 'shap_norm_sq': 5.440143632974172}
{'sample_size': 300, 'difference': 54, 'noise': 0, 'n': 60, 'shap_error': 0.0015771920852911913, 'shap_norm_sq': 4.798825809838939}
{'sample_size': 600, 'difference': -18, 'noise': 0, 'n': 60, 'shap_error': 0.0009942852248587724, 'shap_norm_sq': 4.798825809838939}
{'sample_size': 1200, 'difference': -26, 'noise': 0, 'n': 60, 'shap_error': 0.0004058429465993711, 'shap_norm_sq': 4.798825809838939}
{'sample_size': 2400, 'difference': -22, 'noise': 0, 'n': 60, 'shap_error': 0.00023196598285523485, 'shap_norm_sq': 4.798825809838939}
{'sample_size': 4800, 'difference': 98, 'noise': 0, 'n': 60, 'shap_error': 9.725239508904579e-05, 'shap_norm_sq': 4.798825809838939}
{'sample_size': 9600, 'difference': -218, 'noise': 0, 'n': 60, 'shap_error': 4.506760431871983e-05, 'shap_norm_sq': 4.798825809838939}
{'sample_size': 300, 'difference': 66, 'noise': 0, 'n': 60, 'shap_error': 0.07178089634993778, 'shap_norm_sq': 2.6800063097574607}
{'sample_size': 600, 'difference': 6, 'noise': 0, 'n': 60, 'shap_error': 0.034063061855757935, 'shap_norm_sq': 2.6800063097574607}
{'sample_size': 1200, 'difference': -4, 'noise': 0, 'n': 60, 'shap_error': 0.01515135368186217, 'shap_norm_sq': 2.6800063097574607}
{'sample_size': 2400, 'difference': -42, 'noise': 0, 'n': 60, 'shap_error': 0.005691109051352423, 'shap_norm_sq': 2.6800063097574607}
{'sample_size': 4800, 'difference': -46, 'noise': 0, 'n': 60, 'shap_error': 0.0026385896234291553, 'shap_norm_sq': 2.6800063097574607}
{'sample_size': 9600, 'difference': -114, 'noise': 0, 'n': 60, 'shap_error': 0.0016524283103392498, 'shap_norm_sq': 2.6800063097574607}
{'sample_size': 300, 'difference': 54, 'noise': 0, 'n': 60, 'shap_error': 0.005738883540149512, 'shap_norm_sq': 6.119462958988806}
{'sample_size': 600, 'difference': -48, 'noise': 0, 'n': 60, 'shap_error': 0.0032069721556861387, 'shap_norm_sq': 6.119462958988806}
{'sample_size': 1200, 'difference': -14, 'noise': 0, 'n': 60, 'shap_error': 0.0007850919617328657, 'shap_norm_sq': 6.119462958988806}
{'sample_size': 2400, 'difference': -34, 'noise': 0, 'n': 60, 'shap_error': 0.0008215822314126755, 'shap_norm_sq': 6.119462958988806}
{'sample_size': 4800, 'difference': 38, 'noise': 0, 'n': 60, 'shap_error': 0.0003639467477135079, 'shap_norm_sq': 6.119462958988806}
{'sample_size': 9600, 'difference': -270, 'noise': 0, 'n': 60, 'shap_error': 0.0001555587919722525, 'shap_norm_sq': 6.119462958988806}
{'sample_size': 300, 'difference': 94, 'noise': 0, 'n': 60, 'shap_error': 0.006001175818151166, 'shap_norm_sq': 1.708127072925964}
{'sample_size': 600, 'difference': 34, 'noise': 0, 'n': 60, 'shap_error': 0.0036279628289152288, 'shap_norm_sq': 1.708127072925964}
{'sample_size': 1200, 'difference': -36, 'noise': 0, 'n': 60, 'shap_error': 0.0014389580579211312, 'shap_norm_sq': 1.708127072925964}
{'sample_size': 2400, 'difference': -36, 'noise': 0, 'n': 60, 'shap_error': 0.001030421761494028, 'shap_norm_sq': 1.708127072925964}
{'sample_size': 4800, 'difference': -176, 'noise': 0, 'n': 60, 'shap_error': 0.0004446690930686669, 'shap_norm_sq': 1.708127072925964}
{'sample_size': 9600, 'difference': -138, 'noise': 0, 'n': 60, 'shap_error': 0.0002541495178011305, 'shap_norm_sq': 1.708127072925964}
{'sample_size': 300, 'difference': 94, 'noise': 0, 'n': 60, 'shap_error': 0.006090457679029858, 'shap_norm_sq': 2.198389902832733}
{'sample_size': 600, 'difference': -24, 'noise': 0, 'n': 60, 'shap_error': 0.008895540514426892, 'shap_norm_sq': 2.198389902832733}
{'sample_size': 1200, 'difference': 10, 'noise': 0, 'n': 60, 'shap_error': 0.001833515151919042, 'shap_norm_sq': 2.198389902832733}
{'sample_size': 2400, 'difference': -188, 'noise': 0, 'n': 60, 'shap_error': 0.0015943181551266216, 'shap_norm_sq': 2.198389902832733}
{'sample_size': 4800, 'difference': -60, 'noise': 0, 'n': 60, 'shap_error': 0.0004451919787860964, 'shap_norm_sq': 2.198389902832733}
{'sample_size': 9600, 'difference': -54, 'noise': 0, 'n': 60, 'shap_error': 0.00023036853077957538, 'shap_norm_sq': 2.198389902832733}
{'sample_size': 300, 'difference': 34, 'noise': 0, 'n': 60, 'shap_error': 0.0007548836102156948, 'shap_norm_sq': 5.4376497141751345}
{'sample_size': 600, 'difference': -46, 'noise': 0, 'n': 60, 'shap_error': 0.00023844730023386802, 'shap_norm_sq': 5.4376497141751345}
{'sample_size': 1200, 'difference': 70, 'noise': 0, 'n': 60, 'shap_error': 0.00011204713609569832, 'shap_norm_sq': 5.4376497141751345}
{'sample_size': 2400, 'difference': -84, 'noise': 0, 'n': 60, 'shap_error': 5.7404589555645034e-05, 'shap_norm_sq': 5.4376497141751345}
{'sample_size': 4800, 'difference': 56, 'noise': 0, 'n': 60, 'shap_error': 2.1554063653082107e-05, 'shap_norm_sq': 5.4376497141751345}
{'sample_size': 9600, 'difference': -212, 'noise': 0, 'n': 60, 'shap_error': 9.609921510931197e-06, 'shap_norm_sq': 5.4376497141751345}
{'sample_size': 300, 'difference': 72, 'noise': 0, 'n': 60, 'shap_error': 0.000501823801116492, 'shap_norm_sq': 2.7018692883869235}
{'sample_size': 600, 'difference': -32, 'noise': 0, 'n': 60, 'shap_error': 0.00027851425405910085, 'shap_norm_sq': 2.7018692883869235}
{'sample_size': 1200, 'difference': -4, 'noise': 0, 'n': 60, 'shap_error': 0.0001291796909319297, 'shap_norm_sq': 2.7018692883869235}
{'sample_size': 2400, 'difference': 14, 'noise': 0, 'n': 60, 'shap_error': 5.4543998832305524e-05, 'shap_norm_sq': 2.7018692883869235}
{'sample_size': 4800, 'difference': -206, 'noise': 0, 'n': 60, 'shap_error': 2.774928106353524e-05, 'shap_norm_sq': 2.7018692883869235}
{'sample_size': 9600, 'difference': -100, 'noise': 0, 'n': 60, 'shap_error': 1.1427677473124836e-05, 'shap_norm_sq': 2.7018692883869235}
{'sample_size': 300, 'difference': 38, 'noise': 0, 'n': 60, 'shap_error': 0.007231296921724211, 'shap_norm_sq': 2.0944166984411634}
{'sample_size': 600, 'difference': 18, 'noise': 0, 'n': 60, 'shap_error': 0.0026425001026766674, 'shap_norm_sq': 2.0944166984411634}
{'sample_size': 1200, 'difference': 50, 'noise': 0, 'n': 60, 'shap_error': 0.000795304334169713, 'shap_norm_sq': 2.0944166984411634}
{'sample_size': 2400, 'difference': -18, 'noise': 0, 'n': 60, 'shap_error': 0.0005797077051197313, 'shap_norm_sq': 2.0944166984411634}
{'sample_size': 4800, 'difference': -78, 'noise': 0, 'n': 60, 'shap_error': 0.0002866933794400266, 'shap_norm_sq': 2.0944166984411634}
{'sample_size': 9600, 'difference': -190, 'noise': 0, 'n': 60, 'shap_error': 0.00010433191789349246, 'shap_norm_sq': 2.0944166984411634}
{'sample_size': 300, 'difference': 54, 'noise': 0, 'n': 60, 'shap_error': 2.8299912323891975e-14, 'shap_norm_sq': 3.725974164178613}
{'sample_size': 600, 'difference': 38, 'noise': 0, 'n': 60, 'shap_error': 2.6275636102335163e-14, 'shap_norm_sq': 3.725974164178613}
{'sample_size': 1200, 'difference': 8, 'noise': 0, 'n': 60, 'shap_error': 1.526768906300386e-14, 'shap_norm_sq': 3.725974164178613}
{'sample_size': 2400, 'difference': -108, 'noise': 0, 'n': 60, 'shap_error': 2.1452797353884098e-14, 'shap_norm_sq': 3.725974164178613}
{'sample_size': 4800, 'difference': -14, 'noise': 0, 'n': 60, 'shap_error': 1.8900586426659998e-14, 'shap_norm_sq': 3.725974164178613}
{'sample_size': 9600, 'difference': -132, 'noise': 0, 'n': 60, 'shap_error': 1.669487420713337e-14, 'shap_norm_sq': 3.725974164178613}
{'sample_size': 300, 'difference': 72, 'noise': 0, 'n': 60, 'shap_error': 0.006295817924937512, 'shap_norm_sq': 3.337841614193706}
{'sample_size': 600, 'difference': 24, 'noise': 0, 'n': 60, 'shap_error': 0.0015128844217052323, 'shap_norm_sq': 3.337841614193706}
{'sample_size': 1200, 'difference': -30, 'noise': 0, 'n': 60, 'shap_error': 0.0008065540168022614, 'shap_norm_sq': 3.337841614193706}
{'sample_size': 2400, 'difference': -112, 'noise': 0, 'n': 60, 'shap_error': 0.00040610547405025074, 'shap_norm_sq': 3.337841614193706}
{'sample_size': 4800, 'difference': -240, 'noise': 0, 'n': 60, 'shap_error': 0.00017835040067488346, 'shap_norm_sq': 3.337841614193706}
{'sample_size': 9600, 'difference': -226, 'noise': 0, 'n': 60, 'shap_error': 9.45388270641393e-05, 'shap_norm_sq': 3.337841614193706}
{'sample_size': 300, 'difference': 6, 'noise': 0, 'n': 60, 'shap_error': 0.046309785494257336, 'shap_norm_sq': 3.283930193231506}
{'sample_size': 600, 'difference': -16, 'noise': 0, 'n': 60, 'shap_error': 0.020673209797788736, 'shap_norm_sq': 3.283930193231506}
{'sample_size': 1200, 'difference': -6, 'noise': 0, 'n': 60, 'shap_error': 0.008123161451349439, 'shap_norm_sq': 3.283930193231506}
{'sample_size': 2400, 'difference': 8, 'noise': 0, 'n': 60, 'shap_error': 0.0028006805293285856, 'shap_norm_sq': 3.283930193231506}
{'sample_size': 4800, 'difference': 86, 'noise': 0, 'n': 60, 'shap_error': 0.0017466555951145817, 'shap_norm_sq': 3.283930193231506}
{'sample_size': 9600, 'difference': -70, 'noise': 0, 'n': 60, 'shap_error': 0.000762318140693252, 'shap_norm_sq': 3.283930193231506}
{'sample_size': 300, 'difference': 54, 'noise': 0, 'n': 60, 'shap_error': 0.0008191439587192929, 'shap_norm_sq': 2.428496045503573}
{'sample_size': 600, 'difference': -6, 'noise': 0, 'n': 60, 'shap_error': 0.00047760449624441147, 'shap_norm_sq': 2.428496045503573}
{'sample_size': 1200, 'difference': -74, 'noise': 0, 'n': 60, 'shap_error': 0.0003505726855327102, 'shap_norm_sq': 2.428496045503573}
{'sample_size': 2400, 'difference': -58, 'noise': 0, 'n': 60, 'shap_error': 0.0001349245242149857, 'shap_norm_sq': 2.428496045503573}
{'sample_size': 4800, 'difference': 90, 'noise': 0, 'n': 60, 'shap_error': 4.814765167076034e-05, 'shap_norm_sq': 2.428496045503573}
{'sample_size': 9600, 'difference': -14, 'noise': 0, 'n': 60, 'shap_error': 2.7745309471675557e-05, 'shap_norm_sq': 2.428496045503573}
{'sample_size': 300, 'difference': 4, 'noise': 0, 'n': 60, 'shap_error': 0.014982855170105133, 'shap_norm_sq': 6.0043894271545355}
{'sample_size': 600, 'difference': -62, 'noise': 0, 'n': 60, 'shap_error': 0.007460299169872005, 'shap_norm_sq': 6.0043894271545355}
{'sample_size': 1200, 'difference': -64, 'noise': 0, 'n': 60, 'shap_error': 0.002961679208403211, 'shap_norm_sq': 6.0043894271545355}
{'sample_size': 2400, 'difference': 6, 'noise': 0, 'n': 60, 'shap_error': 0.0018711426023758117, 'shap_norm_sq': 6.0043894271545355}
{'sample_size': 4800, 'difference': 100, 'noise': 0, 'n': 60, 'shap_error': 0.0008914410414832648, 'shap_norm_sq': 6.0043894271545355}
{'sample_size': 9600, 'difference': 244, 'noise': 0, 'n': 60, 'shap_error': 0.00020970144597965324, 'shap_norm_sq': 6.0043894271545355}
{'sample_size': 300, 'difference': 78, 'noise': 0, 'n': 60, 'shap_error': 0.009782506886112782, 'shap_norm_sq': 2.306323255299426}
{'sample_size': 600, 'difference': 0, 'noise': 0, 'n': 60, 'shap_error': 0.0034313635038803075, 'shap_norm_sq': 2.306323255299426}
{'sample_size': 1200, 'difference': -162, 'noise': 0, 'n': 60, 'shap_error': 0.0021521547004912903, 'shap_norm_sq': 2.306323255299426}
{'sample_size': 2400, 'difference': 122, 'noise': 0, 'n': 60, 'shap_error': 0.0007999449840405727, 'shap_norm_sq': 2.306323255299426}
{'sample_size': 4800, 'difference': -44, 'noise': 0, 'n': 60, 'shap_error': 0.0004177613799609316, 'shap_norm_sq': 2.306323255299426}
{'sample_size': 9600, 'difference': -76, 'noise': 0, 'n': 60, 'shap_error': 0.00023156742808165952, 'shap_norm_sq': 2.306323255299426}
{'sample_size': 300, 'difference': 66, 'noise': 0, 'n': 60, 'shap_error': 2.883859983291579e-14, 'shap_norm_sq': 3.725974164178613}
{'sample_size': 600, 'difference': -78, 'noise': 0, 'n': 60, 'shap_error': 1.6691929605567603e-14, 'shap_norm_sq': 3.725974164178613}
{'sample_size': 1200, 'difference': -118, 'noise': 0, 'n': 60, 'shap_error': 2.3540466235182115e-14, 'shap_norm_sq': 3.725974164178613}
{'sample_size': 2400, 'difference': -68, 'noise': 0, 'n': 60, 'shap_error': 1.8563223573571707e-14, 'shap_norm_sq': 3.725974164178613}
{'sample_size': 4800, 'difference': 74, 'noise': 0, 'n': 60, 'shap_error': 1.8042987261775943e-14, 'shap_norm_sq': 3.725974164178613}
{'sample_size': 9600, 'difference': -50, 'noise': 0, 'n': 60, 'shap_error': 1.7594381384511572e-14, 'shap_norm_sq': 3.725974164178613}
{'sample_size': 300, 'difference': 58, 'noise': 0, 'n': 60, 'shap_error': 0.013261438611115626, 'shap_norm_sq': 2.794473558168363}
{'sample_size': 600, 'difference': 18, 'noise': 0, 'n': 60, 'shap_error': 0.004992689761890901, 'shap_norm_sq': 2.794473558168363}
{'sample_size': 1200, 'difference': -132, 'noise': 0, 'n': 60, 'shap_error': 0.0020853447927129992, 'shap_norm_sq': 2.794473558168363}
{'sample_size': 2400, 'difference': -42, 'noise': 0, 'n': 60, 'shap_error': 0.0010017614324753104, 'shap_norm_sq': 2.794473558168363}
{'sample_size': 4800, 'difference': 66, 'noise': 0, 'n': 60, 'shap_error': 0.0005553436863159904, 'shap_norm_sq': 2.794473558168363}
{'sample_size': 9600, 'difference': -40, 'noise': 0, 'n': 60, 'shap_error': 0.0002807538696609957, 'shap_norm_sq': 2.794473558168363}
{'sample_size': 300, 'difference': 70, 'noise': 0, 'n': 60, 'shap_error': 0.011972765074214924, 'shap_norm_sq': 2.2644195734741537}
{'sample_size': 600, 'difference': -106, 'noise': 0, 'n': 60, 'shap_error': 0.008564421317129676, 'shap_norm_sq': 2.2644195734741537}
{'sample_size': 1200, 'difference': 2, 'noise': 0, 'n': 60, 'shap_error': 0.0031239000817000003, 'shap_norm_sq': 2.2644195734741537}
{'sample_size': 2400, 'difference': 48, 'noise': 0, 'n': 60, 'shap_error': 0.0011183359660578813, 'shap_norm_sq': 2.2644195734741537}
{'sample_size': 4800, 'difference': 32, 'noise': 0, 'n': 60, 'shap_error': 0.0006469779537275252, 'shap_norm_sq': 2.2644195734741537}
{'sample_size': 9600, 'difference': -86, 'noise': 0, 'n': 60, 'shap_error': 0.00033035285175261924, 'shap_norm_sq': 2.2644195734741537}
{'sample_size': 300, 'difference': 62, 'noise': 0, 'n': 60, 'shap_error': 0.007500732266136933, 'shap_norm_sq': 4.393863153876186}
{'sample_size': 600, 'difference': -12, 'noise': 0, 'n': 60, 'shap_error': 0.0022035817366372664, 'shap_norm_sq': 4.393863153876186}
{'sample_size': 1200, 'difference': -58, 'noise': 0, 'n': 60, 'shap_error': 0.0012466132653090533, 'shap_norm_sq': 4.393863153876186}
{'sample_size': 2400, 'difference': -98, 'noise': 0, 'n': 60, 'shap_error': 0.0007895144151618304, 'shap_norm_sq': 4.393863153876186}
{'sample_size': 4800, 'difference': 10, 'noise': 0, 'n': 60, 'shap_error': 0.00022048067956734858, 'shap_norm_sq': 4.393863153876186}
{'sample_size': 9600, 'difference': 126, 'noise': 0, 'n': 60, 'shap_error': 0.0001883642949824891, 'shap_norm_sq': 4.393863153876186}
{'sample_size': 300, 'difference': 38, 'noise': 0, 'n': 60, 'shap_error': 0.006512687708333272, 'shap_norm_sq': 2.5636394375721077}
{'sample_size': 600, 'difference': -26, 'noise': 0, 'n': 60, 'shap_error': 0.003912339518716956, 'shap_norm_sq': 2.5636394375721077}
{'sample_size': 1200, 'difference': -72, 'noise': 0, 'n': 60, 'shap_error': 0.0022599027237376564, 'shap_norm_sq': 2.5636394375721077}
{'sample_size': 2400, 'difference': -100, 'noise': 0, 'n': 60, 'shap_error': 0.0005518692746462405, 'shap_norm_sq': 2.5636394375721077}
{'sample_size': 4800, 'difference': 154, 'noise': 0, 'n': 60, 'shap_error': 0.00037334579159355803, 'shap_norm_sq': 2.5636394375721077}
{'sample_size': 9600, 'difference': 210, 'noise': 0, 'n': 60, 'shap_error': 0.0001757974590911283, 'shap_norm_sq': 2.5636394375721077}
{'sample_size': 300, 'difference': 74, 'noise': 0, 'n': 60, 'shap_error': 0.010813204598440289, 'shap_norm_sq': 4.090304126514424}
{'sample_size': 600, 'difference': -72, 'noise': 0, 'n': 60, 'shap_error': 0.004344303726087248, 'shap_norm_sq': 4.090304126514424}
{'sample_size': 1200, 'difference': 48, 'noise': 0, 'n': 60, 'shap_error': 0.0027943476163041383, 'shap_norm_sq': 4.090304126514424}
{'sample_size': 2400, 'difference': -30, 'noise': 0, 'n': 60, 'shap_error': 0.0014406970418784366, 'shap_norm_sq': 4.090304126514424}
{'sample_size': 4800, 'difference': -14, 'noise': 0, 'n': 60, 'shap_error': 0.0007060950210791861, 'shap_norm_sq': 4.090304126514424}
{'sample_size': 9600, 'difference': -36, 'noise': 0, 'n': 60, 'shap_error': 0.00024337917147858196, 'shap_norm_sq': 4.090304126514424}
{'sample_size': 300, 'difference': 30, 'noise': 0, 'n': 60, 'shap_error': 0.006183219773644458, 'shap_norm_sq': 2.550440744513126}
{'sample_size': 600, 'difference': -112, 'noise': 0, 'n': 60, 'shap_error': 0.0034629874998399765, 'shap_norm_sq': 2.550440744513126}
{'sample_size': 1200, 'difference': 20, 'noise': 0, 'n': 60, 'shap_error': 0.0012278735912440606, 'shap_norm_sq': 2.550440744513126}
{'sample_size': 2400, 'difference': -50, 'noise': 0, 'n': 60, 'shap_error': 0.0005735388554672071, 'shap_norm_sq': 2.550440744513126}
{'sample_size': 4800, 'difference': 78, 'noise': 0, 'n': 60, 'shap_error': 0.00031537708447456334, 'shap_norm_sq': 2.550440744513126}
{'sample_size': 9600, 'difference': -88, 'noise': 0, 'n': 60, 'shap_error': 0.00011501829922700342, 'shap_norm_sq': 2.550440744513126}
{'sample_size': 300, 'difference': 38, 'noise': 0, 'n': 60, 'shap_error': 0.03545634771938792, 'shap_norm_sq': 6.258291052719591}
{'sample_size': 600, 'difference': -6, 'noise': 0, 'n': 60, 'shap_error': 0.012354923120532253, 'shap_norm_sq': 6.258291052719591}
{'sample_size': 1200, 'difference': -94, 'noise': 0, 'n': 60, 'shap_error': 0.00622509106252722, 'shap_norm_sq': 6.258291052719591}
{'sample_size': 2400, 'difference': 52, 'noise': 0, 'n': 60, 'shap_error': 0.003058968265354335, 'shap_norm_sq': 6.258291052719591}
{'sample_size': 4800, 'difference': -50, 'noise': 0, 'n': 60, 'shap_error': 0.0012794566558790418, 'shap_norm_sq': 6.258291052719591}
{'sample_size': 9600, 'difference': 230, 'noise': 0, 'n': 60, 'shap_error': 0.00048618173481686114, 'shap_norm_sq': 6.258291052719591}
{'sample_size': 300, 'difference': 72, 'noise': 0, 'n': 60, 'shap_error': 0.0036168511745355318, 'shap_norm_sq': 1.8045245475002565}
{'sample_size': 600, 'difference': 50, 'noise': 0, 'n': 60, 'shap_error': 0.0015101843891714081, 'shap_norm_sq': 1.8045245475002565}
{'sample_size': 1200, 'difference': 34, 'noise': 0, 'n': 60, 'shap_error': 0.0006644813019669445, 'shap_norm_sq': 1.8045245475002565}
{'sample_size': 2400, 'difference': -68, 'noise': 0, 'n': 60, 'shap_error': 0.0002122050943631702, 'shap_norm_sq': 1.8045245475002565}
{'sample_size': 4800, 'difference': -64, 'noise': 0, 'n': 60, 'shap_error': 0.00010435744526815024, 'shap_norm_sq': 1.8045245475002565}
{'sample_size': 9600, 'difference': -66, 'noise': 0, 'n': 60, 'shap_error': 8.643539751509699e-05, 'shap_norm_sq': 1.8045245475002565}
{'sample_size': 300, 'difference': 58, 'noise': 0, 'n': 60, 'shap_error': 0.008000516299386843, 'shap_norm_sq': 4.368848162616251}
{'sample_size': 600, 'difference': 46, 'noise': 0, 'n': 60, 'shap_error': 0.0038953603722936578, 'shap_norm_sq': 4.368848162616251}
{'sample_size': 1200, 'difference': -52, 'noise': 0, 'n': 60, 'shap_error': 0.0014697298655111603, 'shap_norm_sq': 4.368848162616251}
{'sample_size': 2400, 'difference': -100, 'noise': 0, 'n': 60, 'shap_error': 0.0005574717021152649, 'shap_norm_sq': 4.368848162616251}
{'sample_size': 4800, 'difference': 68, 'noise': 0, 'n': 60, 'shap_error': 0.0002846465777862398, 'shap_norm_sq': 4.368848162616251}
{'sample_size': 9600, 'difference': 48, 'noise': 0, 'n': 60, 'shap_error': 0.000168800572048457, 'shap_norm_sq': 4.368848162616251}
{'sample_size': 300, 'difference': -24, 'noise': 0, 'n': 60, 'shap_error': 0.034723166411588346, 'shap_norm_sq': 5.200741805600498}
{'sample_size': 600, 'difference': -16, 'noise': 0, 'n': 60, 'shap_error': 0.006320471783792387, 'shap_norm_sq': 5.200741805600498}
{'sample_size': 1200, 'difference': 24, 'noise': 0, 'n': 60, 'shap_error': 0.0033907330322338, 'shap_norm_sq': 5.200741805600498}
{'sample_size': 2400, 'difference': -44, 'noise': 0, 'n': 60, 'shap_error': 0.0016310969640085683, 'shap_norm_sq': 5.200741805600498}
{'sample_size': 4800, 'difference': -182, 'noise': 0, 'n': 60, 'shap_error': 0.0008552024954549862, 'shap_norm_sq': 5.200741805600498}
{'sample_size': 9600, 'difference': -170, 'noise': 0, 'n': 60, 'shap_error': 0.00026891867474750065, 'shap_norm_sq': 5.200741805600498}
{'sample_size': 300, 'difference': 16, 'noise': 0, 'n': 60, 'shap_error': 0.042471058430183485, 'shap_norm_sq': 5.142255328261924}
{'sample_size': 600, 'difference': -40, 'noise': 0, 'n': 60, 'shap_error': 0.01924338793897711, 'shap_norm_sq': 5.142255328261924}
{'sample_size': 1200, 'difference': 6, 'noise': 0, 'n': 60, 'shap_error': 0.008764330449364593, 'shap_norm_sq': 5.142255328261924}
{'sample_size': 2400, 'difference': -24, 'noise': 0, 'n': 60, 'shap_error': 0.0023784824165265037, 'shap_norm_sq': 5.142255328261924}
{'sample_size': 4800, 'difference': -72, 'noise': 0, 'n': 60, 'shap_error': 0.0012030442920819928, 'shap_norm_sq': 5.142255328261924}
{'sample_size': 9600, 'difference': -102, 'noise': 0, 'n': 60, 'shap_error': 0.0006550375919949519, 'shap_norm_sq': 5.142255328261924}
{'sample_size': 600, 'difference': 10, 'noise': 0.0005, 'n': 60, 'shap_error': 0.003711394846217718, 'shap_norm_sq': 3.4714386616135187}
{'sample_size': 600, 'difference': -74, 'noise': 0.001, 'n': 60, 'shap_error': 0.0065700807733275685, 'shap_norm_sq': 3.4714386616135187}
{'sample_size': 600, 'difference': 16, 'noise': 0.005, 'n': 60, 'shap_error': 0.0041201841778702435, 'shap_norm_sq': 3.4714386616135187}
{'sample_size': 600, 'difference': 22, 'noise': 0.01, 'n': 60, 'shap_error': 0.0042543935700021145, 'shap_norm_sq': 3.4714386616135187}
{'sample_size': 600, 'difference': 36, 'noise': 0.05, 'n': 60, 'shap_error': 0.005610185623324911, 'shap_norm_sq': 3.4714386616135187}
{'sample_size': 600, 'difference': 44, 'noise': 0.1, 'n': 60, 'shap_error': 0.007814081877101482, 'shap_norm_sq': 3.4714386616135187}
{'sample_size': 600, 'difference': 12, 'noise': 0.5, 'n': 60, 'shap_error': 0.10815962398077032, 'shap_norm_sq': 3.4714386616135187}
{'sample_size': 600, 'difference': -44, 'noise': 1, 'n': 60, 'shap_error': 0.4188725962793662, 'shap_norm_sq': 3.4714386616135187}
{'sample_size': 600, 'difference': 52, 'noise': 0.0005, 'n': 60, 'shap_error': 0.010063112680256567, 'shap_norm_sq': 6.49069985278087}
{'sample_size': 600, 'difference': -12, 'noise': 0.001, 'n': 60, 'shap_error': 0.0065507011147373255, 'shap_norm_sq': 6.49069985278087}
{'sample_size': 600, 'difference': 32, 'noise': 0.005, 'n': 60, 'shap_error': 0.007031173000683892, 'shap_norm_sq': 6.49069985278087}
{'sample_size': 600, 'difference': 18, 'noise': 0.01, 'n': 60, 'shap_error': 0.008980929837335424, 'shap_norm_sq': 6.49069985278087}
{'sample_size': 600, 'difference': -14, 'noise': 0.05, 'n': 60, 'shap_error': 0.009582278645198606, 'shap_norm_sq': 6.49069985278087}
{'sample_size': 600, 'difference': 16, 'noise': 0.1, 'n': 60, 'shap_error': 0.00957359763700986, 'shap_norm_sq': 6.49069985278087}
{'sample_size': 600, 'difference': -34, 'noise': 0.5, 'n': 60, 'shap_error': 0.10100811640213903, 'shap_norm_sq': 6.49069985278087}
{'sample_size': 600, 'difference': 62, 'noise': 1, 'n': 60, 'shap_error': 0.33451761820870546, 'shap_norm_sq': 6.49069985278087}
{'sample_size': 600, 'difference': 48, 'noise': 0.0005, 'n': 60, 'shap_error': 0.009323577964549187, 'shap_norm_sq': 4.33959584084788}
{'sample_size': 600, 'difference': -10, 'noise': 0.001, 'n': 60, 'shap_error': 0.009541445301761356, 'shap_norm_sq': 4.33959584084788}
{'sample_size': 600, 'difference': -4, 'noise': 0.005, 'n': 60, 'shap_error': 0.00799246586417633, 'shap_norm_sq': 4.33959584084788}
{'sample_size': 600, 'difference': 0, 'noise': 0.01, 'n': 60, 'shap_error': 0.012098878793511769, 'shap_norm_sq': 4.33959584084788}
{'sample_size': 600, 'difference': -8, 'noise': 0.05, 'n': 60, 'shap_error': 0.010470700135248522, 'shap_norm_sq': 4.33959584084788}
{'sample_size': 600, 'difference': -56, 'noise': 0.1, 'n': 60, 'shap_error': 0.011277267691084116, 'shap_norm_sq': 4.33959584084788}
{'sample_size': 600, 'difference': 36, 'noise': 0.5, 'n': 60, 'shap_error': 0.09335846925267136, 'shap_norm_sq': 4.33959584084788}
{'sample_size': 600, 'difference': -18, 'noise': 1, 'n': 60, 'shap_error': 0.32996087165186866, 'shap_norm_sq': 4.33959584084788}
{'sample_size': 600, 'difference': 10, 'noise': 0.0005, 'n': 60, 'shap_error': 0.00184591039558676, 'shap_norm_sq': 5.331550004345126}
{'sample_size': 600, 'difference': 18, 'noise': 0.001, 'n': 60, 'shap_error': 0.002008855959365951, 'shap_norm_sq': 5.331550004345126}
{'sample_size': 600, 'difference': 0, 'noise': 0.005, 'n': 60, 'shap_error': 0.002568228385459043, 'shap_norm_sq': 5.331550004345126}
{'sample_size': 600, 'difference': -32, 'noise': 0.01, 'n': 60, 'shap_error': 0.002040317922640855, 'shap_norm_sq': 5.331550004345126}
{'sample_size': 600, 'difference': 38, 'noise': 0.05, 'n': 60, 'shap_error': 0.002997454672335233, 'shap_norm_sq': 5.331550004345126}
{'sample_size': 600, 'difference': -14, 'noise': 0.1, 'n': 60, 'shap_error': 0.00859748235035655, 'shap_norm_sq': 5.331550004345126}
{'sample_size': 600, 'difference': -8, 'noise': 0.5, 'n': 60, 'shap_error': 0.0693428488907211, 'shap_norm_sq': 5.331550004345126}
{'sample_size': 600, 'difference': -64, 'noise': 1, 'n': 60, 'shap_error': 0.5120303550707608, 'shap_norm_sq': 5.331550004345126}
{'sample_size': 600, 'difference': 12, 'noise': 0.0005, 'n': 60, 'shap_error': 1.5527461306724572e-05, 'shap_norm_sq': 5.477425285147867}
{'sample_size': 600, 'difference': 74, 'noise': 0.001, 'n': 60, 'shap_error': 1.1632504010572122e-05, 'shap_norm_sq': 5.477425285147867}
{'sample_size': 600, 'difference': 26, 'noise': 0.005, 'n': 60, 'shap_error': 1.7632037346551378e-05, 'shap_norm_sq': 5.477425285147867}
{'sample_size': 600, 'difference': 26, 'noise': 0.01, 'n': 60, 'shap_error': 5.8137377519114286e-05, 'shap_norm_sq': 5.477425285147867}
{'sample_size': 600, 'difference': -24, 'noise': 0.05, 'n': 60, 'shap_error': 0.0008726916038924232, 'shap_norm_sq': 5.477425285147867}
{'sample_size': 600, 'difference': 18, 'noise': 0.1, 'n': 60, 'shap_error': 0.0032383514223266554, 'shap_norm_sq': 5.477425285147867}
{'sample_size': 600, 'difference': 10, 'noise': 0.5, 'n': 60, 'shap_error': 0.09416108102326261, 'shap_norm_sq': 5.477425285147867}
{'sample_size': 600, 'difference': -32, 'noise': 1, 'n': 60, 'shap_error': 0.3607145346518759, 'shap_norm_sq': 5.477425285147867}
{'sample_size': 600, 'difference': -32, 'noise': 0.0005, 'n': 60, 'shap_error': 0.0033776843906115866, 'shap_norm_sq': 4.63030460691581}
{'sample_size': 600, 'difference': -8, 'noise': 0.001, 'n': 60, 'shap_error': 0.001778625090129221, 'shap_norm_sq': 4.63030460691581}
{'sample_size': 600, 'difference': -36, 'noise': 0.005, 'n': 60, 'shap_error': 0.002483155406154359, 'shap_norm_sq': 4.63030460691581}
{'sample_size': 600, 'difference': 22, 'noise': 0.01, 'n': 60, 'shap_error': 0.0021238556754749434, 'shap_norm_sq': 4.63030460691581}
{'sample_size': 600, 'difference': -82, 'noise': 0.05, 'n': 60, 'shap_error': 0.0028175283558152047, 'shap_norm_sq': 4.63030460691581}
{'sample_size': 600, 'difference': -26, 'noise': 0.1, 'n': 60, 'shap_error': 0.004861832591434057, 'shap_norm_sq': 4.63030460691581}
{'sample_size': 600, 'difference': -20, 'noise': 0.5, 'n': 60, 'shap_error': 0.0846716913748964, 'shap_norm_sq': 4.63030460691581}
{'sample_size': 600, 'difference': 4, 'noise': 1, 'n': 60, 'shap_error': 0.3499366945279164, 'shap_norm_sq': 4.63030460691581}
{'sample_size': 600, 'difference': 32, 'noise': 0.0005, 'n': 60, 'shap_error': 0.004382687843351564, 'shap_norm_sq': 5.407976064110045}
{'sample_size': 600, 'difference': -22, 'noise': 0.001, 'n': 60, 'shap_error': 0.00426429857859934, 'shap_norm_sq': 5.407976064110045}
{'sample_size': 600, 'difference': -4, 'noise': 0.005, 'n': 60, 'shap_error': 0.004044193952580523, 'shap_norm_sq': 5.407976064110045}
{'sample_size': 600, 'difference': -24, 'noise': 0.01, 'n': 60, 'shap_error': 0.005772690304345232, 'shap_norm_sq': 5.407976064110045}
{'sample_size': 600, 'difference': 12, 'noise': 0.05, 'n': 60, 'shap_error': 0.004755195236124603, 'shap_norm_sq': 5.407976064110045}
{'sample_size': 600, 'difference': 0, 'noise': 0.1, 'n': 60, 'shap_error': 0.006487110948743575, 'shap_norm_sq': 5.407976064110045}
{'sample_size': 600, 'difference': -64, 'noise': 0.5, 'n': 60, 'shap_error': 0.1629967741760273, 'shap_norm_sq': 5.407976064110045}
{'sample_size': 600, 'difference': -8, 'noise': 1, 'n': 60, 'shap_error': 0.359010232488484, 'shap_norm_sq': 5.407976064110045}
{'sample_size': 600, 'difference': 18, 'noise': 0.0005, 'n': 60, 'shap_error': 0.0030226216285619933, 'shap_norm_sq': 7.477124728176402}
{'sample_size': 600, 'difference': -44, 'noise': 0.001, 'n': 60, 'shap_error': 0.0031798987577326895, 'shap_norm_sq': 7.477124728176402}
{'sample_size': 600, 'difference': 62, 'noise': 0.005, 'n': 60, 'shap_error': 0.0025361601742795487, 'shap_norm_sq': 7.477124728176402}
{'sample_size': 600, 'difference': 12, 'noise': 0.01, 'n': 60, 'shap_error': 0.0035047110994966112, 'shap_norm_sq': 7.477124728176402}
{'sample_size': 600, 'difference': 28, 'noise': 0.05, 'n': 60, 'shap_error': 0.003780205674956582, 'shap_norm_sq': 7.477124728176402}
{'sample_size': 600, 'difference': -20, 'noise': 0.1, 'n': 60, 'shap_error': 0.004084535569902591, 'shap_norm_sq': 7.477124728176402}
{'sample_size': 600, 'difference': -6, 'noise': 0.5, 'n': 60, 'shap_error': 0.05913337565665614, 'shap_norm_sq': 7.477124728176402}
{'sample_size': 600, 'difference': -38, 'noise': 1, 'n': 60, 'shap_error': 0.2353881117862312, 'shap_norm_sq': 7.477124728176402}
{'sample_size': 600, 'difference': -14, 'noise': 0.0005, 'n': 60, 'shap_error': 0.0049793671972267585, 'shap_norm_sq': 5.3821000672537265}
{'sample_size': 600, 'difference': 58, 'noise': 0.001, 'n': 60, 'shap_error': 0.003960898257001051, 'shap_norm_sq': 5.3821000672537265}
{'sample_size': 600, 'difference': -66, 'noise': 0.005, 'n': 60, 'shap_error': 0.005735033564223841, 'shap_norm_sq': 5.3821000672537265}
{'sample_size': 600, 'difference': 14, 'noise': 0.01, 'n': 60, 'shap_error': 0.004193474073400949, 'shap_norm_sq': 5.3821000672537265}
{'sample_size': 600, 'difference': 0, 'noise': 0.05, 'n': 60, 'shap_error': 0.003630569403605264, 'shap_norm_sq': 5.3821000672537265}
{'sample_size': 600, 'difference': 4, 'noise': 0.1, 'n': 60, 'shap_error': 0.010288967208816075, 'shap_norm_sq': 5.3821000672537265}
{'sample_size': 600, 'difference': -92, 'noise': 0.5, 'n': 60, 'shap_error': 0.07861548693400078, 'shap_norm_sq': 5.3821000672537265}
{'sample_size': 600, 'difference': -6, 'noise': 1, 'n': 60, 'shap_error': 0.3390648484725876, 'shap_norm_sq': 5.3821000672537265}
{'sample_size': 600, 'difference': 6, 'noise': 0.0005, 'n': 60, 'shap_error': 0.006393219700831378, 'shap_norm_sq': 3.019764463476448}
{'sample_size': 600, 'difference': -12, 'noise': 0.001, 'n': 60, 'shap_error': 0.006886963955338, 'shap_norm_sq': 3.019764463476448}
{'sample_size': 600, 'difference': 10, 'noise': 0.005, 'n': 60, 'shap_error': 0.005695957484349043, 'shap_norm_sq': 3.019764463476448}
{'sample_size': 600, 'difference': -62, 'noise': 0.01, 'n': 60, 'shap_error': 0.006103381737452178, 'shap_norm_sq': 3.019764463476448}
{'sample_size': 600, 'difference': 20, 'noise': 0.05, 'n': 60, 'shap_error': 0.005189859406096433, 'shap_norm_sq': 3.019764463476448}
{'sample_size': 600, 'difference': -88, 'noise': 0.1, 'n': 60, 'shap_error': 0.010597768859757647, 'shap_norm_sq': 3.019764463476448}
{'sample_size': 600, 'difference': -2, 'noise': 0.5, 'n': 60, 'shap_error': 0.10758644591883133, 'shap_norm_sq': 3.019764463476448}
{'sample_size': 600, 'difference': -26, 'noise': 1, 'n': 60, 'shap_error': 0.342375686828112, 'shap_norm_sq': 3.019764463476448}
{'sample_size': 600, 'difference': -20, 'noise': 0.0005, 'n': 60, 'shap_error': 0.0014062761899935566, 'shap_norm_sq': 5.514538739784413}
{'sample_size': 600, 'difference': 24, 'noise': 0.001, 'n': 60, 'shap_error': 0.0020742326377041335, 'shap_norm_sq': 5.514538739784413}
{'sample_size': 600, 'difference': 4, 'noise': 0.005, 'n': 60, 'shap_error': 0.0019651466137849266, 'shap_norm_sq': 5.514538739784413}
{'sample_size': 600, 'difference': 8, 'noise': 0.01, 'n': 60, 'shap_error': 0.0012350686255335054, 'shap_norm_sq': 5.514538739784413}
{'sample_size': 600, 'difference': -52, 'noise': 0.05, 'n': 60, 'shap_error': 0.0026882842525912834, 'shap_norm_sq': 5.514538739784413}
{'sample_size': 600, 'difference': -12, 'noise': 0.1, 'n': 60, 'shap_error': 0.005108048632304106, 'shap_norm_sq': 5.514538739784413}
{'sample_size': 600, 'difference': -44, 'noise': 0.5, 'n': 60, 'shap_error': 0.08164372072140354, 'shap_norm_sq': 5.514538739784413}
{'sample_size': 600, 'difference': -22, 'noise': 1, 'n': 60, 'shap_error': 0.32731897988711073, 'shap_norm_sq': 5.514538739784413}
{'sample_size': 600, 'difference': -2, 'noise': 0.0005, 'n': 60, 'shap_error': 0.00972818001910724, 'shap_norm_sq': 2.7407092898068885}
{'sample_size': 600, 'difference': -60, 'noise': 0.001, 'n': 60, 'shap_error': 0.01549980758035385, 'shap_norm_sq': 2.7407092898068885}
{'sample_size': 600, 'difference': -16, 'noise': 0.005, 'n': 60, 'shap_error': 0.012580951241201168, 'shap_norm_sq': 2.7407092898068885}
{'sample_size': 600, 'difference': 4, 'noise': 0.01, 'n': 60, 'shap_error': 0.011713736785794121, 'shap_norm_sq': 2.7407092898068885}
{'sample_size': 600, 'difference': -2, 'noise': 0.05, 'n': 60, 'shap_error': 0.01207848733417982, 'shap_norm_sq': 2.7407092898068885}
{'sample_size': 600, 'difference': -6, 'noise': 0.1, 'n': 60, 'shap_error': 0.013895421899003042, 'shap_norm_sq': 2.7407092898068885}
{'sample_size': 600, 'difference': -12, 'noise': 0.5, 'n': 60, 'shap_error': 0.11707495028537726, 'shap_norm_sq': 2.7407092898068885}
{'sample_size': 600, 'difference': 2, 'noise': 1, 'n': 60, 'shap_error': 0.395649470827093, 'shap_norm_sq': 2.7407092898068885}
{'sample_size': 600, 'difference': 40, 'noise': 0.0005, 'n': 60, 'shap_error': 3.5356033105791164e-05, 'shap_norm_sq': 2.72373910298738}
{'sample_size': 600, 'difference': 26, 'noise': 0.001, 'n': 60, 'shap_error': 2.644567772012678e-05, 'shap_norm_sq': 2.72373910298738}
{'sample_size': 600, 'difference': -44, 'noise': 0.005, 'n': 60, 'shap_error': 7.16978505633541e-05, 'shap_norm_sq': 2.72373910298738}
{'sample_size': 600, 'difference': 50, 'noise': 0.01, 'n': 60, 'shap_error': 0.00013257264281848897, 'shap_norm_sq': 2.72373910298738}
{'sample_size': 600, 'difference': -42, 'noise': 0.05, 'n': 60, 'shap_error': 0.0021515599016422916, 'shap_norm_sq': 2.72373910298738}
{'sample_size': 600, 'difference': 20, 'noise': 0.1, 'n': 60, 'shap_error': 0.010136621888399547, 'shap_norm_sq': 2.72373910298738}
{'sample_size': 600, 'difference': -12, 'noise': 0.5, 'n': 60, 'shap_error': 0.21572734261408327, 'shap_norm_sq': 2.72373910298738}
{'sample_size': 600, 'difference': -40, 'noise': 1, 'n': 60, 'shap_error': 0.9041957590290292, 'shap_norm_sq': 2.72373910298738}
{'sample_size': 600, 'difference': -58, 'noise': 0.0005, 'n': 60, 'shap_error': 0.005591548701956452, 'shap_norm_sq': 2.3946212505736986}
{'sample_size': 600, 'difference': 18, 'noise': 0.001, 'n': 60, 'shap_error': 0.004965319712295905, 'shap_norm_sq': 2.3946212505736986}
{'sample_size': 600, 'difference': 4, 'noise': 0.005, 'n': 60, 'shap_error': 0.005604939870749502, 'shap_norm_sq': 2.3946212505736986}
{'sample_size': 600, 'difference': 16, 'noise': 0.01, 'n': 60, 'shap_error': 0.0038687974462184647, 'shap_norm_sq': 2.3946212505736986}
{'sample_size': 600, 'difference': -6, 'noise': 0.05, 'n': 60, 'shap_error': 0.007121464011631298, 'shap_norm_sq': 2.3946212505736986}
{'sample_size': 600, 'difference': -34, 'noise': 0.1, 'n': 60, 'shap_error': 0.011838478126536947, 'shap_norm_sq': 2.3946212505736986}
{'sample_size': 600, 'difference': -2, 'noise': 0.5, 'n': 60, 'shap_error': 0.15551367921442769, 'shap_norm_sq': 2.3946212505736986}
{'sample_size': 600, 'difference': -46, 'noise': 1, 'n': 60, 'shap_error': 0.43205120301488603, 'shap_norm_sq': 2.3946212505736986}
{'sample_size': 600, 'difference': -26, 'noise': 0.0005, 'n': 60, 'shap_error': 0.005508632030201516, 'shap_norm_sq': 3.611813914653576}
{'sample_size': 600, 'difference': -30, 'noise': 0.001, 'n': 60, 'shap_error': 0.004761799821226674, 'shap_norm_sq': 3.611813914653576}
{'sample_size': 600, 'difference': -16, 'noise': 0.005, 'n': 60, 'shap_error': 0.006490573030215821, 'shap_norm_sq': 3.611813914653576}
{'sample_size': 600, 'difference': -2, 'noise': 0.01, 'n': 60, 'shap_error': 0.00439580176671199, 'shap_norm_sq': 3.611813914653576}
{'sample_size': 600, 'difference': 16, 'noise': 0.05, 'n': 60, 'shap_error': 0.00663678920186778, 'shap_norm_sq': 3.611813914653576}
{'sample_size': 600, 'difference': -56, 'noise': 0.1, 'n': 60, 'shap_error': 0.00644982733213298, 'shap_norm_sq': 3.611813914653576}
{'sample_size': 600, 'difference': -2, 'noise': 0.5, 'n': 60, 'shap_error': 0.06249410643707749, 'shap_norm_sq': 3.611813914653576}
{'sample_size': 600, 'difference': -72, 'noise': 1, 'n': 60, 'shap_error': 0.3632860468802423, 'shap_norm_sq': 3.611813914653576}
{'sample_size': 600, 'difference': -30, 'noise': 0.0005, 'n': 60, 'shap_error': 0.006588942928884004, 'shap_norm_sq': 6.110289679220796}
{'sample_size': 600, 'difference': 24, 'noise': 0.001, 'n': 60, 'shap_error': 0.005334313268066145, 'shap_norm_sq': 6.110289679220796}
{'sample_size': 600, 'difference': -52, 'noise': 0.005, 'n': 60, 'shap_error': 0.006436191230783852, 'shap_norm_sq': 6.110289679220796}
{'sample_size': 600, 'difference': -34, 'noise': 0.01, 'n': 60, 'shap_error': 0.004575125305691349, 'shap_norm_sq': 6.110289679220796}
{'sample_size': 600, 'difference': -34, 'noise': 0.05, 'n': 60, 'shap_error': 0.009626126662222822, 'shap_norm_sq': 6.110289679220796}
{'sample_size': 600, 'difference': -24, 'noise': 0.1, 'n': 60, 'shap_error': 0.012114759418361076, 'shap_norm_sq': 6.110289679220796}
{'sample_size': 600, 'difference': 96, 'noise': 0.5, 'n': 60, 'shap_error': 0.12129954965547006, 'shap_norm_sq': 6.110289679220796}
{'sample_size': 600, 'difference': 58, 'noise': 1, 'n': 60, 'shap_error': 0.3970654188575905, 'shap_norm_sq': 6.110289679220796}
{'sample_size': 600, 'difference': 40, 'noise': 0.0005, 'n': 60, 'shap_error': 0.005237596363106234, 'shap_norm_sq': 4.939908414866903}
{'sample_size': 600, 'difference': -6, 'noise': 0.001, 'n': 60, 'shap_error': 0.005622242431217815, 'shap_norm_sq': 4.939908414866903}
{'sample_size': 600, 'difference': 8, 'noise': 0.005, 'n': 60, 'shap_error': 0.004459581645253978, 'shap_norm_sq': 4.939908414866903}
{'sample_size': 600, 'difference': 26, 'noise': 0.01, 'n': 60, 'shap_error': 0.006715011363524717, 'shap_norm_sq': 4.939908414866903}
{'sample_size': 600, 'difference': 4, 'noise': 0.05, 'n': 60, 'shap_error': 0.007484568071581646, 'shap_norm_sq': 4.939908414866903}
{'sample_size': 600, 'difference': -4, 'noise': 0.1, 'n': 60, 'shap_error': 0.008590551479884951, 'shap_norm_sq': 4.939908414866903}
{'sample_size': 600, 'difference': 0, 'noise': 0.5, 'n': 60, 'shap_error': 0.05622048211521854, 'shap_norm_sq': 4.939908414866903}
{'sample_size': 600, 'difference': 4, 'noise': 1, 'n': 60, 'shap_error': 0.20648266141780436, 'shap_norm_sq': 4.939908414866903}
{'sample_size': 600, 'difference': 26, 'noise': 0.0005, 'n': 60, 'shap_error': 0.004139555818214837, 'shap_norm_sq': 4.140214548234926}
{'sample_size': 600, 'difference': 8, 'noise': 0.001, 'n': 60, 'shap_error': 0.004281060409388375, 'shap_norm_sq': 4.140214548234926}
{'sample_size': 600, 'difference': -44, 'noise': 0.005, 'n': 60, 'shap_error': 0.007314309529654128, 'shap_norm_sq': 4.140214548234926}
{'sample_size': 600, 'difference': 38, 'noise': 0.01, 'n': 60, 'shap_error': 0.0044850734872831375, 'shap_norm_sq': 4.140214548234926}
{'sample_size': 600, 'difference': -32, 'noise': 0.05, 'n': 60, 'shap_error': 0.01139751273075763, 'shap_norm_sq': 4.140214548234926}
{'sample_size': 600, 'difference': -22, 'noise': 0.1, 'n': 60, 'shap_error': 0.012310662172739342, 'shap_norm_sq': 4.140214548234926}
{'sample_size': 600, 'difference': -4, 'noise': 0.5, 'n': 60, 'shap_error': 0.11642000375072813, 'shap_norm_sq': 4.140214548234926}
{'sample_size': 600, 'difference': -98, 'noise': 1, 'n': 60, 'shap_error': 1.2686061736694383, 'shap_norm_sq': 4.140214548234926}
{'sample_size': 600, 'difference': -4, 'noise': 0.0005, 'n': 60, 'shap_error': 0.00028995157698873656, 'shap_norm_sq': 2.594574315662022}
{'sample_size': 600, 'difference': -42, 'noise': 0.001, 'n': 60, 'shap_error': 0.0003854502866289152, 'shap_norm_sq': 2.594574315662022}
{'sample_size': 600, 'difference': 40, 'noise': 0.005, 'n': 60, 'shap_error': 0.00020483179143282722, 'shap_norm_sq': 2.594574315662022}
{'sample_size': 600, 'difference': 38, 'noise': 0.01, 'n': 60, 'shap_error': 0.0003364207201812462, 'shap_norm_sq': 2.594574315662022}
{'sample_size': 600, 'difference': -14, 'noise': 0.05, 'n': 60, 'shap_error': 0.001717500921737163, 'shap_norm_sq': 2.594574315662022}
{'sample_size': 600, 'difference': 8, 'noise': 0.1, 'n': 60, 'shap_error': 0.008393135242802515, 'shap_norm_sq': 2.594574315662022}
{'sample_size': 600, 'difference': 14, 'noise': 0.5, 'n': 60, 'shap_error': 0.1539966299110555, 'shap_norm_sq': 2.594574315662022}
{'sample_size': 600, 'difference': -24, 'noise': 1, 'n': 60, 'shap_error': 0.8551422712250053, 'shap_norm_sq': 2.594574315662022}
{'sample_size': 600, 'difference': -32, 'noise': 0.0005, 'n': 60, 'shap_error': 0.014384910679041322, 'shap_norm_sq': 2.4716292273318894}
{'sample_size': 600, 'difference': 14, 'noise': 0.001, 'n': 60, 'shap_error': 0.00967891227936546, 'shap_norm_sq': 2.4716292273318894}
{'sample_size': 600, 'difference': -22, 'noise': 0.005, 'n': 60, 'shap_error': 0.009409087297870454, 'shap_norm_sq': 2.4716292273318894}
{'sample_size': 600, 'difference': 0, 'noise': 0.01, 'n': 60, 'shap_error': 0.005955268008367341, 'shap_norm_sq': 2.4716292273318894}
{'sample_size': 600, 'difference': 34, 'noise': 0.05, 'n': 60, 'shap_error': 0.008589390813929386, 'shap_norm_sq': 2.4716292273318894}
{'sample_size': 600, 'difference': 72, 'noise': 0.1, 'n': 60, 'shap_error': 0.014934596105349727, 'shap_norm_sq': 2.4716292273318894}
{'sample_size': 600, 'difference': -28, 'noise': 0.5, 'n': 60, 'shap_error': 0.16516365321102083, 'shap_norm_sq': 2.4716292273318894}
{'sample_size': 600, 'difference': -14, 'noise': 1, 'n': 60, 'shap_error': 0.8172667444490035, 'shap_norm_sq': 2.4716292273318894}
{'sample_size': 600, 'difference': -40, 'noise': 0.0005, 'n': 60, 'shap_error': 0.0002602121828614047, 'shap_norm_sq': 2.2938318600579644}
{'sample_size': 600, 'difference': -52, 'noise': 0.001, 'n': 60, 'shap_error': 0.0003566958498185704, 'shap_norm_sq': 2.2938318600579644}
{'sample_size': 600, 'difference': 2, 'noise': 0.005, 'n': 60, 'shap_error': 0.00028462905194417417, 'shap_norm_sq': 2.2938318600579644}
{'sample_size': 600, 'difference': -64, 'noise': 0.01, 'n': 60, 'shap_error': 0.0007000890133442902, 'shap_norm_sq': 2.2938318600579644}
{'sample_size': 600, 'difference': -62, 'noise': 0.05, 'n': 60, 'shap_error': 0.0008763657802419241, 'shap_norm_sq': 2.2938318600579644}
{'sample_size': 600, 'difference': 16, 'noise': 0.1, 'n': 60, 'shap_error': 0.0037201648950612024, 'shap_norm_sq': 2.2938318600579644}
{'sample_size': 600, 'difference': 4, 'noise': 0.5, 'n': 60, 'shap_error': 0.10355152186162782, 'shap_norm_sq': 2.2938318600579644}
{'sample_size': 600, 'difference': -24, 'noise': 1, 'n': 60, 'shap_error': 0.38824288082857517, 'shap_norm_sq': 2.2938318600579644}
{'sample_size': 600, 'difference': -16, 'noise': 0.0005, 'n': 60, 'shap_error': 0.013331043585401036, 'shap_norm_sq': 3.501341715022203}
{'sample_size': 600, 'difference': -12, 'noise': 0.001, 'n': 60, 'shap_error': 0.011137065113057615, 'shap_norm_sq': 3.501341715022203}
{'sample_size': 600, 'difference': -58, 'noise': 0.005, 'n': 60, 'shap_error': 0.010050887109180829, 'shap_norm_sq': 3.501341715022203}
{'sample_size': 600, 'difference': 8, 'noise': 0.01, 'n': 60, 'shap_error': 0.014496673739782697, 'shap_norm_sq': 3.501341715022203}
{'sample_size': 600, 'difference': -48, 'noise': 0.05, 'n': 60, 'shap_error': 0.01845440424497845, 'shap_norm_sq': 3.501341715022203}
{'sample_size': 600, 'difference': 18, 'noise': 0.1, 'n': 60, 'shap_error': 0.020696042106493368, 'shap_norm_sq': 3.501341715022203}
{'sample_size': 600, 'difference': 24, 'noise': 0.5, 'n': 60, 'shap_error': 0.19664753795960535, 'shap_norm_sq': 3.501341715022203}
{'sample_size': 600, 'difference': -6, 'noise': 1, 'n': 60, 'shap_error': 0.7992193760210162, 'shap_norm_sq': 3.501341715022203}
{'sample_size': 600, 'difference': 14, 'noise': 0.0005, 'n': 60, 'shap_error': 0.007338900551314248, 'shap_norm_sq': 5.842968256389947}
{'sample_size': 600, 'difference': -26, 'noise': 0.001, 'n': 60, 'shap_error': 0.008441086585645843, 'shap_norm_sq': 5.842968256389947}
{'sample_size': 600, 'difference': -46, 'noise': 0.005, 'n': 60, 'shap_error': 0.009898316699347825, 'shap_norm_sq': 5.842968256389947}
{'sample_size': 600, 'difference': 20, 'noise': 0.01, 'n': 60, 'shap_error': 0.011275057622221075, 'shap_norm_sq': 5.842968256389947}
{'sample_size': 600, 'difference': -66, 'noise': 0.05, 'n': 60, 'shap_error': 0.013216608297781419, 'shap_norm_sq': 5.842968256389947}
{'sample_size': 600, 'difference': -46, 'noise': 0.1, 'n': 60, 'shap_error': 0.012879411786673471, 'shap_norm_sq': 5.842968256389947}
{'sample_size': 600, 'difference': -40, 'noise': 0.5, 'n': 60, 'shap_error': 0.08274674409577612, 'shap_norm_sq': 5.842968256389947}
{'sample_size': 600, 'difference': 64, 'noise': 1, 'n': 60, 'shap_error': 0.25193383950142656, 'shap_norm_sq': 5.842968256389947}
{'sample_size': 600, 'difference': -44, 'noise': 0.0005, 'n': 60, 'shap_error': 0.0032106626046996397, 'shap_norm_sq': 3.337841614193706}
{'sample_size': 600, 'difference': -4, 'noise': 0.001, 'n': 60, 'shap_error': 0.0015871080543228028, 'shap_norm_sq': 3.337841614193706}
{'sample_size': 600, 'difference': -76, 'noise': 0.005, 'n': 60, 'shap_error': 0.002419765247666752, 'shap_norm_sq': 3.337841614193706}
{'sample_size': 600, 'difference': -14, 'noise': 0.01, 'n': 60, 'shap_error': 0.0016792497264148576, 'shap_norm_sq': 3.337841614193706}
{'sample_size': 600, 'difference': -20, 'noise': 0.05, 'n': 60, 'shap_error': 0.004214378837592864, 'shap_norm_sq': 3.337841614193706}
{'sample_size': 600, 'difference': -28, 'noise': 0.1, 'n': 60, 'shap_error': 0.006490137184952785, 'shap_norm_sq': 3.337841614193706}
{'sample_size': 600, 'difference': 42, 'noise': 0.5, 'n': 60, 'shap_error': 0.1844227351204592, 'shap_norm_sq': 3.337841614193706}
{'sample_size': 600, 'difference': 12, 'noise': 1, 'n': 60, 'shap_error': 0.5726860775243525, 'shap_norm_sq': 3.337841614193706}
{'sample_size': 600, 'difference': -2, 'noise': 0.0005, 'n': 60, 'shap_error': 0.0024297676899178128, 'shap_norm_sq': 4.828759238028076}
{'sample_size': 600, 'difference': -32, 'noise': 0.001, 'n': 60, 'shap_error': 0.002789435600562684, 'shap_norm_sq': 4.828759238028076}
{'sample_size': 600, 'difference': 14, 'noise': 0.005, 'n': 60, 'shap_error': 0.0021843521862042682, 'shap_norm_sq': 4.828759238028076}
{'sample_size': 600, 'difference': 44, 'noise': 0.01, 'n': 60, 'shap_error': 0.001933529114207855, 'shap_norm_sq': 4.828759238028076}
{'sample_size': 600, 'difference': 24, 'noise': 0.05, 'n': 60, 'shap_error': 0.003189933274726104, 'shap_norm_sq': 4.828759238028076}
{'sample_size': 600, 'difference': -46, 'noise': 0.1, 'n': 60, 'shap_error': 0.006627031389239033, 'shap_norm_sq': 4.828759238028076}
{'sample_size': 600, 'difference': -6, 'noise': 0.5, 'n': 60, 'shap_error': 0.07110656983934707, 'shap_norm_sq': 4.828759238028076}
{'sample_size': 600, 'difference': -78, 'noise': 1, 'n': 60, 'shap_error': 0.44726682668743717, 'shap_norm_sq': 4.828759238028076}
{'sample_size': 600, 'difference': -20, 'noise': 0.0005, 'n': 60, 'shap_error': 0.013372461751148937, 'shap_norm_sq': 4.754704381466296}
{'sample_size': 600, 'difference': 62, 'noise': 0.001, 'n': 60, 'shap_error': 0.007371293356645606, 'shap_norm_sq': 4.754704381466296}
{'sample_size': 600, 'difference': 32, 'noise': 0.005, 'n': 60, 'shap_error': 0.011695517718675243, 'shap_norm_sq': 4.754704381466296}
{'sample_size': 600, 'difference': -30, 'noise': 0.01, 'n': 60, 'shap_error': 0.008630082237827777, 'shap_norm_sq': 4.754704381466296}
{'sample_size': 600, 'difference': 8, 'noise': 0.05, 'n': 60, 'shap_error': 0.013852931348502058, 'shap_norm_sq': 4.754704381466296}
{'sample_size': 600, 'difference': -4, 'noise': 0.1, 'n': 60, 'shap_error': 0.013015760485585627, 'shap_norm_sq': 4.754704381466296}
{'sample_size': 600, 'difference': -22, 'noise': 0.5, 'n': 60, 'shap_error': 0.3130843973510861, 'shap_norm_sq': 4.754704381466296}
{'sample_size': 600, 'difference': -26, 'noise': 1, 'n': 60, 'shap_error': 0.8512120624133096, 'shap_norm_sq': 4.754704381466296}
{'sample_size': 600, 'difference': -42, 'noise': 0.0005, 'n': 60, 'shap_error': 0.005584740933009384, 'shap_norm_sq': 5.050699731857153}
{'sample_size': 600, 'difference': 42, 'noise': 0.001, 'n': 60, 'shap_error': 0.005617719526248343, 'shap_norm_sq': 5.050699731857153}
{'sample_size': 600, 'difference': -14, 'noise': 0.005, 'n': 60, 'shap_error': 0.0072304757160008, 'shap_norm_sq': 5.050699731857153}
{'sample_size': 600, 'difference': 6, 'noise': 0.01, 'n': 60, 'shap_error': 0.006655144945922024, 'shap_norm_sq': 5.050699731857153}
{'sample_size': 600, 'difference': -18, 'noise': 0.05, 'n': 60, 'shap_error': 0.010020218438551809, 'shap_norm_sq': 5.050699731857153}
{'sample_size': 600, 'difference': 26, 'noise': 0.1, 'n': 60, 'shap_error': 0.009323537491264933, 'shap_norm_sq': 5.050699731857153}
{'sample_size': 600, 'difference': 50, 'noise': 0.5, 'n': 60, 'shap_error': 0.11812792200353506, 'shap_norm_sq': 5.050699731857153}
{'sample_size': 600, 'difference': -18, 'noise': 1, 'n': 60, 'shap_error': 0.49148453141633847, 'shap_norm_sq': 5.050699731857153}
{'sample_size': 600, 'difference': -16, 'noise': 0.0005, 'n': 60, 'shap_error': 0.001986732630323417, 'shap_norm_sq': 3.2353182230297977}
{'sample_size': 600, 'difference': -36, 'noise': 0.001, 'n': 60, 'shap_error': 0.002240732455313469, 'shap_norm_sq': 3.2353182230297977}
{'sample_size': 600, 'difference': 46, 'noise': 0.005, 'n': 60, 'shap_error': 0.0016476162298742869, 'shap_norm_sq': 3.2353182230297977}
{'sample_size': 600, 'difference': -4, 'noise': 0.01, 'n': 60, 'shap_error': 0.0022851288921004725, 'shap_norm_sq': 3.2353182230297977}
{'sample_size': 600, 'difference': 18, 'noise': 0.05, 'n': 60, 'shap_error': 0.0043511157145905985, 'shap_norm_sq': 3.2353182230297977}
{'sample_size': 600, 'difference': 12, 'noise': 0.1, 'n': 60, 'shap_error': 0.00599252129616491, 'shap_norm_sq': 3.2353182230297977}
{'sample_size': 600, 'difference': 8, 'noise': 0.5, 'n': 60, 'shap_error': 0.11192793586383434, 'shap_norm_sq': 3.2353182230297977}
{'sample_size': 600, 'difference': 26, 'noise': 1, 'n': 60, 'shap_error': 0.38862315665712455, 'shap_norm_sq': 3.2353182230297977}
{'sample_size': 600, 'difference': 12, 'noise': 0.0005, 'n': 60, 'shap_error': 0.010440309078820712, 'shap_norm_sq': 2.309799239147193}
{'sample_size': 600, 'difference': -12, 'noise': 0.001, 'n': 60, 'shap_error': 0.007272752384169422, 'shap_norm_sq': 2.309799239147193}
{'sample_size': 600, 'difference': -20, 'noise': 0.005, 'n': 60, 'shap_error': 0.00979279113598539, 'shap_norm_sq': 2.309799239147193}
{'sample_size': 600, 'difference': -62, 'noise': 0.01, 'n': 60, 'shap_error': 0.008097569329163057, 'shap_norm_sq': 2.309799239147193}
{'sample_size': 600, 'difference': 20, 'noise': 0.05, 'n': 60, 'shap_error': 0.012553751416465968, 'shap_norm_sq': 2.309799239147193}
{'sample_size': 600, 'difference': -34, 'noise': 0.1, 'n': 60, 'shap_error': 0.015546353387834878, 'shap_norm_sq': 2.309799239147193}
{'sample_size': 600, 'difference': 32, 'noise': 0.5, 'n': 60, 'shap_error': 0.13447192518712217, 'shap_norm_sq': 2.309799239147193}
{'sample_size': 600, 'difference': -16, 'noise': 1, 'n': 60, 'shap_error': 0.5377436621666747, 'shap_norm_sq': 2.309799239147193}
{'sample_size': 600, 'difference': -32, 'noise': 0.0005, 'n': 60, 'shap_error': 0.010108032931012713, 'shap_norm_sq': 2.8795654810491222}
{'sample_size': 600, 'difference': -36, 'noise': 0.001, 'n': 60, 'shap_error': 0.008633730214524515, 'shap_norm_sq': 2.8795654810491222}
{'sample_size': 600, 'difference': 10, 'noise': 0.005, 'n': 60, 'shap_error': 0.009390587659176945, 'shap_norm_sq': 2.8795654810491222}
{'sample_size': 600, 'difference': -52, 'noise': 0.01, 'n': 60, 'shap_error': 0.00928437627934171, 'shap_norm_sq': 2.8795654810491222}
{'sample_size': 600, 'difference': 4, 'noise': 0.05, 'n': 60, 'shap_error': 0.009984110858875657, 'shap_norm_sq': 2.8795654810491222}
{'sample_size': 600, 'difference': -20, 'noise': 0.1, 'n': 60, 'shap_error': 0.01205788552376268, 'shap_norm_sq': 2.8795654810491222}
{'sample_size': 600, 'difference': 30, 'noise': 0.5, 'n': 60, 'shap_error': 0.11130154220052728, 'shap_norm_sq': 2.8795654810491222}
{'sample_size': 600, 'difference': 50, 'noise': 1, 'n': 60, 'shap_error': 0.3859137068230847, 'shap_norm_sq': 2.8795654810491222}
{'sample_size': 600, 'difference': -20, 'noise': 0.0005, 'n': 60, 'shap_error': 0.006971168629541907, 'shap_norm_sq': 4.700157211327395}
{'sample_size': 600, 'difference': -32, 'noise': 0.001, 'n': 60, 'shap_error': 0.007359311490128617, 'shap_norm_sq': 4.700157211327395}
{'sample_size': 600, 'difference': -50, 'noise': 0.005, 'n': 60, 'shap_error': 0.007646071960521391, 'shap_norm_sq': 4.700157211327395}
{'sample_size': 600, 'difference': 12, 'noise': 0.01, 'n': 60, 'shap_error': 0.005144831023916715, 'shap_norm_sq': 4.700157211327395}
{'sample_size': 600, 'difference': -14, 'noise': 0.05, 'n': 60, 'shap_error': 0.007200179569034716, 'shap_norm_sq': 4.700157211327395}
{'sample_size': 600, 'difference': -66, 'noise': 0.1, 'n': 60, 'shap_error': 0.013200393640809379, 'shap_norm_sq': 4.700157211327395}
{'sample_size': 600, 'difference': 4, 'noise': 0.5, 'n': 60, 'shap_error': 0.08062884425265951, 'shap_norm_sq': 4.700157211327395}
{'sample_size': 600, 'difference': -30, 'noise': 1, 'n': 60, 'shap_error': 0.30767454459076043, 'shap_norm_sq': 4.700157211327395}
{'sample_size': 600, 'difference': -52, 'noise': 0.0005, 'n': 60, 'shap_error': 0.005432227169826247, 'shap_norm_sq': 4.542230419539009}
{'sample_size': 600, 'difference': -62, 'noise': 0.001, 'n': 60, 'shap_error': 0.006652665547476053, 'shap_norm_sq': 4.542230419539009}
{'sample_size': 600, 'difference': 50, 'noise': 0.005, 'n': 60, 'shap_error': 0.005881755789225507, 'shap_norm_sq': 4.542230419539009}
{'sample_size': 600, 'difference': -8, 'noise': 0.01, 'n': 60, 'shap_error': 0.0060603656813965415, 'shap_norm_sq': 4.542230419539009}
{'sample_size': 600, 'difference': -4, 'noise': 0.05, 'n': 60, 'shap_error': 0.0074183614044682844, 'shap_norm_sq': 4.542230419539009}
{'sample_size': 600, 'difference': -48, 'noise': 0.1, 'n': 60, 'shap_error': 0.010141453540989484, 'shap_norm_sq': 4.542230419539009}
{'sample_size': 600, 'difference': -50, 'noise': 0.5, 'n': 60, 'shap_error': 0.11662198399342502, 'shap_norm_sq': 4.542230419539009}
{'sample_size': 600, 'difference': 8, 'noise': 1, 'n': 60, 'shap_error': 0.3182301208860848, 'shap_norm_sq': 4.542230419539009}
{'sample_size': 600, 'difference': 30, 'noise': 0.0005, 'n': 60, 'shap_error': 0.012025289409303046, 'shap_norm_sq': 3.7438826940305447}
{'sample_size': 600, 'difference': -50, 'noise': 0.001, 'n': 60, 'shap_error': 0.01148876797687905, 'shap_norm_sq': 3.7438826940305447}
{'sample_size': 600, 'difference': 6, 'noise': 0.005, 'n': 60, 'shap_error': 0.013000595020664864, 'shap_norm_sq': 3.7438826940305447}
{'sample_size': 600, 'difference': 34, 'noise': 0.01, 'n': 60, 'shap_error': 0.015227110656973061, 'shap_norm_sq': 3.7438826940305447}
{'sample_size': 600, 'difference': -6, 'noise': 0.05, 'n': 60, 'shap_error': 0.017239060720950137, 'shap_norm_sq': 3.7438826940305447}
{'sample_size': 600, 'difference': -14, 'noise': 0.1, 'n': 60, 'shap_error': 0.0316768640916598, 'shap_norm_sq': 3.7438826940305447}
{'sample_size': 600, 'difference': 12, 'noise': 0.5, 'n': 60, 'shap_error': 0.3110373675107751, 'shap_norm_sq': 3.7438826940305447}
{'sample_size': 600, 'difference': -34, 'noise': 1, 'n': 60, 'shap_error': 1.4213612064462613, 'shap_norm_sq': 3.7438826940305447}
{'sample_size': 600, 'difference': -22, 'noise': 0.0005, 'n': 60, 'shap_error': 0.001611310273070173, 'shap_norm_sq': 1.8045245475002565}
{'sample_size': 600, 'difference': -16, 'noise': 0.001, 'n': 60, 'shap_error': 0.0018284480678482336, 'shap_norm_sq': 1.8045245475002565}
{'sample_size': 600, 'difference': 28, 'noise': 0.005, 'n': 60, 'shap_error': 0.0014913727410196542, 'shap_norm_sq': 1.8045245475002565}
{'sample_size': 600, 'difference': -54, 'noise': 0.01, 'n': 60, 'shap_error': 0.0015308005622229027, 'shap_norm_sq': 1.8045245475002565}
{'sample_size': 600, 'difference': -24, 'noise': 0.05, 'n': 60, 'shap_error': 0.0033923561860034496, 'shap_norm_sq': 1.8045245475002565}
{'sample_size': 600, 'difference': -26, 'noise': 0.1, 'n': 60, 'shap_error': 0.007421181594240396, 'shap_norm_sq': 1.8045245475002565}
{'sample_size': 600, 'difference': 8, 'noise': 0.5, 'n': 60, 'shap_error': 0.150416036540975, 'shap_norm_sq': 1.8045245475002565}
{'sample_size': 600, 'difference': -4, 'noise': 1, 'n': 60, 'shap_error': 0.6836594503743623, 'shap_norm_sq': 1.8045245475002565}
{'sample_size': 600, 'difference': -14, 'noise': 0.0005, 'n': 60, 'shap_error': 0.008130631435772539, 'shap_norm_sq': 4.670767907493888}
{'sample_size': 600, 'difference': -20, 'noise': 0.001, 'n': 60, 'shap_error': 0.008599080567487321, 'shap_norm_sq': 4.670767907493888}
{'sample_size': 600, 'difference': 66, 'noise': 0.005, 'n': 60, 'shap_error': 0.005965680081531648, 'shap_norm_sq': 4.670767907493888}
{'sample_size': 600, 'difference': -18, 'noise': 0.01, 'n': 60, 'shap_error': 0.009578042952936109, 'shap_norm_sq': 4.670767907493888}
{'sample_size': 600, 'difference': -12, 'noise': 0.05, 'n': 60, 'shap_error': 0.007360856697748444, 'shap_norm_sq': 4.670767907493888}
{'sample_size': 600, 'difference': -70, 'noise': 0.1, 'n': 60, 'shap_error': 0.00992475538710317, 'shap_norm_sq': 4.670767907493888}
{'sample_size': 600, 'difference': 10, 'noise': 0.5, 'n': 60, 'shap_error': 0.18583222820739123, 'shap_norm_sq': 4.670767907493888}
{'sample_size': 600, 'difference': 4, 'noise': 1, 'n': 60, 'shap_error': 0.6990813666030723, 'shap_norm_sq': 4.670767907493888}
{'sample_size': 600, 'difference': -14, 'noise': 0.0005, 'n': 60, 'shap_error': 0.00908432743777445, 'shap_norm_sq': 3.4974771148925172}
{'sample_size': 600, 'difference': -48, 'noise': 0.001, 'n': 60, 'shap_error': 0.008218202172634585, 'shap_norm_sq': 3.4974771148925172}
{'sample_size': 600, 'difference': -2, 'noise': 0.005, 'n': 60, 'shap_error': 0.009461138840877733, 'shap_norm_sq': 3.4974771148925172}
{'sample_size': 600, 'difference': -48, 'noise': 0.01, 'n': 60, 'shap_error': 0.010213415874486865, 'shap_norm_sq': 3.4974771148925172}
{'sample_size': 600, 'difference': 30, 'noise': 0.05, 'n': 60, 'shap_error': 0.005914412282645315, 'shap_norm_sq': 3.4974771148925172}
{'sample_size': 600, 'difference': -22, 'noise': 0.1, 'n': 60, 'shap_error': 0.015226302814353762, 'shap_norm_sq': 3.4974771148925172}
{'sample_size': 600, 'difference': -46, 'noise': 0.5, 'n': 60, 'shap_error': 0.14544218001448908, 'shap_norm_sq': 3.4974771148925172}
{'sample_size': 600, 'difference': -32, 'noise': 1, 'n': 60, 'shap_error': 0.30567691980420447, 'shap_norm_sq': 3.4974771148925172}
{'sample_size': 600, 'difference': -44, 'noise': 0.0005, 'n': 60, 'shap_error': 0.012352940713556207, 'shap_norm_sq': 4.675516789318044}
{'sample_size': 600, 'difference': 10, 'noise': 0.001, 'n': 60, 'shap_error': 0.008162935613004837, 'shap_norm_sq': 4.675516789318044}
{'sample_size': 600, 'difference': -32, 'noise': 0.005, 'n': 60, 'shap_error': 0.010632295409244803, 'shap_norm_sq': 4.675516789318044}
{'sample_size': 600, 'difference': -2, 'noise': 0.01, 'n': 60, 'shap_error': 0.007601211565395755, 'shap_norm_sq': 4.675516789318044}
{'sample_size': 600, 'difference': 12, 'noise': 0.05, 'n': 60, 'shap_error': 0.008447492445365315, 'shap_norm_sq': 4.675516789318044}
{'sample_size': 600, 'difference': -34, 'noise': 0.1, 'n': 60, 'shap_error': 0.014980433208811192, 'shap_norm_sq': 4.675516789318044}
{'sample_size': 600, 'difference': 18, 'noise': 0.5, 'n': 60, 'shap_error': 0.2727320658816383, 'shap_norm_sq': 4.675516789318044}
{'sample_size': 600, 'difference': -16, 'noise': 1, 'n': 60, 'shap_error': 0.9840020012431347, 'shap_norm_sq': 4.675516789318044}
{'sample_size': 600, 'difference': -46, 'noise': 0.0005, 'n': 60, 'shap_error': 0.020439158206825618, 'shap_norm_sq': 4.751249512422579}
{'sample_size': 600, 'difference': -28, 'noise': 0.001, 'n': 60, 'shap_error': 0.012499246758997206, 'shap_norm_sq': 4.751249512422579}
{'sample_size': 600, 'difference': -38, 'noise': 0.005, 'n': 60, 'shap_error': 0.01256340794649763, 'shap_norm_sq': 4.751249512422579}
{'sample_size': 600, 'difference': -10, 'noise': 0.01, 'n': 60, 'shap_error': 0.0105221039203419, 'shap_norm_sq': 4.751249512422579}
{'sample_size': 600, 'difference': 8, 'noise': 0.05, 'n': 60, 'shap_error': 0.014007906439688411, 'shap_norm_sq': 4.751249512422579}
{'sample_size': 600, 'difference': -14, 'noise': 0.1, 'n': 60, 'shap_error': 0.009437036587437038, 'shap_norm_sq': 4.751249512422579}
{'sample_size': 600, 'difference': 26, 'noise': 0.5, 'n': 60, 'shap_error': 0.05885238136070712, 'shap_norm_sq': 4.751249512422579}
{'sample_size': 600, 'difference': -10, 'noise': 1, 'n': 60, 'shap_error': 0.2086827162208644, 'shap_norm_sq': 4.751249512422579}
{'sample_size': 600, 'difference': -16, 'noise': 0.0005, 'n': 60, 'shap_error': 0.005583067391036701, 'shap_norm_sq': 3.6686971187325956}
{'sample_size': 600, 'difference': -72, 'noise': 0.001, 'n': 60, 'shap_error': 0.007698473306533279, 'shap_norm_sq': 3.6686971187325956}
{'sample_size': 600, 'difference': -6, 'noise': 0.005, 'n': 60, 'shap_error': 0.006346828194072916, 'shap_norm_sq': 3.6686971187325956}
{'sample_size': 600, 'difference': -64, 'noise': 0.01, 'n': 60, 'shap_error': 0.0072668233892709665, 'shap_norm_sq': 3.6686971187325956}
{'sample_size': 600, 'difference': -6, 'noise': 0.05, 'n': 60, 'shap_error': 0.010621142055411712, 'shap_norm_sq': 3.6686971187325956}
{'sample_size': 600, 'difference': 14, 'noise': 0.1, 'n': 60, 'shap_error': 0.023453395956683592, 'shap_norm_sq': 3.6686971187325956}
{'sample_size': 600, 'difference': -38, 'noise': 0.5, 'n': 60, 'shap_error': 0.3889618448727226, 'shap_norm_sq': 3.6686971187325956}
{'sample_size': 600, 'difference': -30, 'noise': 1, 'n': 60, 'shap_error': 1.4758629938162322, 'shap_norm_sq': 3.6686971187325956}
{'sample_size': 600, 'difference': -44, 'noise': 0.0005, 'n': 60, 'shap_error': 0.006484377216363039, 'shap_norm_sq': 4.0459495174470375}
{'sample_size': 600, 'difference': -48, 'noise': 0.001, 'n': 60, 'shap_error': 0.005297259345205978, 'shap_norm_sq': 4.0459495174470375}
{'sample_size': 600, 'difference': -10, 'noise': 0.005, 'n': 60, 'shap_error': 0.0040592298191312924, 'shap_norm_sq': 4.0459495174470375}
{'sample_size': 600, 'difference': -42, 'noise': 0.01, 'n': 60, 'shap_error': 0.004207026923538915, 'shap_norm_sq': 4.0459495174470375}
{'sample_size': 600, 'difference': -72, 'noise': 0.05, 'n': 60, 'shap_error': 0.00590302624001127, 'shap_norm_sq': 4.0459495174470375}
{'sample_size': 600, 'difference': -26, 'noise': 0.1, 'n': 60, 'shap_error': 0.010146826556953838, 'shap_norm_sq': 4.0459495174470375}
{'sample_size': 600, 'difference': 40, 'noise': 0.5, 'n': 60, 'shap_error': 0.1114965077041745, 'shap_norm_sq': 4.0459495174470375}
{'sample_size': 600, 'difference': 6, 'noise': 1, 'n': 60, 'shap_error': 0.5372108005072819, 'shap_norm_sq': 4.0459495174470375}
{'sample_size': 600, 'difference': -20, 'noise': 0.0005, 'n': 60, 'shap_error': 0.004371381151886138, 'shap_norm_sq': 4.340282007973912}
{'sample_size': 600, 'difference': -8, 'noise': 0.001, 'n': 60, 'shap_error': 0.004260632007638286, 'shap_norm_sq': 4.340282007973912}
{'sample_size': 600, 'difference': 12, 'noise': 0.005, 'n': 60, 'shap_error': 0.0046096885794584515, 'shap_norm_sq': 4.340282007973912}
{'sample_size': 600, 'difference': -40, 'noise': 0.01, 'n': 60, 'shap_error': 0.005414237421225776, 'shap_norm_sq': 4.340282007973912}
{'sample_size': 600, 'difference': 22, 'noise': 0.05, 'n': 60, 'shap_error': 0.007257002477104266, 'shap_norm_sq': 4.340282007973912}
{'sample_size': 600, 'difference': -6, 'noise': 0.1, 'n': 60, 'shap_error': 0.006551143467769163, 'shap_norm_sq': 4.340282007973912}
{'sample_size': 600, 'difference': 18, 'noise': 0.5, 'n': 60, 'shap_error': 0.07001940416295432, 'shap_norm_sq': 4.340282007973912}
{'sample_size': 600, 'difference': 14, 'noise': 1, 'n': 60, 'shap_error': 0.2997124944288726, 'shap_norm_sq': 4.340282007973912}
{'sample_size': 600, 'difference': -12, 'noise': 0.0005, 'n': 60, 'shap_error': 0.0006201647478416772, 'shap_norm_sq': 2.6553083924317917}
{'sample_size': 600, 'difference': -18, 'noise': 0.001, 'n': 60, 'shap_error': 0.0007948949286758242, 'shap_norm_sq': 2.6553083924317917}
{'sample_size': 600, 'difference': -34, 'noise': 0.005, 'n': 60, 'shap_error': 0.0007454590820152936, 'shap_norm_sq': 2.6553083924317917}
{'sample_size': 600, 'difference': -4, 'noise': 0.01, 'n': 60, 'shap_error': 0.0006517727791948533, 'shap_norm_sq': 2.6553083924317917}
{'sample_size': 600, 'difference': -16, 'noise': 0.05, 'n': 60, 'shap_error': 0.0026217970719166436, 'shap_norm_sq': 2.6553083924317917}
{'sample_size': 600, 'difference': -68, 'noise': 0.1, 'n': 60, 'shap_error': 0.004604554497298092, 'shap_norm_sq': 2.6553083924317917}
{'sample_size': 600, 'difference': -40, 'noise': 0.5, 'n': 60, 'shap_error': 0.1223113419515506, 'shap_norm_sq': 2.6553083924317917}
{'sample_size': 600, 'difference': 26, 'noise': 1, 'n': 60, 'shap_error': 0.3773768498218184, 'shap_norm_sq': 2.6553083924317917}
{'sample_size': 600, 'difference': 44, 'noise': 0.0005, 'n': 60, 'shap_error': 0.00966325778611586, 'shap_norm_sq': 2.916143767737857}
{'sample_size': 600, 'difference': -26, 'noise': 0.001, 'n': 60, 'shap_error': 0.024242226055302026, 'shap_norm_sq': 2.916143767737857}
{'sample_size': 600, 'difference': -16, 'noise': 0.005, 'n': 60, 'shap_error': 0.013455125318361051, 'shap_norm_sq': 2.916143767737857}
{'sample_size': 600, 'difference': -34, 'noise': 0.01, 'n': 60, 'shap_error': 0.020631422724390554, 'shap_norm_sq': 2.916143767737857}
{'sample_size': 600, 'difference': -22, 'noise': 0.05, 'n': 60, 'shap_error': 0.00893656727273497, 'shap_norm_sq': 2.916143767737857}
{'sample_size': 600, 'difference': 22, 'noise': 0.1, 'n': 60, 'shap_error': 0.017575670562293956, 'shap_norm_sq': 2.916143767737857}
{'sample_size': 600, 'difference': 28, 'noise': 0.5, 'n': 60, 'shap_error': 0.07646962789064336, 'shap_norm_sq': 2.916143767737857}
{'sample_size': 600, 'difference': 36, 'noise': 1, 'n': 60, 'shap_error': 0.41486032908564585, 'shap_norm_sq': 2.916143767737857}
{'sample_size': 600, 'difference': -28, 'noise': 0.0005, 'n': 60, 'shap_error': 0.0026756613703127364, 'shap_norm_sq': 2.3690053478056274}
{'sample_size': 600, 'difference': -66, 'noise': 0.001, 'n': 60, 'shap_error': 0.002630619575169712, 'shap_norm_sq': 2.3690053478056274}
{'sample_size': 600, 'difference': -16, 'noise': 0.005, 'n': 60, 'shap_error': 0.0033935922802276687, 'shap_norm_sq': 2.3690053478056274}
{'sample_size': 600, 'difference': -14, 'noise': 0.01, 'n': 60, 'shap_error': 0.0033491846901233, 'shap_norm_sq': 2.3690053478056274}
{'sample_size': 600, 'difference': -18, 'noise': 0.05, 'n': 60, 'shap_error': 0.006588526109302938, 'shap_norm_sq': 2.3690053478056274}
{'sample_size': 600, 'difference': -14, 'noise': 0.1, 'n': 60, 'shap_error': 0.01027540752752999, 'shap_norm_sq': 2.3690053478056274}
{'sample_size': 600, 'difference': 8, 'noise': 0.5, 'n': 60, 'shap_error': 0.14084642309701093, 'shap_norm_sq': 2.3690053478056274}
{'sample_size': 600, 'difference': -64, 'noise': 1, 'n': 60, 'shap_error': 0.5613112927771605, 'shap_norm_sq': 2.3690053478056274}
{'sample_size': 600, 'difference': -16, 'noise': 0.0005, 'n': 60, 'shap_error': 0.023257395005030483, 'shap_norm_sq': 3.294540232459797}
{'sample_size': 600, 'difference': -44, 'noise': 0.001, 'n': 60, 'shap_error': 0.021434011096592803, 'shap_norm_sq': 3.294540232459797}
{'sample_size': 600, 'difference': 54, 'noise': 0.005, 'n': 60, 'shap_error': 0.02192856205343867, 'shap_norm_sq': 3.294540232459797}
{'sample_size': 600, 'difference': -18, 'noise': 0.01, 'n': 60, 'shap_error': 0.02452873383285781, 'shap_norm_sq': 3.294540232459797}
{'sample_size': 600, 'difference': 4, 'noise': 0.05, 'n': 60, 'shap_error': 0.01931061946542389, 'shap_norm_sq': 3.294540232459797}
{'sample_size': 600, 'difference': 26, 'noise': 0.1, 'n': 60, 'shap_error': 0.023595778116526186, 'shap_norm_sq': 3.294540232459797}
{'sample_size': 600, 'difference': -50, 'noise': 0.5, 'n': 60, 'shap_error': 0.1757395229574817, 'shap_norm_sq': 3.294540232459797}
{'sample_size': 600, 'difference': -2, 'noise': 1, 'n': 60, 'shap_error': 0.5676578041620081, 'shap_norm_sq': 3.294540232459797}
{'sample_size': 600, 'difference': -6, 'noise': 0.0005, 'n': 60, 'shap_error': 0.011540407855065089, 'shap_norm_sq': 4.876444241807037}
{'sample_size': 600, 'difference': 28, 'noise': 0.001, 'n': 60, 'shap_error': 0.006066823498276712, 'shap_norm_sq': 4.876444241807037}
{'sample_size': 600, 'difference': -80, 'noise': 0.005, 'n': 60, 'shap_error': 0.00843347797535457, 'shap_norm_sq': 4.876444241807037}
{'sample_size': 600, 'difference': -6, 'noise': 0.01, 'n': 60, 'shap_error': 0.007225274984013359, 'shap_norm_sq': 4.876444241807037}
{'sample_size': 600, 'difference': 24, 'noise': 0.05, 'n': 60, 'shap_error': 0.007181379455074933, 'shap_norm_sq': 4.876444241807037}
{'sample_size': 600, 'difference': 32, 'noise': 0.1, 'n': 60, 'shap_error': 0.008433448990481866, 'shap_norm_sq': 4.876444241807037}
{'sample_size': 600, 'difference': -30, 'noise': 0.5, 'n': 60, 'shap_error': 0.09914780732338663, 'shap_norm_sq': 4.876444241807037}
{'sample_size': 600, 'difference': 60, 'noise': 1, 'n': 60, 'shap_error': 0.32811053506156396, 'shap_norm_sq': 4.876444241807037}
{'sample_size': 600, 'difference': -42, 'noise': 0.0005, 'n': 60, 'shap_error': 0.004456762393238, 'shap_norm_sq': 6.732980184315414}
{'sample_size': 600, 'difference': -8, 'noise': 0.001, 'n': 60, 'shap_error': 0.006724563356241462, 'shap_norm_sq': 6.732980184315414}
{'sample_size': 600, 'difference': -40, 'noise': 0.005, 'n': 60, 'shap_error': 0.008131380582034966, 'shap_norm_sq': 6.732980184315414}
{'sample_size': 600, 'difference': -12, 'noise': 0.01, 'n': 60, 'shap_error': 0.00628839949354446, 'shap_norm_sq': 6.732980184315414}
{'sample_size': 600, 'difference': -40, 'noise': 0.05, 'n': 60, 'shap_error': 0.008268301962626927, 'shap_norm_sq': 6.732980184315414}
{'sample_size': 600, 'difference': 2, 'noise': 0.1, 'n': 60, 'shap_error': 0.007986645004800369, 'shap_norm_sq': 6.732980184315414}
{'sample_size': 600, 'difference': -4, 'noise': 0.5, 'n': 60, 'shap_error': 0.08083000552296711, 'shap_norm_sq': 6.732980184315414}
{'sample_size': 600, 'difference': -6, 'noise': 1, 'n': 60, 'shap_error': 0.24301386731844557, 'shap_norm_sq': 6.732980184315414}
{'sample_size': 600, 'difference': 48, 'noise': 0.0005, 'n': 60, 'shap_error': 0.01772206651600836, 'shap_norm_sq': 2.4164300950032915}
{'sample_size': 600, 'difference': -6, 'noise': 0.001, 'n': 60, 'shap_error': 0.02393525514604872, 'shap_norm_sq': 2.4164300950032915}
{'sample_size': 600, 'difference': -32, 'noise': 0.005, 'n': 60, 'shap_error': 0.029240018323333644, 'shap_norm_sq': 2.4164300950032915}
{'sample_size': 600, 'difference': -34, 'noise': 0.01, 'n': 60, 'shap_error': 0.019836209481461115, 'shap_norm_sq': 2.4164300950032915}
{'sample_size': 600, 'difference': 14, 'noise': 0.05, 'n': 60, 'shap_error': 0.0237035542789264, 'shap_norm_sq': 2.4164300950032915}
{'sample_size': 600, 'difference': -48, 'noise': 0.1, 'n': 60, 'shap_error': 0.03207301386934439, 'shap_norm_sq': 2.4164300950032915}
{'sample_size': 600, 'difference': -22, 'noise': 0.5, 'n': 60, 'shap_error': 0.17596586430033048, 'shap_norm_sq': 2.4164300950032915}
{'sample_size': 600, 'difference': -20, 'noise': 1, 'n': 60, 'shap_error': 0.6284900368894847, 'shap_norm_sq': 2.4164300950032915}
{'sample_size': 600, 'difference': -74, 'noise': 0.0005, 'n': 60, 'shap_error': 0.009619871636552157, 'shap_norm_sq': 4.440187607782474}
{'sample_size': 600, 'difference': 22, 'noise': 0.001, 'n': 60, 'shap_error': 0.006745334322526557, 'shap_norm_sq': 4.440187607782474}
{'sample_size': 600, 'difference': -64, 'noise': 0.005, 'n': 60, 'shap_error': 0.009705589180485547, 'shap_norm_sq': 4.440187607782474}
{'sample_size': 600, 'difference': 22, 'noise': 0.01, 'n': 60, 'shap_error': 0.005060616433459866, 'shap_norm_sq': 4.440187607782474}
{'sample_size': 600, 'difference': 32, 'noise': 0.05, 'n': 60, 'shap_error': 0.006304610773764021, 'shap_norm_sq': 4.440187607782474}
{'sample_size': 600, 'difference': -58, 'noise': 0.1, 'n': 60, 'shap_error': 0.015481021594862546, 'shap_norm_sq': 4.440187607782474}
{'sample_size': 600, 'difference': -28, 'noise': 0.5, 'n': 60, 'shap_error': 0.10165165397439277, 'shap_norm_sq': 4.440187607782474}
{'sample_size': 600, 'difference': -10, 'noise': 1, 'n': 60, 'shap_error': 0.3321203376105997, 'shap_norm_sq': 4.440187607782474}
{'sample_size': 600, 'difference': 24, 'noise': 0.0005, 'n': 60, 'shap_error': 0.00436491249274289, 'shap_norm_sq': 4.780593420985186}
{'sample_size': 600, 'difference': 40, 'noise': 0.001, 'n': 60, 'shap_error': 0.003006849793229722, 'shap_norm_sq': 4.780593420985186}
{'sample_size': 600, 'difference': 30, 'noise': 0.005, 'n': 60, 'shap_error': 0.004633840189560555, 'shap_norm_sq': 4.780593420985186}
{'sample_size': 600, 'difference': -12, 'noise': 0.01, 'n': 60, 'shap_error': 0.005954337428571571, 'shap_norm_sq': 4.780593420985186}
{'sample_size': 600, 'difference': -2, 'noise': 0.05, 'n': 60, 'shap_error': 0.0038671741039617256, 'shap_norm_sq': 4.780593420985186}
{'sample_size': 600, 'difference': -42, 'noise': 0.1, 'n': 60, 'shap_error': 0.008876034433093661, 'shap_norm_sq': 4.780593420985186}
{'sample_size': 600, 'difference': -2, 'noise': 0.5, 'n': 60, 'shap_error': 0.05649945654698787, 'shap_norm_sq': 4.780593420985186}
{'sample_size': 600, 'difference': -8, 'noise': 1, 'n': 60, 'shap_error': 0.3422102782677837, 'shap_norm_sq': 4.780593420985186}
{'sample_size': 600, 'difference': -20, 'noise': 0.0005, 'n': 60, 'shap_error': 0.012834832251178431, 'shap_norm_sq': 3.4664302113184635}
{'sample_size': 600, 'difference': -2, 'noise': 0.001, 'n': 60, 'shap_error': 0.007844225795538218, 'shap_norm_sq': 3.4664302113184635}
{'sample_size': 600, 'difference': 20, 'noise': 0.005, 'n': 60, 'shap_error': 0.005179019928131454, 'shap_norm_sq': 3.4664302113184635}
{'sample_size': 600, 'difference': 26, 'noise': 0.01, 'n': 60, 'shap_error': 0.007529187050219801, 'shap_norm_sq': 3.4664302113184635}
{'sample_size': 600, 'difference': -100, 'noise': 0.05, 'n': 60, 'shap_error': 0.007346178515343098, 'shap_norm_sq': 3.4664302113184635}
{'sample_size': 600, 'difference': -2, 'noise': 0.1, 'n': 60, 'shap_error': 0.00985844376636988, 'shap_norm_sq': 3.4664302113184635}
{'sample_size': 600, 'difference': -64, 'noise': 0.5, 'n': 60, 'shap_error': 0.11968112058434895, 'shap_norm_sq': 3.4664302113184635}
{'sample_size': 600, 'difference': -34, 'noise': 1, 'n': 60, 'shap_error': 0.4467035544675059, 'shap_norm_sq': 3.4664302113184635}
{'sample_size': 600, 'difference': 68, 'noise': 0.0005, 'n': 60, 'shap_error': 0.009258056279501518, 'shap_norm_sq': 3.948575514565576}
{'sample_size': 600, 'difference': 36, 'noise': 0.001, 'n': 60, 'shap_error': 0.012894883953761066, 'shap_norm_sq': 3.948575514565576}
{'sample_size': 600, 'difference': 2, 'noise': 0.005, 'n': 60, 'shap_error': 0.013224626525538923, 'shap_norm_sq': 3.948575514565576}
{'sample_size': 600, 'difference': 36, 'noise': 0.01, 'n': 60, 'shap_error': 0.010163937941062448, 'shap_norm_sq': 3.948575514565576}
{'sample_size': 600, 'difference': 6, 'noise': 0.05, 'n': 60, 'shap_error': 0.016115214218192047, 'shap_norm_sq': 3.948575514565576}
{'sample_size': 600, 'difference': 0, 'noise': 0.1, 'n': 60, 'shap_error': 0.01443012658137189, 'shap_norm_sq': 3.948575514565576}
{'sample_size': 600, 'difference': -8, 'noise': 0.5, 'n': 60, 'shap_error': 0.16799630301826804, 'shap_norm_sq': 3.948575514565576}
{'sample_size': 600, 'difference': 12, 'noise': 1, 'n': 60, 'shap_error': 0.46940512162360687, 'shap_norm_sq': 3.948575514565576}
{'sample_size': 600, 'difference': -46, 'noise': 0.0005, 'n': 60, 'shap_error': 0.006225558294453552, 'shap_norm_sq': 2.306323255299426}
{'sample_size': 600, 'difference': 36, 'noise': 0.001, 'n': 60, 'shap_error': 0.007536990178494306, 'shap_norm_sq': 2.306323255299426}
{'sample_size': 600, 'difference': 20, 'noise': 0.005, 'n': 60, 'shap_error': 0.004051706242582018, 'shap_norm_sq': 2.306323255299426}
{'sample_size': 600, 'difference': 14, 'noise': 0.01, 'n': 60, 'shap_error': 0.004670516076555592, 'shap_norm_sq': 2.306323255299426}
{'sample_size': 600, 'difference': 86, 'noise': 0.05, 'n': 60, 'shap_error': 0.004832130463610778, 'shap_norm_sq': 2.306323255299426}
{'sample_size': 600, 'difference': 18, 'noise': 0.1, 'n': 60, 'shap_error': 0.007792020305291385, 'shap_norm_sq': 2.306323255299426}
{'sample_size': 600, 'difference': -10, 'noise': 0.5, 'n': 60, 'shap_error': 0.15211728679498246, 'shap_norm_sq': 2.306323255299426}
{'sample_size': 600, 'difference': -84, 'noise': 1, 'n': 60, 'shap_error': 0.646538190345211, 'shap_norm_sq': 2.306323255299426}
{'sample_size': 600, 'difference': 16, 'noise': 0.0005, 'n': 60, 'shap_error': 0.0048143453136262745, 'shap_norm_sq': 2.58580965379253}
{'sample_size': 600, 'difference': -18, 'noise': 0.001, 'n': 60, 'shap_error': 0.00476850578392985, 'shap_norm_sq': 2.58580965379253}
{'sample_size': 600, 'difference': 4, 'noise': 0.005, 'n': 60, 'shap_error': 0.004161059643500405, 'shap_norm_sq': 2.58580965379253}
{'sample_size': 600, 'difference': 0, 'noise': 0.01, 'n': 60, 'shap_error': 0.005170564650217863, 'shap_norm_sq': 2.58580965379253}
{'sample_size': 600, 'difference': 0, 'noise': 0.05, 'n': 60, 'shap_error': 0.004628439951391428, 'shap_norm_sq': 2.58580965379253}
{'sample_size': 600, 'difference': -72, 'noise': 0.1, 'n': 60, 'shap_error': 0.0116502340894763, 'shap_norm_sq': 2.58580965379253}
{'sample_size': 600, 'difference': 14, 'noise': 0.5, 'n': 60, 'shap_error': 0.10214826495683643, 'shap_norm_sq': 2.58580965379253}
{'sample_size': 600, 'difference': 50, 'noise': 1, 'n': 60, 'shap_error': 0.423204754922456, 'shap_norm_sq': 2.58580965379253}
{'sample_size': 600, 'difference': -12, 'noise': 0.0005, 'n': 60, 'shap_error': 0.0037687783952347897, 'shap_norm_sq': 5.434010382695583}
{'sample_size': 600, 'difference': -14, 'noise': 0.001, 'n': 60, 'shap_error': 0.005266662660533964, 'shap_norm_sq': 5.434010382695583}
{'sample_size': 600, 'difference': 2, 'noise': 0.005, 'n': 60, 'shap_error': 0.0043685732254735345, 'shap_norm_sq': 5.434010382695583}
{'sample_size': 600, 'difference': 60, 'noise': 0.01, 'n': 60, 'shap_error': 0.006115343469736136, 'shap_norm_sq': 5.434010382695583}
{'sample_size': 600, 'difference': -44, 'noise': 0.05, 'n': 60, 'shap_error': 0.005655846095779909, 'shap_norm_sq': 5.434010382695583}
{'sample_size': 600, 'difference': 18, 'noise': 0.1, 'n': 60, 'shap_error': 0.005946987291032069, 'shap_norm_sq': 5.434010382695583}
{'sample_size': 600, 'difference': -8, 'noise': 0.5, 'n': 60, 'shap_error': 0.0897981929606444, 'shap_norm_sq': 5.434010382695583}
{'sample_size': 600, 'difference': -22, 'noise': 1, 'n': 60, 'shap_error': 0.3528307193195712, 'shap_norm_sq': 5.434010382695583}
{'sample_size': 600, 'difference': -22, 'noise': 0.0005, 'n': 60, 'shap_error': 0.004853211898806988, 'shap_norm_sq': 3.784486049504725}
{'sample_size': 600, 'difference': -62, 'noise': 0.001, 'n': 60, 'shap_error': 0.0038169500823508735, 'shap_norm_sq': 3.784486049504725}
{'sample_size': 600, 'difference': -74, 'noise': 0.005, 'n': 60, 'shap_error': 0.005799144162781907, 'shap_norm_sq': 3.784486049504725}
{'sample_size': 600, 'difference': -28, 'noise': 0.01, 'n': 60, 'shap_error': 0.005487147010062853, 'shap_norm_sq': 3.784486049504725}
{'sample_size': 600, 'difference': -56, 'noise': 0.05, 'n': 60, 'shap_error': 0.006936880280499799, 'shap_norm_sq': 3.784486049504725}
{'sample_size': 600, 'difference': -16, 'noise': 0.1, 'n': 60, 'shap_error': 0.015107357779400045, 'shap_norm_sq': 3.784486049504725}
{'sample_size': 600, 'difference': -56, 'noise': 0.5, 'n': 60, 'shap_error': 0.18628815122158665, 'shap_norm_sq': 3.784486049504725}
{'sample_size': 600, 'difference': 34, 'noise': 1, 'n': 60, 'shap_error': 0.7510774802323192, 'shap_norm_sq': 3.784486049504725}
{'sample_size': 600, 'difference': -20, 'noise': 0.0005, 'n': 60, 'shap_error': 0.008806399270252802, 'shap_norm_sq': 4.540195186226951}
{'sample_size': 600, 'difference': -4, 'noise': 0.001, 'n': 60, 'shap_error': 0.012067527623402631, 'shap_norm_sq': 4.540195186226951}
{'sample_size': 600, 'difference': 88, 'noise': 0.005, 'n': 60, 'shap_error': 0.010694982252296568, 'shap_norm_sq': 4.540195186226951}
{'sample_size': 600, 'difference': 12, 'noise': 0.01, 'n': 60, 'shap_error': 0.008452576874398638, 'shap_norm_sq': 4.540195186226951}
{'sample_size': 600, 'difference': 22, 'noise': 0.05, 'n': 60, 'shap_error': 0.009395533833149753, 'shap_norm_sq': 4.540195186226951}
{'sample_size': 600, 'difference': 12, 'noise': 0.1, 'n': 60, 'shap_error': 0.010857871704188444, 'shap_norm_sq': 4.540195186226951}
{'sample_size': 600, 'difference': -22, 'noise': 0.5, 'n': 60, 'shap_error': 0.074372573771481, 'shap_norm_sq': 4.540195186226951}
{'sample_size': 600, 'difference': -28, 'noise': 1, 'n': 60, 'shap_error': 0.2974465749535605, 'shap_norm_sq': 4.540195186226951}
{'sample_size': 600, 'difference': -38, 'noise': 0.0005, 'n': 60, 'shap_error': 0.011114705424297435, 'shap_norm_sq': 5.690250033747485}
{'sample_size': 600, 'difference': 6, 'noise': 0.001, 'n': 60, 'shap_error': 0.013941956954348791, 'shap_norm_sq': 5.690250033747485}
{'sample_size': 600, 'difference': 8, 'noise': 0.005, 'n': 60, 'shap_error': 0.010487794768837176, 'shap_norm_sq': 5.690250033747485}
{'sample_size': 600, 'difference': 0, 'noise': 0.01, 'n': 60, 'shap_error': 0.008077988553601772, 'shap_norm_sq': 5.690250033747485}
{'sample_size': 600, 'difference': -22, 'noise': 0.05, 'n': 60, 'shap_error': 0.009809839331780555, 'shap_norm_sq': 5.690250033747485}
{'sample_size': 600, 'difference': -8, 'noise': 0.1, 'n': 60, 'shap_error': 0.011998719188174392, 'shap_norm_sq': 5.690250033747485}
{'sample_size': 600, 'difference': 24, 'noise': 0.5, 'n': 60, 'shap_error': 0.05739242055396068, 'shap_norm_sq': 5.690250033747485}
{'sample_size': 600, 'difference': 6, 'noise': 1, 'n': 60, 'shap_error': 0.19573498822085234, 'shap_norm_sq': 5.690250033747485}
{'sample_size': 600, 'difference': 36, 'noise': 0.0005, 'n': 60, 'shap_error': 0.009716933558890107, 'shap_norm_sq': 3.0408074699896672}
{'sample_size': 600, 'difference': -66, 'noise': 0.001, 'n': 60, 'shap_error': 0.007521197862232844, 'shap_norm_sq': 3.0408074699896672}
{'sample_size': 600, 'difference': 76, 'noise': 0.005, 'n': 60, 'shap_error': 0.008251795495517442, 'shap_norm_sq': 3.0408074699896672}
{'sample_size': 600, 'difference': 32, 'noise': 0.01, 'n': 60, 'shap_error': 0.009125187729516806, 'shap_norm_sq': 3.0408074699896672}
{'sample_size': 600, 'difference': -30, 'noise': 0.05, 'n': 60, 'shap_error': 0.01301857925465529, 'shap_norm_sq': 3.0408074699896672}
{'sample_size': 600, 'difference': -44, 'noise': 0.1, 'n': 60, 'shap_error': 0.02085770372516381, 'shap_norm_sq': 3.0408074699896672}
{'sample_size': 600, 'difference': -46, 'noise': 0.5, 'n': 60, 'shap_error': 0.13013558226604813, 'shap_norm_sq': 3.0408074699896672}
{'sample_size': 600, 'difference': -30, 'noise': 1, 'n': 60, 'shap_error': 0.612749677438745, 'shap_norm_sq': 3.0408074699896672}
{'sample_size': 600, 'difference': -20, 'noise': 0.0005, 'n': 60, 'shap_error': 0.018661828523150403, 'shap_norm_sq': 3.8020034621399974}
{'sample_size': 600, 'difference': -22, 'noise': 0.001, 'n': 60, 'shap_error': 0.014225500081460852, 'shap_norm_sq': 3.8020034621399974}
{'sample_size': 600, 'difference': -28, 'noise': 0.005, 'n': 60, 'shap_error': 0.02917249175340646, 'shap_norm_sq': 3.8020034621399974}
{'sample_size': 600, 'difference': -20, 'noise': 0.01, 'n': 60, 'shap_error': 0.03011763272246049, 'shap_norm_sq': 3.8020034621399974}
{'sample_size': 600, 'difference': -42, 'noise': 0.05, 'n': 60, 'shap_error': 0.01992848787482395, 'shap_norm_sq': 3.8020034621399974}
{'sample_size': 600, 'difference': -32, 'noise': 0.1, 'n': 60, 'shap_error': 0.025061612401775075, 'shap_norm_sq': 3.8020034621399974}
{'sample_size': 600, 'difference': -28, 'noise': 0.5, 'n': 60, 'shap_error': 0.1691234336223174, 'shap_norm_sq': 3.8020034621399974}
{'sample_size': 600, 'difference': 56, 'noise': 1, 'n': 60, 'shap_error': 0.7107308882045396, 'shap_norm_sq': 3.8020034621399974}
{'sample_size': 600, 'difference': -14, 'noise': 0.0005, 'n': 60, 'shap_error': 0.001124638475061096, 'shap_norm_sq': 3.1156367851798614}
{'sample_size': 600, 'difference': -62, 'noise': 0.001, 'n': 60, 'shap_error': 0.0011144638268783065, 'shap_norm_sq': 3.1156367851798614}
{'sample_size': 600, 'difference': 68, 'noise': 0.005, 'n': 60, 'shap_error': 0.0006723732603072038, 'shap_norm_sq': 3.1156367851798614}
{'sample_size': 600, 'difference': 0, 'noise': 0.01, 'n': 60, 'shap_error': 0.0006449448607219524, 'shap_norm_sq': 3.1156367851798614}
{'sample_size': 600, 'difference': -16, 'noise': 0.05, 'n': 60, 'shap_error': 0.0024389346169123895, 'shap_norm_sq': 3.1156367851798614}
{'sample_size': 600, 'difference': 10, 'noise': 0.1, 'n': 60, 'shap_error': 0.008839968800618395, 'shap_norm_sq': 3.1156367851798614}
{'sample_size': 600, 'difference': -38, 'noise': 0.5, 'n': 60, 'shap_error': 0.1136043666466865, 'shap_norm_sq': 3.1156367851798614}
{'sample_size': 600, 'difference': -46, 'noise': 1, 'n': 60, 'shap_error': 0.5464373274959795, 'shap_norm_sq': 3.1156367851798614}
{'sample_size': 600, 'difference': -12, 'noise': 0.0005, 'n': 60, 'shap_error': 0.002648231461412672, 'shap_norm_sq': 4.943254412971012}
{'sample_size': 600, 'difference': -24, 'noise': 0.001, 'n': 60, 'shap_error': 0.004375280151238226, 'shap_norm_sq': 4.943254412971012}
{'sample_size': 600, 'difference': 12, 'noise': 0.005, 'n': 60, 'shap_error': 0.0034108007011495597, 'shap_norm_sq': 4.943254412971012}
{'sample_size': 600, 'difference': 8, 'noise': 0.01, 'n': 60, 'shap_error': 0.003337624099834855, 'shap_norm_sq': 4.943254412971012}
{'sample_size': 600, 'difference': 2, 'noise': 0.05, 'n': 60, 'shap_error': 0.005421320364488058, 'shap_norm_sq': 4.943254412971012}
{'sample_size': 600, 'difference': -50, 'noise': 0.1, 'n': 60, 'shap_error': 0.007581586457327776, 'shap_norm_sq': 4.943254412971012}
{'sample_size': 600, 'difference': 18, 'noise': 0.5, 'n': 60, 'shap_error': 0.11014046341565098, 'shap_norm_sq': 4.943254412971012}
{'sample_size': 600, 'difference': -6, 'noise': 1, 'n': 60, 'shap_error': 0.5171549613622715, 'shap_norm_sq': 4.943254412971012}
{'sample_size': 600, 'difference': 6, 'noise': 0.0005, 'n': 60, 'shap_error': 0.004668326400623432, 'shap_norm_sq': 5.248147939722626}
{'sample_size': 600, 'difference': -52, 'noise': 0.001, 'n': 60, 'shap_error': 0.004448677388896617, 'shap_norm_sq': 5.248147939722626}
{'sample_size': 600, 'difference': -10, 'noise': 0.005, 'n': 60, 'shap_error': 0.004738087021061345, 'shap_norm_sq': 5.248147939722626}
{'sample_size': 600, 'difference': -6, 'noise': 0.01, 'n': 60, 'shap_error': 0.0035139489336028446, 'shap_norm_sq': 5.248147939722626}
{'sample_size': 600, 'difference': 6, 'noise': 0.05, 'n': 60, 'shap_error': 0.005584366920685778, 'shap_norm_sq': 5.248147939722626}
{'sample_size': 600, 'difference': -42, 'noise': 0.1, 'n': 60, 'shap_error': 0.008360004616175025, 'shap_norm_sq': 5.248147939722626}
{'sample_size': 600, 'difference': -20, 'noise': 0.5, 'n': 60, 'shap_error': 0.07529107450912649, 'shap_norm_sq': 5.248147939722626}
{'sample_size': 600, 'difference': -28, 'noise': 1, 'n': 60, 'shap_error': 0.15852654494518295, 'shap_norm_sq': 5.248147939722626}
{'sample_size': 600, 'difference': 12, 'noise': 0.0005, 'n': 60, 'shap_error': 0.004050250006588057, 'shap_norm_sq': 2.3690053478056274}
{'sample_size': 600, 'difference': -22, 'noise': 0.001, 'n': 60, 'shap_error': 0.0034381697451092456, 'shap_norm_sq': 2.3690053478056274}
{'sample_size': 600, 'difference': 6, 'noise': 0.005, 'n': 60, 'shap_error': 0.0023965340288008142, 'shap_norm_sq': 2.3690053478056274}
{'sample_size': 600, 'difference': -52, 'noise': 0.01, 'n': 60, 'shap_error': 0.004196354916347375, 'shap_norm_sq': 2.3690053478056274}
{'sample_size': 600, 'difference': -100, 'noise': 0.05, 'n': 60, 'shap_error': 0.0070478838164758865, 'shap_norm_sq': 2.3690053478056274}
{'sample_size': 600, 'difference': -24, 'noise': 0.1, 'n': 60, 'shap_error': 0.01841934246974024, 'shap_norm_sq': 2.3690053478056274}
{'sample_size': 600, 'difference': -32, 'noise': 0.5, 'n': 60, 'shap_error': 0.38639488889795304, 'shap_norm_sq': 2.3690053478056274}
{'sample_size': 600, 'difference': -44, 'noise': 1, 'n': 60, 'shap_error': 1.5906990967422645, 'shap_norm_sq': 2.3690053478056274}
{'sample_size': 600, 'difference': -8, 'noise': 0.0005, 'n': 60, 'shap_error': 0.00880544182791089, 'shap_norm_sq': 5.368818484313566}
{'sample_size': 600, 'difference': 34, 'noise': 0.001, 'n': 60, 'shap_error': 0.00604187178325857, 'shap_norm_sq': 5.368818484313566}
{'sample_size': 600, 'difference': -40, 'noise': 0.005, 'n': 60, 'shap_error': 0.013410945811246484, 'shap_norm_sq': 5.368818484313566}
{'sample_size': 600, 'difference': -28, 'noise': 0.01, 'n': 60, 'shap_error': 0.010713481975881758, 'shap_norm_sq': 5.368818484313566}
{'sample_size': 600, 'difference': -6, 'noise': 0.05, 'n': 60, 'shap_error': 0.012167305781657593, 'shap_norm_sq': 5.368818484313566}
{'sample_size': 600, 'difference': -44, 'noise': 0.1, 'n': 60, 'shap_error': 0.016646320847048816, 'shap_norm_sq': 5.368818484313566}
{'sample_size': 600, 'difference': 16, 'noise': 0.5, 'n': 60, 'shap_error': 0.04658934462852318, 'shap_norm_sq': 5.368818484313566}
{'sample_size': 600, 'difference': 38, 'noise': 1, 'n': 60, 'shap_error': 0.34305011820165177, 'shap_norm_sq': 5.368818484313566}
{'sample_size': 600, 'difference': -28, 'noise': 0.0005, 'n': 60, 'shap_error': 0.0012548176116663975, 'shap_norm_sq': 2.169466375966093}
{'sample_size': 600, 'difference': 26, 'noise': 0.001, 'n': 60, 'shap_error': 0.001415291739000032, 'shap_norm_sq': 2.169466375966093}
{'sample_size': 600, 'difference': 14, 'noise': 0.005, 'n': 60, 'shap_error': 0.0014281237021822797, 'shap_norm_sq': 2.169466375966093}
{'sample_size': 600, 'difference': -28, 'noise': 0.01, 'n': 60, 'shap_error': 0.0012889778370307513, 'shap_norm_sq': 2.169466375966093}
{'sample_size': 600, 'difference': -4, 'noise': 0.05, 'n': 60, 'shap_error': 0.002649722513738742, 'shap_norm_sq': 2.169466375966093}
{'sample_size': 600, 'difference': -30, 'noise': 0.1, 'n': 60, 'shap_error': 0.005047438898929696, 'shap_norm_sq': 2.169466375966093}
{'sample_size': 600, 'difference': 20, 'noise': 0.5, 'n': 60, 'shap_error': 0.11357612174612376, 'shap_norm_sq': 2.169466375966093}
{'sample_size': 600, 'difference': 14, 'noise': 1, 'n': 60, 'shap_error': 0.5916478363773551, 'shap_norm_sq': 2.169466375966093}
{'sample_size': 600, 'difference': 10, 'noise': 0.0005, 'n': 60, 'shap_error': 0.0001598446528717725, 'shap_norm_sq': 1.2044408586506339}
{'sample_size': 600, 'difference': -4, 'noise': 0.001, 'n': 60, 'shap_error': 0.0001528455726207733, 'shap_norm_sq': 1.2044408586506339}
{'sample_size': 600, 'difference': 10, 'noise': 0.005, 'n': 60, 'shap_error': 0.00026295036640840467, 'shap_norm_sq': 1.2044408586506339}
{'sample_size': 600, 'difference': -10, 'noise': 0.01, 'n': 60, 'shap_error': 0.00024109984943711656, 'shap_norm_sq': 1.2044408586506339}
{'sample_size': 600, 'difference': 18, 'noise': 0.05, 'n': 60, 'shap_error': 0.0034937028185405487, 'shap_norm_sq': 1.2044408586506339}
{'sample_size': 600, 'difference': 8, 'noise': 0.1, 'n': 60, 'shap_error': 0.007592806298260007, 'shap_norm_sq': 1.2044408586506339}
{'sample_size': 600, 'difference': -18, 'noise': 0.5, 'n': 60, 'shap_error': 0.25208611295340233, 'shap_norm_sq': 1.2044408586506339}
{'sample_size': 600, 'difference': -14, 'noise': 1, 'n': 60, 'shap_error': 1.0264088348772729, 'shap_norm_sq': 1.2044408586506339}
{'sample_size': 600, 'difference': 26, 'noise': 0.0005, 'n': 60, 'shap_error': 0.0006549944521087431, 'shap_norm_sq': 6.756394989413753}
{'sample_size': 600, 'difference': -8, 'noise': 0.001, 'n': 60, 'shap_error': 0.0006807105971699561, 'shap_norm_sq': 6.756394989413753}
{'sample_size': 600, 'difference': 12, 'noise': 0.005, 'n': 60, 'shap_error': 0.0007979017866595576, 'shap_norm_sq': 6.756394989413753}
{'sample_size': 600, 'difference': -68, 'noise': 0.01, 'n': 60, 'shap_error': 0.0007881069983678831, 'shap_norm_sq': 6.756394989413753}
{'sample_size': 600, 'difference': -8, 'noise': 0.05, 'n': 60, 'shap_error': 0.0019812347674392095, 'shap_norm_sq': 6.756394989413753}
{'sample_size': 600, 'difference': -48, 'noise': 0.1, 'n': 60, 'shap_error': 0.008901835405290302, 'shap_norm_sq': 6.756394989413753}
{'sample_size': 600, 'difference': 4, 'noise': 0.5, 'n': 60, 'shap_error': 0.12426395868409554, 'shap_norm_sq': 6.756394989413753}
{'sample_size': 600, 'difference': -32, 'noise': 1, 'n': 60, 'shap_error': 0.5663109770389093, 'shap_norm_sq': 6.756394989413753}
{'sample_size': 600, 'difference': -6, 'noise': 0.0005, 'n': 60, 'shap_error': 0.005747049387691089, 'shap_norm_sq': 6.049941627245347}
{'sample_size': 600, 'difference': -18, 'noise': 0.001, 'n': 60, 'shap_error': 0.006871888345146653, 'shap_norm_sq': 6.049941627245347}
{'sample_size': 600, 'difference': -94, 'noise': 0.005, 'n': 60, 'shap_error': 0.00873941931894827, 'shap_norm_sq': 6.049941627245347}
{'sample_size': 600, 'difference': 4, 'noise': 0.01, 'n': 60, 'shap_error': 0.010415685795689933, 'shap_norm_sq': 6.049941627245347}
{'sample_size': 600, 'difference': 14, 'noise': 0.05, 'n': 60, 'shap_error': 0.015425927413612048, 'shap_norm_sq': 6.049941627245347}
{'sample_size': 600, 'difference': -22, 'noise': 0.1, 'n': 60, 'shap_error': 0.012222217741506055, 'shap_norm_sq': 6.049941627245347}
{'sample_size': 600, 'difference': -96, 'noise': 0.5, 'n': 60, 'shap_error': 0.07497177542204941, 'shap_norm_sq': 6.049941627245347}
{'sample_size': 600, 'difference': -26, 'noise': 1, 'n': 60, 'shap_error': 0.23322460290174307, 'shap_norm_sq': 6.049941627245347}
{'sample_size': 600, 'difference': 52, 'noise': 0.0005, 'n': 60, 'shap_error': 0.002383358755917256, 'shap_norm_sq': 4.68580209756354}
{'sample_size': 600, 'difference': -46, 'noise': 0.001, 'n': 60, 'shap_error': 0.004685717853088143, 'shap_norm_sq': 4.68580209756354}
{'sample_size': 600, 'difference': -4, 'noise': 0.005, 'n': 60, 'shap_error': 0.002530292335248057, 'shap_norm_sq': 4.68580209756354}
{'sample_size': 600, 'difference': 42, 'noise': 0.01, 'n': 60, 'shap_error': 0.003564820231568866, 'shap_norm_sq': 4.68580209756354}
{'sample_size': 600, 'difference': -2, 'noise': 0.05, 'n': 60, 'shap_error': 0.002768105728819014, 'shap_norm_sq': 4.68580209756354}
{'sample_size': 600, 'difference': -46, 'noise': 0.1, 'n': 60, 'shap_error': 0.007240105191087173, 'shap_norm_sq': 4.68580209756354}
{'sample_size': 600, 'difference': 6, 'noise': 0.5, 'n': 60, 'shap_error': 0.11757468813094468, 'shap_norm_sq': 4.68580209756354}
{'sample_size': 600, 'difference': 30, 'noise': 1, 'n': 60, 'shap_error': 0.3913313338432225, 'shap_norm_sq': 4.68580209756354}
{'sample_size': 600, 'difference': 4, 'noise': 0.0005, 'n': 60, 'shap_error': 0.01754219390341398, 'shap_norm_sq': 2.423496549133178}
{'sample_size': 600, 'difference': 18, 'noise': 0.001, 'n': 60, 'shap_error': 0.01925223160717875, 'shap_norm_sq': 2.423496549133178}
{'sample_size': 600, 'difference': 12, 'noise': 0.005, 'n': 60, 'shap_error': 0.012282264819601704, 'shap_norm_sq': 2.423496549133178}
{'sample_size': 600, 'difference': -16, 'noise': 0.01, 'n': 60, 'shap_error': 0.012725001445434283, 'shap_norm_sq': 2.423496549133178}
{'sample_size': 600, 'difference': 12, 'noise': 0.05, 'n': 60, 'shap_error': 0.012531596258478201, 'shap_norm_sq': 2.423496549133178}
{'sample_size': 600, 'difference': -52, 'noise': 0.1, 'n': 60, 'shap_error': 0.022753935160267354, 'shap_norm_sq': 2.423496549133178}
{'sample_size': 600, 'difference': -42, 'noise': 0.5, 'n': 60, 'shap_error': 0.1503406528903667, 'shap_norm_sq': 2.423496549133178}
{'sample_size': 600, 'difference': 56, 'noise': 1, 'n': 60, 'shap_error': 0.5590370730673669, 'shap_norm_sq': 2.423496549133178}
{'sample_size': 600, 'difference': 8, 'noise': 0.0005, 'n': 60, 'shap_error': 0.0027866570751175434, 'shap_norm_sq': 4.55316541538549}
{'sample_size': 600, 'difference': -20, 'noise': 0.001, 'n': 60, 'shap_error': 0.004078828167720816, 'shap_norm_sq': 4.55316541538549}
{'sample_size': 600, 'difference': -20, 'noise': 0.005, 'n': 60, 'shap_error': 0.0048915324419746865, 'shap_norm_sq': 4.55316541538549}
{'sample_size': 600, 'difference': -18, 'noise': 0.01, 'n': 60, 'shap_error': 0.004293461846747391, 'shap_norm_sq': 4.55316541538549}
{'sample_size': 600, 'difference': -16, 'noise': 0.05, 'n': 60, 'shap_error': 0.005071268429761468, 'shap_norm_sq': 4.55316541538549}
{'sample_size': 600, 'difference': -40, 'noise': 0.1, 'n': 60, 'shap_error': 0.005230826217551317, 'shap_norm_sq': 4.55316541538549}
{'sample_size': 600, 'difference': -58, 'noise': 0.5, 'n': 60, 'shap_error': 0.07054811367348773, 'shap_norm_sq': 4.55316541538549}
{'sample_size': 600, 'difference': -34, 'noise': 1, 'n': 60, 'shap_error': 0.35662936787911864, 'shap_norm_sq': 4.55316541538549}
{'sample_size': 600, 'difference': -10, 'noise': 0.0005, 'n': 60, 'shap_error': 0.014190689203074338, 'shap_norm_sq': 4.256978383236576}
{'sample_size': 600, 'difference': 24, 'noise': 0.001, 'n': 60, 'shap_error': 0.009700183451498515, 'shap_norm_sq': 4.256978383236576}
{'sample_size': 600, 'difference': 30, 'noise': 0.005, 'n': 60, 'shap_error': 0.01037054706995906, 'shap_norm_sq': 4.256978383236576}
{'sample_size': 600, 'difference': 46, 'noise': 0.01, 'n': 60, 'shap_error': 0.012242596235764583, 'shap_norm_sq': 4.256978383236576}
{'sample_size': 600, 'difference': 2, 'noise': 0.05, 'n': 60, 'shap_error': 0.019561050029776556, 'shap_norm_sq': 4.256978383236576}
{'sample_size': 600, 'difference': -40, 'noise': 0.1, 'n': 60, 'shap_error': 0.020795364394145303, 'shap_norm_sq': 4.256978383236576}
{'sample_size': 600, 'difference': 40, 'noise': 0.5, 'n': 60, 'shap_error': 0.09347321481157903, 'shap_norm_sq': 4.256978383236576}
{'sample_size': 600, 'difference': 48, 'noise': 1, 'n': 60, 'shap_error': 0.2602046087804437, 'shap_norm_sq': 4.256978383236576}
{'sample_size': 600, 'difference': 16, 'noise': 0.0005, 'n': 60, 'shap_error': 0.0031301925876277698, 'shap_norm_sq': 5.440143632974172}
{'sample_size': 600, 'difference': -34, 'noise': 0.001, 'n': 60, 'shap_error': 0.0021814544131973992, 'shap_norm_sq': 5.440143632974172}
{'sample_size': 600, 'difference': -12, 'noise': 0.005, 'n': 60, 'shap_error': 0.0020998069350296232, 'shap_norm_sq': 5.440143632974172}
{'sample_size': 600, 'difference': -26, 'noise': 0.01, 'n': 60, 'shap_error': 0.002450030155809848, 'shap_norm_sq': 5.440143632974172}
{'sample_size': 600, 'difference': -8, 'noise': 0.05, 'n': 60, 'shap_error': 0.0031229026468521867, 'shap_norm_sq': 5.440143632974172}
{'sample_size': 600, 'difference': 12, 'noise': 0.1, 'n': 60, 'shap_error': 0.004649697066147211, 'shap_norm_sq': 5.440143632974172}
{'sample_size': 600, 'difference': 6, 'noise': 0.5, 'n': 60, 'shap_error': 0.08336717274128251, 'shap_norm_sq': 5.440143632974172}
{'sample_size': 600, 'difference': -28, 'noise': 1, 'n': 60, 'shap_error': 0.3509846378761688, 'shap_norm_sq': 5.440143632974172}
{'sample_size': 600, 'difference': 4, 'noise': 0.0005, 'n': 60, 'shap_error': 0.0008172227290773859, 'shap_norm_sq': 4.798825809838939}
{'sample_size': 600, 'difference': -18, 'noise': 0.001, 'n': 60, 'shap_error': 0.001024449404951246, 'shap_norm_sq': 4.798825809838939}
{'sample_size': 600, 'difference': -104, 'noise': 0.005, 'n': 60, 'shap_error': 0.0009618718011606852, 'shap_norm_sq': 4.798825809838939}
{'sample_size': 600, 'difference': 58, 'noise': 0.01, 'n': 60, 'shap_error': 0.0008330635784664096, 'shap_norm_sq': 4.798825809838939}
{'sample_size': 600, 'difference': 12, 'noise': 0.05, 'n': 60, 'shap_error': 0.001294173953239601, 'shap_norm_sq': 4.798825809838939}
{'sample_size': 600, 'difference': -58, 'noise': 0.1, 'n': 60, 'shap_error': 0.002586990788910005, 'shap_norm_sq': 4.798825809838939}
{'sample_size': 600, 'difference': -2, 'noise': 0.5, 'n': 60, 'shap_error': 0.06601878590953092, 'shap_norm_sq': 4.798825809838939}
{'sample_size': 600, 'difference': -12, 'noise': 1, 'n': 60, 'shap_error': 0.20869747492088794, 'shap_norm_sq': 4.798825809838939}
{'sample_size': 600, 'difference': -8, 'noise': 0.0005, 'n': 60, 'shap_error': 0.024037515882952908, 'shap_norm_sq': 2.6800063097574607}
{'sample_size': 600, 'difference': 14, 'noise': 0.001, 'n': 60, 'shap_error': 0.034590692256973435, 'shap_norm_sq': 2.6800063097574607}
{'sample_size': 600, 'difference': -4, 'noise': 0.005, 'n': 60, 'shap_error': 0.028770000016261586, 'shap_norm_sq': 2.6800063097574607}
{'sample_size': 600, 'difference': 28, 'noise': 0.01, 'n': 60, 'shap_error': 0.03411476707753814, 'shap_norm_sq': 2.6800063097574607}
{'sample_size': 600, 'difference': -58, 'noise': 0.05, 'n': 60, 'shap_error': 0.03911990577979118, 'shap_norm_sq': 2.6800063097574607}
{'sample_size': 600, 'difference': -18, 'noise': 0.1, 'n': 60, 'shap_error': 0.03347976603472934, 'shap_norm_sq': 2.6800063097574607}
{'sample_size': 600, 'difference': 14, 'noise': 0.5, 'n': 60, 'shap_error': 0.16998312071924918, 'shap_norm_sq': 2.6800063097574607}
{'sample_size': 600, 'difference': -38, 'noise': 1, 'n': 60, 'shap_error': 0.6607954932484238, 'shap_norm_sq': 2.6800063097574607}
{'sample_size': 600, 'difference': -62, 'noise': 0.0005, 'n': 60, 'shap_error': 0.0031543829710474315, 'shap_norm_sq': 6.119462958988806}
{'sample_size': 600, 'difference': 26, 'noise': 0.001, 'n': 60, 'shap_error': 0.0025674700672825407, 'shap_norm_sq': 6.119462958988806}
{'sample_size': 600, 'difference': 8, 'noise': 0.005, 'n': 60, 'shap_error': 0.0021373489733220994, 'shap_norm_sq': 6.119462958988806}
{'sample_size': 600, 'difference': -34, 'noise': 0.01, 'n': 60, 'shap_error': 0.003170192018364321, 'shap_norm_sq': 6.119462958988806}
{'sample_size': 600, 'difference': -30, 'noise': 0.05, 'n': 60, 'shap_error': 0.005415743350150025, 'shap_norm_sq': 6.119462958988806}
{'sample_size': 600, 'difference': -74, 'noise': 0.1, 'n': 60, 'shap_error': 0.00507379071218858, 'shap_norm_sq': 6.119462958988806}
{'sample_size': 600, 'difference': 10, 'noise': 0.5, 'n': 60, 'shap_error': 0.09910954108271795, 'shap_norm_sq': 6.119462958988806}
{'sample_size': 600, 'difference': -46, 'noise': 1, 'n': 60, 'shap_error': 0.1930130046472937, 'shap_norm_sq': 6.119462958988806}
{'sample_size': 600, 'difference': -32, 'noise': 0.0005, 'n': 60, 'shap_error': 0.003524314145810724, 'shap_norm_sq': 1.708127072925964}
{'sample_size': 600, 'difference': -56, 'noise': 0.001, 'n': 60, 'shap_error': 0.0031784949404245096, 'shap_norm_sq': 1.708127072925964}
{'sample_size': 600, 'difference': 6, 'noise': 0.005, 'n': 60, 'shap_error': 0.0055417915929582414, 'shap_norm_sq': 1.708127072925964}
{'sample_size': 600, 'difference': 32, 'noise': 0.01, 'n': 60, 'shap_error': 0.003791787841813481, 'shap_norm_sq': 1.708127072925964}
{'sample_size': 600, 'difference': 74, 'noise': 0.05, 'n': 60, 'shap_error': 0.007333180163102103, 'shap_norm_sq': 1.708127072925964}
{'sample_size': 600, 'difference': 28, 'noise': 0.1, 'n': 60, 'shap_error': 0.03470167867683357, 'shap_norm_sq': 1.708127072925964}
{'sample_size': 600, 'difference': 6, 'noise': 0.5, 'n': 60, 'shap_error': 0.6014030338936867, 'shap_norm_sq': 1.708127072925964}
{'sample_size': 600, 'difference': -8, 'noise': 1, 'n': 60, 'shap_error': 2.4325815472150847, 'shap_norm_sq': 1.708127072925964}
{'sample_size': 600, 'difference': -26, 'noise': 0.0005, 'n': 60, 'shap_error': 0.00548163700661717, 'shap_norm_sq': 2.198389902832733}
{'sample_size': 600, 'difference': 58, 'noise': 0.001, 'n': 60, 'shap_error': 0.003427327971742569, 'shap_norm_sq': 2.198389902832733}
{'sample_size': 600, 'difference': 2, 'noise': 0.005, 'n': 60, 'shap_error': 0.004016146733988783, 'shap_norm_sq': 2.198389902832733}
{'sample_size': 600, 'difference': -32, 'noise': 0.01, 'n': 60, 'shap_error': 0.0046048893009572114, 'shap_norm_sq': 2.198389902832733}
{'sample_size': 600, 'difference': -12, 'noise': 0.05, 'n': 60, 'shap_error': 0.005531154524618769, 'shap_norm_sq': 2.198389902832733}
{'sample_size': 600, 'difference': 78, 'noise': 0.1, 'n': 60, 'shap_error': 0.006228695500883879, 'shap_norm_sq': 2.198389902832733}
{'sample_size': 600, 'difference': 30, 'noise': 0.5, 'n': 60, 'shap_error': 0.15970351297164898, 'shap_norm_sq': 2.198389902832733}
{'sample_size': 600, 'difference': -60, 'noise': 1, 'n': 60, 'shap_error': 0.909752692140465, 'shap_norm_sq': 2.198389902832733}
{'sample_size': 600, 'difference': -6, 'noise': 0.0005, 'n': 60, 'shap_error': 0.0002499323820957597, 'shap_norm_sq': 5.4376497141751345}
{'sample_size': 600, 'difference': -36, 'noise': 0.001, 'n': 60, 'shap_error': 0.0002133433214189948, 'shap_norm_sq': 5.4376497141751345}
{'sample_size': 600, 'difference': 22, 'noise': 0.005, 'n': 60, 'shap_error': 0.00038463999901967784, 'shap_norm_sq': 5.4376497141751345}
{'sample_size': 600, 'difference': -4, 'noise': 0.01, 'n': 60, 'shap_error': 0.0004657944440096337, 'shap_norm_sq': 5.4376497141751345}
{'sample_size': 600, 'difference': -12, 'noise': 0.05, 'n': 60, 'shap_error': 0.0030510375836924246, 'shap_norm_sq': 5.4376497141751345}
{'sample_size': 600, 'difference': 50, 'noise': 0.1, 'n': 60, 'shap_error': 0.011494513374647998, 'shap_norm_sq': 5.4376497141751345}
{'sample_size': 600, 'difference': -8, 'noise': 0.5, 'n': 60, 'shap_error': 0.23389569237845345, 'shap_norm_sq': 5.4376497141751345}
{'sample_size': 600, 'difference': -38, 'noise': 1, 'n': 60, 'shap_error': 1.1121765012624347, 'shap_norm_sq': 5.4376497141751345}
{'sample_size': 600, 'difference': 18, 'noise': 0.0005, 'n': 60, 'shap_error': 0.0002604241964471328, 'shap_norm_sq': 2.7018692883869235}
{'sample_size': 600, 'difference': -18, 'noise': 0.001, 'n': 60, 'shap_error': 0.0003097109713772027, 'shap_norm_sq': 2.7018692883869235}
{'sample_size': 600, 'difference': -60, 'noise': 0.005, 'n': 60, 'shap_error': 0.00045161451732716237, 'shap_norm_sq': 2.7018692883869235}
{'sample_size': 600, 'difference': -16, 'noise': 0.01, 'n': 60, 'shap_error': 0.0003487403765930512, 'shap_norm_sq': 2.7018692883869235}
{'sample_size': 600, 'difference': -18, 'noise': 0.05, 'n': 60, 'shap_error': 0.0014248248832273356, 'shap_norm_sq': 2.7018692883869235}
{'sample_size': 600, 'difference': -44, 'noise': 0.1, 'n': 60, 'shap_error': 0.002595501377238197, 'shap_norm_sq': 2.7018692883869235}
{'sample_size': 600, 'difference': -10, 'noise': 0.5, 'n': 60, 'shap_error': 0.09913588493897861, 'shap_norm_sq': 2.7018692883869235}
{'sample_size': 600, 'difference': -42, 'noise': 1, 'n': 60, 'shap_error': 0.3591874738186936, 'shap_norm_sq': 2.7018692883869235}
{'sample_size': 600, 'difference': 20, 'noise': 0.0005, 'n': 60, 'shap_error': 0.001831318875369805, 'shap_norm_sq': 2.0944166984411634}
{'sample_size': 600, 'difference': 38, 'noise': 0.001, 'n': 60, 'shap_error': 0.0019243765878787218, 'shap_norm_sq': 2.0944166984411634}
{'sample_size': 600, 'difference': 50, 'noise': 0.005, 'n': 60, 'shap_error': 0.0021467060895716417, 'shap_norm_sq': 2.0944166984411634}
{'sample_size': 600, 'difference': -32, 'noise': 0.01, 'n': 60, 'shap_error': 0.002487069423240437, 'shap_norm_sq': 2.0944166984411634}
{'sample_size': 600, 'difference': 6, 'noise': 0.05, 'n': 60, 'shap_error': 0.0030713724356945323, 'shap_norm_sq': 2.0944166984411634}
{'sample_size': 600, 'difference': -52, 'noise': 0.1, 'n': 60, 'shap_error': 0.008502538971979912, 'shap_norm_sq': 2.0944166984411634}
{'sample_size': 600, 'difference': -22, 'noise': 0.5, 'n': 60, 'shap_error': 0.17410554623770688, 'shap_norm_sq': 2.0944166984411634}
{'sample_size': 600, 'difference': 0, 'noise': 1, 'n': 60, 'shap_error': 0.46144299138401074, 'shap_norm_sq': 2.0944166984411634}
{'sample_size': 600, 'difference': 6, 'noise': 0.0005, 'n': 60, 'shap_error': 9.033763373947256e-08, 'shap_norm_sq': 3.725974164178613}
{'sample_size': 600, 'difference': -52, 'noise': 0.001, 'n': 60, 'shap_error': 4.208646456884458e-07, 'shap_norm_sq': 3.725974164178613}
{'sample_size': 600, 'difference': -34, 'noise': 0.005, 'n': 60, 'shap_error': 9.173931316135495e-06, 'shap_norm_sq': 3.725974164178613}
{'sample_size': 600, 'difference': 10, 'noise': 0.01, 'n': 60, 'shap_error': 3.089477484014168e-05, 'shap_norm_sq': 3.725974164178613}
{'sample_size': 600, 'difference': -20, 'noise': 0.05, 'n': 60, 'shap_error': 0.0012123267242850353, 'shap_norm_sq': 3.725974164178613}
{'sample_size': 600, 'difference': -34, 'noise': 0.1, 'n': 60, 'shap_error': 0.006148775892026889, 'shap_norm_sq': 3.725974164178613}
{'sample_size': 600, 'difference': -8, 'noise': 0.5, 'n': 60, 'shap_error': 0.11548119834255934, 'shap_norm_sq': 3.725974164178613}
{'sample_size': 600, 'difference': -20, 'noise': 1, 'n': 60, 'shap_error': 0.33559001537965066, 'shap_norm_sq': 3.725974164178613}
{'sample_size': 600, 'difference': -6, 'noise': 0.0005, 'n': 60, 'shap_error': 0.0022679198624518918, 'shap_norm_sq': 3.337841614193706}
{'sample_size': 600, 'difference': -36, 'noise': 0.001, 'n': 60, 'shap_error': 0.002374500397998462, 'shap_norm_sq': 3.337841614193706}
{'sample_size': 600, 'difference': -4, 'noise': 0.005, 'n': 60, 'shap_error': 0.0021549921680065216, 'shap_norm_sq': 3.337841614193706}
{'sample_size': 600, 'difference': -24, 'noise': 0.01, 'n': 60, 'shap_error': 0.0023007801527215725, 'shap_norm_sq': 3.337841614193706}
{'sample_size': 600, 'difference': 20, 'noise': 0.05, 'n': 60, 'shap_error': 0.003617790996049089, 'shap_norm_sq': 3.337841614193706}
{'sample_size': 600, 'difference': -22, 'noise': 0.1, 'n': 60, 'shap_error': 0.010917793119328204, 'shap_norm_sq': 3.337841614193706}
{'sample_size': 600, 'difference': 44, 'noise': 0.5, 'n': 60, 'shap_error': 0.15396040627256768, 'shap_norm_sq': 3.337841614193706}
{'sample_size': 600, 'difference': 48, 'noise': 1, 'n': 60, 'shap_error': 0.6627750171758082, 'shap_norm_sq': 3.337841614193706}
{'sample_size': 600, 'difference': -22, 'noise': 0.0005, 'n': 60, 'shap_error': 0.02157333905659942, 'shap_norm_sq': 3.283930193231506}
{'sample_size': 600, 'difference': -30, 'noise': 0.001, 'n': 60, 'shap_error': 0.015466161632490849, 'shap_norm_sq': 3.283930193231506}
{'sample_size': 600, 'difference': 6, 'noise': 0.005, 'n': 60, 'shap_error': 0.02223919195416276, 'shap_norm_sq': 3.283930193231506}
{'sample_size': 600, 'difference': -92, 'noise': 0.01, 'n': 60, 'shap_error': 0.02116466998913194, 'shap_norm_sq': 3.283930193231506}
{'sample_size': 600, 'difference': 10, 'noise': 0.05, 'n': 60, 'shap_error': 0.012565982805702041, 'shap_norm_sq': 3.283930193231506}
{'sample_size': 600, 'difference': 14, 'noise': 0.1, 'n': 60, 'shap_error': 0.025355050714357525, 'shap_norm_sq': 3.283930193231506}
{'sample_size': 600, 'difference': 16, 'noise': 0.5, 'n': 60, 'shap_error': 0.2663413522944497, 'shap_norm_sq': 3.283930193231506}
{'sample_size': 600, 'difference': -28, 'noise': 1, 'n': 60, 'shap_error': 1.2396149934753127, 'shap_norm_sq': 3.283930193231506}
{'sample_size': 600, 'difference': 6, 'noise': 0.0005, 'n': 60, 'shap_error': 0.00040735098642004277, 'shap_norm_sq': 2.428496045503573}
{'sample_size': 600, 'difference': 2, 'noise': 0.001, 'n': 60, 'shap_error': 0.0006076767126898512, 'shap_norm_sq': 2.428496045503573}
{'sample_size': 600, 'difference': -48, 'noise': 0.005, 'n': 60, 'shap_error': 0.0011991927168276209, 'shap_norm_sq': 2.428496045503573}
{'sample_size': 600, 'difference': -4, 'noise': 0.01, 'n': 60, 'shap_error': 0.0009967500240179404, 'shap_norm_sq': 2.428496045503573}
{'sample_size': 600, 'difference': 20, 'noise': 0.05, 'n': 60, 'shap_error': 0.001871158390802454, 'shap_norm_sq': 2.428496045503573}
{'sample_size': 600, 'difference': 16, 'noise': 0.1, 'n': 60, 'shap_error': 0.005572325757375541, 'shap_norm_sq': 2.428496045503573}
{'sample_size': 600, 'difference': 12, 'noise': 0.5, 'n': 60, 'shap_error': 0.15333440864215553, 'shap_norm_sq': 2.428496045503573}
{'sample_size': 600, 'difference': 4, 'noise': 1, 'n': 60, 'shap_error': 0.6206285605406485, 'shap_norm_sq': 2.428496045503573}
{'sample_size': 600, 'difference': -48, 'noise': 0.0005, 'n': 60, 'shap_error': 0.010880336046239772, 'shap_norm_sq': 6.0043894271545355}
{'sample_size': 600, 'difference': 2, 'noise': 0.001, 'n': 60, 'shap_error': 0.010277624736358713, 'shap_norm_sq': 6.0043894271545355}
{'sample_size': 600, 'difference': -18, 'noise': 0.005, 'n': 60, 'shap_error': 0.009145622238330238, 'shap_norm_sq': 6.0043894271545355}
{'sample_size': 600, 'difference': -40, 'noise': 0.01, 'n': 60, 'shap_error': 0.006930023079865911, 'shap_norm_sq': 6.0043894271545355}
{'sample_size': 600, 'difference': -34, 'noise': 0.05, 'n': 60, 'shap_error': 0.008890618949485582, 'shap_norm_sq': 6.0043894271545355}
{'sample_size': 600, 'difference': -64, 'noise': 0.1, 'n': 60, 'shap_error': 0.016397415746119887, 'shap_norm_sq': 6.0043894271545355}
{'sample_size': 600, 'difference': 16, 'noise': 0.5, 'n': 60, 'shap_error': 0.0778688788117884, 'shap_norm_sq': 6.0043894271545355}
{'sample_size': 600, 'difference': -42, 'noise': 1, 'n': 60, 'shap_error': 0.25890337892102283, 'shap_norm_sq': 6.0043894271545355}
{'sample_size': 600, 'difference': -66, 'noise': 0.0005, 'n': 60, 'shap_error': 0.0040700015126440775, 'shap_norm_sq': 2.306323255299426}
{'sample_size': 600, 'difference': -6, 'noise': 0.001, 'n': 60, 'shap_error': 0.003873379690226596, 'shap_norm_sq': 2.306323255299426}
{'sample_size': 600, 'difference': -20, 'noise': 0.005, 'n': 60, 'shap_error': 0.00801370756036741, 'shap_norm_sq': 2.306323255299426}
{'sample_size': 600, 'difference': 54, 'noise': 0.01, 'n': 60, 'shap_error': 0.005063838196983724, 'shap_norm_sq': 2.306323255299426}
{'sample_size': 600, 'difference': -70, 'noise': 0.05, 'n': 60, 'shap_error': 0.008565003026039061, 'shap_norm_sq': 2.306323255299426}
{'sample_size': 600, 'difference': -108, 'noise': 0.1, 'n': 60, 'shap_error': 0.016393803533668656, 'shap_norm_sq': 2.306323255299426}
{'sample_size': 600, 'difference': 18, 'noise': 0.5, 'n': 60, 'shap_error': 0.32518471245944214, 'shap_norm_sq': 2.306323255299426}
{'sample_size': 600, 'difference': 34, 'noise': 1, 'n': 60, 'shap_error': 1.0276216151301119, 'shap_norm_sq': 2.306323255299426}
{'sample_size': 600, 'difference': -36, 'noise': 0.0005, 'n': 60, 'shap_error': 1.3445921855498027e-07, 'shap_norm_sq': 3.725974164178613}
{'sample_size': 600, 'difference': -50, 'noise': 0.001, 'n': 60, 'shap_error': 4.494622048725925e-07, 'shap_norm_sq': 3.725974164178613}
{'sample_size': 600, 'difference': -18, 'noise': 0.005, 'n': 60, 'shap_error': 1.0076716959507115e-05, 'shap_norm_sq': 3.725974164178613}
{'sample_size': 600, 'difference': -56, 'noise': 0.01, 'n': 60, 'shap_error': 4.5879620266018654e-05, 'shap_norm_sq': 3.725974164178613}
{'sample_size': 600, 'difference': -74, 'noise': 0.05, 'n': 60, 'shap_error': 0.0010553035684589128, 'shap_norm_sq': 3.725974164178613}
{'sample_size': 600, 'difference': 48, 'noise': 0.1, 'n': 60, 'shap_error': 0.0036754999691304842, 'shap_norm_sq': 3.725974164178613}
{'sample_size': 600, 'difference': 8, 'noise': 0.5, 'n': 60, 'shap_error': 0.12511221089467187, 'shap_norm_sq': 3.725974164178613}
{'sample_size': 600, 'difference': -24, 'noise': 1, 'n': 60, 'shap_error': 0.2885338105235283, 'shap_norm_sq': 3.725974164178613}
{'sample_size': 600, 'difference': 20, 'noise': 0.0005, 'n': 60, 'shap_error': 0.0032925802538800687, 'shap_norm_sq': 2.794473558168363}
{'sample_size': 600, 'difference': 0, 'noise': 0.001, 'n': 60, 'shap_error': 0.007226968546126873, 'shap_norm_sq': 2.794473558168363}
{'sample_size': 600, 'difference': -32, 'noise': 0.005, 'n': 60, 'shap_error': 0.004649169002171461, 'shap_norm_sq': 2.794473558168363}
{'sample_size': 600, 'difference': -82, 'noise': 0.01, 'n': 60, 'shap_error': 0.007490768805571412, 'shap_norm_sq': 2.794473558168363}
{'sample_size': 600, 'difference': 8, 'noise': 0.05, 'n': 60, 'shap_error': 0.004823738525681366, 'shap_norm_sq': 2.794473558168363}
{'sample_size': 600, 'difference': 14, 'noise': 0.1, 'n': 60, 'shap_error': 0.008359886829279893, 'shap_norm_sq': 2.794473558168363}
{'sample_size': 600, 'difference': -16, 'noise': 0.5, 'n': 60, 'shap_error': 0.14062033158954568, 'shap_norm_sq': 2.794473558168363}
{'sample_size': 600, 'difference': -26, 'noise': 1, 'n': 60, 'shap_error': 0.3755453429061142, 'shap_norm_sq': 2.794473558168363}
{'sample_size': 600, 'difference': -26, 'noise': 0.0005, 'n': 60, 'shap_error': 0.004924427091932526, 'shap_norm_sq': 2.2644195734741537}
{'sample_size': 600, 'difference': -8, 'noise': 0.001, 'n': 60, 'shap_error': 0.005508498775414592, 'shap_norm_sq': 2.2644195734741537}
{'sample_size': 600, 'difference': 2, 'noise': 0.005, 'n': 60, 'shap_error': 0.004419637658412469, 'shap_norm_sq': 2.2644195734741537}
{'sample_size': 600, 'difference': 38, 'noise': 0.01, 'n': 60, 'shap_error': 0.008543676966462507, 'shap_norm_sq': 2.2644195734741537}
{'sample_size': 600, 'difference': -28, 'noise': 0.05, 'n': 60, 'shap_error': 0.008338572283970525, 'shap_norm_sq': 2.2644195734741537}
{'sample_size': 600, 'difference': -56, 'noise': 0.1, 'n': 60, 'shap_error': 0.01328899530253112, 'shap_norm_sq': 2.2644195734741537}
{'sample_size': 600, 'difference': 12, 'noise': 0.5, 'n': 60, 'shap_error': 0.13273585202215715, 'shap_norm_sq': 2.2644195734741537}
{'sample_size': 600, 'difference': -50, 'noise': 1, 'n': 60, 'shap_error': 0.5935698522434767, 'shap_norm_sq': 2.2644195734741537}
{'sample_size': 600, 'difference': 58, 'noise': 0.0005, 'n': 60, 'shap_error': 0.0035468596106144846, 'shap_norm_sq': 4.393863153876186}
{'sample_size': 600, 'difference': 46, 'noise': 0.001, 'n': 60, 'shap_error': 0.0036609326230711914, 'shap_norm_sq': 4.393863153876186}
{'sample_size': 600, 'difference': -6, 'noise': 0.005, 'n': 60, 'shap_error': 0.003071626292717329, 'shap_norm_sq': 4.393863153876186}
{'sample_size': 600, 'difference': -54, 'noise': 0.01, 'n': 60, 'shap_error': 0.0025366021229323633, 'shap_norm_sq': 4.393863153876186}
{'sample_size': 600, 'difference': 44, 'noise': 0.05, 'n': 60, 'shap_error': 0.002991224703216227, 'shap_norm_sq': 4.393863153876186}
{'sample_size': 600, 'difference': 16, 'noise': 0.1, 'n': 60, 'shap_error': 0.0060793479226204225, 'shap_norm_sq': 4.393863153876186}
{'sample_size': 600, 'difference': -6, 'noise': 0.5, 'n': 60, 'shap_error': 0.08516312973654062, 'shap_norm_sq': 4.393863153876186}
{'sample_size': 600, 'difference': 16, 'noise': 1, 'n': 60, 'shap_error': 0.20675852673019798, 'shap_norm_sq': 4.393863153876186}
{'sample_size': 600, 'difference': 38, 'noise': 0.0005, 'n': 60, 'shap_error': 0.002805891362893299, 'shap_norm_sq': 2.5636394375721077}
{'sample_size': 600, 'difference': 2, 'noise': 0.001, 'n': 60, 'shap_error': 0.002949864466931515, 'shap_norm_sq': 2.5636394375721077}
{'sample_size': 600, 'difference': -26, 'noise': 0.005, 'n': 60, 'shap_error': 0.002051480105868883, 'shap_norm_sq': 2.5636394375721077}
{'sample_size': 600, 'difference': 20, 'noise': 0.01, 'n': 60, 'shap_error': 0.00384502035225086, 'shap_norm_sq': 2.5636394375721077}
{'sample_size': 600, 'difference': 42, 'noise': 0.05, 'n': 60, 'shap_error': 0.003434325429578216, 'shap_norm_sq': 2.5636394375721077}
{'sample_size': 600, 'difference': -46, 'noise': 0.1, 'n': 60, 'shap_error': 0.012756127177200205, 'shap_norm_sq': 2.5636394375721077}
{'sample_size': 600, 'difference': -14, 'noise': 0.5, 'n': 60, 'shap_error': 0.22191556945754512, 'shap_norm_sq': 2.5636394375721077}
{'sample_size': 600, 'difference': 32, 'noise': 1, 'n': 60, 'shap_error': 0.9577479170865139, 'shap_norm_sq': 2.5636394375721077}
{'sample_size': 600, 'difference': 14, 'noise': 0.0005, 'n': 60, 'shap_error': 0.004468010618360603, 'shap_norm_sq': 4.090304126514424}
{'sample_size': 600, 'difference': -16, 'noise': 0.001, 'n': 60, 'shap_error': 0.005621792155168661, 'shap_norm_sq': 4.090304126514424}
{'sample_size': 600, 'difference': 18, 'noise': 0.005, 'n': 60, 'shap_error': 0.0038471702070983368, 'shap_norm_sq': 4.090304126514424}
{'sample_size': 600, 'difference': -6, 'noise': 0.01, 'n': 60, 'shap_error': 0.005762914605375451, 'shap_norm_sq': 4.090304126514424}
{'sample_size': 600, 'difference': 22, 'noise': 0.05, 'n': 60, 'shap_error': 0.00726947295971555, 'shap_norm_sq': 4.090304126514424}
{'sample_size': 600, 'difference': 18, 'noise': 0.1, 'n': 60, 'shap_error': 0.008564205793246033, 'shap_norm_sq': 4.090304126514424}
{'sample_size': 600, 'difference': 0, 'noise': 0.5, 'n': 60, 'shap_error': 0.13987461581941119, 'shap_norm_sq': 4.090304126514424}
{'sample_size': 600, 'difference': 16, 'noise': 1, 'n': 60, 'shap_error': 0.46831110022440353, 'shap_norm_sq': 4.090304126514424}
{'sample_size': 600, 'difference': -10, 'noise': 0.0005, 'n': 60, 'shap_error': 0.0019053137119080172, 'shap_norm_sq': 2.550440744513126}
{'sample_size': 600, 'difference': 6, 'noise': 0.001, 'n': 60, 'shap_error': 0.0024143638175560195, 'shap_norm_sq': 2.550440744513126}
{'sample_size': 600, 'difference': -40, 'noise': 0.005, 'n': 60, 'shap_error': 0.0022765641936453402, 'shap_norm_sq': 2.550440744513126}
{'sample_size': 600, 'difference': 8, 'noise': 0.01, 'n': 60, 'shap_error': 0.0026762576128407443, 'shap_norm_sq': 2.550440744513126}
{'sample_size': 600, 'difference': -6, 'noise': 0.05, 'n': 60, 'shap_error': 0.0032049552124489194, 'shap_norm_sq': 2.550440744513126}
{'sample_size': 600, 'difference': -18, 'noise': 0.1, 'n': 60, 'shap_error': 0.011039952294703012, 'shap_norm_sq': 2.550440744513126}
{'sample_size': 600, 'difference': 30, 'noise': 0.5, 'n': 60, 'shap_error': 0.16862146792919538, 'shap_norm_sq': 2.550440744513126}
{'sample_size': 600, 'difference': 0, 'noise': 1, 'n': 60, 'shap_error': 0.8843969849982716, 'shap_norm_sq': 2.550440744513126}
{'sample_size': 600, 'difference': -72, 'noise': 0.0005, 'n': 60, 'shap_error': 0.01898414053499027, 'shap_norm_sq': 6.258291052719591}
{'sample_size': 600, 'difference': 6, 'noise': 0.001, 'n': 60, 'shap_error': 0.010609646846793842, 'shap_norm_sq': 6.258291052719591}
{'sample_size': 600, 'difference': -62, 'noise': 0.005, 'n': 60, 'shap_error': 0.011844312100017972, 'shap_norm_sq': 6.258291052719591}
{'sample_size': 600, 'difference': 28, 'noise': 0.01, 'n': 60, 'shap_error': 0.014896825956549883, 'shap_norm_sq': 6.258291052719591}
{'sample_size': 600, 'difference': 52, 'noise': 0.05, 'n': 60, 'shap_error': 0.016640768785849042, 'shap_norm_sq': 6.258291052719591}
{'sample_size': 600, 'difference': 62, 'noise': 0.1, 'n': 60, 'shap_error': 0.01501969117750373, 'shap_norm_sq': 6.258291052719591}
{'sample_size': 600, 'difference': 26, 'noise': 0.5, 'n': 60, 'shap_error': 0.07077073464742094, 'shap_norm_sq': 6.258291052719591}
{'sample_size': 600, 'difference': -102, 'noise': 1, 'n': 60, 'shap_error': 0.2315242881430216, 'shap_norm_sq': 6.258291052719591}
{'sample_size': 600, 'difference': -10, 'noise': 0.0005, 'n': 60, 'shap_error': 0.0010916514177128683, 'shap_norm_sq': 1.8045245475002565}
{'sample_size': 600, 'difference': 28, 'noise': 0.001, 'n': 60, 'shap_error': 0.0011575055609254965, 'shap_norm_sq': 1.8045245475002565}
{'sample_size': 600, 'difference': -30, 'noise': 0.005, 'n': 60, 'shap_error': 0.0017524026575080035, 'shap_norm_sq': 1.8045245475002565}
{'sample_size': 600, 'difference': -40, 'noise': 0.01, 'n': 60, 'shap_error': 0.0014629109252068506, 'shap_norm_sq': 1.8045245475002565}
{'sample_size': 600, 'difference': -6, 'noise': 0.05, 'n': 60, 'shap_error': 0.00509550950810272, 'shap_norm_sq': 1.8045245475002565}
{'sample_size': 600, 'difference': -2, 'noise': 0.1, 'n': 60, 'shap_error': 0.01532709276993747, 'shap_norm_sq': 1.8045245475002565}
{'sample_size': 600, 'difference': -36, 'noise': 0.5, 'n': 60, 'shap_error': 0.3994500864537355, 'shap_norm_sq': 1.8045245475002565}
{'sample_size': 600, 'difference': 10, 'noise': 1, 'n': 60, 'shap_error': 1.8415155863916908, 'shap_norm_sq': 1.8045245475002565}
{'sample_size': 600, 'difference': -4, 'noise': 0.0005, 'n': 60, 'shap_error': 0.0044315606035914236, 'shap_norm_sq': 4.368848162616251}
{'sample_size': 600, 'difference': -8, 'noise': 0.001, 'n': 60, 'shap_error': 0.0034213461645404993, 'shap_norm_sq': 4.368848162616251}
{'sample_size': 600, 'difference': 12, 'noise': 0.005, 'n': 60, 'shap_error': 0.0031820512326939006, 'shap_norm_sq': 4.368848162616251}
{'sample_size': 600, 'difference': -38, 'noise': 0.01, 'n': 60, 'shap_error': 0.0033778283095696206, 'shap_norm_sq': 4.368848162616251}
{'sample_size': 600, 'difference': -2, 'noise': 0.05, 'n': 60, 'shap_error': 0.0028996585193752774, 'shap_norm_sq': 4.368848162616251}
{'sample_size': 600, 'difference': -72, 'noise': 0.1, 'n': 60, 'shap_error': 0.013914214441494231, 'shap_norm_sq': 4.368848162616251}
{'sample_size': 600, 'difference': 10, 'noise': 0.5, 'n': 60, 'shap_error': 0.06117842122210793, 'shap_norm_sq': 4.368848162616251}
{'sample_size': 600, 'difference': 38, 'noise': 1, 'n': 60, 'shap_error': 0.3680395768023594, 'shap_norm_sq': 4.368848162616251}
{'sample_size': 600, 'difference': -2, 'noise': 0.0005, 'n': 60, 'shap_error': 0.0050847208065508175, 'shap_norm_sq': 5.200741805600498}
{'sample_size': 600, 'difference': -8, 'noise': 0.001, 'n': 60, 'shap_error': 0.006410132336809588, 'shap_norm_sq': 5.200741805600498}
{'sample_size': 600, 'difference': -46, 'noise': 0.005, 'n': 60, 'shap_error': 0.009744091565913906, 'shap_norm_sq': 5.200741805600498}
{'sample_size': 600, 'difference': 58, 'noise': 0.01, 'n': 60, 'shap_error': 0.010433036869875593, 'shap_norm_sq': 5.200741805600498}
{'sample_size': 600, 'difference': 10, 'noise': 0.05, 'n': 60, 'shap_error': 0.00685458212578535, 'shap_norm_sq': 5.200741805600498}
{'sample_size': 600, 'difference': -34, 'noise': 0.1, 'n': 60, 'shap_error': 0.01727312816375873, 'shap_norm_sq': 5.200741805600498}
{'sample_size': 600, 'difference': -30, 'noise': 0.5, 'n': 60, 'shap_error': 0.0783883409104845, 'shap_norm_sq': 5.200741805600498}
{'sample_size': 600, 'difference': 66, 'noise': 1, 'n': 60, 'shap_error': 0.20864737243697362, 'shap_norm_sq': 5.200741805600498}
{'sample_size': 600, 'difference': 18, 'noise': 0.0005, 'n': 60, 'shap_error': 0.013613928829607633, 'shap_norm_sq': 5.142255328261924}
{'sample_size': 600, 'difference': -70, 'noise': 0.001, 'n': 60, 'shap_error': 0.03244823827346689, 'shap_norm_sq': 5.142255328261924}
{'sample_size': 600, 'difference': 52, 'noise': 0.005, 'n': 60, 'shap_error': 0.014270111755578357, 'shap_norm_sq': 5.142255328261924}
{'sample_size': 600, 'difference': 0, 'noise': 0.01, 'n': 60, 'shap_error': 0.02232281704034408, 'shap_norm_sq': 5.142255328261924}
{'sample_size': 600, 'difference': -44, 'noise': 0.05, 'n': 60, 'shap_error': 0.015697494250512926, 'shap_norm_sq': 5.142255328261924}
{'sample_size': 600, 'difference': -6, 'noise': 0.1, 'n': 60, 'shap_error': 0.02214310165567025, 'shap_norm_sq': 5.142255328261924}
{'sample_size': 600, 'difference': -32, 'noise': 0.5, 'n': 60, 'shap_error': 0.08541827697010462, 'shap_norm_sq': 5.142255328261924}
{'sample_size': 600, 'difference': 46, 'noise': 1, 'n': 60, 'shap_error': 0.44832533278201125, 'shap_norm_sq': 5.142255328261924}
