{'sample_size': 300, 'difference': 0, 'noise': 0, 'n': 60, 'shap_error': 0.00723612017192718, 'shap_norm_sq': 3.4714386616135187}
{'sample_size': 600, 'difference': 0, 'noise': 0, 'n': 60, 'shap_error': 0.0032982717162570014, 'shap_norm_sq': 3.4714386616135187}
{'sample_size': 1200, 'difference': 0, 'noise': 0, 'n': 60, 'shap_error': 0.002289437561747144, 'shap_norm_sq': 3.4714386616135187}
{'sample_size': 2400, 'difference': 0, 'noise': 0, 'n': 60, 'shap_error': 0.0008067992125896504, 'shap_norm_sq': 3.4714386616135187}
{'sample_size': 4800, 'difference': 0, 'noise': 0, 'n': 60, 'shap_error': 0.00045535457960178957, 'shap_norm_sq': 3.4714386616135187}
{'sample_size': 9600, 'difference': 0, 'noise': 0, 'n': 60, 'shap_error': 0.0001394493145318276, 'shap_norm_sq': 3.4714386616135187}
{'sample_size': 300, 'difference': 0, 'noise': 0, 'n': 60, 'shap_error': 0.02847766036702877, 'shap_norm_sq': 6.49069985278087}
{'sample_size': 600, 'difference': 0, 'noise': 0, 'n': 60, 'shap_error': 0.00741143783883234, 'shap_norm_sq': 6.49069985278087}
{'sample_size': 1200, 'difference': 0, 'noise': 0, 'n': 60, 'shap_error': 0.004672727261756142, 'shap_norm_sq': 6.49069985278087}
{'sample_size': 2400, 'difference': 0, 'noise': 0, 'n': 60, 'shap_error': 0.001838585375998843, 'shap_norm_sq': 6.49069985278087}
{'sample_size': 4800, 'difference': 0, 'noise': 0, 'n': 60, 'shap_error': 0.0007276011059375736, 'shap_norm_sq': 6.49069985278087}
{'sample_size': 9600, 'difference': 0, 'noise': 0, 'n': 60, 'shap_error': 0.0005924136427309921, 'shap_norm_sq': 6.49069985278087}
{'sample_size': 300, 'difference': 0, 'noise': 0, 'n': 60, 'shap_error': 0.023230578511440787, 'shap_norm_sq': 4.33959584084788}
{'sample_size': 600, 'difference': 0, 'noise': 0, 'n': 60, 'shap_error': 0.005375481319084624, 'shap_norm_sq': 4.33959584084788}
{'sample_size': 1200, 'difference': 0, 'noise': 0, 'n': 60, 'shap_error': 0.0036579305794175163, 'shap_norm_sq': 4.33959584084788}
{'sample_size': 2400, 'difference': 0, 'noise': 0, 'n': 60, 'shap_error': 0.002030818753655393, 'shap_norm_sq': 4.33959584084788}
{'sample_size': 4800, 'difference': 0, 'noise': 0, 'n': 60, 'shap_error': 0.0010241804483558702, 'shap_norm_sq': 4.33959584084788}
{'sample_size': 9600, 'difference': 0, 'noise': 0, 'n': 60, 'shap_error': 0.0004880321136955288, 'shap_norm_sq': 4.33959584084788}
{'sample_size': 300, 'difference': 0, 'noise': 0, 'n': 60, 'shap_error': 0.005565820300763674, 'shap_norm_sq': 5.331550004345126}
{'sample_size': 600, 'difference': 0, 'noise': 0, 'n': 60, 'shap_error': 0.0014183214261012597, 'shap_norm_sq': 5.331550004345126}
{'sample_size': 1200, 'difference': 0, 'noise': 0, 'n': 60, 'shap_error': 0.0008170121106489811, 'shap_norm_sq': 5.331550004345126}
{'sample_size': 2400, 'difference': 0, 'noise': 0, 'n': 60, 'shap_error': 0.0003518301667289917, 'shap_norm_sq': 5.331550004345126}
{'sample_size': 4800, 'difference': 0, 'noise': 0, 'n': 60, 'shap_error': 0.0002236919072774219, 'shap_norm_sq': 5.331550004345126}
{'sample_size': 9600, 'difference': 0, 'noise': 0, 'n': 60, 'shap_error': 0.00011434443880069282, 'shap_norm_sq': 5.331550004345126}
{'sample_size': 300, 'difference': 0, 'noise': 0, 'n': 60, 'shap_error': 2.4925253843152955e-05, 'shap_norm_sq': 5.477425285147867}
{'sample_size': 600, 'difference': 0, 'noise': 0, 'n': 60, 'shap_error': 1.1302668566305216e-05, 'shap_norm_sq': 5.477425285147867}
{'sample_size': 1200, 'difference': 0, 'noise': 0, 'n': 60, 'shap_error': 8.531095855540573e-06, 'shap_norm_sq': 5.477425285147867}
{'sample_size': 2400, 'difference': 0, 'noise': 0, 'n': 60, 'shap_error': 2.7484242825404824e-06, 'shap_norm_sq': 5.477425285147867}
{'sample_size': 4800, 'difference': 0, 'noise': 0, 'n': 60, 'shap_error': 1.4775868319315307e-06, 'shap_norm_sq': 5.477425285147867}
{'sample_size': 9600, 'difference': 0, 'noise': 0, 'n': 60, 'shap_error': 6.336405367555488e-07, 'shap_norm_sq': 5.477425285147867}
{'sample_size': 300, 'difference': 0, 'noise': 0, 'n': 60, 'shap_error': 0.007985240065913184, 'shap_norm_sq': 4.63030460691581}
{'sample_size': 600, 'difference': 0, 'noise': 0, 'n': 60, 'shap_error': 0.002286143032646066, 'shap_norm_sq': 4.63030460691581}
{'sample_size': 1200, 'difference': 0, 'noise': 0, 'n': 60, 'shap_error': 0.0012275077066824056, 'shap_norm_sq': 4.63030460691581}
{'sample_size': 2400, 'difference': 0, 'noise': 0, 'n': 60, 'shap_error': 0.0005593711164780473, 'shap_norm_sq': 4.63030460691581}
{'sample_size': 4800, 'difference': 0, 'noise': 0, 'n': 60, 'shap_error': 0.00019254181318201327, 'shap_norm_sq': 4.63030460691581}
{'sample_size': 9600, 'difference': 0, 'noise': 0, 'n': 60, 'shap_error': 7.782614095971911e-05, 'shap_norm_sq': 4.63030460691581}
{'sample_size': 300, 'difference': 0, 'noise': 0, 'n': 60, 'shap_error': 0.010303737477962064, 'shap_norm_sq': 5.407976064110045}
{'sample_size': 600, 'difference': 0, 'noise': 0, 'n': 60, 'shap_error': 0.002425019237949329, 'shap_norm_sq': 5.407976064110045}
{'sample_size': 1200, 'difference': 0, 'noise': 0, 'n': 60, 'shap_error': 0.0019076628237105766, 'shap_norm_sq': 5.407976064110045}
{'sample_size': 2400, 'difference': 0, 'noise': 0, 'n': 60, 'shap_error': 0.0010373194811019036, 'shap_norm_sq': 5.407976064110045}
{'sample_size': 4800, 'difference': 0, 'noise': 0, 'n': 60, 'shap_error': 0.00040615008311930834, 'shap_norm_sq': 5.407976064110045}
{'sample_size': 9600, 'difference': 0, 'noise': 0, 'n': 60, 'shap_error': 0.00022540675243720512, 'shap_norm_sq': 5.407976064110045}
{'sample_size': 300, 'difference': 0, 'noise': 0, 'n': 60, 'shap_error': 0.006374455235316891, 'shap_norm_sq': 7.477124728176402}
{'sample_size': 600, 'difference': 0, 'noise': 0, 'n': 60, 'shap_error': 0.0033934173249441633, 'shap_norm_sq': 7.477124728176402}
{'sample_size': 1200, 'difference': 0, 'noise': 0, 'n': 60, 'shap_error': 0.0015536403595234327, 'shap_norm_sq': 7.477124728176402}
{'sample_size': 2400, 'difference': 0, 'noise': 0, 'n': 60, 'shap_error': 0.0008951655971855807, 'shap_norm_sq': 7.477124728176402}
{'sample_size': 4800, 'difference': 0, 'noise': 0, 'n': 60, 'shap_error': 0.00030113732520415737, 'shap_norm_sq': 7.477124728176402}
{'sample_size': 9600, 'difference': 0, 'noise': 0, 'n': 60, 'shap_error': 0.00011989541653260726, 'shap_norm_sq': 7.477124728176402}
{'sample_size': 300, 'difference': 0, 'noise': 0, 'n': 60, 'shap_error': 0.010225998684855242, 'shap_norm_sq': 5.3821000672537265}
{'sample_size': 600, 'difference': 0, 'noise': 0, 'n': 60, 'shap_error': 0.00488216907462336, 'shap_norm_sq': 5.3821000672537265}
{'sample_size': 1200, 'difference': 0, 'noise': 0, 'n': 60, 'shap_error': 0.001473272643911486, 'shap_norm_sq': 5.3821000672537265}
{'sample_size': 2400, 'difference': 0, 'noise': 0, 'n': 60, 'shap_error': 0.0010221631456933276, 'shap_norm_sq': 5.3821000672537265}
{'sample_size': 4800, 'difference': 0, 'noise': 0, 'n': 60, 'shap_error': 0.0005231397479116228, 'shap_norm_sq': 5.3821000672537265}
{'sample_size': 9600, 'difference': 0, 'noise': 0, 'n': 60, 'shap_error': 0.00023955874746193326, 'shap_norm_sq': 5.3821000672537265}
{'sample_size': 300, 'difference': 0, 'noise': 0, 'n': 60, 'shap_error': 0.011990762680341818, 'shap_norm_sq': 3.019764463476448}
{'sample_size': 600, 'difference': 0, 'noise': 0, 'n': 60, 'shap_error': 0.006152024531671173, 'shap_norm_sq': 3.019764463476448}
{'sample_size': 1200, 'difference': 0, 'noise': 0, 'n': 60, 'shap_error': 0.002066927538536009, 'shap_norm_sq': 3.019764463476448}
{'sample_size': 2400, 'difference': 0, 'noise': 0, 'n': 60, 'shap_error': 0.0011781035208155667, 'shap_norm_sq': 3.019764463476448}
{'sample_size': 4800, 'difference': 0, 'noise': 0, 'n': 60, 'shap_error': 0.0005242530425199827, 'shap_norm_sq': 3.019764463476448}
{'sample_size': 9600, 'difference': 0, 'noise': 0, 'n': 60, 'shap_error': 0.00017962643393204698, 'shap_norm_sq': 3.019764463476448}
{'sample_size': 300, 'difference': 0, 'noise': 0, 'n': 60, 'shap_error': 0.00281973866027166, 'shap_norm_sq': 5.514538739784413}
{'sample_size': 600, 'difference': 0, 'noise': 0, 'n': 60, 'shap_error': 0.0009646317397756047, 'shap_norm_sq': 5.514538739784413}
{'sample_size': 1200, 'difference': 0, 'noise': 0, 'n': 60, 'shap_error': 0.0005742436469976469, 'shap_norm_sq': 5.514538739784413}
{'sample_size': 2400, 'difference': 0, 'noise': 0, 'n': 60, 'shap_error': 0.0003923915428274787, 'shap_norm_sq': 5.514538739784413}
{'sample_size': 4800, 'difference': 0, 'noise': 0, 'n': 60, 'shap_error': 0.00012462161552531922, 'shap_norm_sq': 5.514538739784413}
{'sample_size': 9600, 'difference': 0, 'noise': 0, 'n': 60, 'shap_error': 7.16181757075501e-05, 'shap_norm_sq': 5.514538739784413}
{'sample_size': 300, 'difference': 0, 'noise': 0, 'n': 60, 'shap_error': 0.01825444565033195, 'shap_norm_sq': 2.7407092898068885}
{'sample_size': 600, 'difference': 0, 'noise': 0, 'n': 60, 'shap_error': 0.01516628589210822, 'shap_norm_sq': 2.7407092898068885}
{'sample_size': 1200, 'difference': 0, 'noise': 0, 'n': 60, 'shap_error': 0.006054732227294382, 'shap_norm_sq': 2.7407092898068885}
{'sample_size': 2400, 'difference': 0, 'noise': 0, 'n': 60, 'shap_error': 0.002266091910201518, 'shap_norm_sq': 2.7407092898068885}
{'sample_size': 4800, 'difference': 0, 'noise': 0, 'n': 60, 'shap_error': 0.0015917465174461263, 'shap_norm_sq': 2.7407092898068885}
{'sample_size': 9600, 'difference': 0, 'noise': 0, 'n': 60, 'shap_error': 0.0006630767522317523, 'shap_norm_sq': 2.7407092898068885}
{'sample_size': 300, 'difference': 0, 'noise': 0, 'n': 60, 'shap_error': 6.672219080848647e-05, 'shap_norm_sq': 2.72373910298738}
{'sample_size': 600, 'difference': 0, 'noise': 0, 'n': 60, 'shap_error': 1.709227946441346e-05, 'shap_norm_sq': 2.72373910298738}
{'sample_size': 1200, 'difference': 0, 'noise': 0, 'n': 60, 'shap_error': 8.724607437767322e-06, 'shap_norm_sq': 2.72373910298738}
{'sample_size': 2400, 'difference': 0, 'noise': 0, 'n': 60, 'shap_error': 6.378482502715946e-06, 'shap_norm_sq': 2.72373910298738}
{'sample_size': 4800, 'difference': 0, 'noise': 0, 'n': 60, 'shap_error': 2.7519432861512076e-06, 'shap_norm_sq': 2.72373910298738}
{'sample_size': 9600, 'difference': 0, 'noise': 0, 'n': 60, 'shap_error': 2.134067931998151e-06, 'shap_norm_sq': 2.72373910298738}
{'sample_size': 300, 'difference': 0, 'noise': 0, 'n': 60, 'shap_error': 0.009129320435265582, 'shap_norm_sq': 2.3946212505736986}
{'sample_size': 600, 'difference': 0, 'noise': 0, 'n': 60, 'shap_error': 0.0061246637812979385, 'shap_norm_sq': 2.3946212505736986}
{'sample_size': 1200, 'difference': 0, 'noise': 0, 'n': 60, 'shap_error': 0.0034456668160910207, 'shap_norm_sq': 2.3946212505736986}
{'sample_size': 2400, 'difference': 0, 'noise': 0, 'n': 60, 'shap_error': 0.001116723076289847, 'shap_norm_sq': 2.3946212505736986}
{'sample_size': 4800, 'difference': 0, 'noise': 0, 'n': 60, 'shap_error': 0.0006809567847669245, 'shap_norm_sq': 2.3946212505736986}
{'sample_size': 9600, 'difference': 0, 'noise': 0, 'n': 60, 'shap_error': 0.00026572765825349094, 'shap_norm_sq': 2.3946212505736986}
{'sample_size': 300, 'difference': 0, 'noise': 0, 'n': 60, 'shap_error': 0.02319774773556685, 'shap_norm_sq': 3.611813914653576}
{'sample_size': 600, 'difference': 0, 'noise': 0, 'n': 60, 'shap_error': 0.007507857770694216, 'shap_norm_sq': 3.611813914653576}
{'sample_size': 1200, 'difference': 0, 'noise': 0, 'n': 60, 'shap_error': 0.0021453332234504154, 'shap_norm_sq': 3.611813914653576}
{'sample_size': 2400, 'difference': 0, 'noise': 0, 'n': 60, 'shap_error': 0.0009966595725399876, 'shap_norm_sq': 3.611813914653576}
{'sample_size': 4800, 'difference': 0, 'noise': 0, 'n': 60, 'shap_error': 0.0004356155850825646, 'shap_norm_sq': 3.611813914653576}
{'sample_size': 9600, 'difference': 0, 'noise': 0, 'n': 60, 'shap_error': 0.00022712675985695567, 'shap_norm_sq': 3.611813914653576}
{'sample_size': 300, 'difference': 0, 'noise': 0, 'n': 60, 'shap_error': 0.009297094086072107, 'shap_norm_sq': 6.110289679220796}
{'sample_size': 600, 'difference': 0, 'noise': 0, 'n': 60, 'shap_error': 0.004980174538581877, 'shap_norm_sq': 6.110289679220796}
{'sample_size': 1200, 'difference': 0, 'noise': 0, 'n': 60, 'shap_error': 0.0015450785271585222, 'shap_norm_sq': 6.110289679220796}
{'sample_size': 2400, 'difference': 0, 'noise': 0, 'n': 60, 'shap_error': 0.0011405336161182046, 'shap_norm_sq': 6.110289679220796}
{'sample_size': 4800, 'difference': 0, 'noise': 0, 'n': 60, 'shap_error': 0.0005103525286091718, 'shap_norm_sq': 6.110289679220796}
{'sample_size': 9600, 'difference': 0, 'noise': 0, 'n': 60, 'shap_error': 0.0002591524886573469, 'shap_norm_sq': 6.110289679220796}
{'sample_size': 300, 'difference': 0, 'noise': 0, 'n': 60, 'shap_error': 0.020259805701620358, 'shap_norm_sq': 4.939908414866903}
{'sample_size': 600, 'difference': 0, 'noise': 0, 'n': 60, 'shap_error': 0.0062497670374603645, 'shap_norm_sq': 4.939908414866903}
{'sample_size': 1200, 'difference': 0, 'noise': 0, 'n': 60, 'shap_error': 0.002736754656616283, 'shap_norm_sq': 4.939908414866903}
{'sample_size': 2400, 'difference': 0, 'noise': 0, 'n': 60, 'shap_error': 0.001641007214165405, 'shap_norm_sq': 4.939908414866903}
{'sample_size': 4800, 'difference': 0, 'noise': 0, 'n': 60, 'shap_error': 0.0005842310438301566, 'shap_norm_sq': 4.939908414866903}
{'sample_size': 9600, 'difference': 0, 'noise': 0, 'n': 60, 'shap_error': 0.00026353182361634343, 'shap_norm_sq': 4.939908414866903}
{'sample_size': 300, 'difference': 0, 'noise': 0, 'n': 60, 'shap_error': 0.011439294362076453, 'shap_norm_sq': 4.140214548234926}
{'sample_size': 600, 'difference': 0, 'noise': 0, 'n': 60, 'shap_error': 0.004471644289654927, 'shap_norm_sq': 4.140214548234926}
{'sample_size': 1200, 'difference': 0, 'noise': 0, 'n': 60, 'shap_error': 0.002881115759780707, 'shap_norm_sq': 4.140214548234926}
{'sample_size': 2400, 'difference': 0, 'noise': 0, 'n': 60, 'shap_error': 0.0013844465799766848, 'shap_norm_sq': 4.140214548234926}
{'sample_size': 4800, 'difference': 0, 'noise': 0, 'n': 60, 'shap_error': 0.0004187577219322556, 'shap_norm_sq': 4.140214548234926}
{'sample_size': 9600, 'difference': 0, 'noise': 0, 'n': 60, 'shap_error': 0.00024448168891856196, 'shap_norm_sq': 4.140214548234926}
{'sample_size': 300, 'difference': 0, 'noise': 0, 'n': 60, 'shap_error': 0.0011671407878344777, 'shap_norm_sq': 2.594574315662022}
{'sample_size': 600, 'difference': 0, 'noise': 0, 'n': 60, 'shap_error': 0.00034962466520309257, 'shap_norm_sq': 2.594574315662022}
{'sample_size': 1200, 'difference': 0, 'noise': 0, 'n': 60, 'shap_error': 0.0002127560681098726, 'shap_norm_sq': 2.594574315662022}
{'sample_size': 2400, 'difference': 0, 'noise': 0, 'n': 60, 'shap_error': 8.964127179367611e-05, 'shap_norm_sq': 2.594574315662022}
{'sample_size': 4800, 'difference': 0, 'noise': 0, 'n': 60, 'shap_error': 2.9681811914807338e-05, 'shap_norm_sq': 2.594574315662022}
{'sample_size': 9600, 'difference': 0, 'noise': 0, 'n': 60, 'shap_error': 1.2490673331091852e-05, 'shap_norm_sq': 2.594574315662022}
{'sample_size': 300, 'difference': 0, 'noise': 0, 'n': 60, 'shap_error': 0.035294967419333995, 'shap_norm_sq': 2.4716292273318894}
{'sample_size': 600, 'difference': 0, 'noise': 0, 'n': 60, 'shap_error': 0.007839212111769366, 'shap_norm_sq': 2.4716292273318894}
{'sample_size': 1200, 'difference': 0, 'noise': 0, 'n': 60, 'shap_error': 0.003976323305440901, 'shap_norm_sq': 2.4716292273318894}
{'sample_size': 2400, 'difference': 0, 'noise': 0, 'n': 60, 'shap_error': 0.0015421188951988778, 'shap_norm_sq': 2.4716292273318894}
{'sample_size': 4800, 'difference': 0, 'noise': 0, 'n': 60, 'shap_error': 0.0009068012207487074, 'shap_norm_sq': 2.4716292273318894}
{'sample_size': 9600, 'difference': 0, 'noise': 0, 'n': 60, 'shap_error': 0.0004217971615114955, 'shap_norm_sq': 2.4716292273318894}
{'sample_size': 300, 'difference': 0, 'noise': 0, 'n': 60, 'shap_error': 0.0012186898042724243, 'shap_norm_sq': 2.2938318600579644}
{'sample_size': 600, 'difference': 0, 'noise': 0, 'n': 60, 'shap_error': 0.00040189094431283606, 'shap_norm_sq': 2.2938318600579644}
{'sample_size': 1200, 'difference': 0, 'noise': 0, 'n': 60, 'shap_error': 0.0001324705658144313, 'shap_norm_sq': 2.2938318600579644}
{'sample_size': 2400, 'difference': 0, 'noise': 0, 'n': 60, 'shap_error': 4.928105574000099e-05, 'shap_norm_sq': 2.2938318600579644}
{'sample_size': 4800, 'difference': 0, 'noise': 0, 'n': 60, 'shap_error': 2.6063661505986067e-05, 'shap_norm_sq': 2.2938318600579644}
{'sample_size': 9600, 'difference': 0, 'noise': 0, 'n': 60, 'shap_error': 1.6446765008263712e-05, 'shap_norm_sq': 2.2938318600579644}
{'sample_size': 300, 'difference': 0, 'noise': 0, 'n': 60, 'shap_error': 0.025684113867349884, 'shap_norm_sq': 3.501341715022203}
{'sample_size': 600, 'difference': 0, 'noise': 0, 'n': 60, 'shap_error': 0.009416911864497283, 'shap_norm_sq': 3.501341715022203}
{'sample_size': 1200, 'difference': 0, 'noise': 0, 'n': 60, 'shap_error': 0.004364561866496814, 'shap_norm_sq': 3.501341715022203}
{'sample_size': 2400, 'difference': 0, 'noise': 0, 'n': 60, 'shap_error': 0.002328500019295361, 'shap_norm_sq': 3.501341715022203}
{'sample_size': 4800, 'difference': 0, 'noise': 0, 'n': 60, 'shap_error': 0.0011848113366960296, 'shap_norm_sq': 3.501341715022203}
{'sample_size': 9600, 'difference': 0, 'noise': 0, 'n': 60, 'shap_error': 0.0005863980351821676, 'shap_norm_sq': 3.501341715022203}
{'sample_size': 300, 'difference': 0, 'noise': 0, 'n': 60, 'shap_error': 0.02428119643008535, 'shap_norm_sq': 5.842968256389947}
{'sample_size': 600, 'difference': 0, 'noise': 0, 'n': 60, 'shap_error': 0.009615545105311691, 'shap_norm_sq': 5.842968256389947}
{'sample_size': 1200, 'difference': 0, 'noise': 0, 'n': 60, 'shap_error': 0.003638315254578534, 'shap_norm_sq': 5.842968256389947}
{'sample_size': 2400, 'difference': 0, 'noise': 0, 'n': 60, 'shap_error': 0.002077003942223412, 'shap_norm_sq': 5.842968256389947}
{'sample_size': 4800, 'difference': 0, 'noise': 0, 'n': 60, 'shap_error': 0.0010131987625980553, 'shap_norm_sq': 5.842968256389947}
{'sample_size': 9600, 'difference': 0, 'noise': 0, 'n': 60, 'shap_error': 0.00042634093241923106, 'shap_norm_sq': 5.842968256389947}
{'sample_size': 300, 'difference': 0, 'noise': 0, 'n': 60, 'shap_error': 0.006180334429657202, 'shap_norm_sq': 3.337841614193706}
{'sample_size': 600, 'difference': 0, 'noise': 0, 'n': 60, 'shap_error': 0.0019755892750398787, 'shap_norm_sq': 3.337841614193706}
{'sample_size': 1200, 'difference': 0, 'noise': 0, 'n': 60, 'shap_error': 0.000975842723995557, 'shap_norm_sq': 3.337841614193706}
{'sample_size': 2400, 'difference': 0, 'noise': 0, 'n': 60, 'shap_error': 0.00044479513664983045, 'shap_norm_sq': 3.337841614193706}
{'sample_size': 4800, 'difference': 0, 'noise': 0, 'n': 60, 'shap_error': 0.00016133647886165767, 'shap_norm_sq': 3.337841614193706}
{'sample_size': 9600, 'difference': 0, 'noise': 0, 'n': 60, 'shap_error': 8.925644837334982e-05, 'shap_norm_sq': 3.337841614193706}
{'sample_size': 300, 'difference': 0, 'noise': 0, 'n': 60, 'shap_error': 0.0077320602897925274, 'shap_norm_sq': 4.828759238028076}
{'sample_size': 600, 'difference': 0, 'noise': 0, 'n': 60, 'shap_error': 0.0020803259316052028, 'shap_norm_sq': 4.828759238028076}
{'sample_size': 1200, 'difference': 0, 'noise': 0, 'n': 60, 'shap_error': 0.0013999860154717146, 'shap_norm_sq': 4.828759238028076}
{'sample_size': 2400, 'difference': 0, 'noise': 0, 'n': 60, 'shap_error': 0.00029585147117027106, 'shap_norm_sq': 4.828759238028076}
{'sample_size': 4800, 'difference': 0, 'noise': 0, 'n': 60, 'shap_error': 0.0002660311299097919, 'shap_norm_sq': 4.828759238028076}
{'sample_size': 9600, 'difference': 0, 'noise': 0, 'n': 60, 'shap_error': 0.00013367758641803432, 'shap_norm_sq': 4.828759238028076}
{'sample_size': 300, 'difference': 0, 'noise': 0, 'n': 60, 'shap_error': 0.024345641457760202, 'shap_norm_sq': 4.754704381466296}
{'sample_size': 600, 'difference': 0, 'noise': 0, 'n': 60, 'shap_error': 0.005359405411094645, 'shap_norm_sq': 4.754704381466296}
{'sample_size': 1200, 'difference': 0, 'noise': 0, 'n': 60, 'shap_error': 0.0035043985963370736, 'shap_norm_sq': 4.754704381466296}
{'sample_size': 2400, 'difference': 0, 'noise': 0, 'n': 60, 'shap_error': 0.0019704164881749445, 'shap_norm_sq': 4.754704381466296}
{'sample_size': 4800, 'difference': 0, 'noise': 0, 'n': 60, 'shap_error': 0.0010484510313713313, 'shap_norm_sq': 4.754704381466296}
{'sample_size': 9600, 'difference': 0, 'noise': 0, 'n': 60, 'shap_error': 0.0003553099790400608, 'shap_norm_sq': 4.754704381466296}
{'sample_size': 300, 'difference': 0, 'noise': 0, 'n': 60, 'shap_error': 0.015536958637256086, 'shap_norm_sq': 5.050699731857153}
{'sample_size': 600, 'difference': 0, 'noise': 0, 'n': 60, 'shap_error': 0.004790553394197334, 'shap_norm_sq': 5.050699731857153}
{'sample_size': 1200, 'difference': 0, 'noise': 0, 'n': 60, 'shap_error': 0.001758508851654622, 'shap_norm_sq': 5.050699731857153}
{'sample_size': 2400, 'difference': 0, 'noise': 0, 'n': 60, 'shap_error': 0.0009178046483498222, 'shap_norm_sq': 5.050699731857153}
{'sample_size': 4800, 'difference': 0, 'noise': 0, 'n': 60, 'shap_error': 0.0006255230023975393, 'shap_norm_sq': 5.050699731857153}
{'sample_size': 9600, 'difference': 0, 'noise': 0, 'n': 60, 'shap_error': 0.00021683819783021013, 'shap_norm_sq': 5.050699731857153}
{'sample_size': 300, 'difference': 0, 'noise': 0, 'n': 60, 'shap_error': 0.0035041795260349006, 'shap_norm_sq': 3.2353182230297977}
{'sample_size': 600, 'difference': 0, 'noise': 0, 'n': 60, 'shap_error': 0.0014094383431486098, 'shap_norm_sq': 3.2353182230297977}
{'sample_size': 1200, 'difference': 0, 'noise': 0, 'n': 60, 'shap_error': 0.0006904658049372945, 'shap_norm_sq': 3.2353182230297977}
{'sample_size': 2400, 'difference': 0, 'noise': 0, 'n': 60, 'shap_error': 0.0004522384613421506, 'shap_norm_sq': 3.2353182230297977}
{'sample_size': 4800, 'difference': 0, 'noise': 0, 'n': 60, 'shap_error': 0.00015745996096175923, 'shap_norm_sq': 3.2353182230297977}
{'sample_size': 9600, 'difference': 0, 'noise': 0, 'n': 60, 'shap_error': 0.00011078508138804533, 'shap_norm_sq': 3.2353182230297977}
{'sample_size': 300, 'difference': 0, 'noise': 0, 'n': 60, 'shap_error': 0.020504498200482297, 'shap_norm_sq': 2.309799239147193}
{'sample_size': 600, 'difference': 0, 'noise': 0, 'n': 60, 'shap_error': 0.008497588728047225, 'shap_norm_sq': 2.309799239147193}
{'sample_size': 1200, 'difference': 0, 'noise': 0, 'n': 60, 'shap_error': 0.002841951303925926, 'shap_norm_sq': 2.309799239147193}
{'sample_size': 2400, 'difference': 0, 'noise': 0, 'n': 60, 'shap_error': 0.002049711179834422, 'shap_norm_sq': 2.309799239147193}
{'sample_size': 4800, 'difference': 0, 'noise': 0, 'n': 60, 'shap_error': 0.0008577472404460183, 'shap_norm_sq': 2.309799239147193}
{'sample_size': 9600, 'difference': 0, 'noise': 0, 'n': 60, 'shap_error': 0.0004596580774429865, 'shap_norm_sq': 2.309799239147193}
{'sample_size': 300, 'difference': 0, 'noise': 0, 'n': 60, 'shap_error': 0.026305608356968144, 'shap_norm_sq': 2.8795654810491222}
{'sample_size': 600, 'difference': 0, 'noise': 0, 'n': 60, 'shap_error': 0.006814132955456815, 'shap_norm_sq': 2.8795654810491222}
{'sample_size': 1200, 'difference': 0, 'noise': 0, 'n': 60, 'shap_error': 0.003609807061971199, 'shap_norm_sq': 2.8795654810491222}
{'sample_size': 2400, 'difference': 0, 'noise': 0, 'n': 60, 'shap_error': 0.0015791384833936956, 'shap_norm_sq': 2.8795654810491222}
{'sample_size': 4800, 'difference': 0, 'noise': 0, 'n': 60, 'shap_error': 0.0006274198199966097, 'shap_norm_sq': 2.8795654810491222}
{'sample_size': 9600, 'difference': 0, 'noise': 0, 'n': 60, 'shap_error': 0.0004288445127900358, 'shap_norm_sq': 2.8795654810491222}
{'sample_size': 300, 'difference': 0, 'noise': 0, 'n': 60, 'shap_error': 0.0293852390137679, 'shap_norm_sq': 4.700157211327395}
{'sample_size': 600, 'difference': 0, 'noise': 0, 'n': 60, 'shap_error': 0.009585844022664465, 'shap_norm_sq': 4.700157211327395}
{'sample_size': 1200, 'difference': 0, 'noise': 0, 'n': 60, 'shap_error': 0.0032679221796490495, 'shap_norm_sq': 4.700157211327395}
{'sample_size': 2400, 'difference': 0, 'noise': 0, 'n': 60, 'shap_error': 0.0013436704929859788, 'shap_norm_sq': 4.700157211327395}
{'sample_size': 4800, 'difference': 0, 'noise': 0, 'n': 60, 'shap_error': 0.0007171308372308511, 'shap_norm_sq': 4.700157211327395}
{'sample_size': 9600, 'difference': 0, 'noise': 0, 'n': 60, 'shap_error': 0.0003875570977404836, 'shap_norm_sq': 4.700157211327395}
{'sample_size': 300, 'difference': 0, 'noise': 0, 'n': 60, 'shap_error': 0.01326237073782205, 'shap_norm_sq': 4.542230419539009}
{'sample_size': 600, 'difference': 0, 'noise': 0, 'n': 60, 'shap_error': 0.007010089129888821, 'shap_norm_sq': 4.542230419539009}
{'sample_size': 1200, 'difference': 0, 'noise': 0, 'n': 60, 'shap_error': 0.002528230705010262, 'shap_norm_sq': 4.542230419539009}
{'sample_size': 2400, 'difference': 0, 'noise': 0, 'n': 60, 'shap_error': 0.00108199633252771, 'shap_norm_sq': 4.542230419539009}
{'sample_size': 4800, 'difference': 0, 'noise': 0, 'n': 60, 'shap_error': 0.0005881128800048766, 'shap_norm_sq': 4.542230419539009}
{'sample_size': 9600, 'difference': 0, 'noise': 0, 'n': 60, 'shap_error': 0.00041473105548125354, 'shap_norm_sq': 4.542230419539009}
{'sample_size': 300, 'difference': 0, 'noise': 0, 'n': 60, 'shap_error': 0.05609245903171199, 'shap_norm_sq': 3.7438826940305447}
{'sample_size': 600, 'difference': 0, 'noise': 0, 'n': 60, 'shap_error': 0.012870369917306963, 'shap_norm_sq': 3.7438826940305447}
{'sample_size': 1200, 'difference': 0, 'noise': 0, 'n': 60, 'shap_error': 0.005754902374304447, 'shap_norm_sq': 3.7438826940305447}
{'sample_size': 2400, 'difference': 0, 'noise': 0, 'n': 60, 'shap_error': 0.002394932976834077, 'shap_norm_sq': 3.7438826940305447}
{'sample_size': 4800, 'difference': 0, 'noise': 0, 'n': 60, 'shap_error': 0.0013575925246926519, 'shap_norm_sq': 3.7438826940305447}
{'sample_size': 9600, 'difference': 0, 'noise': 0, 'n': 60, 'shap_error': 0.0004769748082747614, 'shap_norm_sq': 3.7438826940305447}
{'sample_size': 300, 'difference': 0, 'noise': 0, 'n': 60, 'shap_error': 0.0036574911239896086, 'shap_norm_sq': 1.8045245475002565}
{'sample_size': 600, 'difference': 0, 'noise': 0, 'n': 60, 'shap_error': 0.000955966001876719, 'shap_norm_sq': 1.8045245475002565}
{'sample_size': 1200, 'difference': 0, 'noise': 0, 'n': 60, 'shap_error': 0.0006033204936910953, 'shap_norm_sq': 1.8045245475002565}
{'sample_size': 2400, 'difference': 0, 'noise': 0, 'n': 60, 'shap_error': 0.00024906872560175264, 'shap_norm_sq': 1.8045245475002565}
{'sample_size': 4800, 'difference': 0, 'noise': 0, 'n': 60, 'shap_error': 0.00011345332566137161, 'shap_norm_sq': 1.8045245475002565}
{'sample_size': 9600, 'difference': 0, 'noise': 0, 'n': 60, 'shap_error': 7.073371812660032e-05, 'shap_norm_sq': 1.8045245475002565}
{'sample_size': 300, 'difference': 0, 'noise': 0, 'n': 60, 'shap_error': 0.033041910700527734, 'shap_norm_sq': 4.670767907493888}
{'sample_size': 600, 'difference': 0, 'noise': 0, 'n': 60, 'shap_error': 0.0070966401308814675, 'shap_norm_sq': 4.670767907493888}
{'sample_size': 1200, 'difference': 0, 'noise': 0, 'n': 60, 'shap_error': 0.004740078208016924, 'shap_norm_sq': 4.670767907493888}
{'sample_size': 2400, 'difference': 0, 'noise': 0, 'n': 60, 'shap_error': 0.0017280840768264351, 'shap_norm_sq': 4.670767907493888}
{'sample_size': 4800, 'difference': 0, 'noise': 0, 'n': 60, 'shap_error': 0.0008081149379579076, 'shap_norm_sq': 4.670767907493888}
{'sample_size': 9600, 'difference': 0, 'noise': 0, 'n': 60, 'shap_error': 0.0005977969468589934, 'shap_norm_sq': 4.670767907493888}
{'sample_size': 300, 'difference': 0, 'noise': 0, 'n': 60, 'shap_error': 0.033284468690315816, 'shap_norm_sq': 3.4974771148925172}
{'sample_size': 600, 'difference': 0, 'noise': 0, 'n': 60, 'shap_error': 0.01047880793815545, 'shap_norm_sq': 3.4974771148925172}
{'sample_size': 1200, 'difference': 0, 'noise': 0, 'n': 60, 'shap_error': 0.004060120971382576, 'shap_norm_sq': 3.4974771148925172}
{'sample_size': 2400, 'difference': 0, 'noise': 0, 'n': 60, 'shap_error': 0.001630204464319992, 'shap_norm_sq': 3.4974771148925172}
{'sample_size': 4800, 'difference': 0, 'noise': 0, 'n': 60, 'shap_error': 0.0011265043607148327, 'shap_norm_sq': 3.4974771148925172}
{'sample_size': 9600, 'difference': 0, 'noise': 0, 'n': 60, 'shap_error': 0.0005407180531168702, 'shap_norm_sq': 3.4974771148925172}
{'sample_size': 300, 'difference': 0, 'noise': 0, 'n': 60, 'shap_error': 0.02993669371670649, 'shap_norm_sq': 4.675516789318044}
{'sample_size': 600, 'difference': 0, 'noise': 0, 'n': 60, 'shap_error': 0.012120283253736862, 'shap_norm_sq': 4.675516789318044}
{'sample_size': 1200, 'difference': 0, 'noise': 0, 'n': 60, 'shap_error': 0.004238755942988098, 'shap_norm_sq': 4.675516789318044}
{'sample_size': 2400, 'difference': 0, 'noise': 0, 'n': 60, 'shap_error': 0.002169941833850578, 'shap_norm_sq': 4.675516789318044}
{'sample_size': 4800, 'difference': 0, 'noise': 0, 'n': 60, 'shap_error': 0.0010166400316096143, 'shap_norm_sq': 4.675516789318044}
{'sample_size': 9600, 'difference': 0, 'noise': 0, 'n': 60, 'shap_error': 0.0003684316990721503, 'shap_norm_sq': 4.675516789318044}
{'sample_size': 300, 'difference': 0, 'noise': 0, 'n': 60, 'shap_error': 0.028619211837186218, 'shap_norm_sq': 4.751249512422579}
{'sample_size': 600, 'difference': 0, 'noise': 0, 'n': 60, 'shap_error': 0.01242956921850824, 'shap_norm_sq': 4.751249512422579}
{'sample_size': 1200, 'difference': 0, 'noise': 0, 'n': 60, 'shap_error': 0.007740161787194904, 'shap_norm_sq': 4.751249512422579}
{'sample_size': 2400, 'difference': 0, 'noise': 0, 'n': 60, 'shap_error': 0.002216323245726913, 'shap_norm_sq': 4.751249512422579}
{'sample_size': 4800, 'difference': 0, 'noise': 0, 'n': 60, 'shap_error': 0.0009511127726535163, 'shap_norm_sq': 4.751249512422579}
{'sample_size': 9600, 'difference': 0, 'noise': 0, 'n': 60, 'shap_error': 0.0006563345922454015, 'shap_norm_sq': 4.751249512422579}
{'sample_size': 300, 'difference': 0, 'noise': 0, 'n': 60, 'shap_error': 0.011108961281840628, 'shap_norm_sq': 3.6686971187325956}
{'sample_size': 600, 'difference': 0, 'noise': 0, 'n': 60, 'shap_error': 0.0031766136169494165, 'shap_norm_sq': 3.6686971187325956}
{'sample_size': 1200, 'difference': 0, 'noise': 0, 'n': 60, 'shap_error': 0.0019238273979780035, 'shap_norm_sq': 3.6686971187325956}
{'sample_size': 2400, 'difference': 0, 'noise': 0, 'n': 60, 'shap_error': 0.0009618386987131945, 'shap_norm_sq': 3.6686971187325956}
{'sample_size': 4800, 'difference': 0, 'noise': 0, 'n': 60, 'shap_error': 0.00046873211060724247, 'shap_norm_sq': 3.6686971187325956}
{'sample_size': 9600, 'difference': 0, 'noise': 0, 'n': 60, 'shap_error': 0.00016253810048012609, 'shap_norm_sq': 3.6686971187325956}
{'sample_size': 300, 'difference': 0, 'noise': 0, 'n': 60, 'shap_error': 0.009256085920226805, 'shap_norm_sq': 4.0459495174470375}
{'sample_size': 600, 'difference': 0, 'noise': 0, 'n': 60, 'shap_error': 0.004237356205798668, 'shap_norm_sq': 4.0459495174470375}
{'sample_size': 1200, 'difference': 0, 'noise': 0, 'n': 60, 'shap_error': 0.00211068041415363, 'shap_norm_sq': 4.0459495174470375}
{'sample_size': 2400, 'difference': 0, 'noise': 0, 'n': 60, 'shap_error': 0.0010200893790074952, 'shap_norm_sq': 4.0459495174470375}
{'sample_size': 4800, 'difference': 0, 'noise': 0, 'n': 60, 'shap_error': 0.0005407137258738766, 'shap_norm_sq': 4.0459495174470375}
{'sample_size': 9600, 'difference': 0, 'noise': 0, 'n': 60, 'shap_error': 0.00018633220502626944, 'shap_norm_sq': 4.0459495174470375}
{'sample_size': 300, 'difference': 0, 'noise': 0, 'n': 60, 'shap_error': 0.019688362342904536, 'shap_norm_sq': 4.340282007973912}
{'sample_size': 600, 'difference': 0, 'noise': 0, 'n': 60, 'shap_error': 0.005662057768456525, 'shap_norm_sq': 4.340282007973912}
{'sample_size': 1200, 'difference': 0, 'noise': 0, 'n': 60, 'shap_error': 0.0023219154207546936, 'shap_norm_sq': 4.340282007973912}
{'sample_size': 2400, 'difference': 0, 'noise': 0, 'n': 60, 'shap_error': 0.0012563011036072285, 'shap_norm_sq': 4.340282007973912}
{'sample_size': 4800, 'difference': 0, 'noise': 0, 'n': 60, 'shap_error': 0.00045110356232595236, 'shap_norm_sq': 4.340282007973912}
{'sample_size': 9600, 'difference': 0, 'noise': 0, 'n': 60, 'shap_error': 0.0002254355093148233, 'shap_norm_sq': 4.340282007973912}
{'sample_size': 300, 'difference': 0, 'noise': 0, 'n': 60, 'shap_error': 0.001217954649125371, 'shap_norm_sq': 2.6553083924317917}
{'sample_size': 600, 'difference': 0, 'noise': 0, 'n': 60, 'shap_error': 0.000565634230377405, 'shap_norm_sq': 2.6553083924317917}
{'sample_size': 1200, 'difference': 0, 'noise': 0, 'n': 60, 'shap_error': 0.00018162502117989162, 'shap_norm_sq': 2.6553083924317917}
{'sample_size': 2400, 'difference': 0, 'noise': 0, 'n': 60, 'shap_error': 0.00011734867509687097, 'shap_norm_sq': 2.6553083924317917}
{'sample_size': 4800, 'difference': 0, 'noise': 0, 'n': 60, 'shap_error': 5.439606415336091e-05, 'shap_norm_sq': 2.6553083924317917}
{'sample_size': 9600, 'difference': 0, 'noise': 0, 'n': 60, 'shap_error': 2.4552597918913967e-05, 'shap_norm_sq': 2.6553083924317917}
{'sample_size': 300, 'difference': 0, 'noise': 0, 'n': 60, 'shap_error': 0.040858129458846815, 'shap_norm_sq': 2.916143767737857}
{'sample_size': 600, 'difference': 0, 'noise': 0, 'n': 60, 'shap_error': 0.013272317085042498, 'shap_norm_sq': 2.916143767737857}
{'sample_size': 1200, 'difference': 0, 'noise': 0, 'n': 60, 'shap_error': 0.007481216788963545, 'shap_norm_sq': 2.916143767737857}
{'sample_size': 2400, 'difference': 0, 'noise': 0, 'n': 60, 'shap_error': 0.0023646407763079705, 'shap_norm_sq': 2.916143767737857}
{'sample_size': 4800, 'difference': 0, 'noise': 0, 'n': 60, 'shap_error': 0.0012951659604020194, 'shap_norm_sq': 2.916143767737857}
{'sample_size': 9600, 'difference': 0, 'noise': 0, 'n': 60, 'shap_error': 0.0006601740399163401, 'shap_norm_sq': 2.916143767737857}
{'sample_size': 300, 'difference': 0, 'noise': 0, 'n': 60, 'shap_error': 0.009060782521358536, 'shap_norm_sq': 2.3690053478056274}
{'sample_size': 600, 'difference': 0, 'noise': 0, 'n': 60, 'shap_error': 0.003426072873163994, 'shap_norm_sq': 2.3690053478056274}
{'sample_size': 1200, 'difference': 0, 'noise': 0, 'n': 60, 'shap_error': 0.0014231132224945262, 'shap_norm_sq': 2.3690053478056274}
{'sample_size': 2400, 'difference': 0, 'noise': 0, 'n': 60, 'shap_error': 0.0006350582375528714, 'shap_norm_sq': 2.3690053478056274}
{'sample_size': 4800, 'difference': 0, 'noise': 0, 'n': 60, 'shap_error': 0.00032026455905458757, 'shap_norm_sq': 2.3690053478056274}
{'sample_size': 9600, 'difference': 0, 'noise': 0, 'n': 60, 'shap_error': 0.00011038346017136614, 'shap_norm_sq': 2.3690053478056274}
{'sample_size': 300, 'difference': 0, 'noise': 0, 'n': 60, 'shap_error': 0.05298702505491107, 'shap_norm_sq': 3.294540232459797}
{'sample_size': 600, 'difference': 0, 'noise': 0, 'n': 60, 'shap_error': 0.03574678225445164, 'shap_norm_sq': 3.294540232459797}
{'sample_size': 1200, 'difference': 0, 'noise': 0, 'n': 60, 'shap_error': 0.00896327930445823, 'shap_norm_sq': 3.294540232459797}
{'sample_size': 2400, 'difference': 0, 'noise': 0, 'n': 60, 'shap_error': 0.005160666782189503, 'shap_norm_sq': 3.294540232459797}
{'sample_size': 4800, 'difference': 0, 'noise': 0, 'n': 60, 'shap_error': 0.003087669954397356, 'shap_norm_sq': 3.294540232459797}
{'sample_size': 9600, 'difference': 0, 'noise': 0, 'n': 60, 'shap_error': 0.0009421795512919555, 'shap_norm_sq': 3.294540232459797}
{'sample_size': 300, 'difference': 0, 'noise': 0, 'n': 60, 'shap_error': 0.014064384376590737, 'shap_norm_sq': 4.876444241807037}
{'sample_size': 600, 'difference': 0, 'noise': 0, 'n': 60, 'shap_error': 0.008705883824583063, 'shap_norm_sq': 4.876444241807037}
{'sample_size': 1200, 'difference': 0, 'noise': 0, 'n': 60, 'shap_error': 0.002987082098442994, 'shap_norm_sq': 4.876444241807037}
{'sample_size': 2400, 'difference': 0, 'noise': 0, 'n': 60, 'shap_error': 0.001027678653812101, 'shap_norm_sq': 4.876444241807037}
{'sample_size': 4800, 'difference': 0, 'noise': 0, 'n': 60, 'shap_error': 0.0007500950648290291, 'shap_norm_sq': 4.876444241807037}
{'sample_size': 9600, 'difference': 0, 'noise': 0, 'n': 60, 'shap_error': 0.00022355768212196085, 'shap_norm_sq': 4.876444241807037}
{'sample_size': 300, 'difference': 0, 'noise': 0, 'n': 60, 'shap_error': 0.015533495526015831, 'shap_norm_sq': 6.732980184315414}
{'sample_size': 600, 'difference': 0, 'noise': 0, 'n': 60, 'shap_error': 0.007581472492594922, 'shap_norm_sq': 6.732980184315414}
{'sample_size': 1200, 'difference': 0, 'noise': 0, 'n': 60, 'shap_error': 0.002844090203802154, 'shap_norm_sq': 6.732980184315414}
{'sample_size': 2400, 'difference': 0, 'noise': 0, 'n': 60, 'shap_error': 0.0011249287614248388, 'shap_norm_sq': 6.732980184315414}
{'sample_size': 4800, 'difference': 0, 'noise': 0, 'n': 60, 'shap_error': 0.000572516689763585, 'shap_norm_sq': 6.732980184315414}
{'sample_size': 9600, 'difference': 0, 'noise': 0, 'n': 60, 'shap_error': 0.0002863401621373505, 'shap_norm_sq': 6.732980184315414}
{'sample_size': 300, 'difference': 0, 'noise': 0, 'n': 60, 'shap_error': 0.05639580430970881, 'shap_norm_sq': 2.4164300950032915}
{'sample_size': 600, 'difference': 0, 'noise': 0, 'n': 60, 'shap_error': 0.026014919240290178, 'shap_norm_sq': 2.4164300950032915}
{'sample_size': 1200, 'difference': 0, 'noise': 0, 'n': 60, 'shap_error': 0.010557289276517036, 'shap_norm_sq': 2.4164300950032915}
{'sample_size': 2400, 'difference': 0, 'noise': 0, 'n': 60, 'shap_error': 0.0037559347668928243, 'shap_norm_sq': 2.4164300950032915}
{'sample_size': 4800, 'difference': 0, 'noise': 0, 'n': 60, 'shap_error': 0.0020799542231080483, 'shap_norm_sq': 2.4164300950032915}
{'sample_size': 9600, 'difference': 0, 'noise': 0, 'n': 60, 'shap_error': 0.0008102092865980823, 'shap_norm_sq': 2.4164300950032915}
{'sample_size': 300, 'difference': 0, 'noise': 0, 'n': 60, 'shap_error': 0.0164926096938414, 'shap_norm_sq': 4.440187607782474}
{'sample_size': 600, 'difference': 0, 'noise': 0, 'n': 60, 'shap_error': 0.004984816255633422, 'shap_norm_sq': 4.440187607782474}
{'sample_size': 1200, 'difference': 0, 'noise': 0, 'n': 60, 'shap_error': 0.0029383149753592986, 'shap_norm_sq': 4.440187607782474}
{'sample_size': 2400, 'difference': 0, 'noise': 0, 'n': 60, 'shap_error': 0.0012208374920827756, 'shap_norm_sq': 4.440187607782474}
{'sample_size': 4800, 'difference': 0, 'noise': 0, 'n': 60, 'shap_error': 0.0006066031004900762, 'shap_norm_sq': 4.440187607782474}
{'sample_size': 9600, 'difference': 0, 'noise': 0, 'n': 60, 'shap_error': 0.0002783972475011946, 'shap_norm_sq': 4.440187607782474}
{'sample_size': 300, 'difference': 0, 'noise': 0, 'n': 60, 'shap_error': 0.021273785684924575, 'shap_norm_sq': 4.780593420985186}
{'sample_size': 600, 'difference': 0, 'noise': 0, 'n': 60, 'shap_error': 0.0046525028578993715, 'shap_norm_sq': 4.780593420985186}
{'sample_size': 1200, 'difference': 0, 'noise': 0, 'n': 60, 'shap_error': 0.002067480940076817, 'shap_norm_sq': 4.780593420985186}
{'sample_size': 2400, 'difference': 0, 'noise': 0, 'n': 60, 'shap_error': 0.001074559380882729, 'shap_norm_sq': 4.780593420985186}
{'sample_size': 4800, 'difference': 0, 'noise': 0, 'n': 60, 'shap_error': 0.0005184492573635857, 'shap_norm_sq': 4.780593420985186}
{'sample_size': 9600, 'difference': 0, 'noise': 0, 'n': 60, 'shap_error': 0.00016678017036192042, 'shap_norm_sq': 4.780593420985186}
{'sample_size': 300, 'difference': 0, 'noise': 0, 'n': 60, 'shap_error': 0.020809516807873477, 'shap_norm_sq': 3.4664302113184635}
{'sample_size': 600, 'difference': 0, 'noise': 0, 'n': 60, 'shap_error': 0.008626497084806357, 'shap_norm_sq': 3.4664302113184635}
{'sample_size': 1200, 'difference': 0, 'noise': 0, 'n': 60, 'shap_error': 0.0038152355483737927, 'shap_norm_sq': 3.4664302113184635}
{'sample_size': 2400, 'difference': 0, 'noise': 0, 'n': 60, 'shap_error': 0.0013235620057571486, 'shap_norm_sq': 3.4664302113184635}
{'sample_size': 4800, 'difference': 0, 'noise': 0, 'n': 60, 'shap_error': 0.0008663660224313014, 'shap_norm_sq': 3.4664302113184635}
{'sample_size': 9600, 'difference': 0, 'noise': 0, 'n': 60, 'shap_error': 0.00047687418802371646, 'shap_norm_sq': 3.4664302113184635}
{'sample_size': 300, 'difference': 0, 'noise': 0, 'n': 60, 'shap_error': 0.026917773347933802, 'shap_norm_sq': 3.948575514565576}
{'sample_size': 600, 'difference': 0, 'noise': 0, 'n': 60, 'shap_error': 0.014987909317412828, 'shap_norm_sq': 3.948575514565576}
{'sample_size': 1200, 'difference': 0, 'noise': 0, 'n': 60, 'shap_error': 0.007311160472035991, 'shap_norm_sq': 3.948575514565576}
{'sample_size': 2400, 'difference': 0, 'noise': 0, 'n': 60, 'shap_error': 0.003059520911603403, 'shap_norm_sq': 3.948575514565576}
{'sample_size': 4800, 'difference': 0, 'noise': 0, 'n': 60, 'shap_error': 0.0009483178076290425, 'shap_norm_sq': 3.948575514565576}
{'sample_size': 9600, 'difference': 0, 'noise': 0, 'n': 60, 'shap_error': 0.000525501568860296, 'shap_norm_sq': 3.948575514565576}
{'sample_size': 300, 'difference': 0, 'noise': 0, 'n': 60, 'shap_error': 0.009829772040230954, 'shap_norm_sq': 2.306323255299426}
{'sample_size': 600, 'difference': 0, 'noise': 0, 'n': 60, 'shap_error': 0.0054070243451987765, 'shap_norm_sq': 2.306323255299426}
{'sample_size': 1200, 'difference': 0, 'noise': 0, 'n': 60, 'shap_error': 0.0013784953347719766, 'shap_norm_sq': 2.306323255299426}
{'sample_size': 2400, 'difference': 0, 'noise': 0, 'n': 60, 'shap_error': 0.0010082727629282151, 'shap_norm_sq': 2.306323255299426}
{'sample_size': 4800, 'difference': 0, 'noise': 0, 'n': 60, 'shap_error': 0.0004727141874338917, 'shap_norm_sq': 2.306323255299426}
{'sample_size': 9600, 'difference': 0, 'noise': 0, 'n': 60, 'shap_error': 0.0002671651875919348, 'shap_norm_sq': 2.306323255299426}
{'sample_size': 300, 'difference': 0, 'noise': 0, 'n': 60, 'shap_error': 0.010947629823432862, 'shap_norm_sq': 2.58580965379253}
{'sample_size': 600, 'difference': 0, 'noise': 0, 'n': 60, 'shap_error': 0.004673619664444351, 'shap_norm_sq': 2.58580965379253}
{'sample_size': 1200, 'difference': 0, 'noise': 0, 'n': 60, 'shap_error': 0.002274635171834962, 'shap_norm_sq': 2.58580965379253}
{'sample_size': 2400, 'difference': 0, 'noise': 0, 'n': 60, 'shap_error': 0.0008270694315309828, 'shap_norm_sq': 2.58580965379253}
{'sample_size': 4800, 'difference': 0, 'noise': 0, 'n': 60, 'shap_error': 0.000713437041808569, 'shap_norm_sq': 2.58580965379253}
{'sample_size': 9600, 'difference': 0, 'noise': 0, 'n': 60, 'shap_error': 0.0002764842737711835, 'shap_norm_sq': 2.58580965379253}
{'sample_size': 300, 'difference': 0, 'noise': 0, 'n': 60, 'shap_error': 0.00895535551533184, 'shap_norm_sq': 5.434010382695583}
{'sample_size': 600, 'difference': 0, 'noise': 0, 'n': 60, 'shap_error': 0.00444995645681191, 'shap_norm_sq': 5.434010382695583}
{'sample_size': 1200, 'difference': 0, 'noise': 0, 'n': 60, 'shap_error': 0.0024815148390327536, 'shap_norm_sq': 5.434010382695583}
{'sample_size': 2400, 'difference': 0, 'noise': 0, 'n': 60, 'shap_error': 0.0011441822369637122, 'shap_norm_sq': 5.434010382695583}
{'sample_size': 4800, 'difference': 0, 'noise': 0, 'n': 60, 'shap_error': 0.00043695008320271313, 'shap_norm_sq': 5.434010382695583}
{'sample_size': 9600, 'difference': 0, 'noise': 0, 'n': 60, 'shap_error': 0.0003602326441252427, 'shap_norm_sq': 5.434010382695583}
{'sample_size': 300, 'difference': 0, 'noise': 0, 'n': 60, 'shap_error': 0.021415486733004238, 'shap_norm_sq': 3.784486049504725}
{'sample_size': 600, 'difference': 0, 'noise': 0, 'n': 60, 'shap_error': 0.004857723395075921, 'shap_norm_sq': 3.784486049504725}
{'sample_size': 1200, 'difference': 0, 'noise': 0, 'n': 60, 'shap_error': 0.0024242841461928873, 'shap_norm_sq': 3.784486049504725}
{'sample_size': 2400, 'difference': 0, 'noise': 0, 'n': 60, 'shap_error': 0.0012532437418133855, 'shap_norm_sq': 3.784486049504725}
{'sample_size': 4800, 'difference': 0, 'noise': 0, 'n': 60, 'shap_error': 0.0004567738770777008, 'shap_norm_sq': 3.784486049504725}
{'sample_size': 9600, 'difference': 0, 'noise': 0, 'n': 60, 'shap_error': 0.0002992119959652032, 'shap_norm_sq': 3.784486049504725}
{'sample_size': 300, 'difference': 0, 'noise': 0, 'n': 60, 'shap_error': 0.022512547912514953, 'shap_norm_sq': 4.540195186226951}
{'sample_size': 600, 'difference': 0, 'noise': 0, 'n': 60, 'shap_error': 0.010137506934261794, 'shap_norm_sq': 4.540195186226951}
{'sample_size': 1200, 'difference': 0, 'noise': 0, 'n': 60, 'shap_error': 0.0038627135429752765, 'shap_norm_sq': 4.540195186226951}
{'sample_size': 2400, 'difference': 0, 'noise': 0, 'n': 60, 'shap_error': 0.0017879053348198724, 'shap_norm_sq': 4.540195186226951}
{'sample_size': 4800, 'difference': 0, 'noise': 0, 'n': 60, 'shap_error': 0.0008746326946445957, 'shap_norm_sq': 4.540195186226951}
{'sample_size': 9600, 'difference': 0, 'noise': 0, 'n': 60, 'shap_error': 0.00044387472247465456, 'shap_norm_sq': 4.540195186226951}
{'sample_size': 300, 'difference': 0, 'noise': 0, 'n': 60, 'shap_error': 0.037803075707458424, 'shap_norm_sq': 5.690250033747485}
{'sample_size': 600, 'difference': 0, 'noise': 0, 'n': 60, 'shap_error': 0.007736318426395714, 'shap_norm_sq': 5.690250033747485}
{'sample_size': 1200, 'difference': 0, 'noise': 0, 'n': 60, 'shap_error': 0.003583722068241743, 'shap_norm_sq': 5.690250033747485}
{'sample_size': 2400, 'difference': 0, 'noise': 0, 'n': 60, 'shap_error': 0.0026916425735430353, 'shap_norm_sq': 5.690250033747485}
{'sample_size': 4800, 'difference': 0, 'noise': 0, 'n': 60, 'shap_error': 0.0010158019383058026, 'shap_norm_sq': 5.690250033747485}
{'sample_size': 9600, 'difference': 0, 'noise': 0, 'n': 60, 'shap_error': 0.000518761617648951, 'shap_norm_sq': 5.690250033747485}
{'sample_size': 300, 'difference': 0, 'noise': 0, 'n': 60, 'shap_error': 0.017485494798519165, 'shap_norm_sq': 3.0408074699896672}
{'sample_size': 600, 'difference': 0, 'noise': 0, 'n': 60, 'shap_error': 0.005736733186073717, 'shap_norm_sq': 3.0408074699896672}
{'sample_size': 1200, 'difference': 0, 'noise': 0, 'n': 60, 'shap_error': 0.0033620111985419024, 'shap_norm_sq': 3.0408074699896672}
{'sample_size': 2400, 'difference': 0, 'noise': 0, 'n': 60, 'shap_error': 0.0014389988349322491, 'shap_norm_sq': 3.0408074699896672}
{'sample_size': 4800, 'difference': 0, 'noise': 0, 'n': 60, 'shap_error': 0.0008221795554692054, 'shap_norm_sq': 3.0408074699896672}
{'sample_size': 9600, 'difference': 0, 'noise': 0, 'n': 60, 'shap_error': 0.00033733065341259676, 'shap_norm_sq': 3.0408074699896672}
{'sample_size': 300, 'difference': 0, 'noise': 0, 'n': 60, 'shap_error': 0.051755568856704647, 'shap_norm_sq': 3.8020034621399974}
{'sample_size': 600, 'difference': 0, 'noise': 0, 'n': 60, 'shap_error': 0.02013189638914608, 'shap_norm_sq': 3.8020034621399974}
{'sample_size': 1200, 'difference': 0, 'noise': 0, 'n': 60, 'shap_error': 0.007192601242779629, 'shap_norm_sq': 3.8020034621399974}
{'sample_size': 2400, 'difference': 0, 'noise': 0, 'n': 60, 'shap_error': 0.0038932347043409577, 'shap_norm_sq': 3.8020034621399974}
{'sample_size': 4800, 'difference': 0, 'noise': 0, 'n': 60, 'shap_error': 0.0019867479165411794, 'shap_norm_sq': 3.8020034621399974}
{'sample_size': 9600, 'difference': 0, 'noise': 0, 'n': 60, 'shap_error': 0.0008183239252673225, 'shap_norm_sq': 3.8020034621399974}
{'sample_size': 300, 'difference': 0, 'noise': 0, 'n': 60, 'shap_error': 0.0032491807846021046, 'shap_norm_sq': 3.1156367851798614}
{'sample_size': 600, 'difference': 0, 'noise': 0, 'n': 60, 'shap_error': 0.0009034953802059115, 'shap_norm_sq': 3.1156367851798614}
{'sample_size': 1200, 'difference': 0, 'noise': 0, 'n': 60, 'shap_error': 0.0005710463451669883, 'shap_norm_sq': 3.1156367851798614}
{'sample_size': 2400, 'difference': 0, 'noise': 0, 'n': 60, 'shap_error': 0.0001814555763274811, 'shap_norm_sq': 3.1156367851798614}
{'sample_size': 4800, 'difference': 0, 'noise': 0, 'n': 60, 'shap_error': 0.000105252639296763, 'shap_norm_sq': 3.1156367851798614}
{'sample_size': 9600, 'difference': 0, 'noise': 0, 'n': 60, 'shap_error': 4.190363225844604e-05, 'shap_norm_sq': 3.1156367851798614}
{'sample_size': 300, 'difference': 0, 'noise': 0, 'n': 60, 'shap_error': 0.011978044629596228, 'shap_norm_sq': 4.943254412971012}
{'sample_size': 600, 'difference': 0, 'noise': 0, 'n': 60, 'shap_error': 0.002941277216763678, 'shap_norm_sq': 4.943254412971012}
{'sample_size': 1200, 'difference': 0, 'noise': 0, 'n': 60, 'shap_error': 0.0013697882354286174, 'shap_norm_sq': 4.943254412971012}
{'sample_size': 2400, 'difference': 0, 'noise': 0, 'n': 60, 'shap_error': 0.0006585608218441883, 'shap_norm_sq': 4.943254412971012}
{'sample_size': 4800, 'difference': 0, 'noise': 0, 'n': 60, 'shap_error': 0.0003080132154958134, 'shap_norm_sq': 4.943254412971012}
{'sample_size': 9600, 'difference': 0, 'noise': 0, 'n': 60, 'shap_error': 0.0001658232104514129, 'shap_norm_sq': 4.943254412971012}
{'sample_size': 300, 'difference': 0, 'noise': 0, 'n': 60, 'shap_error': 0.01604449716406111, 'shap_norm_sq': 5.248147939722626}
{'sample_size': 600, 'difference': 0, 'noise': 0, 'n': 60, 'shap_error': 0.004432284023322042, 'shap_norm_sq': 5.248147939722626}
{'sample_size': 1200, 'difference': 0, 'noise': 0, 'n': 60, 'shap_error': 0.001921827321323379, 'shap_norm_sq': 5.248147939722626}
{'sample_size': 2400, 'difference': 0, 'noise': 0, 'n': 60, 'shap_error': 0.0010185668895796515, 'shap_norm_sq': 5.248147939722626}
{'sample_size': 4800, 'difference': 0, 'noise': 0, 'n': 60, 'shap_error': 0.00039410460175645266, 'shap_norm_sq': 5.248147939722626}
{'sample_size': 9600, 'difference': 0, 'noise': 0, 'n': 60, 'shap_error': 0.00016596842191132397, 'shap_norm_sq': 5.248147939722626}
{'sample_size': 300, 'difference': 0, 'noise': 0, 'n': 60, 'shap_error': 0.009644726616637593, 'shap_norm_sq': 2.3690053478056274}
{'sample_size': 600, 'difference': 0, 'noise': 0, 'n': 60, 'shap_error': 0.002577302889959744, 'shap_norm_sq': 2.3690053478056274}
{'sample_size': 1200, 'difference': 0, 'noise': 0, 'n': 60, 'shap_error': 0.0016840980526772432, 'shap_norm_sq': 2.3690053478056274}
{'sample_size': 2400, 'difference': 0, 'noise': 0, 'n': 60, 'shap_error': 0.0006854273501461718, 'shap_norm_sq': 2.3690053478056274}
{'sample_size': 4800, 'difference': 0, 'noise': 0, 'n': 60, 'shap_error': 0.00029329657921643075, 'shap_norm_sq': 2.3690053478056274}
{'sample_size': 9600, 'difference': 0, 'noise': 0, 'n': 60, 'shap_error': 0.00016032074792801573, 'shap_norm_sq': 2.3690053478056274}
{'sample_size': 300, 'difference': 0, 'noise': 0, 'n': 60, 'shap_error': 0.02279591114472032, 'shap_norm_sq': 5.368818484313566}
{'sample_size': 600, 'difference': 0, 'noise': 0, 'n': 60, 'shap_error': 0.011078466334442632, 'shap_norm_sq': 5.368818484313566}
{'sample_size': 1200, 'difference': 0, 'noise': 0, 'n': 60, 'shap_error': 0.005088374513703678, 'shap_norm_sq': 5.368818484313566}
{'sample_size': 2400, 'difference': 0, 'noise': 0, 'n': 60, 'shap_error': 0.0017556812519314146, 'shap_norm_sq': 5.368818484313566}
{'sample_size': 4800, 'difference': 0, 'noise': 0, 'n': 60, 'shap_error': 0.0009389958344977026, 'shap_norm_sq': 5.368818484313566}
{'sample_size': 9600, 'difference': 0, 'noise': 0, 'n': 60, 'shap_error': 0.00045794779800047635, 'shap_norm_sq': 5.368818484313566}
{'sample_size': 300, 'difference': 0, 'noise': 0, 'n': 60, 'shap_error': 0.0037600979906341615, 'shap_norm_sq': 2.169466375966093}
{'sample_size': 600, 'difference': 0, 'noise': 0, 'n': 60, 'shap_error': 0.001924732350047447, 'shap_norm_sq': 2.169466375966093}
{'sample_size': 1200, 'difference': 0, 'noise': 0, 'n': 60, 'shap_error': 0.0006222052050818, 'shap_norm_sq': 2.169466375966093}
{'sample_size': 2400, 'difference': 0, 'noise': 0, 'n': 60, 'shap_error': 0.0002712898628209441, 'shap_norm_sq': 2.169466375966093}
{'sample_size': 4800, 'difference': 0, 'noise': 0, 'n': 60, 'shap_error': 0.00014269323558362568, 'shap_norm_sq': 2.169466375966093}
{'sample_size': 9600, 'difference': 0, 'noise': 0, 'n': 60, 'shap_error': 5.992914282689113e-05, 'shap_norm_sq': 2.169466375966093}
{'sample_size': 300, 'difference': 0, 'noise': 0, 'n': 60, 'shap_error': 0.0003858942413339088, 'shap_norm_sq': 1.2044408586506339}
{'sample_size': 600, 'difference': 0, 'noise': 0, 'n': 60, 'shap_error': 0.00024939399409988167, 'shap_norm_sq': 1.2044408586506339}
{'sample_size': 1200, 'difference': 0, 'noise': 0, 'n': 60, 'shap_error': 7.488968980058683e-05, 'shap_norm_sq': 1.2044408586506339}
{'sample_size': 2400, 'difference': 0, 'noise': 0, 'n': 60, 'shap_error': 6.370666871242416e-05, 'shap_norm_sq': 1.2044408586506339}
{'sample_size': 4800, 'difference': 0, 'noise': 0, 'n': 60, 'shap_error': 2.1129096533185254e-05, 'shap_norm_sq': 1.2044408586506339}
{'sample_size': 9600, 'difference': 0, 'noise': 0, 'n': 60, 'shap_error': 9.155252891923658e-06, 'shap_norm_sq': 1.2044408586506339}
{'sample_size': 300, 'difference': 0, 'noise': 0, 'n': 60, 'shap_error': 0.002663954053267583, 'shap_norm_sq': 6.756394989413753}
{'sample_size': 600, 'difference': 0, 'noise': 0, 'n': 60, 'shap_error': 0.0005766474122576916, 'shap_norm_sq': 6.756394989413753}
{'sample_size': 1200, 'difference': 0, 'noise': 0, 'n': 60, 'shap_error': 0.0002765149712333911, 'shap_norm_sq': 6.756394989413753}
{'sample_size': 2400, 'difference': 0, 'noise': 0, 'n': 60, 'shap_error': 0.00011157582292655173, 'shap_norm_sq': 6.756394989413753}
{'sample_size': 4800, 'difference': 0, 'noise': 0, 'n': 60, 'shap_error': 4.212155450639623e-05, 'shap_norm_sq': 6.756394989413753}
{'sample_size': 9600, 'difference': 0, 'noise': 0, 'n': 60, 'shap_error': 2.861488125790813e-05, 'shap_norm_sq': 6.756394989413753}
{'sample_size': 300, 'difference': 0, 'noise': 0, 'n': 60, 'shap_error': 0.01867813158274799, 'shap_norm_sq': 6.049941627245347}
{'sample_size': 600, 'difference': 0, 'noise': 0, 'n': 60, 'shap_error': 0.00932810350084088, 'shap_norm_sq': 6.049941627245347}
{'sample_size': 1200, 'difference': 0, 'noise': 0, 'n': 60, 'shap_error': 0.003115563108975624, 'shap_norm_sq': 6.049941627245347}
{'sample_size': 2400, 'difference': 0, 'noise': 0, 'n': 60, 'shap_error': 0.001737877273333299, 'shap_norm_sq': 6.049941627245347}
{'sample_size': 4800, 'difference': 0, 'noise': 0, 'n': 60, 'shap_error': 0.0007535511452534363, 'shap_norm_sq': 6.049941627245347}
{'sample_size': 9600, 'difference': 0, 'noise': 0, 'n': 60, 'shap_error': 0.00020525923850479153, 'shap_norm_sq': 6.049941627245347}
{'sample_size': 300, 'difference': 0, 'noise': 0, 'n': 60, 'shap_error': 0.006766677767962104, 'shap_norm_sq': 4.68580209756354}
{'sample_size': 600, 'difference': 0, 'noise': 0, 'n': 60, 'shap_error': 0.001607740490743929, 'shap_norm_sq': 4.68580209756354}
{'sample_size': 1200, 'difference': 0, 'noise': 0, 'n': 60, 'shap_error': 0.0008488750995678228, 'shap_norm_sq': 4.68580209756354}
{'sample_size': 2400, 'difference': 0, 'noise': 0, 'n': 60, 'shap_error': 0.0004447724655002406, 'shap_norm_sq': 4.68580209756354}
{'sample_size': 4800, 'difference': 0, 'noise': 0, 'n': 60, 'shap_error': 0.00024368927063208405, 'shap_norm_sq': 4.68580209756354}
{'sample_size': 9600, 'difference': 0, 'noise': 0, 'n': 60, 'shap_error': 0.00013119159400687636, 'shap_norm_sq': 4.68580209756354}
{'sample_size': 300, 'difference': 0, 'noise': 0, 'n': 60, 'shap_error': 0.04874170423273576, 'shap_norm_sq': 2.423496549133178}
{'sample_size': 600, 'difference': 0, 'noise': 0, 'n': 60, 'shap_error': 0.016143677650080644, 'shap_norm_sq': 2.423496549133178}
{'sample_size': 1200, 'difference': 0, 'noise': 0, 'n': 60, 'shap_error': 0.007215462122256048, 'shap_norm_sq': 2.423496549133178}
{'sample_size': 2400, 'difference': 0, 'noise': 0, 'n': 60, 'shap_error': 0.003342327521992561, 'shap_norm_sq': 2.423496549133178}
{'sample_size': 4800, 'difference': 0, 'noise': 0, 'n': 60, 'shap_error': 0.00169589470976328, 'shap_norm_sq': 2.423496549133178}
{'sample_size': 9600, 'difference': 0, 'noise': 0, 'n': 60, 'shap_error': 0.0005611939743701617, 'shap_norm_sq': 2.423496549133178}
{'sample_size': 300, 'difference': 0, 'noise': 0, 'n': 60, 'shap_error': 0.009462281133100459, 'shap_norm_sq': 4.55316541538549}
{'sample_size': 600, 'difference': 0, 'noise': 0, 'n': 60, 'shap_error': 0.004903624846206761, 'shap_norm_sq': 4.55316541538549}
{'sample_size': 1200, 'difference': 0, 'noise': 0, 'n': 60, 'shap_error': 0.0011857168552134236, 'shap_norm_sq': 4.55316541538549}
{'sample_size': 2400, 'difference': 0, 'noise': 0, 'n': 60, 'shap_error': 0.0009776128396509396, 'shap_norm_sq': 4.55316541538549}
{'sample_size': 4800, 'difference': 0, 'noise': 0, 'n': 60, 'shap_error': 0.0003834331168985075, 'shap_norm_sq': 4.55316541538549}
{'sample_size': 9600, 'difference': 0, 'noise': 0, 'n': 60, 'shap_error': 0.00020651919565394585, 'shap_norm_sq': 4.55316541538549}
{'sample_size': 300, 'difference': 0, 'noise': 0, 'n': 60, 'shap_error': 0.05130674638613201, 'shap_norm_sq': 4.256978383236576}
{'sample_size': 600, 'difference': 0, 'noise': 0, 'n': 60, 'shap_error': 0.016544087856303475, 'shap_norm_sq': 4.256978383236576}
{'sample_size': 1200, 'difference': 0, 'noise': 0, 'n': 60, 'shap_error': 0.006204967226648509, 'shap_norm_sq': 4.256978383236576}
{'sample_size': 2400, 'difference': 0, 'noise': 0, 'n': 60, 'shap_error': 0.003291113599302404, 'shap_norm_sq': 4.256978383236576}
{'sample_size': 4800, 'difference': 0, 'noise': 0, 'n': 60, 'shap_error': 0.0013862327719682238, 'shap_norm_sq': 4.256978383236576}
{'sample_size': 9600, 'difference': 0, 'noise': 0, 'n': 60, 'shap_error': 0.0007213914783993511, 'shap_norm_sq': 4.256978383236576}
{'sample_size': 300, 'difference': 0, 'noise': 0, 'n': 60, 'shap_error': 0.0042679041101974, 'shap_norm_sq': 5.440143632974172}
{'sample_size': 600, 'difference': 0, 'noise': 0, 'n': 60, 'shap_error': 0.0018885365085193713, 'shap_norm_sq': 5.440143632974172}
{'sample_size': 1200, 'difference': 0, 'noise': 0, 'n': 60, 'shap_error': 0.0010401904480963836, 'shap_norm_sq': 5.440143632974172}
{'sample_size': 2400, 'difference': 0, 'noise': 0, 'n': 60, 'shap_error': 0.0005059515361513412, 'shap_norm_sq': 5.440143632974172}
{'sample_size': 4800, 'difference': 0, 'noise': 0, 'n': 60, 'shap_error': 0.0002827012115759114, 'shap_norm_sq': 5.440143632974172}
{'sample_size': 9600, 'difference': 0, 'noise': 0, 'n': 60, 'shap_error': 8.772943930476418e-05, 'shap_norm_sq': 5.440143632974172}
{'sample_size': 300, 'difference': 0, 'noise': 0, 'n': 60, 'shap_error': 0.0022280220141734143, 'shap_norm_sq': 4.798825809838939}
{'sample_size': 600, 'difference': 0, 'noise': 0, 'n': 60, 'shap_error': 0.0010235523011365183, 'shap_norm_sq': 4.798825809838939}
{'sample_size': 1200, 'difference': 0, 'noise': 0, 'n': 60, 'shap_error': 0.0004545573528439665, 'shap_norm_sq': 4.798825809838939}
{'sample_size': 2400, 'difference': 0, 'noise': 0, 'n': 60, 'shap_error': 0.00016656586965345662, 'shap_norm_sq': 4.798825809838939}
{'sample_size': 4800, 'difference': 0, 'noise': 0, 'n': 60, 'shap_error': 8.035639278713915e-05, 'shap_norm_sq': 4.798825809838939}
{'sample_size': 9600, 'difference': 0, 'noise': 0, 'n': 60, 'shap_error': 3.2674740347291806e-05, 'shap_norm_sq': 4.798825809838939}
{'sample_size': 300, 'difference': 0, 'noise': 0, 'n': 60, 'shap_error': 0.08880423966115027, 'shap_norm_sq': 2.6800063097574607}
{'sample_size': 600, 'difference': 0, 'noise': 0, 'n': 60, 'shap_error': 0.031197423277498117, 'shap_norm_sq': 2.6800063097574607}
{'sample_size': 1200, 'difference': 0, 'noise': 0, 'n': 60, 'shap_error': 0.012437176196613416, 'shap_norm_sq': 2.6800063097574607}
{'sample_size': 2400, 'difference': 0, 'noise': 0, 'n': 60, 'shap_error': 0.006132227512717325, 'shap_norm_sq': 2.6800063097574607}
{'sample_size': 4800, 'difference': 0, 'noise': 0, 'n': 60, 'shap_error': 0.003331693033141275, 'shap_norm_sq': 2.6800063097574607}
{'sample_size': 9600, 'difference': 0, 'noise': 0, 'n': 60, 'shap_error': 0.0013964140722541355, 'shap_norm_sq': 2.6800063097574607}
{'sample_size': 300, 'difference': 0, 'noise': 0, 'n': 60, 'shap_error': 0.007219133246599056, 'shap_norm_sq': 6.119462958988806}
{'sample_size': 600, 'difference': 0, 'noise': 0, 'n': 60, 'shap_error': 0.00265738783326837, 'shap_norm_sq': 6.119462958988806}
{'sample_size': 1200, 'difference': 0, 'noise': 0, 'n': 60, 'shap_error': 0.0013798360706786552, 'shap_norm_sq': 6.119462958988806}
{'sample_size': 2400, 'difference': 0, 'noise': 0, 'n': 60, 'shap_error': 0.0007560925877247857, 'shap_norm_sq': 6.119462958988806}
{'sample_size': 4800, 'difference': 0, 'noise': 0, 'n': 60, 'shap_error': 0.00030744463468984694, 'shap_norm_sq': 6.119462958988806}
{'sample_size': 9600, 'difference': 0, 'noise': 0, 'n': 60, 'shap_error': 0.00016546936874524377, 'shap_norm_sq': 6.119462958988806}
{'sample_size': 300, 'difference': 0, 'noise': 0, 'n': 60, 'shap_error': 0.007958540350101297, 'shap_norm_sq': 1.708127072925964}
{'sample_size': 600, 'difference': 0, 'noise': 0, 'n': 60, 'shap_error': 0.00438006585262366, 'shap_norm_sq': 1.708127072925964}
{'sample_size': 1200, 'difference': 0, 'noise': 0, 'n': 60, 'shap_error': 0.001485575107624859, 'shap_norm_sq': 1.708127072925964}
{'sample_size': 2400, 'difference': 0, 'noise': 0, 'n': 60, 'shap_error': 0.000693780882445335, 'shap_norm_sq': 1.708127072925964}
{'sample_size': 4800, 'difference': 0, 'noise': 0, 'n': 60, 'shap_error': 0.00032121275444361796, 'shap_norm_sq': 1.708127072925964}
{'sample_size': 9600, 'difference': 0, 'noise': 0, 'n': 60, 'shap_error': 0.00015731750750634256, 'shap_norm_sq': 1.708127072925964}
{'sample_size': 300, 'difference': 0, 'noise': 0, 'n': 60, 'shap_error': 0.01273726797932791, 'shap_norm_sq': 2.198389902832733}
{'sample_size': 600, 'difference': 0, 'noise': 0, 'n': 60, 'shap_error': 0.007350127076211799, 'shap_norm_sq': 2.198389902832733}
{'sample_size': 1200, 'difference': 0, 'noise': 0, 'n': 60, 'shap_error': 0.00289230541357029, 'shap_norm_sq': 2.198389902832733}
{'sample_size': 2400, 'difference': 0, 'noise': 0, 'n': 60, 'shap_error': 0.0011898721867704479, 'shap_norm_sq': 2.198389902832733}
{'sample_size': 4800, 'difference': 0, 'noise': 0, 'n': 60, 'shap_error': 0.0004912621293457581, 'shap_norm_sq': 2.198389902832733}
{'sample_size': 9600, 'difference': 0, 'noise': 0, 'n': 60, 'shap_error': 0.00024103146666233714, 'shap_norm_sq': 2.198389902832733}
{'sample_size': 300, 'difference': 0, 'noise': 0, 'n': 60, 'shap_error': 0.0007858169732914061, 'shap_norm_sq': 5.4376497141751345}
{'sample_size': 600, 'difference': 0, 'noise': 0, 'n': 60, 'shap_error': 0.0003194432547479648, 'shap_norm_sq': 5.4376497141751345}
{'sample_size': 1200, 'difference': 0, 'noise': 0, 'n': 60, 'shap_error': 0.00011507112154210613, 'shap_norm_sq': 5.4376497141751345}
{'sample_size': 2400, 'difference': 0, 'noise': 0, 'n': 60, 'shap_error': 5.265620717781528e-05, 'shap_norm_sq': 5.4376497141751345}
{'sample_size': 4800, 'difference': 0, 'noise': 0, 'n': 60, 'shap_error': 3.4370748894424086e-05, 'shap_norm_sq': 5.4376497141751345}
{'sample_size': 9600, 'difference': 0, 'noise': 0, 'n': 60, 'shap_error': 1.2011268055893577e-05, 'shap_norm_sq': 5.4376497141751345}
{'sample_size': 300, 'difference': 0, 'noise': 0, 'n': 60, 'shap_error': 0.00061676196426036, 'shap_norm_sq': 2.7018692883869235}
{'sample_size': 600, 'difference': 0, 'noise': 0, 'n': 60, 'shap_error': 0.0002608210737301778, 'shap_norm_sq': 2.7018692883869235}
{'sample_size': 1200, 'difference': 0, 'noise': 0, 'n': 60, 'shap_error': 0.00011553703429875034, 'shap_norm_sq': 2.7018692883869235}
{'sample_size': 2400, 'difference': 0, 'noise': 0, 'n': 60, 'shap_error': 4.758077421354478e-05, 'shap_norm_sq': 2.7018692883869235}
{'sample_size': 4800, 'difference': 0, 'noise': 0, 'n': 60, 'shap_error': 1.8084188330111273e-05, 'shap_norm_sq': 2.7018692883869235}
{'sample_size': 9600, 'difference': 0, 'noise': 0, 'n': 60, 'shap_error': 1.3282309086156049e-05, 'shap_norm_sq': 2.7018692883869235}
{'sample_size': 300, 'difference': 0, 'noise': 0, 'n': 60, 'shap_error': 0.00528816744345376, 'shap_norm_sq': 2.0944166984411634}
{'sample_size': 600, 'difference': 0, 'noise': 0, 'n': 60, 'shap_error': 0.002326036813918683, 'shap_norm_sq': 2.0944166984411634}
{'sample_size': 1200, 'difference': 0, 'noise': 0, 'n': 60, 'shap_error': 0.0007428080973728896, 'shap_norm_sq': 2.0944166984411634}
{'sample_size': 2400, 'difference': 0, 'noise': 0, 'n': 60, 'shap_error': 0.0005254120163427305, 'shap_norm_sq': 2.0944166984411634}
{'sample_size': 4800, 'difference': 0, 'noise': 0, 'n': 60, 'shap_error': 0.0002565859199909567, 'shap_norm_sq': 2.0944166984411634}
{'sample_size': 9600, 'difference': 0, 'noise': 0, 'n': 60, 'shap_error': 0.0001051738231515955, 'shap_norm_sq': 2.0944166984411634}
{'sample_size': 300, 'difference': 0, 'noise': 0, 'n': 60, 'shap_error': 3.117794806641547e-14, 'shap_norm_sq': 3.725974164178613}
{'sample_size': 600, 'difference': 0, 'noise': 0, 'n': 60, 'shap_error': 2.8109997899202594e-14, 'shap_norm_sq': 3.725974164178613}
{'sample_size': 1200, 'difference': 0, 'noise': 0, 'n': 60, 'shap_error': 1.6041454457705652e-14, 'shap_norm_sq': 3.725974164178613}
{'sample_size': 2400, 'difference': 0, 'noise': 0, 'n': 60, 'shap_error': 1.8033759563285342e-14, 'shap_norm_sq': 3.725974164178613}
{'sample_size': 4800, 'difference': 0, 'noise': 0, 'n': 60, 'shap_error': 1.7824920946241424e-14, 'shap_norm_sq': 3.725974164178613}
{'sample_size': 9600, 'difference': 0, 'noise': 0, 'n': 60, 'shap_error': 1.8729188886041823e-14, 'shap_norm_sq': 3.725974164178613}
{'sample_size': 300, 'difference': 0, 'noise': 0, 'n': 60, 'shap_error': 0.0043652710162514225, 'shap_norm_sq': 3.337841614193706}
{'sample_size': 600, 'difference': 0, 'noise': 0, 'n': 60, 'shap_error': 0.001838353737886468, 'shap_norm_sq': 3.337841614193706}
{'sample_size': 1200, 'difference': 0, 'noise': 0, 'n': 60, 'shap_error': 0.0009047691876991813, 'shap_norm_sq': 3.337841614193706}
{'sample_size': 2400, 'difference': 0, 'noise': 0, 'n': 60, 'shap_error': 0.0004449047807944707, 'shap_norm_sq': 3.337841614193706}
{'sample_size': 4800, 'difference': 0, 'noise': 0, 'n': 60, 'shap_error': 0.00014949987793550466, 'shap_norm_sq': 3.337841614193706}
{'sample_size': 9600, 'difference': 0, 'noise': 0, 'n': 60, 'shap_error': 0.0001225075726342735, 'shap_norm_sq': 3.337841614193706}
{'sample_size': 300, 'difference': 0, 'noise': 0, 'n': 60, 'shap_error': 0.05061950337011871, 'shap_norm_sq': 3.283930193231506}
{'sample_size': 600, 'difference': 0, 'noise': 0, 'n': 60, 'shap_error': 0.01955681687812349, 'shap_norm_sq': 3.283930193231506}
{'sample_size': 1200, 'difference': 0, 'noise': 0, 'n': 60, 'shap_error': 0.007473524245713029, 'shap_norm_sq': 3.283930193231506}
{'sample_size': 2400, 'difference': 0, 'noise': 0, 'n': 60, 'shap_error': 0.0046680103607524325, 'shap_norm_sq': 3.283930193231506}
{'sample_size': 4800, 'difference': 0, 'noise': 0, 'n': 60, 'shap_error': 0.0015367738365664719, 'shap_norm_sq': 3.283930193231506}
{'sample_size': 9600, 'difference': 0, 'noise': 0, 'n': 60, 'shap_error': 0.0010405171039860434, 'shap_norm_sq': 3.283930193231506}
{'sample_size': 300, 'difference': 0, 'noise': 0, 'n': 60, 'shap_error': 0.000860373589863124, 'shap_norm_sq': 2.428496045503573}
{'sample_size': 600, 'difference': 0, 'noise': 0, 'n': 60, 'shap_error': 0.0004641724837804995, 'shap_norm_sq': 2.428496045503573}
{'sample_size': 1200, 'difference': 0, 'noise': 0, 'n': 60, 'shap_error': 0.00029000595393599603, 'shap_norm_sq': 2.428496045503573}
{'sample_size': 2400, 'difference': 0, 'noise': 0, 'n': 60, 'shap_error': 0.00014194130961536742, 'shap_norm_sq': 2.428496045503573}
{'sample_size': 4800, 'difference': 0, 'noise': 0, 'n': 60, 'shap_error': 5.047252125048546e-05, 'shap_norm_sq': 2.428496045503573}
{'sample_size': 9600, 'difference': 0, 'noise': 0, 'n': 60, 'shap_error': 3.212064095277152e-05, 'shap_norm_sq': 2.428496045503573}
{'sample_size': 300, 'difference': 0, 'noise': 0, 'n': 60, 'shap_error': 0.02372784056739255, 'shap_norm_sq': 6.0043894271545355}
{'sample_size': 600, 'difference': 0, 'noise': 0, 'n': 60, 'shap_error': 0.009422046087097416, 'shap_norm_sq': 6.0043894271545355}
{'sample_size': 1200, 'difference': 0, 'noise': 0, 'n': 60, 'shap_error': 0.003921797207549898, 'shap_norm_sq': 6.0043894271545355}
{'sample_size': 2400, 'difference': 0, 'noise': 0, 'n': 60, 'shap_error': 0.0015006103774297486, 'shap_norm_sq': 6.0043894271545355}
{'sample_size': 4800, 'difference': 0, 'noise': 0, 'n': 60, 'shap_error': 0.0008867647091808705, 'shap_norm_sq': 6.0043894271545355}
{'sample_size': 9600, 'difference': 0, 'noise': 0, 'n': 60, 'shap_error': 0.0003493352572781315, 'shap_norm_sq': 6.0043894271545355}
{'sample_size': 300, 'difference': 0, 'noise': 0, 'n': 60, 'shap_error': 0.008167383240996405, 'shap_norm_sq': 2.306323255299426}
{'sample_size': 600, 'difference': 0, 'noise': 0, 'n': 60, 'shap_error': 0.004500663309689531, 'shap_norm_sq': 2.306323255299426}
{'sample_size': 1200, 'difference': 0, 'noise': 0, 'n': 60, 'shap_error': 0.002433111330840405, 'shap_norm_sq': 2.306323255299426}
{'sample_size': 2400, 'difference': 0, 'noise': 0, 'n': 60, 'shap_error': 0.001100711149570234, 'shap_norm_sq': 2.306323255299426}
{'sample_size': 4800, 'difference': 0, 'noise': 0, 'n': 60, 'shap_error': 0.000361442807574343, 'shap_norm_sq': 2.306323255299426}
{'sample_size': 9600, 'difference': 0, 'noise': 0, 'n': 60, 'shap_error': 0.0002268413521622559, 'shap_norm_sq': 2.306323255299426}
{'sample_size': 300, 'difference': 0, 'noise': 0, 'n': 60, 'shap_error': 2.8544893079535405e-14, 'shap_norm_sq': 3.725974164178613}
{'sample_size': 600, 'difference': 0, 'noise': 0, 'n': 60, 'shap_error': 1.9130076512523613e-14, 'shap_norm_sq': 3.725974164178613}
{'sample_size': 1200, 'difference': 0, 'noise': 0, 'n': 60, 'shap_error': 1.9944586745184355e-14, 'shap_norm_sq': 3.725974164178613}
{'sample_size': 2400, 'difference': 0, 'noise': 0, 'n': 60, 'shap_error': 1.82986943476746e-14, 'shap_norm_sq': 3.725974164178613}
{'sample_size': 4800, 'difference': 0, 'noise': 0, 'n': 60, 'shap_error': 1.999916416448944e-14, 'shap_norm_sq': 3.725974164178613}
{'sample_size': 9600, 'difference': 0, 'noise': 0, 'n': 60, 'shap_error': 1.8442981880561856e-14, 'shap_norm_sq': 3.725974164178613}
{'sample_size': 300, 'difference': 0, 'noise': 0, 'n': 60, 'shap_error': 0.011170753022208118, 'shap_norm_sq': 2.794473558168363}
{'sample_size': 600, 'difference': 0, 'noise': 0, 'n': 60, 'shap_error': 0.0038753116165966468, 'shap_norm_sq': 2.794473558168363}
{'sample_size': 1200, 'difference': 0, 'noise': 0, 'n': 60, 'shap_error': 0.0023280243353694624, 'shap_norm_sq': 2.794473558168363}
{'sample_size': 2400, 'difference': 0, 'noise': 0, 'n': 60, 'shap_error': 0.0009371538201311716, 'shap_norm_sq': 2.794473558168363}
{'sample_size': 4800, 'difference': 0, 'noise': 0, 'n': 60, 'shap_error': 0.00027404276588406814, 'shap_norm_sq': 2.794473558168363}
{'sample_size': 9600, 'difference': 0, 'noise': 0, 'n': 60, 'shap_error': 0.00024158824333464694, 'shap_norm_sq': 2.794473558168363}
{'sample_size': 300, 'difference': 0, 'noise': 0, 'n': 60, 'shap_error': 0.01754489554645912, 'shap_norm_sq': 2.2644195734741537}
{'sample_size': 600, 'difference': 0, 'noise': 0, 'n': 60, 'shap_error': 0.008796844671989101, 'shap_norm_sq': 2.2644195734741537}
{'sample_size': 1200, 'difference': 0, 'noise': 0, 'n': 60, 'shap_error': 0.002674969998916573, 'shap_norm_sq': 2.2644195734741537}
{'sample_size': 2400, 'difference': 0, 'noise': 0, 'n': 60, 'shap_error': 0.0013557867695681756, 'shap_norm_sq': 2.2644195734741537}
{'sample_size': 4800, 'difference': 0, 'noise': 0, 'n': 60, 'shap_error': 0.0005518194766223615, 'shap_norm_sq': 2.2644195734741537}
{'sample_size': 9600, 'difference': 0, 'noise': 0, 'n': 60, 'shap_error': 0.000302729468504796, 'shap_norm_sq': 2.2644195734741537}
{'sample_size': 300, 'difference': 0, 'noise': 0, 'n': 60, 'shap_error': 0.008880214949262215, 'shap_norm_sq': 4.393863153876186}
{'sample_size': 600, 'difference': 0, 'noise': 0, 'n': 60, 'shap_error': 0.0039180812535197064, 'shap_norm_sq': 4.393863153876186}
{'sample_size': 1200, 'difference': 0, 'noise': 0, 'n': 60, 'shap_error': 0.0018257642489286597, 'shap_norm_sq': 4.393863153876186}
{'sample_size': 2400, 'difference': 0, 'noise': 0, 'n': 60, 'shap_error': 0.0005969467456097563, 'shap_norm_sq': 4.393863153876186}
{'sample_size': 4800, 'difference': 0, 'noise': 0, 'n': 60, 'shap_error': 0.000457999096607947, 'shap_norm_sq': 4.393863153876186}
{'sample_size': 9600, 'difference': 0, 'noise': 0, 'n': 60, 'shap_error': 0.0001881687598462028, 'shap_norm_sq': 4.393863153876186}
{'sample_size': 300, 'difference': 0, 'noise': 0, 'n': 60, 'shap_error': 0.014213925167035454, 'shap_norm_sq': 2.5636394375721077}
{'sample_size': 600, 'difference': 0, 'noise': 0, 'n': 60, 'shap_error': 0.004611626319603255, 'shap_norm_sq': 2.5636394375721077}
{'sample_size': 1200, 'difference': 0, 'noise': 0, 'n': 60, 'shap_error': 0.0016032310046474624, 'shap_norm_sq': 2.5636394375721077}
{'sample_size': 2400, 'difference': 0, 'noise': 0, 'n': 60, 'shap_error': 0.0006130585853152663, 'shap_norm_sq': 2.5636394375721077}
{'sample_size': 4800, 'difference': 0, 'noise': 0, 'n': 60, 'shap_error': 0.0002953247880003576, 'shap_norm_sq': 2.5636394375721077}
{'sample_size': 9600, 'difference': 0, 'noise': 0, 'n': 60, 'shap_error': 0.00016852860138151296, 'shap_norm_sq': 2.5636394375721077}
{'sample_size': 300, 'difference': 0, 'noise': 0, 'n': 60, 'shap_error': 0.00965771021961143, 'shap_norm_sq': 4.090304126514424}
{'sample_size': 600, 'difference': 0, 'noise': 0, 'n': 60, 'shap_error': 0.004830562928721779, 'shap_norm_sq': 4.090304126514424}
{'sample_size': 1200, 'difference': 0, 'noise': 0, 'n': 60, 'shap_error': 0.001683846303378357, 'shap_norm_sq': 4.090304126514424}
{'sample_size': 2400, 'difference': 0, 'noise': 0, 'n': 60, 'shap_error': 0.0008725120542708256, 'shap_norm_sq': 4.090304126514424}
{'sample_size': 4800, 'difference': 0, 'noise': 0, 'n': 60, 'shap_error': 0.0006465200365289603, 'shap_norm_sq': 4.090304126514424}
{'sample_size': 9600, 'difference': 0, 'noise': 0, 'n': 60, 'shap_error': 0.0002478190512519379, 'shap_norm_sq': 4.090304126514424}
{'sample_size': 300, 'difference': 0, 'noise': 0, 'n': 60, 'shap_error': 0.008396305492897486, 'shap_norm_sq': 2.550440744513126}
{'sample_size': 600, 'difference': 0, 'noise': 0, 'n': 60, 'shap_error': 0.0038546647046358395, 'shap_norm_sq': 2.550440744513126}
{'sample_size': 1200, 'difference': 0, 'noise': 0, 'n': 60, 'shap_error': 0.0016124633671187423, 'shap_norm_sq': 2.550440744513126}
{'sample_size': 2400, 'difference': 0, 'noise': 0, 'n': 60, 'shap_error': 0.0007157649506585171, 'shap_norm_sq': 2.550440744513126}
{'sample_size': 4800, 'difference': 0, 'noise': 0, 'n': 60, 'shap_error': 0.000304227024739832, 'shap_norm_sq': 2.550440744513126}
{'sample_size': 9600, 'difference': 0, 'noise': 0, 'n': 60, 'shap_error': 0.00012770420026035322, 'shap_norm_sq': 2.550440744513126}
{'sample_size': 300, 'difference': 0, 'noise': 0, 'n': 60, 'shap_error': 0.034458581511811394, 'shap_norm_sq': 6.258291052719591}
{'sample_size': 600, 'difference': 0, 'noise': 0, 'n': 60, 'shap_error': 0.019986034763994708, 'shap_norm_sq': 6.258291052719591}
{'sample_size': 1200, 'difference': 0, 'noise': 0, 'n': 60, 'shap_error': 0.006012117758520825, 'shap_norm_sq': 6.258291052719591}
{'sample_size': 2400, 'difference': 0, 'noise': 0, 'n': 60, 'shap_error': 0.0025057819626673624, 'shap_norm_sq': 6.258291052719591}
{'sample_size': 4800, 'difference': 0, 'noise': 0, 'n': 60, 'shap_error': 0.0012270194404938426, 'shap_norm_sq': 6.258291052719591}
{'sample_size': 9600, 'difference': 0, 'noise': 0, 'n': 60, 'shap_error': 0.0005647798412919034, 'shap_norm_sq': 6.258291052719591}
{'sample_size': 300, 'difference': 0, 'noise': 0, 'n': 60, 'shap_error': 0.003936905683170146, 'shap_norm_sq': 1.8045245475002565}
{'sample_size': 600, 'difference': 0, 'noise': 0, 'n': 60, 'shap_error': 0.0016019504342034132, 'shap_norm_sq': 1.8045245475002565}
{'sample_size': 1200, 'difference': 0, 'noise': 0, 'n': 60, 'shap_error': 0.0006552643086171684, 'shap_norm_sq': 1.8045245475002565}
{'sample_size': 2400, 'difference': 0, 'noise': 0, 'n': 60, 'shap_error': 0.00028896044425242694, 'shap_norm_sq': 1.8045245475002565}
{'sample_size': 4800, 'difference': 0, 'noise': 0, 'n': 60, 'shap_error': 9.691567587997422e-05, 'shap_norm_sq': 1.8045245475002565}
{'sample_size': 9600, 'difference': 0, 'noise': 0, 'n': 60, 'shap_error': 6.663769703673086e-05, 'shap_norm_sq': 1.8045245475002565}
{'sample_size': 300, 'difference': 0, 'noise': 0, 'n': 60, 'shap_error': 0.009459694860288255, 'shap_norm_sq': 4.368848162616251}
{'sample_size': 600, 'difference': 0, 'noise': 0, 'n': 60, 'shap_error': 0.0030757222248651893, 'shap_norm_sq': 4.368848162616251}
{'sample_size': 1200, 'difference': 0, 'noise': 0, 'n': 60, 'shap_error': 0.0012146630460092558, 'shap_norm_sq': 4.368848162616251}
{'sample_size': 2400, 'difference': 0, 'noise': 0, 'n': 60, 'shap_error': 0.000589061356350042, 'shap_norm_sq': 4.368848162616251}
{'sample_size': 4800, 'difference': 0, 'noise': 0, 'n': 60, 'shap_error': 0.00029475343803157615, 'shap_norm_sq': 4.368848162616251}
{'sample_size': 9600, 'difference': 0, 'noise': 0, 'n': 60, 'shap_error': 0.00014692974342635614, 'shap_norm_sq': 4.368848162616251}
{'sample_size': 300, 'difference': 0, 'noise': 0, 'n': 60, 'shap_error': 0.023816035334401704, 'shap_norm_sq': 5.200741805600498}
{'sample_size': 600, 'difference': 0, 'noise': 0, 'n': 60, 'shap_error': 0.005664012629711305, 'shap_norm_sq': 5.200741805600498}
{'sample_size': 1200, 'difference': 0, 'noise': 0, 'n': 60, 'shap_error': 0.004900047627991116, 'shap_norm_sq': 5.200741805600498}
{'sample_size': 2400, 'difference': 0, 'noise': 0, 'n': 60, 'shap_error': 0.0012020709099694212, 'shap_norm_sq': 5.200741805600498}
{'sample_size': 4800, 'difference': 0, 'noise': 0, 'n': 60, 'shap_error': 0.0007084310511739986, 'shap_norm_sq': 5.200741805600498}
{'sample_size': 9600, 'difference': 0, 'noise': 0, 'n': 60, 'shap_error': 0.0004380233006928914, 'shap_norm_sq': 5.200741805600498}
{'sample_size': 300, 'difference': 0, 'noise': 0, 'n': 60, 'shap_error': 0.0412698256161421, 'shap_norm_sq': 5.142255328261924}
{'sample_size': 600, 'difference': 0, 'noise': 0, 'n': 60, 'shap_error': 0.023551262201512598, 'shap_norm_sq': 5.142255328261924}
{'sample_size': 1200, 'difference': 0, 'noise': 0, 'n': 60, 'shap_error': 0.006779767296459613, 'shap_norm_sq': 5.142255328261924}
{'sample_size': 2400, 'difference': 0, 'noise': 0, 'n': 60, 'shap_error': 0.0037679120689639092, 'shap_norm_sq': 5.142255328261924}
{'sample_size': 4800, 'difference': 0, 'noise': 0, 'n': 60, 'shap_error': 0.0010327841848324782, 'shap_norm_sq': 5.142255328261924}
{'sample_size': 9600, 'difference': 0, 'noise': 0, 'n': 60, 'shap_error': 0.0009350324950793906, 'shap_norm_sq': 5.142255328261924}
{'sample_size': 600, 'difference': 0, 'noise': 0.0005, 'n': 60, 'shap_error': 0.004741333633512444, 'shap_norm_sq': 3.4714386616135187}
{'sample_size': 600, 'difference': 0, 'noise': 0.001, 'n': 60, 'shap_error': 0.004324075114235547, 'shap_norm_sq': 3.4714386616135187}
{'sample_size': 600, 'difference': 0, 'noise': 0.005, 'n': 60, 'shap_error': 0.0036680609701466083, 'shap_norm_sq': 3.4714386616135187}
{'sample_size': 600, 'difference': 0, 'noise': 0.01, 'n': 60, 'shap_error': 0.00508477754640829, 'shap_norm_sq': 3.4714386616135187}
{'sample_size': 600, 'difference': 0, 'noise': 0.05, 'n': 60, 'shap_error': 0.00365060655631201, 'shap_norm_sq': 3.4714386616135187}
{'sample_size': 600, 'difference': 0, 'noise': 0.1, 'n': 60, 'shap_error': 0.0075045642209697885, 'shap_norm_sq': 3.4714386616135187}
{'sample_size': 600, 'difference': 0, 'noise': 0.5, 'n': 60, 'shap_error': 0.1581833781519224, 'shap_norm_sq': 3.4714386616135187}
{'sample_size': 600, 'difference': 0, 'noise': 1, 'n': 60, 'shap_error': 0.6637523954743371, 'shap_norm_sq': 3.4714386616135187}
{'sample_size': 600, 'difference': 0, 'noise': 0.0005, 'n': 60, 'shap_error': 0.010994205100195286, 'shap_norm_sq': 6.49069985278087}
{'sample_size': 600, 'difference': 0, 'noise': 0.001, 'n': 60, 'shap_error': 0.012330210912454545, 'shap_norm_sq': 6.49069985278087}
{'sample_size': 600, 'difference': 0, 'noise': 0.005, 'n': 60, 'shap_error': 0.013809562723572559, 'shap_norm_sq': 6.49069985278087}
{'sample_size': 600, 'difference': 0, 'noise': 0.01, 'n': 60, 'shap_error': 0.007652580715685131, 'shap_norm_sq': 6.49069985278087}
{'sample_size': 600, 'difference': 0, 'noise': 0.05, 'n': 60, 'shap_error': 0.009670046525749385, 'shap_norm_sq': 6.49069985278087}
{'sample_size': 600, 'difference': 0, 'noise': 0.1, 'n': 60, 'shap_error': 0.013909708174380623, 'shap_norm_sq': 6.49069985278087}
{'sample_size': 600, 'difference': 0, 'noise': 0.5, 'n': 60, 'shap_error': 0.05685262444095072, 'shap_norm_sq': 6.49069985278087}
{'sample_size': 600, 'difference': 0, 'noise': 1, 'n': 60, 'shap_error': 0.2623764462932505, 'shap_norm_sq': 6.49069985278087}
{'sample_size': 600, 'difference': 0, 'noise': 0.0005, 'n': 60, 'shap_error': 0.010008204280109402, 'shap_norm_sq': 4.33959584084788}
{'sample_size': 600, 'difference': 0, 'noise': 0.001, 'n': 60, 'shap_error': 0.008978409618585615, 'shap_norm_sq': 4.33959584084788}
{'sample_size': 600, 'difference': 0, 'noise': 0.005, 'n': 60, 'shap_error': 0.0077447030809111445, 'shap_norm_sq': 4.33959584084788}
{'sample_size': 600, 'difference': 0, 'noise': 0.01, 'n': 60, 'shap_error': 0.008587297379995612, 'shap_norm_sq': 4.33959584084788}
{'sample_size': 600, 'difference': 0, 'noise': 0.05, 'n': 60, 'shap_error': 0.010186774865734558, 'shap_norm_sq': 4.33959584084788}
{'sample_size': 600, 'difference': 0, 'noise': 0.1, 'n': 60, 'shap_error': 0.012074679069708178, 'shap_norm_sq': 4.33959584084788}
{'sample_size': 600, 'difference': 0, 'noise': 0.5, 'n': 60, 'shap_error': 0.10951297466333222, 'shap_norm_sq': 4.33959584084788}
{'sample_size': 600, 'difference': 0, 'noise': 1, 'n': 60, 'shap_error': 0.33467556044096786, 'shap_norm_sq': 4.33959584084788}
{'sample_size': 600, 'difference': 0, 'noise': 0.0005, 'n': 60, 'shap_error': 0.0021146439154401155, 'shap_norm_sq': 5.331550004345126}
{'sample_size': 600, 'difference': 0, 'noise': 0.001, 'n': 60, 'shap_error': 0.0023123361471568712, 'shap_norm_sq': 5.331550004345126}
{'sample_size': 600, 'difference': 0, 'noise': 0.005, 'n': 60, 'shap_error': 0.001813049058332609, 'shap_norm_sq': 5.331550004345126}
{'sample_size': 600, 'difference': 0, 'noise': 0.01, 'n': 60, 'shap_error': 0.0023865712419887763, 'shap_norm_sq': 5.331550004345126}
{'sample_size': 600, 'difference': 0, 'noise': 0.05, 'n': 60, 'shap_error': 0.002478881143400084, 'shap_norm_sq': 5.331550004345126}
{'sample_size': 600, 'difference': 0, 'noise': 0.1, 'n': 60, 'shap_error': 0.00493232412701387, 'shap_norm_sq': 5.331550004345126}
{'sample_size': 600, 'difference': 0, 'noise': 0.5, 'n': 60, 'shap_error': 0.08822742261412833, 'shap_norm_sq': 5.331550004345126}
{'sample_size': 600, 'difference': 0, 'noise': 1, 'n': 60, 'shap_error': 0.2132319274129883, 'shap_norm_sq': 5.331550004345126}
{'sample_size': 600, 'difference': 0, 'noise': 0.0005, 'n': 60, 'shap_error': 2.0353315264515885e-05, 'shap_norm_sq': 5.477425285147867}
{'sample_size': 600, 'difference': 0, 'noise': 0.001, 'n': 60, 'shap_error': 1.753386277076197e-05, 'shap_norm_sq': 5.477425285147867}
{'sample_size': 600, 'difference': 0, 'noise': 0.005, 'n': 60, 'shap_error': 2.050764249565668e-05, 'shap_norm_sq': 5.477425285147867}
{'sample_size': 600, 'difference': 0, 'noise': 0.01, 'n': 60, 'shap_error': 5.4416378328280917e-05, 'shap_norm_sq': 5.477425285147867}
{'sample_size': 600, 'difference': 0, 'noise': 0.05, 'n': 60, 'shap_error': 0.0008827211144873689, 'shap_norm_sq': 5.477425285147867}
{'sample_size': 600, 'difference': 0, 'noise': 0.1, 'n': 60, 'shap_error': 0.005134392306565328, 'shap_norm_sq': 5.477425285147867}
{'sample_size': 600, 'difference': 0, 'noise': 0.5, 'n': 60, 'shap_error': 0.09063683367384726, 'shap_norm_sq': 5.477425285147867}
{'sample_size': 600, 'difference': 0, 'noise': 1, 'n': 60, 'shap_error': 0.3577501302293117, 'shap_norm_sq': 5.477425285147867}
{'sample_size': 600, 'difference': 0, 'noise': 0.0005, 'n': 60, 'shap_error': 0.0018522544574639563, 'shap_norm_sq': 4.63030460691581}
{'sample_size': 600, 'difference': 0, 'noise': 0.001, 'n': 60, 'shap_error': 0.0016342280040050798, 'shap_norm_sq': 4.63030460691581}
{'sample_size': 600, 'difference': 0, 'noise': 0.005, 'n': 60, 'shap_error': 0.0025711904408111897, 'shap_norm_sq': 4.63030460691581}
{'sample_size': 600, 'difference': 0, 'noise': 0.01, 'n': 60, 'shap_error': 0.002669263328607342, 'shap_norm_sq': 4.63030460691581}
{'sample_size': 600, 'difference': 0, 'noise': 0.05, 'n': 60, 'shap_error': 0.002310659668500858, 'shap_norm_sq': 4.63030460691581}
{'sample_size': 600, 'difference': 0, 'noise': 0.1, 'n': 60, 'shap_error': 0.006245058513631743, 'shap_norm_sq': 4.63030460691581}
{'sample_size': 600, 'difference': 0, 'noise': 0.5, 'n': 60, 'shap_error': 0.05516957315443857, 'shap_norm_sq': 4.63030460691581}
{'sample_size': 600, 'difference': 0, 'noise': 1, 'n': 60, 'shap_error': 0.31835473233376804, 'shap_norm_sq': 4.63030460691581}
{'sample_size': 600, 'difference': 0, 'noise': 0.0005, 'n': 60, 'shap_error': 0.004004863789880692, 'shap_norm_sq': 5.407976064110045}
{'sample_size': 600, 'difference': 0, 'noise': 0.001, 'n': 60, 'shap_error': 0.004272410688133523, 'shap_norm_sq': 5.407976064110045}
{'sample_size': 600, 'difference': 0, 'noise': 0.005, 'n': 60, 'shap_error': 0.005072603985253709, 'shap_norm_sq': 5.407976064110045}
{'sample_size': 600, 'difference': 0, 'noise': 0.01, 'n': 60, 'shap_error': 0.004571492265210146, 'shap_norm_sq': 5.407976064110045}
{'sample_size': 600, 'difference': 0, 'noise': 0.05, 'n': 60, 'shap_error': 0.005256051383902508, 'shap_norm_sq': 5.407976064110045}
{'sample_size': 600, 'difference': 0, 'noise': 0.1, 'n': 60, 'shap_error': 0.010992228593742078, 'shap_norm_sq': 5.407976064110045}
{'sample_size': 600, 'difference': 0, 'noise': 0.5, 'n': 60, 'shap_error': 0.0654972758664718, 'shap_norm_sq': 5.407976064110045}
{'sample_size': 600, 'difference': 0, 'noise': 1, 'n': 60, 'shap_error': 0.22489271864329785, 'shap_norm_sq': 5.407976064110045}
{'sample_size': 600, 'difference': 0, 'noise': 0.0005, 'n': 60, 'shap_error': 0.002551610260478483, 'shap_norm_sq': 7.477124728176402}
{'sample_size': 600, 'difference': 0, 'noise': 0.001, 'n': 60, 'shap_error': 0.003381010452781762, 'shap_norm_sq': 7.477124728176402}
{'sample_size': 600, 'difference': 0, 'noise': 0.005, 'n': 60, 'shap_error': 0.002836048435228206, 'shap_norm_sq': 7.477124728176402}
{'sample_size': 600, 'difference': 0, 'noise': 0.01, 'n': 60, 'shap_error': 0.004860766656461465, 'shap_norm_sq': 7.477124728176402}
{'sample_size': 600, 'difference': 0, 'noise': 0.05, 'n': 60, 'shap_error': 0.00438816619112983, 'shap_norm_sq': 7.477124728176402}
{'sample_size': 600, 'difference': 0, 'noise': 0.1, 'n': 60, 'shap_error': 0.004792580834929783, 'shap_norm_sq': 7.477124728176402}
{'sample_size': 600, 'difference': 0, 'noise': 0.5, 'n': 60, 'shap_error': 0.08351727503260957, 'shap_norm_sq': 7.477124728176402}
{'sample_size': 600, 'difference': 0, 'noise': 1, 'n': 60, 'shap_error': 0.2637037978616467, 'shap_norm_sq': 7.477124728176402}
{'sample_size': 600, 'difference': 0, 'noise': 0.0005, 'n': 60, 'shap_error': 0.004769155846271328, 'shap_norm_sq': 5.3821000672537265}
{'sample_size': 600, 'difference': 0, 'noise': 0.001, 'n': 60, 'shap_error': 0.0040904055803394936, 'shap_norm_sq': 5.3821000672537265}
{'sample_size': 600, 'difference': 0, 'noise': 0.005, 'n': 60, 'shap_error': 0.006817739598109417, 'shap_norm_sq': 5.3821000672537265}
{'sample_size': 600, 'difference': 0, 'noise': 0.01, 'n': 60, 'shap_error': 0.00480569508839298, 'shap_norm_sq': 5.3821000672537265}
{'sample_size': 600, 'difference': 0, 'noise': 0.05, 'n': 60, 'shap_error': 0.007229194408357436, 'shap_norm_sq': 5.3821000672537265}
{'sample_size': 600, 'difference': 0, 'noise': 0.1, 'n': 60, 'shap_error': 0.012851815512973961, 'shap_norm_sq': 5.3821000672537265}
{'sample_size': 600, 'difference': 0, 'noise': 0.5, 'n': 60, 'shap_error': 0.11296944734539757, 'shap_norm_sq': 5.3821000672537265}
{'sample_size': 600, 'difference': 0, 'noise': 1, 'n': 60, 'shap_error': 0.39280769550111266, 'shap_norm_sq': 5.3821000672537265}
{'sample_size': 600, 'difference': 0, 'noise': 0.0005, 'n': 60, 'shap_error': 0.005175421204883159, 'shap_norm_sq': 3.019764463476448}
{'sample_size': 600, 'difference': 0, 'noise': 0.001, 'n': 60, 'shap_error': 0.006781078778097514, 'shap_norm_sq': 3.019764463476448}
{'sample_size': 600, 'difference': 0, 'noise': 0.005, 'n': 60, 'shap_error': 0.0051381515153489455, 'shap_norm_sq': 3.019764463476448}
{'sample_size': 600, 'difference': 0, 'noise': 0.01, 'n': 60, 'shap_error': 0.005033306037441537, 'shap_norm_sq': 3.019764463476448}
{'sample_size': 600, 'difference': 0, 'noise': 0.05, 'n': 60, 'shap_error': 0.007059761330313951, 'shap_norm_sq': 3.019764463476448}
{'sample_size': 600, 'difference': 0, 'noise': 0.1, 'n': 60, 'shap_error': 0.010307502420444795, 'shap_norm_sq': 3.019764463476448}
{'sample_size': 600, 'difference': 0, 'noise': 0.5, 'n': 60, 'shap_error': 0.11076060478312186, 'shap_norm_sq': 3.019764463476448}
{'sample_size': 600, 'difference': 0, 'noise': 1, 'n': 60, 'shap_error': 0.2812734526377581, 'shap_norm_sq': 3.019764463476448}
{'sample_size': 600, 'difference': 0, 'noise': 0.0005, 'n': 60, 'shap_error': 0.0017567193053265138, 'shap_norm_sq': 5.514538739784413}
{'sample_size': 600, 'difference': 0, 'noise': 0.001, 'n': 60, 'shap_error': 0.0011025876885787267, 'shap_norm_sq': 5.514538739784413}
{'sample_size': 600, 'difference': 0, 'noise': 0.005, 'n': 60, 'shap_error': 0.00133524176512224, 'shap_norm_sq': 5.514538739784413}
{'sample_size': 600, 'difference': 0, 'noise': 0.01, 'n': 60, 'shap_error': 0.0013993966108190874, 'shap_norm_sq': 5.514538739784413}
{'sample_size': 600, 'difference': 0, 'noise': 0.05, 'n': 60, 'shap_error': 0.0021241573194876826, 'shap_norm_sq': 5.514538739784413}
{'sample_size': 600, 'difference': 0, 'noise': 0.1, 'n': 60, 'shap_error': 0.0053484794139195485, 'shap_norm_sq': 5.514538739784413}
{'sample_size': 600, 'difference': 0, 'noise': 0.5, 'n': 60, 'shap_error': 0.06976928987962314, 'shap_norm_sq': 5.514538739784413}
{'sample_size': 600, 'difference': 0, 'noise': 1, 'n': 60, 'shap_error': 0.2626590991115935, 'shap_norm_sq': 5.514538739784413}
{'sample_size': 600, 'difference': 0, 'noise': 0.0005, 'n': 60, 'shap_error': 0.014884341669087356, 'shap_norm_sq': 2.7407092898068885}
{'sample_size': 600, 'difference': 0, 'noise': 0.001, 'n': 60, 'shap_error': 0.01118459988275574, 'shap_norm_sq': 2.7407092898068885}
{'sample_size': 600, 'difference': 0, 'noise': 0.005, 'n': 60, 'shap_error': 0.018004812467800734, 'shap_norm_sq': 2.7407092898068885}
{'sample_size': 600, 'difference': 0, 'noise': 0.01, 'n': 60, 'shap_error': 0.010725261894350222, 'shap_norm_sq': 2.7407092898068885}
{'sample_size': 600, 'difference': 0, 'noise': 0.05, 'n': 60, 'shap_error': 0.016663875478693628, 'shap_norm_sq': 2.7407092898068885}
{'sample_size': 600, 'difference': 0, 'noise': 0.1, 'n': 60, 'shap_error': 0.0257357258885079, 'shap_norm_sq': 2.7407092898068885}
{'sample_size': 600, 'difference': 0, 'noise': 0.5, 'n': 60, 'shap_error': 0.2510145112304012, 'shap_norm_sq': 2.7407092898068885}
{'sample_size': 600, 'difference': 0, 'noise': 1, 'n': 60, 'shap_error': 1.173509153280682, 'shap_norm_sq': 2.7407092898068885}
{'sample_size': 600, 'difference': 0, 'noise': 0.0005, 'n': 60, 'shap_error': 3.3867482942798666e-05, 'shap_norm_sq': 2.72373910298738}
{'sample_size': 600, 'difference': 0, 'noise': 0.001, 'n': 60, 'shap_error': 3.0723968748033036e-05, 'shap_norm_sq': 2.72373910298738}
{'sample_size': 600, 'difference': 0, 'noise': 0.005, 'n': 60, 'shap_error': 7.258039290146844e-05, 'shap_norm_sq': 2.72373910298738}
{'sample_size': 600, 'difference': 0, 'noise': 0.01, 'n': 60, 'shap_error': 0.0001544568893976905, 'shap_norm_sq': 2.72373910298738}
{'sample_size': 600, 'difference': 0, 'noise': 0.05, 'n': 60, 'shap_error': 0.0032207293640135275, 'shap_norm_sq': 2.72373910298738}
{'sample_size': 600, 'difference': 0, 'noise': 0.1, 'n': 60, 'shap_error': 0.01250774279222947, 'shap_norm_sq': 2.72373910298738}
{'sample_size': 600, 'difference': 0, 'noise': 0.5, 'n': 60, 'shap_error': 0.22969937441509583, 'shap_norm_sq': 2.72373910298738}
{'sample_size': 600, 'difference': 0, 'noise': 1, 'n': 60, 'shap_error': 0.9850292235547751, 'shap_norm_sq': 2.72373910298738}
{'sample_size': 600, 'difference': 0, 'noise': 0.0005, 'n': 60, 'shap_error': 0.005088142737328765, 'shap_norm_sq': 2.3946212505736986}
{'sample_size': 600, 'difference': 0, 'noise': 0.001, 'n': 60, 'shap_error': 0.00431792349063937, 'shap_norm_sq': 2.3946212505736986}
{'sample_size': 600, 'difference': 0, 'noise': 0.005, 'n': 60, 'shap_error': 0.003742988624085717, 'shap_norm_sq': 2.3946212505736986}
{'sample_size': 600, 'difference': 0, 'noise': 0.01, 'n': 60, 'shap_error': 0.006081384497137287, 'shap_norm_sq': 2.3946212505736986}
{'sample_size': 600, 'difference': 0, 'noise': 0.05, 'n': 60, 'shap_error': 0.010432141664126088, 'shap_norm_sq': 2.3946212505736986}
{'sample_size': 600, 'difference': 0, 'noise': 0.1, 'n': 60, 'shap_error': 0.010192989636714793, 'shap_norm_sq': 2.3946212505736986}
{'sample_size': 600, 'difference': 0, 'noise': 0.5, 'n': 60, 'shap_error': 0.09168833454497191, 'shap_norm_sq': 2.3946212505736986}
{'sample_size': 600, 'difference': 0, 'noise': 1, 'n': 60, 'shap_error': 0.46237114679219204, 'shap_norm_sq': 2.3946212505736986}
{'sample_size': 600, 'difference': 0, 'noise': 0.0005, 'n': 60, 'shap_error': 0.004572708337507857, 'shap_norm_sq': 3.611813914653576}
{'sample_size': 600, 'difference': 0, 'noise': 0.001, 'n': 60, 'shap_error': 0.0052808144087486035, 'shap_norm_sq': 3.611813914653576}
{'sample_size': 600, 'difference': 0, 'noise': 0.005, 'n': 60, 'shap_error': 0.0035571375952757217, 'shap_norm_sq': 3.611813914653576}
{'sample_size': 600, 'difference': 0, 'noise': 0.01, 'n': 60, 'shap_error': 0.0049125186700641876, 'shap_norm_sq': 3.611813914653576}
{'sample_size': 600, 'difference': 0, 'noise': 0.05, 'n': 60, 'shap_error': 0.011424169658701253, 'shap_norm_sq': 3.611813914653576}
{'sample_size': 600, 'difference': 0, 'noise': 0.1, 'n': 60, 'shap_error': 0.016954097835504528, 'shap_norm_sq': 3.611813914653576}
{'sample_size': 600, 'difference': 0, 'noise': 0.5, 'n': 60, 'shap_error': 0.2474779207994628, 'shap_norm_sq': 3.611813914653576}
{'sample_size': 600, 'difference': 0, 'noise': 1, 'n': 60, 'shap_error': 0.8984880292385538, 'shap_norm_sq': 3.611813914653576}
{'sample_size': 600, 'difference': 0, 'noise': 0.0005, 'n': 60, 'shap_error': 0.0049725394278150965, 'shap_norm_sq': 6.110289679220796}
{'sample_size': 600, 'difference': 0, 'noise': 0.001, 'n': 60, 'shap_error': 0.006673329146148128, 'shap_norm_sq': 6.110289679220796}
{'sample_size': 600, 'difference': 0, 'noise': 0.005, 'n': 60, 'shap_error': 0.003993749949768032, 'shap_norm_sq': 6.110289679220796}
{'sample_size': 600, 'difference': 0, 'noise': 0.01, 'n': 60, 'shap_error': 0.004496162163963924, 'shap_norm_sq': 6.110289679220796}
{'sample_size': 600, 'difference': 0, 'noise': 0.05, 'n': 60, 'shap_error': 0.005956199518652959, 'shap_norm_sq': 6.110289679220796}
{'sample_size': 600, 'difference': 0, 'noise': 0.1, 'n': 60, 'shap_error': 0.011513740576639692, 'shap_norm_sq': 6.110289679220796}
{'sample_size': 600, 'difference': 0, 'noise': 0.5, 'n': 60, 'shap_error': 0.14149977042330872, 'shap_norm_sq': 6.110289679220796}
{'sample_size': 600, 'difference': 0, 'noise': 1, 'n': 60, 'shap_error': 0.4069224808469564, 'shap_norm_sq': 6.110289679220796}
{'sample_size': 600, 'difference': 0, 'noise': 0.0005, 'n': 60, 'shap_error': 0.007371030171559336, 'shap_norm_sq': 4.939908414866903}
{'sample_size': 600, 'difference': 0, 'noise': 0.001, 'n': 60, 'shap_error': 0.007794349485052205, 'shap_norm_sq': 4.939908414866903}
{'sample_size': 600, 'difference': 0, 'noise': 0.005, 'n': 60, 'shap_error': 0.004965882888843193, 'shap_norm_sq': 4.939908414866903}
{'sample_size': 600, 'difference': 0, 'noise': 0.01, 'n': 60, 'shap_error': 0.009352105116351355, 'shap_norm_sq': 4.939908414866903}
{'sample_size': 600, 'difference': 0, 'noise': 0.05, 'n': 60, 'shap_error': 0.010169284704488408, 'shap_norm_sq': 4.939908414866903}
{'sample_size': 600, 'difference': 0, 'noise': 0.1, 'n': 60, 'shap_error': 0.00861192369735996, 'shap_norm_sq': 4.939908414866903}
{'sample_size': 600, 'difference': 0, 'noise': 0.5, 'n': 60, 'shap_error': 0.11549993270013094, 'shap_norm_sq': 4.939908414866903}
{'sample_size': 600, 'difference': 0, 'noise': 1, 'n': 60, 'shap_error': 0.5858181077965858, 'shap_norm_sq': 4.939908414866903}
{'sample_size': 600, 'difference': 0, 'noise': 0.0005, 'n': 60, 'shap_error': 0.007384954176947106, 'shap_norm_sq': 4.140214548234926}
{'sample_size': 600, 'difference': 0, 'noise': 0.001, 'n': 60, 'shap_error': 0.0028491075716525344, 'shap_norm_sq': 4.140214548234926}
{'sample_size': 600, 'difference': 0, 'noise': 0.005, 'n': 60, 'shap_error': 0.004897557213847139, 'shap_norm_sq': 4.140214548234926}
{'sample_size': 600, 'difference': 0, 'noise': 0.01, 'n': 60, 'shap_error': 0.004497853122673807, 'shap_norm_sq': 4.140214548234926}
{'sample_size': 600, 'difference': 0, 'noise': 0.05, 'n': 60, 'shap_error': 0.004643410365736033, 'shap_norm_sq': 4.140214548234926}
{'sample_size': 600, 'difference': 0, 'noise': 0.1, 'n': 60, 'shap_error': 0.004452428368092882, 'shap_norm_sq': 4.140214548234926}
{'sample_size': 600, 'difference': 0, 'noise': 0.5, 'n': 60, 'shap_error': 0.09937053310654437, 'shap_norm_sq': 4.140214548234926}
{'sample_size': 600, 'difference': 0, 'noise': 1, 'n': 60, 'shap_error': 0.37198601300337475, 'shap_norm_sq': 4.140214548234926}
{'sample_size': 600, 'difference': 0, 'noise': 0.0005, 'n': 60, 'shap_error': 0.000507542710884392, 'shap_norm_sq': 2.594574315662022}
{'sample_size': 600, 'difference': 0, 'noise': 0.001, 'n': 60, 'shap_error': 0.000515354138529292, 'shap_norm_sq': 2.594574315662022}
{'sample_size': 600, 'difference': 0, 'noise': 0.005, 'n': 60, 'shap_error': 0.000439499204599126, 'shap_norm_sq': 2.594574315662022}
{'sample_size': 600, 'difference': 0, 'noise': 0.01, 'n': 60, 'shap_error': 0.0004709330038273194, 'shap_norm_sq': 2.594574315662022}
{'sample_size': 600, 'difference': 0, 'noise': 0.05, 'n': 60, 'shap_error': 0.0018070428019082592, 'shap_norm_sq': 2.594574315662022}
{'sample_size': 600, 'difference': 0, 'noise': 0.1, 'n': 60, 'shap_error': 0.007274143641020097, 'shap_norm_sq': 2.594574315662022}
{'sample_size': 600, 'difference': 0, 'noise': 0.5, 'n': 60, 'shap_error': 0.1541627926737032, 'shap_norm_sq': 2.594574315662022}
{'sample_size': 600, 'difference': 0, 'noise': 1, 'n': 60, 'shap_error': 0.6104110520558094, 'shap_norm_sq': 2.594574315662022}
{'sample_size': 600, 'difference': 0, 'noise': 0.0005, 'n': 60, 'shap_error': 0.007419067423238086, 'shap_norm_sq': 2.4716292273318894}
{'sample_size': 600, 'difference': 0, 'noise': 0.001, 'n': 60, 'shap_error': 0.012108303272721577, 'shap_norm_sq': 2.4716292273318894}
{'sample_size': 600, 'difference': 0, 'noise': 0.005, 'n': 60, 'shap_error': 0.007425658777002334, 'shap_norm_sq': 2.4716292273318894}
{'sample_size': 600, 'difference': 0, 'noise': 0.01, 'n': 60, 'shap_error': 0.006073080687188021, 'shap_norm_sq': 2.4716292273318894}
{'sample_size': 600, 'difference': 0, 'noise': 0.05, 'n': 60, 'shap_error': 0.008993553816819422, 'shap_norm_sq': 2.4716292273318894}
{'sample_size': 600, 'difference': 0, 'noise': 0.1, 'n': 60, 'shap_error': 0.012159697022948505, 'shap_norm_sq': 2.4716292273318894}
{'sample_size': 600, 'difference': 0, 'noise': 0.5, 'n': 60, 'shap_error': 0.19428561858464902, 'shap_norm_sq': 2.4716292273318894}
{'sample_size': 600, 'difference': 0, 'noise': 1, 'n': 60, 'shap_error': 0.7033740595935893, 'shap_norm_sq': 2.4716292273318894}
{'sample_size': 600, 'difference': 0, 'noise': 0.0005, 'n': 60, 'shap_error': 0.00033928898238139057, 'shap_norm_sq': 2.2938318600579644}
{'sample_size': 600, 'difference': 0, 'noise': 0.001, 'n': 60, 'shap_error': 0.00030601890212791786, 'shap_norm_sq': 2.2938318600579644}
{'sample_size': 600, 'difference': 0, 'noise': 0.005, 'n': 60, 'shap_error': 0.00044291565683823137, 'shap_norm_sq': 2.2938318600579644}
{'sample_size': 600, 'difference': 0, 'noise': 0.01, 'n': 60, 'shap_error': 0.0003391416176797105, 'shap_norm_sq': 2.2938318600579644}
{'sample_size': 600, 'difference': 0, 'noise': 0.05, 'n': 60, 'shap_error': 0.0039023744638586764, 'shap_norm_sq': 2.2938318600579644}
{'sample_size': 600, 'difference': 0, 'noise': 0.1, 'n': 60, 'shap_error': 0.01623466830415393, 'shap_norm_sq': 2.2938318600579644}
{'sample_size': 600, 'difference': 0, 'noise': 0.5, 'n': 60, 'shap_error': 0.3236744360675825, 'shap_norm_sq': 2.2938318600579644}
{'sample_size': 600, 'difference': 0, 'noise': 1, 'n': 60, 'shap_error': 1.0487826236826654, 'shap_norm_sq': 2.2938318600579644}
{'sample_size': 600, 'difference': 0, 'noise': 0.0005, 'n': 60, 'shap_error': 0.010923705114987609, 'shap_norm_sq': 3.501341715022203}
{'sample_size': 600, 'difference': 0, 'noise': 0.001, 'n': 60, 'shap_error': 0.009554583991579, 'shap_norm_sq': 3.501341715022203}
{'sample_size': 600, 'difference': 0, 'noise': 0.005, 'n': 60, 'shap_error': 0.00756619799702214, 'shap_norm_sq': 3.501341715022203}
{'sample_size': 600, 'difference': 0, 'noise': 0.01, 'n': 60, 'shap_error': 0.009441663252402949, 'shap_norm_sq': 3.501341715022203}
{'sample_size': 600, 'difference': 0, 'noise': 0.05, 'n': 60, 'shap_error': 0.01112587234203455, 'shap_norm_sq': 3.501341715022203}
{'sample_size': 600, 'difference': 0, 'noise': 0.1, 'n': 60, 'shap_error': 0.014015818788928764, 'shap_norm_sq': 3.501341715022203}
{'sample_size': 600, 'difference': 0, 'noise': 0.5, 'n': 60, 'shap_error': 0.1198945815364624, 'shap_norm_sq': 3.501341715022203}
{'sample_size': 600, 'difference': 0, 'noise': 1, 'n': 60, 'shap_error': 0.49191012433769876, 'shap_norm_sq': 3.501341715022203}
{'sample_size': 600, 'difference': 0, 'noise': 0.0005, 'n': 60, 'shap_error': 0.01128723056952983, 'shap_norm_sq': 5.842968256389947}
{'sample_size': 600, 'difference': 0, 'noise': 0.001, 'n': 60, 'shap_error': 0.010175350644452026, 'shap_norm_sq': 5.842968256389947}
{'sample_size': 600, 'difference': 0, 'noise': 0.005, 'n': 60, 'shap_error': 0.006851850152517198, 'shap_norm_sq': 5.842968256389947}
{'sample_size': 600, 'difference': 0, 'noise': 0.01, 'n': 60, 'shap_error': 0.007890454776750055, 'shap_norm_sq': 5.842968256389947}
{'sample_size': 600, 'difference': 0, 'noise': 0.05, 'n': 60, 'shap_error': 0.011528826944741383, 'shap_norm_sq': 5.842968256389947}
{'sample_size': 600, 'difference': 0, 'noise': 0.1, 'n': 60, 'shap_error': 0.009368347498831118, 'shap_norm_sq': 5.842968256389947}
{'sample_size': 600, 'difference': 0, 'noise': 0.5, 'n': 60, 'shap_error': 0.0928846213823074, 'shap_norm_sq': 5.842968256389947}
{'sample_size': 600, 'difference': 0, 'noise': 1, 'n': 60, 'shap_error': 0.3053015108838205, 'shap_norm_sq': 5.842968256389947}
{'sample_size': 600, 'difference': 0, 'noise': 0.0005, 'n': 60, 'shap_error': 0.0017558814985806181, 'shap_norm_sq': 3.337841614193706}
{'sample_size': 600, 'difference': 0, 'noise': 0.001, 'n': 60, 'shap_error': 0.0012943522959311838, 'shap_norm_sq': 3.337841614193706}
{'sample_size': 600, 'difference': 0, 'noise': 0.005, 'n': 60, 'shap_error': 0.0024300461847886223, 'shap_norm_sq': 3.337841614193706}
{'sample_size': 600, 'difference': 0, 'noise': 0.01, 'n': 60, 'shap_error': 0.001608166686409661, 'shap_norm_sq': 3.337841614193706}
{'sample_size': 600, 'difference': 0, 'noise': 0.05, 'n': 60, 'shap_error': 0.0043876813427037266, 'shap_norm_sq': 3.337841614193706}
{'sample_size': 600, 'difference': 0, 'noise': 0.1, 'n': 60, 'shap_error': 0.014407493382979588, 'shap_norm_sq': 3.337841614193706}
{'sample_size': 600, 'difference': 0, 'noise': 0.5, 'n': 60, 'shap_error': 0.29555566844656067, 'shap_norm_sq': 3.337841614193706}
{'sample_size': 600, 'difference': 0, 'noise': 1, 'n': 60, 'shap_error': 1.3313620152436265, 'shap_norm_sq': 3.337841614193706}
{'sample_size': 600, 'difference': 0, 'noise': 0.0005, 'n': 60, 'shap_error': 0.0028575841761409927, 'shap_norm_sq': 4.828759238028076}
{'sample_size': 600, 'difference': 0, 'noise': 0.001, 'n': 60, 'shap_error': 0.0022130330522415966, 'shap_norm_sq': 4.828759238028076}
{'sample_size': 600, 'difference': 0, 'noise': 0.005, 'n': 60, 'shap_error': 0.001676401340984661, 'shap_norm_sq': 4.828759238028076}
{'sample_size': 600, 'difference': 0, 'noise': 0.01, 'n': 60, 'shap_error': 0.0018275990526905586, 'shap_norm_sq': 4.828759238028076}
{'sample_size': 600, 'difference': 0, 'noise': 0.05, 'n': 60, 'shap_error': 0.0018695148338812337, 'shap_norm_sq': 4.828759238028076}
{'sample_size': 600, 'difference': 0, 'noise': 0.1, 'n': 60, 'shap_error': 0.005117467315326172, 'shap_norm_sq': 4.828759238028076}
{'sample_size': 600, 'difference': 0, 'noise': 0.5, 'n': 60, 'shap_error': 0.07657145462885963, 'shap_norm_sq': 4.828759238028076}
{'sample_size': 600, 'difference': 0, 'noise': 1, 'n': 60, 'shap_error': 0.30964597574312974, 'shap_norm_sq': 4.828759238028076}
{'sample_size': 600, 'difference': 0, 'noise': 0.0005, 'n': 60, 'shap_error': 0.00830520500122526, 'shap_norm_sq': 4.754704381466296}
{'sample_size': 600, 'difference': 0, 'noise': 0.001, 'n': 60, 'shap_error': 0.006726573318167775, 'shap_norm_sq': 4.754704381466296}
{'sample_size': 600, 'difference': 0, 'noise': 0.005, 'n': 60, 'shap_error': 0.009559669943363205, 'shap_norm_sq': 4.754704381466296}
{'sample_size': 600, 'difference': 0, 'noise': 0.01, 'n': 60, 'shap_error': 0.009882013629942338, 'shap_norm_sq': 4.754704381466296}
{'sample_size': 600, 'difference': 0, 'noise': 0.05, 'n': 60, 'shap_error': 0.009686920368317331, 'shap_norm_sq': 4.754704381466296}
{'sample_size': 600, 'difference': 0, 'noise': 0.1, 'n': 60, 'shap_error': 0.01103105878753181, 'shap_norm_sq': 4.754704381466296}
{'sample_size': 600, 'difference': 0, 'noise': 0.5, 'n': 60, 'shap_error': 0.06439440310236928, 'shap_norm_sq': 4.754704381466296}
{'sample_size': 600, 'difference': 0, 'noise': 1, 'n': 60, 'shap_error': 0.2786731322399363, 'shap_norm_sq': 4.754704381466296}
{'sample_size': 600, 'difference': 0, 'noise': 0.0005, 'n': 60, 'shap_error': 0.0036034243088209714, 'shap_norm_sq': 5.050699731857153}
{'sample_size': 600, 'difference': 0, 'noise': 0.001, 'n': 60, 'shap_error': 0.004319984137986215, 'shap_norm_sq': 5.050699731857153}
{'sample_size': 600, 'difference': 0, 'noise': 0.005, 'n': 60, 'shap_error': 0.004936806231729683, 'shap_norm_sq': 5.050699731857153}
{'sample_size': 600, 'difference': 0, 'noise': 0.01, 'n': 60, 'shap_error': 0.008883524047001221, 'shap_norm_sq': 5.050699731857153}
{'sample_size': 600, 'difference': 0, 'noise': 0.05, 'n': 60, 'shap_error': 0.006015502217961469, 'shap_norm_sq': 5.050699731857153}
{'sample_size': 600, 'difference': 0, 'noise': 0.1, 'n': 60, 'shap_error': 0.008893310708767081, 'shap_norm_sq': 5.050699731857153}
{'sample_size': 600, 'difference': 0, 'noise': 0.5, 'n': 60, 'shap_error': 0.07577630770720448, 'shap_norm_sq': 5.050699731857153}
{'sample_size': 600, 'difference': 0, 'noise': 1, 'n': 60, 'shap_error': 0.2818556411353558, 'shap_norm_sq': 5.050699731857153}
{'sample_size': 600, 'difference': 0, 'noise': 0.0005, 'n': 60, 'shap_error': 0.001716019707618847, 'shap_norm_sq': 3.2353182230297977}
{'sample_size': 600, 'difference': 0, 'noise': 0.001, 'n': 60, 'shap_error': 0.0025355489793389284, 'shap_norm_sq': 3.2353182230297977}
{'sample_size': 600, 'difference': 0, 'noise': 0.005, 'n': 60, 'shap_error': 0.0025731675938451197, 'shap_norm_sq': 3.2353182230297977}
{'sample_size': 600, 'difference': 0, 'noise': 0.01, 'n': 60, 'shap_error': 0.0019581060837383355, 'shap_norm_sq': 3.2353182230297977}
{'sample_size': 600, 'difference': 0, 'noise': 0.05, 'n': 60, 'shap_error': 0.0037991534665514255, 'shap_norm_sq': 3.2353182230297977}
{'sample_size': 600, 'difference': 0, 'noise': 0.1, 'n': 60, 'shap_error': 0.009166103434210718, 'shap_norm_sq': 3.2353182230297977}
{'sample_size': 600, 'difference': 0, 'noise': 0.5, 'n': 60, 'shap_error': 0.14340227340652922, 'shap_norm_sq': 3.2353182230297977}
{'sample_size': 600, 'difference': 0, 'noise': 1, 'n': 60, 'shap_error': 0.5010834327622083, 'shap_norm_sq': 3.2353182230297977}
{'sample_size': 600, 'difference': 0, 'noise': 0.0005, 'n': 60, 'shap_error': 0.0099412127769667, 'shap_norm_sq': 2.309799239147193}
{'sample_size': 600, 'difference': 0, 'noise': 0.001, 'n': 60, 'shap_error': 0.010011804115217939, 'shap_norm_sq': 2.309799239147193}
{'sample_size': 600, 'difference': 0, 'noise': 0.005, 'n': 60, 'shap_error': 0.009165131864057211, 'shap_norm_sq': 2.309799239147193}
{'sample_size': 600, 'difference': 0, 'noise': 0.01, 'n': 60, 'shap_error': 0.008961740770618586, 'shap_norm_sq': 2.309799239147193}
{'sample_size': 600, 'difference': 0, 'noise': 0.05, 'n': 60, 'shap_error': 0.010862465432767142, 'shap_norm_sq': 2.309799239147193}
{'sample_size': 600, 'difference': 0, 'noise': 0.1, 'n': 60, 'shap_error': 0.014206588076978874, 'shap_norm_sq': 2.309799239147193}
{'sample_size': 600, 'difference': 0, 'noise': 0.5, 'n': 60, 'shap_error': 0.13729610314575968, 'shap_norm_sq': 2.309799239147193}
{'sample_size': 600, 'difference': 0, 'noise': 1, 'n': 60, 'shap_error': 0.5522137692040414, 'shap_norm_sq': 2.309799239147193}
{'sample_size': 600, 'difference': 0, 'noise': 0.0005, 'n': 60, 'shap_error': 0.009012448433271406, 'shap_norm_sq': 2.8795654810491222}
{'sample_size': 600, 'difference': 0, 'noise': 0.001, 'n': 60, 'shap_error': 0.007463488540399799, 'shap_norm_sq': 2.8795654810491222}
{'sample_size': 600, 'difference': 0, 'noise': 0.005, 'n': 60, 'shap_error': 0.007463718329819242, 'shap_norm_sq': 2.8795654810491222}
{'sample_size': 600, 'difference': 0, 'noise': 0.01, 'n': 60, 'shap_error': 0.005388600303155534, 'shap_norm_sq': 2.8795654810491222}
{'sample_size': 600, 'difference': 0, 'noise': 0.05, 'n': 60, 'shap_error': 0.012507492098283172, 'shap_norm_sq': 2.8795654810491222}
{'sample_size': 600, 'difference': 0, 'noise': 0.1, 'n': 60, 'shap_error': 0.013564341026859134, 'shap_norm_sq': 2.8795654810491222}
{'sample_size': 600, 'difference': 0, 'noise': 0.5, 'n': 60, 'shap_error': 0.17877483621602208, 'shap_norm_sq': 2.8795654810491222}
{'sample_size': 600, 'difference': 0, 'noise': 1, 'n': 60, 'shap_error': 0.38424514496696244, 'shap_norm_sq': 2.8795654810491222}
{'sample_size': 600, 'difference': 0, 'noise': 0.0005, 'n': 60, 'shap_error': 0.007752548908213574, 'shap_norm_sq': 4.700157211327395}
{'sample_size': 600, 'difference': 0, 'noise': 0.001, 'n': 60, 'shap_error': 0.007233198101548318, 'shap_norm_sq': 4.700157211327395}
{'sample_size': 600, 'difference': 0, 'noise': 0.005, 'n': 60, 'shap_error': 0.01011954907330129, 'shap_norm_sq': 4.700157211327395}
{'sample_size': 600, 'difference': 0, 'noise': 0.01, 'n': 60, 'shap_error': 0.005879843973886251, 'shap_norm_sq': 4.700157211327395}
{'sample_size': 600, 'difference': 0, 'noise': 0.05, 'n': 60, 'shap_error': 0.00778013620124569, 'shap_norm_sq': 4.700157211327395}
{'sample_size': 600, 'difference': 0, 'noise': 0.1, 'n': 60, 'shap_error': 0.0075678313233651295, 'shap_norm_sq': 4.700157211327395}
{'sample_size': 600, 'difference': 0, 'noise': 0.5, 'n': 60, 'shap_error': 0.06790966305275595, 'shap_norm_sq': 4.700157211327395}
{'sample_size': 600, 'difference': 0, 'noise': 1, 'n': 60, 'shap_error': 0.37624316672482877, 'shap_norm_sq': 4.700157211327395}
{'sample_size': 600, 'difference': 0, 'noise': 0.0005, 'n': 60, 'shap_error': 0.005968612393601393, 'shap_norm_sq': 4.542230419539009}
{'sample_size': 600, 'difference': 0, 'noise': 0.001, 'n': 60, 'shap_error': 0.005141398838562148, 'shap_norm_sq': 4.542230419539009}
{'sample_size': 600, 'difference': 0, 'noise': 0.005, 'n': 60, 'shap_error': 0.00797047950855268, 'shap_norm_sq': 4.542230419539009}
{'sample_size': 600, 'difference': 0, 'noise': 0.01, 'n': 60, 'shap_error': 0.005356735252838249, 'shap_norm_sq': 4.542230419539009}
{'sample_size': 600, 'difference': 0, 'noise': 0.05, 'n': 60, 'shap_error': 0.006358290013226697, 'shap_norm_sq': 4.542230419539009}
{'sample_size': 600, 'difference': 0, 'noise': 0.1, 'n': 60, 'shap_error': 0.00841092416165354, 'shap_norm_sq': 4.542230419539009}
{'sample_size': 600, 'difference': 0, 'noise': 0.5, 'n': 60, 'shap_error': 0.07678488196544782, 'shap_norm_sq': 4.542230419539009}
{'sample_size': 600, 'difference': 0, 'noise': 1, 'n': 60, 'shap_error': 0.3162302367977334, 'shap_norm_sq': 4.542230419539009}
{'sample_size': 600, 'difference': 0, 'noise': 0.0005, 'n': 60, 'shap_error': 0.012725371286854066, 'shap_norm_sq': 3.7438826940305447}
{'sample_size': 600, 'difference': 0, 'noise': 0.001, 'n': 60, 'shap_error': 0.01323260923589717, 'shap_norm_sq': 3.7438826940305447}
{'sample_size': 600, 'difference': 0, 'noise': 0.005, 'n': 60, 'shap_error': 0.01999881825650042, 'shap_norm_sq': 3.7438826940305447}
{'sample_size': 600, 'difference': 0, 'noise': 0.01, 'n': 60, 'shap_error': 0.008319445709767623, 'shap_norm_sq': 3.7438826940305447}
{'sample_size': 600, 'difference': 0, 'noise': 0.05, 'n': 60, 'shap_error': 0.012579916004392663, 'shap_norm_sq': 3.7438826940305447}
{'sample_size': 600, 'difference': 0, 'noise': 0.1, 'n': 60, 'shap_error': 0.021856027879564206, 'shap_norm_sq': 3.7438826940305447}
{'sample_size': 600, 'difference': 0, 'noise': 0.5, 'n': 60, 'shap_error': 0.25616132618292214, 'shap_norm_sq': 3.7438826940305447}
{'sample_size': 600, 'difference': 0, 'noise': 1, 'n': 60, 'shap_error': 0.7357778292589467, 'shap_norm_sq': 3.7438826940305447}
{'sample_size': 600, 'difference': 0, 'noise': 0.0005, 'n': 60, 'shap_error': 0.001029776289485026, 'shap_norm_sq': 1.8045245475002565}
{'sample_size': 600, 'difference': 0, 'noise': 0.001, 'n': 60, 'shap_error': 0.0016178267446792076, 'shap_norm_sq': 1.8045245475002565}
{'sample_size': 600, 'difference': 0, 'noise': 0.005, 'n': 60, 'shap_error': 0.0012585317510734148, 'shap_norm_sq': 1.8045245475002565}
{'sample_size': 600, 'difference': 0, 'noise': 0.01, 'n': 60, 'shap_error': 0.0012595953052492637, 'shap_norm_sq': 1.8045245475002565}
{'sample_size': 600, 'difference': 0, 'noise': 0.05, 'n': 60, 'shap_error': 0.00478512853496588, 'shap_norm_sq': 1.8045245475002565}
{'sample_size': 600, 'difference': 0, 'noise': 0.1, 'n': 60, 'shap_error': 0.010417297165748187, 'shap_norm_sq': 1.8045245475002565}
{'sample_size': 600, 'difference': 0, 'noise': 0.5, 'n': 60, 'shap_error': 0.23083668683504824, 'shap_norm_sq': 1.8045245475002565}
{'sample_size': 600, 'difference': 0, 'noise': 1, 'n': 60, 'shap_error': 1.313773952157376, 'shap_norm_sq': 1.8045245475002565}
{'sample_size': 600, 'difference': 0, 'noise': 0.0005, 'n': 60, 'shap_error': 0.007331307031610009, 'shap_norm_sq': 4.670767907493888}
{'sample_size': 600, 'difference': 0, 'noise': 0.001, 'n': 60, 'shap_error': 0.006080484384244668, 'shap_norm_sq': 4.670767907493888}
{'sample_size': 600, 'difference': 0, 'noise': 0.005, 'n': 60, 'shap_error': 0.008729671626466783, 'shap_norm_sq': 4.670767907493888}
{'sample_size': 600, 'difference': 0, 'noise': 0.01, 'n': 60, 'shap_error': 0.008248325329519753, 'shap_norm_sq': 4.670767907493888}
{'sample_size': 600, 'difference': 0, 'noise': 0.05, 'n': 60, 'shap_error': 0.008973470742881528, 'shap_norm_sq': 4.670767907493888}
{'sample_size': 600, 'difference': 0, 'noise': 0.1, 'n': 60, 'shap_error': 0.019801259700220564, 'shap_norm_sq': 4.670767907493888}
{'sample_size': 600, 'difference': 0, 'noise': 0.5, 'n': 60, 'shap_error': 0.12697657178992441, 'shap_norm_sq': 4.670767907493888}
{'sample_size': 600, 'difference': 0, 'noise': 1, 'n': 60, 'shap_error': 0.5126999646463006, 'shap_norm_sq': 4.670767907493888}
{'sample_size': 600, 'difference': 0, 'noise': 0.0005, 'n': 60, 'shap_error': 0.008948018909545113, 'shap_norm_sq': 3.4974771148925172}
{'sample_size': 600, 'difference': 0, 'noise': 0.001, 'n': 60, 'shap_error': 0.011957942982648372, 'shap_norm_sq': 3.4974771148925172}
{'sample_size': 600, 'difference': 0, 'noise': 0.005, 'n': 60, 'shap_error': 0.010706221110344237, 'shap_norm_sq': 3.4974771148925172}
{'sample_size': 600, 'difference': 0, 'noise': 0.01, 'n': 60, 'shap_error': 0.012951483188992946, 'shap_norm_sq': 3.4974771148925172}
{'sample_size': 600, 'difference': 0, 'noise': 0.05, 'n': 60, 'shap_error': 0.01275655186291451, 'shap_norm_sq': 3.4974771148925172}
{'sample_size': 600, 'difference': 0, 'noise': 0.1, 'n': 60, 'shap_error': 0.012263736669314629, 'shap_norm_sq': 3.4974771148925172}
{'sample_size': 600, 'difference': 0, 'noise': 0.5, 'n': 60, 'shap_error': 0.10596133886425785, 'shap_norm_sq': 3.4974771148925172}
{'sample_size': 600, 'difference': 0, 'noise': 1, 'n': 60, 'shap_error': 0.540031047988635, 'shap_norm_sq': 3.4974771148925172}
{'sample_size': 600, 'difference': 0, 'noise': 0.0005, 'n': 60, 'shap_error': 0.016544139514204966, 'shap_norm_sq': 4.675516789318044}
{'sample_size': 600, 'difference': 0, 'noise': 0.001, 'n': 60, 'shap_error': 0.0152479684071661, 'shap_norm_sq': 4.675516789318044}
{'sample_size': 600, 'difference': 0, 'noise': 0.005, 'n': 60, 'shap_error': 0.015635412427787366, 'shap_norm_sq': 4.675516789318044}
{'sample_size': 600, 'difference': 0, 'noise': 0.01, 'n': 60, 'shap_error': 0.014770438141594667, 'shap_norm_sq': 4.675516789318044}
{'sample_size': 600, 'difference': 0, 'noise': 0.05, 'n': 60, 'shap_error': 0.013012955523819232, 'shap_norm_sq': 4.675516789318044}
{'sample_size': 600, 'difference': 0, 'noise': 0.1, 'n': 60, 'shap_error': 0.013660535444226317, 'shap_norm_sq': 4.675516789318044}
{'sample_size': 600, 'difference': 0, 'noise': 0.5, 'n': 60, 'shap_error': 0.061232585859890894, 'shap_norm_sq': 4.675516789318044}
{'sample_size': 600, 'difference': 0, 'noise': 1, 'n': 60, 'shap_error': 0.23804017615777293, 'shap_norm_sq': 4.675516789318044}
{'sample_size': 600, 'difference': 0, 'noise': 0.0005, 'n': 60, 'shap_error': 0.011409670304621845, 'shap_norm_sq': 4.751249512422579}
{'sample_size': 600, 'difference': 0, 'noise': 0.001, 'n': 60, 'shap_error': 0.009674271215641971, 'shap_norm_sq': 4.751249512422579}
{'sample_size': 600, 'difference': 0, 'noise': 0.005, 'n': 60, 'shap_error': 0.01394293168195508, 'shap_norm_sq': 4.751249512422579}
{'sample_size': 600, 'difference': 0, 'noise': 0.01, 'n': 60, 'shap_error': 0.011583886408053929, 'shap_norm_sq': 4.751249512422579}
{'sample_size': 600, 'difference': 0, 'noise': 0.05, 'n': 60, 'shap_error': 0.01777621227394697, 'shap_norm_sq': 4.751249512422579}
{'sample_size': 600, 'difference': 0, 'noise': 0.1, 'n': 60, 'shap_error': 0.01886361403689869, 'shap_norm_sq': 4.751249512422579}
{'sample_size': 600, 'difference': 0, 'noise': 0.5, 'n': 60, 'shap_error': 0.060235907744957407, 'shap_norm_sq': 4.751249512422579}
{'sample_size': 600, 'difference': 0, 'noise': 1, 'n': 60, 'shap_error': 0.22749860406830372, 'shap_norm_sq': 4.751249512422579}
{'sample_size': 600, 'difference': 0, 'noise': 0.0005, 'n': 60, 'shap_error': 0.00464015719439999, 'shap_norm_sq': 3.6686971187325956}
{'sample_size': 600, 'difference': 0, 'noise': 0.001, 'n': 60, 'shap_error': 0.004099700323626068, 'shap_norm_sq': 3.6686971187325956}
{'sample_size': 600, 'difference': 0, 'noise': 0.005, 'n': 60, 'shap_error': 0.0035013534263046518, 'shap_norm_sq': 3.6686971187325956}
{'sample_size': 600, 'difference': 0, 'noise': 0.01, 'n': 60, 'shap_error': 0.004754278330928945, 'shap_norm_sq': 3.6686971187325956}
{'sample_size': 600, 'difference': 0, 'noise': 0.05, 'n': 60, 'shap_error': 0.00934107628983365, 'shap_norm_sq': 3.6686971187325956}
{'sample_size': 600, 'difference': 0, 'noise': 0.1, 'n': 60, 'shap_error': 0.009461428433942666, 'shap_norm_sq': 3.6686971187325956}
{'sample_size': 600, 'difference': 0, 'noise': 0.5, 'n': 60, 'shap_error': 0.09462120177631082, 'shap_norm_sq': 3.6686971187325956}
{'sample_size': 600, 'difference': 0, 'noise': 1, 'n': 60, 'shap_error': 0.38063569791793816, 'shap_norm_sq': 3.6686971187325956}
{'sample_size': 600, 'difference': 0, 'noise': 0.0005, 'n': 60, 'shap_error': 0.006989667511540347, 'shap_norm_sq': 4.0459495174470375}
{'sample_size': 600, 'difference': 0, 'noise': 0.001, 'n': 60, 'shap_error': 0.0045748299814943934, 'shap_norm_sq': 4.0459495174470375}
{'sample_size': 600, 'difference': 0, 'noise': 0.005, 'n': 60, 'shap_error': 0.005003587586719014, 'shap_norm_sq': 4.0459495174470375}
{'sample_size': 600, 'difference': 0, 'noise': 0.01, 'n': 60, 'shap_error': 0.00470208632444208, 'shap_norm_sq': 4.0459495174470375}
{'sample_size': 600, 'difference': 0, 'noise': 0.05, 'n': 60, 'shap_error': 0.005734782682787102, 'shap_norm_sq': 4.0459495174470375}
{'sample_size': 600, 'difference': 0, 'noise': 0.1, 'n': 60, 'shap_error': 0.008830981112276752, 'shap_norm_sq': 4.0459495174470375}
{'sample_size': 600, 'difference': 0, 'noise': 0.5, 'n': 60, 'shap_error': 0.0714757446833491, 'shap_norm_sq': 4.0459495174470375}
{'sample_size': 600, 'difference': 0, 'noise': 1, 'n': 60, 'shap_error': 0.351647322065163, 'shap_norm_sq': 4.0459495174470375}
{'sample_size': 600, 'difference': 0, 'noise': 0.0005, 'n': 60, 'shap_error': 0.006068982527652955, 'shap_norm_sq': 4.340282007973912}
{'sample_size': 600, 'difference': 0, 'noise': 0.001, 'n': 60, 'shap_error': 0.0070217628203894135, 'shap_norm_sq': 4.340282007973912}
{'sample_size': 600, 'difference': 0, 'noise': 0.005, 'n': 60, 'shap_error': 0.006247811062725782, 'shap_norm_sq': 4.340282007973912}
{'sample_size': 600, 'difference': 0, 'noise': 0.01, 'n': 60, 'shap_error': 0.0050241515022582455, 'shap_norm_sq': 4.340282007973912}
{'sample_size': 600, 'difference': 0, 'noise': 0.05, 'n': 60, 'shap_error': 0.00502105839046656, 'shap_norm_sq': 4.340282007973912}
{'sample_size': 600, 'difference': 0, 'noise': 0.1, 'n': 60, 'shap_error': 0.0079969468003489, 'shap_norm_sq': 4.340282007973912}
{'sample_size': 600, 'difference': 0, 'noise': 0.5, 'n': 60, 'shap_error': 0.06754462398113886, 'shap_norm_sq': 4.340282007973912}
{'sample_size': 600, 'difference': 0, 'noise': 1, 'n': 60, 'shap_error': 0.26867574417027906, 'shap_norm_sq': 4.340282007973912}
{'sample_size': 600, 'difference': 0, 'noise': 0.0005, 'n': 60, 'shap_error': 0.0004768584042487972, 'shap_norm_sq': 2.6553083924317917}
{'sample_size': 600, 'difference': 0, 'noise': 0.001, 'n': 60, 'shap_error': 0.0006969109831436452, 'shap_norm_sq': 2.6553083924317917}
{'sample_size': 600, 'difference': 0, 'noise': 0.005, 'n': 60, 'shap_error': 0.000633856876592495, 'shap_norm_sq': 2.6553083924317917}
{'sample_size': 600, 'difference': 0, 'noise': 0.01, 'n': 60, 'shap_error': 0.0009410348977826786, 'shap_norm_sq': 2.6553083924317917}
{'sample_size': 600, 'difference': 0, 'noise': 0.05, 'n': 60, 'shap_error': 0.0024938815996953835, 'shap_norm_sq': 2.6553083924317917}
{'sample_size': 600, 'difference': 0, 'noise': 0.1, 'n': 60, 'shap_error': 0.01317895809158535, 'shap_norm_sq': 2.6553083924317917}
{'sample_size': 600, 'difference': 0, 'noise': 0.5, 'n': 60, 'shap_error': 0.20635444510986278, 'shap_norm_sq': 2.6553083924317917}
{'sample_size': 600, 'difference': 0, 'noise': 1, 'n': 60, 'shap_error': 1.277151983931205, 'shap_norm_sq': 2.6553083924317917}
{'sample_size': 600, 'difference': 0, 'noise': 0.0005, 'n': 60, 'shap_error': 0.017755815102218093, 'shap_norm_sq': 2.916143767737857}
{'sample_size': 600, 'difference': 0, 'noise': 0.001, 'n': 60, 'shap_error': 0.019273788987352547, 'shap_norm_sq': 2.916143767737857}
{'sample_size': 600, 'difference': 0, 'noise': 0.005, 'n': 60, 'shap_error': 0.011271769894727703, 'shap_norm_sq': 2.916143767737857}
{'sample_size': 600, 'difference': 0, 'noise': 0.01, 'n': 60, 'shap_error': 0.017124961812487696, 'shap_norm_sq': 2.916143767737857}
{'sample_size': 600, 'difference': 0, 'noise': 0.05, 'n': 60, 'shap_error': 0.0228297055966491, 'shap_norm_sq': 2.916143767737857}
{'sample_size': 600, 'difference': 0, 'noise': 0.1, 'n': 60, 'shap_error': 0.027540873184706716, 'shap_norm_sq': 2.916143767737857}
{'sample_size': 600, 'difference': 0, 'noise': 0.5, 'n': 60, 'shap_error': 0.12557593952691673, 'shap_norm_sq': 2.916143767737857}
{'sample_size': 600, 'difference': 0, 'noise': 1, 'n': 60, 'shap_error': 0.4062805023368462, 'shap_norm_sq': 2.916143767737857}
{'sample_size': 600, 'difference': 0, 'noise': 0.0005, 'n': 60, 'shap_error': 0.001990071762155792, 'shap_norm_sq': 2.3690053478056274}
{'sample_size': 600, 'difference': 0, 'noise': 0.001, 'n': 60, 'shap_error': 0.002805359658229843, 'shap_norm_sq': 2.3690053478056274}
{'sample_size': 600, 'difference': 0, 'noise': 0.005, 'n': 60, 'shap_error': 0.0022639431437443446, 'shap_norm_sq': 2.3690053478056274}
{'sample_size': 600, 'difference': 0, 'noise': 0.01, 'n': 60, 'shap_error': 0.0031985737909396637, 'shap_norm_sq': 2.3690053478056274}
{'sample_size': 600, 'difference': 0, 'noise': 0.05, 'n': 60, 'shap_error': 0.0023917611841273332, 'shap_norm_sq': 2.3690053478056274}
{'sample_size': 600, 'difference': 0, 'noise': 0.1, 'n': 60, 'shap_error': 0.0101252637756206, 'shap_norm_sq': 2.3690053478056274}
{'sample_size': 600, 'difference': 0, 'noise': 0.5, 'n': 60, 'shap_error': 0.09797312104332644, 'shap_norm_sq': 2.3690053478056274}
{'sample_size': 600, 'difference': 0, 'noise': 1, 'n': 60, 'shap_error': 0.7284207427269758, 'shap_norm_sq': 2.3690053478056274}
{'sample_size': 600, 'difference': 0, 'noise': 0.0005, 'n': 60, 'shap_error': 0.03170466509182669, 'shap_norm_sq': 3.294540232459797}
{'sample_size': 600, 'difference': 0, 'noise': 0.001, 'n': 60, 'shap_error': 0.029129351151369616, 'shap_norm_sq': 3.294540232459797}
{'sample_size': 600, 'difference': 0, 'noise': 0.005, 'n': 60, 'shap_error': 0.031526965067785816, 'shap_norm_sq': 3.294540232459797}
{'sample_size': 600, 'difference': 0, 'noise': 0.01, 'n': 60, 'shap_error': 0.02673387442743755, 'shap_norm_sq': 3.294540232459797}
{'sample_size': 600, 'difference': 0, 'noise': 0.05, 'n': 60, 'shap_error': 0.028179728255150815, 'shap_norm_sq': 3.294540232459797}
{'sample_size': 600, 'difference': 0, 'noise': 0.1, 'n': 60, 'shap_error': 0.02363915927279556, 'shap_norm_sq': 3.294540232459797}
{'sample_size': 600, 'difference': 0, 'noise': 0.5, 'n': 60, 'shap_error': 0.17833332776427824, 'shap_norm_sq': 3.294540232459797}
{'sample_size': 600, 'difference': 0, 'noise': 1, 'n': 60, 'shap_error': 0.4117298202993453, 'shap_norm_sq': 3.294540232459797}
{'sample_size': 600, 'difference': 0, 'noise': 0.0005, 'n': 60, 'shap_error': 0.007887274916818789, 'shap_norm_sq': 4.876444241807037}
{'sample_size': 600, 'difference': 0, 'noise': 0.001, 'n': 60, 'shap_error': 0.006304878487345693, 'shap_norm_sq': 4.876444241807037}
{'sample_size': 600, 'difference': 0, 'noise': 0.005, 'n': 60, 'shap_error': 0.010322912952720413, 'shap_norm_sq': 4.876444241807037}
{'sample_size': 600, 'difference': 0, 'noise': 0.01, 'n': 60, 'shap_error': 0.005058350224558987, 'shap_norm_sq': 4.876444241807037}
{'sample_size': 600, 'difference': 0, 'noise': 0.05, 'n': 60, 'shap_error': 0.008234007798546555, 'shap_norm_sq': 4.876444241807037}
{'sample_size': 600, 'difference': 0, 'noise': 0.1, 'n': 60, 'shap_error': 0.012266351844998214, 'shap_norm_sq': 4.876444241807037}
{'sample_size': 600, 'difference': 0, 'noise': 0.5, 'n': 60, 'shap_error': 0.061486827514339454, 'shap_norm_sq': 4.876444241807037}
{'sample_size': 600, 'difference': 0, 'noise': 1, 'n': 60, 'shap_error': 0.16809860079707528, 'shap_norm_sq': 4.876444241807037}
{'sample_size': 600, 'difference': 0, 'noise': 0.0005, 'n': 60, 'shap_error': 0.006402038517804767, 'shap_norm_sq': 6.732980184315414}
{'sample_size': 600, 'difference': 0, 'noise': 0.001, 'n': 60, 'shap_error': 0.006158115580700046, 'shap_norm_sq': 6.732980184315414}
{'sample_size': 600, 'difference': 0, 'noise': 0.005, 'n': 60, 'shap_error': 0.005382636336852312, 'shap_norm_sq': 6.732980184315414}
{'sample_size': 600, 'difference': 0, 'noise': 0.01, 'n': 60, 'shap_error': 0.005943914075793258, 'shap_norm_sq': 6.732980184315414}
{'sample_size': 600, 'difference': 0, 'noise': 0.05, 'n': 60, 'shap_error': 0.005622207044196617, 'shap_norm_sq': 6.732980184315414}
{'sample_size': 600, 'difference': 0, 'noise': 0.1, 'n': 60, 'shap_error': 0.01160743034922541, 'shap_norm_sq': 6.732980184315414}
{'sample_size': 600, 'difference': 0, 'noise': 0.5, 'n': 60, 'shap_error': 0.06378108603625574, 'shap_norm_sq': 6.732980184315414}
{'sample_size': 600, 'difference': 0, 'noise': 1, 'n': 60, 'shap_error': 0.31229522693636397, 'shap_norm_sq': 6.732980184315414}
{'sample_size': 600, 'difference': 0, 'noise': 0.0005, 'n': 60, 'shap_error': 0.018372086356561547, 'shap_norm_sq': 2.4164300950032915}
{'sample_size': 600, 'difference': 0, 'noise': 0.001, 'n': 60, 'shap_error': 0.020985647079804173, 'shap_norm_sq': 2.4164300950032915}
{'sample_size': 600, 'difference': 0, 'noise': 0.005, 'n': 60, 'shap_error': 0.011755364368253989, 'shap_norm_sq': 2.4164300950032915}
{'sample_size': 600, 'difference': 0, 'noise': 0.01, 'n': 60, 'shap_error': 0.01958543124030489, 'shap_norm_sq': 2.4164300950032915}
{'sample_size': 600, 'difference': 0, 'noise': 0.05, 'n': 60, 'shap_error': 0.03222554578690753, 'shap_norm_sq': 2.4164300950032915}
{'sample_size': 600, 'difference': 0, 'noise': 0.1, 'n': 60, 'shap_error': 0.040478408401655695, 'shap_norm_sq': 2.4164300950032915}
{'sample_size': 600, 'difference': 0, 'noise': 0.5, 'n': 60, 'shap_error': 0.5996044431749408, 'shap_norm_sq': 2.4164300950032915}
{'sample_size': 600, 'difference': 0, 'noise': 1, 'n': 60, 'shap_error': 2.5366124974876274, 'shap_norm_sq': 2.4164300950032915}
{'sample_size': 600, 'difference': 0, 'noise': 0.0005, 'n': 60, 'shap_error': 0.005412969138508901, 'shap_norm_sq': 4.440187607782474}
{'sample_size': 600, 'difference': 0, 'noise': 0.001, 'n': 60, 'shap_error': 0.004860463777514872, 'shap_norm_sq': 4.440187607782474}
{'sample_size': 600, 'difference': 0, 'noise': 0.005, 'n': 60, 'shap_error': 0.0064552981894894345, 'shap_norm_sq': 4.440187607782474}
{'sample_size': 600, 'difference': 0, 'noise': 0.01, 'n': 60, 'shap_error': 0.006659679098922666, 'shap_norm_sq': 4.440187607782474}
{'sample_size': 600, 'difference': 0, 'noise': 0.05, 'n': 60, 'shap_error': 0.008321380688928515, 'shap_norm_sq': 4.440187607782474}
{'sample_size': 600, 'difference': 0, 'noise': 0.1, 'n': 60, 'shap_error': 0.005390364656200819, 'shap_norm_sq': 4.440187607782474}
{'sample_size': 600, 'difference': 0, 'noise': 0.5, 'n': 60, 'shap_error': 0.07453903392407983, 'shap_norm_sq': 4.440187607782474}
{'sample_size': 600, 'difference': 0, 'noise': 1, 'n': 60, 'shap_error': 0.3631459934279272, 'shap_norm_sq': 4.440187607782474}
{'sample_size': 600, 'difference': 0, 'noise': 0.0005, 'n': 60, 'shap_error': 0.003921614347663346, 'shap_norm_sq': 4.780593420985186}
{'sample_size': 600, 'difference': 0, 'noise': 0.001, 'n': 60, 'shap_error': 0.006190707138759005, 'shap_norm_sq': 4.780593420985186}
{'sample_size': 600, 'difference': 0, 'noise': 0.005, 'n': 60, 'shap_error': 0.006130509004347075, 'shap_norm_sq': 4.780593420985186}
{'sample_size': 600, 'difference': 0, 'noise': 0.01, 'n': 60, 'shap_error': 0.0062890753596885, 'shap_norm_sq': 4.780593420985186}
{'sample_size': 600, 'difference': 0, 'noise': 0.05, 'n': 60, 'shap_error': 0.007453183868507139, 'shap_norm_sq': 4.780593420985186}
{'sample_size': 600, 'difference': 0, 'noise': 0.1, 'n': 60, 'shap_error': 0.01099898188280176, 'shap_norm_sq': 4.780593420985186}
{'sample_size': 600, 'difference': 0, 'noise': 0.5, 'n': 60, 'shap_error': 0.1140628379632442, 'shap_norm_sq': 4.780593420985186}
{'sample_size': 600, 'difference': 0, 'noise': 1, 'n': 60, 'shap_error': 0.7652998469052905, 'shap_norm_sq': 4.780593420985186}
{'sample_size': 600, 'difference': 0, 'noise': 0.0005, 'n': 60, 'shap_error': 0.009568195672819677, 'shap_norm_sq': 3.4664302113184635}
{'sample_size': 600, 'difference': 0, 'noise': 0.001, 'n': 60, 'shap_error': 0.0075620329964163424, 'shap_norm_sq': 3.4664302113184635}
{'sample_size': 600, 'difference': 0, 'noise': 0.005, 'n': 60, 'shap_error': 0.007548296244904517, 'shap_norm_sq': 3.4664302113184635}
{'sample_size': 600, 'difference': 0, 'noise': 0.01, 'n': 60, 'shap_error': 0.008000281581247529, 'shap_norm_sq': 3.4664302113184635}
{'sample_size': 600, 'difference': 0, 'noise': 0.05, 'n': 60, 'shap_error': 0.007579789409345739, 'shap_norm_sq': 3.4664302113184635}
{'sample_size': 600, 'difference': 0, 'noise': 0.1, 'n': 60, 'shap_error': 0.010835234633046623, 'shap_norm_sq': 3.4664302113184635}
{'sample_size': 600, 'difference': 0, 'noise': 0.5, 'n': 60, 'shap_error': 0.0955731222486064, 'shap_norm_sq': 3.4664302113184635}
{'sample_size': 600, 'difference': 0, 'noise': 1, 'n': 60, 'shap_error': 0.3684872718986609, 'shap_norm_sq': 3.4664302113184635}
{'sample_size': 600, 'difference': 0, 'noise': 0.0005, 'n': 60, 'shap_error': 0.011591963472497873, 'shap_norm_sq': 3.948575514565576}
{'sample_size': 600, 'difference': 0, 'noise': 0.001, 'n': 60, 'shap_error': 0.014135710137464163, 'shap_norm_sq': 3.948575514565576}
{'sample_size': 600, 'difference': 0, 'noise': 0.005, 'n': 60, 'shap_error': 0.017287219146189352, 'shap_norm_sq': 3.948575514565576}
{'sample_size': 600, 'difference': 0, 'noise': 0.01, 'n': 60, 'shap_error': 0.013781727980888342, 'shap_norm_sq': 3.948575514565576}
{'sample_size': 600, 'difference': 0, 'noise': 0.05, 'n': 60, 'shap_error': 0.012534931413462099, 'shap_norm_sq': 3.948575514565576}
{'sample_size': 600, 'difference': 0, 'noise': 0.1, 'n': 60, 'shap_error': 0.02141205362945512, 'shap_norm_sq': 3.948575514565576}
{'sample_size': 600, 'difference': 0, 'noise': 0.5, 'n': 60, 'shap_error': 0.35661956181544496, 'shap_norm_sq': 3.948575514565576}
{'sample_size': 600, 'difference': 0, 'noise': 1, 'n': 60, 'shap_error': 1.228597154446725, 'shap_norm_sq': 3.948575514565576}
{'sample_size': 600, 'difference': 0, 'noise': 0.0005, 'n': 60, 'shap_error': 0.004568985071363461, 'shap_norm_sq': 2.306323255299426}
{'sample_size': 600, 'difference': 0, 'noise': 0.001, 'n': 60, 'shap_error': 0.00338742361604438, 'shap_norm_sq': 2.306323255299426}
{'sample_size': 600, 'difference': 0, 'noise': 0.005, 'n': 60, 'shap_error': 0.00531714247353283, 'shap_norm_sq': 2.306323255299426}
{'sample_size': 600, 'difference': 0, 'noise': 0.01, 'n': 60, 'shap_error': 0.0060478420381794365, 'shap_norm_sq': 2.306323255299426}
{'sample_size': 600, 'difference': 0, 'noise': 0.05, 'n': 60, 'shap_error': 0.004367329904743336, 'shap_norm_sq': 2.306323255299426}
{'sample_size': 600, 'difference': 0, 'noise': 0.1, 'n': 60, 'shap_error': 0.010339780170756027, 'shap_norm_sq': 2.306323255299426}
{'sample_size': 600, 'difference': 0, 'noise': 0.5, 'n': 60, 'shap_error': 0.12921933149144435, 'shap_norm_sq': 2.306323255299426}
{'sample_size': 600, 'difference': 0, 'noise': 1, 'n': 60, 'shap_error': 0.6653643977073379, 'shap_norm_sq': 2.306323255299426}
{'sample_size': 600, 'difference': 0, 'noise': 0.0005, 'n': 60, 'shap_error': 0.005665915035313071, 'shap_norm_sq': 2.58580965379253}
{'sample_size': 600, 'difference': 0, 'noise': 0.001, 'n': 60, 'shap_error': 0.004852839381265903, 'shap_norm_sq': 2.58580965379253}
{'sample_size': 600, 'difference': 0, 'noise': 0.005, 'n': 60, 'shap_error': 0.005027082028100214, 'shap_norm_sq': 2.58580965379253}
{'sample_size': 600, 'difference': 0, 'noise': 0.01, 'n': 60, 'shap_error': 0.004396197378013837, 'shap_norm_sq': 2.58580965379253}
{'sample_size': 600, 'difference': 0, 'noise': 0.05, 'n': 60, 'shap_error': 0.0046023533897082925, 'shap_norm_sq': 2.58580965379253}
{'sample_size': 600, 'difference': 0, 'noise': 0.1, 'n': 60, 'shap_error': 0.009734947152470008, 'shap_norm_sq': 2.58580965379253}
{'sample_size': 600, 'difference': 0, 'noise': 0.5, 'n': 60, 'shap_error': 0.10189581072600995, 'shap_norm_sq': 2.58580965379253}
{'sample_size': 600, 'difference': 0, 'noise': 1, 'n': 60, 'shap_error': 0.33491284440644525, 'shap_norm_sq': 2.58580965379253}
{'sample_size': 600, 'difference': 0, 'noise': 0.0005, 'n': 60, 'shap_error': 0.004247894075169887, 'shap_norm_sq': 5.434010382695583}
{'sample_size': 600, 'difference': 0, 'noise': 0.001, 'n': 60, 'shap_error': 0.004370716616398189, 'shap_norm_sq': 5.434010382695583}
{'sample_size': 600, 'difference': 0, 'noise': 0.005, 'n': 60, 'shap_error': 0.0045787937234736, 'shap_norm_sq': 5.434010382695583}
{'sample_size': 600, 'difference': 0, 'noise': 0.01, 'n': 60, 'shap_error': 0.005257225994437462, 'shap_norm_sq': 5.434010382695583}
{'sample_size': 600, 'difference': 0, 'noise': 0.05, 'n': 60, 'shap_error': 0.004710465438177901, 'shap_norm_sq': 5.434010382695583}
{'sample_size': 600, 'difference': 0, 'noise': 0.1, 'n': 60, 'shap_error': 0.00716162716521867, 'shap_norm_sq': 5.434010382695583}
{'sample_size': 600, 'difference': 0, 'noise': 0.5, 'n': 60, 'shap_error': 0.05694511813493108, 'shap_norm_sq': 5.434010382695583}
{'sample_size': 600, 'difference': 0, 'noise': 1, 'n': 60, 'shap_error': 0.2642713229165709, 'shap_norm_sq': 5.434010382695583}
{'sample_size': 600, 'difference': 0, 'noise': 0.0005, 'n': 60, 'shap_error': 0.006183253007701499, 'shap_norm_sq': 3.784486049504725}
{'sample_size': 600, 'difference': 0, 'noise': 0.001, 'n': 60, 'shap_error': 0.003878875574097974, 'shap_norm_sq': 3.784486049504725}
{'sample_size': 600, 'difference': 0, 'noise': 0.005, 'n': 60, 'shap_error': 0.0062154430420774285, 'shap_norm_sq': 3.784486049504725}
{'sample_size': 600, 'difference': 0, 'noise': 0.01, 'n': 60, 'shap_error': 0.004599702981293925, 'shap_norm_sq': 3.784486049504725}
{'sample_size': 600, 'difference': 0, 'noise': 0.05, 'n': 60, 'shap_error': 0.003929732715080251, 'shap_norm_sq': 3.784486049504725}
{'sample_size': 600, 'difference': 0, 'noise': 0.1, 'n': 60, 'shap_error': 0.008663497182312754, 'shap_norm_sq': 3.784486049504725}
{'sample_size': 600, 'difference': 0, 'noise': 0.5, 'n': 60, 'shap_error': 0.15495042350899893, 'shap_norm_sq': 3.784486049504725}
{'sample_size': 600, 'difference': 0, 'noise': 1, 'n': 60, 'shap_error': 0.5240813323357716, 'shap_norm_sq': 3.784486049504725}
{'sample_size': 600, 'difference': 0, 'noise': 0.0005, 'n': 60, 'shap_error': 0.009777515830193038, 'shap_norm_sq': 4.540195186226951}
{'sample_size': 600, 'difference': 0, 'noise': 0.001, 'n': 60, 'shap_error': 0.013052987704005212, 'shap_norm_sq': 4.540195186226951}
{'sample_size': 600, 'difference': 0, 'noise': 0.005, 'n': 60, 'shap_error': 0.008989913156621126, 'shap_norm_sq': 4.540195186226951}
{'sample_size': 600, 'difference': 0, 'noise': 0.01, 'n': 60, 'shap_error': 0.013739150464820287, 'shap_norm_sq': 4.540195186226951}
{'sample_size': 600, 'difference': 0, 'noise': 0.05, 'n': 60, 'shap_error': 0.010584375296131952, 'shap_norm_sq': 4.540195186226951}
{'sample_size': 600, 'difference': 0, 'noise': 0.1, 'n': 60, 'shap_error': 0.018605123882487713, 'shap_norm_sq': 4.540195186226951}
{'sample_size': 600, 'difference': 0, 'noise': 0.5, 'n': 60, 'shap_error': 0.11948587339553371, 'shap_norm_sq': 4.540195186226951}
{'sample_size': 600, 'difference': 0, 'noise': 1, 'n': 60, 'shap_error': 0.3352787286411625, 'shap_norm_sq': 4.540195186226951}
{'sample_size': 600, 'difference': 0, 'noise': 0.0005, 'n': 60, 'shap_error': 0.008551483376079584, 'shap_norm_sq': 5.690250033747485}
{'sample_size': 600, 'difference': 0, 'noise': 0.001, 'n': 60, 'shap_error': 0.011326266892167536, 'shap_norm_sq': 5.690250033747485}
{'sample_size': 600, 'difference': 0, 'noise': 0.005, 'n': 60, 'shap_error': 0.007966718806899017, 'shap_norm_sq': 5.690250033747485}
{'sample_size': 600, 'difference': 0, 'noise': 0.01, 'n': 60, 'shap_error': 0.010961586987730648, 'shap_norm_sq': 5.690250033747485}
{'sample_size': 600, 'difference': 0, 'noise': 0.05, 'n': 60, 'shap_error': 0.009203467822401015, 'shap_norm_sq': 5.690250033747485}
{'sample_size': 600, 'difference': 0, 'noise': 0.1, 'n': 60, 'shap_error': 0.01983332378425601, 'shap_norm_sq': 5.690250033747485}
{'sample_size': 600, 'difference': 0, 'noise': 0.5, 'n': 60, 'shap_error': 0.06186802274145017, 'shap_norm_sq': 5.690250033747485}
{'sample_size': 600, 'difference': 0, 'noise': 1, 'n': 60, 'shap_error': 0.24162993793533655, 'shap_norm_sq': 5.690250033747485}
{'sample_size': 600, 'difference': 0, 'noise': 0.0005, 'n': 60, 'shap_error': 0.008610016017996545, 'shap_norm_sq': 3.0408074699896672}
{'sample_size': 600, 'difference': 0, 'noise': 0.001, 'n': 60, 'shap_error': 0.00408226636581016, 'shap_norm_sq': 3.0408074699896672}
{'sample_size': 600, 'difference': 0, 'noise': 0.005, 'n': 60, 'shap_error': 0.008100888388031607, 'shap_norm_sq': 3.0408074699896672}
{'sample_size': 600, 'difference': 0, 'noise': 0.01, 'n': 60, 'shap_error': 0.0053720409380813485, 'shap_norm_sq': 3.0408074699896672}
{'sample_size': 600, 'difference': 0, 'noise': 0.05, 'n': 60, 'shap_error': 0.008861767127765062, 'shap_norm_sq': 3.0408074699896672}
{'sample_size': 600, 'difference': 0, 'noise': 0.1, 'n': 60, 'shap_error': 0.011562722320822907, 'shap_norm_sq': 3.0408074699896672}
{'sample_size': 600, 'difference': 0, 'noise': 0.5, 'n': 60, 'shap_error': 0.10366895346653036, 'shap_norm_sq': 3.0408074699896672}
{'sample_size': 600, 'difference': 0, 'noise': 1, 'n': 60, 'shap_error': 0.5616747464897504, 'shap_norm_sq': 3.0408074699896672}
{'sample_size': 600, 'difference': 0, 'noise': 0.0005, 'n': 60, 'shap_error': 0.014492184117737308, 'shap_norm_sq': 3.8020034621399974}
{'sample_size': 600, 'difference': 0, 'noise': 0.001, 'n': 60, 'shap_error': 0.01883386945862108, 'shap_norm_sq': 3.8020034621399974}
{'sample_size': 600, 'difference': 0, 'noise': 0.005, 'n': 60, 'shap_error': 0.017673650951354952, 'shap_norm_sq': 3.8020034621399974}
{'sample_size': 600, 'difference': 0, 'noise': 0.01, 'n': 60, 'shap_error': 0.0215674254537843, 'shap_norm_sq': 3.8020034621399974}
{'sample_size': 600, 'difference': 0, 'noise': 0.05, 'n': 60, 'shap_error': 0.01878081988716023, 'shap_norm_sq': 3.8020034621399974}
{'sample_size': 600, 'difference': 0, 'noise': 0.1, 'n': 60, 'shap_error': 0.018324538483887483, 'shap_norm_sq': 3.8020034621399974}
{'sample_size': 600, 'difference': 0, 'noise': 0.5, 'n': 60, 'shap_error': 0.09359459561500559, 'shap_norm_sq': 3.8020034621399974}
{'sample_size': 600, 'difference': 0, 'noise': 1, 'n': 60, 'shap_error': 0.32385413414042347, 'shap_norm_sq': 3.8020034621399974}
{'sample_size': 600, 'difference': 0, 'noise': 0.0005, 'n': 60, 'shap_error': 0.0016321779211650857, 'shap_norm_sq': 3.1156367851798614}
{'sample_size': 600, 'difference': 0, 'noise': 0.001, 'n': 60, 'shap_error': 0.0006861478619950218, 'shap_norm_sq': 3.1156367851798614}
{'sample_size': 600, 'difference': 0, 'noise': 0.005, 'n': 60, 'shap_error': 0.0007404309031564492, 'shap_norm_sq': 3.1156367851798614}
{'sample_size': 600, 'difference': 0, 'noise': 0.01, 'n': 60, 'shap_error': 0.0010483268004441697, 'shap_norm_sq': 3.1156367851798614}
{'sample_size': 600, 'difference': 0, 'noise': 0.05, 'n': 60, 'shap_error': 0.003476334867986917, 'shap_norm_sq': 3.1156367851798614}
{'sample_size': 600, 'difference': 0, 'noise': 0.1, 'n': 60, 'shap_error': 0.009029219734829758, 'shap_norm_sq': 3.1156367851798614}
{'sample_size': 600, 'difference': 0, 'noise': 0.5, 'n': 60, 'shap_error': 0.2022235424408981, 'shap_norm_sq': 3.1156367851798614}
{'sample_size': 600, 'difference': 0, 'noise': 1, 'n': 60, 'shap_error': 0.6307415112812191, 'shap_norm_sq': 3.1156367851798614}
{'sample_size': 600, 'difference': 0, 'noise': 0.0005, 'n': 60, 'shap_error': 0.0023833674973429333, 'shap_norm_sq': 4.943254412971012}
{'sample_size': 600, 'difference': 0, 'noise': 0.001, 'n': 60, 'shap_error': 0.0026935109277872417, 'shap_norm_sq': 4.943254412971012}
{'sample_size': 600, 'difference': 0, 'noise': 0.005, 'n': 60, 'shap_error': 0.003273752506369576, 'shap_norm_sq': 4.943254412971012}
{'sample_size': 600, 'difference': 0, 'noise': 0.01, 'n': 60, 'shap_error': 0.0030835721630921627, 'shap_norm_sq': 4.943254412971012}
{'sample_size': 600, 'difference': 0, 'noise': 0.05, 'n': 60, 'shap_error': 0.0033077906163015286, 'shap_norm_sq': 4.943254412971012}
{'sample_size': 600, 'difference': 0, 'noise': 0.1, 'n': 60, 'shap_error': 0.005705323296620875, 'shap_norm_sq': 4.943254412971012}
{'sample_size': 600, 'difference': 0, 'noise': 0.5, 'n': 60, 'shap_error': 0.06380714723658815, 'shap_norm_sq': 4.943254412971012}
{'sample_size': 600, 'difference': 0, 'noise': 1, 'n': 60, 'shap_error': 0.20791764816962635, 'shap_norm_sq': 4.943254412971012}
{'sample_size': 600, 'difference': 0, 'noise': 0.0005, 'n': 60, 'shap_error': 0.0036397085699256464, 'shap_norm_sq': 5.248147939722626}
{'sample_size': 600, 'difference': 0, 'noise': 0.001, 'n': 60, 'shap_error': 0.004526622206845173, 'shap_norm_sq': 5.248147939722626}
{'sample_size': 600, 'difference': 0, 'noise': 0.005, 'n': 60, 'shap_error': 0.003088640599776737, 'shap_norm_sq': 5.248147939722626}
{'sample_size': 600, 'difference': 0, 'noise': 0.01, 'n': 60, 'shap_error': 0.004203718539000773, 'shap_norm_sq': 5.248147939722626}
{'sample_size': 600, 'difference': 0, 'noise': 0.05, 'n': 60, 'shap_error': 0.005208288633783319, 'shap_norm_sq': 5.248147939722626}
{'sample_size': 600, 'difference': 0, 'noise': 0.1, 'n': 60, 'shap_error': 0.020932824226573797, 'shap_norm_sq': 5.248147939722626}
{'sample_size': 600, 'difference': 0, 'noise': 0.5, 'n': 60, 'shap_error': 0.39266811087047865, 'shap_norm_sq': 5.248147939722626}
{'sample_size': 600, 'difference': 0, 'noise': 1, 'n': 60, 'shap_error': 1.0585078502842584, 'shap_norm_sq': 5.248147939722626}
{'sample_size': 600, 'difference': 0, 'noise': 0.0005, 'n': 60, 'shap_error': 0.003008821517893039, 'shap_norm_sq': 2.3690053478056274}
{'sample_size': 600, 'difference': 0, 'noise': 0.001, 'n': 60, 'shap_error': 0.0036498503304066166, 'shap_norm_sq': 2.3690053478056274}
{'sample_size': 600, 'difference': 0, 'noise': 0.005, 'n': 60, 'shap_error': 0.0034126423718443093, 'shap_norm_sq': 2.3690053478056274}
{'sample_size': 600, 'difference': 0, 'noise': 0.01, 'n': 60, 'shap_error': 0.0028146787768144705, 'shap_norm_sq': 2.3690053478056274}
{'sample_size': 600, 'difference': 0, 'noise': 0.05, 'n': 60, 'shap_error': 0.004671468118136654, 'shap_norm_sq': 2.3690053478056274}
{'sample_size': 600, 'difference': 0, 'noise': 0.1, 'n': 60, 'shap_error': 0.0110911277704665, 'shap_norm_sq': 2.3690053478056274}
{'sample_size': 600, 'difference': 0, 'noise': 0.5, 'n': 60, 'shap_error': 0.15322007061127313, 'shap_norm_sq': 2.3690053478056274}
{'sample_size': 600, 'difference': 0, 'noise': 1, 'n': 60, 'shap_error': 0.37246036012144657, 'shap_norm_sq': 2.3690053478056274}
{'sample_size': 600, 'difference': 0, 'noise': 0.0005, 'n': 60, 'shap_error': 0.012865560376896087, 'shap_norm_sq': 5.368818484313566}
{'sample_size': 600, 'difference': 0, 'noise': 0.001, 'n': 60, 'shap_error': 0.009929752405740554, 'shap_norm_sq': 5.368818484313566}
{'sample_size': 600, 'difference': 0, 'noise': 0.005, 'n': 60, 'shap_error': 0.007592700007370263, 'shap_norm_sq': 5.368818484313566}
{'sample_size': 600, 'difference': 0, 'noise': 0.01, 'n': 60, 'shap_error': 0.010640827167383488, 'shap_norm_sq': 5.368818484313566}
{'sample_size': 600, 'difference': 0, 'noise': 0.05, 'n': 60, 'shap_error': 0.010000728639225924, 'shap_norm_sq': 5.368818484313566}
{'sample_size': 600, 'difference': 0, 'noise': 0.1, 'n': 60, 'shap_error': 0.010693211705593222, 'shap_norm_sq': 5.368818484313566}
{'sample_size': 600, 'difference': 0, 'noise': 0.5, 'n': 60, 'shap_error': 0.0588157208907312, 'shap_norm_sq': 5.368818484313566}
{'sample_size': 600, 'difference': 0, 'noise': 1, 'n': 60, 'shap_error': 0.25456048653077656, 'shap_norm_sq': 5.368818484313566}
{'sample_size': 600, 'difference': 0, 'noise': 0.0005, 'n': 60, 'shap_error': 0.002015693764670513, 'shap_norm_sq': 2.169466375966093}
{'sample_size': 600, 'difference': 0, 'noise': 0.001, 'n': 60, 'shap_error': 0.001193692009866939, 'shap_norm_sq': 2.169466375966093}
{'sample_size': 600, 'difference': 0, 'noise': 0.005, 'n': 60, 'shap_error': 0.0012560032635103996, 'shap_norm_sq': 2.169466375966093}
{'sample_size': 600, 'difference': 0, 'noise': 0.01, 'n': 60, 'shap_error': 0.001242664151076324, 'shap_norm_sq': 2.169466375966093}
{'sample_size': 600, 'difference': 0, 'noise': 0.05, 'n': 60, 'shap_error': 0.00456611609837049, 'shap_norm_sq': 2.169466375966093}
{'sample_size': 600, 'difference': 0, 'noise': 0.1, 'n': 60, 'shap_error': 0.012466846442864254, 'shap_norm_sq': 2.169466375966093}
{'sample_size': 600, 'difference': 0, 'noise': 0.5, 'n': 60, 'shap_error': 0.34387588040653577, 'shap_norm_sq': 2.169466375966093}
{'sample_size': 600, 'difference': 0, 'noise': 1, 'n': 60, 'shap_error': 0.9774434917198418, 'shap_norm_sq': 2.169466375966093}
{'sample_size': 600, 'difference': 0, 'noise': 0.0005, 'n': 60, 'shap_error': 0.0001314822137592831, 'shap_norm_sq': 1.2044408586506339}
{'sample_size': 600, 'difference': 0, 'noise': 0.001, 'n': 60, 'shap_error': 0.0001935790683235967, 'shap_norm_sq': 1.2044408586506339}
{'sample_size': 600, 'difference': 0, 'noise': 0.005, 'n': 60, 'shap_error': 0.00021054303196624624, 'shap_norm_sq': 1.2044408586506339}
{'sample_size': 600, 'difference': 0, 'noise': 0.01, 'n': 60, 'shap_error': 0.00025547214167443376, 'shap_norm_sq': 1.2044408586506339}
{'sample_size': 600, 'difference': 0, 'noise': 0.05, 'n': 60, 'shap_error': 0.0025734583751074415, 'shap_norm_sq': 1.2044408586506339}
{'sample_size': 600, 'difference': 0, 'noise': 0.1, 'n': 60, 'shap_error': 0.009590121658094608, 'shap_norm_sq': 1.2044408586506339}
{'sample_size': 600, 'difference': 0, 'noise': 0.5, 'n': 60, 'shap_error': 0.21665583868160518, 'shap_norm_sq': 1.2044408586506339}
{'sample_size': 600, 'difference': 0, 'noise': 1, 'n': 60, 'shap_error': 0.8249685593106686, 'shap_norm_sq': 1.2044408586506339}
{'sample_size': 600, 'difference': 0, 'noise': 0.0005, 'n': 60, 'shap_error': 0.000648723641201031, 'shap_norm_sq': 6.756394989413753}
{'sample_size': 600, 'difference': 0, 'noise': 0.001, 'n': 60, 'shap_error': 0.0004787578300697416, 'shap_norm_sq': 6.756394989413753}
{'sample_size': 600, 'difference': 0, 'noise': 0.005, 'n': 60, 'shap_error': 0.0006509894881924107, 'shap_norm_sq': 6.756394989413753}
{'sample_size': 600, 'difference': 0, 'noise': 0.01, 'n': 60, 'shap_error': 0.00048468644215544644, 'shap_norm_sq': 6.756394989413753}
{'sample_size': 600, 'difference': 0, 'noise': 0.05, 'n': 60, 'shap_error': 0.0011064283800479241, 'shap_norm_sq': 6.756394989413753}
{'sample_size': 600, 'difference': 0, 'noise': 0.1, 'n': 60, 'shap_error': 0.0015531552958957043, 'shap_norm_sq': 6.756394989413753}
{'sample_size': 600, 'difference': 0, 'noise': 0.5, 'n': 60, 'shap_error': 0.03224031144193286, 'shap_norm_sq': 6.756394989413753}
{'sample_size': 600, 'difference': 0, 'noise': 1, 'n': 60, 'shap_error': 0.20480567359045088, 'shap_norm_sq': 6.756394989413753}
{'sample_size': 600, 'difference': 0, 'noise': 0.0005, 'n': 60, 'shap_error': 0.00893660054436565, 'shap_norm_sq': 6.049941627245347}
{'sample_size': 600, 'difference': 0, 'noise': 0.001, 'n': 60, 'shap_error': 0.00871108688567048, 'shap_norm_sq': 6.049941627245347}
{'sample_size': 600, 'difference': 0, 'noise': 0.005, 'n': 60, 'shap_error': 0.008881324137798447, 'shap_norm_sq': 6.049941627245347}
{'sample_size': 600, 'difference': 0, 'noise': 0.01, 'n': 60, 'shap_error': 0.010584467736920159, 'shap_norm_sq': 6.049941627245347}
{'sample_size': 600, 'difference': 0, 'noise': 0.05, 'n': 60, 'shap_error': 0.011243504916816437, 'shap_norm_sq': 6.049941627245347}
{'sample_size': 600, 'difference': 0, 'noise': 0.1, 'n': 60, 'shap_error': 0.009086261267598171, 'shap_norm_sq': 6.049941627245347}
{'sample_size': 600, 'difference': 0, 'noise': 0.5, 'n': 60, 'shap_error': 0.06358420628050866, 'shap_norm_sq': 6.049941627245347}
{'sample_size': 600, 'difference': 0, 'noise': 1, 'n': 60, 'shap_error': 0.21231055385030337, 'shap_norm_sq': 6.049941627245347}
{'sample_size': 600, 'difference': 0, 'noise': 0.0005, 'n': 60, 'shap_error': 0.002640491488140052, 'shap_norm_sq': 4.68580209756354}
{'sample_size': 600, 'difference': 0, 'noise': 0.001, 'n': 60, 'shap_error': 0.003234981183136914, 'shap_norm_sq': 4.68580209756354}
{'sample_size': 600, 'difference': 0, 'noise': 0.005, 'n': 60, 'shap_error': 0.0022225034615665196, 'shap_norm_sq': 4.68580209756354}
{'sample_size': 600, 'difference': 0, 'noise': 0.01, 'n': 60, 'shap_error': 0.003193366083248028, 'shap_norm_sq': 4.68580209756354}
{'sample_size': 600, 'difference': 0, 'noise': 0.05, 'n': 60, 'shap_error': 0.002547655337619202, 'shap_norm_sq': 4.68580209756354}
{'sample_size': 600, 'difference': 0, 'noise': 0.1, 'n': 60, 'shap_error': 0.00463717055052475, 'shap_norm_sq': 4.68580209756354}
{'sample_size': 600, 'difference': 0, 'noise': 0.5, 'n': 60, 'shap_error': 0.07467986604931784, 'shap_norm_sq': 4.68580209756354}
{'sample_size': 600, 'difference': 0, 'noise': 1, 'n': 60, 'shap_error': 0.2610473873800531, 'shap_norm_sq': 4.68580209756354}
{'sample_size': 600, 'difference': 0, 'noise': 0.0005, 'n': 60, 'shap_error': 0.015009490661721357, 'shap_norm_sq': 2.423496549133178}
{'sample_size': 600, 'difference': 0, 'noise': 0.001, 'n': 60, 'shap_error': 0.021847609320126752, 'shap_norm_sq': 2.423496549133178}
{'sample_size': 600, 'difference': 0, 'noise': 0.005, 'n': 60, 'shap_error': 0.012884727084080486, 'shap_norm_sq': 2.423496549133178}
{'sample_size': 600, 'difference': 0, 'noise': 0.01, 'n': 60, 'shap_error': 0.009872071535732406, 'shap_norm_sq': 2.423496549133178}
{'sample_size': 600, 'difference': 0, 'noise': 0.05, 'n': 60, 'shap_error': 0.016055120756220426, 'shap_norm_sq': 2.423496549133178}
{'sample_size': 600, 'difference': 0, 'noise': 0.1, 'n': 60, 'shap_error': 0.018924008918355738, 'shap_norm_sq': 2.423496549133178}
{'sample_size': 600, 'difference': 0, 'noise': 0.5, 'n': 60, 'shap_error': 0.14663068367491627, 'shap_norm_sq': 2.423496549133178}
{'sample_size': 600, 'difference': 0, 'noise': 1, 'n': 60, 'shap_error': 0.6126485776281553, 'shap_norm_sq': 2.423496549133178}
{'sample_size': 600, 'difference': 0, 'noise': 0.0005, 'n': 60, 'shap_error': 0.00414217424415271, 'shap_norm_sq': 4.55316541538549}
{'sample_size': 600, 'difference': 0, 'noise': 0.001, 'n': 60, 'shap_error': 0.0030994382094239694, 'shap_norm_sq': 4.55316541538549}
{'sample_size': 600, 'difference': 0, 'noise': 0.005, 'n': 60, 'shap_error': 0.003933467814774394, 'shap_norm_sq': 4.55316541538549}
{'sample_size': 600, 'difference': 0, 'noise': 0.01, 'n': 60, 'shap_error': 0.0038368205329504593, 'shap_norm_sq': 4.55316541538549}
{'sample_size': 600, 'difference': 0, 'noise': 0.05, 'n': 60, 'shap_error': 0.0026612345308213024, 'shap_norm_sq': 4.55316541538549}
{'sample_size': 600, 'difference': 0, 'noise': 0.1, 'n': 60, 'shap_error': 0.004687929122304515, 'shap_norm_sq': 4.55316541538549}
{'sample_size': 600, 'difference': 0, 'noise': 0.5, 'n': 60, 'shap_error': 0.10668917565069702, 'shap_norm_sq': 4.55316541538549}
{'sample_size': 600, 'difference': 0, 'noise': 1, 'n': 60, 'shap_error': 0.438700839385707, 'shap_norm_sq': 4.55316541538549}
{'sample_size': 600, 'difference': 0, 'noise': 0.0005, 'n': 60, 'shap_error': 0.015192828689020403, 'shap_norm_sq': 4.256978383236576}
{'sample_size': 600, 'difference': 0, 'noise': 0.001, 'n': 60, 'shap_error': 0.01810028220308014, 'shap_norm_sq': 4.256978383236576}
{'sample_size': 600, 'difference': 0, 'noise': 0.005, 'n': 60, 'shap_error': 0.020199306782718543, 'shap_norm_sq': 4.256978383236576}
{'sample_size': 600, 'difference': 0, 'noise': 0.01, 'n': 60, 'shap_error': 0.009768074940329684, 'shap_norm_sq': 4.256978383236576}
{'sample_size': 600, 'difference': 0, 'noise': 0.05, 'n': 60, 'shap_error': 0.011265201232872966, 'shap_norm_sq': 4.256978383236576}
{'sample_size': 600, 'difference': 0, 'noise': 0.1, 'n': 60, 'shap_error': 0.009927031284671328, 'shap_norm_sq': 4.256978383236576}
{'sample_size': 600, 'difference': 0, 'noise': 0.5, 'n': 60, 'shap_error': 0.08468048815818194, 'shap_norm_sq': 4.256978383236576}
{'sample_size': 600, 'difference': 0, 'noise': 1, 'n': 60, 'shap_error': 0.2516626901386217, 'shap_norm_sq': 4.256978383236576}
{'sample_size': 600, 'difference': 0, 'noise': 0.0005, 'n': 60, 'shap_error': 0.0019210332555952634, 'shap_norm_sq': 5.440143632974172}
{'sample_size': 600, 'difference': 0, 'noise': 0.001, 'n': 60, 'shap_error': 0.00228639511401713, 'shap_norm_sq': 5.440143632974172}
{'sample_size': 600, 'difference': 0, 'noise': 0.005, 'n': 60, 'shap_error': 0.002776829693322219, 'shap_norm_sq': 5.440143632974172}
{'sample_size': 600, 'difference': 0, 'noise': 0.01, 'n': 60, 'shap_error': 0.0022768566576736302, 'shap_norm_sq': 5.440143632974172}
{'sample_size': 600, 'difference': 0, 'noise': 0.05, 'n': 60, 'shap_error': 0.002264233787130135, 'shap_norm_sq': 5.440143632974172}
{'sample_size': 600, 'difference': 0, 'noise': 0.1, 'n': 60, 'shap_error': 0.00680199964877524, 'shap_norm_sq': 5.440143632974172}
{'sample_size': 600, 'difference': 0, 'noise': 0.5, 'n': 60, 'shap_error': 0.0909776979765628, 'shap_norm_sq': 5.440143632974172}
{'sample_size': 600, 'difference': 0, 'noise': 1, 'n': 60, 'shap_error': 0.3648492333026809, 'shap_norm_sq': 5.440143632974172}
{'sample_size': 600, 'difference': 0, 'noise': 0.0005, 'n': 60, 'shap_error': 0.0012464158814637675, 'shap_norm_sq': 4.798825809838939}
{'sample_size': 600, 'difference': 0, 'noise': 0.001, 'n': 60, 'shap_error': 0.0013601577964729584, 'shap_norm_sq': 4.798825809838939}
{'sample_size': 600, 'difference': 0, 'noise': 0.005, 'n': 60, 'shap_error': 0.0013430762686914982, 'shap_norm_sq': 4.798825809838939}
{'sample_size': 600, 'difference': 0, 'noise': 0.01, 'n': 60, 'shap_error': 0.000872244957614337, 'shap_norm_sq': 4.798825809838939}
{'sample_size': 600, 'difference': 0, 'noise': 0.05, 'n': 60, 'shap_error': 0.002064461421795738, 'shap_norm_sq': 4.798825809838939}
{'sample_size': 600, 'difference': 0, 'noise': 0.1, 'n': 60, 'shap_error': 0.0022200202751936795, 'shap_norm_sq': 4.798825809838939}
{'sample_size': 600, 'difference': 0, 'noise': 0.5, 'n': 60, 'shap_error': 0.054921198604022926, 'shap_norm_sq': 4.798825809838939}
{'sample_size': 600, 'difference': 0, 'noise': 1, 'n': 60, 'shap_error': 0.18623574467065643, 'shap_norm_sq': 4.798825809838939}
{'sample_size': 600, 'difference': 0, 'noise': 0.0005, 'n': 60, 'shap_error': 0.02500209428908674, 'shap_norm_sq': 2.6800063097574607}
{'sample_size': 600, 'difference': 0, 'noise': 0.001, 'n': 60, 'shap_error': 0.019521442217599154, 'shap_norm_sq': 2.6800063097574607}
{'sample_size': 600, 'difference': 0, 'noise': 0.005, 'n': 60, 'shap_error': 0.02533831770386432, 'shap_norm_sq': 2.6800063097574607}
{'sample_size': 600, 'difference': 0, 'noise': 0.01, 'n': 60, 'shap_error': 0.030563876847197333, 'shap_norm_sq': 2.6800063097574607}
{'sample_size': 600, 'difference': 0, 'noise': 0.05, 'n': 60, 'shap_error': 0.0334456910051595, 'shap_norm_sq': 2.6800063097574607}
{'sample_size': 600, 'difference': 0, 'noise': 0.1, 'n': 60, 'shap_error': 0.03441676528449563, 'shap_norm_sq': 2.6800063097574607}
{'sample_size': 600, 'difference': 0, 'noise': 0.5, 'n': 60, 'shap_error': 0.17884109818823862, 'shap_norm_sq': 2.6800063097574607}
{'sample_size': 600, 'difference': 0, 'noise': 1, 'n': 60, 'shap_error': 0.47299021409333614, 'shap_norm_sq': 2.6800063097574607}
{'sample_size': 600, 'difference': 0, 'noise': 0.0005, 'n': 60, 'shap_error': 0.0027503862734377877, 'shap_norm_sq': 6.119462958988806}
{'sample_size': 600, 'difference': 0, 'noise': 0.001, 'n': 60, 'shap_error': 0.0027979459958955444, 'shap_norm_sq': 6.119462958988806}
{'sample_size': 600, 'difference': 0, 'noise': 0.005, 'n': 60, 'shap_error': 0.002510266193935777, 'shap_norm_sq': 6.119462958988806}
{'sample_size': 600, 'difference': 0, 'noise': 0.01, 'n': 60, 'shap_error': 0.0033202132767990618, 'shap_norm_sq': 6.119462958988806}
{'sample_size': 600, 'difference': 0, 'noise': 0.05, 'n': 60, 'shap_error': 0.004260775106979144, 'shap_norm_sq': 6.119462958988806}
{'sample_size': 600, 'difference': 0, 'noise': 0.1, 'n': 60, 'shap_error': 0.007283631341237286, 'shap_norm_sq': 6.119462958988806}
{'sample_size': 600, 'difference': 0, 'noise': 0.5, 'n': 60, 'shap_error': 0.11561007964011923, 'shap_norm_sq': 6.119462958988806}
{'sample_size': 600, 'difference': 0, 'noise': 1, 'n': 60, 'shap_error': 0.36802072778843536, 'shap_norm_sq': 6.119462958988806}
{'sample_size': 600, 'difference': 0, 'noise': 0.0005, 'n': 60, 'shap_error': 0.0037460836519156897, 'shap_norm_sq': 1.708127072925964}
{'sample_size': 600, 'difference': 0, 'noise': 0.001, 'n': 60, 'shap_error': 0.0029553763039948237, 'shap_norm_sq': 1.708127072925964}
{'sample_size': 600, 'difference': 0, 'noise': 0.005, 'n': 60, 'shap_error': 0.004648117707340085, 'shap_norm_sq': 1.708127072925964}
{'sample_size': 600, 'difference': 0, 'noise': 0.01, 'n': 60, 'shap_error': 0.004267212326145052, 'shap_norm_sq': 1.708127072925964}
{'sample_size': 600, 'difference': 0, 'noise': 0.05, 'n': 60, 'shap_error': 0.00735610909924626, 'shap_norm_sq': 1.708127072925964}
{'sample_size': 600, 'difference': 0, 'noise': 0.1, 'n': 60, 'shap_error': 0.013059239150099619, 'shap_norm_sq': 1.708127072925964}
{'sample_size': 600, 'difference': 0, 'noise': 0.5, 'n': 60, 'shap_error': 0.2985024702423149, 'shap_norm_sq': 1.708127072925964}
{'sample_size': 600, 'difference': 0, 'noise': 1, 'n': 60, 'shap_error': 1.212435868589928, 'shap_norm_sq': 1.708127072925964}
{'sample_size': 600, 'difference': 0, 'noise': 0.0005, 'n': 60, 'shap_error': 0.006584799553635672, 'shap_norm_sq': 2.198389902832733}
{'sample_size': 600, 'difference': 0, 'noise': 0.001, 'n': 60, 'shap_error': 0.00620810015097275, 'shap_norm_sq': 2.198389902832733}
{'sample_size': 600, 'difference': 0, 'noise': 0.005, 'n': 60, 'shap_error': 0.005009499459211658, 'shap_norm_sq': 2.198389902832733}
{'sample_size': 600, 'difference': 0, 'noise': 0.01, 'n': 60, 'shap_error': 0.005251215432357361, 'shap_norm_sq': 2.198389902832733}
{'sample_size': 600, 'difference': 0, 'noise': 0.05, 'n': 60, 'shap_error': 0.004390538110944975, 'shap_norm_sq': 2.198389902832733}
{'sample_size': 600, 'difference': 0, 'noise': 0.1, 'n': 60, 'shap_error': 0.00795008251451304, 'shap_norm_sq': 2.198389902832733}
{'sample_size': 600, 'difference': 0, 'noise': 0.5, 'n': 60, 'shap_error': 0.0914470929029384, 'shap_norm_sq': 2.198389902832733}
{'sample_size': 600, 'difference': 0, 'noise': 1, 'n': 60, 'shap_error': 0.3864511139759828, 'shap_norm_sq': 2.198389902832733}
{'sample_size': 600, 'difference': 0, 'noise': 0.0005, 'n': 60, 'shap_error': 0.0002762660364919974, 'shap_norm_sq': 5.4376497141751345}
{'sample_size': 600, 'difference': 0, 'noise': 0.001, 'n': 60, 'shap_error': 0.0002198148548064608, 'shap_norm_sq': 5.4376497141751345}
{'sample_size': 600, 'difference': 0, 'noise': 0.005, 'n': 60, 'shap_error': 0.00028632704275873645, 'shap_norm_sq': 5.4376497141751345}
{'sample_size': 600, 'difference': 0, 'noise': 0.01, 'n': 60, 'shap_error': 0.00019673195969320163, 'shap_norm_sq': 5.4376497141751345}
{'sample_size': 600, 'difference': 0, 'noise': 0.05, 'n': 60, 'shap_error': 0.000975130839299802, 'shap_norm_sq': 5.4376497141751345}
{'sample_size': 600, 'difference': 0, 'noise': 0.1, 'n': 60, 'shap_error': 0.004162889072229068, 'shap_norm_sq': 5.4376497141751345}
{'sample_size': 600, 'difference': 0, 'noise': 0.5, 'n': 60, 'shap_error': 0.07165078891259302, 'shap_norm_sq': 5.4376497141751345}
{'sample_size': 600, 'difference': 0, 'noise': 1, 'n': 60, 'shap_error': 0.23837539288492077, 'shap_norm_sq': 5.4376497141751345}
{'sample_size': 600, 'difference': 0, 'noise': 0.0005, 'n': 60, 'shap_error': 0.00024007724444613935, 'shap_norm_sq': 2.7018692883869235}
{'sample_size': 600, 'difference': 0, 'noise': 0.001, 'n': 60, 'shap_error': 0.00027006241174295354, 'shap_norm_sq': 2.7018692883869235}
{'sample_size': 600, 'difference': 0, 'noise': 0.005, 'n': 60, 'shap_error': 0.00018138549190055268, 'shap_norm_sq': 2.7018692883869235}
{'sample_size': 600, 'difference': 0, 'noise': 0.01, 'n': 60, 'shap_error': 0.00028299373013741114, 'shap_norm_sq': 2.7018692883869235}
{'sample_size': 600, 'difference': 0, 'noise': 0.05, 'n': 60, 'shap_error': 0.0017200790226491857, 'shap_norm_sq': 2.7018692883869235}
{'sample_size': 600, 'difference': 0, 'noise': 0.1, 'n': 60, 'shap_error': 0.004107110629957151, 'shap_norm_sq': 2.7018692883869235}
{'sample_size': 600, 'difference': 0, 'noise': 0.5, 'n': 60, 'shap_error': 0.09011878377309074, 'shap_norm_sq': 2.7018692883869235}
{'sample_size': 600, 'difference': 0, 'noise': 1, 'n': 60, 'shap_error': 0.3663821121375188, 'shap_norm_sq': 2.7018692883869235}
{'sample_size': 600, 'difference': 0, 'noise': 0.0005, 'n': 60, 'shap_error': 0.0025130265105117945, 'shap_norm_sq': 2.0944166984411634}
{'sample_size': 600, 'difference': 0, 'noise': 0.001, 'n': 60, 'shap_error': 0.0026725336188218735, 'shap_norm_sq': 2.0944166984411634}
{'sample_size': 600, 'difference': 0, 'noise': 0.005, 'n': 60, 'shap_error': 0.0021528661854154345, 'shap_norm_sq': 2.0944166984411634}
{'sample_size': 600, 'difference': 0, 'noise': 0.01, 'n': 60, 'shap_error': 0.0030691241475839545, 'shap_norm_sq': 2.0944166984411634}
{'sample_size': 600, 'difference': 0, 'noise': 0.05, 'n': 60, 'shap_error': 0.006808993587720708, 'shap_norm_sq': 2.0944166984411634}
{'sample_size': 600, 'difference': 0, 'noise': 0.1, 'n': 60, 'shap_error': 0.017117709067417632, 'shap_norm_sq': 2.0944166984411634}
{'sample_size': 600, 'difference': 0, 'noise': 0.5, 'n': 60, 'shap_error': 0.37677025362071775, 'shap_norm_sq': 2.0944166984411634}
{'sample_size': 600, 'difference': 0, 'noise': 1, 'n': 60, 'shap_error': 1.5538212420557795, 'shap_norm_sq': 2.0944166984411634}
{'sample_size': 600, 'difference': 0, 'noise': 0.0005, 'n': 60, 'shap_error': 1.5070669527728585e-07, 'shap_norm_sq': 3.725974164178613}
{'sample_size': 600, 'difference': 0, 'noise': 0.001, 'n': 60, 'shap_error': 4.6723640727161846e-07, 'shap_norm_sq': 3.725974164178613}
{'sample_size': 600, 'difference': 0, 'noise': 0.005, 'n': 60, 'shap_error': 9.470856239361618e-06, 'shap_norm_sq': 3.725974164178613}
{'sample_size': 600, 'difference': 0, 'noise': 0.01, 'n': 60, 'shap_error': 6.911525360573018e-05, 'shap_norm_sq': 3.725974164178613}
{'sample_size': 600, 'difference': 0, 'noise': 0.05, 'n': 60, 'shap_error': 0.0016441560491326002, 'shap_norm_sq': 3.725974164178613}
{'sample_size': 600, 'difference': 0, 'noise': 0.1, 'n': 60, 'shap_error': 0.004896135279744286, 'shap_norm_sq': 3.725974164178613}
{'sample_size': 600, 'difference': 0, 'noise': 0.5, 'n': 60, 'shap_error': 0.09918928409000921, 'shap_norm_sq': 3.725974164178613}
{'sample_size': 600, 'difference': 0, 'noise': 1, 'n': 60, 'shap_error': 0.5465873084681604, 'shap_norm_sq': 3.725974164178613}
{'sample_size': 600, 'difference': 0, 'noise': 0.0005, 'n': 60, 'shap_error': 0.0018908726900898648, 'shap_norm_sq': 3.337841614193706}
{'sample_size': 600, 'difference': 0, 'noise': 0.001, 'n': 60, 'shap_error': 0.002010184624827872, 'shap_norm_sq': 3.337841614193706}
{'sample_size': 600, 'difference': 0, 'noise': 0.005, 'n': 60, 'shap_error': 0.0018454364511332102, 'shap_norm_sq': 3.337841614193706}
{'sample_size': 600, 'difference': 0, 'noise': 0.01, 'n': 60, 'shap_error': 0.0015615890090285012, 'shap_norm_sq': 3.337841614193706}
{'sample_size': 600, 'difference': 0, 'noise': 0.05, 'n': 60, 'shap_error': 0.003008810369783135, 'shap_norm_sq': 3.337841614193706}
{'sample_size': 600, 'difference': 0, 'noise': 0.1, 'n': 60, 'shap_error': 0.004751184632989571, 'shap_norm_sq': 3.337841614193706}
{'sample_size': 600, 'difference': 0, 'noise': 0.5, 'n': 60, 'shap_error': 0.08164690106676223, 'shap_norm_sq': 3.337841614193706}
{'sample_size': 600, 'difference': 0, 'noise': 1, 'n': 60, 'shap_error': 0.4547853050000694, 'shap_norm_sq': 3.337841614193706}
{'sample_size': 600, 'difference': 0, 'noise': 0.0005, 'n': 60, 'shap_error': 0.01871176896609224, 'shap_norm_sq': 3.283930193231506}
{'sample_size': 600, 'difference': 0, 'noise': 0.001, 'n': 60, 'shap_error': 0.016972853351538728, 'shap_norm_sq': 3.283930193231506}
{'sample_size': 600, 'difference': 0, 'noise': 0.005, 'n': 60, 'shap_error': 0.015118685701304578, 'shap_norm_sq': 3.283930193231506}
{'sample_size': 600, 'difference': 0, 'noise': 0.01, 'n': 60, 'shap_error': 0.01963112189559427, 'shap_norm_sq': 3.283930193231506}
{'sample_size': 600, 'difference': 0, 'noise': 0.05, 'n': 60, 'shap_error': 0.026038201240894884, 'shap_norm_sq': 3.283930193231506}
{'sample_size': 600, 'difference': 0, 'noise': 0.1, 'n': 60, 'shap_error': 0.018553849789942442, 'shap_norm_sq': 3.283930193231506}
{'sample_size': 600, 'difference': 0, 'noise': 0.5, 'n': 60, 'shap_error': 0.10434615912542293, 'shap_norm_sq': 3.283930193231506}
{'sample_size': 600, 'difference': 0, 'noise': 1, 'n': 60, 'shap_error': 0.34814686603156886, 'shap_norm_sq': 3.283930193231506}
{'sample_size': 600, 'difference': 0, 'noise': 0.0005, 'n': 60, 'shap_error': 0.0005200879940349459, 'shap_norm_sq': 2.428496045503573}
{'sample_size': 600, 'difference': 0, 'noise': 0.001, 'n': 60, 'shap_error': 0.0006715682280689656, 'shap_norm_sq': 2.428496045503573}
{'sample_size': 600, 'difference': 0, 'noise': 0.005, 'n': 60, 'shap_error': 0.0006558576844275494, 'shap_norm_sq': 2.428496045503573}
{'sample_size': 600, 'difference': 0, 'noise': 0.01, 'n': 60, 'shap_error': 0.0006807142301645795, 'shap_norm_sq': 2.428496045503573}
{'sample_size': 600, 'difference': 0, 'noise': 0.05, 'n': 60, 'shap_error': 0.0018242124876072532, 'shap_norm_sq': 2.428496045503573}
{'sample_size': 600, 'difference': 0, 'noise': 0.1, 'n': 60, 'shap_error': 0.007655862992491736, 'shap_norm_sq': 2.428496045503573}
{'sample_size': 600, 'difference': 0, 'noise': 0.5, 'n': 60, 'shap_error': 0.09886716723790039, 'shap_norm_sq': 2.428496045503573}
{'sample_size': 600, 'difference': 0, 'noise': 1, 'n': 60, 'shap_error': 0.7884944586736594, 'shap_norm_sq': 2.428496045503573}
{'sample_size': 600, 'difference': 0, 'noise': 0.0005, 'n': 60, 'shap_error': 0.005172208503412527, 'shap_norm_sq': 6.0043894271545355}
{'sample_size': 600, 'difference': 0, 'noise': 0.001, 'n': 60, 'shap_error': 0.005760006609272764, 'shap_norm_sq': 6.0043894271545355}
{'sample_size': 600, 'difference': 0, 'noise': 0.005, 'n': 60, 'shap_error': 0.005167858583192526, 'shap_norm_sq': 6.0043894271545355}
{'sample_size': 600, 'difference': 0, 'noise': 0.01, 'n': 60, 'shap_error': 0.008574351063146288, 'shap_norm_sq': 6.0043894271545355}
{'sample_size': 600, 'difference': 0, 'noise': 0.05, 'n': 60, 'shap_error': 0.008028111922283681, 'shap_norm_sq': 6.0043894271545355}
{'sample_size': 600, 'difference': 0, 'noise': 0.1, 'n': 60, 'shap_error': 0.009678641869997506, 'shap_norm_sq': 6.0043894271545355}
{'sample_size': 600, 'difference': 0, 'noise': 0.5, 'n': 60, 'shap_error': 0.07842325764588881, 'shap_norm_sq': 6.0043894271545355}
{'sample_size': 600, 'difference': 0, 'noise': 1, 'n': 60, 'shap_error': 0.2669153766440521, 'shap_norm_sq': 6.0043894271545355}
{'sample_size': 600, 'difference': 0, 'noise': 0.0005, 'n': 60, 'shap_error': 0.003796354257727119, 'shap_norm_sq': 2.306323255299426}
{'sample_size': 600, 'difference': 0, 'noise': 0.001, 'n': 60, 'shap_error': 0.003801930956667728, 'shap_norm_sq': 2.306323255299426}
{'sample_size': 600, 'difference': 0, 'noise': 0.005, 'n': 60, 'shap_error': 0.003398133118358329, 'shap_norm_sq': 2.306323255299426}
{'sample_size': 600, 'difference': 0, 'noise': 0.01, 'n': 60, 'shap_error': 0.004133773638879401, 'shap_norm_sq': 2.306323255299426}
{'sample_size': 600, 'difference': 0, 'noise': 0.05, 'n': 60, 'shap_error': 0.006447891639180456, 'shap_norm_sq': 2.306323255299426}
{'sample_size': 600, 'difference': 0, 'noise': 0.1, 'n': 60, 'shap_error': 0.020589214965153594, 'shap_norm_sq': 2.306323255299426}
{'sample_size': 600, 'difference': 0, 'noise': 0.5, 'n': 60, 'shap_error': 0.4258611393235337, 'shap_norm_sq': 2.306323255299426}
{'sample_size': 600, 'difference': 0, 'noise': 1, 'n': 60, 'shap_error': 1.731865537786847, 'shap_norm_sq': 2.306323255299426}
{'sample_size': 600, 'difference': 0, 'noise': 0.0005, 'n': 60, 'shap_error': 1.6564802853726815e-07, 'shap_norm_sq': 3.725974164178613}
{'sample_size': 600, 'difference': 0, 'noise': 0.001, 'n': 60, 'shap_error': 4.5198432302171264e-07, 'shap_norm_sq': 3.725974164178613}
{'sample_size': 600, 'difference': 0, 'noise': 0.005, 'n': 60, 'shap_error': 1.5302221532842635e-05, 'shap_norm_sq': 3.725974164178613}
{'sample_size': 600, 'difference': 0, 'noise': 0.01, 'n': 60, 'shap_error': 5.3236175478164805e-05, 'shap_norm_sq': 3.725974164178613}
{'sample_size': 600, 'difference': 0, 'noise': 0.05, 'n': 60, 'shap_error': 0.0010410091581705277, 'shap_norm_sq': 3.725974164178613}
{'sample_size': 600, 'difference': 0, 'noise': 0.1, 'n': 60, 'shap_error': 0.006581687052338093, 'shap_norm_sq': 3.725974164178613}
{'sample_size': 600, 'difference': 0, 'noise': 0.5, 'n': 60, 'shap_error': 0.18744483279386248, 'shap_norm_sq': 3.725974164178613}
{'sample_size': 600, 'difference': 0, 'noise': 1, 'n': 60, 'shap_error': 0.7244749198161764, 'shap_norm_sq': 3.725974164178613}
{'sample_size': 600, 'difference': 0, 'noise': 0.0005, 'n': 60, 'shap_error': 0.00626815451099068, 'shap_norm_sq': 2.794473558168363}
{'sample_size': 600, 'difference': 0, 'noise': 0.001, 'n': 60, 'shap_error': 0.004143084985470734, 'shap_norm_sq': 2.794473558168363}
{'sample_size': 600, 'difference': 0, 'noise': 0.005, 'n': 60, 'shap_error': 0.00484034504030036, 'shap_norm_sq': 2.794473558168363}
{'sample_size': 600, 'difference': 0, 'noise': 0.01, 'n': 60, 'shap_error': 0.004134433484116147, 'shap_norm_sq': 2.794473558168363}
{'sample_size': 600, 'difference': 0, 'noise': 0.05, 'n': 60, 'shap_error': 0.005050751026365834, 'shap_norm_sq': 2.794473558168363}
{'sample_size': 600, 'difference': 0, 'noise': 0.1, 'n': 60, 'shap_error': 0.01086791321059926, 'shap_norm_sq': 2.794473558168363}
{'sample_size': 600, 'difference': 0, 'noise': 0.5, 'n': 60, 'shap_error': 0.1502810249344644, 'shap_norm_sq': 2.794473558168363}
{'sample_size': 600, 'difference': 0, 'noise': 1, 'n': 60, 'shap_error': 0.8612839446657545, 'shap_norm_sq': 2.794473558168363}
{'sample_size': 600, 'difference': 0, 'noise': 0.0005, 'n': 60, 'shap_error': 0.0084774712290618, 'shap_norm_sq': 2.2644195734741537}
{'sample_size': 600, 'difference': 0, 'noise': 0.001, 'n': 60, 'shap_error': 0.005912372951681854, 'shap_norm_sq': 2.2644195734741537}
{'sample_size': 600, 'difference': 0, 'noise': 0.005, 'n': 60, 'shap_error': 0.007357379111883759, 'shap_norm_sq': 2.2644195734741537}
{'sample_size': 600, 'difference': 0, 'noise': 0.01, 'n': 60, 'shap_error': 0.005332266741356929, 'shap_norm_sq': 2.2644195734741537}
{'sample_size': 600, 'difference': 0, 'noise': 0.05, 'n': 60, 'shap_error': 0.008509229519015563, 'shap_norm_sq': 2.2644195734741537}
{'sample_size': 600, 'difference': 0, 'noise': 0.1, 'n': 60, 'shap_error': 0.01478266865784145, 'shap_norm_sq': 2.2644195734741537}
{'sample_size': 600, 'difference': 0, 'noise': 0.5, 'n': 60, 'shap_error': 0.14559805069299284, 'shap_norm_sq': 2.2644195734741537}
{'sample_size': 600, 'difference': 0, 'noise': 1, 'n': 60, 'shap_error': 0.41228500069591145, 'shap_norm_sq': 2.2644195734741537}
{'sample_size': 600, 'difference': 0, 'noise': 0.0005, 'n': 60, 'shap_error': 0.004039311127329707, 'shap_norm_sq': 4.393863153876186}
{'sample_size': 600, 'difference': 0, 'noise': 0.001, 'n': 60, 'shap_error': 0.003142787919305339, 'shap_norm_sq': 4.393863153876186}
{'sample_size': 600, 'difference': 0, 'noise': 0.005, 'n': 60, 'shap_error': 0.003983661637871341, 'shap_norm_sq': 4.393863153876186}
{'sample_size': 600, 'difference': 0, 'noise': 0.01, 'n': 60, 'shap_error': 0.0025363831649181812, 'shap_norm_sq': 4.393863153876186}
{'sample_size': 600, 'difference': 0, 'noise': 0.05, 'n': 60, 'shap_error': 0.005098471590143972, 'shap_norm_sq': 4.393863153876186}
{'sample_size': 600, 'difference': 0, 'noise': 0.1, 'n': 60, 'shap_error': 0.007053609196445504, 'shap_norm_sq': 4.393863153876186}
{'sample_size': 600, 'difference': 0, 'noise': 0.5, 'n': 60, 'shap_error': 0.0801062041152034, 'shap_norm_sq': 4.393863153876186}
{'sample_size': 600, 'difference': 0, 'noise': 1, 'n': 60, 'shap_error': 0.38018346026749145, 'shap_norm_sq': 4.393863153876186}
{'sample_size': 600, 'difference': 0, 'noise': 0.0005, 'n': 60, 'shap_error': 0.003485503996779967, 'shap_norm_sq': 2.5636394375721077}
{'sample_size': 600, 'difference': 0, 'noise': 0.001, 'n': 60, 'shap_error': 0.003671655828379269, 'shap_norm_sq': 2.5636394375721077}
{'sample_size': 600, 'difference': 0, 'noise': 0.005, 'n': 60, 'shap_error': 0.0034025810121531977, 'shap_norm_sq': 2.5636394375721077}
{'sample_size': 600, 'difference': 0, 'noise': 0.01, 'n': 60, 'shap_error': 0.0048316677983483445, 'shap_norm_sq': 2.5636394375721077}
{'sample_size': 600, 'difference': 0, 'noise': 0.05, 'n': 60, 'shap_error': 0.005828299630898012, 'shap_norm_sq': 2.5636394375721077}
{'sample_size': 600, 'difference': 0, 'noise': 0.1, 'n': 60, 'shap_error': 0.008704918872637985, 'shap_norm_sq': 2.5636394375721077}
{'sample_size': 600, 'difference': 0, 'noise': 0.5, 'n': 60, 'shap_error': 0.14157533860991067, 'shap_norm_sq': 2.5636394375721077}
{'sample_size': 600, 'difference': 0, 'noise': 1, 'n': 60, 'shap_error': 0.6338995738399456, 'shap_norm_sq': 2.5636394375721077}
{'sample_size': 600, 'difference': 0, 'noise': 0.0005, 'n': 60, 'shap_error': 0.004882189840670785, 'shap_norm_sq': 4.090304126514424}
{'sample_size': 600, 'difference': 0, 'noise': 0.001, 'n': 60, 'shap_error': 0.004257652840321992, 'shap_norm_sq': 4.090304126514424}
{'sample_size': 600, 'difference': 0, 'noise': 0.005, 'n': 60, 'shap_error': 0.00470730874423735, 'shap_norm_sq': 4.090304126514424}
{'sample_size': 600, 'difference': 0, 'noise': 0.01, 'n': 60, 'shap_error': 0.003385767986662828, 'shap_norm_sq': 4.090304126514424}
{'sample_size': 600, 'difference': 0, 'noise': 0.05, 'n': 60, 'shap_error': 0.004276467681461207, 'shap_norm_sq': 4.090304126514424}
{'sample_size': 600, 'difference': 0, 'noise': 0.1, 'n': 60, 'shap_error': 0.004775408836080527, 'shap_norm_sq': 4.090304126514424}
{'sample_size': 600, 'difference': 0, 'noise': 0.5, 'n': 60, 'shap_error': 0.0909247996018558, 'shap_norm_sq': 4.090304126514424}
{'sample_size': 600, 'difference': 0, 'noise': 1, 'n': 60, 'shap_error': 0.44056411544197044, 'shap_norm_sq': 4.090304126514424}
{'sample_size': 600, 'difference': 0, 'noise': 0.0005, 'n': 60, 'shap_error': 0.003086069667046505, 'shap_norm_sq': 2.550440744513126}
{'sample_size': 600, 'difference': 0, 'noise': 0.001, 'n': 60, 'shap_error': 0.0020315051014992685, 'shap_norm_sq': 2.550440744513126}
{'sample_size': 600, 'difference': 0, 'noise': 0.005, 'n': 60, 'shap_error': 0.0015987638052655077, 'shap_norm_sq': 2.550440744513126}
{'sample_size': 600, 'difference': 0, 'noise': 0.01, 'n': 60, 'shap_error': 0.002427328344328086, 'shap_norm_sq': 2.550440744513126}
{'sample_size': 600, 'difference': 0, 'noise': 0.05, 'n': 60, 'shap_error': 0.004754227056732319, 'shap_norm_sq': 2.550440744513126}
{'sample_size': 600, 'difference': 0, 'noise': 0.1, 'n': 60, 'shap_error': 0.009977549782872094, 'shap_norm_sq': 2.550440744513126}
{'sample_size': 600, 'difference': 0, 'noise': 0.5, 'n': 60, 'shap_error': 0.2159430196114051, 'shap_norm_sq': 2.550440744513126}
{'sample_size': 600, 'difference': 0, 'noise': 1, 'n': 60, 'shap_error': 0.8155495398660373, 'shap_norm_sq': 2.550440744513126}
{'sample_size': 600, 'difference': 0, 'noise': 0.0005, 'n': 60, 'shap_error': 0.016100001327810923, 'shap_norm_sq': 6.258291052719591}
{'sample_size': 600, 'difference': 0, 'noise': 0.001, 'n': 60, 'shap_error': 0.01157059726886153, 'shap_norm_sq': 6.258291052719591}
{'sample_size': 600, 'difference': 0, 'noise': 0.005, 'n': 60, 'shap_error': 0.006780176457067568, 'shap_norm_sq': 6.258291052719591}
{'sample_size': 600, 'difference': 0, 'noise': 0.01, 'n': 60, 'shap_error': 0.013452126054130903, 'shap_norm_sq': 6.258291052719591}
{'sample_size': 600, 'difference': 0, 'noise': 0.05, 'n': 60, 'shap_error': 0.012138459570468132, 'shap_norm_sq': 6.258291052719591}
{'sample_size': 600, 'difference': 0, 'noise': 0.1, 'n': 60, 'shap_error': 0.011035997754369803, 'shap_norm_sq': 6.258291052719591}
{'sample_size': 600, 'difference': 0, 'noise': 0.5, 'n': 60, 'shap_error': 0.0886731613933479, 'shap_norm_sq': 6.258291052719591}
{'sample_size': 600, 'difference': 0, 'noise': 1, 'n': 60, 'shap_error': 0.29504049607079336, 'shap_norm_sq': 6.258291052719591}
{'sample_size': 600, 'difference': 0, 'noise': 0.0005, 'n': 60, 'shap_error': 0.0013776107883507142, 'shap_norm_sq': 1.8045245475002565}
{'sample_size': 600, 'difference': 0, 'noise': 0.001, 'n': 60, 'shap_error': 0.0015779381584022092, 'shap_norm_sq': 1.8045245475002565}
{'sample_size': 600, 'difference': 0, 'noise': 0.005, 'n': 60, 'shap_error': 0.0013329233147323129, 'shap_norm_sq': 1.8045245475002565}
{'sample_size': 600, 'difference': 0, 'noise': 0.01, 'n': 60, 'shap_error': 0.001710572422574432, 'shap_norm_sq': 1.8045245475002565}
{'sample_size': 600, 'difference': 0, 'noise': 0.05, 'n': 60, 'shap_error': 0.0039035745273084147, 'shap_norm_sq': 1.8045245475002565}
{'sample_size': 600, 'difference': 0, 'noise': 0.1, 'n': 60, 'shap_error': 0.007566887795019458, 'shap_norm_sq': 1.8045245475002565}
{'sample_size': 600, 'difference': 0, 'noise': 0.5, 'n': 60, 'shap_error': 0.170516991346489, 'shap_norm_sq': 1.8045245475002565}
{'sample_size': 600, 'difference': 0, 'noise': 1, 'n': 60, 'shap_error': 0.4886688387037525, 'shap_norm_sq': 1.8045245475002565}
{'sample_size': 600, 'difference': 0, 'noise': 0.0005, 'n': 60, 'shap_error': 0.0034685168618317323, 'shap_norm_sq': 4.368848162616251}
{'sample_size': 600, 'difference': 0, 'noise': 0.001, 'n': 60, 'shap_error': 0.00267898900797826, 'shap_norm_sq': 4.368848162616251}
{'sample_size': 600, 'difference': 0, 'noise': 0.005, 'n': 60, 'shap_error': 0.003640166051571951, 'shap_norm_sq': 4.368848162616251}
{'sample_size': 600, 'difference': 0, 'noise': 0.01, 'n': 60, 'shap_error': 0.00401690312690011, 'shap_norm_sq': 4.368848162616251}
{'sample_size': 600, 'difference': 0, 'noise': 0.05, 'n': 60, 'shap_error': 0.0035068022853930176, 'shap_norm_sq': 4.368848162616251}
{'sample_size': 600, 'difference': 0, 'noise': 0.1, 'n': 60, 'shap_error': 0.00958584897912657, 'shap_norm_sq': 4.368848162616251}
{'sample_size': 600, 'difference': 0, 'noise': 0.5, 'n': 60, 'shap_error': 0.06481504894911388, 'shap_norm_sq': 4.368848162616251}
{'sample_size': 600, 'difference': 0, 'noise': 1, 'n': 60, 'shap_error': 0.2323002590639751, 'shap_norm_sq': 4.368848162616251}
{'sample_size': 600, 'difference': 0, 'noise': 0.0005, 'n': 60, 'shap_error': 0.0065016032567894915, 'shap_norm_sq': 5.200741805600498}
{'sample_size': 600, 'difference': 0, 'noise': 0.001, 'n': 60, 'shap_error': 0.00989582746748563, 'shap_norm_sq': 5.200741805600498}
{'sample_size': 600, 'difference': 0, 'noise': 0.005, 'n': 60, 'shap_error': 0.007366131585503548, 'shap_norm_sq': 5.200741805600498}
{'sample_size': 600, 'difference': 0, 'noise': 0.01, 'n': 60, 'shap_error': 0.008398615822738867, 'shap_norm_sq': 5.200741805600498}
{'sample_size': 600, 'difference': 0, 'noise': 0.05, 'n': 60, 'shap_error': 0.00780274875368584, 'shap_norm_sq': 5.200741805600498}
{'sample_size': 600, 'difference': 0, 'noise': 0.1, 'n': 60, 'shap_error': 0.01292453705565786, 'shap_norm_sq': 5.200741805600498}
{'sample_size': 600, 'difference': 0, 'noise': 0.5, 'n': 60, 'shap_error': 0.07238877137903652, 'shap_norm_sq': 5.200741805600498}
{'sample_size': 600, 'difference': 0, 'noise': 1, 'n': 60, 'shap_error': 0.48199949909714457, 'shap_norm_sq': 5.200741805600498}
{'sample_size': 600, 'difference': 0, 'noise': 0.0005, 'n': 60, 'shap_error': 0.017409504053505134, 'shap_norm_sq': 5.142255328261924}
{'sample_size': 600, 'difference': 0, 'noise': 0.001, 'n': 60, 'shap_error': 0.01776621047786723, 'shap_norm_sq': 5.142255328261924}
{'sample_size': 600, 'difference': 0, 'noise': 0.005, 'n': 60, 'shap_error': 0.017277892984273804, 'shap_norm_sq': 5.142255328261924}
{'sample_size': 600, 'difference': 0, 'noise': 0.01, 'n': 60, 'shap_error': 0.011721161736299364, 'shap_norm_sq': 5.142255328261924}
{'sample_size': 600, 'difference': 0, 'noise': 0.05, 'n': 60, 'shap_error': 0.024784518188124865, 'shap_norm_sq': 5.142255328261924}
{'sample_size': 600, 'difference': 0, 'noise': 0.1, 'n': 60, 'shap_error': 0.036680697455665524, 'shap_norm_sq': 5.142255328261924}
{'sample_size': 600, 'difference': 0, 'noise': 0.5, 'n': 60, 'shap_error': 0.13104348925658935, 'shap_norm_sq': 5.142255328261924}
{'sample_size': 600, 'difference': 0, 'noise': 1, 'n': 60, 'shap_error': 1.169974886855672, 'shap_norm_sq': 5.142255328261924}
