{'sample_size': 50, 'difference': 0, 'noise': 0, 'n': 10, 'shap_error': 0.007399825235478299, 'shap_norm_sq': 8585.105810736944, 'weighted_error': 1.0966073855961964, 'gamma': 0.12603468029283071, 'normalized_gamma': 1.5e-05}
{'sample_size': 100, 'difference': 0, 'noise': 0, 'n': 10, 'shap_error': 0.00487948124883976, 'shap_norm_sq': 8585.105810736944, 'weighted_error': 1.063702818787401, 'gamma': 0.12603468029283071, 'normalized_gamma': 1.5e-05}
{'sample_size': 200, 'difference': 0, 'noise': 0, 'n': 10, 'shap_error': 0.0011766826550908276, 'shap_norm_sq': 8585.105810736944, 'weighted_error': 1.0153620250554263, 'gamma': 0.12603468029283071, 'normalized_gamma': 1.5e-05}
{'sample_size': 400, 'difference': 0, 'noise': 0, 'n': 10, 'shap_error': 0.0002984622042096344, 'shap_norm_sq': 8585.105810736944, 'weighted_error': 1.003896364277189, 'gamma': 0.12603468029283071, 'normalized_gamma': 1.5e-05}
{'sample_size': 800, 'difference': 0, 'noise': 0, 'n': 10, 'shap_error': 2.5781519073141518e-05, 'shap_norm_sq': 8585.105810736944, 'weighted_error': 1.0003366170467554, 'gamma': 0.12603468029283071, 'normalized_gamma': 1.5e-05}
{'sample_size': 1600, 'difference': -576, 'noise': 0, 'n': 10, 'shap_error': 9.540893479776202e-13, 'shap_norm_sq': 8585.105810736944, 'weighted_error': 0.9999999999916245, 'gamma': 0.12603468029283071, 'normalized_gamma': 1.5e-05}
{'sample_size': 50, 'difference': 0, 'noise': 0, 'n': 10, 'shap_error': 0.3237374708157125, 'shap_norm_sq': 1078.9618703125723, 'weighted_error': 1.2170583084862738, 'gamma': 1.4958859492263226, 'normalized_gamma': 0.0014}
{'sample_size': 100, 'difference': 0, 'noise': 0, 'n': 10, 'shap_error': 0.26359722294484794, 'shap_norm_sq': 1078.9618703125723, 'weighted_error': 1.1767356281635455, 'gamma': 1.4958859492263226, 'normalized_gamma': 0.0014}
{'sample_size': 200, 'difference': 0, 'noise': 0, 'n': 10, 'shap_error': 0.04606773013837268, 'shap_norm_sq': 1078.9618703125723, 'weighted_error': 1.0308873851736455, 'gamma': 1.4958859492263226, 'normalized_gamma': 0.0014}
{'sample_size': 400, 'difference': 0, 'noise': 0, 'n': 10, 'shap_error': 0.009064252087464168, 'shap_norm_sq': 1078.9618703125723, 'weighted_error': 1.0060772938294964, 'gamma': 1.4958859492263226, 'normalized_gamma': 0.0014}
{'sample_size': 800, 'difference': 0, 'noise': 0, 'n': 10, 'shap_error': 0.0005507530625703283, 'shap_norm_sq': 1078.9618703125723, 'weighted_error': 1.0003692589557682, 'gamma': 1.4958859492263226, 'normalized_gamma': 0.0014}
{'sample_size': 1600, 'difference': -576, 'noise': 0, 'n': 10, 'shap_error': 6.49515227560129e-13, 'shap_norm_sq': 1078.9618703125723, 'weighted_error': 0.9999999999995814, 'gamma': 1.4958859492263226, 'normalized_gamma': 0.0014}
{'sample_size': 50, 'difference': 0, 'noise': 0, 'n': 10, 'shap_error': 0.42828218910634724, 'shap_norm_sq': 2495.3920027832633, 'weighted_error': 1.317520009398486, 'gamma': 2.9973636917383883, 'normalized_gamma': 0.0012}
{'sample_size': 100, 'difference': 0, 'noise': 0, 'n': 10, 'shap_error': 0.08130693263129597, 'shap_norm_sq': 2495.3920027832633, 'weighted_error': 1.0602791045475428, 'gamma': 2.9973636917383883, 'normalized_gamma': 0.0012}
{'sample_size': 200, 'difference': 0, 'noise': 0, 'n': 10, 'shap_error': 0.05631120082126492, 'shap_norm_sq': 2495.3920027832633, 'weighted_error': 1.0417478688279151, 'gamma': 2.9973636917383883, 'normalized_gamma': 0.0012}
{'sample_size': 400, 'difference': 0, 'noise': 0, 'n': 10, 'shap_error': 0.006248428437867691, 'shap_norm_sq': 2495.3920027832633, 'weighted_error': 1.0046324903297168, 'gamma': 2.9973636917383883, 'normalized_gamma': 0.0012}
{'sample_size': 800, 'difference': 0, 'noise': 0, 'n': 10, 'shap_error': 0.00126133486487203, 'shap_norm_sq': 2495.3920027832633, 'weighted_error': 1.0009351384406233, 'gamma': 2.9973636917383883, 'normalized_gamma': 0.0012}
{'sample_size': 1600, 'difference': -576, 'noise': 0, 'n': 10, 'shap_error': 6.348433334217222e-13, 'shap_norm_sq': 2495.3920027832633, 'weighted_error': 0.9999999999995823, 'gamma': 2.9973636917383883, 'normalized_gamma': 0.0012}
{'sample_size': 50, 'difference': 0, 'noise': 0, 'n': 10, 'shap_error': 1.0008759443168724, 'shap_norm_sq': 1728.1391696764142, 'weighted_error': 1.3239502575822428, 'gamma': 3.2629896479879745, 'normalized_gamma': 0.0019}
{'sample_size': 100, 'difference': 0, 'noise': 0, 'n': 10, 'shap_error': 0.24700494660549038, 'shap_norm_sq': 1728.1391696764142, 'weighted_error': 1.079947193158107, 'gamma': 3.2629896479879745, 'normalized_gamma': 0.0019}
{'sample_size': 200, 'difference': 0, 'noise': 0, 'n': 10, 'shap_error': 0.13471631569510026, 'shap_norm_sq': 1728.1391696764142, 'weighted_error': 1.043603299823529, 'gamma': 3.2629896479879745, 'normalized_gamma': 0.0019}
{'sample_size': 400, 'difference': 0, 'noise': 0, 'n': 10, 'shap_error': 0.018688570772608225, 'shap_norm_sq': 1728.1391696764142, 'weighted_error': 1.0060488990983405, 'gamma': 3.2629896479879745, 'normalized_gamma': 0.0019}
{'sample_size': 800, 'difference': 0, 'noise': 0, 'n': 10, 'shap_error': 0.0030696564861121428, 'shap_norm_sq': 1728.1391696764142, 'weighted_error': 1.0009935566024655, 'gamma': 3.2629896479879745, 'normalized_gamma': 0.0019}
{'sample_size': 1600, 'difference': -576, 'noise': 0, 'n': 10, 'shap_error': 4.552252118581926e-13, 'shap_norm_sq': 1728.1391696764142, 'weighted_error': 0.9999999999998676, 'gamma': 3.2629896479879745, 'normalized_gamma': 0.0019}
{'sample_size': 50, 'difference': 0, 'noise': 0, 'n': 10, 'shap_error': 0.016906029886490884, 'shap_norm_sq': 2716.7105743894367, 'weighted_error': 1.2683819703794321, 'gamma': 0.06655590740698626, 'normalized_gamma': 2.4e-05}
{'sample_size': 100, 'difference': 0, 'noise': 0, 'n': 10, 'shap_error': 0.004948329670838353, 'shap_norm_sq': 2716.7105743894367, 'weighted_error': 1.0785542912972768, 'gamma': 0.06655590740698626, 'normalized_gamma': 2.4e-05}
{'sample_size': 200, 'difference': 0, 'noise': 0, 'n': 10, 'shap_error': 0.001121682074754413, 'shap_norm_sq': 2716.7105743894367, 'weighted_error': 1.0178065342744562, 'gamma': 0.06655590740698626, 'normalized_gamma': 2.4e-05}
{'sample_size': 400, 'difference': 0, 'noise': 0, 'n': 10, 'shap_error': 0.00043133170668350167, 'shap_norm_sq': 2716.7105743894367, 'weighted_error': 1.006847317434422, 'gamma': 0.06655590740698626, 'normalized_gamma': 2.4e-05}
{'sample_size': 800, 'difference': 0, 'noise': 0, 'n': 10, 'shap_error': 3.665027108051533e-05, 'shap_norm_sq': 2716.7105743894367, 'weighted_error': 1.00058180068242, 'gamma': 0.06655590740698626, 'normalized_gamma': 2.4e-05}
{'sample_size': 1600, 'difference': -576, 'noise': 0, 'n': 10, 'shap_error': 1.8087057570057075e-13, 'shap_norm_sq': 2716.7105743894367, 'weighted_error': 0.9999999999983421, 'gamma': 0.06655590740698626, 'normalized_gamma': 2.4e-05}
{'sample_size': 50, 'difference': 0, 'noise': 0, 'n': 10, 'shap_error': 1.083043118787166, 'shap_norm_sq': 613.7023286160955, 'weighted_error': 1.1705347229127845, 'gamma': 7.20259012591899, 'normalized_gamma': 0.012}
{'sample_size': 100, 'difference': 0, 'noise': 0, 'n': 10, 'shap_error': 0.5131144802572141, 'shap_norm_sq': 613.7023286160955, 'weighted_error': 1.080794518293054, 'gamma': 7.20259012591899, 'normalized_gamma': 0.012}
{'sample_size': 200, 'difference': 0, 'noise': 0, 'n': 10, 'shap_error': 0.2346263849827812, 'shap_norm_sq': 613.7023286160955, 'weighted_error': 1.036943968904685, 'gamma': 7.20259012591899, 'normalized_gamma': 0.012}
{'sample_size': 400, 'difference': 0, 'noise': 0, 'n': 10, 'shap_error': 0.029620368961653848, 'shap_norm_sq': 613.7023286160955, 'weighted_error': 1.004664022102278, 'gamma': 7.20259012591899, 'normalized_gamma': 0.012}
{'sample_size': 800, 'difference': 0, 'noise': 0, 'n': 10, 'shap_error': 0.015034895762968807, 'shap_norm_sq': 613.7023286160955, 'weighted_error': 1.0023673621145763, 'gamma': 7.20259012591899, 'normalized_gamma': 0.012}
{'sample_size': 1600, 'difference': -576, 'noise': 0, 'n': 10, 'shap_error': 8.250603284170499e-13, 'shap_norm_sq': 613.7023286160955, 'weighted_error': 0.999999999999874, 'gamma': 7.20259012591899, 'normalized_gamma': 0.012}
{'sample_size': 50, 'difference': 0, 'noise': 0, 'n': 10, 'shap_error': 0.1350499570203067, 'shap_norm_sq': 1277.4214122391115, 'weighted_error': 1.2725990009630463, 'gamma': 0.5574440648179769, 'normalized_gamma': 0.00044}
{'sample_size': 100, 'difference': 0, 'noise': 0, 'n': 10, 'shap_error': 0.04579395416907662, 'shap_norm_sq': 1277.4214122391115, 'weighted_error': 1.0924354775877176, 'gamma': 0.5574440648179769, 'normalized_gamma': 0.00044}
{'sample_size': 200, 'difference': 0, 'noise': 0, 'n': 10, 'shap_error': 0.009176977001147283, 'shap_norm_sq': 1277.4214122391115, 'weighted_error': 1.0185236652970295, 'gamma': 0.5574440648179769, 'normalized_gamma': 0.00044}
{'sample_size': 400, 'difference': 0, 'noise': 0, 'n': 10, 'shap_error': 0.0030841743807676573, 'shap_norm_sq': 1277.4214122391115, 'weighted_error': 1.0062254418641383, 'gamma': 0.5574440648179769, 'normalized_gamma': 0.00044}
{'sample_size': 800, 'difference': 0, 'noise': 0, 'n': 10, 'shap_error': 0.00046231928091303826, 'shap_norm_sq': 1277.4214122391115, 'weighted_error': 1.0009331923195686, 'gamma': 0.5574440648179769, 'normalized_gamma': 0.00044}
{'sample_size': 1600, 'difference': -576, 'noise': 0, 'n': 10, 'shap_error': 6.083703816323952e-13, 'shap_norm_sq': 1277.4214122391115, 'weighted_error': 0.9999999999987813, 'gamma': 0.5574440648179769, 'normalized_gamma': 0.00044}
{'sample_size': 50, 'difference': 0, 'noise': 0, 'n': 10, 'shap_error': 0.3099867859657165, 'shap_norm_sq': 582.7705059484754, 'weighted_error': 1.2071469660482217, 'gamma': 1.551589850689734, 'normalized_gamma': 0.0027}
{'sample_size': 100, 'difference': 0, 'noise': 0, 'n': 10, 'shap_error': 0.12045460469574179, 'shap_norm_sq': 582.7705059484754, 'weighted_error': 1.0804931419111283, 'gamma': 1.551589850689734, 'normalized_gamma': 0.0027}
{'sample_size': 200, 'difference': 0, 'noise': 0, 'n': 10, 'shap_error': 0.011282045139730027, 'shap_norm_sq': 582.7705059484754, 'weighted_error': 1.007539127802749, 'gamma': 1.551589850689734, 'normalized_gamma': 0.0027}
{'sample_size': 400, 'difference': 0, 'noise': 0, 'n': 10, 'shap_error': 0.008150617489671752, 'shap_norm_sq': 582.7705059484754, 'weighted_error': 1.005446584076844, 'gamma': 1.551589850689734, 'normalized_gamma': 0.0027}
{'sample_size': 800, 'difference': 0, 'noise': 0, 'n': 10, 'shap_error': 0.000753917269681871, 'shap_norm_sq': 582.7705059484754, 'weighted_error': 1.0005038015301455, 'gamma': 1.551589850689734, 'normalized_gamma': 0.0027}
{'sample_size': 1600, 'difference': -576, 'noise': 0, 'n': 10, 'shap_error': 1.2865917677066143e-12, 'shap_norm_sq': 582.7705059484754, 'weighted_error': 0.999999999999173, 'gamma': 1.551589850689734, 'normalized_gamma': 0.0027}
{'sample_size': 50, 'difference': 0, 'noise': 0, 'n': 10, 'shap_error': 0.029605905019321, 'shap_norm_sq': 2008.3821122042905, 'weighted_error': 1.1070197018537162, 'gamma': 0.27992071798071594, 'normalized_gamma': 0.00014}
{'sample_size': 100, 'difference': 0, 'noise': 0, 'n': 10, 'shap_error': 0.012661993256780673, 'shap_norm_sq': 2008.3821122042905, 'weighted_error': 1.0457709687962096, 'gamma': 0.27992071798071594, 'normalized_gamma': 0.00014}
{'sample_size': 200, 'difference': 0, 'noise': 0, 'n': 10, 'shap_error': 0.00464605273410708, 'shap_norm_sq': 2008.3821122042905, 'weighted_error': 1.0167946002531618, 'gamma': 0.27992071798071594, 'normalized_gamma': 0.00014}
{'sample_size': 400, 'difference': 0, 'noise': 0, 'n': 10, 'shap_error': 0.001096574816031556, 'shap_norm_sq': 2008.3821122042905, 'weighted_error': 1.0039639843588786, 'gamma': 0.27992071798071594, 'normalized_gamma': 0.00014}
{'sample_size': 800, 'difference': 0, 'noise': 0, 'n': 10, 'shap_error': 8.705485079535296e-05, 'shap_norm_sq': 2008.3821122042905, 'weighted_error': 1.000314694667629, 'gamma': 0.27992071798071594, 'normalized_gamma': 0.00014}
{'sample_size': 1600, 'difference': -576, 'noise': 0, 'n': 10, 'shap_error': 2.8455659727007437e-13, 'shap_norm_sq': 2008.3821122042905, 'weighted_error': 0.9999999999991968, 'gamma': 0.27992071798071594, 'normalized_gamma': 0.00014}
{'sample_size': 50, 'difference': 0, 'noise': 0, 'n': 10, 'shap_error': 0.028947897013068984, 'shap_norm_sq': 1910.2052775098996, 'weighted_error': 1.1217981792898155, 'gamma': 0.25773202677179563, 'normalized_gamma': 0.00013}
{'sample_size': 100, 'difference': 0, 'noise': 0, 'n': 10, 'shap_error': 0.005572969191676216, 'shap_norm_sq': 1910.2052775098996, 'weighted_error': 1.023448256382668, 'gamma': 0.25773202677179563, 'normalized_gamma': 0.00013}
{'sample_size': 200, 'difference': 0, 'noise': 0, 'n': 10, 'shap_error': 0.0032558574788134173, 'shap_norm_sq': 1910.2052775098996, 'weighted_error': 1.013699029787347, 'gamma': 0.25773202677179563, 'normalized_gamma': 0.00013}
{'sample_size': 400, 'difference': 0, 'noise': 0, 'n': 10, 'shap_error': 0.0006453473429160036, 'shap_norm_sq': 1910.2052775098996, 'weighted_error': 1.0027152489128415, 'gamma': 0.25773202677179563, 'normalized_gamma': 0.00013}
{'sample_size': 800, 'difference': 0, 'noise': 0, 'n': 10, 'shap_error': 0.000274651857164376, 'shap_norm_sq': 1910.2052775098996, 'weighted_error': 1.0011555680614237, 'gamma': 0.25773202677179563, 'normalized_gamma': 0.00013}
{'sample_size': 1600, 'difference': -576, 'noise': 0, 'n': 10, 'shap_error': 2.397417833239775e-13, 'shap_norm_sq': 1910.2052775098996, 'weighted_error': 0.9999999999994281, 'gamma': 0.25773202677179563, 'normalized_gamma': 0.00013}
{'sample_size': 50, 'difference': 0, 'noise': 0, 'n': 10, 'shap_error': 0.01045832810772385, 'shap_norm_sq': 1422.226326224394, 'weighted_error': 1.1540514005283473, 'gamma': 0.07416028255007456, 'normalized_gamma': 5.2e-05}
{'sample_size': 100, 'difference': 0, 'noise': 0, 'n': 10, 'shap_error': 0.0032999810982342792, 'shap_norm_sq': 1422.226326224394, 'weighted_error': 1.0486080864546596, 'gamma': 0.07416028255007456, 'normalized_gamma': 5.2e-05}
{'sample_size': 200, 'difference': 0, 'noise': 0, 'n': 10, 'shap_error': 0.003921487120088401, 'shap_norm_sq': 1422.226326224394, 'weighted_error': 1.0577637380121931, 'gamma': 0.07416028255007456, 'normalized_gamma': 5.2e-05}
{'sample_size': 400, 'difference': 0, 'noise': 0, 'n': 10, 'shap_error': 0.000481566078291134, 'shap_norm_sq': 1422.226326224394, 'weighted_error': 1.0070932774655714, 'gamma': 0.07416028255007456, 'normalized_gamma': 5.2e-05}
{'sample_size': 800, 'difference': 0, 'noise': 0, 'n': 10, 'shap_error': 1.5561906077891528e-05, 'shap_norm_sq': 1422.226326224394, 'weighted_error': 1.0002292380894358, 'gamma': 0.07416028255007456, 'normalized_gamma': 5.2e-05}
{'sample_size': 1600, 'difference': -576, 'noise': 0, 'n': 10, 'shap_error': 5.113881942874459e-13, 'shap_norm_sq': 1422.226326224394, 'weighted_error': 0.9999999999937775, 'gamma': 0.07416028255007456, 'normalized_gamma': 5.2e-05}
{'sample_size': 50, 'difference': 0, 'noise': 0, 'n': 10, 'shap_error': 0.07532972334530853, 'shap_norm_sq': 6791.0212753913975, 'weighted_error': 1.4371389434612727, 'gamma': 0.2885894905408731, 'normalized_gamma': 4.2e-05}
{'sample_size': 100, 'difference': 0, 'noise': 0, 'n': 10, 'shap_error': 0.013316660275447261, 'shap_norm_sq': 6791.0212753913975, 'weighted_error': 1.0772763319819911, 'gamma': 0.2885894905408731, 'normalized_gamma': 4.2e-05}
{'sample_size': 200, 'difference': 0, 'noise': 0, 'n': 10, 'shap_error': 0.004959551153015705, 'shap_norm_sq': 6791.0212753913975, 'weighted_error': 1.028780380213111, 'gamma': 0.2885894905408731, 'normalized_gamma': 4.2e-05}
{'sample_size': 400, 'difference': 0, 'noise': 0, 'n': 10, 'shap_error': 0.001190265671940422, 'shap_norm_sq': 6791.0212753913975, 'weighted_error': 1.0069069499556915, 'gamma': 0.2885894905408731, 'normalized_gamma': 4.2e-05}
{'sample_size': 800, 'difference': 0, 'noise': 0, 'n': 10, 'shap_error': 0.0001904842198252506, 'shap_norm_sq': 6791.0212753913975, 'weighted_error': 1.0011054448445884, 'gamma': 0.2885894905408731, 'normalized_gamma': 4.2e-05}
{'sample_size': 1600, 'difference': -576, 'noise': 0, 'n': 10, 'shap_error': 1.1181513003861564e-12, 'shap_norm_sq': 6791.0212753913975, 'weighted_error': 0.9999999999956456, 'gamma': 0.2885894905408731, 'normalized_gamma': 4.2e-05}
{'sample_size': 50, 'difference': 0, 'noise': 0, 'n': 10, 'shap_error': 0.20548104424916036, 'shap_norm_sq': 1742.010090162972, 'weighted_error': 1.6278408312575656, 'gamma': 0.6323371507572394, 'normalized_gamma': 0.00036}
{'sample_size': 100, 'difference': 0, 'noise': 0, 'n': 10, 'shap_error': 0.010722616976816085, 'shap_norm_sq': 1742.010090162972, 'weighted_error': 1.0327626284126943, 'gamma': 0.6323371507572394, 'normalized_gamma': 0.00036}
{'sample_size': 200, 'difference': 0, 'noise': 0, 'n': 10, 'shap_error': 0.01545570404731797, 'shap_norm_sq': 1742.010090162972, 'weighted_error': 1.0472246310920876, 'gamma': 0.6323371507572394, 'normalized_gamma': 0.00036}
{'sample_size': 400, 'difference': 0, 'noise': 0, 'n': 10, 'shap_error': 0.0021131564334726277, 'shap_norm_sq': 1742.010090162972, 'weighted_error': 1.0064566628243503, 'gamma': 0.6323371507572394, 'normalized_gamma': 0.00036}
{'sample_size': 800, 'difference': 0, 'noise': 0, 'n': 10, 'shap_error': 0.00018497298578689294, 'shap_norm_sq': 1742.010090162972, 'weighted_error': 1.0005651514231535, 'gamma': 0.6323371507572394, 'normalized_gamma': 0.00036}
{'sample_size': 1600, 'difference': -576, 'noise': 0, 'n': 10, 'shap_error': 5.588026320288911e-13, 'shap_norm_sq': 1742.010090162972, 'weighted_error': 0.9999999999983631, 'gamma': 0.6323371507572394, 'normalized_gamma': 0.00036}
{'sample_size': 50, 'difference': 0, 'noise': 0, 'n': 10, 'shap_error': 0.2520980760083626, 'shap_norm_sq': 4175.836153111268, 'weighted_error': 1.1373105189078423, 'gamma': 1.868176373368519, 'normalized_gamma': 0.00045}
{'sample_size': 100, 'difference': 0, 'noise': 0, 'n': 10, 'shap_error': 0.14398414828459513, 'shap_norm_sq': 4175.836153111268, 'weighted_error': 1.0784239050839328, 'gamma': 1.868176373368519, 'normalized_gamma': 0.00045}
{'sample_size': 200, 'difference': 0, 'noise': 0, 'n': 10, 'shap_error': 0.030101423839157006, 'shap_norm_sq': 4175.836153111268, 'weighted_error': 1.0163953282346212, 'gamma': 1.868176373368519, 'normalized_gamma': 0.00045}
{'sample_size': 400, 'difference': 0, 'noise': 0, 'n': 10, 'shap_error': 0.015381478164179068, 'shap_norm_sq': 4175.836153111268, 'weighted_error': 1.0083778501061698, 'gamma': 1.868176373368519, 'normalized_gamma': 0.00045}
{'sample_size': 800, 'difference': 0, 'noise': 0, 'n': 10, 'shap_error': 0.0012683417336859912, 'shap_norm_sq': 4175.836153111268, 'weighted_error': 1.0006908224581923, 'gamma': 1.868176373368519, 'normalized_gamma': 0.00045}
{'sample_size': 1600, 'difference': -576, 'noise': 0, 'n': 10, 'shap_error': 2.495746121925329e-13, 'shap_norm_sq': 4175.836153111268, 'weighted_error': 0.9999999999998912, 'gamma': 1.868176373368519, 'normalized_gamma': 0.00045}
{'sample_size': 50, 'difference': 0, 'noise': 0, 'n': 10, 'shap_error': 0.08283759031613186, 'shap_norm_sq': 1557.345174104217, 'weighted_error': 1.2516387646862537, 'gamma': 0.4316769917631658, 'normalized_gamma': 0.00028}
{'sample_size': 100, 'difference': 0, 'noise': 0, 'n': 10, 'shap_error': 0.025312866395887798, 'shap_norm_sq': 1557.345174104217, 'weighted_error': 1.0768935860887605, 'gamma': 0.4316769917631658, 'normalized_gamma': 0.00028}
{'sample_size': 200, 'difference': 0, 'noise': 0, 'n': 10, 'shap_error': 0.0015854455164318831, 'shap_norm_sq': 1557.345174104217, 'weighted_error': 1.00481609705977, 'gamma': 0.4316769917631658, 'normalized_gamma': 0.00028}
{'sample_size': 400, 'difference': 0, 'noise': 0, 'n': 10, 'shap_error': 0.0030941524481464793, 'shap_norm_sq': 1557.345174104217, 'weighted_error': 1.0093992414034565, 'gamma': 0.4316769917631658, 'normalized_gamma': 0.00028}
{'sample_size': 800, 'difference': 0, 'noise': 0, 'n': 10, 'shap_error': 0.000446351167913747, 'shap_norm_sq': 1557.345174104217, 'weighted_error': 1.0013558924609323, 'gamma': 0.4316769917631658, 'normalized_gamma': 0.00028}
{'sample_size': 1600, 'difference': -576, 'noise': 0, 'n': 10, 'shap_error': 2.048627748647644e-13, 'shap_norm_sq': 1557.345174104217, 'weighted_error': 0.9999999999994477, 'gamma': 0.4316769917631658, 'normalized_gamma': 0.00028}
{'sample_size': 50, 'difference': 0, 'noise': 0, 'n': 10, 'shap_error': 0.11881144305600798, 'shap_norm_sq': 1215.3524434271892, 'weighted_error': 1.2542225311672517, 'gamma': 0.4685802990911461, 'normalized_gamma': 0.00039}
{'sample_size': 100, 'difference': 0, 'noise': 0, 'n': 10, 'shap_error': 0.03306066669483108, 'shap_norm_sq': 1215.3524434271892, 'weighted_error': 1.0707403909143567, 'gamma': 0.4685802990911461, 'normalized_gamma': 0.00039}
{'sample_size': 200, 'difference': 0, 'noise': 0, 'n': 10, 'shap_error': 0.013965340912186422, 'shap_norm_sq': 1215.3524434271892, 'weighted_error': 1.029881910287045, 'gamma': 0.4685802990911461, 'normalized_gamma': 0.00039}
{'sample_size': 400, 'difference': 0, 'noise': 0, 'n': 10, 'shap_error': 0.003575112199884495, 'shap_norm_sq': 1215.3524434271892, 'weighted_error': 1.0076497880062827, 'gamma': 0.4685802990911461, 'normalized_gamma': 0.00039}
{'sample_size': 800, 'difference': 0, 'noise': 0, 'n': 10, 'shap_error': 0.000151560262463414, 'shap_norm_sq': 1215.3524434271892, 'weighted_error': 1.0003243078353579, 'gamma': 0.4685802990911461, 'normalized_gamma': 0.00039}
{'sample_size': 1600, 'difference': -576, 'noise': 0, 'n': 10, 'shap_error': 2.2027734173919096e-13, 'shap_norm_sq': 1215.3524434271892, 'weighted_error': 0.9999999999995637, 'gamma': 0.4685802990911461, 'normalized_gamma': 0.00039}
{'sample_size': 50, 'difference': 0, 'noise': 0, 'n': 10, 'shap_error': 0.025854775415272493, 'shap_norm_sq': 544.1731411418593, 'weighted_error': 1.1905801158766676, 'gamma': 0.1451016317364097, 'normalized_gamma': 0.00027}
{'sample_size': 100, 'difference': 0, 'noise': 0, 'n': 10, 'shap_error': 0.004000487822501973, 'shap_norm_sq': 544.1731411418593, 'weighted_error': 1.0294884800931978, 'gamma': 0.1451016317364097, 'normalized_gamma': 0.00027}
{'sample_size': 200, 'difference': 0, 'noise': 0, 'n': 10, 'shap_error': 0.004687302245426651, 'shap_norm_sq': 544.1731411418593, 'weighted_error': 1.0345509066684264, 'gamma': 0.1451016317364097, 'normalized_gamma': 0.00027}
{'sample_size': 400, 'difference': 0, 'noise': 0, 'n': 10, 'shap_error': 0.0008091262246995824, 'shap_norm_sq': 544.1731411418593, 'weighted_error': 1.0059644000584465, 'gamma': 0.1451016317364097, 'normalized_gamma': 0.00027}
{'sample_size': 800, 'difference': 0, 'noise': 0, 'n': 10, 'shap_error': 5.2057082305781886e-05, 'shap_norm_sq': 544.1731411418593, 'weighted_error': 1.0003836978966216, 'gamma': 0.1451016317364097, 'normalized_gamma': 0.00027}
{'sample_size': 1600, 'difference': -576, 'noise': 0, 'n': 10, 'shap_error': 1.4089383804313902e-12, 'shap_norm_sq': 544.1731411418593, 'weighted_error': 0.9999999999907003, 'gamma': 0.1451016317364097, 'normalized_gamma': 0.00027}
{'sample_size': 50, 'difference': 0, 'noise': 0, 'n': 10, 'shap_error': 0.07992726807310922, 'shap_norm_sq': 7331.448472925538, 'weighted_error': 1.2178246301539475, 'gamma': 0.5272284184921763, 'normalized_gamma': 7.2e-05}
{'sample_size': 100, 'difference': 0, 'noise': 0, 'n': 10, 'shap_error': 0.02547063585024381, 'shap_norm_sq': 7331.448472925538, 'weighted_error': 1.0694147081930074, 'gamma': 0.5272284184921763, 'normalized_gamma': 7.2e-05}
{'sample_size': 200, 'difference': 0, 'noise': 0, 'n': 10, 'shap_error': 0.009735452203075024, 'shap_norm_sq': 7331.448472925538, 'weighted_error': 1.026531959002951, 'gamma': 0.5272284184921763, 'normalized_gamma': 7.2e-05}
{'sample_size': 400, 'difference': 0, 'noise': 0, 'n': 10, 'shap_error': 0.0008502808212926879, 'shap_norm_sq': 7331.448472925538, 'weighted_error': 1.002317304973253, 'gamma': 0.5272284184921763, 'normalized_gamma': 7.2e-05}
{'sample_size': 800, 'difference': 0, 'noise': 0, 'n': 10, 'shap_error': 0.0001109721823030838, 'shap_norm_sq': 7331.448472925538, 'weighted_error': 1.0003024434489696, 'gamma': 0.5272284184921763, 'normalized_gamma': 7.2e-05}
{'sample_size': 1600, 'difference': -576, 'noise': 0, 'n': 10, 'shap_error': 2.021832883732844e-13, 'shap_norm_sq': 7331.448472925538, 'weighted_error': 0.999999999999457, 'gamma': 0.5272284184921763, 'normalized_gamma': 7.2e-05}
{'sample_size': 50, 'difference': 0, 'noise': 0, 'n': 10, 'shap_error': 0.007685651332351088, 'shap_norm_sq': 1595.9858766196107, 'weighted_error': 1.1362451170788115, 'gamma': 0.06447481769458502, 'normalized_gamma': 4e-05}
{'sample_size': 100, 'difference': 0, 'noise': 0, 'n': 10, 'shap_error': 0.0031872316879618776, 'shap_norm_sq': 1595.9858766196107, 'weighted_error': 1.0565006788765787, 'gamma': 0.06447481769458502, 'normalized_gamma': 4e-05}
{'sample_size': 200, 'difference': 0, 'noise': 0, 'n': 10, 'shap_error': 0.0011641451801601334, 'shap_norm_sq': 1595.9858766196107, 'weighted_error': 1.0206366046768438, 'gamma': 0.06447481769458502, 'normalized_gamma': 4e-05}
{'sample_size': 400, 'difference': 0, 'noise': 0, 'n': 10, 'shap_error': 0.0003331519759138827, 'shap_norm_sq': 1595.9858766196107, 'weighted_error': 1.0059058727284322, 'gamma': 0.06447481769458502, 'normalized_gamma': 4e-05}
{'sample_size': 800, 'difference': 0, 'noise': 0, 'n': 10, 'shap_error': 2.9310666692412965e-05, 'shap_norm_sq': 1595.9858766196107, 'weighted_error': 1.0005196306036133, 'gamma': 0.06447481769458502, 'normalized_gamma': 4e-05}
{'sample_size': 1600, 'difference': -576, 'noise': 0, 'n': 10, 'shap_error': 2.5176481667962336e-13, 'shap_norm_sq': 1595.9858766196107, 'weighted_error': 0.9999999999955411, 'gamma': 0.06447481769458502, 'normalized_gamma': 4e-05}
{'sample_size': 50, 'difference': 0, 'noise': 0, 'n': 10, 'shap_error': 0.07718410855672421, 'shap_norm_sq': 3861.3065799075875, 'weighted_error': 1.1535350688826518, 'gamma': 0.5655716119847434, 'normalized_gamma': 0.00015}
{'sample_size': 100, 'difference': 0, 'noise': 0, 'n': 10, 'shap_error': 0.02267284915031938, 'shap_norm_sq': 3861.3065799075875, 'weighted_error': 1.0451010061655395, 'gamma': 0.5655716119847434, 'normalized_gamma': 0.00015}
{'sample_size': 200, 'difference': 0, 'noise': 0, 'n': 10, 'shap_error': 0.0060854702750968, 'shap_norm_sq': 3861.3065799075875, 'weighted_error': 1.0121052702271451, 'gamma': 0.5655716119847434, 'normalized_gamma': 0.00015}
{'sample_size': 400, 'difference': 0, 'noise': 0, 'n': 10, 'shap_error': 0.0028071153812144886, 'shap_norm_sq': 3861.3065799075875, 'weighted_error': 1.0055839162450708, 'gamma': 0.5655716119847434, 'normalized_gamma': 0.00015}
{'sample_size': 800, 'difference': 0, 'noise': 0, 'n': 10, 'shap_error': 0.00010992356995501218, 'shap_norm_sq': 3861.3065799075875, 'weighted_error': 1.000218663615665, 'gamma': 0.5655716119847434, 'normalized_gamma': 0.00015}
{'sample_size': 1600, 'difference': -576, 'noise': 0, 'n': 10, 'shap_error': 2.6560824357851725e-13, 'shap_norm_sq': 3861.3065799075875, 'weighted_error': 0.999999999999476, 'gamma': 0.5655716119847434, 'normalized_gamma': 0.00015}
{'sample_size': 50, 'difference': 0, 'noise': 0, 'n': 10, 'shap_error': 0.019508532318480477, 'shap_norm_sq': 3068.7569838531335, 'weighted_error': 1.1816928139472769, 'gamma': 0.10759577504976421, 'normalized_gamma': 3.5e-05}
{'sample_size': 100, 'difference': 0, 'noise': 0, 'n': 10, 'shap_error': 0.005425425535636988, 'shap_norm_sq': 3068.7569838531335, 'weighted_error': 1.050529693485019, 'gamma': 0.10759577504976421, 'normalized_gamma': 3.5e-05}
{'sample_size': 200, 'difference': 0, 'noise': 0, 'n': 10, 'shap_error': 0.0028458078866435664, 'shap_norm_sq': 3068.7569838531335, 'weighted_error': 1.0265046533266542, 'gamma': 0.10759577504976421, 'normalized_gamma': 3.5e-05}
{'sample_size': 400, 'difference': 0, 'noise': 0, 'n': 10, 'shap_error': 0.0008865834005521785, 'shap_norm_sq': 3068.7569838531335, 'weighted_error': 1.0082572045806615, 'gamma': 0.10759577504976421, 'normalized_gamma': 3.5e-05}
{'sample_size': 800, 'difference': 0, 'noise': 0, 'n': 10, 'shap_error': 0.00011079674885564758, 'shap_norm_sq': 3068.7569838531335, 'weighted_error': 1.0010319312958826, 'gamma': 0.10759577504976421, 'normalized_gamma': 3.5e-05}
{'sample_size': 1600, 'difference': -576, 'noise': 0, 'n': 10, 'shap_error': 1.185523062756244e-13, 'shap_norm_sq': 3068.7569838531335, 'weighted_error': 0.9999999999989062, 'gamma': 0.10759577504976421, 'normalized_gamma': 3.5e-05}
{'sample_size': 50, 'difference': 0, 'noise': 0, 'n': 10, 'shap_error': 0.13092068140692356, 'shap_norm_sq': 3696.299538842517, 'weighted_error': 1.136454449343275, 'gamma': 1.2537855459310572, 'normalized_gamma': 0.00034}
{'sample_size': 100, 'difference': 0, 'noise': 0, 'n': 10, 'shap_error': 0.0977821184676521, 'shap_norm_sq': 3696.299538842517, 'weighted_error': 1.101915239972758, 'gamma': 1.2537855459310572, 'normalized_gamma': 0.00034}
{'sample_size': 200, 'difference': 0, 'noise': 0, 'n': 10, 'shap_error': 0.026850395555538687, 'shap_norm_sq': 3696.299538842517, 'weighted_error': 1.0279852767492685, 'gamma': 1.2537855459310572, 'normalized_gamma': 0.00034}
{'sample_size': 400, 'difference': 0, 'noise': 0, 'n': 10, 'shap_error': 0.018860515729862644, 'shap_norm_sq': 3696.299538842517, 'weighted_error': 1.0196577191912053, 'gamma': 1.2537855459310572, 'normalized_gamma': 0.00034}
{'sample_size': 800, 'difference': 0, 'noise': 0, 'n': 10, 'shap_error': 0.0007056045126162719, 'shap_norm_sq': 3696.299538842517, 'weighted_error': 1.0007354190562987, 'gamma': 1.2537855459310572, 'normalized_gamma': 0.00034}
{'sample_size': 1600, 'difference': -576, 'noise': 0, 'n': 10, 'shap_error': 3.452063218044027e-13, 'shap_norm_sq': 3696.299538842517, 'weighted_error': 0.9999999999996806, 'gamma': 1.2537855459310572, 'normalized_gamma': 0.00034}
{'sample_size': 50, 'difference': 0, 'noise': 0, 'n': 10, 'shap_error': 0.05431730260069862, 'shap_norm_sq': 1378.0400304678417, 'weighted_error': 1.187800889301157, 'gamma': 0.29068796894739296, 'normalized_gamma': 0.00021}
{'sample_size': 100, 'difference': 0, 'noise': 0, 'n': 10, 'shap_error': 0.024119039791845175, 'shap_norm_sq': 1378.0400304678417, 'weighted_error': 1.0833911403677523, 'gamma': 0.29068796894739296, 'normalized_gamma': 0.00021}
{'sample_size': 200, 'difference': 0, 'noise': 0, 'n': 10, 'shap_error': 0.0028842515947685343, 'shap_norm_sq': 1378.0400304678417, 'weighted_error': 1.0099721070893461, 'gamma': 0.29068796894739296, 'normalized_gamma': 0.00021}
{'sample_size': 400, 'difference': 0, 'noise': 0, 'n': 10, 'shap_error': 0.0019922531426104853, 'shap_norm_sq': 1378.0400304678417, 'weighted_error': 1.006888154774003, 'gamma': 0.29068796894739296, 'normalized_gamma': 0.00021}
{'sample_size': 800, 'difference': 0, 'noise': 0, 'n': 10, 'shap_error': 0.0001659214909542646, 'shap_norm_sq': 1378.0400304678417, 'weighted_error': 1.0005736588051948, 'gamma': 0.29068796894739296, 'normalized_gamma': 0.00021}
{'sample_size': 1600, 'difference': -576, 'noise': 0, 'n': 10, 'shap_error': 3.5234484437991067e-13, 'shap_norm_sq': 1378.0400304678417, 'weighted_error': 0.9999999999988687, 'gamma': 0.29068796894739296, 'normalized_gamma': 0.00021}
{'sample_size': 50, 'difference': 0, 'noise': 0, 'n': 10, 'shap_error': 0.004365291093234471, 'shap_norm_sq': 2398.051082028523, 'weighted_error': 1.0567176483718335, 'gamma': 0.08158148251264348, 'normalized_gamma': 3.4e-05}
{'sample_size': 100, 'difference': 0, 'noise': 0, 'n': 10, 'shap_error': 0.006739694907572313, 'shap_norm_sq': 2398.051082028523, 'weighted_error': 1.0875680154206295, 'gamma': 0.08158148251264348, 'normalized_gamma': 3.4e-05}
{'sample_size': 200, 'difference': 0, 'noise': 0, 'n': 10, 'shap_error': 0.0006376676945710804, 'shap_norm_sq': 2398.051082028523, 'weighted_error': 1.0082850341094085, 'gamma': 0.08158148251264348, 'normalized_gamma': 3.4e-05}
{'sample_size': 400, 'difference': 0, 'noise': 0, 'n': 10, 'shap_error': 0.00032203024065751866, 'shap_norm_sq': 2398.051082028523, 'weighted_error': 1.0041841048503113, 'gamma': 0.08158148251264348, 'normalized_gamma': 3.4e-05}
{'sample_size': 800, 'difference': 0, 'noise': 0, 'n': 10, 'shap_error': 7.766930272421492e-05, 'shap_norm_sq': 2398.051082028523, 'weighted_error': 1.0010091055420087, 'gamma': 0.08158148251264348, 'normalized_gamma': 3.4e-05}
{'sample_size': 1600, 'difference': -576, 'noise': 0, 'n': 10, 'shap_error': 8.85278386014318e-14, 'shap_norm_sq': 2398.051082028523, 'weighted_error': 0.9999999999989858, 'gamma': 0.08158148251264348, 'normalized_gamma': 3.4e-05}
{'sample_size': 50, 'difference': 0, 'noise': 0, 'n': 10, 'shap_error': 0.043633920108670815, 'shap_norm_sq': 3139.8093916884122, 'weighted_error': 1.315885029526748, 'gamma': 0.13843969551307425, 'normalized_gamma': 4.4e-05}
{'sample_size': 100, 'difference': 0, 'noise': 0, 'n': 10, 'shap_error': 0.003992328790170755, 'shap_norm_sq': 3139.8093916884122, 'weighted_error': 1.0289021259130502, 'gamma': 0.13843969551307425, 'normalized_gamma': 4.4e-05}
{'sample_size': 200, 'difference': 0, 'noise': 0, 'n': 10, 'shap_error': 0.008106890899479989, 'shap_norm_sq': 3139.8093916884122, 'weighted_error': 1.0586892035467381, 'gamma': 0.13843969551307425, 'normalized_gamma': 4.4e-05}
{'sample_size': 400, 'difference': 0, 'noise': 0, 'n': 10, 'shap_error': 0.0014406614015673776, 'shap_norm_sq': 3139.8093916884122, 'weighted_error': 1.0104294917767287, 'gamma': 0.13843969551307425, 'normalized_gamma': 4.4e-05}
{'sample_size': 800, 'difference': 0, 'noise': 0, 'n': 10, 'shap_error': 6.955341439293837e-05, 'shap_norm_sq': 3139.8093916884122, 'weighted_error': 1.000503519856708, 'gamma': 0.13843969551307425, 'normalized_gamma': 4.4e-05}
{'sample_size': 1600, 'difference': -576, 'noise': 0, 'n': 10, 'shap_error': 1.7692537954776385e-13, 'shap_norm_sq': 3139.8093916884122, 'weighted_error': 0.9999999999987219, 'gamma': 0.13843969551307425, 'normalized_gamma': 4.4e-05}
{'sample_size': 50, 'difference': 0, 'noise': 0, 'n': 10, 'shap_error': 0.011738056255009914, 'shap_norm_sq': 1751.1523796641536, 'weighted_error': 1.1419346751956356, 'gamma': 0.0998706132271892, 'normalized_gamma': 5.7e-05}
{'sample_size': 100, 'difference': 0, 'noise': 0, 'n': 10, 'shap_error': 0.0071042015991592536, 'shap_norm_sq': 1751.1523796641536, 'weighted_error': 1.085902129263534, 'gamma': 0.0998706132271892, 'normalized_gamma': 5.7e-05}
{'sample_size': 200, 'difference': 0, 'noise': 0, 'n': 10, 'shap_error': 0.0019325187044983868, 'shap_norm_sq': 1751.1523796641536, 'weighted_error': 1.0233678045715457, 'gamma': 0.0998706132271892, 'normalized_gamma': 5.7e-05}
{'sample_size': 400, 'difference': 0, 'noise': 0, 'n': 10, 'shap_error': 0.0006420922605070951, 'shap_norm_sq': 1751.1523796641536, 'weighted_error': 1.0077641563991326, 'gamma': 0.0998706132271892, 'normalized_gamma': 5.7e-05}
{'sample_size': 800, 'difference': 0, 'noise': 0, 'n': 10, 'shap_error': 1.8725827598278903e-05, 'shap_norm_sq': 1751.1523796641536, 'weighted_error': 1.0002264419811766, 'gamma': 0.0998706132271892, 'normalized_gamma': 5.7e-05}
{'sample_size': 1600, 'difference': -576, 'noise': 0, 'n': 10, 'shap_error': 3.262973877842622e-13, 'shap_norm_sq': 1751.1523796641536, 'weighted_error': 0.9999999999968266, 'gamma': 0.0998706132271892, 'normalized_gamma': 5.7e-05}
{'sample_size': 50, 'difference': 0, 'noise': 0, 'n': 10, 'shap_error': 0.036762320637474984, 'shap_norm_sq': 569.031655359481, 'weighted_error': 1.1842101848660966, 'gamma': 0.22907497092811704, 'normalized_gamma': 0.0004}
{'sample_size': 100, 'difference': 0, 'noise': 0, 'n': 10, 'shap_error': 0.009731999241482664, 'shap_norm_sq': 569.031655359481, 'weighted_error': 1.0487653982036784, 'gamma': 0.22907497092811704, 'normalized_gamma': 0.0004}
{'sample_size': 200, 'difference': 0, 'noise': 0, 'n': 10, 'shap_error': 0.0035334725291536182, 'shap_norm_sq': 569.031655359481, 'weighted_error': 1.0177058722461503, 'gamma': 0.22907497092811704, 'normalized_gamma': 0.0004}
{'sample_size': 400, 'difference': 0, 'noise': 0, 'n': 10, 'shap_error': 0.0018569164513513971, 'shap_norm_sq': 569.031655359481, 'weighted_error': 1.0093044822977313, 'gamma': 0.22907497092811704, 'normalized_gamma': 0.0004}
{'sample_size': 800, 'difference': 0, 'noise': 0, 'n': 10, 'shap_error': 5.413731236661458e-05, 'shap_norm_sq': 569.031655359481, 'weighted_error': 1.0002712370157776, 'gamma': 0.22907497092811704, 'normalized_gamma': 0.0004}
{'sample_size': 1600, 'difference': -576, 'noise': 0, 'n': 10, 'shap_error': 1.6344385938598499e-12, 'shap_norm_sq': 569.031655359481, 'weighted_error': 0.9999999999937111, 'gamma': 0.22907497092811704, 'normalized_gamma': 0.0004}
{'sample_size': 50, 'difference': 0, 'noise': 0, 'n': 10, 'shap_error': 0.025205208166249656, 'shap_norm_sq': 1792.0883538095861, 'weighted_error': 1.1374691585337695, 'gamma': 0.19487200832745302, 'normalized_gamma': 0.00011}
{'sample_size': 100, 'difference': 0, 'noise': 0, 'n': 10, 'shap_error': 0.01361649036166009, 'shap_norm_sq': 1792.0883538095861, 'weighted_error': 1.074264269475333, 'gamma': 0.19487200832745302, 'normalized_gamma': 0.00011}
{'sample_size': 200, 'difference': 0, 'noise': 0, 'n': 10, 'shap_error': 0.0028016065565729534, 'shap_norm_sq': 1792.0883538095861, 'weighted_error': 1.0152800511519782, 'gamma': 0.19487200832745302, 'normalized_gamma': 0.00011}
{'sample_size': 400, 'difference': 0, 'noise': 0, 'n': 10, 'shap_error': 0.0008525387195022108, 'shap_norm_sq': 1792.0883538095861, 'weighted_error': 1.0046497109872983, 'gamma': 0.19487200832745302, 'normalized_gamma': 0.00011}
{'sample_size': 800, 'difference': 0, 'noise': 0, 'n': 10, 'shap_error': 6.432038848582673e-05, 'shap_norm_sq': 1792.0883538095861, 'weighted_error': 1.000350797746694, 'gamma': 0.19487200832745302, 'normalized_gamma': 0.00011}
{'sample_size': 1600, 'difference': -576, 'noise': 0, 'n': 10, 'shap_error': 4.022048056780707e-13, 'shap_norm_sq': 1792.0883538095861, 'weighted_error': 0.9999999999984952, 'gamma': 0.19487200832745302, 'normalized_gamma': 0.00011}
{'sample_size': 50, 'difference': 0, 'noise': 0, 'n': 10, 'shap_error': 0.008075489649030265, 'shap_norm_sq': 3492.8179265793733, 'weighted_error': 1.1348871415274093, 'gamma': 0.0617569401649296, 'normalized_gamma': 1.8e-05}
{'sample_size': 100, 'difference': 0, 'noise': 0, 'n': 10, 'shap_error': 0.002000662366104539, 'shap_norm_sq': 3492.8179265793733, 'weighted_error': 1.033417842314019, 'gamma': 0.0617569401649296, 'normalized_gamma': 1.8e-05}
{'sample_size': 200, 'difference': 0, 'noise': 0, 'n': 10, 'shap_error': 0.00047817819790665575, 'shap_norm_sq': 3492.8179265793733, 'weighted_error': 1.0079871496663222, 'gamma': 0.0617569401649296, 'normalized_gamma': 1.8e-05}
{'sample_size': 400, 'difference': 0, 'noise': 0, 'n': 10, 'shap_error': 0.00036114426180573604, 'shap_norm_sq': 3492.8179265793733, 'weighted_error': 1.006032320874299, 'gamma': 0.0617569401649296, 'normalized_gamma': 1.8e-05}
{'sample_size': 800, 'difference': 0, 'noise': 0, 'n': 10, 'shap_error': 1.6080192187539993e-05, 'shap_norm_sq': 3492.8179265793733, 'weighted_error': 1.0002685929233053, 'gamma': 0.0617569401649296, 'normalized_gamma': 1.8e-05}
{'sample_size': 1600, 'difference': -576, 'noise': 0, 'n': 10, 'shap_error': 7.500005161712409e-14, 'shap_norm_sq': 3492.8179265793733, 'weighted_error': 0.9999999999987472, 'gamma': 0.0617569401649296, 'normalized_gamma': 1.8e-05}
{'sample_size': 50, 'difference': 0, 'noise': 0, 'n': 10, 'shap_error': 0.024936714048299953, 'shap_norm_sq': 1763.2435589845363, 'weighted_error': 1.1009799866879892, 'gamma': 0.26978611790672447, 'normalized_gamma': 0.00015}
{'sample_size': 100, 'difference': 0, 'noise': 0, 'n': 10, 'shap_error': 0.008256025648860469, 'shap_norm_sq': 1763.2435589845363, 'weighted_error': 1.033432437179115, 'gamma': 0.26978611790672447, 'normalized_gamma': 0.00015}
{'sample_size': 200, 'difference': 0, 'noise': 0, 'n': 10, 'shap_error': 0.01823789366955819, 'shap_norm_sq': 1763.2435589845363, 'weighted_error': 1.073853032053218, 'gamma': 0.26978611790672447, 'normalized_gamma': 0.00015}
{'sample_size': 400, 'difference': 0, 'noise': 0, 'n': 10, 'shap_error': 0.0016876811870481826, 'shap_norm_sq': 1763.2435589845363, 'weighted_error': 1.006834087074107, 'gamma': 0.26978611790672447, 'normalized_gamma': 0.00015}
{'sample_size': 800, 'difference': 0, 'noise': 0, 'n': 10, 'shap_error': 9.901280768420665e-05, 'shap_norm_sq': 1763.2435589845363, 'weighted_error': 1.0004009252721255, 'gamma': 0.26978611790672447, 'normalized_gamma': 0.00015}
{'sample_size': 1600, 'difference': -576, 'noise': 0, 'n': 10, 'shap_error': 3.7071567690009393e-13, 'shap_norm_sq': 1763.2435589845363, 'weighted_error': 0.9999999999985669, 'gamma': 0.26978611790672447, 'normalized_gamma': 0.00015}
{'sample_size': 50, 'difference': 0, 'noise': 0, 'n': 10, 'shap_error': 0.013912067077616276, 'shap_norm_sq': 4161.428369591344, 'weighted_error': 1.0710956797440623, 'gamma': 0.2889548778728417, 'normalized_gamma': 6.9e-05}
{'sample_size': 100, 'difference': 0, 'noise': 0, 'n': 10, 'shap_error': 0.007505200718650679, 'shap_norm_sq': 4161.428369591344, 'weighted_error': 1.0383545355325923, 'gamma': 0.2889548778728417, 'normalized_gamma': 6.9e-05}
{'sample_size': 200, 'difference': 0, 'noise': 0, 'n': 10, 'shap_error': 0.0019462237547371226, 'shap_norm_sq': 4161.428369591344, 'weighted_error': 1.0099459068371552, 'gamma': 0.2889548778728417, 'normalized_gamma': 6.9e-05}
{'sample_size': 400, 'difference': 0, 'noise': 0, 'n': 10, 'shap_error': 0.0006476040457600253, 'shap_norm_sq': 4161.428369591344, 'weighted_error': 1.0033095516416117, 'gamma': 0.2889548778728417, 'normalized_gamma': 6.9e-05}
{'sample_size': 800, 'difference': 0, 'noise': 0, 'n': 10, 'shap_error': 7.215453525208312e-05, 'shap_norm_sq': 4161.428369591344, 'weighted_error': 1.0003687577085834, 'gamma': 0.2889548778728417, 'normalized_gamma': 6.9e-05}
{'sample_size': 1600, 'difference': -576, 'noise': 0, 'n': 10, 'shap_error': 6.09581409061493e-13, 'shap_norm_sq': 4161.428369591344, 'weighted_error': 0.9999999999968978, 'gamma': 0.2889548778728417, 'normalized_gamma': 6.9e-05}
{'sample_size': 50, 'difference': 0, 'noise': 0, 'n': 10, 'shap_error': 0.04975226185923601, 'shap_norm_sq': 5643.84959523254, 'weighted_error': 1.1177707178726368, 'gamma': 0.42308347215181286, 'normalized_gamma': 7.5e-05}
{'sample_size': 100, 'difference': 0, 'noise': 0, 'n': 10, 'shap_error': 0.008134496477769133, 'shap_norm_sq': 5643.84959523254, 'weighted_error': 1.0192554589634844, 'gamma': 0.42308347215181286, 'normalized_gamma': 7.5e-05}
{'sample_size': 200, 'difference': 0, 'noise': 0, 'n': 10, 'shap_error': 0.008567830815084377, 'shap_norm_sq': 5643.84959523254, 'weighted_error': 1.0202815183401797, 'gamma': 0.42308347215181286, 'normalized_gamma': 7.5e-05}
{'sample_size': 400, 'difference': 0, 'noise': 0, 'n': 10, 'shap_error': 0.003430350028662705, 'shap_norm_sq': 5643.84959523254, 'weighted_error': 1.008120172974822, 'gamma': 0.42308347215181286, 'normalized_gamma': 7.5e-05}
{'sample_size': 800, 'difference': 0, 'noise': 0, 'n': 10, 'shap_error': 0.00022030680282862205, 'shap_norm_sq': 5643.84959523254, 'weighted_error': 1.0005214849284543, 'gamma': 0.42308347215181286, 'normalized_gamma': 7.5e-05}
{'sample_size': 1600, 'difference': -576, 'noise': 0, 'n': 10, 'shap_error': 2.8332651858352766e-13, 'shap_norm_sq': 5643.84959523254, 'weighted_error': 0.9999999999993293, 'gamma': 0.42308347215181286, 'normalized_gamma': 7.5e-05}
{'sample_size': 50, 'difference': 0, 'noise': 0, 'n': 10, 'shap_error': 0.017166688039717572, 'shap_norm_sq': 1102.1301975756892, 'weighted_error': 1.0804635825495705, 'gamma': 0.27674412972854423, 'normalized_gamma': 0.00025}
{'sample_size': 100, 'difference': 0, 'noise': 0, 'n': 10, 'shap_error': 0.013552150749531382, 'shap_norm_sq': 1102.1301975756892, 'weighted_error': 1.063521642058121, 'gamma': 0.27674412972854423, 'normalized_gamma': 0.00025}
{'sample_size': 200, 'difference': 0, 'noise': 0, 'n': 10, 'shap_error': 0.005151328779698581, 'shap_norm_sq': 1102.1301975756892, 'weighted_error': 1.0241452130392816, 'gamma': 0.27674412972854423, 'normalized_gamma': 0.00025}
{'sample_size': 400, 'difference': 0, 'noise': 0, 'n': 10, 'shap_error': 0.0004739071139856549, 'shap_norm_sq': 1102.1301975756892, 'weighted_error': 1.0022212309328231, 'gamma': 0.27674412972854423, 'normalized_gamma': 0.00025}
{'sample_size': 800, 'difference': 0, 'noise': 0, 'n': 10, 'shap_error': 0.00012438993501912338, 'shap_norm_sq': 1102.1301975756892, 'weighted_error': 1.0005830363075172, 'gamma': 0.27674412972854423, 'normalized_gamma': 0.00025}
{'sample_size': 1600, 'difference': -576, 'noise': 0, 'n': 10, 'shap_error': 4.887137773146638e-13, 'shap_norm_sq': 1102.1301975756892, 'weighted_error': 0.999999999997739, 'gamma': 0.27674412972854423, 'normalized_gamma': 0.00025}
{'sample_size': 50, 'difference': 0, 'noise': 0, 'n': 10, 'shap_error': 0.06486217239045837, 'shap_norm_sq': 1148.9697934110177, 'weighted_error': 1.3637198017738683, 'gamma': 0.24805409254423508, 'normalized_gamma': 0.00022}
{'sample_size': 100, 'difference': 0, 'noise': 0, 'n': 10, 'shap_error': 0.008675841522654212, 'shap_norm_sq': 1148.9697934110177, 'weighted_error': 1.0486502849728467, 'gamma': 0.24805409254423508, 'normalized_gamma': 0.00022}
{'sample_size': 200, 'difference': 0, 'noise': 0, 'n': 10, 'shap_error': 0.002221474442833235, 'shap_norm_sq': 1148.9697934110177, 'weighted_error': 1.0124569311400475, 'gamma': 0.24805409254423508, 'normalized_gamma': 0.00022}
{'sample_size': 400, 'difference': 0, 'noise': 0, 'n': 10, 'shap_error': 0.0005407956137289252, 'shap_norm_sq': 1148.9697934110177, 'weighted_error': 1.0030326241131013, 'gamma': 0.24805409254423508, 'normalized_gamma': 0.00022}
{'sample_size': 800, 'difference': 0, 'noise': 0, 'n': 10, 'shap_error': 0.000163471365923367, 'shap_norm_sq': 1148.9697934110177, 'weighted_error': 1.0009167118543822, 'gamma': 0.24805409254423508, 'normalized_gamma': 0.00022}
{'sample_size': 1600, 'difference': -576, 'noise': 0, 'n': 10, 'shap_error': 5.722397892827421e-13, 'shap_norm_sq': 1148.9697934110177, 'weighted_error': 0.9999999999974076, 'gamma': 0.24805409254423508, 'normalized_gamma': 0.00022}
{'sample_size': 50, 'difference': 0, 'noise': 0, 'n': 10, 'shap_error': 0.01978583450776554, 'shap_norm_sq': 7405.277724455589, 'weighted_error': 1.174686036265083, 'gamma': 0.11471173552378078, 'normalized_gamma': 1.5e-05}
{'sample_size': 100, 'difference': 0, 'noise': 0, 'n': 10, 'shap_error': 0.010433371139966837, 'shap_norm_sq': 7405.277724455589, 'weighted_error': 1.092114625214734, 'gamma': 0.11471173552378078, 'normalized_gamma': 1.5e-05}
{'sample_size': 200, 'difference': 0, 'noise': 0, 'n': 10, 'shap_error': 0.0019349930099260804, 'shap_norm_sq': 7405.277724455589, 'weighted_error': 1.017083831869102, 'gamma': 0.11471173552378078, 'normalized_gamma': 1.5e-05}
{'sample_size': 400, 'difference': 0, 'noise': 0, 'n': 10, 'shap_error': 0.0018688808544355948, 'shap_norm_sq': 7405.277724455589, 'weighted_error': 1.0165002104418108, 'gamma': 0.11471173552378078, 'normalized_gamma': 1.5e-05}
{'sample_size': 800, 'difference': 0, 'noise': 0, 'n': 10, 'shap_error': 2.9717493236179083e-05, 'shap_norm_sq': 7405.277724455589, 'weighted_error': 1.000262379986067, 'gamma': 0.11471173552378078, 'normalized_gamma': 1.5e-05}
{'sample_size': 1600, 'difference': -576, 'noise': 0, 'n': 10, 'shap_error': 5.461180522620137e-14, 'shap_norm_sq': 7405.277724455589, 'weighted_error': 0.99999999999952, 'gamma': 0.11471173552378078, 'normalized_gamma': 1.5e-05}
{'sample_size': 50, 'difference': 0, 'noise': 0, 'n': 10, 'shap_error': 0.015489206178210367, 'shap_norm_sq': 1624.241117607081, 'weighted_error': 1.2296808171246003, 'gamma': 0.06895636466501803, 'normalized_gamma': 4.2e-05}
{'sample_size': 100, 'difference': 0, 'noise': 0, 'n': 10, 'shap_error': 0.002728499940577176, 'shap_norm_sq': 1624.241117607081, 'weighted_error': 1.0404595271969674, 'gamma': 0.06895636466501803, 'normalized_gamma': 4.2e-05}
{'sample_size': 200, 'difference': 0, 'noise': 0, 'n': 10, 'shap_error': 0.000494820493877143, 'shap_norm_sq': 1624.241117607081, 'weighted_error': 1.007337319267908, 'gamma': 0.06895636466501803, 'normalized_gamma': 4.2e-05}
{'sample_size': 400, 'difference': 0, 'noise': 0, 'n': 10, 'shap_error': 0.0004077128020343213, 'shap_norm_sq': 1624.241117607081, 'weighted_error': 1.0060455952366174, 'gamma': 0.06895636466501803, 'normalized_gamma': 4.2e-05}
{'sample_size': 800, 'difference': 0, 'noise': 0, 'n': 10, 'shap_error': 3.839870535561824e-05, 'shap_norm_sq': 1624.241117607081, 'weighted_error': 1.0005694116168393, 'gamma': 0.06895636466501803, 'normalized_gamma': 4.2e-05}
{'sample_size': 1600, 'difference': -576, 'noise': 0, 'n': 10, 'shap_error': 4.692620165420785e-13, 'shap_norm_sq': 1624.241117607081, 'weighted_error': 0.9999999999938963, 'gamma': 0.06895636466501803, 'normalized_gamma': 4.2e-05}
{'sample_size': 50, 'difference': 0, 'noise': 0, 'n': 10, 'shap_error': 0.043978525195944855, 'shap_norm_sq': 2947.665642287472, 'weighted_error': 1.1736164004695302, 'gamma': 0.26360377683836705, 'normalized_gamma': 8.9e-05}
{'sample_size': 100, 'difference': 0, 'noise': 0, 'n': 10, 'shap_error': 0.022564105387894547, 'shap_norm_sq': 2947.665642287472, 'weighted_error': 1.089077360979938, 'gamma': 0.26360377683836705, 'normalized_gamma': 8.9e-05}
{'sample_size': 200, 'difference': 0, 'noise': 0, 'n': 10, 'shap_error': 0.004502827219514857, 'shap_norm_sq': 2947.665642287472, 'weighted_error': 1.0177759846866834, 'gamma': 0.26360377683836705, 'normalized_gamma': 8.9e-05}
{'sample_size': 400, 'difference': 0, 'noise': 0, 'n': 10, 'shap_error': 0.002080151517623459, 'shap_norm_sq': 2947.665642287472, 'weighted_error': 1.008211917045887, 'gamma': 0.26360377683836705, 'normalized_gamma': 8.9e-05}
{'sample_size': 800, 'difference': 0, 'noise': 0, 'n': 10, 'shap_error': 7.87449205255155e-05, 'shap_norm_sq': 2947.665642287472, 'weighted_error': 1.00031087265994, 'gamma': 0.26360377683836705, 'normalized_gamma': 8.9e-05}
{'sample_size': 1600, 'difference': -576, 'noise': 0, 'n': 10, 'shap_error': 5.238743964852755e-14, 'shap_norm_sq': 2947.665642287472, 'weighted_error': 0.9999999999998225, 'gamma': 0.26360377683836705, 'normalized_gamma': 8.9e-05}
{'sample_size': 50, 'difference': 0, 'noise': 0, 'n': 10, 'shap_error': 0.012596485920326443, 'shap_norm_sq': 7852.30250160777, 'weighted_error': 1.1445882131339833, 'gamma': 0.10399547489505, 'normalized_gamma': 1.3e-05}
{'sample_size': 100, 'difference': 0, 'noise': 0, 'n': 10, 'shap_error': 0.003850823557041007, 'shap_norm_sq': 7852.30250160777, 'weighted_error': 1.0442015589472897, 'gamma': 0.10399547489505, 'normalized_gamma': 1.3e-05}
{'sample_size': 200, 'difference': 0, 'noise': 0, 'n': 10, 'shap_error': 0.003369585003641978, 'shap_norm_sq': 7852.30250160777, 'weighted_error': 1.038677544305265, 'gamma': 0.10399547489505, 'normalized_gamma': 1.3e-05}
{'sample_size': 400, 'difference': 0, 'noise': 0, 'n': 10, 'shap_error': 0.0009395488286580292, 'shap_norm_sq': 7852.30250160777, 'weighted_error': 1.010784358763252, 'gamma': 0.10399547489505, 'normalized_gamma': 1.3e-05}
{'sample_size': 800, 'difference': 0, 'noise': 0, 'n': 10, 'shap_error': 8.900878935831055e-05, 'shap_norm_sq': 7852.30250160777, 'weighted_error': 1.0010216501708538, 'gamma': 0.10399547489505, 'normalized_gamma': 1.3e-05}
{'sample_size': 1600, 'difference': -576, 'noise': 0, 'n': 10, 'shap_error': 1.3034539295492397e-13, 'shap_norm_sq': 7852.30250160777, 'weighted_error': 0.999999999998587, 'gamma': 0.10399547489505, 'normalized_gamma': 1.3e-05}
{'sample_size': 50, 'difference': 0, 'noise': 0, 'n': 10, 'shap_error': 0.02805308922519029, 'shap_norm_sq': 8574.908220991969, 'weighted_error': 1.2240578833100197, 'gamma': 0.15481517608610268, 'normalized_gamma': 1.8e-05}
{'sample_size': 100, 'difference': 0, 'noise': 0, 'n': 10, 'shap_error': 0.016670582096599655, 'shap_norm_sq': 8574.908220991969, 'weighted_error': 1.1331469450494407, 'gamma': 0.15481517608610268, 'normalized_gamma': 1.8e-05}
{'sample_size': 200, 'difference': 0, 'noise': 0, 'n': 10, 'shap_error': 0.001990742026072112, 'shap_norm_sq': 8574.908220991969, 'weighted_error': 1.015899889455632, 'gamma': 0.15481517608610268, 'normalized_gamma': 1.8e-05}
{'sample_size': 400, 'difference': 0, 'noise': 0, 'n': 10, 'shap_error': 0.0018102761342397894, 'shap_norm_sq': 8574.908220991969, 'weighted_error': 1.0144587040899007, 'gamma': 0.15481517608610268, 'normalized_gamma': 1.8e-05}
{'sample_size': 800, 'difference': 0, 'noise': 0, 'n': 10, 'shap_error': 8.939143036184661e-05, 'shap_norm_sq': 8574.908220991969, 'weighted_error': 1.0007139726551142, 'gamma': 0.15481517608610268, 'normalized_gamma': 1.8e-05}
{'sample_size': 1600, 'difference': -576, 'noise': 0, 'n': 10, 'shap_error': 1.193528700877192e-13, 'shap_norm_sq': 8574.908220991969, 'weighted_error': 0.9999999999990865, 'gamma': 0.15481517608610268, 'normalized_gamma': 1.8e-05}
{'sample_size': 50, 'difference': 0, 'noise': 0, 'n': 10, 'shap_error': 0.06758112829986654, 'shap_norm_sq': 1561.0472919215704, 'weighted_error': 1.1982563140977274, 'gamma': 0.34486050496192266, 'normalized_gamma': 0.00022}
{'sample_size': 100, 'difference': 0, 'noise': 0, 'n': 10, 'shap_error': 0.03363051830649889, 'shap_norm_sq': 1561.0472919215704, 'weighted_error': 1.0986583955694254, 'gamma': 0.34486050496192266, 'normalized_gamma': 0.00022}
{'sample_size': 200, 'difference': 0, 'noise': 0, 'n': 10, 'shap_error': 0.0014189058409849215, 'shap_norm_sq': 1561.0472919215704, 'weighted_error': 1.004162459437009, 'gamma': 0.34486050496192266, 'normalized_gamma': 0.00022}
{'sample_size': 400, 'difference': 0, 'noise': 0, 'n': 10, 'shap_error': 0.0022450360628266815, 'shap_norm_sq': 1561.0472919215704, 'weighted_error': 1.0065859782867757, 'gamma': 0.34486050496192266, 'normalized_gamma': 0.00022}
{'sample_size': 800, 'difference': 0, 'noise': 0, 'n': 10, 'shap_error': 0.00029775863887981083, 'shap_norm_sq': 1561.0472919215704, 'weighted_error': 1.0008735103420692, 'gamma': 0.34486050496192266, 'normalized_gamma': 0.00022}
{'sample_size': 1600, 'difference': -576, 'noise': 0, 'n': 10, 'shap_error': 3.167821419606106e-13, 'shap_norm_sq': 1561.0472919215704, 'weighted_error': 0.999999999999394, 'gamma': 0.34486050496192266, 'normalized_gamma': 0.00022}
{'sample_size': 50, 'difference': 0, 'noise': 0, 'n': 10, 'shap_error': 0.18147302242263924, 'shap_norm_sq': 1452.5779138401558, 'weighted_error': 1.1018664579717163, 'gamma': 2.103528916346516, 'normalized_gamma': 0.0014}
{'sample_size': 100, 'difference': 0, 'noise': 0, 'n': 10, 'shap_error': 0.06501798636371635, 'shap_norm_sq': 1452.5779138401558, 'weighted_error': 1.0364968078977346, 'gamma': 2.103528916346516, 'normalized_gamma': 0.0014}
{'sample_size': 200, 'difference': 0, 'noise': 0, 'n': 10, 'shap_error': 0.027121468080646353, 'shap_norm_sq': 1452.5779138401558, 'weighted_error': 1.0152242197563692, 'gamma': 2.103528916346516, 'normalized_gamma': 0.0014}
{'sample_size': 400, 'difference': 0, 'noise': 0, 'n': 10, 'shap_error': 0.009192231560369015, 'shap_norm_sq': 1452.5779138401558, 'weighted_error': 1.0051599174854187, 'gamma': 2.103528916346516, 'normalized_gamma': 0.0014}
{'sample_size': 800, 'difference': 0, 'noise': 0, 'n': 10, 'shap_error': 0.0009400398811120551, 'shap_norm_sq': 1452.5779138401558, 'weighted_error': 1.000527672204349, 'gamma': 2.103528916346516, 'normalized_gamma': 0.0014}
{'sample_size': 1600, 'difference': -576, 'noise': 0, 'n': 10, 'shap_error': 1.0265450254030727e-12, 'shap_norm_sq': 1452.5779138401558, 'weighted_error': 0.9999999999994496, 'gamma': 2.103528916346516, 'normalized_gamma': 0.0014}
{'sample_size': 50, 'difference': 0, 'noise': 0, 'n': 10, 'shap_error': 0.2940952969184095, 'shap_norm_sq': 1359.2770915435656, 'weighted_error': 1.1496869071245066, 'gamma': 2.4665966134099984, 'normalized_gamma': 0.0018}
{'sample_size': 100, 'difference': 0, 'noise': 0, 'n': 10, 'shap_error': 0.08911745297345847, 'shap_norm_sq': 1359.2770915435656, 'weighted_error': 1.045358472771749, 'gamma': 2.4665966134099984, 'normalized_gamma': 0.0018}
{'sample_size': 200, 'difference': 0, 'noise': 0, 'n': 10, 'shap_error': 0.02776100669832619, 'shap_norm_sq': 1359.2770915435656, 'weighted_error': 1.0141296418754562, 'gamma': 2.4665966134099984, 'normalized_gamma': 0.0018}
{'sample_size': 400, 'difference': 0, 'noise': 0, 'n': 10, 'shap_error': 0.016726528800736853, 'shap_norm_sq': 1359.2770915435656, 'weighted_error': 1.0085133491709302, 'gamma': 2.4665966134099984, 'normalized_gamma': 0.0018}
{'sample_size': 800, 'difference': 0, 'noise': 0, 'n': 10, 'shap_error': 0.0004118141383471225, 'shap_norm_sq': 1359.2770915435656, 'weighted_error': 1.0002096002618115, 'gamma': 2.4665966134099984, 'normalized_gamma': 0.0018}
{'sample_size': 1600, 'difference': -576, 'noise': 0, 'n': 10, 'shap_error': 2.8705803268012e-13, 'shap_norm_sq': 1359.2770915435656, 'weighted_error': 0.9999999999998542, 'gamma': 2.4665966134099984, 'normalized_gamma': 0.0018}
{'sample_size': 50, 'difference': 0, 'noise': 0, 'n': 10, 'shap_error': 0.03546290627392541, 'shap_norm_sq': 7405.277724455589, 'weighted_error': 1.31309625555592, 'gamma': 0.11471173552378078, 'normalized_gamma': 1.5e-05}
{'sample_size': 100, 'difference': 0, 'noise': 0, 'n': 10, 'shap_error': 0.008970951945353167, 'shap_norm_sq': 7405.277724455589, 'weighted_error': 1.079203321364288, 'gamma': 0.11471173552378078, 'normalized_gamma': 1.5e-05}
{'sample_size': 200, 'difference': 0, 'noise': 0, 'n': 10, 'shap_error': 0.0020726819458244247, 'shap_norm_sq': 7405.277724455589, 'weighted_error': 1.0182993628868835, 'gamma': 0.11471173552378078, 'normalized_gamma': 1.5e-05}
{'sample_size': 400, 'difference': 0, 'noise': 0, 'n': 10, 'shap_error': 0.0008984344416106843, 'shap_norm_sq': 7405.277724455589, 'weighted_error': 1.0079321185123344, 'gamma': 0.11471173552378078, 'normalized_gamma': 1.5e-05}
{'sample_size': 800, 'difference': 0, 'noise': 0, 'n': 10, 'shap_error': 5.5035014287919213e-05, 'shap_norm_sq': 7405.277724455589, 'weighted_error': 1.0004858964733871, 'gamma': 0.11471173552378078, 'normalized_gamma': 1.5e-05}
{'sample_size': 1600, 'difference': -576, 'noise': 0, 'n': 10, 'shap_error': 5.461180504986589e-14, 'shap_norm_sq': 7405.277724455589, 'weighted_error': 0.99999999999952, 'gamma': 0.11471173552378078, 'normalized_gamma': 1.5e-05}
{'sample_size': 50, 'difference': 0, 'noise': 0, 'n': 10, 'shap_error': 0.20186675525864814, 'shap_norm_sq': 1116.2927736852766, 'weighted_error': 1.1764528805021035, 'gamma': 1.4486589189395196, 'normalized_gamma': 0.0013}
{'sample_size': 100, 'difference': 0, 'noise': 0, 'n': 10, 'shap_error': 0.07368109816777148, 'shap_norm_sq': 1116.2927736852766, 'weighted_error': 1.0644051500543235, 'gamma': 1.4486589189395196, 'normalized_gamma': 0.0013}
{'sample_size': 200, 'difference': 0, 'noise': 0, 'n': 10, 'shap_error': 0.03454493565568963, 'shap_norm_sq': 1116.2927736852766, 'weighted_error': 1.0301959760378467, 'gamma': 1.4486589189395196, 'normalized_gamma': 0.0013}
{'sample_size': 400, 'difference': 0, 'noise': 0, 'n': 10, 'shap_error': 0.015598798476702274, 'shap_norm_sq': 1116.2927736852766, 'weighted_error': 1.0136350799943668, 'gamma': 1.4486589189395196, 'normalized_gamma': 0.0013}
{'sample_size': 800, 'difference': 0, 'noise': 0, 'n': 10, 'shap_error': 0.0009462441106676795, 'shap_norm_sq': 1116.2927736852766, 'weighted_error': 1.0008271132768105, 'gamma': 1.4486589189395196, 'normalized_gamma': 0.0013}
{'sample_size': 1600, 'difference': -576, 'noise': 0, 'n': 10, 'shap_error': 5.619349795573719e-13, 'shap_norm_sq': 1116.2927736852766, 'weighted_error': 0.9999999999995556, 'gamma': 1.4486589189395196, 'normalized_gamma': 0.0013}
{'sample_size': 50, 'difference': 0, 'noise': 0, 'n': 10, 'shap_error': 0.154663875550088, 'shap_norm_sq': 9460.975067840034, 'weighted_error': 1.2177383246035571, 'gamma': 1.007608023273526, 'normalized_gamma': 0.00011}
{'sample_size': 100, 'difference': 0, 'noise': 0, 'n': 10, 'shap_error': 0.029049223800644317, 'shap_norm_sq': 9460.975067840034, 'weighted_error': 1.0408958410606781, 'gamma': 1.007608023273526, 'normalized_gamma': 0.00011}
{'sample_size': 200, 'difference': 0, 'noise': 0, 'n': 10, 'shap_error': 0.01249138539430381, 'shap_norm_sq': 9460.975067840034, 'weighted_error': 1.017585457286766, 'gamma': 1.007608023273526, 'normalized_gamma': 0.00011}
{'sample_size': 400, 'difference': 0, 'noise': 0, 'n': 10, 'shap_error': 0.004700616296294254, 'shap_norm_sq': 9460.975067840034, 'weighted_error': 1.0066176130244617, 'gamma': 1.007608023273526, 'normalized_gamma': 0.00011}
{'sample_size': 800, 'difference': 0, 'noise': 0, 'n': 10, 'shap_error': 0.0005351295157341731, 'shap_norm_sq': 9460.975067840034, 'weighted_error': 1.0007533996342068, 'gamma': 1.007608023273526, 'normalized_gamma': 0.00011}
{'sample_size': 1600, 'difference': -576, 'noise': 0, 'n': 10, 'shap_error': 8.287611000656782e-13, 'shap_norm_sq': 9460.975067840034, 'weighted_error': 0.999999999998855, 'gamma': 1.007608023273526, 'normalized_gamma': 0.00011}
{'sample_size': 50, 'difference': 0, 'noise': 0, 'n': 10, 'shap_error': 0.013929052452719644, 'shap_norm_sq': 13548.392622376921, 'weighted_error': 1.0904069348060383, 'gamma': 0.2000880052100752, 'normalized_gamma': 1.5e-05}
{'sample_size': 100, 'difference': 0, 'noise': 0, 'n': 10, 'shap_error': 0.0158997999899199, 'shap_norm_sq': 13548.392622376921, 'weighted_error': 1.1031979028574057, 'gamma': 0.2000880052100752, 'normalized_gamma': 1.5e-05}
{'sample_size': 200, 'difference': 0, 'noise': 0, 'n': 10, 'shap_error': 0.004979325729398436, 'shap_norm_sq': 13548.392622376921, 'weighted_error': 1.0323182274597715, 'gamma': 0.2000880052100752, 'normalized_gamma': 1.5e-05}
{'sample_size': 400, 'difference': 0, 'noise': 0, 'n': 10, 'shap_error': 0.0005670043383037464, 'shap_norm_sq': 13548.392622376921, 'weighted_error': 1.003680234884923, 'gamma': 0.2000880052100752, 'normalized_gamma': 1.5e-05}
{'sample_size': 800, 'difference': 0, 'noise': 0, 'n': 10, 'shap_error': 0.00014191201987727981, 'shap_norm_sq': 13548.392622376921, 'weighted_error': 1.0009211128278512, 'gamma': 0.2000880052100752, 'normalized_gamma': 1.5e-05}
{'sample_size': 1600, 'difference': -576, 'noise': 0, 'n': 10, 'shap_error': 3.854856711619257e-13, 'shap_norm_sq': 13548.392622376921, 'weighted_error': 0.999999999997989, 'gamma': 0.2000880052100752, 'normalized_gamma': 1.5e-05}
{'sample_size': 50, 'difference': 0, 'noise': 0, 'n': 10, 'shap_error': 0.14655716033786678, 'shap_norm_sq': 2790.232652766811, 'weighted_error': 1.2799584408241902, 'gamma': 0.8611974296966921, 'normalized_gamma': 0.00031}
{'sample_size': 100, 'difference': 0, 'noise': 0, 'n': 10, 'shap_error': 0.019084481675560552, 'shap_norm_sq': 2790.232652766811, 'weighted_error': 1.0364559318788311, 'gamma': 0.8611974296966921, 'normalized_gamma': 0.00031}
{'sample_size': 200, 'difference': 0, 'noise': 0, 'n': 10, 'shap_error': 0.007992685604952475, 'shap_norm_sq': 2790.232652766811, 'weighted_error': 1.0152679376025067, 'gamma': 0.8611974296966921, 'normalized_gamma': 0.00031}
{'sample_size': 400, 'difference': 0, 'noise': 0, 'n': 10, 'shap_error': 0.0017018764697957574, 'shap_norm_sq': 2790.232652766811, 'weighted_error': 1.0032509751604533, 'gamma': 0.8611974296966921, 'normalized_gamma': 0.00031}
{'sample_size': 800, 'difference': 0, 'noise': 0, 'n': 10, 'shap_error': 0.000759859582088171, 'shap_norm_sq': 2790.232652766811, 'weighted_error': 1.0014515173662126, 'gamma': 0.8611974296966921, 'normalized_gamma': 0.00031}
{'sample_size': 1600, 'difference': -576, 'noise': 0, 'n': 10, 'shap_error': 1.616406857659207e-13, 'shap_norm_sq': 2790.232652766811, 'weighted_error': 0.999999999999833, 'gamma': 0.8611974296966921, 'normalized_gamma': 0.00031}
{'sample_size': 50, 'difference': 0, 'noise': 0, 'n': 10, 'shap_error': 0.11303744676941575, 'shap_norm_sq': 4334.849858813591, 'weighted_error': 1.1142928862480914, 'gamma': 1.0357074559865371, 'normalized_gamma': 0.00024}
{'sample_size': 100, 'difference': 0, 'noise': 0, 'n': 10, 'shap_error': 0.01717544259625733, 'shap_norm_sq': 4334.849858813591, 'weighted_error': 1.0173662513664163, 'gamma': 1.0357074559865371, 'normalized_gamma': 0.00024}
{'sample_size': 200, 'difference': 0, 'noise': 0, 'n': 10, 'shap_error': 0.010211453576122994, 'shap_norm_sq': 4334.849858813591, 'weighted_error': 1.0103248791408073, 'gamma': 1.0357074559865371, 'normalized_gamma': 0.00024}
{'sample_size': 400, 'difference': 0, 'noise': 0, 'n': 10, 'shap_error': 0.0073059165137395465, 'shap_norm_sq': 4334.849858813591, 'weighted_error': 1.0073870421830322, 'gamma': 1.0357074559865371, 'normalized_gamma': 0.00024}
{'sample_size': 800, 'difference': 0, 'noise': 0, 'n': 10, 'shap_error': 0.0005321090803639537, 'shap_norm_sq': 4334.849858813591, 'weighted_error': 1.000538017647788, 'gamma': 1.0357074559865371, 'normalized_gamma': 0.00024}
{'sample_size': 1600, 'difference': -576, 'noise': 0, 'n': 10, 'shap_error': 9.936582023246845e-14, 'shap_norm_sq': 4334.849858813591, 'weighted_error': 0.9999999999999022, 'gamma': 1.0357074559865371, 'normalized_gamma': 0.00024}
{'sample_size': 50, 'difference': 0, 'noise': 0, 'n': 10, 'shap_error': 0.006957691335428603, 'shap_norm_sq': 5065.798902450615, 'weighted_error': 1.046115384215776, 'gamma': 0.16815153441918687, 'normalized_gamma': 3.3e-05}
{'sample_size': 100, 'difference': 0, 'noise': 0, 'n': 10, 'shap_error': 0.0074184221458748045, 'shap_norm_sq': 5065.798902450615, 'weighted_error': 1.0491685474391388, 'gamma': 0.16815153441918687, 'normalized_gamma': 3.3e-05}
{'sample_size': 200, 'difference': 0, 'noise': 0, 'n': 10, 'shap_error': 0.004578672318993988, 'shap_norm_sq': 5065.798902450615, 'weighted_error': 1.0303471401176403, 'gamma': 0.16815153441918687, 'normalized_gamma': 3.3e-05}
{'sample_size': 400, 'difference': 0, 'noise': 0, 'n': 10, 'shap_error': 0.0005877459417127454, 'shap_norm_sq': 5065.798902450615, 'weighted_error': 1.0038955265269038, 'gamma': 0.16815153441918687, 'normalized_gamma': 3.3e-05}
{'sample_size': 800, 'difference': 0, 'noise': 0, 'n': 10, 'shap_error': 8.675908375546957e-05, 'shap_norm_sq': 5065.798902450615, 'weighted_error': 1.0005750273025327, 'gamma': 0.16815153441918687, 'normalized_gamma': 3.3e-05}
{'sample_size': 1600, 'difference': -576, 'noise': 0, 'n': 10, 'shap_error': 1.8156590595887285e-13, 'shap_norm_sq': 5065.798902450615, 'weighted_error': 0.9999999999991213, 'gamma': 0.16815153441918687, 'normalized_gamma': 3.3e-05}
{'sample_size': 50, 'difference': 0, 'noise': 0, 'n': 10, 'shap_error': 0.05953500062303648, 'shap_norm_sq': 3116.9335182262957, 'weighted_error': 1.2288557823302018, 'gamma': 0.26182827395404307, 'normalized_gamma': 8.4e-05}
{'sample_size': 100, 'difference': 0, 'noise': 0, 'n': 10, 'shap_error': 0.024690424801026737, 'shap_norm_sq': 3116.9335182262957, 'weighted_error': 1.0949117691491845, 'gamma': 0.26182827395404307, 'normalized_gamma': 8.4e-05}
{'sample_size': 200, 'difference': 0, 'noise': 0, 'n': 10, 'shap_error': 0.015919375296505507, 'shap_norm_sq': 3116.9335182262957, 'weighted_error': 1.0611947726352946, 'gamma': 0.26182827395404307, 'normalized_gamma': 8.4e-05}
{'sample_size': 400, 'difference': 0, 'noise': 0, 'n': 10, 'shap_error': 0.001817770160140968, 'shap_norm_sq': 3116.9335182262957, 'weighted_error': 1.0069875629374345, 'gamma': 0.26182827395404307, 'normalized_gamma': 8.4e-05}
{'sample_size': 800, 'difference': 0, 'noise': 0, 'n': 10, 'shap_error': 0.0003038277426543725, 'shap_norm_sq': 3116.9335182262957, 'weighted_error': 1.001167922975624, 'gamma': 0.26182827395404307, 'normalized_gamma': 8.4e-05}
{'sample_size': 1600, 'difference': -576, 'noise': 0, 'n': 10, 'shap_error': 2.957054858238063e-13, 'shap_norm_sq': 3116.9335182262957, 'weighted_error': 0.9999999999989381, 'gamma': 0.26182827395404307, 'normalized_gamma': 8.4e-05}
{'sample_size': 50, 'difference': 0, 'noise': 0, 'n': 10, 'shap_error': 0.020937213083068257, 'shap_norm_sq': 2472.7796932497336, 'weighted_error': 1.1677277325853246, 'gamma': 0.12765712869872264, 'normalized_gamma': 5.2e-05}
{'sample_size': 100, 'difference': 0, 'noise': 0, 'n': 10, 'shap_error': 0.004660907579281554, 'shap_norm_sq': 2472.7796932497336, 'weighted_error': 1.037338462080607, 'gamma': 0.12765712869872264, 'normalized_gamma': 5.2e-05}
{'sample_size': 200, 'difference': 0, 'noise': 0, 'n': 10, 'shap_error': 0.003126659383590653, 'shap_norm_sq': 2472.7796932497336, 'weighted_error': 1.0250476770380228, 'gamma': 0.12765712869872264, 'normalized_gamma': 5.2e-05}
{'sample_size': 400, 'difference': 0, 'noise': 0, 'n': 10, 'shap_error': 0.0012546120055232134, 'shap_norm_sq': 2472.7796932497336, 'weighted_error': 1.0100509080571967, 'gamma': 0.12765712869872264, 'normalized_gamma': 5.2e-05}
{'sample_size': 800, 'difference': 0, 'noise': 0, 'n': 10, 'shap_error': 6.388675421017053e-05, 'shap_norm_sq': 2472.7796932497336, 'weighted_error': 1.00051178561358, 'gamma': 0.12765712869872264, 'normalized_gamma': 5.2e-05}
{'sample_size': 1600, 'difference': -576, 'noise': 0, 'n': 10, 'shap_error': 2.5167588854759597e-13, 'shap_norm_sq': 2472.7796932497336, 'weighted_error': 0.9999999999981174, 'gamma': 0.12765712869872264, 'normalized_gamma': 5.2e-05}
{'sample_size': 50, 'difference': 0, 'noise': 0, 'n': 10, 'shap_error': 0.022217893677418988, 'shap_norm_sq': 6786.000708778851, 'weighted_error': 1.1158305929188341, 'gamma': 0.31504920791016, 'normalized_gamma': 4.6e-05}
{'sample_size': 100, 'difference': 0, 'noise': 0, 'n': 10, 'shap_error': 0.02136998127077717, 'shap_norm_sq': 6786.000708778851, 'weighted_error': 1.111410284206623, 'gamma': 0.31504920791016, 'normalized_gamma': 4.6e-05}
{'sample_size': 200, 'difference': 0, 'noise': 0, 'n': 10, 'shap_error': 0.003922256358467113, 'shap_norm_sq': 6786.000708778851, 'weighted_error': 1.0204480000502887, 'gamma': 0.31504920791016, 'normalized_gamma': 4.6e-05}
{'sample_size': 400, 'difference': 0, 'noise': 0, 'n': 10, 'shap_error': 0.0011202181333476921, 'shap_norm_sq': 6786.000708778851, 'weighted_error': 1.005840189971115, 'gamma': 0.31504920791016, 'normalized_gamma': 4.6e-05}
{'sample_size': 800, 'difference': 0, 'noise': 0, 'n': 10, 'shap_error': 0.00012717365752630926, 'shap_norm_sq': 6786.000708778851, 'weighted_error': 1.000663023419599, 'gamma': 0.31504920791016, 'normalized_gamma': 4.6e-05}
{'sample_size': 1600, 'difference': -576, 'noise': 0, 'n': 10, 'shap_error': 1.0669103470524874e-12, 'shap_norm_sq': 6786.000708778851, 'weighted_error': 0.9999999999964261, 'gamma': 0.31504920791016, 'normalized_gamma': 4.6e-05}
{'sample_size': 50, 'difference': 0, 'noise': 0, 'n': 10, 'shap_error': 0.02849012664257148, 'shap_norm_sq': 4193.759329557548, 'weighted_error': 1.1311420035319824, 'gamma': 0.2261295153916923, 'normalized_gamma': 5.4e-05}
{'sample_size': 100, 'difference': 0, 'noise': 0, 'n': 10, 'shap_error': 0.004007474919841041, 'shap_norm_sq': 4193.759329557548, 'weighted_error': 1.0184467163858246, 'gamma': 0.2261295153916923, 'normalized_gamma': 5.4e-05}
{'sample_size': 200, 'difference': 0, 'noise': 0, 'n': 10, 'shap_error': 0.0023165447643002626, 'shap_norm_sq': 4193.759329557548, 'weighted_error': 1.0106631804122954, 'gamma': 0.2261295153916923, 'normalized_gamma': 5.4e-05}
{'sample_size': 400, 'difference': 0, 'noise': 0, 'n': 10, 'shap_error': 0.0014391135949497404, 'shap_norm_sq': 4193.759329557548, 'weighted_error': 1.0066242939360572, 'gamma': 0.2261295153916923, 'normalized_gamma': 5.4e-05}
{'sample_size': 800, 'difference': 0, 'noise': 0, 'n': 10, 'shap_error': 6.318412083755426e-05, 'shap_norm_sq': 4193.759329557548, 'weighted_error': 1.000290846238382, 'gamma': 0.2261295153916923, 'normalized_gamma': 5.4e-05}
{'sample_size': 1600, 'difference': -576, 'noise': 0, 'n': 10, 'shap_error': 7.810905561903234e-14, 'shap_norm_sq': 4193.759329557548, 'weighted_error': 0.9999999999996592, 'gamma': 0.2261295153916923, 'normalized_gamma': 5.4e-05}
{'sample_size': 50, 'difference': 0, 'noise': 0, 'n': 10, 'shap_error': 0.038130871227521755, 'shap_norm_sq': 3499.7067906751554, 'weighted_error': 1.305276828669525, 'gamma': 0.1301803278719225, 'normalized_gamma': 3.7e-05}
{'sample_size': 100, 'difference': 0, 'noise': 0, 'n': 10, 'shap_error': 0.010906127034282835, 'shap_norm_sq': 3499.7067906751554, 'weighted_error': 1.0873150285104562, 'gamma': 0.1301803278719225, 'normalized_gamma': 3.7e-05}
{'sample_size': 200, 'difference': 0, 'noise': 0, 'n': 10, 'shap_error': 0.0024097508133627287, 'shap_norm_sq': 3499.7067906751554, 'weighted_error': 1.0192924696369852, 'gamma': 0.1301803278719225, 'normalized_gamma': 3.7e-05}
{'sample_size': 400, 'difference': 0, 'noise': 0, 'n': 10, 'shap_error': 0.0014377654955023951, 'shap_norm_sq': 3499.7067906751554, 'weighted_error': 1.0115108476251256, 'gamma': 0.1301803278719225, 'normalized_gamma': 3.7e-05}
{'sample_size': 800, 'difference': 0, 'noise': 0, 'n': 10, 'shap_error': 0.00010884283639786499, 'shap_norm_sq': 3499.7067906751554, 'weighted_error': 1.0008713882702789, 'gamma': 0.1301803278719225, 'normalized_gamma': 3.7e-05}
{'sample_size': 1600, 'difference': -576, 'noise': 0, 'n': 10, 'shap_error': 2.1403979283313143e-13, 'shap_norm_sq': 3499.7067906751554, 'weighted_error': 0.9999999999983609, 'gamma': 0.1301803278719225, 'normalized_gamma': 3.7e-05}
{'sample_size': 50, 'difference': 0, 'noise': 0, 'n': 10, 'shap_error': 0.013203153588580494, 'shap_norm_sq': 4369.560758612868, 'weighted_error': 1.1431555636616473, 'gamma': 0.09373075646943627, 'normalized_gamma': 2.1e-05}
{'sample_size': 100, 'difference': 0, 'noise': 0, 'n': 10, 'shap_error': 0.0050086823000551305, 'shap_norm_sq': 4369.560758612868, 'weighted_error': 1.05430682718754, 'gamma': 0.09373075646943627, 'normalized_gamma': 2.1e-05}
{'sample_size': 200, 'difference': 0, 'noise': 0, 'n': 10, 'shap_error': 0.0030568533981321084, 'shap_norm_sq': 4369.560758612868, 'weighted_error': 1.0331439023851197, 'gamma': 0.09373075646943627, 'normalized_gamma': 2.1e-05}
{'sample_size': 400, 'difference': 0, 'noise': 0, 'n': 10, 'shap_error': 0.0007792732994479467, 'shap_norm_sq': 4369.560758612868, 'weighted_error': 1.0084493517346773, 'gamma': 0.09373075646943627, 'normalized_gamma': 2.1e-05}
{'sample_size': 800, 'difference': 0, 'noise': 0, 'n': 10, 'shap_error': 8.110021386828259e-05, 'shap_norm_sq': 4369.560758612868, 'weighted_error': 1.00087931241856, 'gamma': 0.09373075646943627, 'normalized_gamma': 2.1e-05}
{'sample_size': 1600, 'difference': -576, 'noise': 0, 'n': 10, 'shap_error': 3.094141203508155e-13, 'shap_norm_sq': 4369.560758612868, 'weighted_error': 0.999999999996881, 'gamma': 0.09373075646943627, 'normalized_gamma': 2.1e-05}
{'sample_size': 50, 'difference': 0, 'noise': 0, 'n': 10, 'shap_error': 0.024882010664571536, 'shap_norm_sq': 13548.392622376921, 'weighted_error': 1.1614968075779482, 'gamma': 0.2000880052100752, 'normalized_gamma': 1.5e-05}
{'sample_size': 100, 'difference': 0, 'noise': 0, 'n': 10, 'shap_error': 0.004454633739321535, 'shap_norm_sq': 13548.392622376921, 'weighted_error': 1.0289126829055664, 'gamma': 0.2000880052100752, 'normalized_gamma': 1.5e-05}
{'sample_size': 200, 'difference': 0, 'noise': 0, 'n': 10, 'shap_error': 0.004103833427428734, 'shap_norm_sq': 13548.392622376921, 'weighted_error': 1.0266361931784633, 'gamma': 0.2000880052100752, 'normalized_gamma': 1.5e-05}
{'sample_size': 400, 'difference': 0, 'noise': 0, 'n': 10, 'shap_error': 0.0013703703099022355, 'shap_norm_sq': 13548.392622376921, 'weighted_error': 1.0088943191500155, 'gamma': 0.2000880052100752, 'normalized_gamma': 1.5e-05}
{'sample_size': 800, 'difference': 0, 'noise': 0, 'n': 10, 'shap_error': 0.00016783167328933516, 'shap_norm_sq': 13548.392622376921, 'weighted_error': 1.0010892860614606, 'gamma': 0.2000880052100752, 'normalized_gamma': 1.5e-05}
{'sample_size': 1600, 'difference': -576, 'noise': 0, 'n': 10, 'shap_error': 3.8548567211800766e-13, 'shap_norm_sq': 13548.392622376921, 'weighted_error': 0.9999999999979888, 'gamma': 0.2000880052100752, 'normalized_gamma': 1.5e-05}
{'sample_size': 50, 'difference': 0, 'noise': 0, 'n': 10, 'shap_error': 0.09049831647306328, 'shap_norm_sq': 6909.991599162449, 'weighted_error': 1.4014234796557081, 'gamma': 0.44085027210381117, 'normalized_gamma': 6.4e-05}
{'sample_size': 100, 'difference': 0, 'noise': 0, 'n': 10, 'shap_error': 0.014717389814657636, 'shap_norm_sq': 6909.991599162449, 'weighted_error': 1.0652820679397217, 'gamma': 0.44085027210381117, 'normalized_gamma': 6.4e-05}
{'sample_size': 200, 'difference': 0, 'noise': 0, 'n': 10, 'shap_error': 0.009513735903854176, 'shap_norm_sq': 6909.991599162449, 'weighted_error': 1.0422002041892322, 'gamma': 0.44085027210381117, 'normalized_gamma': 6.4e-05}
{'sample_size': 400, 'difference': 0, 'noise': 0, 'n': 10, 'shap_error': 0.0006027537558409041, 'shap_norm_sq': 6909.991599162449, 'weighted_error': 1.0026736499396594, 'gamma': 0.44085027210381117, 'normalized_gamma': 6.4e-05}
{'sample_size': 800, 'difference': 0, 'noise': 0, 'n': 10, 'shap_error': 0.00014745040708255346, 'shap_norm_sq': 6909.991599162449, 'weighted_error': 1.0006540387106637, 'gamma': 0.44085027210381117, 'normalized_gamma': 6.4e-05}
{'sample_size': 1600, 'difference': -576, 'noise': 0, 'n': 10, 'shap_error': 6.320010798456456e-13, 'shap_norm_sq': 6909.991599162449, 'weighted_error': 0.9999999999981654, 'gamma': 0.44085027210381117, 'normalized_gamma': 6.4e-05}
{'sample_size': 50, 'difference': 0, 'noise': 0, 'n': 10, 'shap_error': 0.01689321998931265, 'shap_norm_sq': 4797.868769937228, 'weighted_error': 1.2476087357983916, 'gamma': 0.08173389715526896, 'normalized_gamma': 1.7e-05}
{'sample_size': 100, 'difference': 0, 'noise': 0, 'n': 10, 'shap_error': 0.0024137063468781003, 'shap_norm_sq': 4797.868769937228, 'weighted_error': 1.035378352370113, 'gamma': 0.08173389715526896, 'normalized_gamma': 1.7e-05}
{'sample_size': 200, 'difference': 0, 'noise': 0, 'n': 10, 'shap_error': 0.0013503591244641874, 'shap_norm_sq': 4797.868769937228, 'weighted_error': 1.0197926473362757, 'gamma': 0.08173389715526896, 'normalized_gamma': 1.7e-05}
{'sample_size': 400, 'difference': 0, 'noise': 0, 'n': 10, 'shap_error': 0.00021809137761873216, 'shap_norm_sq': 4797.868769937228, 'weighted_error': 1.0031967025018425, 'gamma': 0.08173389715526896, 'normalized_gamma': 1.7e-05}
{'sample_size': 800, 'difference': 0, 'noise': 0, 'n': 10, 'shap_error': 4.255824939842822e-05, 'shap_norm_sq': 4797.868769937228, 'weighted_error': 1.0006237173076111, 'gamma': 0.08173389715526896, 'normalized_gamma': 1.7e-05}
{'sample_size': 1600, 'difference': -576, 'noise': 0, 'n': 10, 'shap_error': 4.792325988486917e-13, 'shap_norm_sq': 4797.868769937228, 'weighted_error': 0.9999999999929844, 'gamma': 0.08173389715526896, 'normalized_gamma': 1.7e-05}
{'sample_size': 50, 'difference': 0, 'noise': 0, 'n': 10, 'shap_error': 0.010774673975554669, 'shap_norm_sq': 1908.3168387587407, 'weighted_error': 1.0714863980996814, 'gamma': 0.16093946003712173, 'normalized_gamma': 8.4e-05}
{'sample_size': 100, 'difference': 0, 'noise': 0, 'n': 10, 'shap_error': 0.007804030232722852, 'shap_norm_sq': 1908.3168387587407, 'weighted_error': 1.0517770598993803, 'gamma': 0.16093946003712173, 'normalized_gamma': 8.4e-05}
{'sample_size': 200, 'difference': 0, 'noise': 0, 'n': 10, 'shap_error': 0.008529793905524122, 'shap_norm_sq': 1908.3168387587407, 'weighted_error': 1.0565921640587066, 'gamma': 0.16093946003712173, 'normalized_gamma': 8.4e-05}
{'sample_size': 400, 'difference': 0, 'noise': 0, 'n': 10, 'shap_error': 0.0007427093859437758, 'shap_norm_sq': 1908.3168387587407, 'weighted_error': 1.0049276462415158, 'gamma': 0.16093946003712173, 'normalized_gamma': 8.4e-05}
{'sample_size': 800, 'difference': 0, 'noise': 0, 'n': 10, 'shap_error': 5.972730486019791e-05, 'shap_norm_sq': 1908.3168387587407, 'weighted_error': 1.0003962655345742, 'gamma': 0.16093946003712173, 'normalized_gamma': 8.4e-05}
{'sample_size': 1600, 'difference': -576, 'noise': 0, 'n': 10, 'shap_error': 2.0741483915665388e-13, 'shap_norm_sq': 1908.3168387587407, 'weighted_error': 0.999999999998888, 'gamma': 0.16093946003712173, 'normalized_gamma': 8.4e-05}
{'sample_size': 50, 'difference': 0, 'noise': 0, 'n': 10, 'shap_error': 0.08090284964550007, 'shap_norm_sq': 2636.732584970696, 'weighted_error': 1.17977242192524, 'gamma': 0.46479299574068045, 'normalized_gamma': 0.00018}
{'sample_size': 100, 'difference': 0, 'noise': 0, 'n': 10, 'shap_error': 0.03984814830157419, 'shap_norm_sq': 2636.732584970696, 'weighted_error': 1.0885455311682812, 'gamma': 0.46479299574068045, 'normalized_gamma': 0.00018}
{'sample_size': 200, 'difference': 0, 'noise': 0, 'n': 10, 'shap_error': 0.009899713190740842, 'shap_norm_sq': 2636.732584970696, 'weighted_error': 1.021997828637354, 'gamma': 0.46479299574068045, 'normalized_gamma': 0.00018}
{'sample_size': 400, 'difference': 0, 'noise': 0, 'n': 10, 'shap_error': 0.002413667079922678, 'shap_norm_sq': 2636.732584970696, 'weighted_error': 1.0053633915760103, 'gamma': 0.46479299574068045, 'normalized_gamma': 0.00018}
{'sample_size': 800, 'difference': 0, 'noise': 0, 'n': 10, 'shap_error': 0.00020176898189361078, 'shap_norm_sq': 2636.732584970696, 'weighted_error': 1.0004483470222552, 'gamma': 0.46479299574068045, 'normalized_gamma': 0.00018}
{'sample_size': 1600, 'difference': -576, 'noise': 0, 'n': 10, 'shap_error': 1.5144913337952017e-13, 'shap_norm_sq': 2636.732584970696, 'weighted_error': 0.9999999999997006, 'gamma': 0.46479299574068045, 'normalized_gamma': 0.00018}
{'sample_size': 50, 'difference': 0, 'noise': 0, 'n': 10, 'shap_error': 0.02742184972545329, 'shap_norm_sq': 13667.029574185424, 'weighted_error': 1.3372214820023938, 'gamma': 0.13315101227361809, 'normalized_gamma': 9.7e-06}
{'sample_size': 100, 'difference': 0, 'noise': 0, 'n': 10, 'shap_error': 0.005282613766871459, 'shap_norm_sq': 13667.029574185424, 'weighted_error': 1.0649635408291598, 'gamma': 0.13315101227361809, 'normalized_gamma': 9.7e-06}
{'sample_size': 200, 'difference': 0, 'noise': 0, 'n': 10, 'shap_error': 0.0036876788749179057, 'shap_norm_sq': 13667.029574185424, 'weighted_error': 1.045348950623189, 'gamma': 0.13315101227361809, 'normalized_gamma': 9.7e-06}
{'sample_size': 400, 'difference': 0, 'noise': 0, 'n': 10, 'shap_error': 0.0005007177188736658, 'shap_norm_sq': 13667.029574185424, 'weighted_error': 1.006157460446867, 'gamma': 0.13315101227361809, 'normalized_gamma': 9.7e-06}
{'sample_size': 800, 'difference': 0, 'noise': 0, 'n': 10, 'shap_error': 3.545770414450686e-05, 'shap_norm_sq': 13667.029574185424, 'weighted_error': 1.0004360331458777, 'gamma': 0.13315101227361809, 'normalized_gamma': 9.7e-06}
{'sample_size': 1600, 'difference': -576, 'noise': 0, 'n': 10, 'shap_error': 5.056961712421597e-13, 'shap_norm_sq': 13667.029574185424, 'weighted_error': 0.9999999999951842, 'gamma': 0.13315101227361809, 'normalized_gamma': 9.7e-06}
{'sample_size': 50, 'difference': 0, 'noise': 0, 'n': 10, 'shap_error': 0.10197613493247511, 'shap_norm_sq': 5630.918473901729, 'weighted_error': 1.2720659271457142, 'gamma': 0.3843087698274423, 'normalized_gamma': 6.8e-05}
{'sample_size': 100, 'difference': 0, 'noise': 0, 'n': 10, 'shap_error': 0.015079543372391093, 'shap_norm_sq': 5630.918473901729, 'weighted_error': 1.040231274736747, 'gamma': 0.3843087698274423, 'normalized_gamma': 6.8e-05}
{'sample_size': 200, 'difference': 0, 'noise': 0, 'n': 10, 'shap_error': 0.011326905623845682, 'shap_norm_sq': 5630.918473901729, 'weighted_error': 1.0302194572444037, 'gamma': 0.3843087698274423, 'normalized_gamma': 6.8e-05}
{'sample_size': 400, 'difference': 0, 'noise': 0, 'n': 10, 'shap_error': 0.001360001608192889, 'shap_norm_sq': 5630.918473901729, 'weighted_error': 1.0036283703299806, 'gamma': 0.3843087698274423, 'normalized_gamma': 6.8e-05}
{'sample_size': 800, 'difference': 0, 'noise': 0, 'n': 10, 'shap_error': 0.000249217879154627, 'shap_norm_sq': 5630.918473901729, 'weighted_error': 1.0006648920243726, 'gamma': 0.3843087698274423, 'normalized_gamma': 6.8e-05}
{'sample_size': 1600, 'difference': -576, 'noise': 0, 'n': 10, 'shap_error': 8.388356860357408e-14, 'shap_norm_sq': 5630.918473901729, 'weighted_error': 0.9999999999997999, 'gamma': 0.3843087698274423, 'normalized_gamma': 6.8e-05}
{'sample_size': 50, 'difference': 0, 'noise': 0, 'n': 10, 'shap_error': 0.00314490018402974, 'shap_norm_sq': 2295.0218898427806, 'weighted_error': 1.1593685646287397, 'gamma': 0.02103349880257591, 'normalized_gamma': 9.2e-06}
{'sample_size': 100, 'difference': 0, 'noise': 0, 'n': 10, 'shap_error': 0.0018584787991483183, 'shap_norm_sq': 2295.0218898427806, 'weighted_error': 1.094178941251586, 'gamma': 0.02103349880257591, 'normalized_gamma': 9.2e-06}
{'sample_size': 200, 'difference': 0, 'noise': 0, 'n': 10, 'shap_error': 0.00019349257363665564, 'shap_norm_sq': 2295.0218898427806, 'weighted_error': 1.0098052563666198, 'gamma': 0.02103349880257591, 'normalized_gamma': 9.2e-06}
{'sample_size': 400, 'difference': 0, 'noise': 0, 'n': 10, 'shap_error': 0.0001521285398299355, 'shap_norm_sq': 2295.0218898427806, 'weighted_error': 1.0077090157407047, 'gamma': 0.02103349880257591, 'normalized_gamma': 9.2e-06}
{'sample_size': 800, 'difference': 0, 'noise': 0, 'n': 10, 'shap_error': 6.959351701282114e-06, 'shap_norm_sq': 2295.0218898427806, 'weighted_error': 1.000352658565972, 'gamma': 0.02103349880257591, 'normalized_gamma': 9.2e-06}
{'sample_size': 1600, 'difference': -576, 'noise': 0, 'n': 10, 'shap_error': 4.5496365673492964e-14, 'shap_norm_sq': 2295.0218898427806, 'weighted_error': 0.99999999999777, 'gamma': 0.02103349880257591, 'normalized_gamma': 9.2e-06}
{'sample_size': 50, 'difference': 0, 'noise': 0, 'n': 10, 'shap_error': 0.11999803899551977, 'shap_norm_sq': 1116.2927736852766, 'weighted_error': 1.1048911076648624, 'gamma': 1.4486589189395196, 'normalized_gamma': 0.0013}
{'sample_size': 100, 'difference': 0, 'noise': 0, 'n': 10, 'shap_error': 0.12041537314889385, 'shap_norm_sq': 1116.2927736852766, 'weighted_error': 1.1052558285300371, 'gamma': 1.4486589189395196, 'normalized_gamma': 0.0013}
{'sample_size': 200, 'difference': 0, 'noise': 0, 'n': 10, 'shap_error': 0.03265234251686277, 'shap_norm_sq': 1116.2927736852766, 'weighted_error': 1.0285415727376401, 'gamma': 1.4486589189395196, 'normalized_gamma': 0.0013}
{'sample_size': 400, 'difference': 0, 'noise': 0, 'n': 10, 'shap_error': 0.015168890193440143, 'shap_norm_sq': 1116.2927736852766, 'weighted_error': 1.0132592203924335, 'gamma': 1.4486589189395196, 'normalized_gamma': 0.0013}
{'sample_size': 800, 'difference': 0, 'noise': 0, 'n': 10, 'shap_error': 0.0017086283238584262, 'shap_norm_sq': 1116.2927736852766, 'weighted_error': 1.0014935452168774, 'gamma': 1.4486589189395196, 'normalized_gamma': 0.0013}
{'sample_size': 1600, 'difference': -576, 'noise': 0, 'n': 10, 'shap_error': 5.619349786595286e-13, 'shap_norm_sq': 1116.2927736852766, 'weighted_error': 0.9999999999995554, 'gamma': 1.4486589189395196, 'normalized_gamma': 0.0013}
{'sample_size': 50, 'difference': 0, 'noise': 0, 'n': 10, 'shap_error': 0.03787069204036664, 'shap_norm_sq': 8224.455711031445, 'weighted_error': 1.0701206626622755, 'gamma': 0.8196519345642875, 'normalized_gamma': 0.0001}
{'sample_size': 100, 'difference': 0, 'noise': 0, 'n': 10, 'shap_error': 0.010054871260659544, 'shap_norm_sq': 8224.455711031445, 'weighted_error': 1.0186174191705375, 'gamma': 0.8196519345642875, 'normalized_gamma': 0.0001}
{'sample_size': 200, 'difference': 0, 'noise': 0, 'n': 10, 'shap_error': 0.007572321996657584, 'shap_norm_sq': 8224.455711031445, 'weighted_error': 1.0140207914693835, 'gamma': 0.8196519345642875, 'normalized_gamma': 0.0001}
{'sample_size': 400, 'difference': 0, 'noise': 0, 'n': 10, 'shap_error': 0.0024507319124840144, 'shap_norm_sq': 8224.455711031445, 'weighted_error': 1.0045377211063173, 'gamma': 0.8196519345642875, 'normalized_gamma': 0.0001}
{'sample_size': 800, 'difference': 0, 'noise': 0, 'n': 10, 'shap_error': 0.0005155428047209712, 'shap_norm_sq': 8224.455711031445, 'weighted_error': 1.0009545813146707, 'gamma': 0.8196519345642875, 'normalized_gamma': 0.0001}
{'sample_size': 1600, 'difference': -576, 'noise': 0, 'n': 10, 'shap_error': 2.2936105764836286e-13, 'shap_norm_sq': 8224.455711031445, 'weighted_error': 0.9999999999997492, 'gamma': 0.8196519345642875, 'normalized_gamma': 0.0001}
{'sample_size': 50, 'difference': 0, 'noise': 0, 'n': 10, 'shap_error': 0.03263106994308893, 'shap_norm_sq': 3860.3415354347426, 'weighted_error': 1.1934311986208643, 'gamma': 0.18788590859556314, 'normalized_gamma': 4.9e-05}
{'sample_size': 100, 'difference': 0, 'noise': 0, 'n': 10, 'shap_error': 0.009777116744119609, 'shap_norm_sq': 3860.3415354347426, 'weighted_error': 1.057956917179119, 'gamma': 0.18788590859556314, 'normalized_gamma': 4.9e-05}
{'sample_size': 200, 'difference': 0, 'noise': 0, 'n': 10, 'shap_error': 0.005238940859079955, 'shap_norm_sq': 3860.3415354347426, 'weighted_error': 1.0310557983669748, 'gamma': 0.18788590859556314, 'normalized_gamma': 4.9e-05}
{'sample_size': 400, 'difference': 0, 'noise': 0, 'n': 10, 'shap_error': 0.00066317769499432, 'shap_norm_sq': 3860.3415354347426, 'weighted_error': 1.0039312002924794, 'gamma': 0.18788590859556314, 'normalized_gamma': 4.9e-05}
{'sample_size': 800, 'difference': 0, 'noise': 0, 'n': 10, 'shap_error': 7.645168551689846e-05, 'shap_norm_sq': 3860.3415354347426, 'weighted_error': 1.000453205198324, 'gamma': 0.18788590859556314, 'normalized_gamma': 4.9e-05}
{'sample_size': 1600, 'difference': -576, 'noise': 0, 'n': 10, 'shap_error': 3.4861873888428626e-13, 'shap_norm_sq': 3860.3415354347426, 'weighted_error': 0.9999999999980116, 'gamma': 0.18788590859556314, 'normalized_gamma': 4.9e-05}
{'sample_size': 50, 'difference': 0, 'noise': 0, 'n': 10, 'shap_error': 0.08137315326766258, 'shap_norm_sq': 4871.617330869325, 'weighted_error': 1.199907402654999, 'gamma': 0.6312946286858809, 'normalized_gamma': 0.00013}
{'sample_size': 100, 'difference': 0, 'noise': 0, 'n': 10, 'shap_error': 0.020581954283418986, 'shap_norm_sq': 4871.617330869325, 'weighted_error': 1.050563219303856, 'gamma': 0.6312946286858809, 'normalized_gamma': 0.00013}
{'sample_size': 200, 'difference': 0, 'noise': 0, 'n': 10, 'shap_error': 0.0060323746645404635, 'shap_norm_sq': 4871.617330869325, 'weighted_error': 1.0148195500925168, 'gamma': 0.6312946286858809, 'normalized_gamma': 0.00013}
{'sample_size': 400, 'difference': 0, 'noise': 0, 'n': 10, 'shap_error': 0.0019344672054668612, 'shap_norm_sq': 4871.617330869325, 'weighted_error': 1.0047523267218628, 'gamma': 0.6312946286858809, 'normalized_gamma': 0.00013}
{'sample_size': 800, 'difference': 0, 'noise': 0, 'n': 10, 'shap_error': 0.00021230602344165644, 'shap_norm_sq': 4871.617330869325, 'weighted_error': 1.0005215856718632, 'gamma': 0.6312946286858809, 'normalized_gamma': 0.00013}
{'sample_size': 1600, 'difference': -576, 'noise': 0, 'n': 10, 'shap_error': 4.1810751776192186e-13, 'shap_norm_sq': 4871.617330869325, 'weighted_error': 0.9999999999991573, 'gamma': 0.6312946286858809, 'normalized_gamma': 0.00013}
{'sample_size': 50, 'difference': 0, 'noise': 0, 'n': 10, 'shap_error': 0.013608829693346224, 'shap_norm_sq': 4842.55851147648, 'weighted_error': 1.0644151705669487, 'gamma': 0.24066498313459525, 'normalized_gamma': 5e-05}
{'sample_size': 100, 'difference': 0, 'noise': 0, 'n': 10, 'shap_error': 0.005991414559400658, 'shap_norm_sq': 4842.55851147648, 'weighted_error': 1.0283592061323108, 'gamma': 0.24066498313459525, 'normalized_gamma': 5e-05}
{'sample_size': 200, 'difference': 0, 'noise': 0, 'n': 10, 'shap_error': 0.0024130811905992795, 'shap_norm_sq': 4842.55851147648, 'weighted_error': 1.0114218468313643, 'gamma': 0.24066498313459525, 'normalized_gamma': 5e-05}
{'sample_size': 400, 'difference': 0, 'noise': 0, 'n': 10, 'shap_error': 0.000588853776454407, 'shap_norm_sq': 4842.55851147648, 'weighted_error': 1.0027872297978249, 'gamma': 0.24066498313459525, 'normalized_gamma': 5e-05}
{'sample_size': 800, 'difference': 0, 'noise': 0, 'n': 10, 'shap_error': 9.713218802102592e-05, 'shap_norm_sq': 4842.55851147648, 'weighted_error': 1.0004597557296881, 'gamma': 0.24066498313459525, 'normalized_gamma': 5e-05}
{'sample_size': 1600, 'difference': -576, 'noise': 0, 'n': 10, 'shap_error': 2.4778717344549855e-13, 'shap_norm_sq': 4842.55851147648, 'weighted_error': 0.9999999999988881, 'gamma': 0.24066498313459525, 'normalized_gamma': 5e-05}
{'sample_size': 50, 'difference': 0, 'noise': 0, 'n': 10, 'shap_error': 0.17172724076423979, 'shap_norm_sq': 4043.3613206340856, 'weighted_error': 1.344235769867793, 'gamma': 0.7901339042976554, 'normalized_gamma': 0.0002}
{'sample_size': 100, 'difference': 0, 'noise': 0, 'n': 10, 'shap_error': 0.03826736205517449, 'shap_norm_sq': 4043.3613206340856, 'weighted_error': 1.0767086714968959, 'gamma': 0.7901339042976554, 'normalized_gamma': 0.0002}
{'sample_size': 200, 'difference': 0, 'noise': 0, 'n': 10, 'shap_error': 0.008023125449010677, 'shap_norm_sq': 4043.3613206340856, 'weighted_error': 1.0160828593297768, 'gamma': 0.7901339042976554, 'normalized_gamma': 0.0002}
{'sample_size': 400, 'difference': 0, 'noise': 0, 'n': 10, 'shap_error': 0.0011265145669108094, 'shap_norm_sq': 4043.3613206340856, 'weighted_error': 1.002258120461426, 'gamma': 0.7901339042976554, 'normalized_gamma': 0.0002}
{'sample_size': 800, 'difference': 0, 'noise': 0, 'n': 10, 'shap_error': 0.00039229679989449985, 'shap_norm_sq': 4043.3613206340856, 'weighted_error': 1.0007863595246094, 'gamma': 0.7901339042976554, 'normalized_gamma': 0.0002}
{'sample_size': 1600, 'difference': -576, 'noise': 0, 'n': 10, 'shap_error': 3.3999817754003783e-13, 'shap_norm_sq': 4043.3613206340856, 'weighted_error': 0.9999999999993693, 'gamma': 0.7901339042976554, 'normalized_gamma': 0.0002}
{'sample_size': 50, 'difference': 0, 'noise': 0, 'n': 10, 'shap_error': 0.01393770133437526, 'shap_norm_sq': 2349.0511889157706, 'weighted_error': 1.0586227774927777, 'gamma': 0.2429975102922559, 'normalized_gamma': 0.0001}
{'sample_size': 100, 'difference': 0, 'noise': 0, 'n': 10, 'shap_error': 0.012230329905182294, 'shap_norm_sq': 2349.0511889157706, 'weighted_error': 1.0514414983693043, 'gamma': 0.2429975102922559, 'normalized_gamma': 0.0001}
{'sample_size': 200, 'difference': 0, 'noise': 0, 'n': 10, 'shap_error': 0.006602094466393835, 'shap_norm_sq': 2349.0511889157706, 'weighted_error': 1.0277688705419883, 'gamma': 0.2429975102922559, 'normalized_gamma': 0.0001}
{'sample_size': 400, 'difference': 0, 'noise': 0, 'n': 10, 'shap_error': 0.0020987185295626575, 'shap_norm_sq': 2349.0511889157706, 'weighted_error': 1.0088272567861358, 'gamma': 0.2429975102922559, 'normalized_gamma': 0.0001}
{'sample_size': 800, 'difference': 0, 'noise': 0, 'n': 10, 'shap_error': 0.00014683071806033843, 'shap_norm_sq': 2349.0511889157706, 'weighted_error': 1.0006175952399377, 'gamma': 0.2429975102922559, 'normalized_gamma': 0.0001}
{'sample_size': 1600, 'difference': -576, 'noise': 0, 'n': 10, 'shap_error': 1.0631431157459685e-13, 'shap_norm_sq': 2349.0511889157706, 'weighted_error': 0.9999999999996076, 'gamma': 0.2429975102922559, 'normalized_gamma': 0.0001}
{'sample_size': 50, 'difference': 0, 'noise': 0, 'n': 10, 'shap_error': 0.011749393758389346, 'shap_norm_sq': 970.0181938868183, 'weighted_error': 1.0400807436734658, 'gamma': 0.34984396463938827, 'normalized_gamma': 0.00036}
{'sample_size': 100, 'difference': 0, 'noise': 0, 'n': 10, 'shap_error': 0.028531719438960854, 'shap_norm_sq': 970.0181938868183, 'weighted_error': 1.0973303306003004, 'gamma': 0.34984396463938827, 'normalized_gamma': 0.00036}
{'sample_size': 200, 'difference': 0, 'noise': 0, 'n': 10, 'shap_error': 0.010166249876853587, 'shap_norm_sq': 970.0181938868183, 'weighted_error': 1.034679971076296, 'gamma': 0.34984396463938827, 'normalized_gamma': 0.00036}
{'sample_size': 400, 'difference': 0, 'noise': 0, 'n': 10, 'shap_error': 0.001743560808812239, 'shap_norm_sq': 970.0181938868183, 'weighted_error': 1.0059477757777142, 'gamma': 0.34984396463938827, 'normalized_gamma': 0.00036}
{'sample_size': 800, 'difference': 0, 'noise': 0, 'n': 10, 'shap_error': 0.00013714295505557538, 'shap_norm_sq': 970.0181938868183, 'weighted_error': 1.0004678177720756, 'gamma': 0.34984396463938827, 'normalized_gamma': 0.00036}
{'sample_size': 1600, 'difference': -576, 'noise': 0, 'n': 10, 'shap_error': 1.9774141424356002e-13, 'shap_norm_sq': 970.0181938868183, 'weighted_error': 0.9999999999993259, 'gamma': 0.34984396463938827, 'normalized_gamma': 0.00036}
{'sample_size': 50, 'difference': 0, 'noise': 0, 'n': 10, 'shap_error': 0.24355697153492933, 'shap_norm_sq': 4687.152116179855, 'weighted_error': 1.4333491984158826, 'gamma': 0.8287551786441039, 'normalized_gamma': 0.00018}
{'sample_size': 100, 'difference': 0, 'noise': 0, 'n': 10, 'shap_error': 0.018715585359056514, 'shap_norm_sq': 4687.152116179855, 'weighted_error': 1.0332996591939463, 'gamma': 0.8287551786441039, 'normalized_gamma': 0.00018}
{'sample_size': 200, 'difference': 0, 'noise': 0, 'n': 10, 'shap_error': 0.020467321656808538, 'shap_norm_sq': 4687.152116179855, 'weighted_error': 1.0364165121021551, 'gamma': 0.8287551786441039, 'normalized_gamma': 0.00018}
{'sample_size': 400, 'difference': 0, 'noise': 0, 'n': 10, 'shap_error': 0.0070564453501145525, 'shap_norm_sq': 4687.152116179855, 'weighted_error': 1.012555211174656, 'gamma': 0.8287551786441039, 'normalized_gamma': 0.00018}
{'sample_size': 800, 'difference': 0, 'noise': 0, 'n': 10, 'shap_error': 0.0006385907650549653, 'shap_norm_sq': 4687.152116179855, 'weighted_error': 1.0011361792861602, 'gamma': 0.8287551786441039, 'normalized_gamma': 0.00018}
{'sample_size': 1600, 'difference': -576, 'noise': 0, 'n': 10, 'shap_error': 5.361639240868083e-13, 'shap_norm_sq': 4687.152116179855, 'weighted_error': 0.9999999999990683, 'gamma': 0.8287551786441039, 'normalized_gamma': 0.00018}
{'sample_size': 50, 'difference': 0, 'noise': 0, 'n': 10, 'shap_error': 0.10085332559322102, 'shap_norm_sq': 3706.3025675076674, 'weighted_error': 1.269841572596808, 'gamma': 0.7777344628946675, 'normalized_gamma': 0.00021}
{'sample_size': 100, 'difference': 0, 'noise': 0, 'n': 10, 'shap_error': 0.015100982763428599, 'shap_norm_sq': 3706.3025675076674, 'weighted_error': 1.040403848815246, 'gamma': 0.7777344628946675, 'normalized_gamma': 0.00021}
{'sample_size': 200, 'difference': 0, 'noise': 0, 'n': 10, 'shap_error': 0.0049414076412265, 'shap_norm_sq': 3706.3025675076674, 'weighted_error': 1.0132212272252257, 'gamma': 0.7777344628946675, 'normalized_gamma': 0.00021}
{'sample_size': 400, 'difference': 0, 'noise': 0, 'n': 10, 'shap_error': 0.0038364944345392195, 'shap_norm_sq': 3706.3025675076674, 'weighted_error': 1.0102649258217213, 'gamma': 0.7777344628946675, 'normalized_gamma': 0.00021}
{'sample_size': 800, 'difference': 0, 'noise': 0, 'n': 10, 'shap_error': 0.0001838669450963707, 'shap_norm_sq': 3706.3025675076674, 'weighted_error': 1.0004919379589294, 'gamma': 0.7777344628946675, 'normalized_gamma': 0.00021}
{'sample_size': 1600, 'difference': -576, 'noise': 0, 'n': 10, 'shap_error': 2.6447871025000907e-13, 'shap_norm_sq': 3706.3025675076674, 'weighted_error': 0.9999999999994496, 'gamma': 0.7777344628946675, 'normalized_gamma': 0.00021}
{'sample_size': 50, 'difference': 0, 'noise': 0, 'n': 10, 'shap_error': 0.006234506167140907, 'shap_norm_sq': 2398.051082028523, 'weighted_error': 1.0810044807712418, 'gamma': 0.08158148251264348, 'normalized_gamma': 3.4e-05}
{'sample_size': 100, 'difference': 0, 'noise': 0, 'n': 10, 'shap_error': 0.004017182917000162, 'shap_norm_sq': 2398.051082028523, 'weighted_error': 1.0521946596746796, 'gamma': 0.08158148251264348, 'normalized_gamma': 3.4e-05}
{'sample_size': 200, 'difference': 0, 'noise': 0, 'n': 10, 'shap_error': 0.0027019204611200736, 'shap_norm_sq': 2398.051082028523, 'weighted_error': 1.035105619542081, 'gamma': 0.08158148251264348, 'normalized_gamma': 3.4e-05}
{'sample_size': 400, 'difference': 0, 'noise': 0, 'n': 10, 'shap_error': 0.0005421554455863445, 'shap_norm_sq': 2398.051082028523, 'weighted_error': 1.0070441837080057, 'gamma': 0.08158148251264348, 'normalized_gamma': 3.4e-05}
{'sample_size': 800, 'difference': 0, 'noise': 0, 'n': 10, 'shap_error': 5.1217128116791516e-05, 'shap_norm_sq': 2398.051082028523, 'weighted_error': 1.0006654388577008, 'gamma': 0.08158148251264348, 'normalized_gamma': 3.4e-05}
{'sample_size': 1600, 'difference': -576, 'noise': 0, 'n': 10, 'shap_error': 8.852783829460523e-14, 'shap_norm_sq': 2398.051082028523, 'weighted_error': 0.9999999999989859, 'gamma': 0.08158148251264348, 'normalized_gamma': 3.4e-05}
{'sample_size': 50, 'difference': 0, 'noise': 0, 'n': 10, 'shap_error': 0.43061910702329687, 'shap_norm_sq': 2179.4156800892933, 'weighted_error': 1.2782836266947817, 'gamma': 2.223430283115546, 'normalized_gamma': 0.001}
{'sample_size': 100, 'difference': 0, 'noise': 0, 'n': 10, 'shap_error': 0.0884125673213983, 'shap_norm_sq': 2179.4156800892933, 'weighted_error': 1.057135679171969, 'gamma': 2.223430283115546, 'normalized_gamma': 0.001}
{'sample_size': 200, 'difference': 0, 'noise': 0, 'n': 10, 'shap_error': 0.039782792802410816, 'shap_norm_sq': 2179.4156800892933, 'weighted_error': 1.0257092483290358, 'gamma': 2.223430283115546, 'normalized_gamma': 0.001}
{'sample_size': 400, 'difference': 0, 'noise': 0, 'n': 10, 'shap_error': 0.012852916195872645, 'shap_norm_sq': 2179.4156800892933, 'weighted_error': 1.0083060590153818, 'gamma': 2.223430283115546, 'normalized_gamma': 0.001}
{'sample_size': 800, 'difference': 0, 'noise': 0, 'n': 10, 'shap_error': 0.002035188237007364, 'shap_norm_sq': 2179.4156800892933, 'weighted_error': 1.001315217060746, 'gamma': 2.223430283115546, 'normalized_gamma': 0.001}
{'sample_size': 1600, 'difference': -576, 'noise': 0, 'n': 10, 'shap_error': 7.275660749402773e-13, 'shap_norm_sq': 2179.4156800892933, 'weighted_error': 0.9999999999995371, 'gamma': 2.223430283115546, 'normalized_gamma': 0.001}
{'sample_size': 50, 'difference': 0, 'noise': 0, 'n': 10, 'shap_error': 0.03685828297819969, 'shap_norm_sq': 1102.1301975756892, 'weighted_error': 1.172761125281279, 'gamma': 0.27674412972854423, 'normalized_gamma': 0.00025}
{'sample_size': 100, 'difference': 0, 'noise': 0, 'n': 10, 'shap_error': 0.009620010957422776, 'shap_norm_sq': 1102.1301975756892, 'weighted_error': 1.0450910004744245, 'gamma': 0.27674412972854423, 'normalized_gamma': 0.00025}
{'sample_size': 200, 'difference': 0, 'noise': 0, 'n': 10, 'shap_error': 0.0019950567484373904, 'shap_norm_sq': 1102.1301975756892, 'weighted_error': 1.0093512458633922, 'gamma': 0.27674412972854423, 'normalized_gamma': 0.00025}
{'sample_size': 400, 'difference': 0, 'noise': 0, 'n': 10, 'shap_error': 0.0008205771845715724, 'shap_norm_sq': 1102.1301975756892, 'weighted_error': 1.0038462285090672, 'gamma': 0.27674412972854423, 'normalized_gamma': 0.00025}
{'sample_size': 800, 'difference': 0, 'noise': 0, 'n': 10, 'shap_error': 0.00014248746526335153, 'shap_norm_sq': 1102.1301975756892, 'weighted_error': 1.000667899478109, 'gamma': 0.27674412972854423, 'normalized_gamma': 0.00025}
{'sample_size': 1600, 'difference': -576, 'noise': 0, 'n': 10, 'shap_error': 4.887137774048069e-13, 'shap_norm_sq': 1102.1301975756892, 'weighted_error': 0.999999999997739, 'gamma': 0.27674412972854423, 'normalized_gamma': 0.00025}
{'sample_size': 50, 'difference': 0, 'noise': 0, 'n': 10, 'shap_error': 0.06702393966555983, 'shap_norm_sq': 8082.8089188961685, 'weighted_error': 1.4546263329827425, 'gamma': 0.2792469963242106, 'normalized_gamma': 3.5e-05}
{'sample_size': 100, 'difference': 0, 'noise': 0, 'n': 10, 'shap_error': 0.004234774035296709, 'shap_norm_sq': 8082.8089188961685, 'weighted_error': 1.028724324310838, 'gamma': 0.2792469963242106, 'normalized_gamma': 3.5e-05}
{'sample_size': 200, 'difference': 0, 'noise': 0, 'n': 10, 'shap_error': 0.0035336379305607687, 'shap_norm_sq': 8082.8089188961685, 'weighted_error': 1.0239688531250624, 'gamma': 0.2792469963242106, 'normalized_gamma': 3.5e-05}
{'sample_size': 400, 'difference': 0, 'noise': 0, 'n': 10, 'shap_error': 0.001751772146545608, 'shap_norm_sq': 8082.8089188961685, 'weighted_error': 1.0118821376609788, 'gamma': 0.2792469963242106, 'normalized_gamma': 3.5e-05}
{'sample_size': 800, 'difference': 0, 'noise': 0, 'n': 10, 'shap_error': 0.00017269482259215356, 'shap_norm_sq': 8082.8089188961685, 'weighted_error': 1.0011714322098246, 'gamma': 0.2792469963242106, 'normalized_gamma': 3.5e-05}
{'sample_size': 1600, 'difference': -576, 'noise': 0, 'n': 10, 'shap_error': 9.088442570240664e-13, 'shap_norm_sq': 8082.8089188961685, 'weighted_error': 0.9999999999960394, 'gamma': 0.2792469963242106, 'normalized_gamma': 3.5e-05}
{'sample_size': 50, 'difference': 0, 'noise': 0, 'n': 10, 'shap_error': 0.010676027023653488, 'shap_norm_sq': 3678.1711558233146, 'weighted_error': 1.1215965891314, 'gamma': 0.08852509429069551, 'normalized_gamma': 2.4e-05}
{'sample_size': 100, 'difference': 0, 'noise': 0, 'n': 10, 'shap_error': 0.0058272513051975975, 'shap_norm_sq': 3678.1711558233146, 'weighted_error': 1.066370823242315, 'gamma': 0.08852509429069551, 'normalized_gamma': 2.4e-05}
{'sample_size': 200, 'difference': 0, 'noise': 0, 'n': 10, 'shap_error': 0.0019566331186437417, 'shap_norm_sq': 3678.1711558233146, 'weighted_error': 1.022285390553635, 'gamma': 0.08852509429069551, 'normalized_gamma': 2.4e-05}
{'sample_size': 400, 'difference': 0, 'noise': 0, 'n': 10, 'shap_error': 0.00022833301431450506, 'shap_norm_sq': 3678.1711558233146, 'weighted_error': 1.0026006258065998, 'gamma': 0.08852509429069551, 'normalized_gamma': 2.4e-05}
{'sample_size': 800, 'difference': 0, 'noise': 0, 'n': 10, 'shap_error': 6.256885200741114e-05, 'shap_norm_sq': 3678.1711558233146, 'weighted_error': 1.0007126537053301, 'gamma': 0.08852509429069551, 'normalized_gamma': 2.4e-05}
{'sample_size': 1600, 'difference': -576, 'noise': 0, 'n': 10, 'shap_error': 2.0414575986778342e-14, 'shap_norm_sq': 3678.1711558233146, 'weighted_error': 0.9999999999997718, 'gamma': 0.08852509429069551, 'normalized_gamma': 2.4e-05}
{'sample_size': 50, 'difference': 0, 'noise': 0, 'n': 10, 'shap_error': 0.09727950574371289, 'shap_norm_sq': 2792.3115156833783, 'weighted_error': 1.28665418805513, 'gamma': 0.3536760893670455, 'normalized_gamma': 0.00013}
{'sample_size': 100, 'difference': 0, 'noise': 0, 'n': 10, 'shap_error': 0.026465905339965144, 'shap_norm_sq': 2792.3115156833783, 'weighted_error': 1.077987537510315, 'gamma': 0.3536760893670455, 'normalized_gamma': 0.00013}
{'sample_size': 200, 'difference': 0, 'noise': 0, 'n': 10, 'shap_error': 0.0034701806314146877, 'shap_norm_sq': 2792.3115156833783, 'weighted_error': 1.0102255976650463, 'gamma': 0.3536760893670455, 'normalized_gamma': 0.00013}
{'sample_size': 400, 'difference': 0, 'noise': 0, 'n': 10, 'shap_error': 0.0015361910067831909, 'shap_norm_sq': 2792.3115156833783, 'weighted_error': 1.0045267350952962, 'gamma': 0.3536760893670455, 'normalized_gamma': 0.00013}
{'sample_size': 800, 'difference': 0, 'noise': 0, 'n': 10, 'shap_error': 0.00011081065007326061, 'shap_norm_sq': 2792.3115156833783, 'weighted_error': 1.0003265218780815, 'gamma': 0.3536760893670455, 'normalized_gamma': 0.00013}
{'sample_size': 1600, 'difference': -576, 'noise': 0, 'n': 10, 'shap_error': 2.5114957157227835e-13, 'shap_norm_sq': 2792.3115156833783, 'weighted_error': 0.9999999999994853, 'gamma': 0.3536760893670455, 'normalized_gamma': 0.00013}
{'sample_size': 50, 'difference': 0, 'noise': 0, 'n': 10, 'shap_error': 0.01923592531164385, 'shap_norm_sq': 1816.3121806456163, 'weighted_error': 1.1028606452989864, 'gamma': 0.2921617013581985, 'normalized_gamma': 0.00016}
{'sample_size': 100, 'difference': 0, 'noise': 0, 'n': 10, 'shap_error': 0.03078000847484628, 'shap_norm_sq': 1816.3121806456163, 'weighted_error': 1.164591266530669, 'gamma': 0.2921617013581985, 'normalized_gamma': 0.00016}
{'sample_size': 200, 'difference': 0, 'noise': 0, 'n': 10, 'shap_error': 0.0022498579724698374, 'shap_norm_sq': 1816.3121806456163, 'weighted_error': 1.0120306124363787, 'gamma': 0.2921617013581985, 'normalized_gamma': 0.00016}
{'sample_size': 400, 'difference': 0, 'noise': 0, 'n': 10, 'shap_error': 0.0026491840853539585, 'shap_norm_sq': 1816.3121806456163, 'weighted_error': 1.014166328152489, 'gamma': 0.2921617013581985, 'normalized_gamma': 0.00016}
{'sample_size': 800, 'difference': 0, 'noise': 0, 'n': 10, 'shap_error': 0.00012113453627761766, 'shap_norm_sq': 1816.3121806456163, 'weighted_error': 1.000647710397184, 'gamma': 0.2921617013581985, 'normalized_gamma': 0.00016}
{'sample_size': 1600, 'difference': -576, 'noise': 0, 'n': 10, 'shap_error': 6.157570815549589e-13, 'shap_norm_sq': 1816.3121806456163, 'weighted_error': 0.9999999999972019, 'gamma': 0.2921617013581985, 'normalized_gamma': 0.00016}
{'sample_size': 50, 'difference': 0, 'noise': 0, 'n': 10, 'shap_error': 0.29617739844526497, 'shap_norm_sq': 1644.4832461383153, 'weighted_error': 1.1853323436189553, 'gamma': 1.6933855336394574, 'normalized_gamma': 0.001}
{'sample_size': 100, 'difference': 0, 'noise': 0, 'n': 10, 'shap_error': 0.1369036982168364, 'shap_norm_sq': 1644.4832461383153, 'weighted_error': 1.08566723284627, 'gamma': 1.6933855336394574, 'normalized_gamma': 0.001}
{'sample_size': 200, 'difference': 0, 'noise': 0, 'n': 10, 'shap_error': 0.043534771561632296, 'shap_norm_sq': 1644.4832461383153, 'weighted_error': 1.0272417322488017, 'gamma': 1.6933855336394574, 'normalized_gamma': 0.001}
{'sample_size': 400, 'difference': 0, 'noise': 0, 'n': 10, 'shap_error': 0.013679292547352406, 'shap_norm_sq': 1644.4832461383153, 'weighted_error': 1.0085598213416493, 'gamma': 1.6933855336394574, 'normalized_gamma': 0.001}
{'sample_size': 800, 'difference': 0, 'noise': 0, 'n': 10, 'shap_error': 0.0013889326327094847, 'shap_norm_sq': 1644.4832461383153, 'weighted_error': 1.0008691075563292, 'gamma': 1.6933855336394574, 'normalized_gamma': 0.001}
{'sample_size': 1600, 'difference': -576, 'noise': 0, 'n': 10, 'shap_error': 6.237077415943335e-13, 'shap_norm_sq': 1644.4832461383153, 'weighted_error': 0.9999999999996098, 'gamma': 1.6933855336394574, 'normalized_gamma': 0.001}
{'sample_size': 50, 'difference': 0, 'noise': 0, 'n': 10, 'shap_error': 0.06194530503468284, 'shap_norm_sq': 4211.214351482852, 'weighted_error': 1.2751551765526101, 'gamma': 0.22577615617069569, 'normalized_gamma': 5.4e-05}
{'sample_size': 100, 'difference': 0, 'noise': 0, 'n': 10, 'shap_error': 0.012811410298146891, 'shap_norm_sq': 4211.214351482852, 'weighted_error': 1.0569069945831304, 'gamma': 0.22577615617069569, 'normalized_gamma': 5.4e-05}
{'sample_size': 200, 'difference': 0, 'noise': 0, 'n': 10, 'shap_error': 0.004057371011908819, 'shap_norm_sq': 4211.214351482852, 'weighted_error': 1.0180224285109838, 'gamma': 0.22577615617069569, 'normalized_gamma': 5.4e-05}
{'sample_size': 400, 'difference': 0, 'noise': 0, 'n': 10, 'shap_error': 0.0018976950372566624, 'shap_norm_sq': 4211.214351482852, 'weighted_error': 1.008429403446326, 'gamma': 0.22577615617069569, 'normalized_gamma': 5.4e-05}
{'sample_size': 800, 'difference': 0, 'noise': 0, 'n': 10, 'shap_error': 0.00016019009197777956, 'shap_norm_sq': 4211.214351482852, 'weighted_error': 1.0007115431046227, 'gamma': 0.22577615617069569, 'normalized_gamma': 5.4e-05}
{'sample_size': 1600, 'difference': -576, 'noise': 0, 'n': 10, 'shap_error': 8.473345224369334e-14, 'shap_norm_sq': 4211.214351482852, 'weighted_error': 0.9999999999996657, 'gamma': 0.22577615617069569, 'normalized_gamma': 5.4e-05}
{'sample_size': 50, 'difference': 0, 'noise': 0, 'n': 10, 'shap_error': 0.033085699227456584, 'shap_norm_sq': 2498.0496376795013, 'weighted_error': 1.0743245480437655, 'gamma': 0.45422993800916883, 'normalized_gamma': 0.00018}
{'sample_size': 100, 'difference': 0, 'noise': 0, 'n': 10, 'shap_error': 0.058561943818626984, 'shap_norm_sq': 2498.0496376795013, 'weighted_error': 1.1315553213794693, 'gamma': 0.45422993800916883, 'normalized_gamma': 0.00018}
{'sample_size': 200, 'difference': 0, 'noise': 0, 'n': 10, 'shap_error': 0.011627814773039223, 'shap_norm_sq': 2498.0496376795013, 'weighted_error': 1.0261210123262212, 'gamma': 0.45422993800916883, 'normalized_gamma': 0.00018}
{'sample_size': 400, 'difference': 0, 'noise': 0, 'n': 10, 'shap_error': 0.005813125762071985, 'shap_norm_sq': 2498.0496376795013, 'weighted_error': 1.013058748608981, 'gamma': 0.45422993800916883, 'normalized_gamma': 0.00018}
{'sample_size': 800, 'difference': 0, 'noise': 0, 'n': 10, 'shap_error': 0.0006730043005419399, 'shap_norm_sq': 2498.0496376795013, 'weighted_error': 1.0015118832279948, 'gamma': 0.45422993800916883, 'normalized_gamma': 0.00018}
{'sample_size': 1600, 'difference': -576, 'noise': 0, 'n': 10, 'shap_error': 3.1179763751717944e-13, 'shap_norm_sq': 2498.0496376795013, 'weighted_error': 0.9999999999993024, 'gamma': 0.45422993800916883, 'normalized_gamma': 0.00018}
{'sample_size': 50, 'difference': 0, 'noise': 0, 'n': 10, 'shap_error': 0.009666180534846231, 'shap_norm_sq': 2398.051082028523, 'weighted_error': 1.1255916407081685, 'gamma': 0.08158148251264348, 'normalized_gamma': 3.4e-05}
{'sample_size': 100, 'difference': 0, 'noise': 0, 'n': 10, 'shap_error': 0.004063880174137627, 'shap_norm_sq': 2398.051082028523, 'weighted_error': 1.0528018491765474, 'gamma': 0.08158148251264348, 'normalized_gamma': 3.4e-05}
{'sample_size': 200, 'difference': 0, 'noise': 0, 'n': 10, 'shap_error': 0.0007711215085312789, 'shap_norm_sq': 2398.051082028523, 'weighted_error': 1.0100190761726406, 'gamma': 0.08158148251264348, 'normalized_gamma': 3.4e-05}
{'sample_size': 400, 'difference': 0, 'noise': 0, 'n': 10, 'shap_error': 0.0005445867690552163, 'shap_norm_sq': 2398.051082028523, 'weighted_error': 1.0070757067992675, 'gamma': 0.08158148251264348, 'normalized_gamma': 3.4e-05}
{'sample_size': 800, 'difference': 0, 'noise': 0, 'n': 10, 'shap_error': 3.948564713288086e-05, 'shap_norm_sq': 2398.051082028523, 'weighted_error': 1.0005130402532791, 'gamma': 0.08158148251264348, 'normalized_gamma': 3.4e-05}
{'sample_size': 1600, 'difference': -576, 'noise': 0, 'n': 10, 'shap_error': 8.852783834980426e-14, 'shap_norm_sq': 2398.051082028523, 'weighted_error': 0.9999999999989859, 'gamma': 0.08158148251264348, 'normalized_gamma': 3.4e-05}
{'sample_size': 50, 'difference': 0, 'noise': 0, 'n': 10, 'shap_error': 0.05370853992138799, 'shap_norm_sq': 2023.2663889328737, 'weighted_error': 1.2044601481462578, 'gamma': 0.30328100069114394, 'normalized_gamma': 0.00015}
{'sample_size': 100, 'difference': 0, 'noise': 0, 'n': 10, 'shap_error': 0.02103213594849337, 'shap_norm_sq': 2023.2663889328737, 'weighted_error': 1.0800660947327707, 'gamma': 0.30328100069114394, 'normalized_gamma': 0.00015}
{'sample_size': 200, 'difference': 0, 'noise': 0, 'n': 10, 'shap_error': 0.008268082384232076, 'shap_norm_sq': 2023.2663889328737, 'weighted_error': 1.03147519132824, 'gamma': 0.30328100069114394, 'normalized_gamma': 0.00015}
{'sample_size': 400, 'difference': 0, 'noise': 0, 'n': 10, 'shap_error': 0.0022752251961500034, 'shap_norm_sq': 2023.2663889328737, 'weighted_error': 1.008661448879879, 'gamma': 0.30328100069114394, 'normalized_gamma': 0.00015}
{'sample_size': 800, 'difference': 0, 'noise': 0, 'n': 10, 'shap_error': 0.0002750465680110355, 'shap_norm_sq': 2023.2663889328737, 'weighted_error': 1.001047053328417, 'gamma': 0.30328100069114394, 'normalized_gamma': 0.00015}
{'sample_size': 1600, 'difference': -576, 'noise': 0, 'n': 10, 'shap_error': 7.922485831231687e-14, 'shap_norm_sq': 2023.2663889328737, 'weighted_error': 0.9999999999996989, 'gamma': 0.30328100069114394, 'normalized_gamma': 0.00015}
{'sample_size': 50, 'difference': 0, 'noise': 0, 'n': 10, 'shap_error': 0.005180816120328715, 'shap_norm_sq': 10420.80515116734, 'weighted_error': 1.2571810107790498, 'gamma': 0.02562794039632127, 'normalized_gamma': 2.5e-06}
{'sample_size': 100, 'difference': 0, 'noise': 0, 'n': 10, 'shap_error': 0.0008838121584407994, 'shap_norm_sq': 10420.80515116734, 'weighted_error': 1.0438728065033045, 'gamma': 0.02562794039632127, 'normalized_gamma': 2.5e-06}
{'sample_size': 200, 'difference': 0, 'noise': 0, 'n': 10, 'shap_error': 0.001170746861100688, 'shap_norm_sq': 10420.80515116734, 'weighted_error': 1.0581173086396318, 'gamma': 0.02562794039632127, 'normalized_gamma': 2.5e-06}
{'sample_size': 400, 'difference': 0, 'noise': 0, 'n': 10, 'shap_error': 6.105966112173933e-05, 'shap_norm_sq': 10420.80515116734, 'weighted_error': 1.0030312393429202, 'gamma': 0.02562794039632127, 'normalized_gamma': 2.5e-06}
{'sample_size': 800, 'difference': 0, 'noise': 0, 'n': 10, 'shap_error': 5.456913285865053e-06, 'shap_norm_sq': 10420.80515116734, 'weighted_error': 1.000270881092613, 'gamma': 0.02562794039632127, 'normalized_gamma': 2.5e-06}
{'sample_size': 1600, 'difference': -576, 'noise': 0, 'n': 10, 'shap_error': 1.0551281688845812e-13, 'shap_norm_sq': 10420.80515116734, 'weighted_error': 0.999999999994938, 'gamma': 0.02562794039632127, 'normalized_gamma': 2.5e-06}
{'sample_size': 50, 'difference': 0, 'noise': 0, 'n': 10, 'shap_error': 0.005318356781657761, 'shap_norm_sq': 6238.358559134655, 'weighted_error': 1.0507320315200046, 'gamma': 0.1500490462760607, 'normalized_gamma': 2.4e-05}
{'sample_size': 100, 'difference': 0, 'noise': 0, 'n': 10, 'shap_error': 0.004998777817080353, 'shap_norm_sq': 6238.358559134655, 'weighted_error': 1.0476838395424737, 'gamma': 0.1500490462760607, 'normalized_gamma': 2.4e-05}
{'sample_size': 200, 'difference': 0, 'noise': 0, 'n': 10, 'shap_error': 0.0012976640819753209, 'shap_norm_sq': 6238.358559134655, 'weighted_error': 1.0123783628124279, 'gamma': 0.1500490462760607, 'normalized_gamma': 2.4e-05}
{'sample_size': 400, 'difference': 0, 'noise': 0, 'n': 10, 'shap_error': 0.0006186969884425747, 'shap_norm_sq': 6238.358559134655, 'weighted_error': 1.0059018232392267, 'gamma': 0.1500490462760607, 'normalized_gamma': 2.4e-05}
{'sample_size': 800, 'difference': 0, 'noise': 0, 'n': 10, 'shap_error': 0.0001497919081615167, 'shap_norm_sq': 6238.358559134655, 'weighted_error': 1.0014288689769197, 'gamma': 0.1500490462760607, 'normalized_gamma': 2.4e-05}
{'sample_size': 1600, 'difference': -576, 'noise': 0, 'n': 10, 'shap_error': 1.3005690400699986e-13, 'shap_norm_sq': 6238.358559134655, 'weighted_error': 0.999999999998786, 'gamma': 0.1500490462760607, 'normalized_gamma': 2.4e-05}
{'sample_size': 50, 'difference': 0, 'noise': 0, 'n': 10, 'shap_error': 0.02608543580284977, 'shap_norm_sq': 4193.759329557548, 'weighted_error': 1.120073001132069, 'gamma': 0.2261295153916923, 'normalized_gamma': 5.4e-05}
{'sample_size': 100, 'difference': 0, 'noise': 0, 'n': 10, 'shap_error': 0.00911305847470244, 'shap_norm_sq': 4193.759329557548, 'weighted_error': 1.0419478965599174, 'gamma': 0.2261295153916923, 'normalized_gamma': 5.4e-05}
{'sample_size': 200, 'difference': 0, 'noise': 0, 'n': 10, 'shap_error': 0.0041518979846439045, 'shap_norm_sq': 4193.759329557548, 'weighted_error': 1.0191114823407321, 'gamma': 0.2261295153916923, 'normalized_gamma': 5.4e-05}
{'sample_size': 400, 'difference': 0, 'noise': 0, 'n': 10, 'shap_error': 0.0007633156812076831, 'shap_norm_sq': 4193.759329557548, 'weighted_error': 1.0035136332755974, 'gamma': 0.2261295153916923, 'normalized_gamma': 5.4e-05}
{'sample_size': 800, 'difference': 0, 'noise': 0, 'n': 10, 'shap_error': 0.00010339880018383688, 'shap_norm_sq': 4193.759329557548, 'weighted_error': 1.0004759476570084, 'gamma': 0.2261295153916923, 'normalized_gamma': 5.4e-05}
{'sample_size': 1600, 'difference': -576, 'noise': 0, 'n': 10, 'shap_error': 7.81090555277251e-14, 'shap_norm_sq': 4193.759329557548, 'weighted_error': 0.9999999999996592, 'gamma': 0.2261295153916923, 'normalized_gamma': 5.4e-05}
{'sample_size': 50, 'difference': 0, 'noise': 0, 'n': 10, 'shap_error': 0.0534700279003014, 'shap_norm_sq': 2498.0496376795013, 'weighted_error': 1.12011624498962, 'gamma': 0.45422993800916883, 'normalized_gamma': 0.00018}
{'sample_size': 100, 'difference': 0, 'noise': 0, 'n': 10, 'shap_error': 0.02148989109755213, 'shap_norm_sq': 2498.0496376795013, 'weighted_error': 1.0482754401129677, 'gamma': 0.45422993800916883, 'normalized_gamma': 0.00018}
{'sample_size': 200, 'difference': 0, 'noise': 0, 'n': 10, 'shap_error': 0.0031320327941644927, 'shap_norm_sq': 2498.0496376795013, 'weighted_error': 1.0070358427954165, 'gamma': 0.45422993800916883, 'normalized_gamma': 0.00018}
{'sample_size': 400, 'difference': 0, 'noise': 0, 'n': 10, 'shap_error': 0.004206422466392027, 'shap_norm_sq': 2498.0496376795013, 'weighted_error': 1.009449402673777, 'gamma': 0.45422993800916883, 'normalized_gamma': 0.00018}
{'sample_size': 800, 'difference': 0, 'noise': 0, 'n': 10, 'shap_error': 0.00014373794233301488, 'shap_norm_sq': 2498.0496376795013, 'weighted_error': 1.0003228961467825, 'gamma': 0.45422993800916883, 'normalized_gamma': 0.00018}
{'sample_size': 1600, 'difference': -576, 'noise': 0, 'n': 10, 'shap_error': 3.1179763782310853e-13, 'shap_norm_sq': 2498.0496376795013, 'weighted_error': 0.9999999999993024, 'gamma': 0.45422993800916883, 'normalized_gamma': 0.00018}
{'sample_size': 50, 'difference': 0, 'noise': 0, 'n': 10, 'shap_error': 0.029359058656457243, 'shap_norm_sq': 4211.214351482852, 'weighted_error': 1.130410104325791, 'gamma': 0.22577615617069569, 'normalized_gamma': 5.4e-05}
{'sample_size': 100, 'difference': 0, 'noise': 0, 'n': 10, 'shap_error': 0.011707473712364429, 'shap_norm_sq': 4211.214351482852, 'weighted_error': 1.0520034823514992, 'gamma': 0.22577615617069569, 'normalized_gamma': 5.4e-05}
{'sample_size': 200, 'difference': 0, 'noise': 0, 'n': 10, 'shap_error': 0.0012084730774184422, 'shap_norm_sq': 4211.214351482852, 'weighted_error': 1.0053679212349136, 'gamma': 0.22577615617069569, 'normalized_gamma': 5.4e-05}
{'sample_size': 400, 'difference': 0, 'noise': 0, 'n': 10, 'shap_error': 0.001199731752403129, 'shap_norm_sq': 4211.214351482852, 'weighted_error': 1.0053290807731368, 'gamma': 0.22577615617069569, 'normalized_gamma': 5.4e-05}
{'sample_size': 800, 'difference': 0, 'noise': 0, 'n': 10, 'shap_error': 0.00014231284554096194, 'shap_norm_sq': 4211.214351482852, 'weighted_error': 1.0006321262280489, 'gamma': 0.22577615617069569, 'normalized_gamma': 5.4e-05}
{'sample_size': 1600, 'difference': -576, 'noise': 0, 'n': 10, 'shap_error': 8.473345194593224e-14, 'shap_norm_sq': 4211.214351482852, 'weighted_error': 0.9999999999996657, 'gamma': 0.22577615617069569, 'normalized_gamma': 5.4e-05}
{'sample_size': 50, 'difference': 0, 'noise': 0, 'n': 10, 'shap_error': 0.014769483610351995, 'shap_norm_sq': 4598.264024144969, 'weighted_error': 1.1045282051127665, 'gamma': 0.3542610860767433, 'normalized_gamma': 7.7e-05}
{'sample_size': 100, 'difference': 0, 'noise': 0, 'n': 10, 'shap_error': 0.0107414624946087, 'shap_norm_sq': 4598.264024144969, 'weighted_error': 1.0760202145463968, 'gamma': 0.3542610860767433, 'normalized_gamma': 7.7e-05}
{'sample_size': 200, 'difference': 0, 'noise': 0, 'n': 10, 'shap_error': 0.0019929007017877535, 'shap_norm_sq': 4598.264024144969, 'weighted_error': 1.0141040021287089, 'gamma': 0.3542610860767433, 'normalized_gamma': 7.7e-05}
{'sample_size': 400, 'difference': 0, 'noise': 0, 'n': 10, 'shap_error': 0.00105465715258141, 'shap_norm_sq': 4598.264024144969, 'weighted_error': 1.0074641512792233, 'gamma': 0.3542610860767433, 'normalized_gamma': 7.7e-05}
{'sample_size': 800, 'difference': 0, 'noise': 0, 'n': 10, 'shap_error': 5.5676400088103225e-05, 'shap_norm_sq': 4598.264024144969, 'weighted_error': 1.0003939911335484, 'gamma': 0.3542610860767433, 'normalized_gamma': 7.7e-05}
{'sample_size': 1600, 'difference': -576, 'noise': 0, 'n': 10, 'shap_error': 9.534476418662e-13, 'shap_norm_sq': 4598.264024144969, 'weighted_error': 0.9999999999962559, 'gamma': 0.3542610860767433, 'normalized_gamma': 7.7e-05}
{'sample_size': 50, 'difference': 0, 'noise': 0, 'n': 10, 'shap_error': 0.00784175635512715, 'shap_norm_sq': 2304.32903914261, 'weighted_error': 1.2167595640755091, 'gamma': 0.03639624848474673, 'normalized_gamma': 1.6e-05}
{'sample_size': 100, 'difference': 0, 'noise': 0, 'n': 10, 'shap_error': 0.0016989428536864346, 'shap_norm_sq': 2304.32903914261, 'weighted_error': 1.0469618560327492, 'gamma': 0.03639624848474673, 'normalized_gamma': 1.6e-05}
{'sample_size': 200, 'difference': 0, 'noise': 0, 'n': 10, 'shap_error': 0.0007187440573801265, 'shap_norm_sq': 2304.32903914261, 'weighted_error': 1.0198674664192517, 'gamma': 0.03639624848474673, 'normalized_gamma': 1.6e-05}
{'sample_size': 400, 'difference': 0, 'noise': 0, 'n': 10, 'shap_error': 0.00021180421398385012, 'shap_norm_sq': 2304.32903914261, 'weighted_error': 1.0058545346907308, 'gamma': 0.03639624848474673, 'normalized_gamma': 1.6e-05}
{'sample_size': 800, 'difference': 0, 'noise': 0, 'n': 10, 'shap_error': 4.191882658017631e-05, 'shap_norm_sq': 2304.32903914261, 'weighted_error': 1.001158751482388, 'gamma': 0.03639624848474673, 'normalized_gamma': 1.6e-05}
{'sample_size': 1600, 'difference': -576, 'noise': 0, 'n': 10, 'shap_error': 5.687364292980097e-14, 'shap_norm_sq': 2304.32903914261, 'weighted_error': 0.9999999999985121, 'gamma': 0.03639624848474673, 'normalized_gamma': 1.6e-05}
{'sample_size': 50, 'difference': 0, 'noise': 0, 'n': 10, 'shap_error': 0.013267221103757342, 'shap_norm_sq': 1505.6801696370248, 'weighted_error': 1.1323588151910697, 'gamma': 0.1243607267559988, 'normalized_gamma': 8.3e-05}
{'sample_size': 100, 'difference': 0, 'noise': 0, 'n': 10, 'shap_error': 0.01015349206643296, 'shap_norm_sq': 1505.6801696370248, 'weighted_error': 1.101295238203819, 'gamma': 0.1243607267559988, 'normalized_gamma': 8.3e-05}
{'sample_size': 200, 'difference': 0, 'noise': 0, 'n': 10, 'shap_error': 0.00039628010531393243, 'shap_norm_sq': 1505.6801696370248, 'weighted_error': 1.003953437776178, 'gamma': 0.1243607267559988, 'normalized_gamma': 8.3e-05}
{'sample_size': 400, 'difference': 0, 'noise': 0, 'n': 10, 'shap_error': 0.0004014325410708221, 'shap_norm_sq': 1505.6801696370248, 'weighted_error': 1.0040048469652192, 'gamma': 0.1243607267559988, 'normalized_gamma': 8.3e-05}
{'sample_size': 800, 'difference': 0, 'noise': 0, 'n': 10, 'shap_error': 5.987540517261224e-05, 'shap_norm_sq': 1505.6801696370248, 'weighted_error': 1.0005973320485904, 'gamma': 0.1243607267559988, 'normalized_gamma': 8.3e-05}
{'sample_size': 1600, 'difference': -576, 'noise': 0, 'n': 10, 'shap_error': 1.3402914951628036e-13, 'shap_norm_sq': 1505.6801696370248, 'weighted_error': 0.9999999999987382, 'gamma': 0.1243607267559988, 'normalized_gamma': 8.3e-05}
{'sample_size': 50, 'difference': 0, 'noise': 0, 'n': 10, 'shap_error': 0.08597525238060448, 'shap_norm_sq': 1561.0472919215704, 'weighted_error': 1.2522163988139927, 'gamma': 0.34486050496192266, 'normalized_gamma': 0.00022}
{'sample_size': 100, 'difference': 0, 'noise': 0, 'n': 10, 'shap_error': 0.023724309737686248, 'shap_norm_sq': 1561.0472919215704, 'weighted_error': 1.0695975126187394, 'gamma': 0.34486050496192266, 'normalized_gamma': 0.00022}
{'sample_size': 200, 'difference': 0, 'noise': 0, 'n': 10, 'shap_error': 0.00433432587158645, 'shap_norm_sq': 1561.0472919215704, 'weighted_error': 1.0127151082128811, 'gamma': 0.34486050496192266, 'normalized_gamma': 0.00022}
{'sample_size': 400, 'difference': 0, 'noise': 0, 'n': 10, 'shap_error': 0.002258598615290497, 'shap_norm_sq': 1561.0472919215704, 'weighted_error': 1.0066257678999713, 'gamma': 0.34486050496192266, 'normalized_gamma': 0.00022}
{'sample_size': 800, 'difference': 0, 'noise': 0, 'n': 10, 'shap_error': 0.0003452150126529617, 'shap_norm_sq': 1561.0472919215704, 'weighted_error': 1.0010127029100602, 'gamma': 0.34486050496192266, 'normalized_gamma': 0.00022}
{'sample_size': 1600, 'difference': -576, 'noise': 0, 'n': 10, 'shap_error': 3.167821421555376e-13, 'shap_norm_sq': 1561.0472919215704, 'weighted_error': 0.999999999999394, 'gamma': 0.34486050496192266, 'normalized_gamma': 0.00022}
{'sample_size': 50, 'difference': 0, 'noise': 0, 'n': 10, 'shap_error': 0.049363649430526645, 'shap_norm_sq': 1747.390209041235, 'weighted_error': 1.3798674607231507, 'gamma': 0.1586754690511009, 'normalized_gamma': 9.1e-05}
{'sample_size': 100, 'difference': 0, 'noise': 0, 'n': 10, 'shap_error': 0.02053892624943094, 'shap_norm_sq': 1747.390209041235, 'weighted_error': 1.1580523771605928, 'gamma': 0.1586754690511009, 'normalized_gamma': 9.1e-05}
{'sample_size': 200, 'difference': 0, 'noise': 0, 'n': 10, 'shap_error': 0.0007142066468359813, 'shap_norm_sq': 1747.390209041235, 'weighted_error': 1.0054959683868772, 'gamma': 0.1586754690511009, 'normalized_gamma': 9.1e-05}
{'sample_size': 400, 'difference': 0, 'noise': 0, 'n': 10, 'shap_error': 0.00040058367180613734, 'shap_norm_sq': 1747.390209041235, 'weighted_error': 1.0030827057676357, 'gamma': 0.1586754690511009, 'normalized_gamma': 9.1e-05}
{'sample_size': 800, 'difference': 0, 'noise': 0, 'n': 10, 'shap_error': 7.313901884849094e-05, 'shap_norm_sq': 1747.390209041235, 'weighted_error': 1.0005628260571595, 'gamma': 0.1586754690511009, 'normalized_gamma': 9.1e-05}
{'sample_size': 1600, 'difference': -576, 'noise': 0, 'n': 10, 'shap_error': 4.76093960213249e-13, 'shap_norm_sq': 1747.390209041235, 'weighted_error': 0.9999999999964844, 'gamma': 0.1586754690511009, 'normalized_gamma': 9.1e-05}
{'sample_size': 50, 'difference': 0, 'noise': 0, 'n': 10, 'shap_error': 0.04645427990560266, 'shap_norm_sq': 5079.197307998685, 'weighted_error': 1.0909154282595532, 'gamma': 0.6959867055400754, 'normalized_gamma': 0.00014}
{'sample_size': 100, 'difference': 0, 'noise': 0, 'n': 10, 'shap_error': 0.04962741700588363, 'shap_norm_sq': 5079.197307998685, 'weighted_error': 1.0971253361403712, 'gamma': 0.6959867055400754, 'normalized_gamma': 0.00014}
{'sample_size': 200, 'difference': 0, 'noise': 0, 'n': 10, 'shap_error': 0.030550358602030866, 'shap_norm_sq': 5079.197307998685, 'weighted_error': 1.0597897406455516, 'gamma': 0.6959867055400754, 'normalized_gamma': 0.00014}
{'sample_size': 400, 'difference': 0, 'noise': 0, 'n': 10, 'shap_error': 0.005538763104664948, 'shap_norm_sq': 5079.197307998685, 'weighted_error': 1.0108398024096084, 'gamma': 0.6959867055400754, 'normalized_gamma': 0.00014}
{'sample_size': 800, 'difference': 0, 'noise': 0, 'n': 10, 'shap_error': 0.00037846746120203626, 'shap_norm_sq': 5079.197307998685, 'weighted_error': 1.0007406667429612, 'gamma': 0.6959867055400754, 'normalized_gamma': 0.00014}
{'sample_size': 1600, 'difference': -576, 'noise': 0, 'n': 10, 'shap_error': 2.9833898002914113e-13, 'shap_norm_sq': 5079.197307998685, 'weighted_error': 0.9999999999994371, 'gamma': 0.6959867055400754, 'normalized_gamma': 0.00014}
{'sample_size': 50, 'difference': 0, 'noise': 0, 'n': 10, 'shap_error': 0.006604367830148557, 'shap_norm_sq': 1148.9697934110177, 'weighted_error': 1.0370343358794203, 'gamma': 0.24805409254423508, 'normalized_gamma': 0.00022}
{'sample_size': 100, 'difference': 0, 'noise': 0, 'n': 10, 'shap_error': 0.004127988878720517, 'shap_norm_sq': 1148.9697934110177, 'weighted_error': 1.023148105736285, 'gamma': 0.24805409254423508, 'normalized_gamma': 0.00022}
{'sample_size': 200, 'difference': 0, 'noise': 0, 'n': 10, 'shap_error': 0.0034114445069785273, 'shap_norm_sq': 1148.9697934110177, 'weighted_error': 1.0191301409895726, 'gamma': 0.24805409254423508, 'normalized_gamma': 0.00022}
{'sample_size': 400, 'difference': 0, 'noise': 0, 'n': 10, 'shap_error': 0.0006901936737754805, 'shap_norm_sq': 1148.9697934110177, 'weighted_error': 1.0038702062257117, 'gamma': 0.24805409254423508, 'normalized_gamma': 0.00022}
{'sample_size': 800, 'difference': 0, 'noise': 0, 'n': 10, 'shap_error': 0.0001756453452263716, 'shap_norm_sq': 1148.9697934110177, 'weighted_error': 1.0009849712228318, 'gamma': 0.24805409254423508, 'normalized_gamma': 0.00022}
{'sample_size': 1600, 'difference': -576, 'noise': 0, 'n': 10, 'shap_error': 5.722397893639926e-13, 'shap_norm_sq': 1148.9697934110177, 'weighted_error': 0.9999999999974076, 'gamma': 0.24805409254423508, 'normalized_gamma': 0.00022}
{'sample_size': 50, 'difference': 0, 'noise': 0, 'n': 10, 'shap_error': 0.007356613112452355, 'shap_norm_sq': 4538.270562761297, 'weighted_error': 1.0819249943344744, 'gamma': 0.09945172379026267, 'normalized_gamma': 2.2e-05}
{'sample_size': 100, 'difference': 0, 'noise': 0, 'n': 10, 'shap_error': 0.009149706138426325, 'shap_norm_sq': 4538.270562761297, 'weighted_error': 1.1018932323568824, 'gamma': 0.09945172379026267, 'normalized_gamma': 2.2e-05}
{'sample_size': 200, 'difference': 0, 'noise': 0, 'n': 10, 'shap_error': 0.0006322202491648292, 'shap_norm_sq': 4538.270562761297, 'weighted_error': 1.0070406353189196, 'gamma': 0.09945172379026267, 'normalized_gamma': 2.2e-05}
{'sample_size': 400, 'difference': 0, 'noise': 0, 'n': 10, 'shap_error': 0.0009200270924235848, 'shap_norm_sq': 4538.270562761297, 'weighted_error': 1.0102457521437276, 'gamma': 0.09945172379026267, 'normalized_gamma': 2.2e-05}
{'sample_size': 800, 'difference': 0, 'noise': 0, 'n': 10, 'shap_error': 5.9282472915762966e-05, 'shap_norm_sq': 4538.270562761297, 'weighted_error': 1.0006601920670013, 'gamma': 0.09945172379026267, 'normalized_gamma': 2.2e-05}
{'sample_size': 1600, 'difference': -576, 'noise': 0, 'n': 10, 'shap_error': 2.781855722163114e-13, 'shap_norm_sq': 4538.270562761297, 'weighted_error': 0.9999999999969961, 'gamma': 0.09945172379026267, 'normalized_gamma': 2.2e-05}
{'sample_size': 50, 'difference': 0, 'noise': 0, 'n': 10, 'shap_error': 0.1413238862099855, 'shap_norm_sq': 5216.212441209619, 'weighted_error': 1.3074414644128043, 'gamma': 0.6025166245079101, 'normalized_gamma': 0.00012}
{'sample_size': 100, 'difference': 0, 'noise': 0, 'n': 10, 'shap_error': 0.01771734044938657, 'shap_norm_sq': 5216.212441209619, 'weighted_error': 1.0385428997512205, 'gamma': 0.6025166245079101, 'normalized_gamma': 0.00012}
{'sample_size': 200, 'difference': 0, 'noise': 0, 'n': 10, 'shap_error': 0.011574542567130922, 'shap_norm_sq': 5216.212441209619, 'weighted_error': 1.0251797662798294, 'gamma': 0.6025166245079101, 'normalized_gamma': 0.00012}
{'sample_size': 400, 'difference': 0, 'noise': 0, 'n': 10, 'shap_error': 0.0020940607224839126, 'shap_norm_sq': 5216.212441209619, 'weighted_error': 1.0045554989821144, 'gamma': 0.6025166245079101, 'normalized_gamma': 0.00012}
{'sample_size': 800, 'difference': 0, 'noise': 0, 'n': 10, 'shap_error': 0.00033305248725369347, 'shap_norm_sq': 5216.212441209619, 'weighted_error': 1.0007245301111651, 'gamma': 0.6025166245079101, 'normalized_gamma': 0.00012}
{'sample_size': 1600, 'difference': -576, 'noise': 0, 'n': 10, 'shap_error': 5.979851832516729e-14, 'shap_norm_sq': 5216.212441209619, 'weighted_error': 0.9999999999998757, 'gamma': 0.6025166245079101, 'normalized_gamma': 0.00012}
{'sample_size': 50, 'difference': 0, 'noise': 0, 'n': 10, 'shap_error': 0.03984955339002277, 'shap_norm_sq': 3179.5388531716135, 'weighted_error': 1.1315561096962634, 'gamma': 0.3089314285173292, 'normalized_gamma': 9.7e-05}
{'sample_size': 100, 'difference': 0, 'noise': 0, 'n': 10, 'shap_error': 0.025926935746359698, 'shap_norm_sq': 3179.5388531716135, 'weighted_error': 1.0855928101873011, 'gamma': 0.3089314285173292, 'normalized_gamma': 9.7e-05}
{'sample_size': 200, 'difference': 0, 'noise': 0, 'n': 10, 'shap_error': 0.0046892709794750425, 'shap_norm_sq': 3179.5388531716135, 'weighted_error': 1.0154809473570992, 'gamma': 0.3089314285173292, 'normalized_gamma': 9.7e-05}
{'sample_size': 400, 'difference': 0, 'noise': 0, 'n': 10, 'shap_error': 0.001287313591285737, 'shap_norm_sq': 3179.5388531716135, 'weighted_error': 1.0042498661544175, 'gamma': 0.3089314285173292, 'normalized_gamma': 9.7e-05}
{'sample_size': 800, 'difference': 0, 'noise': 0, 'n': 10, 'shap_error': 0.00027296725534964225, 'shap_norm_sq': 3179.5388531716135, 'weighted_error': 1.000901133517795, 'gamma': 0.3089314285173292, 'normalized_gamma': 9.7e-05}
{'sample_size': 1600, 'difference': -576, 'noise': 0, 'n': 10, 'shap_error': 6.237209955279786e-13, 'shap_norm_sq': 3179.5388531716135, 'weighted_error': 0.9999999999987116, 'gamma': 0.3089314285173292, 'normalized_gamma': 9.7e-05}
{'sample_size': 100, 'difference': 0, 'noise': 0.0005, 'n': 10, 'shap_error': 0.00482040663746173, 'shap_norm_sq': 8585.105810736944, 'weighted_error': 1.0629315149889789, 'gamma': 0.12603468029283071, 'normalized_gamma': 1.5e-05}
{'sample_size': 100, 'difference': 0, 'noise': 0.001, 'n': 10, 'shap_error': 0.007852930901731937, 'shap_norm_sq': 8585.105810736944, 'weighted_error': 1.1025225177448004, 'gamma': 0.12603468029283071, 'normalized_gamma': 1.5e-05}
{'sample_size': 100, 'difference': 0, 'noise': 0.005, 'n': 10, 'shap_error': 0.008352615065518432, 'shap_norm_sq': 8585.105810736944, 'weighted_error': 1.1090461857476779, 'gamma': 0.12603468029283071, 'normalized_gamma': 1.5e-05}
{'sample_size': 100, 'difference': 0, 'noise': 0.01, 'n': 10, 'shap_error': 0.001879450384121298, 'shap_norm_sq': 8585.105810736944, 'weighted_error': 1.0245368349954014, 'gamma': 0.12603468029283071, 'normalized_gamma': 1.5e-05}
{'sample_size': 100, 'difference': 0, 'noise': 0.05, 'n': 10, 'shap_error': 0.002612576128833713, 'shap_norm_sq': 8585.105810736944, 'weighted_error': 1.0341057030776186, 'gamma': 0.12603468029283071, 'normalized_gamma': 1.5e-05}
{'sample_size': 100, 'difference': 0, 'noise': 0.1, 'n': 10, 'shap_error': 0.0023089158993210165, 'shap_norm_sq': 8585.105810736944, 'weighted_error': 1.0301337173663163, 'gamma': 0.12603468029283071, 'normalized_gamma': 1.5e-05}
{'sample_size': 100, 'difference': 0, 'noise': 0.5, 'n': 10, 'shap_error': 0.00876946538711549, 'shap_norm_sq': 8585.105810736944, 'weighted_error': 1.1142313968994297, 'gamma': 0.12603468029283071, 'normalized_gamma': 1.5e-05}
{'sample_size': 100, 'difference': 0, 'noise': 1, 'n': 10, 'shap_error': 0.004638699450801932, 'shap_norm_sq': 8585.105810736944, 'weighted_error': 1.0595348607867057, 'gamma': 0.12603468029283071, 'normalized_gamma': 1.5e-05}
{'sample_size': 100, 'difference': 0, 'noise': 0.0005, 'n': 10, 'shap_error': 0.06875607459277638, 'shap_norm_sq': 1078.9618703125723, 'weighted_error': 1.0460993541005414, 'gamma': 1.4958859492263226, 'normalized_gamma': 0.0014}
{'sample_size': 100, 'difference': 0, 'noise': 0.001, 'n': 10, 'shap_error': 0.05861748238211838, 'shap_norm_sq': 1078.9618703125723, 'weighted_error': 1.0393016434188453, 'gamma': 1.4958859492263226, 'normalized_gamma': 0.0014}
{'sample_size': 100, 'difference': 0, 'noise': 0.005, 'n': 10, 'shap_error': 0.09073884900087408, 'shap_norm_sq': 1078.9618703125723, 'weighted_error': 1.0608382987289755, 'gamma': 1.4958859492263226, 'normalized_gamma': 0.0014}
{'sample_size': 100, 'difference': 0, 'noise': 0.01, 'n': 10, 'shap_error': 0.10579123114718506, 'shap_norm_sq': 1078.9618703125723, 'weighted_error': 1.0709304816238776, 'gamma': 1.4958859492263226, 'normalized_gamma': 0.0014}
{'sample_size': 100, 'difference': 0, 'noise': 0.05, 'n': 10, 'shap_error': 0.07392622637803538, 'shap_norm_sq': 1078.9618703125723, 'weighted_error': 1.0495658650742186, 'gamma': 1.4958859492263226, 'normalized_gamma': 0.0014}
{'sample_size': 100, 'difference': 0, 'noise': 0.1, 'n': 10, 'shap_error': 0.07222502535281973, 'shap_norm_sq': 1078.9618703125723, 'weighted_error': 1.048424987209534, 'gamma': 1.4958859492263226, 'normalized_gamma': 0.0014}
{'sample_size': 100, 'difference': 0, 'noise': 0.5, 'n': 10, 'shap_error': 0.1143320317516938, 'shap_norm_sq': 1078.9618703125723, 'weighted_error': 1.0766562449733115, 'gamma': 1.4958859492263226, 'normalized_gamma': 0.0014}
{'sample_size': 100, 'difference': 0, 'noise': 1, 'n': 10, 'shap_error': 0.1183133692199137, 'shap_norm_sq': 1078.9618703125723, 'weighted_error': 1.0793230579591597, 'gamma': 1.4958859492263226, 'normalized_gamma': 0.0014}
{'sample_size': 100, 'difference': 0, 'noise': 0.0005, 'n': 10, 'shap_error': 0.10017212836525036, 'shap_norm_sq': 2495.3920027832633, 'weighted_error': 1.0742655627889643, 'gamma': 2.9973636917383883, 'normalized_gamma': 0.0012}
{'sample_size': 100, 'difference': 0, 'noise': 0.001, 'n': 10, 'shap_error': 0.0966992169807031, 'shap_norm_sq': 2495.3920027832633, 'weighted_error': 1.0716908124227142, 'gamma': 2.9973636917383883, 'normalized_gamma': 0.0012}
{'sample_size': 100, 'difference': 0, 'noise': 0.005, 'n': 10, 'shap_error': 0.043714613173554955, 'shap_norm_sq': 2495.3920027832633, 'weighted_error': 1.0324091376886282, 'gamma': 2.9973636917383883, 'normalized_gamma': 0.0012}
{'sample_size': 100, 'difference': 0, 'noise': 0.01, 'n': 10, 'shap_error': 0.04881556507856847, 'shap_norm_sq': 2495.3920027832633, 'weighted_error': 1.0361909271037482, 'gamma': 2.9973636917383883, 'normalized_gamma': 0.0012}
{'sample_size': 100, 'difference': 0, 'noise': 0.05, 'n': 10, 'shap_error': 0.0978178413806301, 'shap_norm_sq': 2495.3920027832633, 'weighted_error': 1.0725201364869068, 'gamma': 2.9973636917383883, 'normalized_gamma': 0.0012}
{'sample_size': 100, 'difference': 0, 'noise': 0.1, 'n': 10, 'shap_error': 0.11391831376894457, 'shap_norm_sq': 2495.3920027832633, 'weighted_error': 1.0844569250496015, 'gamma': 2.9973636917383883, 'normalized_gamma': 0.0012}
{'sample_size': 100, 'difference': 0, 'noise': 0.5, 'n': 10, 'shap_error': 0.098817858748939, 'shap_norm_sq': 2495.3920027832633, 'weighted_error': 1.0732608258940648, 'gamma': 2.9973636917383883, 'normalized_gamma': 0.0012}
{'sample_size': 100, 'difference': 0, 'noise': 1, 'n': 10, 'shap_error': 0.07582585958279871, 'shap_norm_sq': 2495.3920027832633, 'weighted_error': 1.05621339902807, 'gamma': 2.9973636917383883, 'normalized_gamma': 0.0012}
{'sample_size': 100, 'difference': 0, 'noise': 0.0005, 'n': 10, 'shap_error': 0.13366447053217512, 'shap_norm_sq': 1728.1391696764142, 'weighted_error': 1.043262700654009, 'gamma': 3.2629896479879745, 'normalized_gamma': 0.0019}
{'sample_size': 100, 'difference': 0, 'noise': 0.001, 'n': 10, 'shap_error': 0.1977721428679558, 'shap_norm_sq': 1728.1391696764142, 'weighted_error': 1.064012310950489, 'gamma': 3.2629896479879745, 'normalized_gamma': 0.0019}
{'sample_size': 100, 'difference': 0, 'noise': 0.005, 'n': 10, 'shap_error': 0.5700410737485379, 'shap_norm_sq': 1728.1391696764142, 'weighted_error': 1.1845032006110376, 'gamma': 3.2629896479879745, 'normalized_gamma': 0.0019}
{'sample_size': 100, 'difference': 0, 'noise': 0.01, 'n': 10, 'shap_error': 0.3499055037390054, 'shap_norm_sq': 1728.1391696764142, 'weighted_error': 1.11325287049528, 'gamma': 3.2629896479879745, 'normalized_gamma': 0.0019}
{'sample_size': 100, 'difference': 0, 'noise': 0.05, 'n': 10, 'shap_error': 0.3124919276969102, 'shap_norm_sq': 1728.1391696764142, 'weighted_error': 1.1011429709889555, 'gamma': 3.2629896479879745, 'normalized_gamma': 0.0019}
{'sample_size': 100, 'difference': 0, 'noise': 0.1, 'n': 10, 'shap_error': 0.21360530005310446, 'shap_norm_sq': 1728.1391696764142, 'weighted_error': 1.0691363763483896, 'gamma': 3.2629896479879745, 'normalized_gamma': 0.0019}
{'sample_size': 100, 'difference': 0, 'noise': 0.5, 'n': 10, 'shap_error': 0.22958430446788258, 'shap_norm_sq': 1728.1391696764142, 'weighted_error': 1.0742956263413963, 'gamma': 3.2629896479879745, 'normalized_gamma': 0.0019}
{'sample_size': 100, 'difference': 0, 'noise': 1, 'n': 10, 'shap_error': 0.3025395537680033, 'shap_norm_sq': 1728.1391696764142, 'weighted_error': 1.0978694622761778, 'gamma': 3.2629896479879745, 'normalized_gamma': 0.0019}
{'sample_size': 100, 'difference': 0, 'noise': 0.0005, 'n': 10, 'shap_error': 0.00596028596566402, 'shap_norm_sq': 2716.7105743894367, 'weighted_error': 1.0946194675918814, 'gamma': 0.06655590740698626, 'normalized_gamma': 2.4e-05}
{'sample_size': 100, 'difference': 0, 'noise': 0.001, 'n': 10, 'shap_error': 0.002761529240293076, 'shap_norm_sq': 2716.7105743894367, 'weighted_error': 1.0438389940635793, 'gamma': 0.06655590740698626, 'normalized_gamma': 2.4e-05}
{'sample_size': 100, 'difference': 0, 'noise': 0.005, 'n': 10, 'shap_error': 0.0024326161285062532, 'shap_norm_sq': 2716.7105743894367, 'weighted_error': 1.0386175561455333, 'gamma': 0.06655590740698626, 'normalized_gamma': 2.4e-05}
{'sample_size': 100, 'difference': 0, 'noise': 0.01, 'n': 10, 'shap_error': 0.001814120587295297, 'shap_norm_sq': 2716.7105743894367, 'weighted_error': 1.0287990157681806, 'gamma': 0.06655590740698626, 'normalized_gamma': 2.4e-05}
{'sample_size': 100, 'difference': 0, 'noise': 0.05, 'n': 10, 'shap_error': 0.003584140131622098, 'shap_norm_sq': 2716.7105743894367, 'weighted_error': 1.0568980785365205, 'gamma': 0.06655590740698626, 'normalized_gamma': 2.4e-05}
{'sample_size': 100, 'difference': 0, 'noise': 0.1, 'n': 10, 'shap_error': 0.0009046258105787577, 'shap_norm_sq': 2716.7105743894367, 'weighted_error': 1.0143605508209224, 'gamma': 0.06655590740698626, 'normalized_gamma': 2.4e-05}
{'sample_size': 100, 'difference': 0, 'noise': 0.5, 'n': 10, 'shap_error': 0.0033887222445859524, 'shap_norm_sq': 2716.7105743894367, 'weighted_error': 1.053788563083419, 'gamma': 0.06655590740698626, 'normalized_gamma': 2.4e-05}
{'sample_size': 100, 'difference': 0, 'noise': 1, 'n': 10, 'shap_error': 0.004630827373995301, 'shap_norm_sq': 2716.7105743894367, 'weighted_error': 1.0734845367796702, 'gamma': 0.06655590740698626, 'normalized_gamma': 2.4e-05}
{'sample_size': 100, 'difference': 0, 'noise': 0.0005, 'n': 10, 'shap_error': 0.665985433502769, 'shap_norm_sq': 613.7023286160955, 'weighted_error': 1.1048652904434673, 'gamma': 7.20259012591899, 'normalized_gamma': 0.012}
{'sample_size': 100, 'difference': 0, 'noise': 0.001, 'n': 10, 'shap_error': 0.7711296315121785, 'shap_norm_sq': 613.7023286160955, 'weighted_error': 1.1214213928339591, 'gamma': 7.20259012591899, 'normalized_gamma': 0.012}
{'sample_size': 100, 'difference': 0, 'noise': 0.005, 'n': 10, 'shap_error': 0.567665582703519, 'shap_norm_sq': 613.7023286160955, 'weighted_error': 1.0893840940401662, 'gamma': 7.20259012591899, 'normalized_gamma': 0.012}
{'sample_size': 100, 'difference': 0, 'noise': 0.01, 'n': 10, 'shap_error': 0.6332245019432031, 'shap_norm_sq': 613.7023286160955, 'weighted_error': 1.0997070623750909, 'gamma': 7.20259012591899, 'normalized_gamma': 0.012}
{'sample_size': 100, 'difference': 0, 'noise': 0.05, 'n': 10, 'shap_error': 0.1870387263651521, 'shap_norm_sq': 613.7023286160955, 'weighted_error': 1.0294506797938596, 'gamma': 7.20259012591899, 'normalized_gamma': 0.012}
{'sample_size': 100, 'difference': 0, 'noise': 0.1, 'n': 10, 'shap_error': 0.5154679884978107, 'shap_norm_sq': 613.7023286160955, 'weighted_error': 1.0811640214103504, 'gamma': 7.20259012591899, 'normalized_gamma': 0.012}
{'sample_size': 100, 'difference': 0, 'noise': 0.5, 'n': 10, 'shap_error': 0.5897395239190718, 'shap_norm_sq': 613.7023286160955, 'weighted_error': 1.0928319719427455, 'gamma': 7.20259012591899, 'normalized_gamma': 0.012}
{'sample_size': 100, 'difference': 0, 'noise': 1, 'n': 10, 'shap_error': 0.3872995498289866, 'shap_norm_sq': 613.7023286160955, 'weighted_error': 1.0608723283968946, 'gamma': 7.20259012591899, 'normalized_gamma': 0.012}
{'sample_size': 100, 'difference': 0, 'noise': 0.0005, 'n': 10, 'shap_error': 0.043018552647804714, 'shap_norm_sq': 1277.4214122391115, 'weighted_error': 1.086832963737479, 'gamma': 0.5574440648179769, 'normalized_gamma': 0.00044}
{'sample_size': 100, 'difference': 0, 'noise': 0.001, 'n': 10, 'shap_error': 0.02435773042371684, 'shap_norm_sq': 1277.4214122391115, 'weighted_error': 1.0491661142618776, 'gamma': 0.5574440648179769, 'normalized_gamma': 0.00044}
{'sample_size': 100, 'difference': 0, 'noise': 0.005, 'n': 10, 'shap_error': 0.01933502849507926, 'shap_norm_sq': 1277.4214122391115, 'weighted_error': 1.0390278910440067, 'gamma': 0.5574440648179769, 'normalized_gamma': 0.00044}
{'sample_size': 100, 'difference': 0, 'noise': 0.01, 'n': 10, 'shap_error': 0.030061489138707775, 'shap_norm_sq': 1277.4214122391115, 'weighted_error': 1.0606789378020645, 'gamma': 0.5574440648179769, 'normalized_gamma': 0.00044}
{'sample_size': 100, 'difference': 0, 'noise': 0.05, 'n': 10, 'shap_error': 0.047814245726341596, 'shap_norm_sq': 1277.4214122391115, 'weighted_error': 1.0965119430507304, 'gamma': 0.5574440648179769, 'normalized_gamma': 0.00044}
{'sample_size': 100, 'difference': 0, 'noise': 0.1, 'n': 10, 'shap_error': 0.03363095565594593, 'shap_norm_sq': 1277.4214122391115, 'weighted_error': 1.0678785853408348, 'gamma': 0.5574440648179769, 'normalized_gamma': 0.00044}
{'sample_size': 100, 'difference': 0, 'noise': 0.5, 'n': 10, 'shap_error': 0.04989132813836452, 'shap_norm_sq': 1277.4214122391115, 'weighted_error': 1.10056753898613, 'gamma': 0.5574440648179769, 'normalized_gamma': 0.00044}
{'sample_size': 100, 'difference': 0, 'noise': 1, 'n': 10, 'shap_error': 0.028175216925337834, 'shap_norm_sq': 1277.4214122391115, 'weighted_error': 1.0563187174064375, 'gamma': 0.5574440648179769, 'normalized_gamma': 0.00044}
{'sample_size': 100, 'difference': 0, 'noise': 0.0005, 'n': 10, 'shap_error': 0.14601757567752588, 'shap_norm_sq': 582.7705059484754, 'weighted_error': 1.097575539540152, 'gamma': 1.551589850689734, 'normalized_gamma': 0.0027}
{'sample_size': 100, 'difference': 0, 'noise': 0.001, 'n': 10, 'shap_error': 0.10184849945941551, 'shap_norm_sq': 582.7705059484754, 'weighted_error': 1.0680598229770564, 'gamma': 1.551589850689734, 'normalized_gamma': 0.0027}
{'sample_size': 100, 'difference': 0, 'noise': 0.005, 'n': 10, 'shap_error': 0.03410951946113736, 'shap_norm_sq': 582.7705059484754, 'weighted_error': 1.0227935065225875, 'gamma': 1.551589850689734, 'normalized_gamma': 0.0027}
{'sample_size': 100, 'difference': 0, 'noise': 0.01, 'n': 10, 'shap_error': 0.08035447778075992, 'shap_norm_sq': 582.7705059484754, 'weighted_error': 1.0536962001084638, 'gamma': 1.551589850689734, 'normalized_gamma': 0.0027}
{'sample_size': 100, 'difference': 0, 'noise': 0.05, 'n': 10, 'shap_error': 0.062163652170036596, 'shap_norm_sq': 582.7705059484754, 'weighted_error': 1.0415402360693284, 'gamma': 1.551589850689734, 'normalized_gamma': 0.0027}
{'sample_size': 100, 'difference': 0, 'noise': 0.1, 'n': 10, 'shap_error': 0.07764989562181648, 'shap_norm_sq': 582.7705059484754, 'weighted_error': 1.051888652559379, 'gamma': 1.551589850689734, 'normalized_gamma': 0.0027}
{'sample_size': 100, 'difference': 0, 'noise': 0.5, 'n': 10, 'shap_error': 0.13245416302767343, 'shap_norm_sq': 582.7705059484754, 'weighted_error': 1.088505594340153, 'gamma': 1.551589850689734, 'normalized_gamma': 0.0027}
{'sample_size': 100, 'difference': 0, 'noise': 1, 'n': 10, 'shap_error': 0.08063061590570529, 'shap_norm_sq': 582.7705059484754, 'weighted_error': 1.053856261364716, 'gamma': 1.551589850689734, 'normalized_gamma': 0.0027}
{'sample_size': 100, 'difference': 0, 'noise': 0.0005, 'n': 10, 'shap_error': 0.013436937354070226, 'shap_norm_sq': 2008.3821122042905, 'weighted_error': 1.0485720070065965, 'gamma': 0.27992071798071594, 'normalized_gamma': 0.00014}
{'sample_size': 100, 'difference': 0, 'noise': 0.001, 'n': 10, 'shap_error': 0.020055774401895755, 'shap_norm_sq': 2008.3821122042905, 'weighted_error': 1.0724977510087046, 'gamma': 0.27992071798071594, 'normalized_gamma': 0.00014}
{'sample_size': 100, 'difference': 0, 'noise': 0.005, 'n': 10, 'shap_error': 0.02851608638229616, 'shap_norm_sq': 2008.3821122042905, 'weighted_error': 1.1030804645958678, 'gamma': 0.27992071798071594, 'normalized_gamma': 0.00014}
{'sample_size': 100, 'difference': 0, 'noise': 0.01, 'n': 10, 'shap_error': 0.01556282912604716, 'shap_norm_sq': 2008.3821122042905, 'weighted_error': 1.0562565925351097, 'gamma': 0.27992071798071594, 'normalized_gamma': 0.00014}
{'sample_size': 100, 'difference': 0, 'noise': 0.05, 'n': 10, 'shap_error': 0.019389910982180795, 'shap_norm_sq': 2008.3821122042905, 'weighted_error': 1.0700907514344624, 'gamma': 0.27992071798071594, 'normalized_gamma': 0.00014}
{'sample_size': 100, 'difference': 0, 'noise': 0.1, 'n': 10, 'shap_error': 0.0213053460100544, 'shap_norm_sq': 2008.3821122042905, 'weighted_error': 1.0770151123285303, 'gamma': 0.27992071798071594, 'normalized_gamma': 0.00014}
{'sample_size': 100, 'difference': 0, 'noise': 0.5, 'n': 10, 'shap_error': 0.020533660118750102, 'shap_norm_sq': 2008.3821122042905, 'weighted_error': 1.0742242923492573, 'gamma': 0.27992071798071594, 'normalized_gamma': 0.00014}
{'sample_size': 100, 'difference': 0, 'noise': 1, 'n': 10, 'shap_error': 0.016645193328454107, 'shap_norm_sq': 2008.3821122042905, 'weighted_error': 1.060164767093923, 'gamma': 0.27992071798071594, 'normalized_gamma': 0.00014}
{'sample_size': 100, 'difference': 0, 'noise': 0.0005, 'n': 10, 'shap_error': 0.01722164641547096, 'shap_norm_sq': 1910.2052775098996, 'weighted_error': 1.072460065132222, 'gamma': 0.25773202677179563, 'normalized_gamma': 0.00013}
{'sample_size': 100, 'difference': 0, 'noise': 0.001, 'n': 10, 'shap_error': 0.013248669739947174, 'shap_norm_sq': 1910.2052775098996, 'weighted_error': 1.0557437720974594, 'gamma': 0.25773202677179563, 'normalized_gamma': 0.00013}
{'sample_size': 100, 'difference': 0, 'noise': 0.005, 'n': 10, 'shap_error': 0.004812877302935803, 'shap_norm_sq': 1910.2052775098996, 'weighted_error': 1.0202501798413723, 'gamma': 0.25773202677179563, 'normalized_gamma': 0.00013}
{'sample_size': 100, 'difference': 0, 'noise': 0.01, 'n': 10, 'shap_error': 0.0232619523074511, 'shap_norm_sq': 1910.2052775098996, 'weighted_error': 1.0978748753493925, 'gamma': 0.25773202677179563, 'normalized_gamma': 0.00013}
{'sample_size': 100, 'difference': 0, 'noise': 0.05, 'n': 10, 'shap_error': 0.028966073122900185, 'shap_norm_sq': 1910.2052775098996, 'weighted_error': 1.1218744867867079, 'gamma': 0.25773202677179563, 'normalized_gamma': 0.00013}
{'sample_size': 100, 'difference': 0, 'noise': 0.1, 'n': 10, 'shap_error': 0.004992670018771254, 'shap_norm_sq': 1910.2052775098996, 'weighted_error': 1.0210050035060083, 'gamma': 0.25773202677179563, 'normalized_gamma': 0.00013}
{'sample_size': 100, 'difference': 0, 'noise': 0.5, 'n': 10, 'shap_error': 0.013833048834029197, 'shap_norm_sq': 1910.2052775098996, 'weighted_error': 1.0581626670538262, 'gamma': 0.25773202677179563, 'normalized_gamma': 0.00013}
{'sample_size': 100, 'difference': 0, 'noise': 1, 'n': 10, 'shap_error': 0.01373916626611158, 'shap_norm_sq': 1910.2052775098996, 'weighted_error': 1.0576475593459034, 'gamma': 0.25773202677179563, 'normalized_gamma': 0.00013}
{'sample_size': 100, 'difference': 0, 'noise': 0.0005, 'n': 10, 'shap_error': 0.0033477118584827356, 'shap_norm_sq': 1422.226326224394, 'weighted_error': 1.0493113341295703, 'gamma': 0.07416028255007456, 'normalized_gamma': 5.2e-05}
{'sample_size': 100, 'difference': 0, 'noise': 0.001, 'n': 10, 'shap_error': 0.004273516653154629, 'shap_norm_sq': 1422.226326224394, 'weighted_error': 1.0629493583535605, 'gamma': 0.07416028255007456, 'normalized_gamma': 5.2e-05}
{'sample_size': 100, 'difference': 0, 'noise': 0.005, 'n': 10, 'shap_error': 0.0027252766978683634, 'shap_norm_sq': 1422.226326224394, 'weighted_error': 1.040142833126498, 'gamma': 0.07416028255007456, 'normalized_gamma': 5.2e-05}
{'sample_size': 100, 'difference': 0, 'noise': 0.01, 'n': 10, 'shap_error': 0.003810163362291046, 'shap_norm_sq': 1422.226326224394, 'weighted_error': 1.0561236833482508, 'gamma': 0.07416028255007456, 'normalized_gamma': 5.2e-05}
{'sample_size': 100, 'difference': 0, 'noise': 0.05, 'n': 10, 'shap_error': 0.007794666219557246, 'shap_norm_sq': 1422.226326224394, 'weighted_error': 1.114813563853708, 'gamma': 0.07416028255007456, 'normalized_gamma': 5.2e-05}
{'sample_size': 100, 'difference': 0, 'noise': 0.1, 'n': 10, 'shap_error': 0.0021940660315377084, 'shap_norm_sq': 1422.226326224394, 'weighted_error': 1.032313518950995, 'gamma': 0.07416028255007456, 'normalized_gamma': 5.2e-05}
{'sample_size': 100, 'difference': 0, 'noise': 0.5, 'n': 10, 'shap_error': 0.0035860587915337565, 'shap_norm_sq': 1422.226326224394, 'weighted_error': 1.0526939570290466, 'gamma': 0.07416028255007456, 'normalized_gamma': 5.2e-05}
{'sample_size': 100, 'difference': 0, 'noise': 1, 'n': 10, 'shap_error': 0.003611241317851128, 'shap_norm_sq': 1422.226326224394, 'weighted_error': 1.0526800982466515, 'gamma': 0.07416028255007456, 'normalized_gamma': 5.2e-05}
{'sample_size': 100, 'difference': 0, 'noise': 0.0005, 'n': 10, 'shap_error': 0.004956845177155703, 'shap_norm_sq': 6791.0212753913975, 'weighted_error': 1.0287646209355745, 'gamma': 0.2885894905408731, 'normalized_gamma': 4.2e-05}
{'sample_size': 100, 'difference': 0, 'noise': 0.001, 'n': 10, 'shap_error': 0.003750329692977257, 'shap_norm_sq': 6791.0212753913975, 'weighted_error': 1.021763044477186, 'gamma': 0.2885894905408731, 'normalized_gamma': 4.2e-05}
{'sample_size': 100, 'difference': 0, 'noise': 0.005, 'n': 10, 'shap_error': 0.007376453770095475, 'shap_norm_sq': 6791.0212753913975, 'weighted_error': 1.0428055271495895, 'gamma': 0.2885894905408731, 'normalized_gamma': 4.2e-05}
{'sample_size': 100, 'difference': 0, 'noise': 0.01, 'n': 10, 'shap_error': 0.009822181995144449, 'shap_norm_sq': 6791.0212753913975, 'weighted_error': 1.0569977888780708, 'gamma': 0.2885894905408731, 'normalized_gamma': 4.2e-05}
{'sample_size': 100, 'difference': 0, 'noise': 0.05, 'n': 10, 'shap_error': 0.009508771812758407, 'shap_norm_sq': 6791.0212753913975, 'weighted_error': 1.055178323275236, 'gamma': 0.2885894905408731, 'normalized_gamma': 4.2e-05}
{'sample_size': 100, 'difference': 0, 'noise': 0.1, 'n': 10, 'shap_error': 0.012001811178813404, 'shap_norm_sq': 6791.0212753913975, 'weighted_error': 1.0696426829966046, 'gamma': 0.2885894905408731, 'normalized_gamma': 4.2e-05}
{'sample_size': 100, 'difference': 0, 'noise': 0.5, 'n': 10, 'shap_error': 0.003983900140277203, 'shap_norm_sq': 6791.0212753913975, 'weighted_error': 1.023008010737136, 'gamma': 0.2885894905408731, 'normalized_gamma': 4.2e-05}
{'sample_size': 100, 'difference': 0, 'noise': 1, 'n': 10, 'shap_error': 0.006160950149452652, 'shap_norm_sq': 6791.0212753913975, 'weighted_error': 1.0353078740988229, 'gamma': 0.2885894905408731, 'normalized_gamma': 4.2e-05}
{'sample_size': 100, 'difference': 0, 'noise': 0.0005, 'n': 10, 'shap_error': 0.03172482212870014, 'shap_norm_sq': 1742.010090162972, 'weighted_error': 1.096934554237224, 'gamma': 0.6323371507572394, 'normalized_gamma': 0.00036}
{'sample_size': 100, 'difference': 0, 'noise': 0.001, 'n': 10, 'shap_error': 0.031862716547333865, 'shap_norm_sq': 1742.010090162972, 'weighted_error': 1.0973555079658996, 'gamma': 0.6323371507572394, 'normalized_gamma': 0.00036}
{'sample_size': 100, 'difference': 0, 'noise': 0.005, 'n': 10, 'shap_error': 0.008872867647807816, 'shap_norm_sq': 1742.010090162972, 'weighted_error': 1.0271109047341649, 'gamma': 0.6323371507572394, 'normalized_gamma': 0.00036}
{'sample_size': 100, 'difference': 0, 'noise': 0.01, 'n': 10, 'shap_error': 0.020669207073626284, 'shap_norm_sq': 1742.010090162972, 'weighted_error': 1.0631543426744576, 'gamma': 0.6323371507572394, 'normalized_gamma': 0.00036}
{'sample_size': 100, 'difference': 0, 'noise': 0.05, 'n': 10, 'shap_error': 0.03053706556489913, 'shap_norm_sq': 1742.010090162972, 'weighted_error': 1.0933050610073056, 'gamma': 0.6323371507572394, 'normalized_gamma': 0.00036}
{'sample_size': 100, 'difference': 0, 'noise': 0.1, 'n': 10, 'shap_error': 0.010493513932158641, 'shap_norm_sq': 1742.010090162972, 'weighted_error': 1.0320616847507786, 'gamma': 0.6323371507572394, 'normalized_gamma': 0.00036}
{'sample_size': 100, 'difference': 0, 'noise': 0.5, 'n': 10, 'shap_error': 0.007822495819110951, 'shap_norm_sq': 1742.010090162972, 'weighted_error': 1.0238768192551084, 'gamma': 0.6323371507572394, 'normalized_gamma': 0.00036}
{'sample_size': 100, 'difference': 0, 'noise': 1, 'n': 10, 'shap_error': 0.013122146777221505, 'shap_norm_sq': 1742.010090162972, 'weighted_error': 1.039996179896735, 'gamma': 0.6323371507572394, 'normalized_gamma': 0.00036}
{'sample_size': 100, 'difference': 0, 'noise': 0.0005, 'n': 10, 'shap_error': 0.11258297560090712, 'shap_norm_sq': 4175.836153111268, 'weighted_error': 1.0613205353189115, 'gamma': 1.868176373368519, 'normalized_gamma': 0.00045}
{'sample_size': 100, 'difference': 0, 'noise': 0.001, 'n': 10, 'shap_error': 0.1017817375334516, 'shap_norm_sq': 4175.836153111268, 'weighted_error': 1.0554374481333697, 'gamma': 1.868176373368519, 'normalized_gamma': 0.00045}
{'sample_size': 100, 'difference': 0, 'noise': 0.005, 'n': 10, 'shap_error': 0.12011422449737595, 'shap_norm_sq': 4175.836153111268, 'weighted_error': 1.065422574832851, 'gamma': 1.868176373368519, 'normalized_gamma': 0.00045}
{'sample_size': 100, 'difference': 0, 'noise': 0.01, 'n': 10, 'shap_error': 0.21266175016465175, 'shap_norm_sq': 4175.836153111268, 'weighted_error': 1.1158305004387827, 'gamma': 1.868176373368519, 'normalized_gamma': 0.00045}
{'sample_size': 100, 'difference': 0, 'noise': 0.05, 'n': 10, 'shap_error': 0.10522546618127905, 'shap_norm_sq': 4175.836153111268, 'weighted_error': 1.057313265690536, 'gamma': 1.868176373368519, 'normalized_gamma': 0.00045}
{'sample_size': 100, 'difference': 0, 'noise': 0.1, 'n': 10, 'shap_error': 0.30053436562812447, 'shap_norm_sq': 4175.836153111268, 'weighted_error': 1.1636921577477588, 'gamma': 1.868176373368519, 'normalized_gamma': 0.00045}
{'sample_size': 100, 'difference': 0, 'noise': 0.5, 'n': 10, 'shap_error': 0.20636866271723894, 'shap_norm_sq': 4175.836153111268, 'weighted_error': 1.1123997949231759, 'gamma': 1.868176373368519, 'normalized_gamma': 0.00045}
{'sample_size': 100, 'difference': 0, 'noise': 1, 'n': 10, 'shap_error': 0.1141779268226113, 'shap_norm_sq': 4175.836153111268, 'weighted_error': 1.062177358544131, 'gamma': 1.868176373368519, 'normalized_gamma': 0.00045}
{'sample_size': 100, 'difference': 0, 'noise': 0.0005, 'n': 10, 'shap_error': 0.01790798458825876, 'shap_norm_sq': 1557.345174104217, 'weighted_error': 1.0543998027059989, 'gamma': 0.4316769917631658, 'normalized_gamma': 0.00028}
{'sample_size': 100, 'difference': 0, 'noise': 0.001, 'n': 10, 'shap_error': 0.02537094110935644, 'shap_norm_sq': 1557.345174104217, 'weighted_error': 1.0770703114226479, 'gamma': 0.4316769917631658, 'normalized_gamma': 0.00028}
{'sample_size': 100, 'difference': 0, 'noise': 0.005, 'n': 10, 'shap_error': 0.030753495143978227, 'shap_norm_sq': 1557.345174104217, 'weighted_error': 1.0934209786821616, 'gamma': 0.4316769917631658, 'normalized_gamma': 0.00028}
{'sample_size': 100, 'difference': 0, 'noise': 0.01, 'n': 10, 'shap_error': 0.02682738857594656, 'shap_norm_sq': 1557.345174104217, 'weighted_error': 1.0814944914354057, 'gamma': 0.4316769917631658, 'normalized_gamma': 0.00028}
{'sample_size': 100, 'difference': 0, 'noise': 0.05, 'n': 10, 'shap_error': 0.02325991031814697, 'shap_norm_sq': 1557.345174104217, 'weighted_error': 1.0706570934037238, 'gamma': 0.4316769917631658, 'normalized_gamma': 0.00028}
{'sample_size': 100, 'difference': 0, 'noise': 0.1, 'n': 10, 'shap_error': 0.020430028799753173, 'shap_norm_sq': 1557.345174104217, 'weighted_error': 1.062059902315918, 'gamma': 0.4316769917631658, 'normalized_gamma': 0.00028}
{'sample_size': 100, 'difference': 0, 'noise': 0.5, 'n': 10, 'shap_error': 0.01786083823515055, 'shap_norm_sq': 1557.345174104217, 'weighted_error': 1.0542288466093082, 'gamma': 0.4316769917631658, 'normalized_gamma': 0.00028}
{'sample_size': 100, 'difference': 0, 'noise': 1, 'n': 10, 'shap_error': 0.011790148616822678, 'shap_norm_sq': 1557.345174104217, 'weighted_error': 1.0357046625668367, 'gamma': 0.4316769917631658, 'normalized_gamma': 0.00028}
{'sample_size': 100, 'difference': 0, 'noise': 0.0005, 'n': 10, 'shap_error': 0.03850712579720464, 'shap_norm_sq': 1215.3524434271892, 'weighted_error': 1.0823943701254117, 'gamma': 0.4685802990911461, 'normalized_gamma': 0.00039}
{'sample_size': 100, 'difference': 0, 'noise': 0.001, 'n': 10, 'shap_error': 0.04038495832082385, 'shap_norm_sq': 1215.3524434271892, 'weighted_error': 1.0864122292246323, 'gamma': 0.4685802990911461, 'normalized_gamma': 0.00039}
{'sample_size': 100, 'difference': 0, 'noise': 0.005, 'n': 10, 'shap_error': 0.03359503962520515, 'shap_norm_sq': 1215.3524434271892, 'weighted_error': 1.071883568533526, 'gamma': 0.4685802990911461, 'normalized_gamma': 0.00039}
{'sample_size': 100, 'difference': 0, 'noise': 0.01, 'n': 10, 'shap_error': 0.023171849600825523, 'shap_norm_sq': 1215.3524434271892, 'weighted_error': 1.0495810717663334, 'gamma': 0.4685802990911461, 'normalized_gamma': 0.00039}
{'sample_size': 100, 'difference': 0, 'noise': 0.05, 'n': 10, 'shap_error': 0.032124106182398825, 'shap_norm_sq': 1215.3524434271892, 'weighted_error': 1.0687356418842606, 'gamma': 0.4685802990911461, 'normalized_gamma': 0.00039}
{'sample_size': 100, 'difference': 0, 'noise': 0.1, 'n': 10, 'shap_error': 0.05833376677927993, 'shap_norm_sq': 1215.3524434271892, 'weighted_error': 1.1248150305986497, 'gamma': 0.4685802990911461, 'normalized_gamma': 0.00039}
{'sample_size': 100, 'difference': 0, 'noise': 0.5, 'n': 10, 'shap_error': 0.03215373173590989, 'shap_norm_sq': 1215.3524434271892, 'weighted_error': 1.068743725959095, 'gamma': 0.4685802990911461, 'normalized_gamma': 0.00039}
{'sample_size': 100, 'difference': 0, 'noise': 1, 'n': 10, 'shap_error': 0.03373909727040252, 'shap_norm_sq': 1215.3524434271892, 'weighted_error': 1.0719677992174004, 'gamma': 0.4685802990911461, 'normalized_gamma': 0.00039}
{'sample_size': 100, 'difference': 0, 'noise': 0.0005, 'n': 10, 'shap_error': 0.004593008834460057, 'shap_norm_sq': 544.1731411418593, 'weighted_error': 1.0338560954898899, 'gamma': 0.1451016317364097, 'normalized_gamma': 0.00027}
{'sample_size': 100, 'difference': 0, 'noise': 0.001, 'n': 10, 'shap_error': 0.009619964680877873, 'shap_norm_sq': 544.1731411418593, 'weighted_error': 1.070911158274762, 'gamma': 0.1451016317364097, 'normalized_gamma': 0.00027}
{'sample_size': 100, 'difference': 0, 'noise': 0.005, 'n': 10, 'shap_error': 0.009241941713358686, 'shap_norm_sq': 544.1731411418593, 'weighted_error': 1.0681252802522103, 'gamma': 0.1451016317364097, 'normalized_gamma': 0.00027}
{'sample_size': 100, 'difference': 0, 'noise': 0.01, 'n': 10, 'shap_error': 0.010093977948554841, 'shap_norm_sq': 544.1731411418593, 'weighted_error': 1.074404808554197, 'gamma': 0.1451016317364097, 'normalized_gamma': 0.00027}
{'sample_size': 100, 'difference': 0, 'noise': 0.05, 'n': 10, 'shap_error': 0.009397052597076998, 'shap_norm_sq': 544.1731411418593, 'weighted_error': 1.0692672377674544, 'gamma': 0.1451016317364097, 'normalized_gamma': 0.00027}
{'sample_size': 100, 'difference': 0, 'noise': 0.1, 'n': 10, 'shap_error': 0.007246339124469778, 'shap_norm_sq': 544.1731411418593, 'weighted_error': 1.053414560171676, 'gamma': 0.1451016317364097, 'normalized_gamma': 0.00027}
{'sample_size': 100, 'difference': 0, 'noise': 0.5, 'n': 10, 'shap_error': 0.015582012707491764, 'shap_norm_sq': 544.1731411418593, 'weighted_error': 1.114856507219694, 'gamma': 0.1451016317364097, 'normalized_gamma': 0.00027}
{'sample_size': 100, 'difference': 0, 'noise': 1, 'n': 10, 'shap_error': 0.01388363394035635, 'shap_norm_sq': 544.1731411418593, 'weighted_error': 1.1023312349544194, 'gamma': 0.1451016317364097, 'normalized_gamma': 0.00027}
{'sample_size': 100, 'difference': 0, 'noise': 0.0005, 'n': 10, 'shap_error': 0.015508855070121862, 'shap_norm_sq': 7331.448472925538, 'weighted_error': 1.0422661370120216, 'gamma': 0.5272284184921763, 'normalized_gamma': 7.2e-05}
{'sample_size': 100, 'difference': 0, 'noise': 0.001, 'n': 10, 'shap_error': 0.02152502062369911, 'shap_norm_sq': 7331.448472925538, 'weighted_error': 1.0586619005018791, 'gamma': 0.5272284184921763, 'normalized_gamma': 7.2e-05}
{'sample_size': 100, 'difference': 0, 'noise': 0.005, 'n': 10, 'shap_error': 0.024434373185380644, 'shap_norm_sq': 7331.448472925538, 'weighted_error': 1.066590590329969, 'gamma': 0.5272284184921763, 'normalized_gamma': 7.2e-05}
{'sample_size': 100, 'difference': 0, 'noise': 0.01, 'n': 10, 'shap_error': 0.035421107744141575, 'shap_norm_sq': 7331.448472925538, 'weighted_error': 1.096532622136681, 'gamma': 0.5272284184921763, 'normalized_gamma': 7.2e-05}
{'sample_size': 100, 'difference': 0, 'noise': 0.05, 'n': 10, 'shap_error': 0.015284412090198067, 'shap_norm_sq': 7331.448472925538, 'weighted_error': 1.0416544781992512, 'gamma': 0.5272284184921763, 'normalized_gamma': 7.2e-05}
{'sample_size': 100, 'difference': 0, 'noise': 0.1, 'n': 10, 'shap_error': 0.039849203821679696, 'shap_norm_sq': 7331.448472925538, 'weighted_error': 1.1086003280496755, 'gamma': 0.5272284184921763, 'normalized_gamma': 7.2e-05}
{'sample_size': 100, 'difference': 0, 'noise': 0.5, 'n': 10, 'shap_error': 0.0066903476515906175, 'shap_norm_sq': 7331.448472925538, 'weighted_error': 1.0182320951014951, 'gamma': 0.5272284184921763, 'normalized_gamma': 7.2e-05}
{'sample_size': 100, 'difference': 0, 'noise': 1, 'n': 10, 'shap_error': 0.038696185405534475, 'shap_norm_sq': 7331.448472925538, 'weighted_error': 1.1054547227880347, 'gamma': 0.5272284184921763, 'normalized_gamma': 7.2e-05}
{'sample_size': 100, 'difference': 0, 'noise': 0.0005, 'n': 10, 'shap_error': 0.0056414458655761335, 'shap_norm_sq': 1595.9858766196107, 'weighted_error': 1.1000067589047577, 'gamma': 0.06447481769458502, 'normalized_gamma': 4e-05}
{'sample_size': 100, 'difference': 0, 'noise': 0.001, 'n': 10, 'shap_error': 0.0034719785848530043, 'shap_norm_sq': 1595.9858766196107, 'weighted_error': 1.0615484643611672, 'gamma': 0.06447481769458502, 'normalized_gamma': 4e-05}
{'sample_size': 100, 'difference': 0, 'noise': 0.005, 'n': 10, 'shap_error': 0.0030523138456072327, 'shap_norm_sq': 1595.9858766196107, 'weighted_error': 1.05410842661476, 'gamma': 0.06447481769458502, 'normalized_gamma': 4e-05}
{'sample_size': 100, 'difference': 0, 'noise': 0.01, 'n': 10, 'shap_error': 0.004416209190649903, 'shap_norm_sq': 1595.9858766196107, 'weighted_error': 1.0782866506760558, 'gamma': 0.06447481769458502, 'normalized_gamma': 4e-05}
{'sample_size': 100, 'difference': 0, 'noise': 0.05, 'n': 10, 'shap_error': 0.0031428954736165827, 'shap_norm_sq': 1595.9858766196107, 'weighted_error': 1.0557130941838417, 'gamma': 0.06447481769458502, 'normalized_gamma': 4e-05}
{'sample_size': 100, 'difference': 0, 'noise': 0.1, 'n': 10, 'shap_error': 0.0017934344181738636, 'shap_norm_sq': 1595.9858766196107, 'weighted_error': 1.031787361910332, 'gamma': 0.06447481769458502, 'normalized_gamma': 4e-05}
{'sample_size': 100, 'difference': 0, 'noise': 0.5, 'n': 10, 'shap_error': 0.004371086659590077, 'shap_norm_sq': 1595.9858766196107, 'weighted_error': 1.077362363061025, 'gamma': 0.06447481769458502, 'normalized_gamma': 4e-05}
{'sample_size': 100, 'difference': 0, 'noise': 1, 'n': 10, 'shap_error': 0.004110193670850829, 'shap_norm_sq': 1595.9858766196107, 'weighted_error': 1.0723673379312644, 'gamma': 0.06447481769458502, 'normalized_gamma': 4e-05}
{'sample_size': 100, 'difference': 0, 'noise': 0.0005, 'n': 10, 'shap_error': 0.015901924904508407, 'shap_norm_sq': 3861.3065799075875, 'weighted_error': 1.031632247448036, 'gamma': 0.5655716119847434, 'normalized_gamma': 0.00015}
{'sample_size': 100, 'difference': 0, 'noise': 0.001, 'n': 10, 'shap_error': 0.04975430884391576, 'shap_norm_sq': 3861.3065799075875, 'weighted_error': 1.0989715698692581, 'gamma': 0.5655716119847434, 'normalized_gamma': 0.00015}
{'sample_size': 100, 'difference': 0, 'noise': 0.005, 'n': 10, 'shap_error': 0.05034610445821622, 'shap_norm_sq': 3861.3065799075875, 'weighted_error': 1.1001489585850235, 'gamma': 0.5655716119847434, 'normalized_gamma': 0.00015}
{'sample_size': 100, 'difference': 0, 'noise': 0.01, 'n': 10, 'shap_error': 0.034285030308863165, 'shap_norm_sq': 3861.3065799075875, 'weighted_error': 1.0681999968531168, 'gamma': 0.5655716119847434, 'normalized_gamma': 0.00015}
{'sample_size': 100, 'difference': 0, 'noise': 0.05, 'n': 10, 'shap_error': 0.0379587159296643, 'shap_norm_sq': 3861.3065799075875, 'weighted_error': 1.0755078780683598, 'gamma': 0.5655716119847434, 'normalized_gamma': 0.00015}
{'sample_size': 100, 'difference': 0, 'noise': 0.1, 'n': 10, 'shap_error': 0.06280723103011614, 'shap_norm_sq': 3861.3065799075875, 'weighted_error': 1.1249369412868286, 'gamma': 0.5655716119847434, 'normalized_gamma': 0.00015}
{'sample_size': 100, 'difference': 0, 'noise': 0.5, 'n': 10, 'shap_error': 0.01567934217092127, 'shap_norm_sq': 3861.3065799075875, 'weighted_error': 1.0311894474021486, 'gamma': 0.5655716119847434, 'normalized_gamma': 0.00015}
{'sample_size': 100, 'difference': 0, 'noise': 1, 'n': 10, 'shap_error': 0.024728158723424598, 'shap_norm_sq': 3861.3065799075875, 'weighted_error': 1.049189041244715, 'gamma': 0.5655716119847434, 'normalized_gamma': 0.00015}
{'sample_size': 100, 'difference': 0, 'noise': 0.0005, 'n': 10, 'shap_error': 0.010497974223923075, 'shap_norm_sq': 3068.7569838531335, 'weighted_error': 1.0977728503245037, 'gamma': 0.10759577504976421, 'normalized_gamma': 3.5e-05}
{'sample_size': 100, 'difference': 0, 'noise': 0.001, 'n': 10, 'shap_error': 0.003973746047242086, 'shap_norm_sq': 3068.7569838531335, 'weighted_error': 1.037009471681541, 'gamma': 0.10759577504976421, 'normalized_gamma': 3.5e-05}
{'sample_size': 100, 'difference': 0, 'noise': 0.005, 'n': 10, 'shap_error': 0.00246773652799782, 'shap_norm_sq': 3068.7569838531335, 'weighted_error': 1.022983206569051, 'gamma': 0.10759577504976421, 'normalized_gamma': 3.5e-05}
{'sample_size': 100, 'difference': 0, 'noise': 0.01, 'n': 10, 'shap_error': 0.0016758770132413517, 'shap_norm_sq': 3068.7569838531335, 'weighted_error': 1.0156082207809067, 'gamma': 0.10759577504976421, 'normalized_gamma': 3.5e-05}
{'sample_size': 100, 'difference': 0, 'noise': 0.05, 'n': 10, 'shap_error': 0.009275222900039718, 'shap_norm_sq': 3068.7569838531335, 'weighted_error': 1.0863814457692096, 'gamma': 0.10759577504976421, 'normalized_gamma': 3.5e-05}
{'sample_size': 100, 'difference': 0, 'noise': 0.1, 'n': 10, 'shap_error': 0.009968425102977463, 'shap_norm_sq': 3068.7569838531335, 'weighted_error': 1.0928282550416752, 'gamma': 0.10759577504976421, 'normalized_gamma': 3.5e-05}
{'sample_size': 100, 'difference': 0, 'noise': 0.5, 'n': 10, 'shap_error': 0.009137726515483925, 'shap_norm_sq': 3068.7569838531335, 'weighted_error': 1.0847804481602388, 'gamma': 0.10759577504976421, 'normalized_gamma': 3.5e-05}
{'sample_size': 100, 'difference': 0, 'noise': 1, 'n': 10, 'shap_error': 0.008899192313442758, 'shap_norm_sq': 3068.7569838531335, 'weighted_error': 1.0815866304173698, 'gamma': 0.10759577504976421, 'normalized_gamma': 3.5e-05}
{'sample_size': 100, 'difference': 0, 'noise': 0.0005, 'n': 10, 'shap_error': 0.09778125656163933, 'shap_norm_sq': 3696.299538842517, 'weighted_error': 1.101914328176829, 'gamma': 1.2537855459310572, 'normalized_gamma': 0.00034}
{'sample_size': 100, 'difference': 0, 'noise': 0.001, 'n': 10, 'shap_error': 0.060403901238661864, 'shap_norm_sq': 3696.299538842517, 'weighted_error': 1.0629571373700732, 'gamma': 1.2537855459310572, 'normalized_gamma': 0.00034}
{'sample_size': 100, 'difference': 0, 'noise': 0.005, 'n': 10, 'shap_error': 0.07471662497418068, 'shap_norm_sq': 3696.299538842517, 'weighted_error': 1.0778748448172901, 'gamma': 1.2537855459310572, 'normalized_gamma': 0.00034}
{'sample_size': 100, 'difference': 0, 'noise': 0.01, 'n': 10, 'shap_error': 0.031848615752303924, 'shap_norm_sq': 3696.299538842517, 'weighted_error': 1.0331947798943408, 'gamma': 1.2537855459310572, 'normalized_gamma': 0.00034}
{'sample_size': 100, 'difference': 0, 'noise': 0.05, 'n': 10, 'shap_error': 0.11349550221112671, 'shap_norm_sq': 3696.299538842517, 'weighted_error': 1.1182930444752985, 'gamma': 1.2537855459310572, 'normalized_gamma': 0.00034}
{'sample_size': 100, 'difference': 0, 'noise': 0.1, 'n': 10, 'shap_error': 0.03526119363728076, 'shap_norm_sq': 3696.299538842517, 'weighted_error': 1.0367516696651111, 'gamma': 1.2537855459310572, 'normalized_gamma': 0.00034}
{'sample_size': 100, 'difference': 0, 'noise': 0.5, 'n': 10, 'shap_error': 0.040259774967845004, 'shap_norm_sq': 3696.299538842517, 'weighted_error': 1.0419615381141696, 'gamma': 1.2537855459310572, 'normalized_gamma': 0.00034}
{'sample_size': 100, 'difference': 0, 'noise': 1, 'n': 10, 'shap_error': 0.08143701455176773, 'shap_norm_sq': 3696.299538842517, 'weighted_error': 1.084879200895939, 'gamma': 1.2537855459310572, 'normalized_gamma': 0.00034}
{'sample_size': 100, 'difference': 0, 'noise': 0.0005, 'n': 10, 'shap_error': 0.01470248833023374, 'shap_norm_sq': 1378.0400304678417, 'weighted_error': 1.0508337822228035, 'gamma': 0.29068796894739296, 'normalized_gamma': 0.00021}
{'sample_size': 100, 'difference': 0, 'noise': 0.001, 'n': 10, 'shap_error': 0.005517852622542095, 'shap_norm_sq': 1378.0400304678417, 'weighted_error': 1.0190779178142082, 'gamma': 0.29068796894739296, 'normalized_gamma': 0.00021}
{'sample_size': 100, 'difference': 0, 'noise': 0.005, 'n': 10, 'shap_error': 0.012288193269721883, 'shap_norm_sq': 1378.0400304678417, 'weighted_error': 1.0424859735678622, 'gamma': 0.29068796894739296, 'normalized_gamma': 0.00021}
{'sample_size': 100, 'difference': 0, 'noise': 0.01, 'n': 10, 'shap_error': 0.013047789727936545, 'shap_norm_sq': 1378.0400304678417, 'weighted_error': 1.0451122025764759, 'gamma': 0.29068796894739296, 'normalized_gamma': 0.00021}
{'sample_size': 100, 'difference': 0, 'noise': 0.05, 'n': 10, 'shap_error': 0.013251046486978346, 'shap_norm_sq': 1378.0400304678417, 'weighted_error': 1.0458149613826158, 'gamma': 0.29068796894739296, 'normalized_gamma': 0.00021}
{'sample_size': 100, 'difference': 0, 'noise': 0.1, 'n': 10, 'shap_error': 0.008637933845357628, 'shap_norm_sq': 1378.0400304678417, 'weighted_error': 1.0298639900215298, 'gamma': 0.29068796894739296, 'normalized_gamma': 0.00021}
{'sample_size': 100, 'difference': 0, 'noise': 0.5, 'n': 10, 'shap_error': 0.044287807898640466, 'shap_norm_sq': 1378.0400304678417, 'weighted_error': 1.1530848331040822, 'gamma': 0.29068796894739296, 'normalized_gamma': 0.00021}
{'sample_size': 100, 'difference': 0, 'noise': 1, 'n': 10, 'shap_error': 0.026785262055244185, 'shap_norm_sq': 1378.0400304678417, 'weighted_error': 1.092450401893609, 'gamma': 0.29068796894739296, 'normalized_gamma': 0.00021}
{'sample_size': 100, 'difference': 0, 'noise': 0.0005, 'n': 10, 'shap_error': 0.008206045313426147, 'shap_norm_sq': 2398.051082028523, 'weighted_error': 1.1066200623179652, 'gamma': 0.08158148251264348, 'normalized_gamma': 3.4e-05}
{'sample_size': 100, 'difference': 0, 'noise': 0.001, 'n': 10, 'shap_error': 0.0031384374636910413, 'shap_norm_sq': 2398.051082028523, 'weighted_error': 1.040777409656327, 'gamma': 0.08158148251264348, 'normalized_gamma': 3.4e-05}
{'sample_size': 100, 'difference': 0, 'noise': 0.005, 'n': 10, 'shap_error': 0.003688795348805382, 'shap_norm_sq': 2398.051082028523, 'weighted_error': 1.0479279738281897, 'gamma': 0.08158148251264348, 'normalized_gamma': 3.4e-05}
{'sample_size': 100, 'difference': 0, 'noise': 0.01, 'n': 10, 'shap_error': 0.0022127812870018563, 'shap_norm_sq': 2398.051082028523, 'weighted_error': 1.028750442642639, 'gamma': 0.08158148251264348, 'normalized_gamma': 3.4e-05}
{'sample_size': 100, 'difference': 0, 'noise': 0.05, 'n': 10, 'shap_error': 0.004582760364742419, 'shap_norm_sq': 2398.051082028523, 'weighted_error': 1.0595430053002193, 'gamma': 0.08158148251264348, 'normalized_gamma': 3.4e-05}
{'sample_size': 100, 'difference': 0, 'noise': 0.1, 'n': 10, 'shap_error': 0.0019584955547160866, 'shap_norm_sq': 2398.051082028523, 'weighted_error': 1.0254458873914447, 'gamma': 0.08158148251264348, 'normalized_gamma': 3.4e-05}
{'sample_size': 100, 'difference': 0, 'noise': 0.5, 'n': 10, 'shap_error': 0.0045191178396060735, 'shap_norm_sq': 2398.051082028523, 'weighted_error': 1.0586958461650344, 'gamma': 0.08158148251264348, 'normalized_gamma': 3.4e-05}
{'sample_size': 100, 'difference': 0, 'noise': 1, 'n': 10, 'shap_error': 0.009423824328509363, 'shap_norm_sq': 2398.051082028523, 'weighted_error': 1.1223598075265326, 'gamma': 0.08158148251264348, 'normalized_gamma': 3.4e-05}
{'sample_size': 100, 'difference': 0, 'noise': 0.0005, 'n': 10, 'shap_error': 0.012181300092354548, 'shap_norm_sq': 3139.8093916884122, 'weighted_error': 1.0881855857761087, 'gamma': 0.13843969551307425, 'normalized_gamma': 4.4e-05}
{'sample_size': 100, 'difference': 0, 'noise': 0.001, 'n': 10, 'shap_error': 0.014362232710810404, 'shap_norm_sq': 3139.8093916884122, 'weighted_error': 1.1039741833373622, 'gamma': 0.13843969551307425, 'normalized_gamma': 4.4e-05}
{'sample_size': 100, 'difference': 0, 'noise': 0.005, 'n': 10, 'shap_error': 0.011519183374418953, 'shap_norm_sq': 3139.8093916884122, 'weighted_error': 1.0833927511080728, 'gamma': 0.13843969551307425, 'normalized_gamma': 4.4e-05}
{'sample_size': 100, 'difference': 0, 'noise': 0.01, 'n': 10, 'shap_error': 0.0146736200782866, 'shap_norm_sq': 3139.8093916884122, 'weighted_error': 1.1062295841903687, 'gamma': 0.13843969551307425, 'normalized_gamma': 4.4e-05}
{'sample_size': 100, 'difference': 0, 'noise': 0.05, 'n': 10, 'shap_error': 0.01191039777059628, 'shap_norm_sq': 3139.8093916884122, 'weighted_error': 1.0862231870450627, 'gamma': 0.13843969551307425, 'normalized_gamma': 4.4e-05}
{'sample_size': 100, 'difference': 0, 'noise': 0.1, 'n': 10, 'shap_error': 0.014206674540741175, 'shap_norm_sq': 3139.8093916884122, 'weighted_error': 1.1028422207668838, 'gamma': 0.13843969551307425, 'normalized_gamma': 4.4e-05}
{'sample_size': 100, 'difference': 0, 'noise': 0.5, 'n': 10, 'shap_error': 0.016921186989187754, 'shap_norm_sq': 3139.8093916884122, 'weighted_error': 1.1223344222719491, 'gamma': 0.13843969551307425, 'normalized_gamma': 4.4e-05}
{'sample_size': 100, 'difference': 0, 'noise': 1, 'n': 10, 'shap_error': 0.004553537646245109, 'shap_norm_sq': 3139.8093916884122, 'weighted_error': 1.032303727592138, 'gamma': 0.13843969551307425, 'normalized_gamma': 4.4e-05}
{'sample_size': 100, 'difference': 0, 'noise': 0.0005, 'n': 10, 'shap_error': 0.00531792973366221, 'shap_norm_sq': 1751.1523796641536, 'weighted_error': 1.06430363891863, 'gamma': 0.0998706132271892, 'normalized_gamma': 5.7e-05}
{'sample_size': 100, 'difference': 0, 'noise': 0.001, 'n': 10, 'shap_error': 0.00885243195127393, 'shap_norm_sq': 1751.1523796641536, 'weighted_error': 1.1070422097523342, 'gamma': 0.0998706132271892, 'normalized_gamma': 5.7e-05}
{'sample_size': 100, 'difference': 0, 'noise': 0.005, 'n': 10, 'shap_error': 0.008330472954393577, 'shap_norm_sq': 1751.1523796641536, 'weighted_error': 1.1007301798835996, 'gamma': 0.0998706132271892, 'normalized_gamma': 5.7e-05}
{'sample_size': 100, 'difference': 0, 'noise': 0.01, 'n': 10, 'shap_error': 0.00472386814166666, 'shap_norm_sq': 1751.1523796641536, 'weighted_error': 1.0571197154388063, 'gamma': 0.0998706132271892, 'normalized_gamma': 5.7e-05}
{'sample_size': 100, 'difference': 0, 'noise': 0.05, 'n': 10, 'shap_error': 0.00684711661484424, 'shap_norm_sq': 1751.1523796641536, 'weighted_error': 1.0827917718218882, 'gamma': 0.0998706132271892, 'normalized_gamma': 5.7e-05}
{'sample_size': 100, 'difference': 0, 'noise': 0.1, 'n': 10, 'shap_error': 0.00743537848349692, 'shap_norm_sq': 1751.1523796641536, 'weighted_error': 1.0898960851432578, 'gamma': 0.0998706132271892, 'normalized_gamma': 5.7e-05}
{'sample_size': 100, 'difference': 0, 'noise': 0.5, 'n': 10, 'shap_error': 0.0017758193594472045, 'shap_norm_sq': 1751.1523796641536, 'weighted_error': 1.0211993942795325, 'gamma': 0.0998706132271892, 'normalized_gamma': 5.7e-05}
{'sample_size': 100, 'difference': 0, 'noise': 1, 'n': 10, 'shap_error': 0.012216135051219946, 'shap_norm_sq': 1751.1523796641536, 'weighted_error': 1.1466209732568156, 'gamma': 0.0998706132271892, 'normalized_gamma': 5.7e-05}
{'sample_size': 100, 'difference': 0, 'noise': 0.0005, 'n': 10, 'shap_error': 0.01678653696826651, 'shap_norm_sq': 569.031655359481, 'weighted_error': 1.0841142512034008, 'gamma': 0.22907497092811704, 'normalized_gamma': 0.0004}
{'sample_size': 100, 'difference': 0, 'noise': 0.001, 'n': 10, 'shap_error': 0.006046506078985912, 'shap_norm_sq': 569.031655359481, 'weighted_error': 1.0302980317673611, 'gamma': 0.22907497092811704, 'normalized_gamma': 0.0004}
{'sample_size': 100, 'difference': 0, 'noise': 0.005, 'n': 10, 'shap_error': 0.011448887262407751, 'shap_norm_sq': 569.031655359481, 'weighted_error': 1.0573683927937338, 'gamma': 0.22907497092811704, 'normalized_gamma': 0.0004}
{'sample_size': 100, 'difference': 0, 'noise': 0.01, 'n': 10, 'shap_error': 0.007110532305088274, 'shap_norm_sq': 569.031655359481, 'weighted_error': 1.0356290734539837, 'gamma': 0.22907497092811704, 'normalized_gamma': 0.0004}
{'sample_size': 100, 'difference': 0, 'noise': 0.05, 'n': 10, 'shap_error': 0.014851808337945189, 'shap_norm_sq': 569.031655359481, 'weighted_error': 1.0744161171245497, 'gamma': 0.22907497092811704, 'normalized_gamma': 0.0004}
{'sample_size': 100, 'difference': 0, 'noise': 0.1, 'n': 10, 'shap_error': 0.009356858181284471, 'shap_norm_sq': 569.031655359481, 'weighted_error': 1.0468705746581717, 'gamma': 0.22907497092811704, 'normalized_gamma': 0.0004}
{'sample_size': 100, 'difference': 0, 'noise': 0.5, 'n': 10, 'shap_error': 0.010661723249297856, 'shap_norm_sq': 569.031655359481, 'weighted_error': 1.0530438542014047, 'gamma': 0.22907497092811704, 'normalized_gamma': 0.0004}
{'sample_size': 100, 'difference': 0, 'noise': 1, 'n': 10, 'shap_error': 0.004423120779828216, 'shap_norm_sq': 569.031655359481, 'weighted_error': 1.0206444854155368, 'gamma': 0.22907497092811704, 'normalized_gamma': 0.0004}
{'sample_size': 100, 'difference': 0, 'noise': 0.0005, 'n': 10, 'shap_error': 0.007637564653985021, 'shap_norm_sq': 1792.0883538095861, 'weighted_error': 1.0416553288830488, 'gamma': 0.19487200832745302, 'normalized_gamma': 0.00011}
{'sample_size': 100, 'difference': 0, 'noise': 0.001, 'n': 10, 'shap_error': 0.012777346270102522, 'shap_norm_sq': 1792.0883538095861, 'weighted_error': 1.0696873438260488, 'gamma': 0.19487200832745302, 'normalized_gamma': 0.00011}
{'sample_size': 100, 'difference': 0, 'noise': 0.005, 'n': 10, 'shap_error': 0.03175570261903201, 'shap_norm_sq': 1792.0883538095861, 'weighted_error': 1.1731949912178523, 'gamma': 0.19487200832745302, 'normalized_gamma': 0.00011}
{'sample_size': 100, 'difference': 0, 'noise': 0.01, 'n': 10, 'shap_error': 0.015695489427345825, 'shap_norm_sq': 1792.0883538095861, 'weighted_error': 1.0856028466153251, 'gamma': 0.19487200832745302, 'normalized_gamma': 0.00011}
{'sample_size': 100, 'difference': 0, 'noise': 0.05, 'n': 10, 'shap_error': 0.004381830637294436, 'shap_norm_sq': 1792.0883538095861, 'weighted_error': 1.023898069983344, 'gamma': 0.19487200832745302, 'normalized_gamma': 0.00011}
{'sample_size': 100, 'difference': 0, 'noise': 0.1, 'n': 10, 'shap_error': 0.005052493667990751, 'shap_norm_sq': 1792.0883538095861, 'weighted_error': 1.0275550659899153, 'gamma': 0.19487200832745302, 'normalized_gamma': 0.00011}
{'sample_size': 100, 'difference': 0, 'noise': 0.5, 'n': 10, 'shap_error': 0.010336712463412763, 'shap_norm_sq': 1792.0883538095861, 'weighted_error': 1.0563480514002876, 'gamma': 0.19487200832745302, 'normalized_gamma': 0.00011}
{'sample_size': 100, 'difference': 0, 'noise': 1, 'n': 10, 'shap_error': 0.006378590302657572, 'shap_norm_sq': 1792.0883538095861, 'weighted_error': 1.0346779293330457, 'gamma': 0.19487200832745302, 'normalized_gamma': 0.00011}
{'sample_size': 100, 'difference': 0, 'noise': 0.0005, 'n': 10, 'shap_error': 0.0012337990323096478, 'shap_norm_sq': 3492.8179265793733, 'weighted_error': 1.0206084771481863, 'gamma': 0.0617569401649296, 'normalized_gamma': 1.8e-05}
{'sample_size': 100, 'difference': 0, 'noise': 0.001, 'n': 10, 'shap_error': 0.0006022657368691607, 'shap_norm_sq': 3492.8179265793733, 'weighted_error': 1.0100599337164078, 'gamma': 0.0617569401649296, 'normalized_gamma': 1.8e-05}
{'sample_size': 100, 'difference': 0, 'noise': 0.005, 'n': 10, 'shap_error': 0.0017922667494595708, 'shap_norm_sq': 3492.8179265793733, 'weighted_error': 1.0299366762617315, 'gamma': 0.0617569401649296, 'normalized_gamma': 1.8e-05}
{'sample_size': 100, 'difference': 0, 'noise': 0.01, 'n': 10, 'shap_error': 0.0026776846744046732, 'shap_norm_sq': 3492.8179265793733, 'weighted_error': 1.0447260653619967, 'gamma': 0.0617569401649296, 'normalized_gamma': 1.8e-05}
{'sample_size': 100, 'difference': 0, 'noise': 0.05, 'n': 10, 'shap_error': 0.003690526157577318, 'shap_norm_sq': 3492.8179265793733, 'weighted_error': 1.0616439268761504, 'gamma': 0.0617569401649296, 'normalized_gamma': 1.8e-05}
{'sample_size': 100, 'difference': 0, 'noise': 0.1, 'n': 10, 'shap_error': 0.004008243593488091, 'shap_norm_sq': 3492.8179265793733, 'weighted_error': 1.0669505601304987, 'gamma': 0.0617569401649296, 'normalized_gamma': 1.8e-05}
{'sample_size': 100, 'difference': 0, 'noise': 0.5, 'n': 10, 'shap_error': 0.0030974484820776903, 'shap_norm_sq': 3492.8179265793733, 'weighted_error': 1.0517241754541198, 'gamma': 0.0617569401649296, 'normalized_gamma': 1.8e-05}
{'sample_size': 100, 'difference': 0, 'noise': 1, 'n': 10, 'shap_error': 0.0023355651041307916, 'shap_norm_sq': 3492.8179265793733, 'weighted_error': 1.038957564149636, 'gamma': 0.0617569401649296, 'normalized_gamma': 1.8e-05}
{'sample_size': 100, 'difference': 0, 'noise': 0.0005, 'n': 10, 'shap_error': 0.00696909305580111, 'shap_norm_sq': 1763.2435589845363, 'weighted_error': 1.0282208800135995, 'gamma': 0.26978611790672447, 'normalized_gamma': 0.00015}
{'sample_size': 100, 'difference': 0, 'noise': 0.001, 'n': 10, 'shap_error': 0.02451145658140034, 'shap_norm_sq': 1763.2435589845363, 'weighted_error': 1.0992583490361092, 'gamma': 0.26978611790672447, 'normalized_gamma': 0.00015}
{'sample_size': 100, 'difference': 0, 'noise': 0.005, 'n': 10, 'shap_error': 0.017121319600872768, 'shap_norm_sq': 1763.2435589845363, 'weighted_error': 1.0693316301431908, 'gamma': 0.26978611790672447, 'normalized_gamma': 0.00015}
{'sample_size': 100, 'difference': 0, 'noise': 0.01, 'n': 10, 'shap_error': 0.015191058394063449, 'shap_norm_sq': 1763.2435589845363, 'weighted_error': 1.0615155175920472, 'gamma': 0.26978611790672447, 'normalized_gamma': 0.00015}
{'sample_size': 100, 'difference': 0, 'noise': 0.05, 'n': 10, 'shap_error': 0.008701199075530176, 'shap_norm_sq': 1763.2435589845363, 'weighted_error': 1.035234507273691, 'gamma': 0.26978611790672447, 'normalized_gamma': 0.00015}
{'sample_size': 100, 'difference': 0, 'noise': 0.1, 'n': 10, 'shap_error': 0.01659996351804542, 'shap_norm_sq': 1763.2435589845363, 'weighted_error': 1.0672190106460573, 'gamma': 0.26978611790672447, 'normalized_gamma': 0.00015}
{'sample_size': 100, 'difference': 0, 'noise': 0.5, 'n': 10, 'shap_error': 0.00786406839490726, 'shap_norm_sq': 1763.2435589845363, 'weighted_error': 1.031807908857113, 'gamma': 0.26978611790672447, 'normalized_gamma': 0.00015}
{'sample_size': 100, 'difference': 0, 'noise': 1, 'n': 10, 'shap_error': 0.03892238046631962, 'shap_norm_sq': 1763.2435589845363, 'weighted_error': 1.1574657085756066, 'gamma': 0.26978611790672447, 'normalized_gamma': 0.00015}
{'sample_size': 100, 'difference': 0, 'noise': 0.0005, 'n': 10, 'shap_error': 0.01660600237901274, 'shap_norm_sq': 4161.428369591344, 'weighted_error': 1.0848629687032694, 'gamma': 0.2889548778728417, 'normalized_gamma': 6.9e-05}
{'sample_size': 100, 'difference': 0, 'noise': 0.001, 'n': 10, 'shap_error': 0.002324014799485358, 'shap_norm_sq': 4161.428369591344, 'weighted_error': 1.0118764173347548, 'gamma': 0.2889548778728417, 'normalized_gamma': 6.9e-05}
{'sample_size': 100, 'difference': 0, 'noise': 0.005, 'n': 10, 'shap_error': 0.011939621275957176, 'shap_norm_sq': 4161.428369591344, 'weighted_error': 1.0610163937486472, 'gamma': 0.2889548778728417, 'normalized_gamma': 6.9e-05}
{'sample_size': 100, 'difference': 0, 'noise': 0.01, 'n': 10, 'shap_error': 0.007482470210318396, 'shap_norm_sq': 4161.428369591344, 'weighted_error': 1.0382385326986516, 'gamma': 0.2889548778728417, 'normalized_gamma': 6.9e-05}
{'sample_size': 100, 'difference': 0, 'noise': 0.05, 'n': 10, 'shap_error': 0.011992673583971923, 'shap_norm_sq': 4161.428369591344, 'weighted_error': 1.0612864662757995, 'gamma': 0.2889548778728417, 'normalized_gamma': 6.9e-05}
{'sample_size': 100, 'difference': 0, 'noise': 0.1, 'n': 10, 'shap_error': 0.006918750063365567, 'shap_norm_sq': 4161.428369591344, 'weighted_error': 1.0353561223466576, 'gamma': 0.2889548778728417, 'normalized_gamma': 6.9e-05}
{'sample_size': 100, 'difference': 0, 'noise': 0.5, 'n': 10, 'shap_error': 0.002313431331002797, 'shap_norm_sq': 4161.428369591344, 'weighted_error': 1.0118021335320644, 'gamma': 0.2889548778728417, 'normalized_gamma': 6.9e-05}
{'sample_size': 100, 'difference': 0, 'noise': 1, 'n': 10, 'shap_error': 0.006873355322611754, 'shap_norm_sq': 4161.428369591344, 'weighted_error': 1.0350430418898189, 'gamma': 0.2889548778728417, 'normalized_gamma': 6.9e-05}
{'sample_size': 100, 'difference': 0, 'noise': 0.0005, 'n': 10, 'shap_error': 0.032123874353479985, 'shap_norm_sq': 5643.84959523254, 'weighted_error': 1.0760420211179635, 'gamma': 0.42308347215181286, 'normalized_gamma': 7.5e-05}
{'sample_size': 100, 'difference': 0, 'noise': 0.001, 'n': 10, 'shap_error': 0.04582881936289168, 'shap_norm_sq': 5643.84959523254, 'weighted_error': 1.1084834484776844, 'gamma': 0.42308347215181286, 'normalized_gamma': 7.5e-05}
{'sample_size': 100, 'difference': 0, 'noise': 0.005, 'n': 10, 'shap_error': 0.048303713891306346, 'shap_norm_sq': 5643.84959523254, 'weighted_error': 1.1143420234533132, 'gamma': 0.42308347215181286, 'normalized_gamma': 7.5e-05}
{'sample_size': 100, 'difference': 0, 'noise': 0.01, 'n': 10, 'shap_error': 0.016565824816114256, 'shap_norm_sq': 5643.84959523254, 'weighted_error': 1.0392139042706168, 'gamma': 0.42308347215181286, 'normalized_gamma': 7.5e-05}
{'sample_size': 100, 'difference': 0, 'noise': 0.05, 'n': 10, 'shap_error': 0.016072796287898535, 'shap_norm_sq': 5643.84959523254, 'weighted_error': 1.0380466662024699, 'gamma': 0.42308347215181286, 'normalized_gamma': 7.5e-05}
{'sample_size': 100, 'difference': 0, 'noise': 0.1, 'n': 10, 'shap_error': 0.01123883099104757, 'shap_norm_sq': 5643.84959523254, 'weighted_error': 1.0266037333462577, 'gamma': 0.42308347215181286, 'normalized_gamma': 7.5e-05}
{'sample_size': 100, 'difference': 0, 'noise': 0.5, 'n': 10, 'shap_error': 0.005463606180391843, 'shap_norm_sq': 5643.84959523254, 'weighted_error': 1.0129285889548663, 'gamma': 0.42308347215181286, 'normalized_gamma': 7.5e-05}
{'sample_size': 100, 'difference': 0, 'noise': 1, 'n': 10, 'shap_error': 0.017516984289320445, 'shap_norm_sq': 5643.84959523254, 'weighted_error': 1.0414466789977816, 'gamma': 0.42308347215181286, 'normalized_gamma': 7.5e-05}
{'sample_size': 100, 'difference': 0, 'noise': 0.0005, 'n': 10, 'shap_error': 0.00871464117980766, 'shap_norm_sq': 1102.1301975756892, 'weighted_error': 1.0408470694744199, 'gamma': 0.27674412972854423, 'normalized_gamma': 0.00025}
{'sample_size': 100, 'difference': 0, 'noise': 0.001, 'n': 10, 'shap_error': 0.007911577686122712, 'shap_norm_sq': 1102.1301975756892, 'weighted_error': 1.0370828362878477, 'gamma': 0.27674412972854423, 'normalized_gamma': 0.00025}
{'sample_size': 100, 'difference': 0, 'noise': 0.005, 'n': 10, 'shap_error': 0.020245598031170278, 'shap_norm_sq': 1102.1301975756892, 'weighted_error': 1.0948948250314203, 'gamma': 0.27674412972854423, 'normalized_gamma': 0.00025}
{'sample_size': 100, 'difference': 0, 'noise': 0.01, 'n': 10, 'shap_error': 0.005040636687395706, 'shap_norm_sq': 1102.1301975756892, 'weighted_error': 1.023626028447432, 'gamma': 0.27674412972854423, 'normalized_gamma': 0.00025}
{'sample_size': 100, 'difference': 0, 'noise': 0.05, 'n': 10, 'shap_error': 0.0034678790266616474, 'shap_norm_sq': 1102.1301975756892, 'weighted_error': 1.016252340424509, 'gamma': 0.27674412972854423, 'normalized_gamma': 0.00025}
{'sample_size': 100, 'difference': 0, 'noise': 0.1, 'n': 10, 'shap_error': 0.0440238218839634, 'shap_norm_sq': 1102.1301975756892, 'weighted_error': 1.2063391113486304, 'gamma': 0.27674412972854423, 'normalized_gamma': 0.00025}
{'sample_size': 100, 'difference': 0, 'noise': 0.5, 'n': 10, 'shap_error': 0.007986561363514506, 'shap_norm_sq': 1102.1301975756892, 'weighted_error': 1.037214651717118, 'gamma': 0.27674412972854423, 'normalized_gamma': 0.00025}
{'sample_size': 100, 'difference': 0, 'noise': 1, 'n': 10, 'shap_error': 0.012924945674535258, 'shap_norm_sq': 1102.1301975756892, 'weighted_error': 1.059701915162653, 'gamma': 0.27674412972854423, 'normalized_gamma': 0.00025}
{'sample_size': 100, 'difference': 0, 'noise': 0.0005, 'n': 10, 'shap_error': 0.01555582331228119, 'shap_norm_sq': 1148.9697934110177, 'weighted_error': 1.0872302841200991, 'gamma': 0.24805409254423508, 'normalized_gamma': 0.00022}
{'sample_size': 100, 'difference': 0, 'noise': 0.001, 'n': 10, 'shap_error': 0.007163097006282502, 'shap_norm_sq': 1148.9697934110177, 'weighted_error': 1.0401675465142388, 'gamma': 0.24805409254423508, 'normalized_gamma': 0.00022}
{'sample_size': 100, 'difference': 0, 'noise': 0.005, 'n': 10, 'shap_error': 0.0073127234533996496, 'shap_norm_sq': 1148.9697934110177, 'weighted_error': 1.041006974525542, 'gamma': 0.24805409254423508, 'normalized_gamma': 0.00022}
{'sample_size': 100, 'difference': 0, 'noise': 0.01, 'n': 10, 'shap_error': 0.01919295827614099, 'shap_norm_sq': 1148.9697934110177, 'weighted_error': 1.1076261300579442, 'gamma': 0.24805409254423508, 'normalized_gamma': 0.00022}
{'sample_size': 100, 'difference': 0, 'noise': 0.05, 'n': 10, 'shap_error': 0.008464029395899844, 'shap_norm_sq': 1148.9697934110177, 'weighted_error': 1.047461846174188, 'gamma': 0.24805409254423508, 'normalized_gamma': 0.00022}
{'sample_size': 100, 'difference': 0, 'noise': 0.1, 'n': 10, 'shap_error': 0.01168667358245527, 'shap_norm_sq': 1148.9697934110177, 'weighted_error': 1.0655309702227267, 'gamma': 0.24805409254423508, 'normalized_gamma': 0.00022}
{'sample_size': 100, 'difference': 0, 'noise': 0.5, 'n': 10, 'shap_error': 0.015401335728658535, 'shap_norm_sq': 1148.9697934110177, 'weighted_error': 1.0862810450465141, 'gamma': 0.24805409254423508, 'normalized_gamma': 0.00022}
{'sample_size': 100, 'difference': 0, 'noise': 1, 'n': 10, 'shap_error': 0.012711860154208492, 'shap_norm_sq': 1148.9697934110177, 'weighted_error': 1.0709492914810037, 'gamma': 0.24805409254423508, 'normalized_gamma': 0.00022}
{'sample_size': 100, 'difference': 0, 'noise': 0.0005, 'n': 10, 'shap_error': 0.012307563387825049, 'shap_norm_sq': 7405.277724455589, 'weighted_error': 1.1086616014804198, 'gamma': 0.11471173552378078, 'normalized_gamma': 1.5e-05}
{'sample_size': 100, 'difference': 0, 'noise': 0.001, 'n': 10, 'shap_error': 0.00926725342825553, 'shap_norm_sq': 7405.277724455589, 'weighted_error': 1.081819257026677, 'gamma': 0.11471173552378078, 'normalized_gamma': 1.5e-05}
{'sample_size': 100, 'difference': 0, 'noise': 0.005, 'n': 10, 'shap_error': 0.0034103129440404547, 'shap_norm_sq': 7405.277724455589, 'weighted_error': 1.0301090601987526, 'gamma': 0.11471173552378078, 'normalized_gamma': 1.5e-05}
{'sample_size': 100, 'difference': 0, 'noise': 0.01, 'n': 10, 'shap_error': 0.007203950693038845, 'shap_norm_sq': 7405.277724455589, 'weighted_error': 1.0636023956403624, 'gamma': 0.11471173552378078, 'normalized_gamma': 1.5e-05}
{'sample_size': 100, 'difference': 0, 'noise': 0.05, 'n': 10, 'shap_error': 0.007436977303722196, 'shap_norm_sq': 7405.277724455589, 'weighted_error': 1.0656597075656293, 'gamma': 0.11471173552378078, 'normalized_gamma': 1.5e-05}
{'sample_size': 100, 'difference': 0, 'noise': 0.1, 'n': 10, 'shap_error': 0.0063648062386599865, 'shap_norm_sq': 7405.277724455589, 'weighted_error': 1.0561932149280402, 'gamma': 0.11471173552378078, 'normalized_gamma': 1.5e-05}
{'sample_size': 100, 'difference': 0, 'noise': 0.5, 'n': 10, 'shap_error': 0.009039121777826667, 'shap_norm_sq': 7405.277724455589, 'weighted_error': 1.0797817975921944, 'gamma': 0.11471173552378078, 'normalized_gamma': 1.5e-05}
{'sample_size': 100, 'difference': 0, 'noise': 1, 'n': 10, 'shap_error': 0.0030742321223258128, 'shap_norm_sq': 7405.277724455589, 'weighted_error': 1.027048729586692, 'gamma': 0.11471173552378078, 'normalized_gamma': 1.5e-05}
{'sample_size': 100, 'difference': 0, 'noise': 0.0005, 'n': 10, 'shap_error': 0.0023874994345554497, 'shap_norm_sq': 1624.241117607081, 'weighted_error': 1.035403265126231, 'gamma': 0.06895636466501803, 'normalized_gamma': 4.2e-05}
{'sample_size': 100, 'difference': 0, 'noise': 0.001, 'n': 10, 'shap_error': 0.004025720418927693, 'shap_norm_sq': 1624.241117607081, 'weighted_error': 1.0596949688985382, 'gamma': 0.06895636466501803, 'normalized_gamma': 4.2e-05}
{'sample_size': 100, 'difference': 0, 'noise': 0.005, 'n': 10, 'shap_error': 0.0022458218506305905, 'shap_norm_sq': 1624.241117607081, 'weighted_error': 1.0333018989196328, 'gamma': 0.06895636466501803, 'normalized_gamma': 4.2e-05}
{'sample_size': 100, 'difference': 0, 'noise': 0.01, 'n': 10, 'shap_error': 0.00695348269322489, 'shap_norm_sq': 1624.241117607081, 'weighted_error': 1.1031085019472577, 'gamma': 0.06895636466501803, 'normalized_gamma': 4.2e-05}
{'sample_size': 100, 'difference': 0, 'noise': 0.05, 'n': 10, 'shap_error': 0.0026748636430116964, 'shap_norm_sq': 1624.241117607081, 'weighted_error': 1.0396636881951085, 'gamma': 0.06895636466501803, 'normalized_gamma': 4.2e-05}
{'sample_size': 100, 'difference': 0, 'noise': 0.1, 'n': 10, 'shap_error': 0.007872467544412667, 'shap_norm_sq': 1624.241117607081, 'weighted_error': 1.1167358669019722, 'gamma': 0.06895636466501803, 'normalized_gamma': 4.2e-05}
{'sample_size': 100, 'difference': 0, 'noise': 0.5, 'n': 10, 'shap_error': 0.0010893688965627616, 'shap_norm_sq': 1624.241117607081, 'weighted_error': 1.0161499535623015, 'gamma': 0.06895636466501803, 'normalized_gamma': 4.2e-05}
{'sample_size': 100, 'difference': 0, 'noise': 1, 'n': 10, 'shap_error': 0.0035961313104914744, 'shap_norm_sq': 1624.241117607081, 'weighted_error': 1.0533096567106948, 'gamma': 0.06895636466501803, 'normalized_gamma': 4.2e-05}
{'sample_size': 100, 'difference': 0, 'noise': 0.0005, 'n': 10, 'shap_error': 0.010486590340129536, 'shap_norm_sq': 2947.665642287472, 'weighted_error': 1.0413984869638633, 'gamma': 0.26360377683836705, 'normalized_gamma': 8.9e-05}
{'sample_size': 100, 'difference': 0, 'noise': 0.001, 'n': 10, 'shap_error': 0.009363194862541559, 'shap_norm_sq': 2947.665642287472, 'weighted_error': 1.036963525367409, 'gamma': 0.26360377683836705, 'normalized_gamma': 8.9e-05}
{'sample_size': 100, 'difference': 0, 'noise': 0.005, 'n': 10, 'shap_error': 0.03054184023892198, 'shap_norm_sq': 2947.665642287472, 'weighted_error': 1.1205714954593824, 'gamma': 0.26360377683836705, 'normalized_gamma': 8.9e-05}
{'sample_size': 100, 'difference': 0, 'noise': 0.01, 'n': 10, 'shap_error': 0.011127084991336206, 'shap_norm_sq': 2947.665642287472, 'weighted_error': 1.0439268765109406, 'gamma': 0.26360377683836705, 'normalized_gamma': 8.9e-05}
{'sample_size': 100, 'difference': 0, 'noise': 0.05, 'n': 10, 'shap_error': 0.007898955981250403, 'shap_norm_sq': 2947.665642287472, 'weighted_error': 1.0311825191038588, 'gamma': 0.26360377683836705, 'normalized_gamma': 8.9e-05}
{'sample_size': 100, 'difference': 0, 'noise': 0.1, 'n': 10, 'shap_error': 0.015989722192204313, 'shap_norm_sq': 2947.665642287472, 'weighted_error': 1.0631210043546457, 'gamma': 0.26360377683836705, 'normalized_gamma': 8.9e-05}
{'sample_size': 100, 'difference': 0, 'noise': 0.5, 'n': 10, 'shap_error': 0.02638707304450925, 'shap_norm_sq': 2947.665642287472, 'weighted_error': 1.1041108865599563, 'gamma': 0.26360377683836705, 'normalized_gamma': 8.9e-05}
{'sample_size': 100, 'difference': 0, 'noise': 1, 'n': 10, 'shap_error': 0.016207526652382582, 'shap_norm_sq': 2947.665642287472, 'weighted_error': 1.06374853862434, 'gamma': 0.26360377683836705, 'normalized_gamma': 8.9e-05}
{'sample_size': 100, 'difference': 0, 'noise': 0.0005, 'n': 10, 'shap_error': 0.006051407219846883, 'shap_norm_sq': 7852.30250160777, 'weighted_error': 1.0694607900315387, 'gamma': 0.10399547489505, 'normalized_gamma': 1.3e-05}
{'sample_size': 100, 'difference': 0, 'noise': 0.001, 'n': 10, 'shap_error': 0.003788762944834144, 'shap_norm_sq': 7852.30250160777, 'weighted_error': 1.0434887991265573, 'gamma': 0.10399547489505, 'normalized_gamma': 1.3e-05}
{'sample_size': 100, 'difference': 0, 'noise': 0.005, 'n': 10, 'shap_error': 0.004513154548343553, 'shap_norm_sq': 7852.30250160777, 'weighted_error': 1.0518039347715167, 'gamma': 0.10399547489505, 'normalized_gamma': 1.3e-05}
{'sample_size': 100, 'difference': 0, 'noise': 0.01, 'n': 10, 'shap_error': 0.001471939846403892, 'shap_norm_sq': 7852.30250160777, 'weighted_error': 1.016895610490445, 'gamma': 0.10399547489505, 'normalized_gamma': 1.3e-05}
{'sample_size': 100, 'difference': 0, 'noise': 0.05, 'n': 10, 'shap_error': 0.003356604015442564, 'shap_norm_sq': 7852.30250160777, 'weighted_error': 1.0385273645625523, 'gamma': 0.10399547489505, 'normalized_gamma': 1.3e-05}
{'sample_size': 100, 'difference': 0, 'noise': 0.1, 'n': 10, 'shap_error': 0.007727222109600819, 'shap_norm_sq': 7852.30250160777, 'weighted_error': 1.0886924672712488, 'gamma': 0.10399547489505, 'normalized_gamma': 1.3e-05}
{'sample_size': 100, 'difference': 0, 'noise': 0.5, 'n': 10, 'shap_error': 0.0033643452208037307, 'shap_norm_sq': 7852.30250160777, 'weighted_error': 1.03851284398922, 'gamma': 0.10399547489505, 'normalized_gamma': 1.3e-05}
{'sample_size': 100, 'difference': 0, 'noise': 1, 'n': 10, 'shap_error': 0.002900411468432572, 'shap_norm_sq': 7852.30250160777, 'weighted_error': 1.0328745880721917, 'gamma': 0.10399547489505, 'normalized_gamma': 1.3e-05}
{'sample_size': 100, 'difference': 0, 'noise': 0.0005, 'n': 10, 'shap_error': 0.008907861204419037, 'shap_norm_sq': 8574.908220991969, 'weighted_error': 1.071146570764976, 'gamma': 0.15481517608610268, 'normalized_gamma': 1.8e-05}
{'sample_size': 100, 'difference': 0, 'noise': 0.001, 'n': 10, 'shap_error': 0.008201194817699053, 'shap_norm_sq': 8574.908220991969, 'weighted_error': 1.0655023470928344, 'gamma': 0.15481517608610268, 'normalized_gamma': 1.8e-05}
{'sample_size': 100, 'difference': 0, 'noise': 0.005, 'n': 10, 'shap_error': 0.00802827961061649, 'shap_norm_sq': 8574.908220991969, 'weighted_error': 1.0641209369959521, 'gamma': 0.15481517608610268, 'normalized_gamma': 1.8e-05}
{'sample_size': 100, 'difference': 0, 'noise': 0.01, 'n': 10, 'shap_error': 0.00992722116255421, 'shap_norm_sq': 8574.908220991969, 'weighted_error': 1.0792877547678281, 'gamma': 0.15481517608610268, 'normalized_gamma': 1.8e-05}
{'sample_size': 100, 'difference': 0, 'noise': 0.05, 'n': 10, 'shap_error': 0.008446406613124626, 'shap_norm_sq': 8574.908220991969, 'weighted_error': 1.0674607577690842, 'gamma': 0.15481517608610268, 'normalized_gamma': 1.8e-05}
{'sample_size': 100, 'difference': 0, 'noise': 0.1, 'n': 10, 'shap_error': 0.005890269681146882, 'shap_norm_sq': 8574.908220991969, 'weighted_error': 1.047045017338364, 'gamma': 0.15481517608610268, 'normalized_gamma': 1.8e-05}
{'sample_size': 100, 'difference': 0, 'noise': 0.5, 'n': 10, 'shap_error': 0.015701447804913563, 'shap_norm_sq': 8574.908220991969, 'weighted_error': 1.125400240814767, 'gamma': 0.15481517608610268, 'normalized_gamma': 1.8e-05}
{'sample_size': 100, 'difference': 0, 'noise': 1, 'n': 10, 'shap_error': 0.007806695791616015, 'shap_norm_sq': 8574.908220991969, 'weighted_error': 1.0623259243273204, 'gamma': 0.15481517608610268, 'normalized_gamma': 1.8e-05}
{'sample_size': 100, 'difference': 0, 'noise': 0.0005, 'n': 10, 'shap_error': 0.020634111922537883, 'shap_norm_sq': 1561.0472919215704, 'weighted_error': 1.0605322058063618, 'gamma': 0.34486050496192266, 'normalized_gamma': 0.00022}
{'sample_size': 100, 'difference': 0, 'noise': 0.001, 'n': 10, 'shap_error': 0.02077624964263461, 'shap_norm_sq': 1561.0472919215704, 'weighted_error': 1.0609492156044058, 'gamma': 0.34486050496192266, 'normalized_gamma': 0.00022}
{'sample_size': 100, 'difference': 0, 'noise': 0.005, 'n': 10, 'shap_error': 0.03055460595774932, 'shap_norm_sq': 1561.0472919215704, 'weighted_error': 1.0896346684049631, 'gamma': 0.34486050496192266, 'normalized_gamma': 0.00022}
{'sample_size': 100, 'difference': 0, 'noise': 0.01, 'n': 10, 'shap_error': 0.014612303961757328, 'shap_norm_sq': 1561.0472919215704, 'weighted_error': 1.0428665192219486, 'gamma': 0.34486050496192266, 'normalized_gamma': 0.00022}
{'sample_size': 100, 'difference': 0, 'noise': 0.05, 'n': 10, 'shap_error': 0.034597777380570925, 'shap_norm_sq': 1561.0472919215704, 'weighted_error': 1.10149626007404, 'gamma': 0.34486050496192266, 'normalized_gamma': 0.00022}
{'sample_size': 100, 'difference': 0, 'noise': 0.1, 'n': 10, 'shap_error': 0.015026717582348097, 'shap_norm_sq': 1561.0472919215704, 'weighted_error': 1.044081953610552, 'gamma': 0.34486050496192266, 'normalized_gamma': 0.00022}
{'sample_size': 100, 'difference': 0, 'noise': 0.5, 'n': 10, 'shap_error': 0.018531836693383784, 'shap_norm_sq': 1561.0472919215704, 'weighted_error': 1.0543539077045978, 'gamma': 0.34486050496192266, 'normalized_gamma': 0.00022}
{'sample_size': 100, 'difference': 0, 'noise': 1, 'n': 10, 'shap_error': 0.01787567925657267, 'shap_norm_sq': 1561.0472919215704, 'weighted_error': 1.052396259431747, 'gamma': 0.34486050496192266, 'normalized_gamma': 0.00022}
{'sample_size': 100, 'difference': 0, 'noise': 0.0005, 'n': 10, 'shap_error': 0.10914573746727557, 'shap_norm_sq': 1452.5779138401558, 'weighted_error': 1.0612672736082125, 'gamma': 2.103528916346516, 'normalized_gamma': 0.0014}
{'sample_size': 100, 'difference': 0, 'noise': 0.001, 'n': 10, 'shap_error': 0.058458617703870536, 'shap_norm_sq': 1452.5779138401558, 'weighted_error': 1.0328148580290686, 'gamma': 2.103528916346516, 'normalized_gamma': 0.0014}
{'sample_size': 100, 'difference': 0, 'noise': 0.005, 'n': 10, 'shap_error': 0.2189713954316979, 'shap_norm_sq': 1452.5779138401558, 'weighted_error': 1.1229160224382382, 'gamma': 2.103528916346516, 'normalized_gamma': 0.0014}
{'sample_size': 100, 'difference': 0, 'noise': 0.01, 'n': 10, 'shap_error': 0.2117825777282778, 'shap_norm_sq': 1452.5779138401558, 'weighted_error': 1.118880167856156, 'gamma': 2.103528916346516, 'normalized_gamma': 0.0014}
{'sample_size': 100, 'difference': 0, 'noise': 0.05, 'n': 10, 'shap_error': 0.15459252059015882, 'shap_norm_sq': 1452.5779138401558, 'weighted_error': 1.0867776976094239, 'gamma': 2.103528916346516, 'normalized_gamma': 0.0014}
{'sample_size': 100, 'difference': 0, 'noise': 0.1, 'n': 10, 'shap_error': 0.039639964156863, 'shap_norm_sq': 1452.5779138401558, 'weighted_error': 1.022250835840857, 'gamma': 2.103528916346516, 'normalized_gamma': 0.0014}
{'sample_size': 100, 'difference': 0, 'noise': 0.5, 'n': 10, 'shap_error': 0.16423692232221612, 'shap_norm_sq': 1452.5779138401558, 'weighted_error': 1.092185104397083, 'gamma': 2.103528916346516, 'normalized_gamma': 0.0014}
{'sample_size': 100, 'difference': 0, 'noise': 1, 'n': 10, 'shap_error': 0.05278406119297914, 'shap_norm_sq': 1452.5779138401558, 'weighted_error': 1.0296041367623006, 'gamma': 2.103528916346516, 'normalized_gamma': 0.0014}
{'sample_size': 100, 'difference': 0, 'noise': 0.0005, 'n': 10, 'shap_error': 0.19030593317334105, 'shap_norm_sq': 1359.2770915435656, 'weighted_error': 1.0968609274645027, 'gamma': 2.4665966134099984, 'normalized_gamma': 0.0018}
{'sample_size': 100, 'difference': 0, 'noise': 0.001, 'n': 10, 'shap_error': 0.0807540582678888, 'shap_norm_sq': 1359.2770915435656, 'weighted_error': 1.0411017396949682, 'gamma': 2.4665966134099984, 'normalized_gamma': 0.0018}
{'sample_size': 100, 'difference': 0, 'noise': 0.005, 'n': 10, 'shap_error': 0.11372020336556829, 'shap_norm_sq': 1359.2770915435656, 'weighted_error': 1.057880601799085, 'gamma': 2.4665966134099984, 'normalized_gamma': 0.0018}
{'sample_size': 100, 'difference': 0, 'noise': 0.01, 'n': 10, 'shap_error': 0.12048799207742923, 'shap_norm_sq': 1359.2770915435656, 'weighted_error': 1.0613253333841675, 'gamma': 2.4665966134099984, 'normalized_gamma': 0.0018}
{'sample_size': 100, 'difference': 0, 'noise': 0.05, 'n': 10, 'shap_error': 0.05197483986361301, 'shap_norm_sq': 1359.2770915435656, 'weighted_error': 1.0264537543337249, 'gamma': 2.4665966134099984, 'normalized_gamma': 0.0018}
{'sample_size': 100, 'difference': 0, 'noise': 0.1, 'n': 10, 'shap_error': 0.13698652604627182, 'shap_norm_sq': 1359.2770915435656, 'weighted_error': 1.0697221541290607, 'gamma': 2.4665966134099984, 'normalized_gamma': 0.0018}
{'sample_size': 100, 'difference': 0, 'noise': 0.5, 'n': 10, 'shap_error': 0.23669977813342838, 'shap_norm_sq': 1359.2770915435656, 'weighted_error': 1.1204587111354702, 'gamma': 2.4665966134099984, 'normalized_gamma': 0.0018}
{'sample_size': 100, 'difference': 0, 'noise': 1, 'n': 10, 'shap_error': 0.12681434274591186, 'shap_norm_sq': 1359.2770915435656, 'weighted_error': 1.0644830361827193, 'gamma': 2.4665966134099984, 'normalized_gamma': 0.0018}
{'sample_size': 100, 'difference': 0, 'noise': 0.0005, 'n': 10, 'shap_error': 0.007895892900089622, 'shap_norm_sq': 7405.277724455589, 'weighted_error': 1.0697114411872581, 'gamma': 0.11471173552378078, 'normalized_gamma': 1.5e-05}
{'sample_size': 100, 'difference': 0, 'noise': 0.001, 'n': 10, 'shap_error': 0.009054309054028167, 'shap_norm_sq': 7405.277724455589, 'weighted_error': 1.079939198312471, 'gamma': 0.11471173552378078, 'normalized_gamma': 1.5e-05}
{'sample_size': 100, 'difference': 0, 'noise': 0.005, 'n': 10, 'shap_error': 0.0019883010331024397, 'shap_norm_sq': 7405.277724455589, 'weighted_error': 1.0175544756718733, 'gamma': 0.11471173552378078, 'normalized_gamma': 1.5e-05}
{'sample_size': 100, 'difference': 0, 'noise': 0.01, 'n': 10, 'shap_error': 0.006964121041113403, 'shap_norm_sq': 7405.277724455589, 'weighted_error': 1.061485105998899, 'gamma': 0.11471173552378078, 'normalized_gamma': 1.5e-05}
{'sample_size': 100, 'difference': 0, 'noise': 0.05, 'n': 10, 'shap_error': 0.009892526736002596, 'shap_norm_sq': 7405.277724455589, 'weighted_error': 1.087339136534259, 'gamma': 0.11471173552378078, 'normalized_gamma': 1.5e-05}
{'sample_size': 100, 'difference': 0, 'noise': 0.1, 'n': 10, 'shap_error': 0.017946911434461005, 'shap_norm_sq': 7405.277724455589, 'weighted_error': 1.1584492852606179, 'gamma': 0.11471173552378078, 'normalized_gamma': 1.5e-05}
{'sample_size': 100, 'difference': 0, 'noise': 0.5, 'n': 10, 'shap_error': 0.00561579339852274, 'shap_norm_sq': 7405.277724455589, 'weighted_error': 1.0495498044263978, 'gamma': 0.11471173552378078, 'normalized_gamma': 1.5e-05}
{'sample_size': 100, 'difference': 0, 'noise': 1, 'n': 10, 'shap_error': 0.013414826075997435, 'shap_norm_sq': 7405.277724455589, 'weighted_error': 1.1183123664071963, 'gamma': 0.11471173552378078, 'normalized_gamma': 1.5e-05}
{'sample_size': 100, 'difference': 0, 'noise': 0.0005, 'n': 10, 'shap_error': 0.06895845691588849, 'shap_norm_sq': 1116.2927736852766, 'weighted_error': 1.060277066671971, 'gamma': 1.4486589189395196, 'normalized_gamma': 0.0013}
{'sample_size': 100, 'difference': 0, 'noise': 0.001, 'n': 10, 'shap_error': 0.07101397555357636, 'shap_norm_sq': 1116.2927736852766, 'weighted_error': 1.062073915666496, 'gamma': 1.4486589189395196, 'normalized_gamma': 0.0013}
{'sample_size': 100, 'difference': 0, 'noise': 0.005, 'n': 10, 'shap_error': 0.1381141080753404, 'shap_norm_sq': 1116.2927736852766, 'weighted_error': 1.1207265888152322, 'gamma': 1.4486589189395196, 'normalized_gamma': 0.0013}
{'sample_size': 100, 'difference': 0, 'noise': 0.01, 'n': 10, 'shap_error': 0.1259841010210359, 'shap_norm_sq': 1116.2927736852766, 'weighted_error': 1.1101237778522048, 'gamma': 1.4486589189395196, 'normalized_gamma': 0.0013}
{'sample_size': 100, 'difference': 0, 'noise': 0.05, 'n': 10, 'shap_error': 0.05587781728859071, 'shap_norm_sq': 1116.2927736852766, 'weighted_error': 1.048842170526482, 'gamma': 1.4486589189395196, 'normalized_gamma': 0.0013}
{'sample_size': 100, 'difference': 0, 'noise': 0.1, 'n': 10, 'shap_error': 0.03789270865453686, 'shap_norm_sq': 1116.2927736852766, 'weighted_error': 1.0331179481872574, 'gamma': 1.4486589189395196, 'normalized_gamma': 0.0013}
{'sample_size': 100, 'difference': 0, 'noise': 0.5, 'n': 10, 'shap_error': 0.07558045316675255, 'shap_norm_sq': 1116.2927736852766, 'weighted_error': 1.06595734855239, 'gamma': 1.4486589189395196, 'normalized_gamma': 0.0013}
{'sample_size': 100, 'difference': 0, 'noise': 1, 'n': 10, 'shap_error': 0.05138789383201372, 'shap_norm_sq': 1116.2927736852766, 'weighted_error': 1.0444863347720814, 'gamma': 1.4486589189395196, 'normalized_gamma': 0.0013}
{'sample_size': 100, 'difference': 0, 'noise': 0.0005, 'n': 10, 'shap_error': 0.04196104498456937, 'shap_norm_sq': 9460.975067840034, 'weighted_error': 1.0590731143604166, 'gamma': 1.007608023273526, 'normalized_gamma': 0.00011}
{'sample_size': 100, 'difference': 0, 'noise': 0.001, 'n': 10, 'shap_error': 0.031118349187346468, 'shap_norm_sq': 9460.975067840034, 'weighted_error': 1.0438088172194049, 'gamma': 1.007608023273526, 'normalized_gamma': 0.00011}
{'sample_size': 100, 'difference': 0, 'noise': 0.005, 'n': 10, 'shap_error': 0.037949876130408525, 'shap_norm_sq': 9460.975067840034, 'weighted_error': 1.0534263567675655, 'gamma': 1.007608023273526, 'normalized_gamma': 0.00011}
{'sample_size': 100, 'difference': 0, 'noise': 0.01, 'n': 10, 'shap_error': 0.04452772697565533, 'shap_norm_sq': 9460.975067840034, 'weighted_error': 1.0626866766764114, 'gamma': 1.007608023273526, 'normalized_gamma': 0.00011}
{'sample_size': 100, 'difference': 0, 'noise': 0.05, 'n': 10, 'shap_error': 0.02090883847671409, 'shap_norm_sq': 9460.975067840034, 'weighted_error': 1.0294355241104483, 'gamma': 1.007608023273526, 'normalized_gamma': 0.00011}
{'sample_size': 100, 'difference': 0, 'noise': 0.1, 'n': 10, 'shap_error': 0.05873830900352932, 'shap_norm_sq': 9460.975067840034, 'weighted_error': 1.0826921491125459, 'gamma': 1.007608023273526, 'normalized_gamma': 0.00011}
{'sample_size': 100, 'difference': 0, 'noise': 0.5, 'n': 10, 'shap_error': 0.04169110660963635, 'shap_norm_sq': 9460.975067840034, 'weighted_error': 1.0586843787263334, 'gamma': 1.007608023273526, 'normalized_gamma': 0.00011}
{'sample_size': 100, 'difference': 0, 'noise': 1, 'n': 10, 'shap_error': 0.03890036324164278, 'shap_norm_sq': 9460.975067840034, 'weighted_error': 1.0547298243831955, 'gamma': 1.007608023273526, 'normalized_gamma': 0.00011}
{'sample_size': 100, 'difference': 0, 'noise': 0.0005, 'n': 10, 'shap_error': 0.004034602378956961, 'shap_norm_sq': 13548.392622376921, 'weighted_error': 1.026186601381991, 'gamma': 0.2000880052100752, 'normalized_gamma': 1.5e-05}
{'sample_size': 100, 'difference': 0, 'noise': 0.001, 'n': 10, 'shap_error': 0.005767838322195263, 'shap_norm_sq': 13548.392622376921, 'weighted_error': 1.0374361180885272, 'gamma': 0.2000880052100752, 'normalized_gamma': 1.5e-05}
{'sample_size': 100, 'difference': 0, 'noise': 0.005, 'n': 10, 'shap_error': 0.0029610592557182216, 'shap_norm_sq': 13548.392622376921, 'weighted_error': 1.0192187782397069, 'gamma': 0.2000880052100752, 'normalized_gamma': 1.5e-05}
{'sample_size': 100, 'difference': 0, 'noise': 0.01, 'n': 10, 'shap_error': 0.01611566143831138, 'shap_norm_sq': 13548.392622376921, 'weighted_error': 1.1045990132718524, 'gamma': 0.2000880052100752, 'normalized_gamma': 1.5e-05}
{'sample_size': 100, 'difference': 0, 'noise': 0.05, 'n': 10, 'shap_error': 0.010077647473776354, 'shap_norm_sq': 13548.392622376921, 'weighted_error': 1.065409057778555, 'gamma': 0.2000880052100752, 'normalized_gamma': 1.5e-05}
{'sample_size': 100, 'difference': 0, 'noise': 0.1, 'n': 10, 'shap_error': 0.014925279019097114, 'shap_norm_sq': 13548.392622376921, 'weighted_error': 1.096872269219779, 'gamma': 0.2000880052100752, 'normalized_gamma': 1.5e-05}
{'sample_size': 100, 'difference': 0, 'noise': 0.5, 'n': 10, 'shap_error': 0.006528987853765636, 'shap_norm_sq': 13548.392622376921, 'weighted_error': 1.0423699806807807, 'gamma': 0.2000880052100752, 'normalized_gamma': 1.5e-05}
{'sample_size': 100, 'difference': 0, 'noise': 1, 'n': 10, 'shap_error': 0.010246968068220702, 'shap_norm_sq': 13548.392622376921, 'weighted_error': 1.066482571410429, 'gamma': 0.2000880052100752, 'normalized_gamma': 1.5e-05}
{'sample_size': 100, 'difference': 0, 'noise': 0.0005, 'n': 10, 'shap_error': 0.09737379902170717, 'shap_norm_sq': 2790.232652766811, 'weighted_error': 1.18600682101173, 'gamma': 0.8611974296966921, 'normalized_gamma': 0.00031}
{'sample_size': 100, 'difference': 0, 'noise': 0.001, 'n': 10, 'shap_error': 0.056968759034299606, 'shap_norm_sq': 2790.232652766811, 'weighted_error': 1.1088237693362042, 'gamma': 0.8611974296966921, 'normalized_gamma': 0.00031}
{'sample_size': 100, 'difference': 0, 'noise': 0.005, 'n': 10, 'shap_error': 0.05979392472826365, 'shap_norm_sq': 2790.232652766811, 'weighted_error': 1.1142205188991081, 'gamma': 0.8611974296966921, 'normalized_gamma': 0.00031}
{'sample_size': 100, 'difference': 0, 'noise': 0.01, 'n': 10, 'shap_error': 0.009017692146135214, 'shap_norm_sq': 2790.232652766811, 'weighted_error': 1.0172259310628844, 'gamma': 0.8611974296966921, 'normalized_gamma': 0.00031}
{'sample_size': 100, 'difference': 0, 'noise': 0.05, 'n': 10, 'shap_error': 0.021024171348320426, 'shap_norm_sq': 2790.232652766811, 'weighted_error': 1.0401610328223216, 'gamma': 0.8611974296966921, 'normalized_gamma': 0.00031}
{'sample_size': 100, 'difference': 0, 'noise': 0.1, 'n': 10, 'shap_error': 0.05713843209421649, 'shap_norm_sq': 2790.232652766811, 'weighted_error': 1.1091476935563025, 'gamma': 0.8611974296966921, 'normalized_gamma': 0.00031}
{'sample_size': 100, 'difference': 0, 'noise': 0.5, 'n': 10, 'shap_error': 0.012136053415507433, 'shap_norm_sq': 2790.232652766811, 'weighted_error': 1.0231814353288933, 'gamma': 0.8611974296966921, 'normalized_gamma': 0.00031}
{'sample_size': 100, 'difference': 0, 'noise': 1, 'n': 10, 'shap_error': 0.027643634160562845, 'shap_norm_sq': 2790.232652766811, 'weighted_error': 1.052801128696764, 'gamma': 0.8611974296966921, 'normalized_gamma': 0.00031}
{'sample_size': 100, 'difference': 0, 'noise': 0.0005, 'n': 10, 'shap_error': 0.03690373718273458, 'shap_norm_sq': 4334.849858813591, 'weighted_error': 1.0373136337479227, 'gamma': 1.0357074559865371, 'normalized_gamma': 0.00024}
{'sample_size': 100, 'difference': 0, 'noise': 0.001, 'n': 10, 'shap_error': 0.06574718910686714, 'shap_norm_sq': 4334.849858813591, 'weighted_error': 1.0664774162121269, 'gamma': 1.0357074559865371, 'normalized_gamma': 0.00024}
{'sample_size': 100, 'difference': 0, 'noise': 0.005, 'n': 10, 'shap_error': 0.09392536771006099, 'shap_norm_sq': 4334.849858813591, 'weighted_error': 1.0949684398760788, 'gamma': 1.0357074559865371, 'normalized_gamma': 0.00024}
{'sample_size': 100, 'difference': 0, 'noise': 0.01, 'n': 10, 'shap_error': 0.018295994133271102, 'shap_norm_sq': 4334.849858813591, 'weighted_error': 1.0184992265788713, 'gamma': 1.0357074559865371, 'normalized_gamma': 0.00024}
{'sample_size': 100, 'difference': 0, 'noise': 0.05, 'n': 10, 'shap_error': 0.09914497082607103, 'shap_norm_sq': 4334.849858813591, 'weighted_error': 1.1002458990407826, 'gamma': 1.0357074559865371, 'normalized_gamma': 0.00024}
{'sample_size': 100, 'difference': 0, 'noise': 0.1, 'n': 10, 'shap_error': 0.10660590837733053, 'shap_norm_sq': 4334.849858813591, 'weighted_error': 1.1077893392166465, 'gamma': 1.0357074559865371, 'normalized_gamma': 0.00024}
{'sample_size': 100, 'difference': 0, 'noise': 0.5, 'n': 10, 'shap_error': 0.14134220865676397, 'shap_norm_sq': 4334.849858813591, 'weighted_error': 1.1428997086203614, 'gamma': 1.0357074559865371, 'normalized_gamma': 0.00024}
{'sample_size': 100, 'difference': 0, 'noise': 1, 'n': 10, 'shap_error': 0.03501647144321966, 'shap_norm_sq': 4334.849858813591, 'weighted_error': 1.0353569879357367, 'gamma': 1.0357074559865371, 'normalized_gamma': 0.00024}
{'sample_size': 100, 'difference': 0, 'noise': 0.0005, 'n': 10, 'shap_error': 0.011864909983062817, 'shap_norm_sq': 5065.798902450615, 'weighted_error': 1.0786397528644942, 'gamma': 0.16815153441918687, 'normalized_gamma': 3.3e-05}
{'sample_size': 100, 'difference': 0, 'noise': 0.001, 'n': 10, 'shap_error': 0.006834830682795624, 'shap_norm_sq': 5065.798902450615, 'weighted_error': 1.045300944731837, 'gamma': 0.16815153441918687, 'normalized_gamma': 3.3e-05}
{'sample_size': 100, 'difference': 0, 'noise': 0.005, 'n': 10, 'shap_error': 0.00645174148203329, 'shap_norm_sq': 5065.798902450615, 'weighted_error': 1.0427616120023235, 'gamma': 0.16815153441918687, 'normalized_gamma': 3.3e-05}
{'sample_size': 100, 'difference': 0, 'noise': 0.01, 'n': 10, 'shap_error': 0.010619170291406901, 'shap_norm_sq': 5065.798902450615, 'weighted_error': 1.070383269147537, 'gamma': 0.16815153441918687, 'normalized_gamma': 3.3e-05}
{'sample_size': 100, 'difference': 0, 'noise': 0.05, 'n': 10, 'shap_error': 0.005676328932701281, 'shap_norm_sq': 5065.798902450615, 'weighted_error': 1.0376201098781883, 'gamma': 0.16815153441918687, 'normalized_gamma': 3.3e-05}
{'sample_size': 100, 'difference': 0, 'noise': 0.1, 'n': 10, 'shap_error': 0.006472592648028608, 'shap_norm_sq': 5065.798902450615, 'weighted_error': 1.042891454177263, 'gamma': 0.16815153441918687, 'normalized_gamma': 3.3e-05}
{'sample_size': 100, 'difference': 0, 'noise': 0.5, 'n': 10, 'shap_error': 0.009728263102653184, 'shap_norm_sq': 5065.798902450615, 'weighted_error': 1.064262083430342, 'gamma': 0.16815153441918687, 'normalized_gamma': 3.3e-05}
{'sample_size': 100, 'difference': 0, 'noise': 1, 'n': 10, 'shap_error': 0.0014421277332868762, 'shap_norm_sq': 5065.798902450615, 'weighted_error': 1.0086933634271562, 'gamma': 0.16815153441918687, 'normalized_gamma': 3.3e-05}
{'sample_size': 100, 'difference': 0, 'noise': 0.0005, 'n': 10, 'shap_error': 0.014247079357647007, 'shap_norm_sq': 3116.9335182262957, 'weighted_error': 1.0547666272268978, 'gamma': 0.26182827395404307, 'normalized_gamma': 8.4e-05}
{'sample_size': 100, 'difference': 0, 'noise': 0.001, 'n': 10, 'shap_error': 0.013079644969588787, 'shap_norm_sq': 3116.9335182262957, 'weighted_error': 1.0502788782481336, 'gamma': 0.26182827395404307, 'normalized_gamma': 8.4e-05}
{'sample_size': 100, 'difference': 0, 'noise': 0.005, 'n': 10, 'shap_error': 0.007648623028727756, 'shap_norm_sq': 3116.9335182262957, 'weighted_error': 1.0294016550290155, 'gamma': 0.26182827395404307, 'normalized_gamma': 8.4e-05}
{'sample_size': 100, 'difference': 0, 'noise': 0.01, 'n': 10, 'shap_error': 0.023561260676612857, 'shap_norm_sq': 3116.9335182262957, 'weighted_error': 1.0905709662933423, 'gamma': 0.26182827395404307, 'normalized_gamma': 8.4e-05}
{'sample_size': 100, 'difference': 0, 'noise': 0.05, 'n': 10, 'shap_error': 0.026470145355724284, 'shap_norm_sq': 3116.9335182262957, 'weighted_error': 1.101752498943386, 'gamma': 0.26182827395404307, 'normalized_gamma': 8.4e-05}
{'sample_size': 100, 'difference': 0, 'noise': 0.1, 'n': 10, 'shap_error': 0.02912082057249585, 'shap_norm_sq': 3116.9335182262957, 'weighted_error': 1.1119424570790604, 'gamma': 0.26182827395404307, 'normalized_gamma': 8.4e-05}
{'sample_size': 100, 'difference': 0, 'noise': 0.5, 'n': 10, 'shap_error': 0.009180624881417765, 'shap_norm_sq': 3116.9335182262957, 'weighted_error': 1.035290513775357, 'gamma': 0.26182827395404307, 'normalized_gamma': 8.4e-05}
{'sample_size': 100, 'difference': 0, 'noise': 1, 'n': 10, 'shap_error': 0.011749963378369015, 'shap_norm_sq': 3116.9335182262957, 'weighted_error': 1.0451651268353228, 'gamma': 0.26182827395404307, 'normalized_gamma': 8.4e-05}
{'sample_size': 100, 'difference': 0, 'noise': 0.0005, 'n': 10, 'shap_error': 0.007374624761800272, 'shap_norm_sq': 2472.7796932497336, 'weighted_error': 1.0590782436364556, 'gamma': 0.12765712869872264, 'normalized_gamma': 5.2e-05}
{'sample_size': 100, 'difference': 0, 'noise': 0.001, 'n': 10, 'shap_error': 0.004563997268210216, 'shap_norm_sq': 2472.7796932497336, 'weighted_error': 1.0365622925380764, 'gamma': 0.12765712869872264, 'normalized_gamma': 5.2e-05}
{'sample_size': 100, 'difference': 0, 'noise': 0.005, 'n': 10, 'shap_error': 0.0056264440704143735, 'shap_norm_sq': 2472.7796932497336, 'weighted_error': 1.0450734599489535, 'gamma': 0.12765712869872264, 'normalized_gamma': 5.2e-05}
{'sample_size': 100, 'difference': 0, 'noise': 0.01, 'n': 10, 'shap_error': 0.007430809876695668, 'shap_norm_sq': 2472.7796932497336, 'weighted_error': 1.0595285927423326, 'gamma': 0.12765712869872264, 'normalized_gamma': 5.2e-05}
{'sample_size': 100, 'difference': 0, 'noise': 0.05, 'n': 10, 'shap_error': 0.016587175206659137, 'shap_norm_sq': 2472.7796932497336, 'weighted_error': 1.13287963197623, 'gamma': 0.12765712869872264, 'normalized_gamma': 5.2e-05}
{'sample_size': 100, 'difference': 0, 'noise': 0.1, 'n': 10, 'shap_error': 0.009808457441359322, 'shap_norm_sq': 2472.7796932497336, 'weighted_error': 1.078575887961255, 'gamma': 0.12765712869872264, 'normalized_gamma': 5.2e-05}
{'sample_size': 100, 'difference': 0, 'noise': 0.5, 'n': 10, 'shap_error': 0.01123418765696641, 'shap_norm_sq': 2472.7796932497336, 'weighted_error': 1.0899950597470422, 'gamma': 0.12765712869872264, 'normalized_gamma': 5.2e-05}
{'sample_size': 100, 'difference': 0, 'noise': 1, 'n': 10, 'shap_error': 0.01173545217334932, 'shap_norm_sq': 2472.7796932497336, 'weighted_error': 1.0940031151612213, 'gamma': 0.12765712869872264, 'normalized_gamma': 5.2e-05}
{'sample_size': 100, 'difference': 0, 'noise': 0.0005, 'n': 10, 'shap_error': 0.009916008084963618, 'shap_norm_sq': 6786.000708778851, 'weighted_error': 1.0516957443277821, 'gamma': 0.31504920791016, 'normalized_gamma': 4.6e-05}
{'sample_size': 100, 'difference': 0, 'noise': 0.001, 'n': 10, 'shap_error': 0.012128130391785218, 'shap_norm_sq': 6786.000708778851, 'weighted_error': 1.0632286392189187, 'gamma': 0.31504920791016, 'normalized_gamma': 4.6e-05}
{'sample_size': 100, 'difference': 0, 'noise': 0.005, 'n': 10, 'shap_error': 0.00984920586130487, 'shap_norm_sq': 6786.000708778851, 'weighted_error': 1.0513472303116904, 'gamma': 0.31504920791016, 'normalized_gamma': 4.6e-05}
{'sample_size': 100, 'difference': 0, 'noise': 0.01, 'n': 10, 'shap_error': 0.02904693043931202, 'shap_norm_sq': 6786.000708778851, 'weighted_error': 1.1514321556855176, 'gamma': 0.31504920791016, 'normalized_gamma': 4.6e-05}
{'sample_size': 100, 'difference': 0, 'noise': 0.05, 'n': 10, 'shap_error': 0.00549430141855013, 'shap_norm_sq': 6786.000708778851, 'weighted_error': 1.0286431281325348, 'gamma': 0.31504920791016, 'normalized_gamma': 4.6e-05}
{'sample_size': 100, 'difference': 0, 'noise': 0.1, 'n': 10, 'shap_error': 0.011049051505905782, 'shap_norm_sq': 6786.000708778851, 'weighted_error': 1.0576016630435907, 'gamma': 0.31504920791016, 'normalized_gamma': 4.6e-05}
{'sample_size': 100, 'difference': 0, 'noise': 0.5, 'n': 10, 'shap_error': 0.012064045489140168, 'shap_norm_sq': 6786.000708778851, 'weighted_error': 1.0628713066489086, 'gamma': 0.31504920791016, 'normalized_gamma': 4.6e-05}
{'sample_size': 100, 'difference': 0, 'noise': 1, 'n': 10, 'shap_error': 0.005746595732362106, 'shap_norm_sq': 6786.000708778851, 'weighted_error': 1.0298667075330021, 'gamma': 0.31504920791016, 'normalized_gamma': 4.6e-05}
{'sample_size': 100, 'difference': 0, 'noise': 0.0005, 'n': 10, 'shap_error': 0.016069906376215776, 'shap_norm_sq': 4193.759329557548, 'weighted_error': 1.0739706810213199, 'gamma': 0.2261295153916923, 'normalized_gamma': 5.4e-05}
{'sample_size': 100, 'difference': 0, 'noise': 0.001, 'n': 10, 'shap_error': 0.012222386111502682, 'shap_norm_sq': 4193.759329557548, 'weighted_error': 1.0562605283940345, 'gamma': 0.2261295153916923, 'normalized_gamma': 5.4e-05}
{'sample_size': 100, 'difference': 0, 'noise': 0.005, 'n': 10, 'shap_error': 0.01575802461415565, 'shap_norm_sq': 4193.759329557548, 'weighted_error': 1.0725352581659422, 'gamma': 0.2261295153916923, 'normalized_gamma': 5.4e-05}
{'sample_size': 100, 'difference': 0, 'noise': 0.01, 'n': 10, 'shap_error': 0.00878899339376674, 'shap_norm_sq': 4193.759329557548, 'weighted_error': 1.040456336962026, 'gamma': 0.2261295153916923, 'normalized_gamma': 5.4e-05}
{'sample_size': 100, 'difference': 0, 'noise': 0.05, 'n': 10, 'shap_error': 0.010676825488559772, 'shap_norm_sq': 4193.759329557548, 'weighted_error': 1.0491454209925255, 'gamma': 0.2261295153916923, 'normalized_gamma': 5.4e-05}
{'sample_size': 100, 'difference': 0, 'noise': 0.1, 'n': 10, 'shap_error': 0.016203980274317818, 'shap_norm_sq': 4193.759329557548, 'weighted_error': 1.074585690483153, 'gamma': 0.2261295153916923, 'normalized_gamma': 5.4e-05}
{'sample_size': 100, 'difference': 0, 'noise': 0.5, 'n': 10, 'shap_error': 0.007766551738643111, 'shap_norm_sq': 4193.759329557548, 'weighted_error': 1.0356894906429897, 'gamma': 0.2261295153916923, 'normalized_gamma': 5.4e-05}
{'sample_size': 100, 'difference': 0, 'noise': 1, 'n': 10, 'shap_error': 0.02066956558976136, 'shap_norm_sq': 4193.759329557548, 'weighted_error': 1.0949015452819217, 'gamma': 0.2261295153916923, 'normalized_gamma': 5.4e-05}
{'sample_size': 100, 'difference': 0, 'noise': 0.0005, 'n': 10, 'shap_error': 0.007217052357621463, 'shap_norm_sq': 3499.7067906751554, 'weighted_error': 1.0577803573598679, 'gamma': 0.1301803278719225, 'normalized_gamma': 3.7e-05}
{'sample_size': 100, 'difference': 0, 'noise': 0.001, 'n': 10, 'shap_error': 0.0036275565716593385, 'shap_norm_sq': 3499.7067906751554, 'weighted_error': 1.0290421690479492, 'gamma': 0.1301803278719225, 'normalized_gamma': 3.7e-05}
{'sample_size': 100, 'difference': 0, 'noise': 0.005, 'n': 10, 'shap_error': 0.010487017610780407, 'shap_norm_sq': 3499.7067906751554, 'weighted_error': 1.0839593594693402, 'gamma': 0.1301803278719225, 'normalized_gamma': 3.7e-05}
{'sample_size': 100, 'difference': 0, 'noise': 0.01, 'n': 10, 'shap_error': 0.004629214478055816, 'shap_norm_sq': 3499.7067906751554, 'weighted_error': 1.0370617771407362, 'gamma': 0.1301803278719225, 'normalized_gamma': 3.7e-05}
{'sample_size': 100, 'difference': 0, 'noise': 0.05, 'n': 10, 'shap_error': 0.010725245479541854, 'shap_norm_sq': 3499.7067906751554, 'weighted_error': 1.0858663752226776, 'gamma': 0.1301803278719225, 'normalized_gamma': 3.7e-05}
{'sample_size': 100, 'difference': 0, 'noise': 0.1, 'n': 10, 'shap_error': 0.0054613384312168466, 'shap_norm_sq': 3499.7067906751554, 'weighted_error': 1.0437221942989996, 'gamma': 0.1301803278719225, 'normalized_gamma': 3.7e-05}
{'sample_size': 100, 'difference': 0, 'noise': 0.5, 'n': 10, 'shap_error': 0.007363330898448519, 'shap_norm_sq': 3499.7067906751554, 'weighted_error': 1.058914074881494, 'gamma': 0.1301803278719225, 'normalized_gamma': 3.7e-05}
{'sample_size': 100, 'difference': 0, 'noise': 1, 'n': 10, 'shap_error': 0.003564575755455552, 'shap_norm_sq': 3499.7067906751554, 'weighted_error': 1.028390298808701, 'gamma': 0.1301803278719225, 'normalized_gamma': 3.7e-05}
{'sample_size': 100, 'difference': 0, 'noise': 0.0005, 'n': 10, 'shap_error': 0.0052093343981422825, 'shap_norm_sq': 4369.560758612868, 'weighted_error': 1.0564821772699187, 'gamma': 0.09373075646943627, 'normalized_gamma': 2.1e-05}
{'sample_size': 100, 'difference': 0, 'noise': 0.001, 'n': 10, 'shap_error': 0.0042861183798195805, 'shap_norm_sq': 4369.560758612868, 'weighted_error': 1.0464722551843761, 'gamma': 0.09373075646943627, 'normalized_gamma': 2.1e-05}
{'sample_size': 100, 'difference': 0, 'noise': 0.005, 'n': 10, 'shap_error': 0.00831385791783406, 'shap_norm_sq': 4369.560758612868, 'weighted_error': 1.0901432803929882, 'gamma': 0.09373075646943627, 'normalized_gamma': 2.1e-05}
{'sample_size': 100, 'difference': 0, 'noise': 0.01, 'n': 10, 'shap_error': 0.0035980927189450396, 'shap_norm_sq': 4369.560758612868, 'weighted_error': 1.0390121176143845, 'gamma': 0.09373075646943627, 'normalized_gamma': 2.1e-05}
{'sample_size': 100, 'difference': 0, 'noise': 0.05, 'n': 10, 'shap_error': 0.008352893783484866, 'shap_norm_sq': 4369.560758612868, 'weighted_error': 1.0905607027182231, 'gamma': 0.09373075646943627, 'normalized_gamma': 2.1e-05}
{'sample_size': 100, 'difference': 0, 'noise': 0.1, 'n': 10, 'shap_error': 0.005835928378753218, 'shap_norm_sq': 4369.560758612868, 'weighted_error': 1.0632554012064914, 'gamma': 0.09373075646943627, 'normalized_gamma': 2.1e-05}
{'sample_size': 100, 'difference': 0, 'noise': 0.5, 'n': 10, 'shap_error': 0.0068344874101434385, 'shap_norm_sq': 4369.560758612868, 'weighted_error': 1.0735720841438905, 'gamma': 0.09373075646943627, 'normalized_gamma': 2.1e-05}
{'sample_size': 100, 'difference': 0, 'noise': 1, 'n': 10, 'shap_error': 0.013210729906550605, 'shap_norm_sq': 4369.560758612868, 'weighted_error': 1.1411138384205373, 'gamma': 0.09373075646943627, 'normalized_gamma': 2.1e-05}
{'sample_size': 100, 'difference': 0, 'noise': 0.0005, 'n': 10, 'shap_error': 0.004246382868687186, 'shap_norm_sq': 13548.392622376921, 'weighted_error': 1.0275613829271169, 'gamma': 0.2000880052100752, 'normalized_gamma': 1.5e-05}
{'sample_size': 100, 'difference': 0, 'noise': 0.001, 'n': 10, 'shap_error': 0.0063457547152411635, 'shap_norm_sq': 13548.392622376921, 'weighted_error': 1.041187225068137, 'gamma': 0.2000880052100752, 'normalized_gamma': 1.5e-05}
{'sample_size': 100, 'difference': 0, 'noise': 0.005, 'n': 10, 'shap_error': 0.015181505825265234, 'shap_norm_sq': 13548.392622376921, 'weighted_error': 1.0985357028044944, 'gamma': 0.2000880052100752, 'normalized_gamma': 1.5e-05}
{'sample_size': 100, 'difference': 0, 'noise': 0.01, 'n': 10, 'shap_error': 0.006786533011992529, 'shap_norm_sq': 13548.392622376921, 'weighted_error': 1.0440483070152289, 'gamma': 0.2000880052100752, 'normalized_gamma': 1.5e-05}
{'sample_size': 100, 'difference': 0, 'noise': 0.05, 'n': 10, 'shap_error': 0.02075922137235419, 'shap_norm_sq': 13548.392622376921, 'weighted_error': 1.1347369892596142, 'gamma': 0.2000880052100752, 'normalized_gamma': 1.5e-05}
{'sample_size': 100, 'difference': 0, 'noise': 0.1, 'n': 10, 'shap_error': 0.00545588777115163, 'shap_norm_sq': 13548.392622376921, 'weighted_error': 1.03540861151222, 'gamma': 0.2000880052100752, 'normalized_gamma': 1.5e-05}
{'sample_size': 100, 'difference': 0, 'noise': 0.5, 'n': 10, 'shap_error': 0.00229868809338816, 'shap_norm_sq': 13548.392622376921, 'weighted_error': 1.0148478977525868, 'gamma': 0.2000880052100752, 'normalized_gamma': 1.5e-05}
{'sample_size': 100, 'difference': 0, 'noise': 1, 'n': 10, 'shap_error': 0.012723775455821049, 'shap_norm_sq': 13548.392622376921, 'weighted_error': 1.082296130198956, 'gamma': 0.2000880052100752, 'normalized_gamma': 1.5e-05}
{'sample_size': 100, 'difference': 0, 'noise': 0.0005, 'n': 10, 'shap_error': 0.03895834384925295, 'shap_norm_sq': 6909.991599162449, 'weighted_error': 1.1728076820424018, 'gamma': 0.44085027210381117, 'normalized_gamma': 6.4e-05}
{'sample_size': 100, 'difference': 0, 'noise': 0.001, 'n': 10, 'shap_error': 0.012169903424423882, 'shap_norm_sq': 6909.991599162449, 'weighted_error': 1.0539818018387535, 'gamma': 0.44085027210381117, 'normalized_gamma': 6.4e-05}
{'sample_size': 100, 'difference': 0, 'noise': 0.005, 'n': 10, 'shap_error': 0.010512536764344447, 'shap_norm_sq': 6909.991599162449, 'weighted_error': 1.0466301406770586, 'gamma': 0.44085027210381117, 'normalized_gamma': 6.4e-05}
{'sample_size': 100, 'difference': 0, 'noise': 0.01, 'n': 10, 'shap_error': 0.0260793658430352, 'shap_norm_sq': 6909.991599162449, 'weighted_error': 1.1156802553756224, 'gamma': 0.44085027210381117, 'normalized_gamma': 6.4e-05}
{'sample_size': 100, 'difference': 0, 'noise': 0.05, 'n': 10, 'shap_error': 0.027365062601688864, 'shap_norm_sq': 6909.991599162449, 'weighted_error': 1.121383093080242, 'gamma': 0.44085027210381117, 'normalized_gamma': 6.4e-05}
{'sample_size': 100, 'difference': 0, 'noise': 0.1, 'n': 10, 'shap_error': 0.018826476459359184, 'shap_norm_sq': 6909.991599162449, 'weighted_error': 1.0835076651531987, 'gamma': 0.44085027210381117, 'normalized_gamma': 6.4e-05}
{'sample_size': 100, 'difference': 0, 'noise': 0.5, 'n': 10, 'shap_error': 0.03138463670073216, 'shap_norm_sq': 6909.991599162449, 'weighted_error': 1.1391891069152522, 'gamma': 0.44085027210381117, 'normalized_gamma': 6.4e-05}
{'sample_size': 100, 'difference': 0, 'noise': 1, 'n': 10, 'shap_error': 0.018912961900294085, 'shap_norm_sq': 6909.991599162449, 'weighted_error': 1.0837978118923164, 'gamma': 0.44085027210381117, 'normalized_gamma': 6.4e-05}
{'sample_size': 100, 'difference': 0, 'noise': 0.0005, 'n': 10, 'shap_error': 0.0044176689237522765, 'shap_norm_sq': 4797.868769937228, 'weighted_error': 1.064751001977309, 'gamma': 0.08173389715526896, 'normalized_gamma': 1.7e-05}
{'sample_size': 100, 'difference': 0, 'noise': 0.001, 'n': 10, 'shap_error': 0.006584558964530568, 'shap_norm_sq': 4797.868769937228, 'weighted_error': 1.0965119789438758, 'gamma': 0.08173389715526896, 'normalized_gamma': 1.7e-05}
{'sample_size': 100, 'difference': 0, 'noise': 0.005, 'n': 10, 'shap_error': 0.005880446581330385, 'shap_norm_sq': 4797.868769937228, 'weighted_error': 1.0861917255070033, 'gamma': 0.08173389715526896, 'normalized_gamma': 1.7e-05}
{'sample_size': 100, 'difference': 0, 'noise': 0.01, 'n': 10, 'shap_error': 0.0048948158627150525, 'shap_norm_sq': 4797.868769937228, 'weighted_error': 1.0717436208143614, 'gamma': 0.08173389715526896, 'normalized_gamma': 1.7e-05}
{'sample_size': 100, 'difference': 0, 'noise': 0.05, 'n': 10, 'shap_error': 0.00550881543463854, 'shap_norm_sq': 4797.868769937228, 'weighted_error': 1.0807436143614801, 'gamma': 0.08173389715526896, 'normalized_gamma': 1.7e-05}
{'sample_size': 100, 'difference': 0, 'noise': 0.1, 'n': 10, 'shap_error': 0.005213863508508958, 'shap_norm_sq': 4797.868769937228, 'weighted_error': 1.0764201130389048, 'gamma': 0.08173389715526896, 'normalized_gamma': 1.7e-05}
{'sample_size': 100, 'difference': 0, 'noise': 0.5, 'n': 10, 'shap_error': 0.008700722885875926, 'shap_norm_sq': 4797.868769937228, 'weighted_error': 1.1275168796684776, 'gamma': 0.08173389715526896, 'normalized_gamma': 1.7e-05}
{'sample_size': 100, 'difference': 0, 'noise': 1, 'n': 10, 'shap_error': 0.0029361096319956074, 'shap_norm_sq': 4797.868769937228, 'weighted_error': 1.042985122111964, 'gamma': 0.08173389715526896, 'normalized_gamma': 1.7e-05}
{'sample_size': 100, 'difference': 0, 'noise': 0.0005, 'n': 10, 'shap_error': 0.0031136640101998513, 'shap_norm_sq': 1908.3168387587407, 'weighted_error': 1.0206581978605886, 'gamma': 0.16093946003712173, 'normalized_gamma': 8.4e-05}
{'sample_size': 100, 'difference': 0, 'noise': 0.001, 'n': 10, 'shap_error': 0.010022488995416018, 'shap_norm_sq': 1908.3168387587407, 'weighted_error': 1.0664955938360738, 'gamma': 0.16093946003712173, 'normalized_gamma': 8.4e-05}
{'sample_size': 100, 'difference': 0, 'noise': 0.005, 'n': 10, 'shap_error': 0.011298198422396747, 'shap_norm_sq': 1908.3168387587407, 'weighted_error': 1.0749596400315964, 'gamma': 0.16093946003712173, 'normalized_gamma': 8.4e-05}
{'sample_size': 100, 'difference': 0, 'noise': 0.01, 'n': 10, 'shap_error': 0.017946877368920946, 'shap_norm_sq': 1908.3168387587407, 'weighted_error': 1.119071543706469, 'gamma': 0.16093946003712173, 'normalized_gamma': 8.4e-05}
{'sample_size': 100, 'difference': 0, 'noise': 0.05, 'n': 10, 'shap_error': 0.0056356460139381824, 'shap_norm_sq': 1908.3168387587407, 'weighted_error': 1.0373900498684965, 'gamma': 0.16093946003712173, 'normalized_gamma': 8.4e-05}
{'sample_size': 100, 'difference': 0, 'noise': 0.1, 'n': 10, 'shap_error': 0.020964010056394443, 'shap_norm_sq': 1908.3168387587407, 'weighted_error': 1.1390868759478872, 'gamma': 0.16093946003712173, 'normalized_gamma': 8.4e-05}
{'sample_size': 100, 'difference': 0, 'noise': 0.5, 'n': 10, 'shap_error': 0.008795451341395697, 'shap_norm_sq': 1908.3168387587407, 'weighted_error': 1.058297987686785, 'gamma': 0.16093946003712173, 'normalized_gamma': 8.4e-05}
{'sample_size': 100, 'difference': 0, 'noise': 1, 'n': 10, 'shap_error': 0.01295025580986825, 'shap_norm_sq': 1908.3168387587407, 'weighted_error': 1.0856939234651188, 'gamma': 0.16093946003712173, 'normalized_gamma': 8.4e-05}
{'sample_size': 100, 'difference': 0, 'noise': 0.0005, 'n': 10, 'shap_error': 0.0051041814875116736, 'shap_norm_sq': 2636.732584970696, 'weighted_error': 1.0113418608084526, 'gamma': 0.46479299574068045, 'normalized_gamma': 0.00018}
{'sample_size': 100, 'difference': 0, 'noise': 0.001, 'n': 10, 'shap_error': 0.01770135420555382, 'shap_norm_sq': 2636.732584970696, 'weighted_error': 1.039333694241275, 'gamma': 0.46479299574068045, 'normalized_gamma': 0.00018}
{'sample_size': 100, 'difference': 0, 'noise': 0.005, 'n': 10, 'shap_error': 0.035534708248046575, 'shap_norm_sq': 2636.732584970696, 'weighted_error': 1.0789606148667836, 'gamma': 0.46479299574068045, 'normalized_gamma': 0.00018}
{'sample_size': 100, 'difference': 0, 'noise': 0.01, 'n': 10, 'shap_error': 0.02548684536535402, 'shap_norm_sq': 2636.732584970696, 'weighted_error': 1.056633907840533, 'gamma': 0.46479299574068045, 'normalized_gamma': 0.00018}
{'sample_size': 100, 'difference': 0, 'noise': 0.05, 'n': 10, 'shap_error': 0.018559315480366104, 'shap_norm_sq': 2636.732584970696, 'weighted_error': 1.041239149939104, 'gamma': 0.46479299574068045, 'normalized_gamma': 0.00018}
{'sample_size': 100, 'difference': 0, 'noise': 0.1, 'n': 10, 'shap_error': 0.011420435819802592, 'shap_norm_sq': 2636.732584970696, 'weighted_error': 1.0253728935660185, 'gamma': 0.46479299574068045, 'normalized_gamma': 0.00018}
{'sample_size': 100, 'difference': 0, 'noise': 0.5, 'n': 10, 'shap_error': 0.0068020274332393155, 'shap_norm_sq': 2636.732584970696, 'weighted_error': 1.0150111508065602, 'gamma': 0.46479299574068045, 'normalized_gamma': 0.00018}
{'sample_size': 100, 'difference': 0, 'noise': 1, 'n': 10, 'shap_error': 0.02720795323226759, 'shap_norm_sq': 2636.732584970696, 'weighted_error': 1.0600443609089918, 'gamma': 0.46479299574068045, 'normalized_gamma': 0.00018}
{'sample_size': 100, 'difference': 0, 'noise': 0.0005, 'n': 10, 'shap_error': 0.0033758074184753652, 'shap_norm_sq': 13667.029574185424, 'weighted_error': 1.0415145005173492, 'gamma': 0.13315101227361809, 'normalized_gamma': 9.7e-06}
{'sample_size': 100, 'difference': 0, 'noise': 0.001, 'n': 10, 'shap_error': 0.00405783927546649, 'shap_norm_sq': 13667.029574185424, 'weighted_error': 1.0499010166881997, 'gamma': 0.13315101227361809, 'normalized_gamma': 9.7e-06}
{'sample_size': 100, 'difference': 0, 'noise': 0.005, 'n': 10, 'shap_error': 0.004768197804048421, 'shap_norm_sq': 13667.029574185424, 'weighted_error': 1.0586368866652451, 'gamma': 0.13315101227361809, 'normalized_gamma': 9.7e-06}
{'sample_size': 100, 'difference': 0, 'noise': 0.01, 'n': 10, 'shap_error': 0.0023181405741150357, 'shap_norm_sq': 13667.029574185424, 'weighted_error': 1.0285073732088283, 'gamma': 0.13315101227361809, 'normalized_gamma': 9.7e-06}
{'sample_size': 100, 'difference': 0, 'noise': 0.05, 'n': 10, 'shap_error': 0.005959839863886072, 'shap_norm_sq': 13667.029574185424, 'weighted_error': 1.0732906603258257, 'gamma': 0.13315101227361809, 'normalized_gamma': 9.7e-06}
{'sample_size': 100, 'difference': 0, 'noise': 0.1, 'n': 10, 'shap_error': 0.00434752505913563, 'shap_norm_sq': 13667.029574185424, 'weighted_error': 1.0534617611621453, 'gamma': 0.13315101227361809, 'normalized_gamma': 9.7e-06}
{'sample_size': 100, 'difference': 0, 'noise': 0.5, 'n': 10, 'shap_error': 0.004242324768576995, 'shap_norm_sq': 13667.029574185424, 'weighted_error': 1.0521274525572537, 'gamma': 0.13315101227361809, 'normalized_gamma': 9.7e-06}
{'sample_size': 100, 'difference': 0, 'noise': 1, 'n': 10, 'shap_error': 0.006985450511757346, 'shap_norm_sq': 13667.029574185424, 'weighted_error': 1.0857321104857662, 'gamma': 0.13315101227361809, 'normalized_gamma': 9.7e-06}
{'sample_size': 100, 'difference': 0, 'noise': 0.0005, 'n': 10, 'shap_error': 0.03382786515476703, 'shap_norm_sq': 5630.918473901729, 'weighted_error': 1.0902505882695208, 'gamma': 0.3843087698274423, 'normalized_gamma': 6.8e-05}
{'sample_size': 100, 'difference': 0, 'noise': 0.001, 'n': 10, 'shap_error': 0.014742489052227227, 'shap_norm_sq': 5630.918473901729, 'weighted_error': 1.0393319547588409, 'gamma': 0.3843087698274423, 'normalized_gamma': 6.8e-05}
{'sample_size': 100, 'difference': 0, 'noise': 0.005, 'n': 10, 'shap_error': 0.02326552040409149, 'shap_norm_sq': 5630.918473901729, 'weighted_error': 1.0620708821890532, 'gamma': 0.3843087698274423, 'normalized_gamma': 6.8e-05}
{'sample_size': 100, 'difference': 0, 'noise': 0.01, 'n': 10, 'shap_error': 0.025611466575912015, 'shap_norm_sq': 5630.918473901729, 'weighted_error': 1.0683298633726677, 'gamma': 0.3843087698274423, 'normalized_gamma': 6.8e-05}
{'sample_size': 100, 'difference': 0, 'noise': 0.05, 'n': 10, 'shap_error': 0.036940243203021056, 'shap_norm_sq': 5630.918473901729, 'weighted_error': 1.098554294943113, 'gamma': 0.3843087698274423, 'normalized_gamma': 6.8e-05}
{'sample_size': 100, 'difference': 0, 'noise': 0.1, 'n': 10, 'shap_error': 0.02632914266812707, 'shap_norm_sq': 5630.918473901729, 'weighted_error': 1.070244345497208, 'gamma': 0.3843087698274423, 'normalized_gamma': 6.8e-05}
{'sample_size': 100, 'difference': 0, 'noise': 0.5, 'n': 10, 'shap_error': 0.016017475413448192, 'shap_norm_sq': 5630.918473901729, 'weighted_error': 1.0427323539919136, 'gamma': 0.3843087698274423, 'normalized_gamma': 6.8e-05}
{'sample_size': 100, 'difference': 0, 'noise': 1, 'n': 10, 'shap_error': 0.0398535111548581, 'shap_norm_sq': 5630.918473901729, 'weighted_error': 1.1063214962817551, 'gamma': 0.3843087698274423, 'normalized_gamma': 6.8e-05}
{'sample_size': 100, 'difference': 0, 'noise': 0.0005, 'n': 10, 'shap_error': 0.001960534302825455, 'shap_norm_sq': 2295.0218898427806, 'weighted_error': 1.0993505065554943, 'gamma': 0.02103349880257591, 'normalized_gamma': 9.2e-06}
{'sample_size': 100, 'difference': 0, 'noise': 0.001, 'n': 10, 'shap_error': 0.0007300238773426046, 'shap_norm_sq': 2295.0218898427806, 'weighted_error': 1.0369936436279412, 'gamma': 0.02103349880257591, 'normalized_gamma': 9.2e-06}
{'sample_size': 100, 'difference': 0, 'noise': 0.005, 'n': 10, 'shap_error': 0.0022258601881926365, 'shap_norm_sq': 2295.0218898427806, 'weighted_error': 1.1127952022292626, 'gamma': 0.02103349880257591, 'normalized_gamma': 9.2e-06}
{'sample_size': 100, 'difference': 0, 'noise': 0.01, 'n': 10, 'shap_error': 0.003994948218377055, 'shap_norm_sq': 2295.0218898427806, 'weighted_error': 1.2024418062813536, 'gamma': 0.02103349880257591, 'normalized_gamma': 9.2e-06}
{'sample_size': 100, 'difference': 0, 'noise': 0.05, 'n': 10, 'shap_error': 0.0014982560625383004, 'shap_norm_sq': 2295.0218898427806, 'weighted_error': 1.075837094933569, 'gamma': 0.02103349880257591, 'normalized_gamma': 9.2e-06}
{'sample_size': 100, 'difference': 0, 'noise': 0.1, 'n': 10, 'shap_error': 0.0013150456351227779, 'shap_norm_sq': 2295.0218898427806, 'weighted_error': 1.0662927658379242, 'gamma': 0.02103349880257591, 'normalized_gamma': 9.2e-06}
{'sample_size': 100, 'difference': 0, 'noise': 0.5, 'n': 10, 'shap_error': 0.0008723691303921459, 'shap_norm_sq': 2295.0218898427806, 'weighted_error': 1.0355268999229168, 'gamma': 0.02103349880257591, 'normalized_gamma': 9.2e-06}
{'sample_size': 100, 'difference': 0, 'noise': 1, 'n': 10, 'shap_error': 0.0013096984240291779, 'shap_norm_sq': 2295.0218898427806, 'weighted_error': 1.0316470339116137, 'gamma': 0.02103349880257591, 'normalized_gamma': 9.2e-06}
{'sample_size': 100, 'difference': 0, 'noise': 0.0005, 'n': 10, 'shap_error': 0.05275146414694522, 'shap_norm_sq': 1116.2927736852766, 'weighted_error': 1.046110505667903, 'gamma': 1.4486589189395196, 'normalized_gamma': 0.0013}
{'sample_size': 100, 'difference': 0, 'noise': 0.001, 'n': 10, 'shap_error': 0.07885573784723023, 'shap_norm_sq': 1116.2927736852766, 'weighted_error': 1.0689283275008656, 'gamma': 1.4486589189395196, 'normalized_gamma': 0.0013}
{'sample_size': 100, 'difference': 0, 'noise': 0.005, 'n': 10, 'shap_error': 0.06085688367398049, 'shap_norm_sq': 1116.2927736852766, 'weighted_error': 1.0531953308274515, 'gamma': 1.4486589189395196, 'normalized_gamma': 0.0013}
{'sample_size': 100, 'difference': 0, 'noise': 0.01, 'n': 10, 'shap_error': 0.0853662377725937, 'shap_norm_sq': 1116.2927736852766, 'weighted_error': 1.0746190766266634, 'gamma': 1.4486589189395196, 'normalized_gamma': 0.0013}
{'sample_size': 100, 'difference': 0, 'noise': 0.05, 'n': 10, 'shap_error': 0.0429971809604246, 'shap_norm_sq': 1116.2927736852766, 'weighted_error': 1.0375839604478296, 'gamma': 1.4486589189395196, 'normalized_gamma': 0.0013}
{'sample_size': 100, 'difference': 0, 'noise': 0.1, 'n': 10, 'shap_error': 0.048715836346598984, 'shap_norm_sq': 1116.2927736852766, 'weighted_error': 1.0425826522979722, 'gamma': 1.4486589189395196, 'normalized_gamma': 0.0013}
{'sample_size': 100, 'difference': 0, 'noise': 0.5, 'n': 10, 'shap_error': 0.05001078378740372, 'shap_norm_sq': 1116.2927736852766, 'weighted_error': 1.0437116936162016, 'gamma': 1.4486589189395196, 'normalized_gamma': 0.0013}
{'sample_size': 100, 'difference': 0, 'noise': 1, 'n': 10, 'shap_error': 0.0958762901967505, 'shap_norm_sq': 1116.2927736852766, 'weighted_error': 1.083794519708791, 'gamma': 1.4486589189395196, 'normalized_gamma': 0.0013}
{'sample_size': 100, 'difference': 0, 'noise': 0.0005, 'n': 10, 'shap_error': 0.04182606948381316, 'shap_norm_sq': 8224.455711031445, 'weighted_error': 1.077444221060444, 'gamma': 0.8196519345642875, 'normalized_gamma': 0.0001}
{'sample_size': 100, 'difference': 0, 'noise': 0.001, 'n': 10, 'shap_error': 0.02297176190933514, 'shap_norm_sq': 8224.455711031445, 'weighted_error': 1.0425340287863436, 'gamma': 0.8196519345642875, 'normalized_gamma': 0.0001}
{'sample_size': 100, 'difference': 0, 'noise': 0.005, 'n': 10, 'shap_error': 0.04276397878342977, 'shap_norm_sq': 8224.455711031445, 'weighted_error': 1.079181034501866, 'gamma': 0.8196519345642875, 'normalized_gamma': 0.0001}
{'sample_size': 100, 'difference': 0, 'noise': 0.01, 'n': 10, 'shap_error': 0.035467244177594406, 'shap_norm_sq': 8224.455711031445, 'weighted_error': 1.065670442794329, 'gamma': 0.8196519345642875, 'normalized_gamma': 0.0001}
{'sample_size': 100, 'difference': 0, 'noise': 0.05, 'n': 10, 'shap_error': 0.05815685149321172, 'shap_norm_sq': 8224.455711031445, 'weighted_error': 1.1076816546261243, 'gamma': 0.8196519345642875, 'normalized_gamma': 0.0001}
{'sample_size': 100, 'difference': 0, 'noise': 0.1, 'n': 10, 'shap_error': 0.012423870753380065, 'shap_norm_sq': 8224.455711031445, 'weighted_error': 1.023002745821047, 'gamma': 0.8196519345642875, 'normalized_gamma': 0.0001}
{'sample_size': 100, 'difference': 0, 'noise': 0.5, 'n': 10, 'shap_error': 0.04706376546773356, 'shap_norm_sq': 8224.455711031445, 'weighted_error': 1.087118607786245, 'gamma': 0.8196519345642875, 'normalized_gamma': 0.0001}
{'sample_size': 100, 'difference': 0, 'noise': 1, 'n': 10, 'shap_error': 0.03724165721957197, 'shap_norm_sq': 8224.455711031445, 'weighted_error': 1.0688612778674538, 'gamma': 0.8196519345642875, 'normalized_gamma': 0.0001}
{'sample_size': 100, 'difference': 0, 'noise': 0.0005, 'n': 10, 'shap_error': 0.008524465596478747, 'shap_norm_sq': 3860.3415354347426, 'weighted_error': 1.0505314291032701, 'gamma': 0.18788590859556314, 'normalized_gamma': 4.9e-05}
{'sample_size': 100, 'difference': 0, 'noise': 0.001, 'n': 10, 'shap_error': 0.00415382326238276, 'shap_norm_sq': 3860.3415354347426, 'weighted_error': 1.0246230160941632, 'gamma': 0.18788590859556314, 'normalized_gamma': 4.9e-05}
{'sample_size': 100, 'difference': 0, 'noise': 0.005, 'n': 10, 'shap_error': 0.003988019204077343, 'shap_norm_sq': 3860.3415354347426, 'weighted_error': 1.023640442514686, 'gamma': 0.18788590859556314, 'normalized_gamma': 4.9e-05}
{'sample_size': 100, 'difference': 0, 'noise': 0.01, 'n': 10, 'shap_error': 0.011956016939296365, 'shap_norm_sq': 3860.3415354347426, 'weighted_error': 1.0708730143598149, 'gamma': 0.18788590859556314, 'normalized_gamma': 4.9e-05}
{'sample_size': 100, 'difference': 0, 'noise': 0.05, 'n': 10, 'shap_error': 0.007821242360013261, 'shap_norm_sq': 3860.3415354347426, 'weighted_error': 1.0463619859234092, 'gamma': 0.18788590859556314, 'normalized_gamma': 4.9e-05}
{'sample_size': 100, 'difference': 0, 'noise': 0.1, 'n': 10, 'shap_error': 0.01180025275197293, 'shap_norm_sq': 3860.3415354347426, 'weighted_error': 1.0699457686452407, 'gamma': 0.18788590859556314, 'normalized_gamma': 4.9e-05}
{'sample_size': 100, 'difference': 0, 'noise': 0.5, 'n': 10, 'shap_error': 0.011691682240575119, 'shap_norm_sq': 3860.3415354347426, 'weighted_error': 1.069204504705201, 'gamma': 0.18788590859556314, 'normalized_gamma': 4.9e-05}
{'sample_size': 100, 'difference': 0, 'noise': 1, 'n': 10, 'shap_error': 0.006568727765871613, 'shap_norm_sq': 3860.3415354347426, 'weighted_error': 1.0385316761864367, 'gamma': 0.18788590859556314, 'normalized_gamma': 4.9e-05}
{'sample_size': 100, 'difference': 0, 'noise': 0.0005, 'n': 10, 'shap_error': 0.014939212297520396, 'shap_norm_sq': 4871.617330869325, 'weighted_error': 1.0367005262977964, 'gamma': 0.6312946286858809, 'normalized_gamma': 0.00013}
{'sample_size': 100, 'difference': 0, 'noise': 0.001, 'n': 10, 'shap_error': 0.01278780606289605, 'shap_norm_sq': 4871.617330869325, 'weighted_error': 1.0314155176713329, 'gamma': 0.6312946286858809, 'normalized_gamma': 0.00013}
{'sample_size': 100, 'difference': 0, 'noise': 0.005, 'n': 10, 'shap_error': 0.07125812908359891, 'shap_norm_sq': 4871.617330869325, 'weighted_error': 1.1750579866352502, 'gamma': 0.6312946286858809, 'normalized_gamma': 0.00013}
{'sample_size': 100, 'difference': 0, 'noise': 0.01, 'n': 10, 'shap_error': 0.022780677408912653, 'shap_norm_sq': 4871.617330869325, 'weighted_error': 1.0559647756020798, 'gamma': 0.6312946286858809, 'normalized_gamma': 0.00013}
{'sample_size': 100, 'difference': 0, 'noise': 0.05, 'n': 10, 'shap_error': 0.03378234936888818, 'shap_norm_sq': 4871.617330869325, 'weighted_error': 1.0829916892059641, 'gamma': 0.6312946286858809, 'normalized_gamma': 0.00013}
{'sample_size': 100, 'difference': 0, 'noise': 0.1, 'n': 10, 'shap_error': 0.02778626829318209, 'shap_norm_sq': 4871.617330869325, 'weighted_error': 1.0682612381763439, 'gamma': 0.6312946286858809, 'normalized_gamma': 0.00013}
{'sample_size': 100, 'difference': 0, 'noise': 0.5, 'n': 10, 'shap_error': 0.056638461964897725, 'shap_norm_sq': 4871.617330869325, 'weighted_error': 1.1391330695841038, 'gamma': 0.6312946286858809, 'normalized_gamma': 0.00013}
{'sample_size': 100, 'difference': 0, 'noise': 1, 'n': 10, 'shap_error': 0.03154893620699792, 'shap_norm_sq': 4871.617330869325, 'weighted_error': 1.0774709955876027, 'gamma': 0.6312946286858809, 'normalized_gamma': 0.00013}
{'sample_size': 100, 'difference': 0, 'noise': 0.0005, 'n': 10, 'shap_error': 0.004173636867618599, 'shap_norm_sq': 4842.55851147648, 'weighted_error': 1.0197551274140748, 'gamma': 0.24066498313459525, 'normalized_gamma': 5e-05}
{'sample_size': 100, 'difference': 0, 'noise': 0.001, 'n': 10, 'shap_error': 0.016766426464327418, 'shap_norm_sq': 4842.55851147648, 'weighted_error': 1.0793608115322475, 'gamma': 0.24066498313459525, 'normalized_gamma': 5e-05}
{'sample_size': 100, 'difference': 0, 'noise': 0.005, 'n': 10, 'shap_error': 0.006698208138691582, 'shap_norm_sq': 4842.55851147648, 'weighted_error': 1.0317046558711132, 'gamma': 0.24066498313459525, 'normalized_gamma': 5e-05}
{'sample_size': 100, 'difference': 0, 'noise': 0.01, 'n': 10, 'shap_error': 0.005751800511674645, 'shap_norm_sq': 4842.55851147648, 'weighted_error': 1.0272253210633693, 'gamma': 0.24066498313459525, 'normalized_gamma': 5e-05}
{'sample_size': 100, 'difference': 0, 'noise': 0.05, 'n': 10, 'shap_error': 0.017944691752901247, 'shap_norm_sq': 4842.55851147648, 'weighted_error': 1.08493855173903, 'gamma': 0.24066498313459525, 'normalized_gamma': 5e-05}
{'sample_size': 100, 'difference': 0, 'noise': 0.1, 'n': 10, 'shap_error': 0.010626266167455647, 'shap_norm_sq': 4842.55851147648, 'weighted_error': 1.0502977254720713, 'gamma': 0.24066498313459525, 'normalized_gamma': 5e-05}
{'sample_size': 100, 'difference': 0, 'noise': 0.5, 'n': 10, 'shap_error': 0.009477278131527619, 'shap_norm_sq': 4842.55851147648, 'weighted_error': 1.0448582921325553, 'gamma': 0.24066498313459525, 'normalized_gamma': 5e-05}
{'sample_size': 100, 'difference': 0, 'noise': 1, 'n': 10, 'shap_error': 0.00392133212679825, 'shap_norm_sq': 4842.55851147648, 'weighted_error': 1.0185570356313038, 'gamma': 0.24066498313459525, 'normalized_gamma': 5e-05}
{'sample_size': 100, 'difference': 0, 'noise': 0.0005, 'n': 10, 'shap_error': 0.03253887709145568, 'shap_norm_sq': 4043.3613206340856, 'weighted_error': 1.065225590771661, 'gamma': 0.7901339042976554, 'normalized_gamma': 0.0002}
{'sample_size': 100, 'difference': 0, 'noise': 0.001, 'n': 10, 'shap_error': 0.033351788107411046, 'shap_norm_sq': 4043.3613206340856, 'weighted_error': 1.0668553453877145, 'gamma': 0.7901339042976554, 'normalized_gamma': 0.0002}
{'sample_size': 100, 'difference': 0, 'noise': 0.005, 'n': 10, 'shap_error': 0.02475878027300944, 'shap_norm_sq': 4043.3613206340856, 'weighted_error': 1.049630130058211, 'gamma': 0.7901339042976554, 'normalized_gamma': 0.0002}
{'sample_size': 100, 'difference': 0, 'noise': 0.01, 'n': 10, 'shap_error': 0.022026635909286756, 'shap_norm_sq': 4043.3613206340856, 'weighted_error': 1.0441534570783533, 'gamma': 0.7901339042976554, 'normalized_gamma': 0.0002}
{'sample_size': 100, 'difference': 0, 'noise': 0.05, 'n': 10, 'shap_error': 0.013782131610130758, 'shap_norm_sq': 4043.3613206340856, 'weighted_error': 1.0276268739332561, 'gamma': 0.7901339042976554, 'normalized_gamma': 0.0002}
{'sample_size': 100, 'difference': 0, 'noise': 0.1, 'n': 10, 'shap_error': 0.014586151984189768, 'shap_norm_sq': 4043.3613206340856, 'weighted_error': 1.0292382957972823, 'gamma': 0.7901339042976554, 'normalized_gamma': 0.0002}
{'sample_size': 100, 'difference': 0, 'noise': 0.5, 'n': 10, 'shap_error': 0.028872622667060366, 'shap_norm_sq': 4043.3613206340856, 'weighted_error': 1.057868881372588, 'gamma': 0.7901339042976554, 'normalized_gamma': 0.0002}
{'sample_size': 100, 'difference': 0, 'noise': 1, 'n': 10, 'shap_error': 0.05098960104997946, 'shap_norm_sq': 4043.3613206340856, 'weighted_error': 1.1021811201708112, 'gamma': 0.7901339042976554, 'normalized_gamma': 0.0002}
{'sample_size': 100, 'difference': 0, 'noise': 0.0005, 'n': 10, 'shap_error': 0.012409704075851196, 'shap_norm_sq': 2349.0511889157706, 'weighted_error': 1.052195833160777, 'gamma': 0.2429975102922559, 'normalized_gamma': 0.0001}
{'sample_size': 100, 'difference': 0, 'noise': 0.001, 'n': 10, 'shap_error': 0.01138783561962791, 'shap_norm_sq': 2349.0511889157706, 'weighted_error': 1.0478980375104527, 'gamma': 0.2429975102922559, 'normalized_gamma': 0.0001}
{'sample_size': 100, 'difference': 0, 'noise': 0.005, 'n': 10, 'shap_error': 0.01135402102667911, 'shap_norm_sq': 2349.0511889157706, 'weighted_error': 1.0477557099961194, 'gamma': 0.2429975102922559, 'normalized_gamma': 0.0001}
{'sample_size': 100, 'difference': 0, 'noise': 0.01, 'n': 10, 'shap_error': 0.0053181400445586925, 'shap_norm_sq': 2349.0511889157706, 'weighted_error': 1.022368391651323, 'gamma': 0.2429975102922559, 'normalized_gamma': 0.0001}
{'sample_size': 100, 'difference': 0, 'noise': 0.05, 'n': 10, 'shap_error': 0.0029115888390836286, 'shap_norm_sq': 2349.0511889157706, 'weighted_error': 1.0122454182257818, 'gamma': 0.2429975102922559, 'normalized_gamma': 0.0001}
{'sample_size': 100, 'difference': 0, 'noise': 0.1, 'n': 10, 'shap_error': 0.011399605498924726, 'shap_norm_sq': 2349.0511889157706, 'weighted_error': 1.0479437401593394, 'gamma': 0.2429975102922559, 'normalized_gamma': 0.0001}
{'sample_size': 100, 'difference': 0, 'noise': 0.5, 'n': 10, 'shap_error': 0.010976882167105672, 'shap_norm_sq': 2349.0511889157706, 'weighted_error': 1.0460777087749336, 'gamma': 0.2429975102922559, 'normalized_gamma': 0.0001}
{'sample_size': 100, 'difference': 0, 'noise': 1, 'n': 10, 'shap_error': 0.011019682772142296, 'shap_norm_sq': 2349.0511889157706, 'weighted_error': 1.0459829338555326, 'gamma': 0.2429975102922559, 'normalized_gamma': 0.0001}
{'sample_size': 100, 'difference': 0, 'noise': 0.0005, 'n': 10, 'shap_error': 0.01814382676415936, 'shap_norm_sq': 970.0181938868183, 'weighted_error': 1.0618939562334206, 'gamma': 0.34984396463938827, 'normalized_gamma': 0.00036}
{'sample_size': 100, 'difference': 0, 'noise': 0.001, 'n': 10, 'shap_error': 0.012869475617695024, 'shap_norm_sq': 970.0181938868183, 'weighted_error': 1.0439017460193207, 'gamma': 0.34984396463938827, 'normalized_gamma': 0.00036}
{'sample_size': 100, 'difference': 0, 'noise': 0.005, 'n': 10, 'shap_error': 0.04533637626416849, 'shap_norm_sq': 970.0181938868183, 'weighted_error': 1.154655975387296, 'gamma': 0.34984396463938827, 'normalized_gamma': 0.00036}
{'sample_size': 100, 'difference': 0, 'noise': 0.01, 'n': 10, 'shap_error': 0.00674242388705049, 'shap_norm_sq': 970.0181938868183, 'weighted_error': 1.0230002799301698, 'gamma': 0.34984396463938827, 'normalized_gamma': 0.00036}
{'sample_size': 100, 'difference': 0, 'noise': 0.05, 'n': 10, 'shap_error': 0.012884001889624155, 'shap_norm_sq': 970.0181938868183, 'weighted_error': 1.0439471471466735, 'gamma': 0.34984396463938827, 'normalized_gamma': 0.00036}
{'sample_size': 100, 'difference': 0, 'noise': 0.1, 'n': 10, 'shap_error': 0.02290928923840629, 'shap_norm_sq': 970.0181938868183, 'weighted_error': 1.078134444277124, 'gamma': 0.34984396463938827, 'normalized_gamma': 0.00036}
{'sample_size': 100, 'difference': 0, 'noise': 0.5, 'n': 10, 'shap_error': 0.02608135882697871, 'shap_norm_sq': 970.0181938868183, 'weighted_error': 1.0885763791480896, 'gamma': 0.34984396463938827, 'normalized_gamma': 0.00036}
{'sample_size': 100, 'difference': 0, 'noise': 1, 'n': 10, 'shap_error': 0.04988327308945311, 'shap_norm_sq': 970.0181938868183, 'weighted_error': 1.1685876951143386, 'gamma': 0.34984396463938827, 'normalized_gamma': 0.00036}
{'sample_size': 100, 'difference': 0, 'noise': 0.0005, 'n': 10, 'shap_error': 0.0585200065267787, 'shap_norm_sq': 4687.152116179855, 'weighted_error': 1.1041214542332656, 'gamma': 0.8287551786441039, 'normalized_gamma': 0.00018}
{'sample_size': 100, 'difference': 0, 'noise': 0.001, 'n': 10, 'shap_error': 0.027046755833061747, 'shap_norm_sq': 4687.152116179855, 'weighted_error': 1.0481228387387436, 'gamma': 0.8287551786441039, 'normalized_gamma': 0.00018}
{'sample_size': 100, 'difference': 0, 'noise': 0.005, 'n': 10, 'shap_error': 0.039593228131617454, 'shap_norm_sq': 4687.152116179855, 'weighted_error': 1.0704463659094645, 'gamma': 0.8287551786441039, 'normalized_gamma': 0.00018}
{'sample_size': 100, 'difference': 0, 'noise': 0.01, 'n': 10, 'shap_error': 0.02203552682372242, 'shap_norm_sq': 4687.152116179855, 'weighted_error': 1.0392066278522665, 'gamma': 0.8287551786441039, 'normalized_gamma': 0.00018}
{'sample_size': 100, 'difference': 0, 'noise': 0.05, 'n': 10, 'shap_error': 0.0727846085551593, 'shap_norm_sq': 4687.152116179855, 'weighted_error': 1.1295015921027376, 'gamma': 0.8287551786441039, 'normalized_gamma': 0.00018}
{'sample_size': 100, 'difference': 0, 'noise': 0.1, 'n': 10, 'shap_error': 0.028170227967674228, 'shap_norm_sq': 4687.152116179855, 'weighted_error': 1.0501219645298678, 'gamma': 0.8287551786441039, 'normalized_gamma': 0.00018}
{'sample_size': 100, 'difference': 0, 'noise': 0.5, 'n': 10, 'shap_error': 0.05130640835050639, 'shap_norm_sq': 4687.152116179855, 'weighted_error': 1.0912865843341977, 'gamma': 0.8287551786441039, 'normalized_gamma': 0.00018}
{'sample_size': 100, 'difference': 0, 'noise': 1, 'n': 10, 'shap_error': 0.014184341926010518, 'shap_norm_sq': 4687.152116179855, 'weighted_error': 1.0252359610823993, 'gamma': 0.8287551786441039, 'normalized_gamma': 0.00018}
{'sample_size': 100, 'difference': 0, 'noise': 0.0005, 'n': 10, 'shap_error': 0.01951352882765549, 'shap_norm_sq': 3706.3025675076674, 'weighted_error': 1.0522101429887407, 'gamma': 0.7777344628946675, 'normalized_gamma': 0.00021}
{'sample_size': 100, 'difference': 0, 'noise': 0.001, 'n': 10, 'shap_error': 0.024225565478833887, 'shap_norm_sq': 3706.3025675076674, 'weighted_error': 1.0648177696224148, 'gamma': 0.7777344628946675, 'normalized_gamma': 0.00021}
{'sample_size': 100, 'difference': 0, 'noise': 0.005, 'n': 10, 'shap_error': 0.029199208717063486, 'shap_norm_sq': 3706.3025675076674, 'weighted_error': 1.0781250918587697, 'gamma': 0.7777344628946675, 'normalized_gamma': 0.00021}
{'sample_size': 100, 'difference': 0, 'noise': 0.01, 'n': 10, 'shap_error': 0.016107192557467506, 'shap_norm_sq': 3706.3025675076674, 'weighted_error': 1.0430961742281135, 'gamma': 0.7777344628946675, 'normalized_gamma': 0.00021}
{'sample_size': 100, 'difference': 0, 'noise': 0.05, 'n': 10, 'shap_error': 0.00413616413244465, 'shap_norm_sq': 3706.3025675076674, 'weighted_error': 1.0110665824488436, 'gamma': 0.7777344628946675, 'normalized_gamma': 0.00021}
{'sample_size': 100, 'difference': 0, 'noise': 0.1, 'n': 10, 'shap_error': 0.03198748004362737, 'shap_norm_sq': 3706.3025675076674, 'weighted_error': 1.0855851410781845, 'gamma': 0.7777344628946675, 'normalized_gamma': 0.00021}
{'sample_size': 100, 'difference': 0, 'noise': 0.5, 'n': 10, 'shap_error': 0.06969830281760112, 'shap_norm_sq': 3706.3025675076674, 'weighted_error': 1.186475050319648, 'gamma': 0.7777344628946675, 'normalized_gamma': 0.00021}
{'sample_size': 100, 'difference': 0, 'noise': 1, 'n': 10, 'shap_error': 0.016218197946611446, 'shap_norm_sq': 3706.3025675076674, 'weighted_error': 1.043357326690622, 'gamma': 0.7777344628946675, 'normalized_gamma': 0.00021}
{'sample_size': 100, 'difference': 0, 'noise': 0.0005, 'n': 10, 'shap_error': 0.00887806381646733, 'shap_norm_sq': 2398.051082028523, 'weighted_error': 1.1153515178813598, 'gamma': 0.08158148251264348, 'normalized_gamma': 3.4e-05}
{'sample_size': 100, 'difference': 0, 'noise': 0.001, 'n': 10, 'shap_error': 0.004228818956603396, 'shap_norm_sq': 2398.051082028523, 'weighted_error': 1.054944436911198, 'gamma': 0.08158148251264348, 'normalized_gamma': 3.4e-05}
{'sample_size': 100, 'difference': 0, 'noise': 0.005, 'n': 10, 'shap_error': 0.006569790148704313, 'shap_norm_sq': 2398.051082028523, 'weighted_error': 1.0853607653867556, 'gamma': 0.08158148251264348, 'normalized_gamma': 3.4e-05}
{'sample_size': 100, 'difference': 0, 'noise': 0.01, 'n': 10, 'shap_error': 0.0017016847108922955, 'shap_norm_sq': 2398.051082028523, 'weighted_error': 1.022109736170178, 'gamma': 0.08158148251264348, 'normalized_gamma': 3.4e-05}
{'sample_size': 100, 'difference': 0, 'noise': 0.05, 'n': 10, 'shap_error': 0.004836461175146619, 'shap_norm_sq': 2398.051082028523, 'weighted_error': 1.0628354788092138, 'gamma': 0.08158148251264348, 'normalized_gamma': 3.4e-05}
{'sample_size': 100, 'difference': 0, 'noise': 0.1, 'n': 10, 'shap_error': 0.004093416424465734, 'shap_norm_sq': 2398.051082028523, 'weighted_error': 1.0531675966135658, 'gamma': 0.08158148251264348, 'normalized_gamma': 3.4e-05}
{'sample_size': 100, 'difference': 0, 'noise': 0.5, 'n': 10, 'shap_error': 0.009776345732916157, 'shap_norm_sq': 2398.051082028523, 'weighted_error': 1.1265770524152245, 'gamma': 0.08158148251264348, 'normalized_gamma': 3.4e-05}
{'sample_size': 100, 'difference': 0, 'noise': 1, 'n': 10, 'shap_error': 0.010514454489082937, 'shap_norm_sq': 2398.051082028523, 'weighted_error': 1.1348291176668144, 'gamma': 0.08158148251264348, 'normalized_gamma': 3.4e-05}
{'sample_size': 100, 'difference': 0, 'noise': 0.0005, 'n': 10, 'shap_error': 0.06529808596582148, 'shap_norm_sq': 2179.4156800892933, 'weighted_error': 1.0421981696164233, 'gamma': 2.223430283115546, 'normalized_gamma': 0.001}
{'sample_size': 100, 'difference': 0, 'noise': 0.001, 'n': 10, 'shap_error': 0.13616549393575628, 'shap_norm_sq': 2179.4156800892933, 'weighted_error': 1.087995930247763, 'gamma': 2.223430283115546, 'normalized_gamma': 0.001}
{'sample_size': 100, 'difference': 0, 'noise': 0.005, 'n': 10, 'shap_error': 0.18339765591998777, 'shap_norm_sq': 2179.4156800892933, 'weighted_error': 1.1185187241702543, 'gamma': 2.223430283115546, 'normalized_gamma': 0.001}
{'sample_size': 100, 'difference': 0, 'noise': 0.01, 'n': 10, 'shap_error': 0.12017108149639104, 'shap_norm_sq': 2179.4156800892933, 'weighted_error': 1.0776594735139333, 'gamma': 2.223430283115546, 'normalized_gamma': 0.001}
{'sample_size': 100, 'difference': 0, 'noise': 0.05, 'n': 10, 'shap_error': 0.03611884168673021, 'shap_norm_sq': 2179.4156800892933, 'weighted_error': 1.0233412729618596, 'gamma': 2.223430283115546, 'normalized_gamma': 0.001}
{'sample_size': 100, 'difference': 0, 'noise': 0.1, 'n': 10, 'shap_error': 0.09222590301041664, 'shap_norm_sq': 2179.4156800892933, 'weighted_error': 1.0595999580088165, 'gamma': 2.223430283115546, 'normalized_gamma': 0.001}
{'sample_size': 100, 'difference': 0, 'noise': 0.5, 'n': 10, 'shap_error': 0.05637905944863839, 'shap_norm_sq': 2179.4156800892933, 'weighted_error': 1.036425465192251, 'gamma': 2.223430283115546, 'normalized_gamma': 0.001}
{'sample_size': 100, 'difference': 0, 'noise': 1, 'n': 10, 'shap_error': 0.13910669404999731, 'shap_norm_sq': 2179.4156800892933, 'weighted_error': 1.0898613124064682, 'gamma': 2.223430283115546, 'normalized_gamma': 0.001}
{'sample_size': 100, 'difference': 0, 'noise': 0.0005, 'n': 10, 'shap_error': 0.013125276784468924, 'shap_norm_sq': 1102.1301975756892, 'weighted_error': 1.0615203310151728, 'gamma': 0.27674412972854423, 'normalized_gamma': 0.00025}
{'sample_size': 100, 'difference': 0, 'noise': 0.001, 'n': 10, 'shap_error': 0.004210984202410606, 'shap_norm_sq': 1102.1301975756892, 'weighted_error': 1.0197375416995835, 'gamma': 0.27674412972854423, 'normalized_gamma': 0.00025}
{'sample_size': 100, 'difference': 0, 'noise': 0.005, 'n': 10, 'shap_error': 0.02600759483022137, 'shap_norm_sq': 1102.1301975756892, 'weighted_error': 1.121902175634778, 'gamma': 0.27674412972854423, 'normalized_gamma': 0.00025}
{'sample_size': 100, 'difference': 0, 'noise': 0.01, 'n': 10, 'shap_error': 0.025831863075839727, 'shap_norm_sq': 1102.1301975756892, 'weighted_error': 1.1210776552786004, 'gamma': 0.27674412972854423, 'normalized_gamma': 0.00025}
{'sample_size': 100, 'difference': 0, 'noise': 0.05, 'n': 10, 'shap_error': 0.010411675698348, 'shap_norm_sq': 1102.1301975756892, 'weighted_error': 1.0487860435986978, 'gamma': 0.27674412972854423, 'normalized_gamma': 0.00025}
{'sample_size': 100, 'difference': 0, 'noise': 0.1, 'n': 10, 'shap_error': 0.019247013697995505, 'shap_norm_sq': 1102.1301975756892, 'weighted_error': 1.0901539908255526, 'gamma': 0.27674412972854423, 'normalized_gamma': 0.00025}
{'sample_size': 100, 'difference': 0, 'noise': 0.5, 'n': 10, 'shap_error': 0.00404997493465551, 'shap_norm_sq': 1102.1301975756892, 'weighted_error': 1.0174663083838371, 'gamma': 0.27674412972854423, 'normalized_gamma': 0.00025}
{'sample_size': 100, 'difference': 0, 'noise': 1, 'n': 10, 'shap_error': 0.01824060013010241, 'shap_norm_sq': 1102.1301975756892, 'weighted_error': 1.0794302900803447, 'gamma': 0.27674412972854423, 'normalized_gamma': 0.00025}
{'sample_size': 100, 'difference': 0, 'noise': 0.0005, 'n': 10, 'shap_error': 0.007563287586965135, 'shap_norm_sq': 8082.8089188961685, 'weighted_error': 1.0513020942160407, 'gamma': 0.2792469963242106, 'normalized_gamma': 3.5e-05}
{'sample_size': 100, 'difference': 0, 'noise': 0.001, 'n': 10, 'shap_error': 0.0038799497525560454, 'shap_norm_sq': 8082.8089188961685, 'weighted_error': 1.026317641282641, 'gamma': 0.2792469963242106, 'normalized_gamma': 3.5e-05}
{'sample_size': 100, 'difference': 0, 'noise': 0.005, 'n': 10, 'shap_error': 0.015584621798548241, 'shap_norm_sq': 8082.8089188961685, 'weighted_error': 1.1057109822147537, 'gamma': 0.2792469963242106, 'normalized_gamma': 3.5e-05}
{'sample_size': 100, 'difference': 0, 'noise': 0.01, 'n': 10, 'shap_error': 0.004637149689014086, 'shap_norm_sq': 8082.8089188961685, 'weighted_error': 1.0314542078306486, 'gamma': 0.2792469963242106, 'normalized_gamma': 3.5e-05}
{'sample_size': 100, 'difference': 0, 'noise': 0.05, 'n': 10, 'shap_error': 0.00855685288453225, 'shap_norm_sq': 8082.8089188961685, 'weighted_error': 1.0580399359968773, 'gamma': 0.2792469963242106, 'normalized_gamma': 3.5e-05}
{'sample_size': 100, 'difference': 0, 'noise': 0.1, 'n': 10, 'shap_error': 0.008368488350883517, 'shap_norm_sq': 8082.8089188961685, 'weighted_error': 1.0567584355033457, 'gamma': 0.2792469963242106, 'normalized_gamma': 3.5e-05}
{'sample_size': 100, 'difference': 0, 'noise': 0.5, 'n': 10, 'shap_error': 0.014656091779455515, 'shap_norm_sq': 8082.8089188961685, 'weighted_error': 1.0992845802023348, 'gamma': 0.2792469963242106, 'normalized_gamma': 3.5e-05}
{'sample_size': 100, 'difference': 0, 'noise': 1, 'n': 10, 'shap_error': 0.0058843979009136635, 'shap_norm_sq': 8082.8089188961685, 'weighted_error': 1.0394032755323186, 'gamma': 0.2792469963242106, 'normalized_gamma': 3.5e-05}
{'sample_size': 100, 'difference': 0, 'noise': 0.0005, 'n': 10, 'shap_error': 0.003094354739043242, 'shap_norm_sq': 3678.1711558233146, 'weighted_error': 1.0352437820385085, 'gamma': 0.08852509429069551, 'normalized_gamma': 2.4e-05}
{'sample_size': 100, 'difference': 0, 'noise': 0.001, 'n': 10, 'shap_error': 0.007838402601843061, 'shap_norm_sq': 3678.1711558233146, 'weighted_error': 1.0892771126474319, 'gamma': 0.08852509429069551, 'normalized_gamma': 2.4e-05}
{'sample_size': 100, 'difference': 0, 'noise': 0.005, 'n': 10, 'shap_error': 0.006341067723175313, 'shap_norm_sq': 3678.1711558233146, 'weighted_error': 1.0722228922104315, 'gamma': 0.08852509429069551, 'normalized_gamma': 2.4e-05}
{'sample_size': 100, 'difference': 0, 'noise': 0.01, 'n': 10, 'shap_error': 0.005078711847427002, 'shap_norm_sq': 3678.1711558233146, 'weighted_error': 1.057845140482583, 'gamma': 0.08852509429069551, 'normalized_gamma': 2.4e-05}
{'sample_size': 100, 'difference': 0, 'noise': 0.05, 'n': 10, 'shap_error': 0.0029636275775199255, 'shap_norm_sq': 3678.1711558233146, 'weighted_error': 1.0337546440613483, 'gamma': 0.08852509429069551, 'normalized_gamma': 2.4e-05}
{'sample_size': 100, 'difference': 0, 'noise': 0.1, 'n': 10, 'shap_error': 0.006241810131511965, 'shap_norm_sq': 3678.1711558233146, 'weighted_error': 1.071091612163414, 'gamma': 0.08852509429069551, 'normalized_gamma': 2.4e-05}
{'sample_size': 100, 'difference': 0, 'noise': 0.5, 'n': 10, 'shap_error': 0.011678589536279453, 'shap_norm_sq': 3678.1711558233146, 'weighted_error': 1.132993450529205, 'gamma': 0.08852509429069551, 'normalized_gamma': 2.4e-05}
{'sample_size': 100, 'difference': 0, 'noise': 1, 'n': 10, 'shap_error': 0.0017702581583432908, 'shap_norm_sq': 3678.1711558233146, 'weighted_error': 1.0200743555611493, 'gamma': 0.08852509429069551, 'normalized_gamma': 2.4e-05}
{'sample_size': 100, 'difference': 0, 'noise': 0.0005, 'n': 10, 'shap_error': 0.009255032040134944, 'shap_norm_sq': 2792.3115156833783, 'weighted_error': 1.027271808594419, 'gamma': 0.3536760893670455, 'normalized_gamma': 0.00013}
{'sample_size': 100, 'difference': 0, 'noise': 0.001, 'n': 10, 'shap_error': 0.033499125326722286, 'shap_norm_sq': 2792.3115156833783, 'weighted_error': 1.0987119692616618, 'gamma': 0.3536760893670455, 'normalized_gamma': 0.00013}
{'sample_size': 100, 'difference': 0, 'noise': 0.005, 'n': 10, 'shap_error': 0.020103761421991995, 'shap_norm_sq': 2792.3115156833783, 'weighted_error': 1.0592401165323169, 'gamma': 0.3536760893670455, 'normalized_gamma': 0.00013}
{'sample_size': 100, 'difference': 0, 'noise': 0.01, 'n': 10, 'shap_error': 0.016924511629398255, 'shap_norm_sq': 2792.3115156833783, 'weighted_error': 1.049871494747011, 'gamma': 0.3536760893670455, 'normalized_gamma': 0.00013}
{'sample_size': 100, 'difference': 0, 'noise': 0.05, 'n': 10, 'shap_error': 0.01858661549749974, 'shap_norm_sq': 2792.3115156833783, 'weighted_error': 1.0547682297120835, 'gamma': 0.3536760893670455, 'normalized_gamma': 0.00013}
{'sample_size': 100, 'difference': 0, 'noise': 0.1, 'n': 10, 'shap_error': 0.0328870932124581, 'shap_norm_sq': 2792.3115156833783, 'weighted_error': 1.0969039253759305, 'gamma': 0.3536760893670455, 'normalized_gamma': 0.00013}
{'sample_size': 100, 'difference': 0, 'noise': 0.5, 'n': 10, 'shap_error': 0.0179029173963412, 'shap_norm_sq': 2792.3115156833783, 'weighted_error': 1.052627955878343, 'gamma': 0.3536760893670455, 'normalized_gamma': 0.00013}
{'sample_size': 100, 'difference': 0, 'noise': 1, 'n': 10, 'shap_error': 0.005549768303695333, 'shap_norm_sq': 2792.3115156833783, 'weighted_error': 1.0158468352692935, 'gamma': 0.3536760893670455, 'normalized_gamma': 0.00013}
{'sample_size': 100, 'difference': 0, 'noise': 0.0005, 'n': 10, 'shap_error': 0.01420816484549212, 'shap_norm_sq': 1816.3121806456163, 'weighted_error': 1.0759758550984577, 'gamma': 0.2921617013581985, 'normalized_gamma': 0.00016}
{'sample_size': 100, 'difference': 0, 'noise': 0.001, 'n': 10, 'shap_error': 0.008910685980494696, 'shap_norm_sq': 1816.3121806456163, 'weighted_error': 1.0476481968041857, 'gamma': 0.2921617013581985, 'normalized_gamma': 0.00016}
{'sample_size': 100, 'difference': 0, 'noise': 0.005, 'n': 10, 'shap_error': 0.014034281048661999, 'shap_norm_sq': 1816.3121806456163, 'weighted_error': 1.075046379842412, 'gamma': 0.2921617013581985, 'normalized_gamma': 0.00016}
{'sample_size': 100, 'difference': 0, 'noise': 0.01, 'n': 10, 'shap_error': 0.012262935043963672, 'shap_norm_sq': 1816.3121806456163, 'weighted_error': 1.0655733245413195, 'gamma': 0.2921617013581985, 'normalized_gamma': 0.00016}
{'sample_size': 100, 'difference': 0, 'noise': 0.05, 'n': 10, 'shap_error': 0.015529366916182464, 'shap_norm_sq': 1816.3121806456163, 'weighted_error': 1.0830409175487556, 'gamma': 0.2921617013581985, 'normalized_gamma': 0.00016}
{'sample_size': 100, 'difference': 0, 'noise': 0.1, 'n': 10, 'shap_error': 0.016520929054740056, 'shap_norm_sq': 1816.3121806456163, 'weighted_error': 1.0883430500147042, 'gamma': 0.2921617013581985, 'normalized_gamma': 0.00016}
{'sample_size': 100, 'difference': 0, 'noise': 0.5, 'n': 10, 'shap_error': 0.010250904238133936, 'shap_norm_sq': 1816.3121806456163, 'weighted_error': 1.0548134066931432, 'gamma': 0.2921617013581985, 'normalized_gamma': 0.00016}
{'sample_size': 100, 'difference': 0, 'noise': 1, 'n': 10, 'shap_error': 0.015176389648270883, 'shap_norm_sq': 1816.3121806456163, 'weighted_error': 1.0811462409442554, 'gamma': 0.2921617013581985, 'normalized_gamma': 0.00016}
{'sample_size': 100, 'difference': 0, 'noise': 0.0005, 'n': 10, 'shap_error': 0.05707491965355032, 'shap_norm_sq': 1644.4832461383153, 'weighted_error': 1.0357144920937125, 'gamma': 1.6933855336394574, 'normalized_gamma': 0.001}
{'sample_size': 100, 'difference': 0, 'noise': 0.001, 'n': 10, 'shap_error': 0.05850522408541231, 'shap_norm_sq': 1644.4832461383153, 'weighted_error': 1.0366095261938564, 'gamma': 1.6933855336394574, 'normalized_gamma': 0.001}
{'sample_size': 100, 'difference': 0, 'noise': 0.005, 'n': 10, 'shap_error': 0.12833145423729578, 'shap_norm_sq': 1644.4832461383153, 'weighted_error': 1.0803031431133714, 'gamma': 1.6933855336394574, 'normalized_gamma': 0.001}
{'sample_size': 100, 'difference': 0, 'noise': 0.01, 'n': 10, 'shap_error': 0.1405730668880363, 'shap_norm_sq': 1644.4832461383153, 'weighted_error': 1.0879631916095238, 'gamma': 1.6933855336394574, 'normalized_gamma': 0.001}
{'sample_size': 100, 'difference': 0, 'noise': 0.05, 'n': 10, 'shap_error': 0.03682258806050688, 'shap_norm_sq': 1644.4832461383153, 'weighted_error': 1.0230415947303757, 'gamma': 1.6933855336394574, 'normalized_gamma': 0.001}
{'sample_size': 100, 'difference': 0, 'noise': 0.1, 'n': 10, 'shap_error': 0.11364806866365915, 'shap_norm_sq': 1644.4832461383153, 'weighted_error': 1.0711150638526488, 'gamma': 1.6933855336394574, 'normalized_gamma': 0.001}
{'sample_size': 100, 'difference': 0, 'noise': 0.5, 'n': 10, 'shap_error': 0.03399630706160245, 'shap_norm_sq': 1644.4832461383153, 'weighted_error': 1.0212696843946123, 'gamma': 1.6933855336394574, 'normalized_gamma': 0.001}
{'sample_size': 100, 'difference': 0, 'noise': 1, 'n': 10, 'shap_error': 0.05165851214161292, 'shap_norm_sq': 1644.4832461383153, 'weighted_error': 1.0323111317788005, 'gamma': 1.6933855336394574, 'normalized_gamma': 0.001}
{'sample_size': 100, 'difference': 0, 'noise': 0.0005, 'n': 10, 'shap_error': 0.007977671891637133, 'shap_norm_sq': 4211.214351482852, 'weighted_error': 1.035436140216731, 'gamma': 0.22577615617069569, 'normalized_gamma': 5.4e-05}
{'sample_size': 100, 'difference': 0, 'noise': 0.001, 'n': 10, 'shap_error': 0.013374955618402068, 'shap_norm_sq': 4211.214351482852, 'weighted_error': 1.0594102692985155, 'gamma': 0.22577615617069569, 'normalized_gamma': 5.4e-05}
{'sample_size': 100, 'difference': 0, 'noise': 0.005, 'n': 10, 'shap_error': 0.004967321730992679, 'shap_norm_sq': 4211.214351482852, 'weighted_error': 1.0220642748774453, 'gamma': 0.22577615617069569, 'normalized_gamma': 5.4e-05}
{'sample_size': 100, 'difference': 0, 'noise': 0.01, 'n': 10, 'shap_error': 0.013417714859954398, 'shap_norm_sq': 4211.214351482852, 'weighted_error': 1.059600316222462, 'gamma': 0.22577615617069569, 'normalized_gamma': 5.4e-05}
{'sample_size': 100, 'difference': 0, 'noise': 0.05, 'n': 10, 'shap_error': 0.010063344990052844, 'shap_norm_sq': 4211.214351482852, 'weighted_error': 1.0447000192601488, 'gamma': 0.22577615617069569, 'normalized_gamma': 5.4e-05}
{'sample_size': 100, 'difference': 0, 'noise': 0.1, 'n': 10, 'shap_error': 0.01401557264155358, 'shap_norm_sq': 4211.214351482852, 'weighted_error': 1.0622543393081059, 'gamma': 0.22577615617069569, 'normalized_gamma': 5.4e-05}
{'sample_size': 100, 'difference': 0, 'noise': 0.5, 'n': 10, 'shap_error': 0.00805775387855615, 'shap_norm_sq': 4211.214351482852, 'weighted_error': 1.0357530410159634, 'gamma': 0.22577615617069569, 'normalized_gamma': 5.4e-05}
{'sample_size': 100, 'difference': 0, 'noise': 1, 'n': 10, 'shap_error': 0.023336034844495087, 'shap_norm_sq': 4211.214351482852, 'weighted_error': 1.1035015713568888, 'gamma': 0.22577615617069569, 'normalized_gamma': 5.4e-05}
{'sample_size': 100, 'difference': 0, 'noise': 0.0005, 'n': 10, 'shap_error': 0.024182739053693673, 'shap_norm_sq': 2498.0496376795013, 'weighted_error': 1.054324358130413, 'gamma': 0.45422993800916883, 'normalized_gamma': 0.00018}
{'sample_size': 100, 'difference': 0, 'noise': 0.001, 'n': 10, 'shap_error': 0.027231596848455587, 'shap_norm_sq': 2498.0496376795013, 'weighted_error': 1.0611736255333653, 'gamma': 0.45422993800916883, 'normalized_gamma': 0.00018}
{'sample_size': 100, 'difference': 0, 'noise': 0.005, 'n': 10, 'shap_error': 0.02443298900777393, 'shap_norm_sq': 2498.0496376795013, 'weighted_error': 1.0548866020659409, 'gamma': 0.45422993800916883, 'normalized_gamma': 0.00018}
{'sample_size': 100, 'difference': 0, 'noise': 0.01, 'n': 10, 'shap_error': 0.0548444711371087, 'shap_norm_sq': 2498.0496376795013, 'weighted_error': 1.1232041269900195, 'gamma': 0.45422993800916883, 'normalized_gamma': 0.00018}
{'sample_size': 100, 'difference': 0, 'noise': 0.05, 'n': 10, 'shap_error': 0.027010494194186444, 'shap_norm_sq': 2498.0496376795013, 'weighted_error': 1.060676438479917, 'gamma': 0.45422993800916883, 'normalized_gamma': 0.00018}
{'sample_size': 100, 'difference': 0, 'noise': 0.1, 'n': 10, 'shap_error': 0.0467672710332188, 'shap_norm_sq': 2498.0496376795013, 'weighted_error': 1.1050574498004524, 'gamma': 0.45422993800916883, 'normalized_gamma': 0.00018}
{'sample_size': 100, 'difference': 0, 'noise': 0.5, 'n': 10, 'shap_error': 0.016139303348828862, 'shap_norm_sq': 2498.0496376795013, 'weighted_error': 1.0362216430621638, 'gamma': 0.45422993800916883, 'normalized_gamma': 0.00018}
{'sample_size': 100, 'difference': 0, 'noise': 1, 'n': 10, 'shap_error': 0.040640842723116154, 'shap_norm_sq': 2498.0496376795013, 'weighted_error': 1.0911607248331003, 'gamma': 0.45422993800916883, 'normalized_gamma': 0.00018}
{'sample_size': 100, 'difference': 0, 'noise': 0.0005, 'n': 10, 'shap_error': 0.0072264291449328595, 'shap_norm_sq': 2398.051082028523, 'weighted_error': 1.0938919495214239, 'gamma': 0.08158148251264348, 'normalized_gamma': 3.4e-05}
{'sample_size': 100, 'difference': 0, 'noise': 0.001, 'n': 10, 'shap_error': 0.007943833659454261, 'shap_norm_sq': 2398.051082028523, 'weighted_error': 1.1032136694613126, 'gamma': 0.08158148251264348, 'normalized_gamma': 3.4e-05}
{'sample_size': 100, 'difference': 0, 'noise': 0.005, 'n': 10, 'shap_error': 0.00514782714158782, 'shap_norm_sq': 2398.051082028523, 'weighted_error': 1.0668849144067871, 'gamma': 0.08158148251264348, 'normalized_gamma': 3.4e-05}
{'sample_size': 100, 'difference': 0, 'noise': 0.01, 'n': 10, 'shap_error': 0.0040790571429313, 'shap_norm_sq': 2398.051082028523, 'weighted_error': 1.052998601362403, 'gamma': 0.08158148251264348, 'normalized_gamma': 3.4e-05}
{'sample_size': 100, 'difference': 0, 'noise': 0.05, 'n': 10, 'shap_error': 0.006439170294080488, 'shap_norm_sq': 2398.051082028523, 'weighted_error': 1.0836603225288821, 'gamma': 0.08158148251264348, 'normalized_gamma': 3.4e-05}
{'sample_size': 100, 'difference': 0, 'noise': 0.1, 'n': 10, 'shap_error': 0.0011258511742000675, 'shap_norm_sq': 2398.051082028523, 'weighted_error': 1.0146144166357647, 'gamma': 0.08158148251264348, 'normalized_gamma': 3.4e-05}
{'sample_size': 100, 'difference': 0, 'noise': 0.5, 'n': 10, 'shap_error': 0.004498272940610771, 'shap_norm_sq': 2398.051082028523, 'weighted_error': 1.0581051427878967, 'gamma': 0.08158148251264348, 'normalized_gamma': 3.4e-05}
{'sample_size': 100, 'difference': 0, 'noise': 1, 'n': 10, 'shap_error': 0.0017492191018911882, 'shap_norm_sq': 2398.051082028523, 'weighted_error': 1.0213641376782372, 'gamma': 0.08158148251264348, 'normalized_gamma': 3.4e-05}
{'sample_size': 100, 'difference': 0, 'noise': 0.0005, 'n': 10, 'shap_error': 0.008198559076841474, 'shap_norm_sq': 2023.2663889328737, 'weighted_error': 1.0312106024832324, 'gamma': 0.30328100069114394, 'normalized_gamma': 0.00015}
{'sample_size': 100, 'difference': 0, 'noise': 0.001, 'n': 10, 'shap_error': 0.03072915240139783, 'shap_norm_sq': 2023.2663889328737, 'weighted_error': 1.1169810399020388, 'gamma': 0.30328100069114394, 'normalized_gamma': 0.00015}
{'sample_size': 100, 'difference': 0, 'noise': 0.005, 'n': 10, 'shap_error': 0.030655246407438004, 'shap_norm_sq': 2023.2663889328737, 'weighted_error': 1.116699893508638, 'gamma': 0.30328100069114394, 'normalized_gamma': 0.00015}
{'sample_size': 100, 'difference': 0, 'noise': 0.01, 'n': 10, 'shap_error': 0.0012116989102351995, 'shap_norm_sq': 2023.2663889328737, 'weighted_error': 1.0046127465323123, 'gamma': 0.30328100069114394, 'normalized_gamma': 0.00015}
{'sample_size': 100, 'difference': 0, 'noise': 0.05, 'n': 10, 'shap_error': 0.017028647458781403, 'shap_norm_sq': 2023.2663889328737, 'weighted_error': 1.064824300713936, 'gamma': 0.30328100069114394, 'normalized_gamma': 0.00015}
{'sample_size': 100, 'difference': 0, 'noise': 0.1, 'n': 10, 'shap_error': 0.03584268467168998, 'shap_norm_sq': 2023.2663889328737, 'weighted_error': 1.136443347297627, 'gamma': 0.30328100069114394, 'normalized_gamma': 0.00015}
{'sample_size': 100, 'difference': 0, 'noise': 0.5, 'n': 10, 'shap_error': 0.03126608601177444, 'shap_norm_sq': 2023.2663889328737, 'weighted_error': 1.118920474171567, 'gamma': 0.30328100069114394, 'normalized_gamma': 0.00015}
{'sample_size': 100, 'difference': 0, 'noise': 1, 'n': 10, 'shap_error': 0.012697298942865117, 'shap_norm_sq': 2023.2663889328737, 'weighted_error': 1.0479179210623355, 'gamma': 0.30328100069114394, 'normalized_gamma': 0.00015}
{'sample_size': 100, 'difference': 0, 'noise': 0.0005, 'n': 10, 'shap_error': 0.0007646142284199315, 'shap_norm_sq': 10420.80515116734, 'weighted_error': 1.037955578606963, 'gamma': 0.02562794039632127, 'normalized_gamma': 2.5e-06}
{'sample_size': 100, 'difference': 0, 'noise': 0.001, 'n': 10, 'shap_error': 0.0014224692514616596, 'shap_norm_sq': 10420.80515116734, 'weighted_error': 1.0706124604197451, 'gamma': 0.02562794039632127, 'normalized_gamma': 2.5e-06}
{'sample_size': 100, 'difference': 0, 'noise': 0.005, 'n': 10, 'shap_error': 0.0008857494777714358, 'shap_norm_sq': 10420.80515116734, 'weighted_error': 1.0439699904550437, 'gamma': 0.02562794039632127, 'normalized_gamma': 2.5e-06}
{'sample_size': 100, 'difference': 0, 'noise': 0.01, 'n': 10, 'shap_error': 0.001195204034853707, 'shap_norm_sq': 10420.80515116734, 'weighted_error': 1.0593302793926103, 'gamma': 0.02562794039632127, 'normalized_gamma': 2.5e-06}
{'sample_size': 100, 'difference': 0, 'noise': 0.05, 'n': 10, 'shap_error': 0.0014442580221917646, 'shap_norm_sq': 10420.80515116734, 'weighted_error': 1.0716899849782635, 'gamma': 0.02562794039632127, 'normalized_gamma': 2.5e-06}
{'sample_size': 100, 'difference': 0, 'noise': 0.1, 'n': 10, 'shap_error': 0.0006421773761244456, 'shap_norm_sq': 10420.80515116734, 'weighted_error': 1.0318602322657504, 'gamma': 0.02562794039632127, 'normalized_gamma': 2.5e-06}
{'sample_size': 100, 'difference': 0, 'noise': 0.5, 'n': 10, 'shap_error': 0.0007351481786074268, 'shap_norm_sq': 10420.80515116734, 'weighted_error': 1.0360494969866076, 'gamma': 0.02562794039632127, 'normalized_gamma': 2.5e-06}
{'sample_size': 100, 'difference': 0, 'noise': 1, 'n': 10, 'shap_error': 0.001475320127564984, 'shap_norm_sq': 10420.80515116734, 'weighted_error': 1.0714607705990913, 'gamma': 0.02562794039632127, 'normalized_gamma': 2.5e-06}
{'sample_size': 100, 'difference': 0, 'noise': 0.0005, 'n': 10, 'shap_error': 0.006509512568331965, 'shap_norm_sq': 6238.358559134655, 'weighted_error': 1.0620942993388651, 'gamma': 0.1500490462760607, 'normalized_gamma': 2.4e-05}
{'sample_size': 100, 'difference': 0, 'noise': 0.001, 'n': 10, 'shap_error': 0.007769365807921245, 'shap_norm_sq': 6238.358559134655, 'weighted_error': 1.0741124394874273, 'gamma': 0.1500490462760607, 'normalized_gamma': 2.4e-05}
{'sample_size': 100, 'difference': 0, 'noise': 0.005, 'n': 10, 'shap_error': 0.009818621089073403, 'shap_norm_sq': 6238.358559134655, 'weighted_error': 1.0936599538125304, 'gamma': 0.1500490462760607, 'normalized_gamma': 2.4e-05}
{'sample_size': 100, 'difference': 0, 'noise': 0.01, 'n': 10, 'shap_error': 0.008358832034375818, 'shap_norm_sq': 6238.358559134655, 'weighted_error': 1.0797348491910734, 'gamma': 0.1500490462760607, 'normalized_gamma': 2.4e-05}
{'sample_size': 100, 'difference': 0, 'noise': 0.05, 'n': 10, 'shap_error': 0.00470740740116488, 'shap_norm_sq': 6238.358559134655, 'weighted_error': 1.0449040465940684, 'gamma': 0.1500490462760607, 'normalized_gamma': 2.4e-05}
{'sample_size': 100, 'difference': 0, 'noise': 0.1, 'n': 10, 'shap_error': 0.006118112877277279, 'shap_norm_sq': 6238.358559134655, 'weighted_error': 1.0583610713625264, 'gamma': 0.1500490462760607, 'normalized_gamma': 2.4e-05}
{'sample_size': 100, 'difference': 0, 'noise': 0.5, 'n': 10, 'shap_error': 0.003114723423279174, 'shap_norm_sq': 6238.358559134655, 'weighted_error': 1.0297113471716763, 'gamma': 0.1500490462760607, 'normalized_gamma': 2.4e-05}
{'sample_size': 100, 'difference': 0, 'noise': 1, 'n': 10, 'shap_error': 0.0030300592394170594, 'shap_norm_sq': 6238.358559134655, 'weighted_error': 1.0289031055814015, 'gamma': 0.1500490462760607, 'normalized_gamma': 2.4e-05}
{'sample_size': 100, 'difference': 0, 'noise': 0.0005, 'n': 10, 'shap_error': 0.017092519766506026, 'shap_norm_sq': 4193.759329557548, 'weighted_error': 1.0786777675337706, 'gamma': 0.2261295153916923, 'normalized_gamma': 5.4e-05}
{'sample_size': 100, 'difference': 0, 'noise': 0.001, 'n': 10, 'shap_error': 0.008391174991297951, 'shap_norm_sq': 4193.759329557548, 'weighted_error': 1.0386250977289608, 'gamma': 0.2261295153916923, 'normalized_gamma': 5.4e-05}
{'sample_size': 100, 'difference': 0, 'noise': 0.005, 'n': 10, 'shap_error': 0.011260126907404397, 'shap_norm_sq': 4193.759329557548, 'weighted_error': 1.0518311967064637, 'gamma': 0.2261295153916923, 'normalized_gamma': 5.4e-05}
{'sample_size': 100, 'difference': 0, 'noise': 0.01, 'n': 10, 'shap_error': 0.010222527791326411, 'shap_norm_sq': 4193.759329557548, 'weighted_error': 1.0470550781004766, 'gamma': 0.2261295153916923, 'normalized_gamma': 5.4e-05}
{'sample_size': 100, 'difference': 0, 'noise': 0.05, 'n': 10, 'shap_error': 0.01633402866461334, 'shap_norm_sq': 4193.759329557548, 'weighted_error': 1.075186664743776, 'gamma': 0.2261295153916923, 'normalized_gamma': 5.4e-05}
{'sample_size': 100, 'difference': 0, 'noise': 0.1, 'n': 10, 'shap_error': 0.008509838380220416, 'shap_norm_sq': 4193.759329557548, 'weighted_error': 1.0391714301590411, 'gamma': 0.2261295153916923, 'normalized_gamma': 5.4e-05}
{'sample_size': 100, 'difference': 0, 'noise': 0.5, 'n': 10, 'shap_error': 0.007460286332031662, 'shap_norm_sq': 4193.759329557548, 'weighted_error': 1.0343400012754036, 'gamma': 0.2261295153916923, 'normalized_gamma': 5.4e-05}
{'sample_size': 100, 'difference': 0, 'noise': 1, 'n': 10, 'shap_error': 0.016904089606490626, 'shap_norm_sq': 4193.759329557548, 'weighted_error': 1.0778107625391395, 'gamma': 0.2261295153916923, 'normalized_gamma': 5.4e-05}
{'sample_size': 100, 'difference': 0, 'noise': 0.0005, 'n': 10, 'shap_error': 0.01962726279653392, 'shap_norm_sq': 2498.0496376795013, 'weighted_error': 1.0440911993046718, 'gamma': 0.45422993800916883, 'normalized_gamma': 0.00018}
{'sample_size': 100, 'difference': 0, 'noise': 0.001, 'n': 10, 'shap_error': 0.014568932570787846, 'shap_norm_sq': 2498.0496376795013, 'weighted_error': 1.0327277755655278, 'gamma': 0.45422993800916883, 'normalized_gamma': 0.00018}
{'sample_size': 100, 'difference': 0, 'noise': 0.005, 'n': 10, 'shap_error': 0.04312447980526613, 'shap_norm_sq': 2498.0496376795013, 'weighted_error': 1.0968756666334376, 'gamma': 0.45422993800916883, 'normalized_gamma': 0.00018}
{'sample_size': 100, 'difference': 0, 'noise': 0.01, 'n': 10, 'shap_error': 0.042738848741726315, 'shap_norm_sq': 2498.0496376795013, 'weighted_error': 1.0960094964390037, 'gamma': 0.45422993800916883, 'normalized_gamma': 0.00018}
{'sample_size': 100, 'difference': 0, 'noise': 0.05, 'n': 10, 'shap_error': 0.03244564188530998, 'shap_norm_sq': 2498.0496376795013, 'weighted_error': 1.0728865076162923, 'gamma': 0.45422993800916883, 'normalized_gamma': 0.00018}
{'sample_size': 100, 'difference': 0, 'noise': 0.1, 'n': 10, 'shap_error': 0.038983768974199334, 'shap_norm_sq': 2498.0496376795013, 'weighted_error': 1.0875737344558394, 'gamma': 0.45422993800916883, 'normalized_gamma': 0.00018}
{'sample_size': 100, 'difference': 0, 'noise': 0.5, 'n': 10, 'shap_error': 0.014564195627838717, 'shap_norm_sq': 2498.0496376795013, 'weighted_error': 1.0327109762230307, 'gamma': 0.45422993800916883, 'normalized_gamma': 0.00018}
{'sample_size': 100, 'difference': 0, 'noise': 1, 'n': 10, 'shap_error': 0.011939622509930222, 'shap_norm_sq': 2498.0496376795013, 'weighted_error': 1.0267963016069444, 'gamma': 0.45422993800916883, 'normalized_gamma': 0.00018}
{'sample_size': 100, 'difference': 0, 'noise': 0.0005, 'n': 10, 'shap_error': 0.012304852041259981, 'shap_norm_sq': 4211.214351482852, 'weighted_error': 1.0546569043633574, 'gamma': 0.22577615617069569, 'normalized_gamma': 5.4e-05}
{'sample_size': 100, 'difference': 0, 'noise': 0.001, 'n': 10, 'shap_error': 0.004596597950827642, 'shap_norm_sq': 4211.214351482852, 'weighted_error': 1.0204177134548382, 'gamma': 0.22577615617069569, 'normalized_gamma': 5.4e-05}
{'sample_size': 100, 'difference': 0, 'noise': 0.005, 'n': 10, 'shap_error': 0.007359615523020882, 'shap_norm_sq': 4211.214351482852, 'weighted_error': 1.0326906839569157, 'gamma': 0.22577615617069569, 'normalized_gamma': 5.4e-05}
{'sample_size': 100, 'difference': 0, 'noise': 0.01, 'n': 10, 'shap_error': 0.008065765525502897, 'shap_norm_sq': 4211.214351482852, 'weighted_error': 1.0358274432440528, 'gamma': 0.22577615617069569, 'normalized_gamma': 5.4e-05}
{'sample_size': 100, 'difference': 0, 'noise': 0.05, 'n': 10, 'shap_error': 0.02704539466632104, 'shap_norm_sq': 4211.214351482852, 'weighted_error': 1.1201329105971545, 'gamma': 0.22577615617069569, 'normalized_gamma': 5.4e-05}
{'sample_size': 100, 'difference': 0, 'noise': 0.1, 'n': 10, 'shap_error': 0.007321034099219402, 'shap_norm_sq': 4211.214351482852, 'weighted_error': 1.0325194532905917, 'gamma': 0.22577615617069569, 'normalized_gamma': 5.4e-05}
{'sample_size': 100, 'difference': 0, 'noise': 0.5, 'n': 10, 'shap_error': 0.01088019735407049, 'shap_norm_sq': 4211.214351482852, 'weighted_error': 1.0483283666030794, 'gamma': 0.22577615617069569, 'normalized_gamma': 5.4e-05}
{'sample_size': 100, 'difference': 0, 'noise': 1, 'n': 10, 'shap_error': 0.007490478818810157, 'shap_norm_sq': 4211.214351482852, 'weighted_error': 1.033270522348239, 'gamma': 0.22577615617069569, 'normalized_gamma': 5.4e-05}
{'sample_size': 100, 'difference': 0, 'noise': 0.0005, 'n': 10, 'shap_error': 0.009407598488159601, 'shap_norm_sq': 4598.264024144969, 'weighted_error': 1.0665803545759456, 'gamma': 0.3542610860767433, 'normalized_gamma': 7.7e-05}
{'sample_size': 100, 'difference': 0, 'noise': 0.001, 'n': 10, 'shap_error': 0.005992729867062694, 'shap_norm_sq': 4598.264024144969, 'weighted_error': 1.042412144159036, 'gamma': 0.3542610860767433, 'normalized_gamma': 7.7e-05}
{'sample_size': 100, 'difference': 0, 'noise': 0.005, 'n': 10, 'shap_error': 0.014028060230840945, 'shap_norm_sq': 4598.264024144969, 'weighted_error': 1.0992807750291933, 'gamma': 0.3542610860767433, 'normalized_gamma': 7.7e-05}
{'sample_size': 100, 'difference': 0, 'noise': 0.01, 'n': 10, 'shap_error': 0.00675880907830746, 'shap_norm_sq': 4598.264024144969, 'weighted_error': 1.0478341549246346, 'gamma': 0.3542610860767433, 'normalized_gamma': 7.7e-05}
{'sample_size': 100, 'difference': 0, 'noise': 0.05, 'n': 10, 'shap_error': 0.008385556034880618, 'shap_norm_sq': 4598.264024144969, 'weighted_error': 1.0593459378658847, 'gamma': 0.3542610860767433, 'normalized_gamma': 7.7e-05}
{'sample_size': 100, 'difference': 0, 'noise': 0.1, 'n': 10, 'shap_error': 0.007422175235197358, 'shap_norm_sq': 4598.264024144969, 'weighted_error': 1.0525243829896933, 'gamma': 0.3542610860767433, 'normalized_gamma': 7.7e-05}
{'sample_size': 100, 'difference': 0, 'noise': 0.5, 'n': 10, 'shap_error': 0.00857365234312417, 'shap_norm_sq': 4598.264024144969, 'weighted_error': 1.0605661892420026, 'gamma': 0.3542610860767433, 'normalized_gamma': 7.7e-05}
{'sample_size': 100, 'difference': 0, 'noise': 1, 'n': 10, 'shap_error': 0.015884937261735812, 'shap_norm_sq': 4598.264024144969, 'weighted_error': 1.111973352974527, 'gamma': 0.3542610860767433, 'normalized_gamma': 7.7e-05}
{'sample_size': 100, 'difference': 0, 'noise': 0.0005, 'n': 10, 'shap_error': 0.0032392211776968824, 'shap_norm_sq': 2304.32903914261, 'weighted_error': 1.0895379545843424, 'gamma': 0.03639624848474673, 'normalized_gamma': 1.6e-05}
{'sample_size': 100, 'difference': 0, 'noise': 0.001, 'n': 10, 'shap_error': 0.0030810662517403325, 'shap_norm_sq': 2304.32903914261, 'weighted_error': 1.0851660486199963, 'gamma': 0.03639624848474673, 'normalized_gamma': 1.6e-05}
{'sample_size': 100, 'difference': 0, 'noise': 0.005, 'n': 10, 'shap_error': 0.004430993634178033, 'shap_norm_sq': 2304.32903914261, 'weighted_error': 1.1224805431162848, 'gamma': 0.03639624848474673, 'normalized_gamma': 1.6e-05}
{'sample_size': 100, 'difference': 0, 'noise': 0.01, 'n': 10, 'shap_error': 0.001081252087687171, 'shap_norm_sq': 2304.32903914261, 'weighted_error': 1.0298878243939782, 'gamma': 0.03639624848474673, 'normalized_gamma': 1.6e-05}
{'sample_size': 100, 'difference': 0, 'noise': 0.05, 'n': 10, 'shap_error': 0.0013631207067839116, 'shap_norm_sq': 2304.32903914261, 'weighted_error': 1.037678812430457, 'gamma': 0.03639624848474673, 'normalized_gamma': 1.6e-05}
{'sample_size': 100, 'difference': 0, 'noise': 0.1, 'n': 10, 'shap_error': 0.003490604658689628, 'shap_norm_sq': 2304.32903914261, 'weighted_error': 1.096485123540502, 'gamma': 0.03639624848474673, 'normalized_gamma': 1.6e-05}
{'sample_size': 100, 'difference': 0, 'noise': 0.5, 'n': 10, 'shap_error': 0.0018943433902064457, 'shap_norm_sq': 2304.32903914261, 'weighted_error': 1.052342055827919, 'gamma': 0.03639624848474673, 'normalized_gamma': 1.6e-05}
{'sample_size': 100, 'difference': 0, 'noise': 1, 'n': 10, 'shap_error': 0.005988769998207983, 'shap_norm_sq': 2304.32903914261, 'weighted_error': 1.1654576990056684, 'gamma': 0.03639624848474673, 'normalized_gamma': 1.6e-05}
{'sample_size': 100, 'difference': 0, 'noise': 0.0005, 'n': 10, 'shap_error': 0.00320250652253655, 'shap_norm_sq': 1505.6801696370248, 'weighted_error': 1.0319496324464283, 'gamma': 0.1243607267559988, 'normalized_gamma': 8.3e-05}
{'sample_size': 100, 'difference': 0, 'noise': 0.001, 'n': 10, 'shap_error': 0.0047175115751767974, 'shap_norm_sq': 1505.6801696370248, 'weighted_error': 1.0470636925236434, 'gamma': 0.1243607267559988, 'normalized_gamma': 8.3e-05}
{'sample_size': 100, 'difference': 0, 'noise': 0.005, 'n': 10, 'shap_error': 0.0061128008970059156, 'shap_norm_sq': 1505.6801696370248, 'weighted_error': 1.0609836471813545, 'gamma': 0.1243607267559988, 'normalized_gamma': 8.3e-05}
{'sample_size': 100, 'difference': 0, 'noise': 0.01, 'n': 10, 'shap_error': 0.0034296168729764966, 'shap_norm_sq': 1505.6801696370248, 'weighted_error': 1.034215095397456, 'gamma': 0.1243607267559988, 'normalized_gamma': 8.3e-05}
{'sample_size': 100, 'difference': 0, 'noise': 0.05, 'n': 10, 'shap_error': 0.003646599707033448, 'shap_norm_sq': 1505.6801696370248, 'weighted_error': 1.0363763212165378, 'gamma': 0.1243607267559988, 'normalized_gamma': 8.3e-05}
{'sample_size': 100, 'difference': 0, 'noise': 0.1, 'n': 10, 'shap_error': 0.0038711205007956663, 'shap_norm_sq': 1505.6801696370248, 'weighted_error': 1.0386047359289747, 'gamma': 0.1243607267559988, 'normalized_gamma': 8.3e-05}
{'sample_size': 100, 'difference': 0, 'noise': 0.5, 'n': 10, 'shap_error': 0.005639456527841498, 'shap_norm_sq': 1505.6801696370248, 'weighted_error': 1.0558805922028889, 'gamma': 0.1243607267559988, 'normalized_gamma': 8.3e-05}
{'sample_size': 100, 'difference': 0, 'noise': 1, 'n': 10, 'shap_error': 0.01091950868218434, 'shap_norm_sq': 1505.6801696370248, 'weighted_error': 1.1074133525999832, 'gamma': 0.1243607267559988, 'normalized_gamma': 8.3e-05}
{'sample_size': 100, 'difference': 0, 'noise': 0.0005, 'n': 10, 'shap_error': 0.02537905069887371, 'shap_norm_sq': 1561.0472919215704, 'weighted_error': 1.0744519462494535, 'gamma': 0.34486050496192266, 'normalized_gamma': 0.00022}
{'sample_size': 100, 'difference': 0, 'noise': 0.001, 'n': 10, 'shap_error': 0.022399989909460145, 'shap_norm_sq': 1561.0472919215704, 'weighted_error': 1.0657128065045725, 'gamma': 0.34486050496192266, 'normalized_gamma': 0.00022}
{'sample_size': 100, 'difference': 0, 'noise': 0.005, 'n': 10, 'shap_error': 0.01551952277850303, 'shap_norm_sq': 1561.0472919215704, 'weighted_error': 1.045527812052663, 'gamma': 0.34486050496192266, 'normalized_gamma': 0.00022}
{'sample_size': 100, 'difference': 0, 'noise': 0.01, 'n': 10, 'shap_error': 0.027565784309642124, 'shap_norm_sq': 1561.0472919215704, 'weighted_error': 1.080867203534488, 'gamma': 0.34486050496192266, 'normalized_gamma': 0.00022}
{'sample_size': 100, 'difference': 0, 'noise': 0.05, 'n': 10, 'shap_error': 0.005470965213598184, 'shap_norm_sq': 1561.0472919215704, 'weighted_error': 1.0160495274817951, 'gamma': 0.34486050496192266, 'normalized_gamma': 0.00022}
{'sample_size': 100, 'difference': 0, 'noise': 0.1, 'n': 10, 'shap_error': 0.01634741061474275, 'shap_norm_sq': 1561.0472919215704, 'weighted_error': 1.0479564879555805, 'gamma': 0.34486050496192266, 'normalized_gamma': 0.00022}
{'sample_size': 100, 'difference': 0, 'noise': 0.5, 'n': 10, 'shap_error': 0.029536630155759948, 'shap_norm_sq': 1561.0472919215704, 'weighted_error': 1.0866430812972838, 'gamma': 0.34486050496192266, 'normalized_gamma': 0.00022}
{'sample_size': 100, 'difference': 0, 'noise': 1, 'n': 10, 'shap_error': 0.009645151779873323, 'shap_norm_sq': 1561.0472919215704, 'weighted_error': 1.0282721262414685, 'gamma': 0.34486050496192266, 'normalized_gamma': 0.00022}
{'sample_size': 100, 'difference': 0, 'noise': 0.0005, 'n': 10, 'shap_error': 0.005419321479826605, 'shap_norm_sq': 1747.390209041235, 'weighted_error': 1.0417035774586842, 'gamma': 0.1586754690511009, 'normalized_gamma': 9.1e-05}
{'sample_size': 100, 'difference': 0, 'noise': 0.001, 'n': 10, 'shap_error': 0.005388622312473597, 'shap_norm_sq': 1747.390209041235, 'weighted_error': 1.0414667313553796, 'gamma': 0.1586754690511009, 'normalized_gamma': 9.1e-05}
{'sample_size': 100, 'difference': 0, 'noise': 0.005, 'n': 10, 'shap_error': 0.009513828481404906, 'shap_norm_sq': 1747.390209041235, 'weighted_error': 1.0732112894150745, 'gamma': 0.1586754690511009, 'normalized_gamma': 9.1e-05}
{'sample_size': 100, 'difference': 0, 'noise': 0.01, 'n': 10, 'shap_error': 0.00660457450310359, 'shap_norm_sq': 1747.390209041235, 'weighted_error': 1.0508239418135932, 'gamma': 0.1586754690511009, 'normalized_gamma': 9.1e-05}
{'sample_size': 100, 'difference': 0, 'noise': 0.05, 'n': 10, 'shap_error': 0.004624344527950138, 'shap_norm_sq': 1747.390209041235, 'weighted_error': 1.0355853134624964, 'gamma': 0.1586754690511009, 'normalized_gamma': 9.1e-05}
{'sample_size': 100, 'difference': 0, 'noise': 0.1, 'n': 10, 'shap_error': 0.008993962755510636, 'shap_norm_sq': 1747.390209041235, 'weighted_error': 1.06921107191841, 'gamma': 0.1586754690511009, 'normalized_gamma': 9.1e-05}
{'sample_size': 100, 'difference': 0, 'noise': 0.5, 'n': 10, 'shap_error': 0.004978242586320122, 'shap_norm_sq': 1747.390209041235, 'weighted_error': 1.0383074227518412, 'gamma': 0.1586754690511009, 'normalized_gamma': 9.1e-05}
{'sample_size': 100, 'difference': 0, 'noise': 1, 'n': 10, 'shap_error': 0.009255465640609726, 'shap_norm_sq': 1747.390209041235, 'weighted_error': 1.0712168289282966, 'gamma': 0.1586754690511009, 'normalized_gamma': 9.1e-05}
{'sample_size': 100, 'difference': 0, 'noise': 0.0005, 'n': 10, 'shap_error': 0.018682237752205125, 'shap_norm_sq': 5079.197307998685, 'weighted_error': 1.0365628994395124, 'gamma': 0.6959867055400754, 'normalized_gamma': 0.00014}
{'sample_size': 100, 'difference': 0, 'noise': 0.001, 'n': 10, 'shap_error': 0.010639277103205258, 'shap_norm_sq': 5079.197307998685, 'weighted_error': 1.0208220510033734, 'gamma': 0.6959867055400754, 'normalized_gamma': 0.00014}
{'sample_size': 100, 'difference': 0, 'noise': 0.005, 'n': 10, 'shap_error': 0.017596018643427726, 'shap_norm_sq': 5079.197307998685, 'weighted_error': 1.0344370063558481, 'gamma': 0.6959867055400754, 'normalized_gamma': 0.00014}
{'sample_size': 100, 'difference': 0, 'noise': 0.01, 'n': 10, 'shap_error': 0.054895044843410436, 'shap_norm_sq': 5079.197307998685, 'weighted_error': 1.1074345047892848, 'gamma': 0.6959867055400754, 'normalized_gamma': 0.00014}
{'sample_size': 100, 'difference': 0, 'noise': 0.05, 'n': 10, 'shap_error': 0.021348428478831526, 'shap_norm_sq': 5079.197307998685, 'weighted_error': 1.0417807731318272, 'gamma': 0.6959867055400754, 'normalized_gamma': 0.00014}
{'sample_size': 100, 'difference': 0, 'noise': 0.1, 'n': 10, 'shap_error': 0.008082444376796345, 'shap_norm_sq': 5079.197307998685, 'weighted_error': 1.0158180713300373, 'gamma': 0.6959867055400754, 'normalized_gamma': 0.00014}
{'sample_size': 100, 'difference': 0, 'noise': 0.5, 'n': 10, 'shap_error': 0.012247554275127344, 'shap_norm_sq': 5079.197307998685, 'weighted_error': 1.0239667634082772, 'gamma': 0.6959867055400754, 'normalized_gamma': 0.00014}
{'sample_size': 100, 'difference': 0, 'noise': 1, 'n': 10, 'shap_error': 0.025917441886735327, 'shap_norm_sq': 5079.197307998685, 'weighted_error': 1.0507112647355148, 'gamma': 0.6959867055400754, 'normalized_gamma': 0.00014}
{'sample_size': 100, 'difference': 0, 'noise': 0.0005, 'n': 10, 'shap_error': 0.00912715187793395, 'shap_norm_sq': 1148.9697934110177, 'weighted_error': 1.0511810107261002, 'gamma': 0.24805409254423508, 'normalized_gamma': 0.00022}
{'sample_size': 100, 'difference': 0, 'noise': 0.001, 'n': 10, 'shap_error': 0.01435027573103888, 'shap_norm_sq': 1148.9697934110177, 'weighted_error': 1.0804705042968745, 'gamma': 0.24805409254423508, 'normalized_gamma': 0.00022}
{'sample_size': 100, 'difference': 0, 'noise': 0.005, 'n': 10, 'shap_error': 0.015648681887546815, 'shap_norm_sq': 1148.9697934110177, 'weighted_error': 1.0877509940998433, 'gamma': 0.24805409254423508, 'normalized_gamma': 0.00022}
{'sample_size': 100, 'difference': 0, 'noise': 0.01, 'n': 10, 'shap_error': 0.01605779010128224, 'shap_norm_sq': 1148.9697934110177, 'weighted_error': 1.0900453077416121, 'gamma': 0.24805409254423508, 'normalized_gamma': 0.00022}
{'sample_size': 100, 'difference': 0, 'noise': 0.05, 'n': 10, 'shap_error': 0.014693327481915852, 'shap_norm_sq': 1148.9697934110177, 'weighted_error': 1.0823941530943646, 'gamma': 0.24805409254423508, 'normalized_gamma': 0.00022}
{'sample_size': 100, 'difference': 0, 'noise': 0.1, 'n': 10, 'shap_error': 0.009533091571303635, 'shap_norm_sq': 1148.9697934110177, 'weighted_error': 1.0534572826066924, 'gamma': 0.24805409254423508, 'normalized_gamma': 0.00022}
{'sample_size': 100, 'difference': 0, 'noise': 0.5, 'n': 10, 'shap_error': 0.005982906743602711, 'shap_norm_sq': 1148.9697934110177, 'weighted_error': 1.0335426752526973, 'gamma': 0.24805409254423508, 'normalized_gamma': 0.00022}
{'sample_size': 100, 'difference': 0, 'noise': 1, 'n': 10, 'shap_error': 0.011737911665612296, 'shap_norm_sq': 1148.9697934110177, 'weighted_error': 1.0657951444780855, 'gamma': 0.24805409254423508, 'normalized_gamma': 0.00022}
{'sample_size': 100, 'difference': 0, 'noise': 0.0005, 'n': 10, 'shap_error': 0.002210065827699829, 'shap_norm_sq': 4538.270562761297, 'weighted_error': 1.0246114920798397, 'gamma': 0.09945172379026267, 'normalized_gamma': 2.2e-05}
{'sample_size': 100, 'difference': 0, 'noise': 0.001, 'n': 10, 'shap_error': 0.004242459665567753, 'shap_norm_sq': 4538.270562761297, 'weighted_error': 1.0472448038040094, 'gamma': 0.09945172379026267, 'normalized_gamma': 2.2e-05}
{'sample_size': 100, 'difference': 0, 'noise': 0.005, 'n': 10, 'shap_error': 0.008610596278755924, 'shap_norm_sq': 4538.270562761297, 'weighted_error': 1.0958891054167372, 'gamma': 0.09945172379026267, 'normalized_gamma': 2.2e-05}
{'sample_size': 100, 'difference': 0, 'noise': 0.01, 'n': 10, 'shap_error': 0.0031477597435728526, 'shap_norm_sq': 4538.270562761297, 'weighted_error': 1.0350539785901232, 'gamma': 0.09945172379026267, 'normalized_gamma': 2.2e-05}
{'sample_size': 100, 'difference': 0, 'noise': 0.05, 'n': 10, 'shap_error': 0.005538811704746994, 'shap_norm_sq': 4538.270562761297, 'weighted_error': 1.0616804714966597, 'gamma': 0.09945172379026267, 'normalized_gamma': 2.2e-05}
{'sample_size': 100, 'difference': 0, 'noise': 0.1, 'n': 10, 'shap_error': 0.004923766208275645, 'shap_norm_sq': 4538.270562761297, 'weighted_error': 1.0548291681202662, 'gamma': 0.09945172379026267, 'normalized_gamma': 2.2e-05}
{'sample_size': 100, 'difference': 0, 'noise': 0.5, 'n': 10, 'shap_error': 0.004452713638420559, 'shap_norm_sq': 4538.270562761297, 'weighted_error': 1.0495178705045187, 'gamma': 0.09945172379026267, 'normalized_gamma': 2.2e-05}
{'sample_size': 100, 'difference': 0, 'noise': 1, 'n': 10, 'shap_error': 0.0038982586291228583, 'shap_norm_sq': 4538.270562761297, 'weighted_error': 1.04313628247917, 'gamma': 0.09945172379026267, 'normalized_gamma': 2.2e-05}
{'sample_size': 100, 'difference': 0, 'noise': 0.0005, 'n': 10, 'shap_error': 0.021638343928276876, 'shap_norm_sq': 5216.212441209619, 'weighted_error': 1.0470728925329653, 'gamma': 0.6025166245079101, 'normalized_gamma': 0.00012}
{'sample_size': 100, 'difference': 0, 'noise': 0.001, 'n': 10, 'shap_error': 0.008733251414125691, 'shap_norm_sq': 5216.212441209619, 'weighted_error': 1.0189986387327539, 'gamma': 0.6025166245079101, 'normalized_gamma': 0.00012}
{'sample_size': 100, 'difference': 0, 'noise': 0.005, 'n': 10, 'shap_error': 0.0020950326276187032, 'shap_norm_sq': 5216.212441209619, 'weighted_error': 1.0045576010112454, 'gamma': 0.6025166245079101, 'normalized_gamma': 0.00012}
{'sample_size': 100, 'difference': 0, 'noise': 0.01, 'n': 10, 'shap_error': 0.0193574287481941, 'shap_norm_sq': 5216.212441209619, 'weighted_error': 1.042110805986985, 'gamma': 0.6025166245079101, 'normalized_gamma': 0.00012}
{'sample_size': 100, 'difference': 0, 'noise': 0.05, 'n': 10, 'shap_error': 0.019464386163588556, 'shap_norm_sq': 5216.212441209619, 'weighted_error': 1.042342961360425, 'gamma': 0.6025166245079101, 'normalized_gamma': 0.00012}
{'sample_size': 100, 'difference': 0, 'noise': 0.1, 'n': 10, 'shap_error': 0.010113542695770306, 'shap_norm_sq': 5216.212441209619, 'weighted_error': 1.021998853545442, 'gamma': 0.6025166245079101, 'normalized_gamma': 0.00012}
{'sample_size': 100, 'difference': 0, 'noise': 0.5, 'n': 10, 'shap_error': 0.033547408395845676, 'shap_norm_sq': 5216.212441209619, 'weighted_error': 1.072916949554158, 'gamma': 0.6025166245079101, 'normalized_gamma': 0.00012}
{'sample_size': 100, 'difference': 0, 'noise': 1, 'n': 10, 'shap_error': 0.031846954816894896, 'shap_norm_sq': 5216.212441209619, 'weighted_error': 1.0690279402465896, 'gamma': 0.6025166245079101, 'normalized_gamma': 0.00012}
{'sample_size': 100, 'difference': 0, 'noise': 0.0005, 'n': 10, 'shap_error': 0.015409919333188481, 'shap_norm_sq': 3179.5388531716135, 'weighted_error': 1.0508729711991323, 'gamma': 0.3089314285173292, 'normalized_gamma': 9.7e-05}
{'sample_size': 100, 'difference': 0, 'noise': 0.001, 'n': 10, 'shap_error': 0.014887126485471193, 'shap_norm_sq': 3179.5388531716135, 'weighted_error': 1.0491468240499302, 'gamma': 0.3089314285173292, 'normalized_gamma': 9.7e-05}
{'sample_size': 100, 'difference': 0, 'noise': 0.005, 'n': 10, 'shap_error': 0.01284069187919257, 'shap_norm_sq': 3179.5388531716135, 'weighted_error': 1.0423910711508688, 'gamma': 0.3089314285173292, 'normalized_gamma': 9.7e-05}
{'sample_size': 100, 'difference': 0, 'noise': 0.01, 'n': 10, 'shap_error': 0.02309159157225309, 'shap_norm_sq': 3179.5388531716135, 'weighted_error': 1.0762329595718605, 'gamma': 0.3089314285173292, 'normalized_gamma': 9.7e-05}
{'sample_size': 100, 'difference': 0, 'noise': 0.05, 'n': 10, 'shap_error': 0.024443727966273997, 'shap_norm_sq': 3179.5388531716135, 'weighted_error': 1.080696307124624, 'gamma': 0.3089314285173292, 'normalized_gamma': 9.7e-05}
{'sample_size': 100, 'difference': 0, 'noise': 0.1, 'n': 10, 'shap_error': 0.01678257218623469, 'shap_norm_sq': 3179.5388531716135, 'weighted_error': 1.0554029500015427, 'gamma': 0.3089314285173292, 'normalized_gamma': 9.7e-05}
{'sample_size': 100, 'difference': 0, 'noise': 0.5, 'n': 10, 'shap_error': 0.007626165068996061, 'shap_norm_sq': 3179.5388531716135, 'weighted_error': 1.0251262342034273, 'gamma': 0.3089314285173292, 'normalized_gamma': 9.7e-05}
{'sample_size': 100, 'difference': 0, 'noise': 1, 'n': 10, 'shap_error': 0.005311576394842974, 'shap_norm_sq': 3179.5388531716135, 'weighted_error': 1.0173353807145922, 'gamma': 0.3089314285173292, 'normalized_gamma': 9.7e-05}
