{'sample_size': 300, 'difference': 0, 'noise': 0, 'n': 60, 'shap_error': 0.009629989750408656, 'shap_norm_sq': 6.4401568336026145}
{'sample_size': 600, 'difference': 0, 'noise': 0, 'n': 60, 'shap_error': 0.0021369823010535293, 'shap_norm_sq': 6.4401568336026145}
{'sample_size': 1200, 'difference': 0, 'noise': 0, 'n': 60, 'shap_error': 0.0015189056131758346, 'shap_norm_sq': 6.4401568336026145}
{'sample_size': 2400, 'difference': 0, 'noise': 0, 'n': 60, 'shap_error': 0.0005780634667137944, 'shap_norm_sq': 6.4401568336026145}
{'sample_size': 4800, 'difference': 0, 'noise': 0, 'n': 60, 'shap_error': 0.0002151673911001674, 'shap_norm_sq': 6.4401568336026145}
{'sample_size': 9600, 'difference': 0, 'noise': 0, 'n': 60, 'shap_error': 0.00016556972451000506, 'shap_norm_sq': 6.4401568336026145}
{'sample_size': 300, 'difference': 0, 'noise': 0, 'n': 60, 'shap_error': 0.02349563740799073, 'shap_norm_sq': 9.991839420948057}
{'sample_size': 600, 'difference': 0, 'noise': 0, 'n': 60, 'shap_error': 0.008843429178000678, 'shap_norm_sq': 9.991839420948057}
{'sample_size': 1200, 'difference': 0, 'noise': 0, 'n': 60, 'shap_error': 0.005348763497795605, 'shap_norm_sq': 9.991839420948057}
{'sample_size': 2400, 'difference': 0, 'noise': 0, 'n': 60, 'shap_error': 0.0017538203918038005, 'shap_norm_sq': 9.991839420948057}
{'sample_size': 4800, 'difference': 0, 'noise': 0, 'n': 60, 'shap_error': 0.0007853902431049061, 'shap_norm_sq': 9.991839420948057}
{'sample_size': 9600, 'difference': 0, 'noise': 0, 'n': 60, 'shap_error': 0.0006048064715202866, 'shap_norm_sq': 9.991839420948057}
{'sample_size': 300, 'difference': 0, 'noise': 0, 'n': 60, 'shap_error': 0.023272256035294904, 'shap_norm_sq': 10.406857728269195}
{'sample_size': 600, 'difference': 0, 'noise': 0, 'n': 60, 'shap_error': 0.007633035280931099, 'shap_norm_sq': 10.406857728269195}
{'sample_size': 1200, 'difference': 0, 'noise': 0, 'n': 60, 'shap_error': 0.004079645003102136, 'shap_norm_sq': 10.406857728269195}
{'sample_size': 2400, 'difference': 0, 'noise': 0, 'n': 60, 'shap_error': 0.001690036103654643, 'shap_norm_sq': 10.406857728269195}
{'sample_size': 4800, 'difference': 0, 'noise': 0, 'n': 60, 'shap_error': 0.0007974053050036011, 'shap_norm_sq': 10.406857728269195}
{'sample_size': 9600, 'difference': 0, 'noise': 0, 'n': 60, 'shap_error': 0.0003292775151614953, 'shap_norm_sq': 10.406857728269195}
{'sample_size': 300, 'difference': 0, 'noise': 0, 'n': 60, 'shap_error': 0.02276297455205389, 'shap_norm_sq': 12.858538271866172}
{'sample_size': 600, 'difference': 0, 'noise': 0, 'n': 60, 'shap_error': 0.009142208215041147, 'shap_norm_sq': 12.858538271866172}
{'sample_size': 1200, 'difference': 0, 'noise': 0, 'n': 60, 'shap_error': 0.004198639491186922, 'shap_norm_sq': 12.858538271866172}
{'sample_size': 2400, 'difference': 0, 'noise': 0, 'n': 60, 'shap_error': 0.0024183764130918904, 'shap_norm_sq': 12.858538271866172}
{'sample_size': 4800, 'difference': 0, 'noise': 0, 'n': 60, 'shap_error': 0.00089202030447537, 'shap_norm_sq': 12.858538271866172}
{'sample_size': 9600, 'difference': 0, 'noise': 0, 'n': 60, 'shap_error': 0.0004882936717841449, 'shap_norm_sq': 12.858538271866172}
{'sample_size': 300, 'difference': 0, 'noise': 0, 'n': 60, 'shap_error': 0.005928839872334045, 'shap_norm_sq': 4.564768191572814}
{'sample_size': 600, 'difference': 0, 'noise': 0, 'n': 60, 'shap_error': 0.0036289490633777603, 'shap_norm_sq': 4.564768191572814}
{'sample_size': 1200, 'difference': 0, 'noise': 0, 'n': 60, 'shap_error': 0.0014162208872140552, 'shap_norm_sq': 4.564768191572814}
{'sample_size': 2400, 'difference': 0, 'noise': 0, 'n': 60, 'shap_error': 0.0006406975515944855, 'shap_norm_sq': 4.564768191572814}
{'sample_size': 4800, 'difference': 0, 'noise': 0, 'n': 60, 'shap_error': 0.00030269769072479213, 'shap_norm_sq': 4.564768191572814}
{'sample_size': 9600, 'difference': 0, 'noise': 0, 'n': 60, 'shap_error': 0.00016841339611261728, 'shap_norm_sq': 4.564768191572814}
{'sample_size': 300, 'difference': 0, 'noise': 0, 'n': 60, 'shap_error': 0.005619201085248859, 'shap_norm_sq': 12.249329358092892}
{'sample_size': 600, 'difference': 0, 'noise': 0, 'n': 60, 'shap_error': 0.0029032970965917645, 'shap_norm_sq': 12.249329358092892}
{'sample_size': 1200, 'difference': 0, 'noise': 0, 'n': 60, 'shap_error': 0.0008368297623144275, 'shap_norm_sq': 12.249329358092892}
{'sample_size': 2400, 'difference': 0, 'noise': 0, 'n': 60, 'shap_error': 0.0004354022293301881, 'shap_norm_sq': 12.249329358092892}
{'sample_size': 4800, 'difference': 0, 'noise': 0, 'n': 60, 'shap_error': 0.0002502583846799245, 'shap_norm_sq': 12.249329358092892}
{'sample_size': 9600, 'difference': 0, 'noise': 0, 'n': 60, 'shap_error': 0.0001377685418901278, 'shap_norm_sq': 12.249329358092892}
{'sample_size': 300, 'difference': 0, 'noise': 0, 'n': 60, 'shap_error': 0.006999857174141662, 'shap_norm_sq': 10.752576794460168}
{'sample_size': 600, 'difference': 0, 'noise': 0, 'n': 60, 'shap_error': 0.0026140622601198244, 'shap_norm_sq': 10.752576794460168}
{'sample_size': 1200, 'difference': 0, 'noise': 0, 'n': 60, 'shap_error': 0.001221333679668553, 'shap_norm_sq': 10.752576794460168}
{'sample_size': 2400, 'difference': 0, 'noise': 0, 'n': 60, 'shap_error': 0.0004790422160777124, 'shap_norm_sq': 10.752576794460168}
{'sample_size': 4800, 'difference': 0, 'noise': 0, 'n': 60, 'shap_error': 0.00018896564191296788, 'shap_norm_sq': 10.752576794460168}
{'sample_size': 9600, 'difference': 0, 'noise': 0, 'n': 60, 'shap_error': 0.00012162368038767496, 'shap_norm_sq': 10.752576794460168}
{'sample_size': 300, 'difference': 0, 'noise': 0, 'n': 60, 'shap_error': 0.008983761623184558, 'shap_norm_sq': 10.792325702306792}
{'sample_size': 600, 'difference': 0, 'noise': 0, 'n': 60, 'shap_error': 0.0048975882654878795, 'shap_norm_sq': 10.792325702306792}
{'sample_size': 1200, 'difference': 0, 'noise': 0, 'n': 60, 'shap_error': 0.0024785234116892186, 'shap_norm_sq': 10.792325702306792}
{'sample_size': 2400, 'difference': 0, 'noise': 0, 'n': 60, 'shap_error': 0.0008582981290019235, 'shap_norm_sq': 10.792325702306792}
{'sample_size': 4800, 'difference': 0, 'noise': 0, 'n': 60, 'shap_error': 0.00046718526290079457, 'shap_norm_sq': 10.792325702306792}
{'sample_size': 9600, 'difference': 0, 'noise': 0, 'n': 60, 'shap_error': 0.0002295678638825478, 'shap_norm_sq': 10.792325702306792}
{'sample_size': 300, 'difference': 0, 'noise': 0, 'n': 60, 'shap_error': 0.005584284003784601, 'shap_norm_sq': 7.935586107367179}
{'sample_size': 600, 'difference': 0, 'noise': 0, 'n': 60, 'shap_error': 0.001897314056876114, 'shap_norm_sq': 7.935586107367179}
{'sample_size': 1200, 'difference': 0, 'noise': 0, 'n': 60, 'shap_error': 0.0010532768878211325, 'shap_norm_sq': 7.935586107367179}
{'sample_size': 2400, 'difference': 0, 'noise': 0, 'n': 60, 'shap_error': 0.0003572010358079374, 'shap_norm_sq': 7.935586107367179}
{'sample_size': 4800, 'difference': 0, 'noise': 0, 'n': 60, 'shap_error': 0.00018808061155091053, 'shap_norm_sq': 7.935586107367179}
{'sample_size': 9600, 'difference': 0, 'noise': 0, 'n': 60, 'shap_error': 5.848857973933279e-05, 'shap_norm_sq': 7.935586107367179}
{'sample_size': 300, 'difference': 0, 'noise': 0, 'n': 60, 'shap_error': 0.005730226328014999, 'shap_norm_sq': 5.672347195757074}
{'sample_size': 600, 'difference': 0, 'noise': 0, 'n': 60, 'shap_error': 0.0015172846938673195, 'shap_norm_sq': 5.672347195757074}
{'sample_size': 1200, 'difference': 0, 'noise': 0, 'n': 60, 'shap_error': 0.0005356405860317515, 'shap_norm_sq': 5.672347195757074}
{'sample_size': 2400, 'difference': 0, 'noise': 0, 'n': 60, 'shap_error': 0.0002925194117174269, 'shap_norm_sq': 5.672347195757074}
{'sample_size': 4800, 'difference': 0, 'noise': 0, 'n': 60, 'shap_error': 0.00023130150007306702, 'shap_norm_sq': 5.672347195757074}
{'sample_size': 9600, 'difference': 0, 'noise': 0, 'n': 60, 'shap_error': 9.124803241130157e-05, 'shap_norm_sq': 5.672347195757074}
{'sample_size': 300, 'difference': 0, 'noise': 0, 'n': 60, 'shap_error': 0.00020226089247441233, 'shap_norm_sq': 8.83670582099933}
{'sample_size': 600, 'difference': 0, 'noise': 0, 'n': 60, 'shap_error': 4.043134722322813e-05, 'shap_norm_sq': 8.83670582099933}
{'sample_size': 1200, 'difference': 0, 'noise': 0, 'n': 60, 'shap_error': 3.6896024904726604e-05, 'shap_norm_sq': 8.83670582099933}
{'sample_size': 2400, 'difference': 0, 'noise': 0, 'n': 60, 'shap_error': 1.795129851980158e-05, 'shap_norm_sq': 8.83670582099933}
{'sample_size': 4800, 'difference': 0, 'noise': 0, 'n': 60, 'shap_error': 6.027389297797257e-06, 'shap_norm_sq': 8.83670582099933}
{'sample_size': 9600, 'difference': 0, 'noise': 0, 'n': 60, 'shap_error': 2.9587597759581605e-06, 'shap_norm_sq': 8.83670582099933}
{'sample_size': 300, 'difference': 0, 'noise': 0, 'n': 60, 'shap_error': 0.01255452024090877, 'shap_norm_sq': 12.498060934479634}
{'sample_size': 600, 'difference': 0, 'noise': 0, 'n': 60, 'shap_error': 0.004684971247096755, 'shap_norm_sq': 12.498060934479634}
{'sample_size': 1200, 'difference': 0, 'noise': 0, 'n': 60, 'shap_error': 0.0026854024605797314, 'shap_norm_sq': 12.498060934479634}
{'sample_size': 2400, 'difference': 0, 'noise': 0, 'n': 60, 'shap_error': 0.0008260405620770836, 'shap_norm_sq': 12.498060934479634}
{'sample_size': 4800, 'difference': 0, 'noise': 0, 'n': 60, 'shap_error': 0.00024041187691657123, 'shap_norm_sq': 12.498060934479634}
{'sample_size': 9600, 'difference': 0, 'noise': 0, 'n': 60, 'shap_error': 0.00018703522594022126, 'shap_norm_sq': 12.498060934479634}
{'sample_size': 300, 'difference': 0, 'noise': 0, 'n': 60, 'shap_error': 0.0012914528708936153, 'shap_norm_sq': 8.554680434347063}
{'sample_size': 600, 'difference': 0, 'noise': 0, 'n': 60, 'shap_error': 0.0006769063884013318, 'shap_norm_sq': 8.554680434347063}
{'sample_size': 1200, 'difference': 0, 'noise': 0, 'n': 60, 'shap_error': 0.00024492054293755134, 'shap_norm_sq': 8.554680434347063}
{'sample_size': 2400, 'difference': 0, 'noise': 0, 'n': 60, 'shap_error': 0.00012305142453062064, 'shap_norm_sq': 8.554680434347063}
{'sample_size': 4800, 'difference': 0, 'noise': 0, 'n': 60, 'shap_error': 6.144996849781806e-05, 'shap_norm_sq': 8.554680434347063}
{'sample_size': 9600, 'difference': 0, 'noise': 0, 'n': 60, 'shap_error': 5.2534637060954766e-05, 'shap_norm_sq': 8.554680434347063}
{'sample_size': 300, 'difference': 0, 'noise': 0, 'n': 60, 'shap_error': 0.006070226762612216, 'shap_norm_sq': 4.5076041950103125}
{'sample_size': 600, 'difference': 0, 'noise': 0, 'n': 60, 'shap_error': 0.0014107912208265923, 'shap_norm_sq': 4.5076041950103125}
{'sample_size': 1200, 'difference': 0, 'noise': 0, 'n': 60, 'shap_error': 0.0008230028317574314, 'shap_norm_sq': 4.5076041950103125}
{'sample_size': 2400, 'difference': 0, 'noise': 0, 'n': 60, 'shap_error': 0.00032730461110728245, 'shap_norm_sq': 4.5076041950103125}
{'sample_size': 4800, 'difference': 0, 'noise': 0, 'n': 60, 'shap_error': 0.00018329362477456423, 'shap_norm_sq': 4.5076041950103125}
{'sample_size': 9600, 'difference': 0, 'noise': 0, 'n': 60, 'shap_error': 9.380231641521744e-05, 'shap_norm_sq': 4.5076041950103125}
{'sample_size': 300, 'difference': 0, 'noise': 0, 'n': 60, 'shap_error': 0.013123254350142213, 'shap_norm_sq': 7.179050243085241}
{'sample_size': 600, 'difference': 0, 'noise': 0, 'n': 60, 'shap_error': 0.0069982868397637475, 'shap_norm_sq': 7.179050243085241}
{'sample_size': 1200, 'difference': 0, 'noise': 0, 'n': 60, 'shap_error': 0.0025824217932157558, 'shap_norm_sq': 7.179050243085241}
{'sample_size': 2400, 'difference': 0, 'noise': 0, 'n': 60, 'shap_error': 0.001221438106779288, 'shap_norm_sq': 7.179050243085241}
{'sample_size': 4800, 'difference': 0, 'noise': 0, 'n': 60, 'shap_error': 0.0004900562608013578, 'shap_norm_sq': 7.179050243085241}
{'sample_size': 9600, 'difference': 0, 'noise': 0, 'n': 60, 'shap_error': 0.0001662747642229934, 'shap_norm_sq': 7.179050243085241}
{'sample_size': 300, 'difference': 0, 'noise': 0, 'n': 60, 'shap_error': 0.01301938286691089, 'shap_norm_sq': 16.502075089579016}
{'sample_size': 600, 'difference': 0, 'noise': 0, 'n': 60, 'shap_error': 0.0053070635043610806, 'shap_norm_sq': 16.502075089579016}
{'sample_size': 1200, 'difference': 0, 'noise': 0, 'n': 60, 'shap_error': 0.002442547854667015, 'shap_norm_sq': 16.502075089579016}
{'sample_size': 2400, 'difference': 0, 'noise': 0, 'n': 60, 'shap_error': 0.0010462445237496485, 'shap_norm_sq': 16.502075089579016}
{'sample_size': 4800, 'difference': 0, 'noise': 0, 'n': 60, 'shap_error': 0.0005003199046301655, 'shap_norm_sq': 16.502075089579016}
{'sample_size': 9600, 'difference': 0, 'noise': 0, 'n': 60, 'shap_error': 0.0002139239378908988, 'shap_norm_sq': 16.502075089579016}
{'sample_size': 300, 'difference': 0, 'noise': 0, 'n': 60, 'shap_error': 0.00763443393261836, 'shap_norm_sq': 7.033894026962379}
{'sample_size': 600, 'difference': 0, 'noise': 0, 'n': 60, 'shap_error': 0.001550738785052452, 'shap_norm_sq': 7.033894026962379}
{'sample_size': 1200, 'difference': 0, 'noise': 0, 'n': 60, 'shap_error': 0.0019684360879311225, 'shap_norm_sq': 7.033894026962379}
{'sample_size': 2400, 'difference': 0, 'noise': 0, 'n': 60, 'shap_error': 0.0005428897646923383, 'shap_norm_sq': 7.033894026962379}
{'sample_size': 4800, 'difference': 0, 'noise': 0, 'n': 60, 'shap_error': 0.00028561459708547823, 'shap_norm_sq': 7.033894026962379}
{'sample_size': 9600, 'difference': 0, 'noise': 0, 'n': 60, 'shap_error': 0.00013879525208022186, 'shap_norm_sq': 7.033894026962379}
{'sample_size': 300, 'difference': 0, 'noise': 0, 'n': 60, 'shap_error': 0.00540439246639006, 'shap_norm_sq': 8.870459979420904}
{'sample_size': 600, 'difference': 0, 'noise': 0, 'n': 60, 'shap_error': 0.0018866671648518608, 'shap_norm_sq': 8.870459979420904}
{'sample_size': 1200, 'difference': 0, 'noise': 0, 'n': 60, 'shap_error': 0.0008551123675822125, 'shap_norm_sq': 8.870459979420904}
{'sample_size': 2400, 'difference': 0, 'noise': 0, 'n': 60, 'shap_error': 0.0004604079139021033, 'shap_norm_sq': 8.870459979420904}
{'sample_size': 4800, 'difference': 0, 'noise': 0, 'n': 60, 'shap_error': 0.00022981152650333224, 'shap_norm_sq': 8.870459979420904}
{'sample_size': 9600, 'difference': 0, 'noise': 0, 'n': 60, 'shap_error': 8.571184551247498e-05, 'shap_norm_sq': 8.870459979420904}
{'sample_size': 300, 'difference': 0, 'noise': 0, 'n': 60, 'shap_error': 9.652430362146226e-14, 'shap_norm_sq': 5.939340898102209}
{'sample_size': 600, 'difference': 0, 'noise': 0, 'n': 60, 'shap_error': 5.2853158864809053e-14, 'shap_norm_sq': 5.939340898102209}
{'sample_size': 1200, 'difference': 0, 'noise': 0, 'n': 60, 'shap_error': 4.078570970984499e-14, 'shap_norm_sq': 5.939340898102209}
{'sample_size': 2400, 'difference': 0, 'noise': 0, 'n': 60, 'shap_error': 3.4006287355695045e-14, 'shap_norm_sq': 5.939340898102209}
{'sample_size': 4800, 'difference': 0, 'noise': 0, 'n': 60, 'shap_error': 2.748458303852324e-14, 'shap_norm_sq': 5.939340898102209}
{'sample_size': 9600, 'difference': 0, 'noise': 0, 'n': 60, 'shap_error': 2.413238118964292e-14, 'shap_norm_sq': 5.939340898102209}
{'sample_size': 300, 'difference': 0, 'noise': 0, 'n': 60, 'shap_error': 0.002806403789357489, 'shap_norm_sq': 8.757181607473235}
{'sample_size': 600, 'difference': 0, 'noise': 0, 'n': 60, 'shap_error': 0.0011674024405294527, 'shap_norm_sq': 8.757181607473235}
{'sample_size': 1200, 'difference': 0, 'noise': 0, 'n': 60, 'shap_error': 0.0006187425605041003, 'shap_norm_sq': 8.757181607473235}
{'sample_size': 2400, 'difference': 0, 'noise': 0, 'n': 60, 'shap_error': 0.00020085225892842854, 'shap_norm_sq': 8.757181607473235}
{'sample_size': 4800, 'difference': 0, 'noise': 0, 'n': 60, 'shap_error': 0.00010098213830068028, 'shap_norm_sq': 8.757181607473235}
{'sample_size': 9600, 'difference': 0, 'noise': 0, 'n': 60, 'shap_error': 7.43438629792224e-05, 'shap_norm_sq': 8.757181607473235}
{'sample_size': 300, 'difference': 0, 'noise': 0, 'n': 60, 'shap_error': 0.005632245306224994, 'shap_norm_sq': 8.528398794097978}
{'sample_size': 600, 'difference': 0, 'noise': 0, 'n': 60, 'shap_error': 0.0048828224178655635, 'shap_norm_sq': 8.528398794097978}
{'sample_size': 1200, 'difference': 0, 'noise': 0, 'n': 60, 'shap_error': 0.0017840498790167541, 'shap_norm_sq': 8.528398794097978}
{'sample_size': 2400, 'difference': 0, 'noise': 0, 'n': 60, 'shap_error': 0.0008967107643600943, 'shap_norm_sq': 8.528398794097978}
{'sample_size': 4800, 'difference': 0, 'noise': 0, 'n': 60, 'shap_error': 0.0002977991046669415, 'shap_norm_sq': 8.528398794097978}
{'sample_size': 9600, 'difference': 0, 'noise': 0, 'n': 60, 'shap_error': 0.00022646008998726202, 'shap_norm_sq': 8.528398794097978}
{'sample_size': 300, 'difference': 0, 'noise': 0, 'n': 60, 'shap_error': 0.0028788948988005387, 'shap_norm_sq': 8.36275841281983}
{'sample_size': 600, 'difference': 0, 'noise': 0, 'n': 60, 'shap_error': 0.0012372718253994288, 'shap_norm_sq': 8.36275841281983}
{'sample_size': 1200, 'difference': 0, 'noise': 0, 'n': 60, 'shap_error': 0.0006322913037109983, 'shap_norm_sq': 8.36275841281983}
{'sample_size': 2400, 'difference': 0, 'noise': 0, 'n': 60, 'shap_error': 0.00030501870953390694, 'shap_norm_sq': 8.36275841281983}
{'sample_size': 4800, 'difference': 0, 'noise': 0, 'n': 60, 'shap_error': 0.00011624249359334743, 'shap_norm_sq': 8.36275841281983}
{'sample_size': 9600, 'difference': 0, 'noise': 0, 'n': 60, 'shap_error': 7.559080593305774e-05, 'shap_norm_sq': 8.36275841281983}
{'sample_size': 300, 'difference': 0, 'noise': 0, 'n': 60, 'shap_error': 0.015828608320318484, 'shap_norm_sq': 14.765174666205413}
{'sample_size': 600, 'difference': 0, 'noise': 0, 'n': 60, 'shap_error': 0.0075921809076643035, 'shap_norm_sq': 14.765174666205413}
{'sample_size': 1200, 'difference': 0, 'noise': 0, 'n': 60, 'shap_error': 0.002045632832288122, 'shap_norm_sq': 14.765174666205413}
{'sample_size': 2400, 'difference': 0, 'noise': 0, 'n': 60, 'shap_error': 0.001307659257017107, 'shap_norm_sq': 14.765174666205413}
{'sample_size': 4800, 'difference': 0, 'noise': 0, 'n': 60, 'shap_error': 0.0006211483962671835, 'shap_norm_sq': 14.765174666205413}
{'sample_size': 9600, 'difference': 0, 'noise': 0, 'n': 60, 'shap_error': 0.00031231715963467245, 'shap_norm_sq': 14.765174666205413}
{'sample_size': 300, 'difference': 0, 'noise': 0, 'n': 60, 'shap_error': 0.010595307570036277, 'shap_norm_sq': 4.894004972225177}
{'sample_size': 600, 'difference': 0, 'noise': 0, 'n': 60, 'shap_error': 0.005129360556549733, 'shap_norm_sq': 4.894004972225177}
{'sample_size': 1200, 'difference': 0, 'noise': 0, 'n': 60, 'shap_error': 0.0024039032381829297, 'shap_norm_sq': 4.894004972225177}
{'sample_size': 2400, 'difference': 0, 'noise': 0, 'n': 60, 'shap_error': 0.0013557669044304483, 'shap_norm_sq': 4.894004972225177}
{'sample_size': 4800, 'difference': 0, 'noise': 0, 'n': 60, 'shap_error': 0.000683213576238804, 'shap_norm_sq': 4.894004972225177}
{'sample_size': 9600, 'difference': 0, 'noise': 0, 'n': 60, 'shap_error': 0.0003878669710999284, 'shap_norm_sq': 4.894004972225177}
{'sample_size': 300, 'difference': 0, 'noise': 0, 'n': 60, 'shap_error': 0.018239053938046035, 'shap_norm_sq': 15.594659797845392}
{'sample_size': 600, 'difference': 0, 'noise': 0, 'n': 60, 'shap_error': 0.006495556650807336, 'shap_norm_sq': 15.594659797845392}
{'sample_size': 1200, 'difference': 0, 'noise': 0, 'n': 60, 'shap_error': 0.0017706871424565888, 'shap_norm_sq': 15.594659797845392}
{'sample_size': 2400, 'difference': 0, 'noise': 0, 'n': 60, 'shap_error': 0.000961294310784701, 'shap_norm_sq': 15.594659797845392}
{'sample_size': 4800, 'difference': 0, 'noise': 0, 'n': 60, 'shap_error': 0.0004012731829693728, 'shap_norm_sq': 15.594659797845392}
{'sample_size': 9600, 'difference': 0, 'noise': 0, 'n': 60, 'shap_error': 0.00018904214570136736, 'shap_norm_sq': 15.594659797845392}
{'sample_size': 300, 'difference': 0, 'noise': 0, 'n': 60, 'shap_error': 0.018692313930271123, 'shap_norm_sq': 6.81705049003584}
{'sample_size': 600, 'difference': 0, 'noise': 0, 'n': 60, 'shap_error': 0.0061292369352171265, 'shap_norm_sq': 6.81705049003584}
{'sample_size': 1200, 'difference': 0, 'noise': 0, 'n': 60, 'shap_error': 0.0033137062707085494, 'shap_norm_sq': 6.81705049003584}
{'sample_size': 2400, 'difference': 0, 'noise': 0, 'n': 60, 'shap_error': 0.0012028603290342417, 'shap_norm_sq': 6.81705049003584}
{'sample_size': 4800, 'difference': 0, 'noise': 0, 'n': 60, 'shap_error': 0.000426181998715423, 'shap_norm_sq': 6.81705049003584}
{'sample_size': 9600, 'difference': 0, 'noise': 0, 'n': 60, 'shap_error': 0.0002665242211547856, 'shap_norm_sq': 6.81705049003584}
{'sample_size': 300, 'difference': 0, 'noise': 0, 'n': 60, 'shap_error': 0.037352395325988705, 'shap_norm_sq': 9.185606565597285}
{'sample_size': 600, 'difference': 0, 'noise': 0, 'n': 60, 'shap_error': 0.01120086191799621, 'shap_norm_sq': 9.185606565597285}
{'sample_size': 1200, 'difference': 0, 'noise': 0, 'n': 60, 'shap_error': 0.0037501876277393725, 'shap_norm_sq': 9.185606565597285}
{'sample_size': 2400, 'difference': 0, 'noise': 0, 'n': 60, 'shap_error': 0.0021989790806581535, 'shap_norm_sq': 9.185606565597285}
{'sample_size': 4800, 'difference': 0, 'noise': 0, 'n': 60, 'shap_error': 0.0009325666984995328, 'shap_norm_sq': 9.185606565597285}
{'sample_size': 9600, 'difference': 0, 'noise': 0, 'n': 60, 'shap_error': 0.000680010084755791, 'shap_norm_sq': 9.185606565597285}
{'sample_size': 300, 'difference': 0, 'noise': 0, 'n': 60, 'shap_error': 0.006043136255813834, 'shap_norm_sq': 5.6021950125587106}
{'sample_size': 600, 'difference': 0, 'noise': 0, 'n': 60, 'shap_error': 0.0024445007662167806, 'shap_norm_sq': 5.6021950125587106}
{'sample_size': 1200, 'difference': 0, 'noise': 0, 'n': 60, 'shap_error': 0.0011705765258102033, 'shap_norm_sq': 5.6021950125587106}
{'sample_size': 2400, 'difference': 0, 'noise': 0, 'n': 60, 'shap_error': 0.00033901142349288677, 'shap_norm_sq': 5.6021950125587106}
{'sample_size': 4800, 'difference': 0, 'noise': 0, 'n': 60, 'shap_error': 0.00018681193718219326, 'shap_norm_sq': 5.6021950125587106}
{'sample_size': 9600, 'difference': 0, 'noise': 0, 'n': 60, 'shap_error': 0.00011146993090336654, 'shap_norm_sq': 5.6021950125587106}
{'sample_size': 300, 'difference': 0, 'noise': 0, 'n': 60, 'shap_error': 0.005585257614849393, 'shap_norm_sq': 5.901744154573086}
{'sample_size': 600, 'difference': 0, 'noise': 0, 'n': 60, 'shap_error': 0.0016274541308288649, 'shap_norm_sq': 5.901744154573086}
{'sample_size': 1200, 'difference': 0, 'noise': 0, 'n': 60, 'shap_error': 0.000909617943294881, 'shap_norm_sq': 5.901744154573086}
{'sample_size': 2400, 'difference': 0, 'noise': 0, 'n': 60, 'shap_error': 0.00042704265525702023, 'shap_norm_sq': 5.901744154573086}
{'sample_size': 4800, 'difference': 0, 'noise': 0, 'n': 60, 'shap_error': 0.00017538135156412507, 'shap_norm_sq': 5.901744154573086}
{'sample_size': 9600, 'difference': 0, 'noise': 0, 'n': 60, 'shap_error': 0.00011019792901163084, 'shap_norm_sq': 5.901744154573086}
{'sample_size': 300, 'difference': 0, 'noise': 0, 'n': 60, 'shap_error': 0.00534589804534476, 'shap_norm_sq': 3.2801395582651174}
{'sample_size': 600, 'difference': 0, 'noise': 0, 'n': 60, 'shap_error': 0.0015001768706321577, 'shap_norm_sq': 3.2801395582651174}
{'sample_size': 1200, 'difference': 0, 'noise': 0, 'n': 60, 'shap_error': 0.0008008246990466259, 'shap_norm_sq': 3.2801395582651174}
{'sample_size': 2400, 'difference': 0, 'noise': 0, 'n': 60, 'shap_error': 0.0003185778159069854, 'shap_norm_sq': 3.2801395582651174}
{'sample_size': 4800, 'difference': 0, 'noise': 0, 'n': 60, 'shap_error': 0.00015829240198521802, 'shap_norm_sq': 3.2801395582651174}
{'sample_size': 9600, 'difference': 0, 'noise': 0, 'n': 60, 'shap_error': 6.764517736133582e-05, 'shap_norm_sq': 3.2801395582651174}
{'sample_size': 300, 'difference': 0, 'noise': 0, 'n': 60, 'shap_error': 0.012610536331567404, 'shap_norm_sq': 8.560010996876942}
{'sample_size': 600, 'difference': 0, 'noise': 0, 'n': 60, 'shap_error': 0.00372065006902596, 'shap_norm_sq': 8.560010996876942}
{'sample_size': 1200, 'difference': 0, 'noise': 0, 'n': 60, 'shap_error': 0.0026892230206869323, 'shap_norm_sq': 8.560010996876942}
{'sample_size': 2400, 'difference': 0, 'noise': 0, 'n': 60, 'shap_error': 0.0010119532299538042, 'shap_norm_sq': 8.560010996876942}
{'sample_size': 4800, 'difference': 0, 'noise': 0, 'n': 60, 'shap_error': 0.0004273654311777963, 'shap_norm_sq': 8.560010996876942}
{'sample_size': 9600, 'difference': 0, 'noise': 0, 'n': 60, 'shap_error': 0.00024092847808970035, 'shap_norm_sq': 8.560010996876942}
{'sample_size': 300, 'difference': 0, 'noise': 0, 'n': 60, 'shap_error': 0.03312528438734631, 'shap_norm_sq': 6.711894956472008}
{'sample_size': 600, 'difference': 0, 'noise': 0, 'n': 60, 'shap_error': 0.009608500954164339, 'shap_norm_sq': 6.711894956472008}
{'sample_size': 1200, 'difference': 0, 'noise': 0, 'n': 60, 'shap_error': 0.0035861486523070863, 'shap_norm_sq': 6.711894956472008}
{'sample_size': 2400, 'difference': 0, 'noise': 0, 'n': 60, 'shap_error': 0.0017635294199587314, 'shap_norm_sq': 6.711894956472008}
{'sample_size': 4800, 'difference': 0, 'noise': 0, 'n': 60, 'shap_error': 0.0011320748733529202, 'shap_norm_sq': 6.711894956472008}
{'sample_size': 9600, 'difference': 0, 'noise': 0, 'n': 60, 'shap_error': 0.0005224371782583223, 'shap_norm_sq': 6.711894956472008}
{'sample_size': 300, 'difference': 0, 'noise': 0, 'n': 60, 'shap_error': 0.00323126281282657, 'shap_norm_sq': 7.550193640400623}
{'sample_size': 600, 'difference': 0, 'noise': 0, 'n': 60, 'shap_error': 0.001390812159517807, 'shap_norm_sq': 7.550193640400623}
{'sample_size': 1200, 'difference': 0, 'noise': 0, 'n': 60, 'shap_error': 0.0007956215036502802, 'shap_norm_sq': 7.550193640400623}
{'sample_size': 2400, 'difference': 0, 'noise': 0, 'n': 60, 'shap_error': 0.0003063576326004552, 'shap_norm_sq': 7.550193640400623}
{'sample_size': 4800, 'difference': 0, 'noise': 0, 'n': 60, 'shap_error': 0.0001330029352685285, 'shap_norm_sq': 7.550193640400623}
{'sample_size': 9600, 'difference': 0, 'noise': 0, 'n': 60, 'shap_error': 6.814890762971199e-05, 'shap_norm_sq': 7.550193640400623}
{'sample_size': 300, 'difference': 0, 'noise': 0, 'n': 60, 'shap_error': 0.002145757392414048, 'shap_norm_sq': 4.444545588702095}
{'sample_size': 600, 'difference': 0, 'noise': 0, 'n': 60, 'shap_error': 0.0007930572175609816, 'shap_norm_sq': 4.444545588702095}
{'sample_size': 1200, 'difference': 0, 'noise': 0, 'n': 60, 'shap_error': 0.00016247536428214303, 'shap_norm_sq': 4.444545588702095}
{'sample_size': 2400, 'difference': 0, 'noise': 0, 'n': 60, 'shap_error': 0.00014982979803531598, 'shap_norm_sq': 4.444545588702095}
{'sample_size': 4800, 'difference': 0, 'noise': 0, 'n': 60, 'shap_error': 6.279951403220654e-05, 'shap_norm_sq': 4.444545588702095}
{'sample_size': 9600, 'difference': 0, 'noise': 0, 'n': 60, 'shap_error': 3.639456883555303e-05, 'shap_norm_sq': 4.444545588702095}
{'sample_size': 300, 'difference': 0, 'noise': 0, 'n': 60, 'shap_error': 0.010663666698451202, 'shap_norm_sq': 9.715344876219786}
{'sample_size': 600, 'difference': 0, 'noise': 0, 'n': 60, 'shap_error': 0.004449772110343709, 'shap_norm_sq': 9.715344876219786}
{'sample_size': 1200, 'difference': 0, 'noise': 0, 'n': 60, 'shap_error': 0.0015459559909824423, 'shap_norm_sq': 9.715344876219786}
{'sample_size': 2400, 'difference': 0, 'noise': 0, 'n': 60, 'shap_error': 0.0012499973181477769, 'shap_norm_sq': 9.715344876219786}
{'sample_size': 4800, 'difference': 0, 'noise': 0, 'n': 60, 'shap_error': 0.0005212460191054002, 'shap_norm_sq': 9.715344876219786}
{'sample_size': 9600, 'difference': 0, 'noise': 0, 'n': 60, 'shap_error': 0.0003090736178437808, 'shap_norm_sq': 9.715344876219786}
{'sample_size': 300, 'difference': 0, 'noise': 0, 'n': 60, 'shap_error': 0.001830557310255279, 'shap_norm_sq': 8.66417842476889}
{'sample_size': 600, 'difference': 0, 'noise': 0, 'n': 60, 'shap_error': 0.000641190951999327, 'shap_norm_sq': 8.66417842476889}
{'sample_size': 1200, 'difference': 0, 'noise': 0, 'n': 60, 'shap_error': 0.00029503440788000593, 'shap_norm_sq': 8.66417842476889}
{'sample_size': 2400, 'difference': 0, 'noise': 0, 'n': 60, 'shap_error': 0.00015006741638744507, 'shap_norm_sq': 8.66417842476889}
{'sample_size': 4800, 'difference': 0, 'noise': 0, 'n': 60, 'shap_error': 6.208279097619614e-05, 'shap_norm_sq': 8.66417842476889}
{'sample_size': 9600, 'difference': 0, 'noise': 0, 'n': 60, 'shap_error': 3.260152537938959e-05, 'shap_norm_sq': 8.66417842476889}
{'sample_size': 300, 'difference': 0, 'noise': 0, 'n': 60, 'shap_error': 0.036582499424623764, 'shap_norm_sq': 9.908719546335492}
{'sample_size': 600, 'difference': 0, 'noise': 0, 'n': 60, 'shap_error': 0.010954647270449529, 'shap_norm_sq': 9.908719546335492}
{'sample_size': 1200, 'difference': 0, 'noise': 0, 'n': 60, 'shap_error': 0.004376711496076802, 'shap_norm_sq': 9.908719546335492}
{'sample_size': 2400, 'difference': 0, 'noise': 0, 'n': 60, 'shap_error': 0.002313942828311763, 'shap_norm_sq': 9.908719546335492}
{'sample_size': 4800, 'difference': 0, 'noise': 0, 'n': 60, 'shap_error': 0.000935713447869138, 'shap_norm_sq': 9.908719546335492}
{'sample_size': 9600, 'difference': 0, 'noise': 0, 'n': 60, 'shap_error': 0.0005358953763261779, 'shap_norm_sq': 9.908719546335492}
{'sample_size': 300, 'difference': 0, 'noise': 0, 'n': 60, 'shap_error': 0.04104195351757185, 'shap_norm_sq': 10.520285272515492}
{'sample_size': 600, 'difference': 0, 'noise': 0, 'n': 60, 'shap_error': 0.011786834148804538, 'shap_norm_sq': 10.520285272515492}
{'sample_size': 1200, 'difference': 0, 'noise': 0, 'n': 60, 'shap_error': 0.0052111808649890025, 'shap_norm_sq': 10.520285272515492}
{'sample_size': 2400, 'difference': 0, 'noise': 0, 'n': 60, 'shap_error': 0.0027855131383301168, 'shap_norm_sq': 10.520285272515492}
{'sample_size': 4800, 'difference': 0, 'noise': 0, 'n': 60, 'shap_error': 0.001334435287144275, 'shap_norm_sq': 10.520285272515492}
{'sample_size': 9600, 'difference': 0, 'noise': 0, 'n': 60, 'shap_error': 0.000753551967786214, 'shap_norm_sq': 10.520285272515492}
{'sample_size': 300, 'difference': 0, 'noise': 0, 'n': 60, 'shap_error': 0.002877303175781245, 'shap_norm_sq': 10.290427218066093}
{'sample_size': 600, 'difference': 0, 'noise': 0, 'n': 60, 'shap_error': 0.0005816988179373094, 'shap_norm_sq': 10.290427218066093}
{'sample_size': 1200, 'difference': 0, 'noise': 0, 'n': 60, 'shap_error': 0.0003791043283975938, 'shap_norm_sq': 10.290427218066093}
{'sample_size': 2400, 'difference': 0, 'noise': 0, 'n': 60, 'shap_error': 0.0001738500212018501, 'shap_norm_sq': 10.290427218066093}
{'sample_size': 4800, 'difference': 0, 'noise': 0, 'n': 60, 'shap_error': 5.291155393284292e-05, 'shap_norm_sq': 10.290427218066093}
{'sample_size': 9600, 'difference': 0, 'noise': 0, 'n': 60, 'shap_error': 2.8422041709291375e-05, 'shap_norm_sq': 10.290427218066093}
{'sample_size': 300, 'difference': 0, 'noise': 0, 'n': 60, 'shap_error': 4.672458493556471e-05, 'shap_norm_sq': 8.587273414365967}
{'sample_size': 600, 'difference': 0, 'noise': 0, 'n': 60, 'shap_error': 1.6438075045413298e-05, 'shap_norm_sq': 8.587273414365967}
{'sample_size': 1200, 'difference': 0, 'noise': 0, 'n': 60, 'shap_error': 4.5605289728760085e-06, 'shap_norm_sq': 8.587273414365967}
{'sample_size': 2400, 'difference': 0, 'noise': 0, 'n': 60, 'shap_error': 2.3580736472941734e-06, 'shap_norm_sq': 8.587273414365967}
{'sample_size': 4800, 'difference': 0, 'noise': 0, 'n': 60, 'shap_error': 1.7964286585890903e-06, 'shap_norm_sq': 8.587273414365967}
{'sample_size': 9600, 'difference': 0, 'noise': 0, 'n': 60, 'shap_error': 7.68996514825475e-07, 'shap_norm_sq': 8.587273414365967}
{'sample_size': 300, 'difference': 0, 'noise': 0, 'n': 60, 'shap_error': 0.011479788740221781, 'shap_norm_sq': 14.25179356694698}
{'sample_size': 600, 'difference': 0, 'noise': 0, 'n': 60, 'shap_error': 0.0024712210828786597, 'shap_norm_sq': 14.25179356694698}
{'sample_size': 1200, 'difference': 0, 'noise': 0, 'n': 60, 'shap_error': 0.0017500528355012693, 'shap_norm_sq': 14.25179356694698}
{'sample_size': 2400, 'difference': 0, 'noise': 0, 'n': 60, 'shap_error': 0.0007046523808532113, 'shap_norm_sq': 14.25179356694698}
{'sample_size': 4800, 'difference': 0, 'noise': 0, 'n': 60, 'shap_error': 0.0003176068474128593, 'shap_norm_sq': 14.25179356694698}
{'sample_size': 9600, 'difference': 0, 'noise': 0, 'n': 60, 'shap_error': 0.00021062030226531712, 'shap_norm_sq': 14.25179356694698}
{'sample_size': 300, 'difference': 0, 'noise': 0, 'n': 60, 'shap_error': 0.0008376475009062184, 'shap_norm_sq': 3.780191233002397}
{'sample_size': 600, 'difference': 0, 'noise': 0, 'n': 60, 'shap_error': 0.0004016386832790658, 'shap_norm_sq': 3.780191233002397}
{'sample_size': 1200, 'difference': 0, 'noise': 0, 'n': 60, 'shap_error': 0.0001484706129146612, 'shap_norm_sq': 3.780191233002397}
{'sample_size': 2400, 'difference': 0, 'noise': 0, 'n': 60, 'shap_error': 7.498403508845876e-05, 'shap_norm_sq': 3.780191233002397}
{'sample_size': 4800, 'difference': 0, 'noise': 0, 'n': 60, 'shap_error': 3.615472996179846e-05, 'shap_norm_sq': 3.780191233002397}
{'sample_size': 9600, 'difference': 0, 'noise': 0, 'n': 60, 'shap_error': 2.0735751700456547e-05, 'shap_norm_sq': 3.780191233002397}
{'sample_size': 300, 'difference': 0, 'noise': 0, 'n': 60, 'shap_error': 0.014082817489960896, 'shap_norm_sq': 6.63418018291673}
{'sample_size': 600, 'difference': 0, 'noise': 0, 'n': 60, 'shap_error': 0.006928503205945262, 'shap_norm_sq': 6.63418018291673}
{'sample_size': 1200, 'difference': 0, 'noise': 0, 'n': 60, 'shap_error': 0.002004185141247585, 'shap_norm_sq': 6.63418018291673}
{'sample_size': 2400, 'difference': 0, 'noise': 0, 'n': 60, 'shap_error': 0.0011328794119941238, 'shap_norm_sq': 6.63418018291673}
{'sample_size': 4800, 'difference': 0, 'noise': 0, 'n': 60, 'shap_error': 0.0006210571132888003, 'shap_norm_sq': 6.63418018291673}
{'sample_size': 9600, 'difference': 0, 'noise': 0, 'n': 60, 'shap_error': 0.00024891105650278237, 'shap_norm_sq': 6.63418018291673}
{'sample_size': 300, 'difference': 0, 'noise': 0, 'n': 60, 'shap_error': 0.0030072281032490875, 'shap_norm_sq': 5.996485420784637}
{'sample_size': 600, 'difference': 0, 'noise': 0, 'n': 60, 'shap_error': 0.0008747359287468336, 'shap_norm_sq': 5.996485420784637}
{'sample_size': 1200, 'difference': 0, 'noise': 0, 'n': 60, 'shap_error': 0.000579440948920562, 'shap_norm_sq': 5.996485420784637}
{'sample_size': 2400, 'difference': 0, 'noise': 0, 'n': 60, 'shap_error': 0.00022227224052389833, 'shap_norm_sq': 5.996485420784637}
{'sample_size': 4800, 'difference': 0, 'noise': 0, 'n': 60, 'shap_error': 0.00011807270196306466, 'shap_norm_sq': 5.996485420784637}
{'sample_size': 9600, 'difference': 0, 'noise': 0, 'n': 60, 'shap_error': 6.381605685909763e-05, 'shap_norm_sq': 5.996485420784637}
{'sample_size': 300, 'difference': 0, 'noise': 0, 'n': 60, 'shap_error': 0.016420538594340884, 'shap_norm_sq': 12.960141592671572}
{'sample_size': 600, 'difference': 0, 'noise': 0, 'n': 60, 'shap_error': 0.008385273955506508, 'shap_norm_sq': 12.960141592671572}
{'sample_size': 1200, 'difference': 0, 'noise': 0, 'n': 60, 'shap_error': 0.0033336238025010443, 'shap_norm_sq': 12.960141592671572}
{'sample_size': 2400, 'difference': 0, 'noise': 0, 'n': 60, 'shap_error': 0.0018544425277204064, 'shap_norm_sq': 12.960141592671572}
{'sample_size': 4800, 'difference': 0, 'noise': 0, 'n': 60, 'shap_error': 0.0010917304720036661, 'shap_norm_sq': 12.960141592671572}
{'sample_size': 9600, 'difference': 0, 'noise': 0, 'n': 60, 'shap_error': 0.00028725487679284636, 'shap_norm_sq': 12.960141592671572}
{'sample_size': 300, 'difference': 0, 'noise': 0, 'n': 60, 'shap_error': 0.029249657832381395, 'shap_norm_sq': 11.102301347651185}
{'sample_size': 600, 'difference': 0, 'noise': 0, 'n': 60, 'shap_error': 0.007308628011685003, 'shap_norm_sq': 11.102301347651185}
{'sample_size': 1200, 'difference': 0, 'noise': 0, 'n': 60, 'shap_error': 0.005735255543141102, 'shap_norm_sq': 11.102301347651185}
{'sample_size': 2400, 'difference': 0, 'noise': 0, 'n': 60, 'shap_error': 0.0022557127834230972, 'shap_norm_sq': 11.102301347651185}
{'sample_size': 4800, 'difference': 0, 'noise': 0, 'n': 60, 'shap_error': 0.0007092763430808197, 'shap_norm_sq': 11.102301347651185}
{'sample_size': 9600, 'difference': 0, 'noise': 0, 'n': 60, 'shap_error': 0.00045084693980077233, 'shap_norm_sq': 11.102301347651185}
{'sample_size': 300, 'difference': 0, 'noise': 0, 'n': 60, 'shap_error': 0.0053055171568647365, 'shap_norm_sq': 14.924473106023266}
{'sample_size': 600, 'difference': 0, 'noise': 0, 'n': 60, 'shap_error': 0.002047494613310822, 'shap_norm_sq': 14.924473106023266}
{'sample_size': 1200, 'difference': 0, 'noise': 0, 'n': 60, 'shap_error': 0.001192194965576412, 'shap_norm_sq': 14.924473106023266}
{'sample_size': 2400, 'difference': 0, 'noise': 0, 'n': 60, 'shap_error': 0.0004207108006079988, 'shap_norm_sq': 14.924473106023266}
{'sample_size': 4800, 'difference': 0, 'noise': 0, 'n': 60, 'shap_error': 0.0002532710072292885, 'shap_norm_sq': 14.924473106023266}
{'sample_size': 9600, 'difference': 0, 'noise': 0, 'n': 60, 'shap_error': 8.976062165048994e-05, 'shap_norm_sq': 14.924473106023266}
{'sample_size': 300, 'difference': 0, 'noise': 0, 'n': 60, 'shap_error': 0.012506408669285091, 'shap_norm_sq': 5.077170380077991}
{'sample_size': 600, 'difference': 0, 'noise': 0, 'n': 60, 'shap_error': 0.003691151745008631, 'shap_norm_sq': 5.077170380077991}
{'sample_size': 1200, 'difference': 0, 'noise': 0, 'n': 60, 'shap_error': 0.0015857800089331292, 'shap_norm_sq': 5.077170380077991}
{'sample_size': 2400, 'difference': 0, 'noise': 0, 'n': 60, 'shap_error': 0.0009558228296997516, 'shap_norm_sq': 5.077170380077991}
{'sample_size': 4800, 'difference': 0, 'noise': 0, 'n': 60, 'shap_error': 0.0004098448346155196, 'shap_norm_sq': 5.077170380077991}
{'sample_size': 9600, 'difference': 0, 'noise': 0, 'n': 60, 'shap_error': 0.00021993859352763623, 'shap_norm_sq': 5.077170380077991}
{'sample_size': 300, 'difference': 0, 'noise': 0, 'n': 60, 'shap_error': 0.015579905939072068, 'shap_norm_sq': 5.0007642361113245}
{'sample_size': 600, 'difference': 0, 'noise': 0, 'n': 60, 'shap_error': 0.005428208555738064, 'shap_norm_sq': 5.0007642361113245}
{'sample_size': 1200, 'difference': 0, 'noise': 0, 'n': 60, 'shap_error': 0.002245549290673036, 'shap_norm_sq': 5.0007642361113245}
{'sample_size': 2400, 'difference': 0, 'noise': 0, 'n': 60, 'shap_error': 0.0011735058554787137, 'shap_norm_sq': 5.0007642361113245}
{'sample_size': 4800, 'difference': 0, 'noise': 0, 'n': 60, 'shap_error': 0.000465755991284894, 'shap_norm_sq': 5.0007642361113245}
{'sample_size': 9600, 'difference': 0, 'noise': 0, 'n': 60, 'shap_error': 0.0002644241443324428, 'shap_norm_sq': 5.0007642361113245}
{'sample_size': 300, 'difference': 0, 'noise': 0, 'n': 60, 'shap_error': 0.02031584323105416, 'shap_norm_sq': 10.678528205705788}
{'sample_size': 600, 'difference': 0, 'noise': 0, 'n': 60, 'shap_error': 0.0064326908611784415, 'shap_norm_sq': 10.678528205705788}
{'sample_size': 1200, 'difference': 0, 'noise': 0, 'n': 60, 'shap_error': 0.002867553953916213, 'shap_norm_sq': 10.678528205705788}
{'sample_size': 2400, 'difference': 0, 'noise': 0, 'n': 60, 'shap_error': 0.0013715565162345886, 'shap_norm_sq': 10.678528205705788}
{'sample_size': 4800, 'difference': 0, 'noise': 0, 'n': 60, 'shap_error': 0.0005697766682239273, 'shap_norm_sq': 10.678528205705788}
{'sample_size': 9600, 'difference': 0, 'noise': 0, 'n': 60, 'shap_error': 0.00039408030650073554, 'shap_norm_sq': 10.678528205705788}
{'sample_size': 300, 'difference': 0, 'noise': 0, 'n': 60, 'shap_error': 0.014273283040045015, 'shap_norm_sq': 8.67498876187323}
{'sample_size': 600, 'difference': 0, 'noise': 0, 'n': 60, 'shap_error': 0.006453282278153652, 'shap_norm_sq': 8.67498876187323}
{'sample_size': 1200, 'difference': 0, 'noise': 0, 'n': 60, 'shap_error': 0.0025701913587152805, 'shap_norm_sq': 8.67498876187323}
{'sample_size': 2400, 'difference': 0, 'noise': 0, 'n': 60, 'shap_error': 0.001058552637160307, 'shap_norm_sq': 8.67498876187323}
{'sample_size': 4800, 'difference': 0, 'noise': 0, 'n': 60, 'shap_error': 0.00046017024849673164, 'shap_norm_sq': 8.67498876187323}
{'sample_size': 9600, 'difference': 0, 'noise': 0, 'n': 60, 'shap_error': 0.00024297370846616082, 'shap_norm_sq': 8.67498876187323}
{'sample_size': 300, 'difference': 0, 'noise': 0, 'n': 60, 'shap_error': 0.011396727433903223, 'shap_norm_sq': 5.6598700827240735}
{'sample_size': 600, 'difference': 0, 'noise': 0, 'n': 60, 'shap_error': 0.0036991244601610844, 'shap_norm_sq': 5.6598700827240735}
{'sample_size': 1200, 'difference': 0, 'noise': 0, 'n': 60, 'shap_error': 0.0019036729827402814, 'shap_norm_sq': 5.6598700827240735}
{'sample_size': 2400, 'difference': 0, 'noise': 0, 'n': 60, 'shap_error': 0.000708035163903808, 'shap_norm_sq': 5.6598700827240735}
{'sample_size': 4800, 'difference': 0, 'noise': 0, 'n': 60, 'shap_error': 0.0004097754173142683, 'shap_norm_sq': 5.6598700827240735}
{'sample_size': 9600, 'difference': 0, 'noise': 0, 'n': 60, 'shap_error': 0.0001638892852271518, 'shap_norm_sq': 5.6598700827240735}
{'sample_size': 300, 'difference': 0, 'noise': 0, 'n': 60, 'shap_error': 5.288625624376546e-13, 'shap_norm_sq': 1.333489669033454}
{'sample_size': 600, 'difference': 0, 'noise': 0, 'n': 60, 'shap_error': 3.3181589603072385e-13, 'shap_norm_sq': 1.333489669033454}
{'sample_size': 1200, 'difference': 0, 'noise': 0, 'n': 60, 'shap_error': 2.798530041988225e-13, 'shap_norm_sq': 1.333489669033454}
{'sample_size': 2400, 'difference': 0, 'noise': 0, 'n': 60, 'shap_error': 3.10378354997123e-13, 'shap_norm_sq': 1.333489669033454}
{'sample_size': 4800, 'difference': 0, 'noise': 0, 'n': 60, 'shap_error': 2.862159206112413e-13, 'shap_norm_sq': 1.333489669033454}
{'sample_size': 9600, 'difference': 0, 'noise': 0, 'n': 60, 'shap_error': 2.939412643221541e-13, 'shap_norm_sq': 1.333489669033454}
{'sample_size': 300, 'difference': 0, 'noise': 0, 'n': 60, 'shap_error': 0.0023217966422184677, 'shap_norm_sq': 4.16273397764465}
{'sample_size': 600, 'difference': 0, 'noise': 0, 'n': 60, 'shap_error': 0.001046869351490682, 'shap_norm_sq': 4.16273397764465}
{'sample_size': 1200, 'difference': 0, 'noise': 0, 'n': 60, 'shap_error': 0.0003377760550044999, 'shap_norm_sq': 4.16273397764465}
{'sample_size': 2400, 'difference': 0, 'noise': 0, 'n': 60, 'shap_error': 0.00024182738708254645, 'shap_norm_sq': 4.16273397764465}
{'sample_size': 4800, 'difference': 0, 'noise': 0, 'n': 60, 'shap_error': 0.00015865387275794304, 'shap_norm_sq': 4.16273397764465}
{'sample_size': 9600, 'difference': 0, 'noise': 0, 'n': 60, 'shap_error': 5.5227659084688835e-05, 'shap_norm_sq': 4.16273397764465}
{'sample_size': 300, 'difference': 0, 'noise': 0, 'n': 60, 'shap_error': 0.0035224756482161645, 'shap_norm_sq': 7.334810340873271}
{'sample_size': 600, 'difference': 0, 'noise': 0, 'n': 60, 'shap_error': 0.001934024590423113, 'shap_norm_sq': 7.334810340873271}
{'sample_size': 1200, 'difference': 0, 'noise': 0, 'n': 60, 'shap_error': 0.0011628253937491565, 'shap_norm_sq': 7.334810340873271}
{'sample_size': 2400, 'difference': 0, 'noise': 0, 'n': 60, 'shap_error': 0.00037673224652145853, 'shap_norm_sq': 7.334810340873271}
{'sample_size': 4800, 'difference': 0, 'noise': 0, 'n': 60, 'shap_error': 0.000213190102298235, 'shap_norm_sq': 7.334810340873271}
{'sample_size': 9600, 'difference': 0, 'noise': 0, 'n': 60, 'shap_error': 8.39976969491554e-05, 'shap_norm_sq': 7.334810340873271}
{'sample_size': 300, 'difference': 0, 'noise': 0, 'n': 60, 'shap_error': 0.00031284376688486517, 'shap_norm_sq': 8.620960238970866}
{'sample_size': 600, 'difference': 0, 'noise': 0, 'n': 60, 'shap_error': 0.00014119511796240996, 'shap_norm_sq': 8.620960238970866}
{'sample_size': 1200, 'difference': 0, 'noise': 0, 'n': 60, 'shap_error': 5.711208919153678e-05, 'shap_norm_sq': 8.620960238970866}
{'sample_size': 2400, 'difference': 0, 'noise': 0, 'n': 60, 'shap_error': 2.4300356651195506e-05, 'shap_norm_sq': 8.620960238970866}
{'sample_size': 4800, 'difference': 0, 'noise': 0, 'n': 60, 'shap_error': 1.1535619556508168e-05, 'shap_norm_sq': 8.620960238970866}
{'sample_size': 9600, 'difference': 0, 'noise': 0, 'n': 60, 'shap_error': 4.788336087501228e-06, 'shap_norm_sq': 8.620960238970866}
{'sample_size': 300, 'difference': 0, 'noise': 0, 'n': 60, 'shap_error': 0.01488145075368223, 'shap_norm_sq': 9.105571154254596}
{'sample_size': 600, 'difference': 0, 'noise': 0, 'n': 60, 'shap_error': 0.007121312881036556, 'shap_norm_sq': 9.105571154254596}
{'sample_size': 1200, 'difference': 0, 'noise': 0, 'n': 60, 'shap_error': 0.0033566423647923256, 'shap_norm_sq': 9.105571154254596}
{'sample_size': 2400, 'difference': 0, 'noise': 0, 'n': 60, 'shap_error': 0.0019462220795635195, 'shap_norm_sq': 9.105571154254596}
{'sample_size': 4800, 'difference': 0, 'noise': 0, 'n': 60, 'shap_error': 0.0007272115186080275, 'shap_norm_sq': 9.105571154254596}
{'sample_size': 9600, 'difference': 0, 'noise': 0, 'n': 60, 'shap_error': 0.00037140999158284037, 'shap_norm_sq': 9.105571154254596}
{'sample_size': 300, 'difference': 0, 'noise': 0, 'n': 60, 'shap_error': 0.020425677374339923, 'shap_norm_sq': 10.55445708274804}
{'sample_size': 600, 'difference': 0, 'noise': 0, 'n': 60, 'shap_error': 0.006417494093910999, 'shap_norm_sq': 10.55445708274804}
{'sample_size': 1200, 'difference': 0, 'noise': 0, 'n': 60, 'shap_error': 0.002549552709359254, 'shap_norm_sq': 10.55445708274804}
{'sample_size': 2400, 'difference': 0, 'noise': 0, 'n': 60, 'shap_error': 0.0012354989100908662, 'shap_norm_sq': 10.55445708274804}
{'sample_size': 4800, 'difference': 0, 'noise': 0, 'n': 60, 'shap_error': 0.000502664636918278, 'shap_norm_sq': 10.55445708274804}
{'sample_size': 9600, 'difference': 0, 'noise': 0, 'n': 60, 'shap_error': 0.00034884872382808646, 'shap_norm_sq': 10.55445708274804}
{'sample_size': 300, 'difference': 0, 'noise': 0, 'n': 60, 'shap_error': 0.02529062040829799, 'shap_norm_sq': 6.6591773522488955}
{'sample_size': 600, 'difference': 0, 'noise': 0, 'n': 60, 'shap_error': 0.007249678774847584, 'shap_norm_sq': 6.6591773522488955}
{'sample_size': 1200, 'difference': 0, 'noise': 0, 'n': 60, 'shap_error': 0.0033589801068029702, 'shap_norm_sq': 6.6591773522488955}
{'sample_size': 2400, 'difference': 0, 'noise': 0, 'n': 60, 'shap_error': 0.002932558825689563, 'shap_norm_sq': 6.6591773522488955}
{'sample_size': 4800, 'difference': 0, 'noise': 0, 'n': 60, 'shap_error': 0.0008362241815172979, 'shap_norm_sq': 6.6591773522488955}
{'sample_size': 9600, 'difference': 0, 'noise': 0, 'n': 60, 'shap_error': 0.0003594800818066257, 'shap_norm_sq': 6.6591773522488955}
{'sample_size': 300, 'difference': 0, 'noise': 0, 'n': 60, 'shap_error': 0.026191050215036003, 'shap_norm_sq': 4.429483523076068}
{'sample_size': 600, 'difference': 0, 'noise': 0, 'n': 60, 'shap_error': 0.0044903585091318155, 'shap_norm_sq': 4.429483523076068}
{'sample_size': 1200, 'difference': 0, 'noise': 0, 'n': 60, 'shap_error': 0.0028758919252717674, 'shap_norm_sq': 4.429483523076068}
{'sample_size': 2400, 'difference': 0, 'noise': 0, 'n': 60, 'shap_error': 0.001640396945049834, 'shap_norm_sq': 4.429483523076068}
{'sample_size': 4800, 'difference': 0, 'noise': 0, 'n': 60, 'shap_error': 0.0005525397540958728, 'shap_norm_sq': 4.429483523076068}
{'sample_size': 9600, 'difference': 0, 'noise': 0, 'n': 60, 'shap_error': 0.0003836521576768958, 'shap_norm_sq': 4.429483523076068}
{'sample_size': 300, 'difference': 0, 'noise': 0, 'n': 60, 'shap_error': 0.001194825015927684, 'shap_norm_sq': 4.331613241483584}
{'sample_size': 600, 'difference': 0, 'noise': 0, 'n': 60, 'shap_error': 0.0004103491109550671, 'shap_norm_sq': 4.331613241483584}
{'sample_size': 1200, 'difference': 0, 'noise': 0, 'n': 60, 'shap_error': 0.0002005832185583816, 'shap_norm_sq': 4.331613241483584}
{'sample_size': 2400, 'difference': 0, 'noise': 0, 'n': 60, 'shap_error': 7.783298338521535e-05, 'shap_norm_sq': 4.331613241483584}
{'sample_size': 4800, 'difference': 0, 'noise': 0, 'n': 60, 'shap_error': 4.408441624884746e-05, 'shap_norm_sq': 4.331613241483584}
{'sample_size': 9600, 'difference': 0, 'noise': 0, 'n': 60, 'shap_error': 1.653219306875366e-05, 'shap_norm_sq': 4.331613241483584}
{'sample_size': 300, 'difference': 0, 'noise': 0, 'n': 60, 'shap_error': 0.001874126600730262, 'shap_norm_sq': 10.146301856832133}
{'sample_size': 600, 'difference': 0, 'noise': 0, 'n': 60, 'shap_error': 0.0006280637623725943, 'shap_norm_sq': 10.146301856832133}
{'sample_size': 1200, 'difference': 0, 'noise': 0, 'n': 60, 'shap_error': 0.0005536407919244853, 'shap_norm_sq': 10.146301856832133}
{'sample_size': 2400, 'difference': 0, 'noise': 0, 'n': 60, 'shap_error': 0.000234820268331452, 'shap_norm_sq': 10.146301856832133}
{'sample_size': 4800, 'difference': 0, 'noise': 0, 'n': 60, 'shap_error': 0.00011466659410930329, 'shap_norm_sq': 10.146301856832133}
{'sample_size': 9600, 'difference': 0, 'noise': 0, 'n': 60, 'shap_error': 5.447148051193286e-05, 'shap_norm_sq': 10.146301856832133}
{'sample_size': 300, 'difference': 0, 'noise': 0, 'n': 60, 'shap_error': 0.010472433833581958, 'shap_norm_sq': 6.34836340234435}
{'sample_size': 600, 'difference': 0, 'noise': 0, 'n': 60, 'shap_error': 0.0026679760801293743, 'shap_norm_sq': 6.34836340234435}
{'sample_size': 1200, 'difference': 0, 'noise': 0, 'n': 60, 'shap_error': 0.0014230218189572941, 'shap_norm_sq': 6.34836340234435}
{'sample_size': 2400, 'difference': 0, 'noise': 0, 'n': 60, 'shap_error': 0.0007285782280590507, 'shap_norm_sq': 6.34836340234435}
{'sample_size': 4800, 'difference': 0, 'noise': 0, 'n': 60, 'shap_error': 0.0004146434504083747, 'shap_norm_sq': 6.34836340234435}
{'sample_size': 9600, 'difference': 0, 'noise': 0, 'n': 60, 'shap_error': 0.0001676732025556558, 'shap_norm_sq': 6.34836340234435}
{'sample_size': 300, 'difference': 0, 'noise': 0, 'n': 60, 'shap_error': 0.002754469660947131, 'shap_norm_sq': 5.996485420784637}
{'sample_size': 600, 'difference': 0, 'noise': 0, 'n': 60, 'shap_error': 0.0014459968307656975, 'shap_norm_sq': 5.996485420784637}
{'sample_size': 1200, 'difference': 0, 'noise': 0, 'n': 60, 'shap_error': 0.0004505069717953134, 'shap_norm_sq': 5.996485420784637}
{'sample_size': 2400, 'difference': 0, 'noise': 0, 'n': 60, 'shap_error': 0.00024417400959747613, 'shap_norm_sq': 5.996485420784637}
{'sample_size': 4800, 'difference': 0, 'noise': 0, 'n': 60, 'shap_error': 0.00012917802101391446, 'shap_norm_sq': 5.996485420784637}
{'sample_size': 9600, 'difference': 0, 'noise': 0, 'n': 60, 'shap_error': 4.320595326052158e-05, 'shap_norm_sq': 5.996485420784637}
{'sample_size': 300, 'difference': 0, 'noise': 0, 'n': 60, 'shap_error': 0.017359331848411638, 'shap_norm_sq': 9.729907547858266}
{'sample_size': 600, 'difference': 0, 'noise': 0, 'n': 60, 'shap_error': 0.006056576536974712, 'shap_norm_sq': 9.729907547858266}
{'sample_size': 1200, 'difference': 0, 'noise': 0, 'n': 60, 'shap_error': 0.0020278685903707167, 'shap_norm_sq': 9.729907547858266}
{'sample_size': 2400, 'difference': 0, 'noise': 0, 'n': 60, 'shap_error': 0.0010956873534600795, 'shap_norm_sq': 9.729907547858266}
{'sample_size': 4800, 'difference': 0, 'noise': 0, 'n': 60, 'shap_error': 0.0005151277319150638, 'shap_norm_sq': 9.729907547858266}
{'sample_size': 9600, 'difference': 0, 'noise': 0, 'n': 60, 'shap_error': 0.0002970602934081198, 'shap_norm_sq': 9.729907547858266}
{'sample_size': 300, 'difference': 0, 'noise': 0, 'n': 60, 'shap_error': 0.0006239402254850032, 'shap_norm_sq': 0.5447939987681657}
{'sample_size': 600, 'difference': 0, 'noise': 0, 'n': 60, 'shap_error': 0.00035865433187928265, 'shap_norm_sq': 0.5447939987681657}
{'sample_size': 1200, 'difference': 0, 'noise': 0, 'n': 60, 'shap_error': 0.00016275498276769373, 'shap_norm_sq': 0.5447939987681657}
{'sample_size': 2400, 'difference': 0, 'noise': 0, 'n': 60, 'shap_error': 6.826275438862231e-05, 'shap_norm_sq': 0.5447939987681657}
{'sample_size': 4800, 'difference': 0, 'noise': 0, 'n': 60, 'shap_error': 3.211657787887175e-05, 'shap_norm_sq': 0.5447939987681657}
{'sample_size': 9600, 'difference': 0, 'noise': 0, 'n': 60, 'shap_error': 1.6577265371664534e-05, 'shap_norm_sq': 0.5447939987681657}
{'sample_size': 300, 'difference': 0, 'noise': 0, 'n': 60, 'shap_error': 0.007341789939922708, 'shap_norm_sq': 4.534155812336649}
{'sample_size': 600, 'difference': 0, 'noise': 0, 'n': 60, 'shap_error': 0.0032908161104442278, 'shap_norm_sq': 4.534155812336649}
{'sample_size': 1200, 'difference': 0, 'noise': 0, 'n': 60, 'shap_error': 0.0019063725291455962, 'shap_norm_sq': 4.534155812336649}
{'sample_size': 2400, 'difference': 0, 'noise': 0, 'n': 60, 'shap_error': 0.0007301814851073804, 'shap_norm_sq': 4.534155812336649}
{'sample_size': 4800, 'difference': 0, 'noise': 0, 'n': 60, 'shap_error': 0.00030814617391368237, 'shap_norm_sq': 4.534155812336649}
{'sample_size': 9600, 'difference': 0, 'noise': 0, 'n': 60, 'shap_error': 0.00012862061895978322, 'shap_norm_sq': 4.534155812336649}
{'sample_size': 300, 'difference': 0, 'noise': 0, 'n': 60, 'shap_error': 0.001277475265022085, 'shap_norm_sq': 11.673717107200774}
{'sample_size': 600, 'difference': 0, 'noise': 0, 'n': 60, 'shap_error': 0.00046881346942024264, 'shap_norm_sq': 11.673717107200774}
{'sample_size': 1200, 'difference': 0, 'noise': 0, 'n': 60, 'shap_error': 0.000218991912453268, 'shap_norm_sq': 11.673717107200774}
{'sample_size': 2400, 'difference': 0, 'noise': 0, 'n': 60, 'shap_error': 0.00010941653003475186, 'shap_norm_sq': 11.673717107200774}
{'sample_size': 4800, 'difference': 0, 'noise': 0, 'n': 60, 'shap_error': 5.001886830938363e-05, 'shap_norm_sq': 11.673717107200774}
{'sample_size': 9600, 'difference': 0, 'noise': 0, 'n': 60, 'shap_error': 2.0818635434963348e-05, 'shap_norm_sq': 11.673717107200774}
{'sample_size': 300, 'difference': 0, 'noise': 0, 'n': 60, 'shap_error': 0.018568480203842684, 'shap_norm_sq': 10.040298434779459}
{'sample_size': 600, 'difference': 0, 'noise': 0, 'n': 60, 'shap_error': 0.007665195673527654, 'shap_norm_sq': 10.040298434779459}
{'sample_size': 1200, 'difference': 0, 'noise': 0, 'n': 60, 'shap_error': 0.002256443460493545, 'shap_norm_sq': 10.040298434779459}
{'sample_size': 2400, 'difference': 0, 'noise': 0, 'n': 60, 'shap_error': 0.00227709613886503, 'shap_norm_sq': 10.040298434779459}
{'sample_size': 4800, 'difference': 0, 'noise': 0, 'n': 60, 'shap_error': 0.0007183727237526028, 'shap_norm_sq': 10.040298434779459}
{'sample_size': 9600, 'difference': 0, 'noise': 0, 'n': 60, 'shap_error': 0.00039634312513791507, 'shap_norm_sq': 10.040298434779459}
{'sample_size': 300, 'difference': 0, 'noise': 0, 'n': 60, 'shap_error': 0.0038114407826331663, 'shap_norm_sq': 9.1091576947647}
{'sample_size': 600, 'difference': 0, 'noise': 0, 'n': 60, 'shap_error': 0.0016426006231793431, 'shap_norm_sq': 9.1091576947647}
{'sample_size': 1200, 'difference': 0, 'noise': 0, 'n': 60, 'shap_error': 0.0007712025080673389, 'shap_norm_sq': 9.1091576947647}
{'sample_size': 2400, 'difference': 0, 'noise': 0, 'n': 60, 'shap_error': 0.00038852248919527433, 'shap_norm_sq': 9.1091576947647}
{'sample_size': 4800, 'difference': 0, 'noise': 0, 'n': 60, 'shap_error': 0.00022472971007422211, 'shap_norm_sq': 9.1091576947647}
{'sample_size': 9600, 'difference': 0, 'noise': 0, 'n': 60, 'shap_error': 7.444509801343924e-05, 'shap_norm_sq': 9.1091576947647}
{'sample_size': 300, 'difference': 0, 'noise': 0, 'n': 60, 'shap_error': 0.03876641062217251, 'shap_norm_sq': 9.562691041108744}
{'sample_size': 600, 'difference': 0, 'noise': 0, 'n': 60, 'shap_error': 0.009329009668961113, 'shap_norm_sq': 9.562691041108744}
{'sample_size': 1200, 'difference': 0, 'noise': 0, 'n': 60, 'shap_error': 0.0039014341781438114, 'shap_norm_sq': 9.562691041108744}
{'sample_size': 2400, 'difference': 0, 'noise': 0, 'n': 60, 'shap_error': 0.00190844143414919, 'shap_norm_sq': 9.562691041108744}
{'sample_size': 4800, 'difference': 0, 'noise': 0, 'n': 60, 'shap_error': 0.0007454548909333511, 'shap_norm_sq': 9.562691041108744}
{'sample_size': 9600, 'difference': 0, 'noise': 0, 'n': 60, 'shap_error': 0.0005203944325012227, 'shap_norm_sq': 9.562691041108744}
{'sample_size': 300, 'difference': 0, 'noise': 0, 'n': 60, 'shap_error': 0.002092253163911172, 'shap_norm_sq': 3.5964771478789648}
{'sample_size': 600, 'difference': 0, 'noise': 0, 'n': 60, 'shap_error': 0.000951261200337828, 'shap_norm_sq': 3.5964771478789648}
{'sample_size': 1200, 'difference': 0, 'noise': 0, 'n': 60, 'shap_error': 0.0004699714287454921, 'shap_norm_sq': 3.5964771478789648}
{'sample_size': 2400, 'difference': 0, 'noise': 0, 'n': 60, 'shap_error': 0.00016105310524143997, 'shap_norm_sq': 3.5964771478789648}
{'sample_size': 4800, 'difference': 0, 'noise': 0, 'n': 60, 'shap_error': 0.0001196212215794674, 'shap_norm_sq': 3.5964771478789648}
{'sample_size': 9600, 'difference': 0, 'noise': 0, 'n': 60, 'shap_error': 4.781597702956382e-05, 'shap_norm_sq': 3.5964771478789648}
{'sample_size': 300, 'difference': 0, 'noise': 0, 'n': 60, 'shap_error': 0.02085600438931008, 'shap_norm_sq': 6.499690828506443}
{'sample_size': 600, 'difference': 0, 'noise': 0, 'n': 60, 'shap_error': 0.005310874390959578, 'shap_norm_sq': 6.499690828506443}
{'sample_size': 1200, 'difference': 0, 'noise': 0, 'n': 60, 'shap_error': 0.0032686331920311353, 'shap_norm_sq': 6.499690828506443}
{'sample_size': 2400, 'difference': 0, 'noise': 0, 'n': 60, 'shap_error': 0.0016676823893651454, 'shap_norm_sq': 6.499690828506443}
{'sample_size': 4800, 'difference': 0, 'noise': 0, 'n': 60, 'shap_error': 0.0008544323662364138, 'shap_norm_sq': 6.499690828506443}
{'sample_size': 9600, 'difference': 0, 'noise': 0, 'n': 60, 'shap_error': 0.0005277309746080118, 'shap_norm_sq': 6.499690828506443}
{'sample_size': 300, 'difference': 0, 'noise': 0, 'n': 60, 'shap_error': 0.008259928097634761, 'shap_norm_sq': 8.733850104931253}
{'sample_size': 600, 'difference': 0, 'noise': 0, 'n': 60, 'shap_error': 0.0017494933622420902, 'shap_norm_sq': 8.733850104931253}
{'sample_size': 1200, 'difference': 0, 'noise': 0, 'n': 60, 'shap_error': 0.0012008107041043819, 'shap_norm_sq': 8.733850104931253}
{'sample_size': 2400, 'difference': 0, 'noise': 0, 'n': 60, 'shap_error': 0.0005418017309682031, 'shap_norm_sq': 8.733850104931253}
{'sample_size': 4800, 'difference': 0, 'noise': 0, 'n': 60, 'shap_error': 0.0002431137657315027, 'shap_norm_sq': 8.733850104931253}
{'sample_size': 9600, 'difference': 0, 'noise': 0, 'n': 60, 'shap_error': 0.0001218859661715472, 'shap_norm_sq': 8.733850104931253}
{'sample_size': 300, 'difference': 0, 'noise': 0, 'n': 60, 'shap_error': 0.0038846367718669093, 'shap_norm_sq': 5.465606294069452}
{'sample_size': 600, 'difference': 0, 'noise': 0, 'n': 60, 'shap_error': 0.0018970173353906482, 'shap_norm_sq': 5.465606294069452}
{'sample_size': 1200, 'difference': 0, 'noise': 0, 'n': 60, 'shap_error': 0.0007915902494199077, 'shap_norm_sq': 5.465606294069452}
{'sample_size': 2400, 'difference': 0, 'noise': 0, 'n': 60, 'shap_error': 0.00042425533421321955, 'shap_norm_sq': 5.465606294069452}
{'sample_size': 4800, 'difference': 0, 'noise': 0, 'n': 60, 'shap_error': 0.00020039165942247286, 'shap_norm_sq': 5.465606294069452}
{'sample_size': 9600, 'difference': 0, 'noise': 0, 'n': 60, 'shap_error': 0.00010058212922398466, 'shap_norm_sq': 5.465606294069452}
{'sample_size': 300, 'difference': 0, 'noise': 0, 'n': 60, 'shap_error': 0.015770608996513218, 'shap_norm_sq': 7.6331938633218375}
{'sample_size': 600, 'difference': 0, 'noise': 0, 'n': 60, 'shap_error': 0.006264126856685301, 'shap_norm_sq': 7.6331938633218375}
{'sample_size': 1200, 'difference': 0, 'noise': 0, 'n': 60, 'shap_error': 0.0031887304133148458, 'shap_norm_sq': 7.6331938633218375}
{'sample_size': 2400, 'difference': 0, 'noise': 0, 'n': 60, 'shap_error': 0.0016354574166737039, 'shap_norm_sq': 7.6331938633218375}
{'sample_size': 4800, 'difference': 0, 'noise': 0, 'n': 60, 'shap_error': 0.0005883683902803507, 'shap_norm_sq': 7.6331938633218375}
{'sample_size': 9600, 'difference': 0, 'noise': 0, 'n': 60, 'shap_error': 0.00043359761137502046, 'shap_norm_sq': 7.6331938633218375}
{'sample_size': 300, 'difference': 0, 'noise': 0, 'n': 60, 'shap_error': 0.014560615800546711, 'shap_norm_sq': 13.492623991371826}
{'sample_size': 600, 'difference': 0, 'noise': 0, 'n': 60, 'shap_error': 0.004709705150333085, 'shap_norm_sq': 13.492623991371826}
{'sample_size': 1200, 'difference': 0, 'noise': 0, 'n': 60, 'shap_error': 0.0026880328805673286, 'shap_norm_sq': 13.492623991371826}
{'sample_size': 2400, 'difference': 0, 'noise': 0, 'n': 60, 'shap_error': 0.0009091584402677894, 'shap_norm_sq': 13.492623991371826}
{'sample_size': 4800, 'difference': 0, 'noise': 0, 'n': 60, 'shap_error': 0.00046483027132916596, 'shap_norm_sq': 13.492623991371826}
{'sample_size': 9600, 'difference': 0, 'noise': 0, 'n': 60, 'shap_error': 0.0002624783453636738, 'shap_norm_sq': 13.492623991371826}
{'sample_size': 300, 'difference': 0, 'noise': 0, 'n': 60, 'shap_error': 0.00029129115824589566, 'shap_norm_sq': 2.258718136399218}
{'sample_size': 600, 'difference': 0, 'noise': 0, 'n': 60, 'shap_error': 0.00015957001747127377, 'shap_norm_sq': 2.258718136399218}
{'sample_size': 1200, 'difference': 0, 'noise': 0, 'n': 60, 'shap_error': 9.786821202076578e-05, 'shap_norm_sq': 2.258718136399218}
{'sample_size': 2400, 'difference': 0, 'noise': 0, 'n': 60, 'shap_error': 4.5898426222462875e-05, 'shap_norm_sq': 2.258718136399218}
{'sample_size': 4800, 'difference': 0, 'noise': 0, 'n': 60, 'shap_error': 2.121891017653251e-05, 'shap_norm_sq': 2.258718136399218}
{'sample_size': 9600, 'difference': 0, 'noise': 0, 'n': 60, 'shap_error': 1.3587128580862846e-05, 'shap_norm_sq': 2.258718136399218}
{'sample_size': 300, 'difference': 0, 'noise': 0, 'n': 60, 'shap_error': 0.011348381637227338, 'shap_norm_sq': 4.601701370278239}
{'sample_size': 600, 'difference': 0, 'noise': 0, 'n': 60, 'shap_error': 0.00919080215528272, 'shap_norm_sq': 4.601701370278239}
{'sample_size': 1200, 'difference': 0, 'noise': 0, 'n': 60, 'shap_error': 0.0036016521226579197, 'shap_norm_sq': 4.601701370278239}
{'sample_size': 2400, 'difference': 0, 'noise': 0, 'n': 60, 'shap_error': 0.0018734443055411871, 'shap_norm_sq': 4.601701370278239}
{'sample_size': 4800, 'difference': 0, 'noise': 0, 'n': 60, 'shap_error': 0.0006558120415018292, 'shap_norm_sq': 4.601701370278239}
{'sample_size': 9600, 'difference': 0, 'noise': 0, 'n': 60, 'shap_error': 0.00035609899064243246, 'shap_norm_sq': 4.601701370278239}
{'sample_size': 300, 'difference': 0, 'noise': 0, 'n': 60, 'shap_error': 0.0038415438466968947, 'shap_norm_sq': 10.309282373176964}
{'sample_size': 600, 'difference': 0, 'noise': 0, 'n': 60, 'shap_error': 0.0020199152777252375, 'shap_norm_sq': 10.309282373176964}
{'sample_size': 1200, 'difference': 0, 'noise': 0, 'n': 60, 'shap_error': 0.0006451126251352301, 'shap_norm_sq': 10.309282373176964}
{'sample_size': 2400, 'difference': 0, 'noise': 0, 'n': 60, 'shap_error': 0.00039432163499790636, 'shap_norm_sq': 10.309282373176964}
{'sample_size': 4800, 'difference': 0, 'noise': 0, 'n': 60, 'shap_error': 0.00021309243761643046, 'shap_norm_sq': 10.309282373176964}
{'sample_size': 9600, 'difference': 0, 'noise': 0, 'n': 60, 'shap_error': 8.779047302420265e-05, 'shap_norm_sq': 10.309282373176964}
{'sample_size': 300, 'difference': 0, 'noise': 0, 'n': 60, 'shap_error': 0.021539143894179793, 'shap_norm_sq': 1.8077071206507642}
{'sample_size': 600, 'difference': 0, 'noise': 0, 'n': 60, 'shap_error': 0.00456843231266363, 'shap_norm_sq': 1.8077071206507642}
{'sample_size': 1200, 'difference': 0, 'noise': 0, 'n': 60, 'shap_error': 0.002315207367145722, 'shap_norm_sq': 1.8077071206507642}
{'sample_size': 2400, 'difference': 0, 'noise': 0, 'n': 60, 'shap_error': 0.0009101188670566948, 'shap_norm_sq': 1.8077071206507642}
{'sample_size': 4800, 'difference': 0, 'noise': 0, 'n': 60, 'shap_error': 0.0004773137171292349, 'shap_norm_sq': 1.8077071206507642}
{'sample_size': 9600, 'difference': 0, 'noise': 0, 'n': 60, 'shap_error': 0.0004121443418242054, 'shap_norm_sq': 1.8077071206507642}
{'sample_size': 300, 'difference': 0, 'noise': 0, 'n': 60, 'shap_error': 0.004133960367410026, 'shap_norm_sq': 5.792229608471167}
{'sample_size': 600, 'difference': 0, 'noise': 0, 'n': 60, 'shap_error': 0.0011041027381385605, 'shap_norm_sq': 5.792229608471167}
{'sample_size': 1200, 'difference': 0, 'noise': 0, 'n': 60, 'shap_error': 0.0010198904852495368, 'shap_norm_sq': 5.792229608471167}
{'sample_size': 2400, 'difference': 0, 'noise': 0, 'n': 60, 'shap_error': 0.0003812011871631508, 'shap_norm_sq': 5.792229608471167}
{'sample_size': 4800, 'difference': 0, 'noise': 0, 'n': 60, 'shap_error': 0.0001714561242630164, 'shap_norm_sq': 5.792229608471167}
{'sample_size': 9600, 'difference': 0, 'noise': 0, 'n': 60, 'shap_error': 0.00010740968454834658, 'shap_norm_sq': 5.792229608471167}
{'sample_size': 300, 'difference': 0, 'noise': 0, 'n': 60, 'shap_error': 0.01852012450892592, 'shap_norm_sq': 2.7382087666068697}
{'sample_size': 600, 'difference': 0, 'noise': 0, 'n': 60, 'shap_error': 0.009308617951498604, 'shap_norm_sq': 2.7382087666068697}
{'sample_size': 1200, 'difference': 0, 'noise': 0, 'n': 60, 'shap_error': 0.003062612610524564, 'shap_norm_sq': 2.7382087666068697}
{'sample_size': 2400, 'difference': 0, 'noise': 0, 'n': 60, 'shap_error': 0.0010322238375883063, 'shap_norm_sq': 2.7382087666068697}
{'sample_size': 4800, 'difference': 0, 'noise': 0, 'n': 60, 'shap_error': 0.0004960765728935015, 'shap_norm_sq': 2.7382087666068697}
{'sample_size': 9600, 'difference': 0, 'noise': 0, 'n': 60, 'shap_error': 0.00031804509584531447, 'shap_norm_sq': 2.7382087666068697}
{'sample_size': 300, 'difference': 0, 'noise': 0, 'n': 60, 'shap_error': 0.011745186196079997, 'shap_norm_sq': 4.894004972225177}
{'sample_size': 600, 'difference': 0, 'noise': 0, 'n': 60, 'shap_error': 0.005077214033284889, 'shap_norm_sq': 4.894004972225177}
{'sample_size': 1200, 'difference': 0, 'noise': 0, 'n': 60, 'shap_error': 0.003002203088193101, 'shap_norm_sq': 4.894004972225177}
{'sample_size': 2400, 'difference': 0, 'noise': 0, 'n': 60, 'shap_error': 0.0012691175489859693, 'shap_norm_sq': 4.894004972225177}
{'sample_size': 4800, 'difference': 0, 'noise': 0, 'n': 60, 'shap_error': 0.0005379356076900192, 'shap_norm_sq': 4.894004972225177}
{'sample_size': 9600, 'difference': 0, 'noise': 0, 'n': 60, 'shap_error': 0.0003295936149156369, 'shap_norm_sq': 4.894004972225177}
{'sample_size': 300, 'difference': 0, 'noise': 0, 'n': 60, 'shap_error': 0.01579203833322471, 'shap_norm_sq': 4.819367788656839}
{'sample_size': 600, 'difference': 0, 'noise': 0, 'n': 60, 'shap_error': 0.012089188086494645, 'shap_norm_sq': 4.819367788656839}
{'sample_size': 1200, 'difference': 0, 'noise': 0, 'n': 60, 'shap_error': 0.0038697162640719, 'shap_norm_sq': 4.819367788656839}
{'sample_size': 2400, 'difference': 0, 'noise': 0, 'n': 60, 'shap_error': 0.0012685447567675379, 'shap_norm_sq': 4.819367788656839}
{'sample_size': 4800, 'difference': 0, 'noise': 0, 'n': 60, 'shap_error': 0.0011499430719192477, 'shap_norm_sq': 4.819367788656839}
{'sample_size': 9600, 'difference': 0, 'noise': 0, 'n': 60, 'shap_error': 0.0005605361940836488, 'shap_norm_sq': 4.819367788656839}
{'sample_size': 300, 'difference': 0, 'noise': 0, 'n': 60, 'shap_error': 0.0014971544026949049, 'shap_norm_sq': 3.5333420383139877}
{'sample_size': 600, 'difference': 0, 'noise': 0, 'n': 60, 'shap_error': 0.00032130971776214815, 'shap_norm_sq': 3.5333420383139877}
{'sample_size': 1200, 'difference': 0, 'noise': 0, 'n': 60, 'shap_error': 0.00016401377759867362, 'shap_norm_sq': 3.5333420383139877}
{'sample_size': 2400, 'difference': 0, 'noise': 0, 'n': 60, 'shap_error': 7.458210222063313e-05, 'shap_norm_sq': 3.5333420383139877}
{'sample_size': 4800, 'difference': 0, 'noise': 0, 'n': 60, 'shap_error': 3.310859658405212e-05, 'shap_norm_sq': 3.5333420383139877}
{'sample_size': 9600, 'difference': 0, 'noise': 0, 'n': 60, 'shap_error': 1.1220077758370053e-05, 'shap_norm_sq': 3.5333420383139877}
{'sample_size': 300, 'difference': 0, 'noise': 0, 'n': 60, 'shap_error': 0.02134019908346799, 'shap_norm_sq': 14.503194373083025}
{'sample_size': 600, 'difference': 0, 'noise': 0, 'n': 60, 'shap_error': 0.008462794484554734, 'shap_norm_sq': 14.503194373083025}
{'sample_size': 1200, 'difference': 0, 'noise': 0, 'n': 60, 'shap_error': 0.0024508704566921146, 'shap_norm_sq': 14.503194373083025}
{'sample_size': 2400, 'difference': 0, 'noise': 0, 'n': 60, 'shap_error': 0.0018505116117874985, 'shap_norm_sq': 14.503194373083025}
{'sample_size': 4800, 'difference': 0, 'noise': 0, 'n': 60, 'shap_error': 0.0007037775214220034, 'shap_norm_sq': 14.503194373083025}
{'sample_size': 9600, 'difference': 0, 'noise': 0, 'n': 60, 'shap_error': 0.0002967164382516797, 'shap_norm_sq': 14.503194373083025}
{'sample_size': 300, 'difference': 0, 'noise': 0, 'n': 60, 'shap_error': 5.745669749031994e-13, 'shap_norm_sq': 1.333489669033454}
{'sample_size': 600, 'difference': 0, 'noise': 0, 'n': 60, 'shap_error': 3.8415295384348504e-13, 'shap_norm_sq': 1.333489669033454}
{'sample_size': 1200, 'difference': 0, 'noise': 0, 'n': 60, 'shap_error': 3.4763821865235356e-13, 'shap_norm_sq': 1.333489669033454}
{'sample_size': 2400, 'difference': 0, 'noise': 0, 'n': 60, 'shap_error': 2.6504904469243813e-13, 'shap_norm_sq': 1.333489669033454}
{'sample_size': 4800, 'difference': 0, 'noise': 0, 'n': 60, 'shap_error': 2.8810013049076127e-13, 'shap_norm_sq': 1.333489669033454}
{'sample_size': 9600, 'difference': 0, 'noise': 0, 'n': 60, 'shap_error': 2.771488790944283e-13, 'shap_norm_sq': 1.333489669033454}
{'sample_size': 300, 'difference': 0, 'noise': 0, 'n': 60, 'shap_error': 0.022843051172295292, 'shap_norm_sq': 2.7382087666068697}
{'sample_size': 600, 'difference': 0, 'noise': 0, 'n': 60, 'shap_error': 0.013927998479828042, 'shap_norm_sq': 2.7382087666068697}
{'sample_size': 1200, 'difference': 0, 'noise': 0, 'n': 60, 'shap_error': 0.004086981780763142, 'shap_norm_sq': 2.7382087666068697}
{'sample_size': 2400, 'difference': 0, 'noise': 0, 'n': 60, 'shap_error': 0.0015189186640668516, 'shap_norm_sq': 2.7382087666068697}
{'sample_size': 4800, 'difference': 0, 'noise': 0, 'n': 60, 'shap_error': 0.000619868966662405, 'shap_norm_sq': 2.7382087666068697}
{'sample_size': 9600, 'difference': 0, 'noise': 0, 'n': 60, 'shap_error': 0.0003762612652447909, 'shap_norm_sq': 2.7382087666068697}
{'sample_size': 300, 'difference': 0, 'noise': 0, 'n': 60, 'shap_error': 0.015193560227931292, 'shap_norm_sq': 13.053522371345544}
{'sample_size': 600, 'difference': 0, 'noise': 0, 'n': 60, 'shap_error': 0.006662758587609165, 'shap_norm_sq': 13.053522371345544}
{'sample_size': 1200, 'difference': 0, 'noise': 0, 'n': 60, 'shap_error': 0.0023277844146045042, 'shap_norm_sq': 13.053522371345544}
{'sample_size': 2400, 'difference': 0, 'noise': 0, 'n': 60, 'shap_error': 0.001174500329358392, 'shap_norm_sq': 13.053522371345544}
{'sample_size': 4800, 'difference': 0, 'noise': 0, 'n': 60, 'shap_error': 0.00045047109695910457, 'shap_norm_sq': 13.053522371345544}
{'sample_size': 9600, 'difference': 0, 'noise': 0, 'n': 60, 'shap_error': 0.00026353443149874695, 'shap_norm_sq': 13.053522371345544}
{'sample_size': 300, 'difference': 0, 'noise': 0, 'n': 60, 'shap_error': 0.01748544217202409, 'shap_norm_sq': 8.69525350262751}
{'sample_size': 600, 'difference': 0, 'noise': 0, 'n': 60, 'shap_error': 0.00642865167668049, 'shap_norm_sq': 8.69525350262751}
{'sample_size': 1200, 'difference': 0, 'noise': 0, 'n': 60, 'shap_error': 0.0028743413323642384, 'shap_norm_sq': 8.69525350262751}
{'sample_size': 2400, 'difference': 0, 'noise': 0, 'n': 60, 'shap_error': 0.0012266015651984413, 'shap_norm_sq': 8.69525350262751}
{'sample_size': 4800, 'difference': 0, 'noise': 0, 'n': 60, 'shap_error': 0.0005357499119577766, 'shap_norm_sq': 8.69525350262751}
{'sample_size': 9600, 'difference': 0, 'noise': 0, 'n': 60, 'shap_error': 0.000346826957548149, 'shap_norm_sq': 8.69525350262751}
{'sample_size': 300, 'difference': 0, 'noise': 0, 'n': 60, 'shap_error': 0.040246147152715794, 'shap_norm_sq': 6.53846705442659}
{'sample_size': 600, 'difference': 0, 'noise': 0, 'n': 60, 'shap_error': 0.010749652580325836, 'shap_norm_sq': 6.53846705442659}
{'sample_size': 1200, 'difference': 0, 'noise': 0, 'n': 60, 'shap_error': 0.0031853260425184437, 'shap_norm_sq': 6.53846705442659}
{'sample_size': 2400, 'difference': 0, 'noise': 0, 'n': 60, 'shap_error': 0.0023600379235951654, 'shap_norm_sq': 6.53846705442659}
{'sample_size': 4800, 'difference': 0, 'noise': 0, 'n': 60, 'shap_error': 0.0010490692837682052, 'shap_norm_sq': 6.53846705442659}
{'sample_size': 9600, 'difference': 0, 'noise': 0, 'n': 60, 'shap_error': 0.0003863434222092942, 'shap_norm_sq': 6.53846705442659}
{'sample_size': 300, 'difference': 0, 'noise': 0, 'n': 60, 'shap_error': 0.0040786345672675604, 'shap_norm_sq': 6.818804211997915}
{'sample_size': 600, 'difference': 0, 'noise': 0, 'n': 60, 'shap_error': 0.0020109872277641262, 'shap_norm_sq': 6.818804211997915}
{'sample_size': 1200, 'difference': 0, 'noise': 0, 'n': 60, 'shap_error': 0.0007885615913562355, 'shap_norm_sq': 6.818804211997915}
{'sample_size': 2400, 'difference': 0, 'noise': 0, 'n': 60, 'shap_error': 0.00046017381291230315, 'shap_norm_sq': 6.818804211997915}
{'sample_size': 4800, 'difference': 0, 'noise': 0, 'n': 60, 'shap_error': 0.00026319066862685224, 'shap_norm_sq': 6.818804211997915}
{'sample_size': 9600, 'difference': 0, 'noise': 0, 'n': 60, 'shap_error': 0.00011097542368060313, 'shap_norm_sq': 6.818804211997915}
{'sample_size': 300, 'difference': 0, 'noise': 0, 'n': 60, 'shap_error': 0.007107216433092849, 'shap_norm_sq': 6.983046529235741}
{'sample_size': 600, 'difference': 0, 'noise': 0, 'n': 60, 'shap_error': 0.0025855918236654435, 'shap_norm_sq': 6.983046529235741}
{'sample_size': 1200, 'difference': 0, 'noise': 0, 'n': 60, 'shap_error': 0.001350836559514484, 'shap_norm_sq': 6.983046529235741}
{'sample_size': 2400, 'difference': 0, 'noise': 0, 'n': 60, 'shap_error': 0.00078176336889859, 'shap_norm_sq': 6.983046529235741}
{'sample_size': 4800, 'difference': 0, 'noise': 0, 'n': 60, 'shap_error': 0.00029395528037335906, 'shap_norm_sq': 6.983046529235741}
{'sample_size': 9600, 'difference': 0, 'noise': 0, 'n': 60, 'shap_error': 0.00016310233674095113, 'shap_norm_sq': 6.983046529235741}
{'sample_size': 300, 'difference': 0, 'noise': 0, 'n': 60, 'shap_error': 0.014339918449160083, 'shap_norm_sq': 5.4198197726783395}
{'sample_size': 600, 'difference': 0, 'noise': 0, 'n': 60, 'shap_error': 0.007216888263700206, 'shap_norm_sq': 5.4198197726783395}
{'sample_size': 1200, 'difference': 0, 'noise': 0, 'n': 60, 'shap_error': 0.003127924766112676, 'shap_norm_sq': 5.4198197726783395}
{'sample_size': 2400, 'difference': 0, 'noise': 0, 'n': 60, 'shap_error': 0.0012095236386980921, 'shap_norm_sq': 5.4198197726783395}
{'sample_size': 4800, 'difference': 0, 'noise': 0, 'n': 60, 'shap_error': 0.0005933884415052956, 'shap_norm_sq': 5.4198197726783395}
{'sample_size': 9600, 'difference': 0, 'noise': 0, 'n': 60, 'shap_error': 0.00031264360221424877, 'shap_norm_sq': 5.4198197726783395}
{'sample_size': 300, 'difference': 0, 'noise': 0, 'n': 60, 'shap_error': 0.009796356342891617, 'shap_norm_sq': 8.811861922344333}
{'sample_size': 600, 'difference': 0, 'noise': 0, 'n': 60, 'shap_error': 0.00842691280585846, 'shap_norm_sq': 8.811861922344333}
{'sample_size': 1200, 'difference': 0, 'noise': 0, 'n': 60, 'shap_error': 0.002016544625471229, 'shap_norm_sq': 8.811861922344333}
{'sample_size': 2400, 'difference': 0, 'noise': 0, 'n': 60, 'shap_error': 0.0012340121557165523, 'shap_norm_sq': 8.811861922344333}
{'sample_size': 4800, 'difference': 0, 'noise': 0, 'n': 60, 'shap_error': 0.0009068812449356228, 'shap_norm_sq': 8.811861922344333}
{'sample_size': 9600, 'difference': 0, 'noise': 0, 'n': 60, 'shap_error': 0.00028829766867221614, 'shap_norm_sq': 8.811861922344333}
{'sample_size': 300, 'difference': 0, 'noise': 0, 'n': 60, 'shap_error': 0.0018822482365840646, 'shap_norm_sq': 4.444545588702095}
{'sample_size': 600, 'difference': 0, 'noise': 0, 'n': 60, 'shap_error': 0.0005742845248647187, 'shap_norm_sq': 4.444545588702095}
{'sample_size': 1200, 'difference': 0, 'noise': 0, 'n': 60, 'shap_error': 0.00041251264009208174, 'shap_norm_sq': 4.444545588702095}
{'sample_size': 2400, 'difference': 0, 'noise': 0, 'n': 60, 'shap_error': 0.0001525660636946402, 'shap_norm_sq': 4.444545588702095}
{'sample_size': 4800, 'difference': 0, 'noise': 0, 'n': 60, 'shap_error': 7.283683598771772e-05, 'shap_norm_sq': 4.444545588702095}
{'sample_size': 9600, 'difference': 0, 'noise': 0, 'n': 60, 'shap_error': 2.8171519620548875e-05, 'shap_norm_sq': 4.444545588702095}
{'sample_size': 300, 'difference': 0, 'noise': 0, 'n': 60, 'shap_error': 0.007935174845408668, 'shap_norm_sq': 10.815992262881963}
{'sample_size': 600, 'difference': 0, 'noise': 0, 'n': 60, 'shap_error': 0.0045793019704158154, 'shap_norm_sq': 10.815992262881963}
{'sample_size': 1200, 'difference': 0, 'noise': 0, 'n': 60, 'shap_error': 0.0017670207911893098, 'shap_norm_sq': 10.815992262881963}
{'sample_size': 2400, 'difference': 0, 'noise': 0, 'n': 60, 'shap_error': 0.0006183074082709027, 'shap_norm_sq': 10.815992262881963}
{'sample_size': 4800, 'difference': 0, 'noise': 0, 'n': 60, 'shap_error': 0.0004672408091265063, 'shap_norm_sq': 10.815992262881963}
{'sample_size': 9600, 'difference': 0, 'noise': 0, 'n': 60, 'shap_error': 0.00020834646110289075, 'shap_norm_sq': 10.815992262881963}
{'sample_size': 300, 'difference': 0, 'noise': 0, 'n': 60, 'shap_error': 0.019280901345995357, 'shap_norm_sq': 13.189536388610122}
{'sample_size': 600, 'difference': 0, 'noise': 0, 'n': 60, 'shap_error': 0.005784094198441987, 'shap_norm_sq': 13.189536388610122}
{'sample_size': 1200, 'difference': 0, 'noise': 0, 'n': 60, 'shap_error': 0.003907987990679593, 'shap_norm_sq': 13.189536388610122}
{'sample_size': 2400, 'difference': 0, 'noise': 0, 'n': 60, 'shap_error': 0.0012223019333947667, 'shap_norm_sq': 13.189536388610122}
{'sample_size': 4800, 'difference': 0, 'noise': 0, 'n': 60, 'shap_error': 0.0007922355438952283, 'shap_norm_sq': 13.189536388610122}
{'sample_size': 9600, 'difference': 0, 'noise': 0, 'n': 60, 'shap_error': 0.00026466866954687315, 'shap_norm_sq': 13.189536388610122}
{'sample_size': 300, 'difference': 0, 'noise': 0, 'n': 60, 'shap_error': 0.018193552676655893, 'shap_norm_sq': 10.753508821296526}
{'sample_size': 600, 'difference': 0, 'noise': 0, 'n': 60, 'shap_error': 0.005416598579865399, 'shap_norm_sq': 10.753508821296526}
{'sample_size': 1200, 'difference': 0, 'noise': 0, 'n': 60, 'shap_error': 0.003442670414281664, 'shap_norm_sq': 10.753508821296526}
{'sample_size': 2400, 'difference': 0, 'noise': 0, 'n': 60, 'shap_error': 0.0015293274257728098, 'shap_norm_sq': 10.753508821296526}
{'sample_size': 4800, 'difference': 0, 'noise': 0, 'n': 60, 'shap_error': 0.0008185724737044222, 'shap_norm_sq': 10.753508821296526}
{'sample_size': 9600, 'difference': 0, 'noise': 0, 'n': 60, 'shap_error': 0.00026502615536352887, 'shap_norm_sq': 10.753508821296526}
{'sample_size': 600, 'difference': 0, 'noise': 0.0005, 'n': 60, 'shap_error': 0.0026572701173854366, 'shap_norm_sq': 6.4401568336026145}
{'sample_size': 600, 'difference': 0, 'noise': 0.001, 'n': 60, 'shap_error': 0.0025207983187817734, 'shap_norm_sq': 6.4401568336026145}
{'sample_size': 600, 'difference': 0, 'noise': 0.005, 'n': 60, 'shap_error': 0.0023168388956144393, 'shap_norm_sq': 6.4401568336026145}
{'sample_size': 600, 'difference': 0, 'noise': 0.01, 'n': 60, 'shap_error': 0.0027774535706947645, 'shap_norm_sq': 6.4401568336026145}
{'sample_size': 600, 'difference': 0, 'noise': 0.05, 'n': 60, 'shap_error': 0.004266997745351918, 'shap_norm_sq': 6.4401568336026145}
{'sample_size': 600, 'difference': 0, 'noise': 0.1, 'n': 60, 'shap_error': 0.004317603592902733, 'shap_norm_sq': 6.4401568336026145}
{'sample_size': 600, 'difference': 0, 'noise': 0.5, 'n': 60, 'shap_error': 0.06780676299889818, 'shap_norm_sq': 6.4401568336026145}
{'sample_size': 600, 'difference': 0, 'noise': 1, 'n': 60, 'shap_error': 0.24085295480524083, 'shap_norm_sq': 6.4401568336026145}
{'sample_size': 600, 'difference': 0, 'noise': 0.0005, 'n': 60, 'shap_error': 0.012320922678562718, 'shap_norm_sq': 9.991839420948057}
{'sample_size': 600, 'difference': 0, 'noise': 0.001, 'n': 60, 'shap_error': 0.014174605738760086, 'shap_norm_sq': 9.991839420948057}
{'sample_size': 600, 'difference': 0, 'noise': 0.005, 'n': 60, 'shap_error': 0.01528610324413917, 'shap_norm_sq': 9.991839420948057}
{'sample_size': 600, 'difference': 0, 'noise': 0.01, 'n': 60, 'shap_error': 0.012141990100642874, 'shap_norm_sq': 9.991839420948057}
{'sample_size': 600, 'difference': 0, 'noise': 0.05, 'n': 60, 'shap_error': 0.01057224156791534, 'shap_norm_sq': 9.991839420948057}
{'sample_size': 600, 'difference': 0, 'noise': 0.1, 'n': 60, 'shap_error': 0.00885779259627684, 'shap_norm_sq': 9.991839420948057}
{'sample_size': 600, 'difference': 0, 'noise': 0.5, 'n': 60, 'shap_error': 0.11117756592805467, 'shap_norm_sq': 9.991839420948057}
{'sample_size': 600, 'difference': 0, 'noise': 1, 'n': 60, 'shap_error': 0.34971873325503, 'shap_norm_sq': 9.991839420948057}
{'sample_size': 600, 'difference': 0, 'noise': 0.0005, 'n': 60, 'shap_error': 0.0113849714489702, 'shap_norm_sq': 10.406857728269195}
{'sample_size': 600, 'difference': 0, 'noise': 0.001, 'n': 60, 'shap_error': 0.007229705801703904, 'shap_norm_sq': 10.406857728269195}
{'sample_size': 600, 'difference': 0, 'noise': 0.005, 'n': 60, 'shap_error': 0.0091605320608517, 'shap_norm_sq': 10.406857728269195}
{'sample_size': 600, 'difference': 0, 'noise': 0.01, 'n': 60, 'shap_error': 0.0075434564012666116, 'shap_norm_sq': 10.406857728269195}
{'sample_size': 600, 'difference': 0, 'noise': 0.05, 'n': 60, 'shap_error': 0.00736155905995481, 'shap_norm_sq': 10.406857728269195}
{'sample_size': 600, 'difference': 0, 'noise': 0.1, 'n': 60, 'shap_error': 0.008902700195079227, 'shap_norm_sq': 10.406857728269195}
{'sample_size': 600, 'difference': 0, 'noise': 0.5, 'n': 60, 'shap_error': 0.04890070414762796, 'shap_norm_sq': 10.406857728269195}
{'sample_size': 600, 'difference': 0, 'noise': 1, 'n': 60, 'shap_error': 0.10105793245427479, 'shap_norm_sq': 10.406857728269195}
{'sample_size': 600, 'difference': 0, 'noise': 0.0005, 'n': 60, 'shap_error': 0.011994911583039848, 'shap_norm_sq': 12.858538271866172}
{'sample_size': 600, 'difference': 0, 'noise': 0.001, 'n': 60, 'shap_error': 0.00835686145351721, 'shap_norm_sq': 12.858538271866172}
{'sample_size': 600, 'difference': 0, 'noise': 0.005, 'n': 60, 'shap_error': 0.011036942506437478, 'shap_norm_sq': 12.858538271866172}
{'sample_size': 600, 'difference': 0, 'noise': 0.01, 'n': 60, 'shap_error': 0.012253931618547506, 'shap_norm_sq': 12.858538271866172}
{'sample_size': 600, 'difference': 0, 'noise': 0.05, 'n': 60, 'shap_error': 0.010700563725049492, 'shap_norm_sq': 12.858538271866172}
{'sample_size': 600, 'difference': 0, 'noise': 0.1, 'n': 60, 'shap_error': 0.012041929794569643, 'shap_norm_sq': 12.858538271866172}
{'sample_size': 600, 'difference': 0, 'noise': 0.5, 'n': 60, 'shap_error': 0.041408074353250085, 'shap_norm_sq': 12.858538271866172}
{'sample_size': 600, 'difference': 0, 'noise': 1, 'n': 60, 'shap_error': 0.20879990176644628, 'shap_norm_sq': 12.858538271866172}
{'sample_size': 600, 'difference': 0, 'noise': 0.0005, 'n': 60, 'shap_error': 0.003503244721062328, 'shap_norm_sq': 4.564768191572814}
{'sample_size': 600, 'difference': 0, 'noise': 0.001, 'n': 60, 'shap_error': 0.0034110927628933545, 'shap_norm_sq': 4.564768191572814}
{'sample_size': 600, 'difference': 0, 'noise': 0.005, 'n': 60, 'shap_error': 0.0031008943430412615, 'shap_norm_sq': 4.564768191572814}
{'sample_size': 600, 'difference': 0, 'noise': 0.01, 'n': 60, 'shap_error': 0.002303695381778516, 'shap_norm_sq': 4.564768191572814}
{'sample_size': 600, 'difference': 0, 'noise': 0.05, 'n': 60, 'shap_error': 0.00311027155293319, 'shap_norm_sq': 4.564768191572814}
{'sample_size': 600, 'difference': 0, 'noise': 0.1, 'n': 60, 'shap_error': 0.00930197522913257, 'shap_norm_sq': 4.564768191572814}
{'sample_size': 600, 'difference': 0, 'noise': 0.5, 'n': 60, 'shap_error': 0.06070666461116973, 'shap_norm_sq': 4.564768191572814}
{'sample_size': 600, 'difference': 0, 'noise': 1, 'n': 60, 'shap_error': 0.495437749024143, 'shap_norm_sq': 4.564768191572814}
{'sample_size': 600, 'difference': 0, 'noise': 0.0005, 'n': 60, 'shap_error': 0.0019425567089630144, 'shap_norm_sq': 12.249329358092892}
{'sample_size': 600, 'difference': 0, 'noise': 0.001, 'n': 60, 'shap_error': 0.002382508000173901, 'shap_norm_sq': 12.249329358092892}
{'sample_size': 600, 'difference': 0, 'noise': 0.005, 'n': 60, 'shap_error': 0.0026552630489537956, 'shap_norm_sq': 12.249329358092892}
{'sample_size': 600, 'difference': 0, 'noise': 0.01, 'n': 60, 'shap_error': 0.0026329431941114743, 'shap_norm_sq': 12.249329358092892}
{'sample_size': 600, 'difference': 0, 'noise': 0.05, 'n': 60, 'shap_error': 0.003145051071904185, 'shap_norm_sq': 12.249329358092892}
{'sample_size': 600, 'difference': 0, 'noise': 0.1, 'n': 60, 'shap_error': 0.002054475474463165, 'shap_norm_sq': 12.249329358092892}
{'sample_size': 600, 'difference': 0, 'noise': 0.5, 'n': 60, 'shap_error': 0.019442397445856057, 'shap_norm_sq': 12.249329358092892}
{'sample_size': 600, 'difference': 0, 'noise': 1, 'n': 60, 'shap_error': 0.11486155188948523, 'shap_norm_sq': 12.249329358092892}
{'sample_size': 600, 'difference': 0, 'noise': 0.0005, 'n': 60, 'shap_error': 0.002531834009650623, 'shap_norm_sq': 10.752576794460168}
{'sample_size': 600, 'difference': 0, 'noise': 0.001, 'n': 60, 'shap_error': 0.0026466328022778686, 'shap_norm_sq': 10.752576794460168}
{'sample_size': 600, 'difference': 0, 'noise': 0.005, 'n': 60, 'shap_error': 0.0026397987970805544, 'shap_norm_sq': 10.752576794460168}
{'sample_size': 600, 'difference': 0, 'noise': 0.01, 'n': 60, 'shap_error': 0.002610407058164441, 'shap_norm_sq': 10.752576794460168}
{'sample_size': 600, 'difference': 0, 'noise': 0.05, 'n': 60, 'shap_error': 0.002139479547518798, 'shap_norm_sq': 10.752576794460168}
{'sample_size': 600, 'difference': 0, 'noise': 0.1, 'n': 60, 'shap_error': 0.0042348521843987835, 'shap_norm_sq': 10.752576794460168}
{'sample_size': 600, 'difference': 0, 'noise': 0.5, 'n': 60, 'shap_error': 0.042146379860168136, 'shap_norm_sq': 10.752576794460168}
{'sample_size': 600, 'difference': 0, 'noise': 1, 'n': 60, 'shap_error': 0.1496368387782133, 'shap_norm_sq': 10.752576794460168}
{'sample_size': 600, 'difference': 0, 'noise': 0.0005, 'n': 60, 'shap_error': 0.0033827131881256486, 'shap_norm_sq': 10.792325702306792}
{'sample_size': 600, 'difference': 0, 'noise': 0.001, 'n': 60, 'shap_error': 0.0035063308399639237, 'shap_norm_sq': 10.792325702306792}
{'sample_size': 600, 'difference': 0, 'noise': 0.005, 'n': 60, 'shap_error': 0.003638779816947494, 'shap_norm_sq': 10.792325702306792}
{'sample_size': 600, 'difference': 0, 'noise': 0.01, 'n': 60, 'shap_error': 0.004726551082938998, 'shap_norm_sq': 10.792325702306792}
{'sample_size': 600, 'difference': 0, 'noise': 0.05, 'n': 60, 'shap_error': 0.0052817552668031394, 'shap_norm_sq': 10.792325702306792}
{'sample_size': 600, 'difference': 0, 'noise': 0.1, 'n': 60, 'shap_error': 0.004815525748712521, 'shap_norm_sq': 10.792325702306792}
{'sample_size': 600, 'difference': 0, 'noise': 0.5, 'n': 60, 'shap_error': 0.03580144919529017, 'shap_norm_sq': 10.792325702306792}
{'sample_size': 600, 'difference': 0, 'noise': 1, 'n': 60, 'shap_error': 0.14745005486933396, 'shap_norm_sq': 10.792325702306792}
{'sample_size': 600, 'difference': 0, 'noise': 0.0005, 'n': 60, 'shap_error': 0.0021797837360020746, 'shap_norm_sq': 7.935586107367179}
{'sample_size': 600, 'difference': 0, 'noise': 0.001, 'n': 60, 'shap_error': 0.0016783431877830165, 'shap_norm_sq': 7.935586107367179}
{'sample_size': 600, 'difference': 0, 'noise': 0.005, 'n': 60, 'shap_error': 0.0017811610703817565, 'shap_norm_sq': 7.935586107367179}
{'sample_size': 600, 'difference': 0, 'noise': 0.01, 'n': 60, 'shap_error': 0.001616431821708242, 'shap_norm_sq': 7.935586107367179}
{'sample_size': 600, 'difference': 0, 'noise': 0.05, 'n': 60, 'shap_error': 0.002600571198452479, 'shap_norm_sq': 7.935586107367179}
{'sample_size': 600, 'difference': 0, 'noise': 0.1, 'n': 60, 'shap_error': 0.003532681618098905, 'shap_norm_sq': 7.935586107367179}
{'sample_size': 600, 'difference': 0, 'noise': 0.5, 'n': 60, 'shap_error': 0.05075238403914028, 'shap_norm_sq': 7.935586107367179}
{'sample_size': 600, 'difference': 0, 'noise': 1, 'n': 60, 'shap_error': 0.2793970196597031, 'shap_norm_sq': 7.935586107367179}
{'sample_size': 600, 'difference': 0, 'noise': 0.0005, 'n': 60, 'shap_error': 0.0020216016135978904, 'shap_norm_sq': 5.672347195757074}
{'sample_size': 600, 'difference': 0, 'noise': 0.001, 'n': 60, 'shap_error': 0.0020016821668950636, 'shap_norm_sq': 5.672347195757074}
{'sample_size': 600, 'difference': 0, 'noise': 0.005, 'n': 60, 'shap_error': 0.0014526968066282374, 'shap_norm_sq': 5.672347195757074}
{'sample_size': 600, 'difference': 0, 'noise': 0.01, 'n': 60, 'shap_error': 0.002301660999730754, 'shap_norm_sq': 5.672347195757074}
{'sample_size': 600, 'difference': 0, 'noise': 0.05, 'n': 60, 'shap_error': 0.0026841481113689812, 'shap_norm_sq': 5.672347195757074}
{'sample_size': 600, 'difference': 0, 'noise': 0.1, 'n': 60, 'shap_error': 0.004334450708248398, 'shap_norm_sq': 5.672347195757074}
{'sample_size': 600, 'difference': 0, 'noise': 0.5, 'n': 60, 'shap_error': 0.05377115269343659, 'shap_norm_sq': 5.672347195757074}
{'sample_size': 600, 'difference': 0, 'noise': 1, 'n': 60, 'shap_error': 0.22600091375225895, 'shap_norm_sq': 5.672347195757074}
{'sample_size': 600, 'difference': 0, 'noise': 0.0005, 'n': 60, 'shap_error': 8.385476370661836e-05, 'shap_norm_sq': 8.83670582099933}
{'sample_size': 600, 'difference': 0, 'noise': 0.001, 'n': 60, 'shap_error': 7.549627810791798e-05, 'shap_norm_sq': 8.83670582099933}
{'sample_size': 600, 'difference': 0, 'noise': 0.005, 'n': 60, 'shap_error': 7.375500296265424e-05, 'shap_norm_sq': 8.83670582099933}
{'sample_size': 600, 'difference': 0, 'noise': 0.01, 'n': 60, 'shap_error': 8.361588603249957e-05, 'shap_norm_sq': 8.83670582099933}
{'sample_size': 600, 'difference': 0, 'noise': 0.05, 'n': 60, 'shap_error': 0.000797967820283125, 'shap_norm_sq': 8.83670582099933}
{'sample_size': 600, 'difference': 0, 'noise': 0.1, 'n': 60, 'shap_error': 0.002961996142811522, 'shap_norm_sq': 8.83670582099933}
{'sample_size': 600, 'difference': 0, 'noise': 0.5, 'n': 60, 'shap_error': 0.08091041495048155, 'shap_norm_sq': 8.83670582099933}
{'sample_size': 600, 'difference': 0, 'noise': 1, 'n': 60, 'shap_error': 0.2943828779972168, 'shap_norm_sq': 8.83670582099933}
{'sample_size': 600, 'difference': 0, 'noise': 0.0005, 'n': 60, 'shap_error': 0.006224975527599273, 'shap_norm_sq': 12.498060934479634}
{'sample_size': 600, 'difference': 0, 'noise': 0.001, 'n': 60, 'shap_error': 0.003996802926587618, 'shap_norm_sq': 12.498060934479634}
{'sample_size': 600, 'difference': 0, 'noise': 0.005, 'n': 60, 'shap_error': 0.003195253671794737, 'shap_norm_sq': 12.498060934479634}
{'sample_size': 600, 'difference': 0, 'noise': 0.01, 'n': 60, 'shap_error': 0.004070751157731935, 'shap_norm_sq': 12.498060934479634}
{'sample_size': 600, 'difference': 0, 'noise': 0.05, 'n': 60, 'shap_error': 0.006270329184879068, 'shap_norm_sq': 12.498060934479634}
{'sample_size': 600, 'difference': 0, 'noise': 0.1, 'n': 60, 'shap_error': 0.006484076053754069, 'shap_norm_sq': 12.498060934479634}
{'sample_size': 600, 'difference': 0, 'noise': 0.5, 'n': 60, 'shap_error': 0.024164286310732346, 'shap_norm_sq': 12.498060934479634}
{'sample_size': 600, 'difference': 0, 'noise': 1, 'n': 60, 'shap_error': 0.11546070826817338, 'shap_norm_sq': 12.498060934479634}
{'sample_size': 600, 'difference': 0, 'noise': 0.0005, 'n': 60, 'shap_error': 0.0005028641338670125, 'shap_norm_sq': 8.554680434347063}
{'sample_size': 600, 'difference': 0, 'noise': 0.001, 'n': 60, 'shap_error': 0.0004650130733148379, 'shap_norm_sq': 8.554680434347063}
{'sample_size': 600, 'difference': 0, 'noise': 0.005, 'n': 60, 'shap_error': 0.000664786785551929, 'shap_norm_sq': 8.554680434347063}
{'sample_size': 600, 'difference': 0, 'noise': 0.01, 'n': 60, 'shap_error': 0.0006559750301373672, 'shap_norm_sq': 8.554680434347063}
{'sample_size': 600, 'difference': 0, 'noise': 0.05, 'n': 60, 'shap_error': 0.0013270272937269195, 'shap_norm_sq': 8.554680434347063}
{'sample_size': 600, 'difference': 0, 'noise': 0.1, 'n': 60, 'shap_error': 0.003649835505376959, 'shap_norm_sq': 8.554680434347063}
{'sample_size': 600, 'difference': 0, 'noise': 0.5, 'n': 60, 'shap_error': 0.07578662474820573, 'shap_norm_sq': 8.554680434347063}
{'sample_size': 600, 'difference': 0, 'noise': 1, 'n': 60, 'shap_error': 0.28923102745203755, 'shap_norm_sq': 8.554680434347063}
{'sample_size': 600, 'difference': 0, 'noise': 0.0005, 'n': 60, 'shap_error': 0.0023238018577353132, 'shap_norm_sq': 4.5076041950103125}
{'sample_size': 600, 'difference': 0, 'noise': 0.001, 'n': 60, 'shap_error': 0.0014018109788434315, 'shap_norm_sq': 4.5076041950103125}
{'sample_size': 600, 'difference': 0, 'noise': 0.005, 'n': 60, 'shap_error': 0.0017106514815332832, 'shap_norm_sq': 4.5076041950103125}
{'sample_size': 600, 'difference': 0, 'noise': 0.01, 'n': 60, 'shap_error': 0.0012736755747338319, 'shap_norm_sq': 4.5076041950103125}
{'sample_size': 600, 'difference': 0, 'noise': 0.05, 'n': 60, 'shap_error': 0.0022008796203502527, 'shap_norm_sq': 4.5076041950103125}
{'sample_size': 600, 'difference': 0, 'noise': 0.1, 'n': 60, 'shap_error': 0.007065914184471537, 'shap_norm_sq': 4.5076041950103125}
{'sample_size': 600, 'difference': 0, 'noise': 0.5, 'n': 60, 'shap_error': 0.07611327401842724, 'shap_norm_sq': 4.5076041950103125}
{'sample_size': 600, 'difference': 0, 'noise': 1, 'n': 60, 'shap_error': 0.3267277576347972, 'shap_norm_sq': 4.5076041950103125}
{'sample_size': 600, 'difference': 0, 'noise': 0.0005, 'n': 60, 'shap_error': 0.003861744394784548, 'shap_norm_sq': 7.179050243085241}
{'sample_size': 600, 'difference': 0, 'noise': 0.001, 'n': 60, 'shap_error': 0.005155870617659036, 'shap_norm_sq': 7.179050243085241}
{'sample_size': 600, 'difference': 0, 'noise': 0.005, 'n': 60, 'shap_error': 0.004183173414205928, 'shap_norm_sq': 7.179050243085241}
{'sample_size': 600, 'difference': 0, 'noise': 0.01, 'n': 60, 'shap_error': 0.004245469368348353, 'shap_norm_sq': 7.179050243085241}
{'sample_size': 600, 'difference': 0, 'noise': 0.05, 'n': 60, 'shap_error': 0.0044819656169719415, 'shap_norm_sq': 7.179050243085241}
{'sample_size': 600, 'difference': 0, 'noise': 0.1, 'n': 60, 'shap_error': 0.005858814998575821, 'shap_norm_sq': 7.179050243085241}
{'sample_size': 600, 'difference': 0, 'noise': 0.5, 'n': 60, 'shap_error': 0.05184371447449367, 'shap_norm_sq': 7.179050243085241}
{'sample_size': 600, 'difference': 0, 'noise': 1, 'n': 60, 'shap_error': 0.2098655685227947, 'shap_norm_sq': 7.179050243085241}
{'sample_size': 600, 'difference': 0, 'noise': 0.0005, 'n': 60, 'shap_error': 0.006676271376364136, 'shap_norm_sq': 16.502075089579016}
{'sample_size': 600, 'difference': 0, 'noise': 0.001, 'n': 60, 'shap_error': 0.003747493339825036, 'shap_norm_sq': 16.502075089579016}
{'sample_size': 600, 'difference': 0, 'noise': 0.005, 'n': 60, 'shap_error': 0.005919823065588511, 'shap_norm_sq': 16.502075089579016}
{'sample_size': 600, 'difference': 0, 'noise': 0.01, 'n': 60, 'shap_error': 0.003919401815770511, 'shap_norm_sq': 16.502075089579016}
{'sample_size': 600, 'difference': 0, 'noise': 0.05, 'n': 60, 'shap_error': 0.004481218241042487, 'shap_norm_sq': 16.502075089579016}
{'sample_size': 600, 'difference': 0, 'noise': 0.1, 'n': 60, 'shap_error': 0.008888761298637316, 'shap_norm_sq': 16.502075089579016}
{'sample_size': 600, 'difference': 0, 'noise': 0.5, 'n': 60, 'shap_error': 0.02685522502648927, 'shap_norm_sq': 16.502075089579016}
{'sample_size': 600, 'difference': 0, 'noise': 1, 'n': 60, 'shap_error': 0.13671711057752373, 'shap_norm_sq': 16.502075089579016}
{'sample_size': 600, 'difference': 0, 'noise': 0.0005, 'n': 60, 'shap_error': 0.0022529278955157636, 'shap_norm_sq': 7.033894026962379}
{'sample_size': 600, 'difference': 0, 'noise': 0.001, 'n': 60, 'shap_error': 0.0032116777849833127, 'shap_norm_sq': 7.033894026962379}
{'sample_size': 600, 'difference': 0, 'noise': 0.005, 'n': 60, 'shap_error': 0.002927699580586563, 'shap_norm_sq': 7.033894026962379}
{'sample_size': 600, 'difference': 0, 'noise': 0.01, 'n': 60, 'shap_error': 0.002344220367226062, 'shap_norm_sq': 7.033894026962379}
{'sample_size': 600, 'difference': 0, 'noise': 0.05, 'n': 60, 'shap_error': 0.004682837683826027, 'shap_norm_sq': 7.033894026962379}
{'sample_size': 600, 'difference': 0, 'noise': 0.1, 'n': 60, 'shap_error': 0.005875920693062935, 'shap_norm_sq': 7.033894026962379}
{'sample_size': 600, 'difference': 0, 'noise': 0.5, 'n': 60, 'shap_error': 0.047586576362429946, 'shap_norm_sq': 7.033894026962379}
{'sample_size': 600, 'difference': 0, 'noise': 1, 'n': 60, 'shap_error': 0.1601934005878869, 'shap_norm_sq': 7.033894026962379}
{'sample_size': 600, 'difference': 0, 'noise': 0.0005, 'n': 60, 'shap_error': 0.0030235784043575282, 'shap_norm_sq': 8.870459979420904}
{'sample_size': 600, 'difference': 0, 'noise': 0.001, 'n': 60, 'shap_error': 0.003405773175231272, 'shap_norm_sq': 8.870459979420904}
{'sample_size': 600, 'difference': 0, 'noise': 0.005, 'n': 60, 'shap_error': 0.0014053505072876998, 'shap_norm_sq': 8.870459979420904}
{'sample_size': 600, 'difference': 0, 'noise': 0.01, 'n': 60, 'shap_error': 0.0018498969686453258, 'shap_norm_sq': 8.870459979420904}
{'sample_size': 600, 'difference': 0, 'noise': 0.05, 'n': 60, 'shap_error': 0.002401729111718273, 'shap_norm_sq': 8.870459979420904}
{'sample_size': 600, 'difference': 0, 'noise': 0.1, 'n': 60, 'shap_error': 0.003610713259751382, 'shap_norm_sq': 8.870459979420904}
{'sample_size': 600, 'difference': 0, 'noise': 0.5, 'n': 60, 'shap_error': 0.06956327073889647, 'shap_norm_sq': 8.870459979420904}
{'sample_size': 600, 'difference': 0, 'noise': 1, 'n': 60, 'shap_error': 0.3160949295905288, 'shap_norm_sq': 8.870459979420904}
{'sample_size': 600, 'difference': 0, 'noise': 0.0005, 'n': 60, 'shap_error': 1.2013415061091417e-07, 'shap_norm_sq': 5.939340898102209}
{'sample_size': 600, 'difference': 0, 'noise': 0.001, 'n': 60, 'shap_error': 4.293250931955918e-07, 'shap_norm_sq': 5.939340898102209}
{'sample_size': 600, 'difference': 0, 'noise': 0.005, 'n': 60, 'shap_error': 1.7939951699121557e-05, 'shap_norm_sq': 5.939340898102209}
{'sample_size': 600, 'difference': 0, 'noise': 0.01, 'n': 60, 'shap_error': 3.4959397978050256e-05, 'shap_norm_sq': 5.939340898102209}
{'sample_size': 600, 'difference': 0, 'noise': 0.05, 'n': 60, 'shap_error': 0.0009808875212518624, 'shap_norm_sq': 5.939340898102209}
{'sample_size': 600, 'difference': 0, 'noise': 0.1, 'n': 60, 'shap_error': 0.0032497818839508624, 'shap_norm_sq': 5.939340898102209}
{'sample_size': 600, 'difference': 0, 'noise': 0.5, 'n': 60, 'shap_error': 0.07746185329845014, 'shap_norm_sq': 5.939340898102209}
{'sample_size': 600, 'difference': 0, 'noise': 1, 'n': 60, 'shap_error': 0.3035051677016737, 'shap_norm_sq': 5.939340898102209}
{'sample_size': 600, 'difference': 0, 'noise': 0.0005, 'n': 60, 'shap_error': 0.0013104836791367563, 'shap_norm_sq': 8.757181607473235}
{'sample_size': 600, 'difference': 0, 'noise': 0.001, 'n': 60, 'shap_error': 0.001358067861527438, 'shap_norm_sq': 8.757181607473235}
{'sample_size': 600, 'difference': 0, 'noise': 0.005, 'n': 60, 'shap_error': 0.0012296713701814223, 'shap_norm_sq': 8.757181607473235}
{'sample_size': 600, 'difference': 0, 'noise': 0.01, 'n': 60, 'shap_error': 0.0015180408985842834, 'shap_norm_sq': 8.757181607473235}
{'sample_size': 600, 'difference': 0, 'noise': 0.05, 'n': 60, 'shap_error': 0.0011932470879735106, 'shap_norm_sq': 8.757181607473235}
{'sample_size': 600, 'difference': 0, 'noise': 0.1, 'n': 60, 'shap_error': 0.0031051756043084856, 'shap_norm_sq': 8.757181607473235}
{'sample_size': 600, 'difference': 0, 'noise': 0.5, 'n': 60, 'shap_error': 0.05258257513513747, 'shap_norm_sq': 8.757181607473235}
{'sample_size': 600, 'difference': 0, 'noise': 1, 'n': 60, 'shap_error': 0.1950952854866456, 'shap_norm_sq': 8.757181607473235}
{'sample_size': 600, 'difference': 0, 'noise': 0.0005, 'n': 60, 'shap_error': 0.00502225754960806, 'shap_norm_sq': 8.528398794097978}
{'sample_size': 600, 'difference': 0, 'noise': 0.001, 'n': 60, 'shap_error': 0.0035882550844786535, 'shap_norm_sq': 8.528398794097978}
{'sample_size': 600, 'difference': 0, 'noise': 0.005, 'n': 60, 'shap_error': 0.004124963573048962, 'shap_norm_sq': 8.528398794097978}
{'sample_size': 600, 'difference': 0, 'noise': 0.01, 'n': 60, 'shap_error': 0.003928206647590189, 'shap_norm_sq': 8.528398794097978}
{'sample_size': 600, 'difference': 0, 'noise': 0.05, 'n': 60, 'shap_error': 0.005424559565328555, 'shap_norm_sq': 8.528398794097978}
{'sample_size': 600, 'difference': 0, 'noise': 0.1, 'n': 60, 'shap_error': 0.005221749588568741, 'shap_norm_sq': 8.528398794097978}
{'sample_size': 600, 'difference': 0, 'noise': 0.5, 'n': 60, 'shap_error': 0.03426177776875155, 'shap_norm_sq': 8.528398794097978}
{'sample_size': 600, 'difference': 0, 'noise': 1, 'n': 60, 'shap_error': 0.10484006125672847, 'shap_norm_sq': 8.528398794097978}
{'sample_size': 600, 'difference': 0, 'noise': 0.0005, 'n': 60, 'shap_error': 0.0015485514114063775, 'shap_norm_sq': 8.36275841281983}
{'sample_size': 600, 'difference': 0, 'noise': 0.001, 'n': 60, 'shap_error': 0.0011237774333713296, 'shap_norm_sq': 8.36275841281983}
{'sample_size': 600, 'difference': 0, 'noise': 0.005, 'n': 60, 'shap_error': 0.001337291925163061, 'shap_norm_sq': 8.36275841281983}
{'sample_size': 600, 'difference': 0, 'noise': 0.01, 'n': 60, 'shap_error': 0.001509746689086962, 'shap_norm_sq': 8.36275841281983}
{'sample_size': 600, 'difference': 0, 'noise': 0.05, 'n': 60, 'shap_error': 0.00278606846539724, 'shap_norm_sq': 8.36275841281983}
{'sample_size': 600, 'difference': 0, 'noise': 0.1, 'n': 60, 'shap_error': 0.0047646095184778045, 'shap_norm_sq': 8.36275841281983}
{'sample_size': 600, 'difference': 0, 'noise': 0.5, 'n': 60, 'shap_error': 0.06331728122461006, 'shap_norm_sq': 8.36275841281983}
{'sample_size': 600, 'difference': 0, 'noise': 1, 'n': 60, 'shap_error': 0.21957056365539332, 'shap_norm_sq': 8.36275841281983}
{'sample_size': 600, 'difference': 0, 'noise': 0.0005, 'n': 60, 'shap_error': 0.005126186941113212, 'shap_norm_sq': 14.765174666205413}
{'sample_size': 600, 'difference': 0, 'noise': 0.001, 'n': 60, 'shap_error': 0.005827249027091881, 'shap_norm_sq': 14.765174666205413}
{'sample_size': 600, 'difference': 0, 'noise': 0.005, 'n': 60, 'shap_error': 0.004829866907548794, 'shap_norm_sq': 14.765174666205413}
{'sample_size': 600, 'difference': 0, 'noise': 0.01, 'n': 60, 'shap_error': 0.005525751146747674, 'shap_norm_sq': 14.765174666205413}
{'sample_size': 600, 'difference': 0, 'noise': 0.05, 'n': 60, 'shap_error': 0.0059871578126410195, 'shap_norm_sq': 14.765174666205413}
{'sample_size': 600, 'difference': 0, 'noise': 0.1, 'n': 60, 'shap_error': 0.005955812411422448, 'shap_norm_sq': 14.765174666205413}
{'sample_size': 600, 'difference': 0, 'noise': 0.5, 'n': 60, 'shap_error': 0.03052643845063661, 'shap_norm_sq': 14.765174666205413}
{'sample_size': 600, 'difference': 0, 'noise': 1, 'n': 60, 'shap_error': 0.08536532644739946, 'shap_norm_sq': 14.765174666205413}
{'sample_size': 600, 'difference': 0, 'noise': 0.0005, 'n': 60, 'shap_error': 0.005910186268245169, 'shap_norm_sq': 4.894004972225177}
{'sample_size': 600, 'difference': 0, 'noise': 0.001, 'n': 60, 'shap_error': 0.005065680658813461, 'shap_norm_sq': 4.894004972225177}
{'sample_size': 600, 'difference': 0, 'noise': 0.005, 'n': 60, 'shap_error': 0.005399469237879984, 'shap_norm_sq': 4.894004972225177}
{'sample_size': 600, 'difference': 0, 'noise': 0.01, 'n': 60, 'shap_error': 0.00533192855365954, 'shap_norm_sq': 4.894004972225177}
{'sample_size': 600, 'difference': 0, 'noise': 0.05, 'n': 60, 'shap_error': 0.009239971164794957, 'shap_norm_sq': 4.894004972225177}
{'sample_size': 600, 'difference': 0, 'noise': 0.1, 'n': 60, 'shap_error': 0.012437536297801272, 'shap_norm_sq': 4.894004972225177}
{'sample_size': 600, 'difference': 0, 'noise': 0.5, 'n': 60, 'shap_error': 0.07752617534756362, 'shap_norm_sq': 4.894004972225177}
{'sample_size': 600, 'difference': 0, 'noise': 1, 'n': 60, 'shap_error': 0.449913089068802, 'shap_norm_sq': 4.894004972225177}
{'sample_size': 600, 'difference': 0, 'noise': 0.0005, 'n': 60, 'shap_error': 0.004851290251845116, 'shap_norm_sq': 15.594659797845392}
{'sample_size': 600, 'difference': 0, 'noise': 0.001, 'n': 60, 'shap_error': 0.005090487774294419, 'shap_norm_sq': 15.594659797845392}
{'sample_size': 600, 'difference': 0, 'noise': 0.005, 'n': 60, 'shap_error': 0.004886080877556821, 'shap_norm_sq': 15.594659797845392}
{'sample_size': 600, 'difference': 0, 'noise': 0.01, 'n': 60, 'shap_error': 0.005227238408498662, 'shap_norm_sq': 15.594659797845392}
{'sample_size': 600, 'difference': 0, 'noise': 0.05, 'n': 60, 'shap_error': 0.006965066403754882, 'shap_norm_sq': 15.594659797845392}
{'sample_size': 600, 'difference': 0, 'noise': 0.1, 'n': 60, 'shap_error': 0.00462355278577041, 'shap_norm_sq': 15.594659797845392}
{'sample_size': 600, 'difference': 0, 'noise': 0.5, 'n': 60, 'shap_error': 0.039401725606914975, 'shap_norm_sq': 15.594659797845392}
{'sample_size': 600, 'difference': 0, 'noise': 1, 'n': 60, 'shap_error': 0.16496381573083743, 'shap_norm_sq': 15.594659797845392}
{'sample_size': 600, 'difference': 0, 'noise': 0.0005, 'n': 60, 'shap_error': 0.006690645414309319, 'shap_norm_sq': 6.81705049003584}
{'sample_size': 600, 'difference': 0, 'noise': 0.001, 'n': 60, 'shap_error': 0.007187585424234258, 'shap_norm_sq': 6.81705049003584}
{'sample_size': 600, 'difference': 0, 'noise': 0.005, 'n': 60, 'shap_error': 0.0056634726953233225, 'shap_norm_sq': 6.81705049003584}
{'sample_size': 600, 'difference': 0, 'noise': 0.01, 'n': 60, 'shap_error': 0.003531821968748169, 'shap_norm_sq': 6.81705049003584}
{'sample_size': 600, 'difference': 0, 'noise': 0.05, 'n': 60, 'shap_error': 0.007506112707980929, 'shap_norm_sq': 6.81705049003584}
{'sample_size': 600, 'difference': 0, 'noise': 0.1, 'n': 60, 'shap_error': 0.015959086211168913, 'shap_norm_sq': 6.81705049003584}
{'sample_size': 600, 'difference': 0, 'noise': 0.5, 'n': 60, 'shap_error': 0.16437155957578872, 'shap_norm_sq': 6.81705049003584}
{'sample_size': 600, 'difference': 0, 'noise': 1, 'n': 60, 'shap_error': 0.7197772900468761, 'shap_norm_sq': 6.81705049003584}
{'sample_size': 600, 'difference': 0, 'noise': 0.0005, 'n': 60, 'shap_error': 0.011470193272043397, 'shap_norm_sq': 9.185606565597285}
{'sample_size': 600, 'difference': 0, 'noise': 0.001, 'n': 60, 'shap_error': 0.0068702746315906235, 'shap_norm_sq': 9.185606565597285}
{'sample_size': 600, 'difference': 0, 'noise': 0.005, 'n': 60, 'shap_error': 0.011269033136836047, 'shap_norm_sq': 9.185606565597285}
{'sample_size': 600, 'difference': 0, 'noise': 0.01, 'n': 60, 'shap_error': 0.01831347735521212, 'shap_norm_sq': 9.185606565597285}
{'sample_size': 600, 'difference': 0, 'noise': 0.05, 'n': 60, 'shap_error': 0.012155251945404223, 'shap_norm_sq': 9.185606565597285}
{'sample_size': 600, 'difference': 0, 'noise': 0.1, 'n': 60, 'shap_error': 0.015947305311893492, 'shap_norm_sq': 9.185606565597285}
{'sample_size': 600, 'difference': 0, 'noise': 0.5, 'n': 60, 'shap_error': 0.07207811004911242, 'shap_norm_sq': 9.185606565597285}
{'sample_size': 600, 'difference': 0, 'noise': 1, 'n': 60, 'shap_error': 0.21897269909113543, 'shap_norm_sq': 9.185606565597285}
{'sample_size': 600, 'difference': 0, 'noise': 0.0005, 'n': 60, 'shap_error': 0.0016633637966557621, 'shap_norm_sq': 5.6021950125587106}
{'sample_size': 600, 'difference': 0, 'noise': 0.001, 'n': 60, 'shap_error': 0.0032114294166596296, 'shap_norm_sq': 5.6021950125587106}
{'sample_size': 600, 'difference': 0, 'noise': 0.005, 'n': 60, 'shap_error': 0.0016257946055279356, 'shap_norm_sq': 5.6021950125587106}
{'sample_size': 600, 'difference': 0, 'noise': 0.01, 'n': 60, 'shap_error': 0.0027794318654945547, 'shap_norm_sq': 5.6021950125587106}
{'sample_size': 600, 'difference': 0, 'noise': 0.05, 'n': 60, 'shap_error': 0.002891113273641001, 'shap_norm_sq': 5.6021950125587106}
{'sample_size': 600, 'difference': 0, 'noise': 0.1, 'n': 60, 'shap_error': 0.004623784778122013, 'shap_norm_sq': 5.6021950125587106}
{'sample_size': 600, 'difference': 0, 'noise': 0.5, 'n': 60, 'shap_error': 0.07623546624241816, 'shap_norm_sq': 5.6021950125587106}
{'sample_size': 600, 'difference': 0, 'noise': 1, 'n': 60, 'shap_error': 0.33351302201571437, 'shap_norm_sq': 5.6021950125587106}
{'sample_size': 600, 'difference': 0, 'noise': 0.0005, 'n': 60, 'shap_error': 0.0018307168390091213, 'shap_norm_sq': 5.901744154573086}
{'sample_size': 600, 'difference': 0, 'noise': 0.001, 'n': 60, 'shap_error': 0.002611661898971094, 'shap_norm_sq': 5.901744154573086}
{'sample_size': 600, 'difference': 0, 'noise': 0.005, 'n': 60, 'shap_error': 0.0022184527460567937, 'shap_norm_sq': 5.901744154573086}
{'sample_size': 600, 'difference': 0, 'noise': 0.01, 'n': 60, 'shap_error': 0.0022388186441551486, 'shap_norm_sq': 5.901744154573086}
{'sample_size': 600, 'difference': 0, 'noise': 0.05, 'n': 60, 'shap_error': 0.001993546813260193, 'shap_norm_sq': 5.901744154573086}
{'sample_size': 600, 'difference': 0, 'noise': 0.1, 'n': 60, 'shap_error': 0.00593039658399186, 'shap_norm_sq': 5.901744154573086}
{'sample_size': 600, 'difference': 0, 'noise': 0.5, 'n': 60, 'shap_error': 0.07903747342987141, 'shap_norm_sq': 5.901744154573086}
{'sample_size': 600, 'difference': 0, 'noise': 1, 'n': 60, 'shap_error': 0.2622953827090871, 'shap_norm_sq': 5.901744154573086}
{'sample_size': 600, 'difference': 0, 'noise': 0.0005, 'n': 60, 'shap_error': 0.002020672353100504, 'shap_norm_sq': 3.2801395582651174}
{'sample_size': 600, 'difference': 0, 'noise': 0.001, 'n': 60, 'shap_error': 0.0012658825422818304, 'shap_norm_sq': 3.2801395582651174}
{'sample_size': 600, 'difference': 0, 'noise': 0.005, 'n': 60, 'shap_error': 0.0014831801564315894, 'shap_norm_sq': 3.2801395582651174}
{'sample_size': 600, 'difference': 0, 'noise': 0.01, 'n': 60, 'shap_error': 0.0011555018589774176, 'shap_norm_sq': 3.2801395582651174}
{'sample_size': 600, 'difference': 0, 'noise': 0.05, 'n': 60, 'shap_error': 0.0020325624249037536, 'shap_norm_sq': 3.2801395582651174}
{'sample_size': 600, 'difference': 0, 'noise': 0.1, 'n': 60, 'shap_error': 0.0053948734475182045, 'shap_norm_sq': 3.2801395582651174}
{'sample_size': 600, 'difference': 0, 'noise': 0.5, 'n': 60, 'shap_error': 0.08260437220874159, 'shap_norm_sq': 3.2801395582651174}
{'sample_size': 600, 'difference': 0, 'noise': 1, 'n': 60, 'shap_error': 0.3099995582011925, 'shap_norm_sq': 3.2801395582651174}
{'sample_size': 600, 'difference': 0, 'noise': 0.0005, 'n': 60, 'shap_error': 0.0036485879776015024, 'shap_norm_sq': 8.560010996876942}
{'sample_size': 600, 'difference': 0, 'noise': 0.001, 'n': 60, 'shap_error': 0.004565688428147947, 'shap_norm_sq': 8.560010996876942}
{'sample_size': 600, 'difference': 0, 'noise': 0.005, 'n': 60, 'shap_error': 0.0047324247031931875, 'shap_norm_sq': 8.560010996876942}
{'sample_size': 600, 'difference': 0, 'noise': 0.01, 'n': 60, 'shap_error': 0.004636994936809086, 'shap_norm_sq': 8.560010996876942}
{'sample_size': 600, 'difference': 0, 'noise': 0.05, 'n': 60, 'shap_error': 0.0041017507997303596, 'shap_norm_sq': 8.560010996876942}
{'sample_size': 600, 'difference': 0, 'noise': 0.1, 'n': 60, 'shap_error': 0.0048232909879071684, 'shap_norm_sq': 8.560010996876942}
{'sample_size': 600, 'difference': 0, 'noise': 0.5, 'n': 60, 'shap_error': 0.04874677066383352, 'shap_norm_sq': 8.560010996876942}
{'sample_size': 600, 'difference': 0, 'noise': 1, 'n': 60, 'shap_error': 0.133577397687351, 'shap_norm_sq': 8.560010996876942}
{'sample_size': 600, 'difference': 0, 'noise': 0.0005, 'n': 60, 'shap_error': 0.010247614496672162, 'shap_norm_sq': 6.711894956472008}
{'sample_size': 600, 'difference': 0, 'noise': 0.001, 'n': 60, 'shap_error': 0.008274366320556083, 'shap_norm_sq': 6.711894956472008}
{'sample_size': 600, 'difference': 0, 'noise': 0.005, 'n': 60, 'shap_error': 0.00604895447465258, 'shap_norm_sq': 6.711894956472008}
{'sample_size': 600, 'difference': 0, 'noise': 0.01, 'n': 60, 'shap_error': 0.009046642214638223, 'shap_norm_sq': 6.711894956472008}
{'sample_size': 600, 'difference': 0, 'noise': 0.05, 'n': 60, 'shap_error': 0.00811789130266467, 'shap_norm_sq': 6.711894956472008}
{'sample_size': 600, 'difference': 0, 'noise': 0.1, 'n': 60, 'shap_error': 0.011763496287640817, 'shap_norm_sq': 6.711894956472008}
{'sample_size': 600, 'difference': 0, 'noise': 0.5, 'n': 60, 'shap_error': 0.0651172661469154, 'shap_norm_sq': 6.711894956472008}
{'sample_size': 600, 'difference': 0, 'noise': 1, 'n': 60, 'shap_error': 0.20088638356487687, 'shap_norm_sq': 6.711894956472008}
{'sample_size': 600, 'difference': 0, 'noise': 0.0005, 'n': 60, 'shap_error': 0.0008839006252443223, 'shap_norm_sq': 7.550193640400623}
{'sample_size': 600, 'difference': 0, 'noise': 0.001, 'n': 60, 'shap_error': 0.0013431721012235462, 'shap_norm_sq': 7.550193640400623}
{'sample_size': 600, 'difference': 0, 'noise': 0.005, 'n': 60, 'shap_error': 0.0014969444941291576, 'shap_norm_sq': 7.550193640400623}
{'sample_size': 600, 'difference': 0, 'noise': 0.01, 'n': 60, 'shap_error': 0.0012276527910668644, 'shap_norm_sq': 7.550193640400623}
{'sample_size': 600, 'difference': 0, 'noise': 0.05, 'n': 60, 'shap_error': 0.0017341591398099636, 'shap_norm_sq': 7.550193640400623}
{'sample_size': 600, 'difference': 0, 'noise': 0.1, 'n': 60, 'shap_error': 0.006324802598406844, 'shap_norm_sq': 7.550193640400623}
{'sample_size': 600, 'difference': 0, 'noise': 0.5, 'n': 60, 'shap_error': 0.12026107709993292, 'shap_norm_sq': 7.550193640400623}
{'sample_size': 600, 'difference': 0, 'noise': 1, 'n': 60, 'shap_error': 0.5233228755413968, 'shap_norm_sq': 7.550193640400623}
{'sample_size': 600, 'difference': 0, 'noise': 0.0005, 'n': 60, 'shap_error': 0.0007263914113592709, 'shap_norm_sq': 4.444545588702095}
{'sample_size': 600, 'difference': 0, 'noise': 0.001, 'n': 60, 'shap_error': 0.0004954431510335999, 'shap_norm_sq': 4.444545588702095}
{'sample_size': 600, 'difference': 0, 'noise': 0.005, 'n': 60, 'shap_error': 0.0007955876089134055, 'shap_norm_sq': 4.444545588702095}
{'sample_size': 600, 'difference': 0, 'noise': 0.01, 'n': 60, 'shap_error': 0.0006024234481106227, 'shap_norm_sq': 4.444545588702095}
{'sample_size': 600, 'difference': 0, 'noise': 0.05, 'n': 60, 'shap_error': 0.00145125051191484, 'shap_norm_sq': 4.444545588702095}
{'sample_size': 600, 'difference': 0, 'noise': 0.1, 'n': 60, 'shap_error': 0.0030950550164090427, 'shap_norm_sq': 4.444545588702095}
{'sample_size': 600, 'difference': 0, 'noise': 0.5, 'n': 60, 'shap_error': 0.05545618080839667, 'shap_norm_sq': 4.444545588702095}
{'sample_size': 600, 'difference': 0, 'noise': 1, 'n': 60, 'shap_error': 0.22228160834736266, 'shap_norm_sq': 4.444545588702095}
{'sample_size': 600, 'difference': 0, 'noise': 0.0005, 'n': 60, 'shap_error': 0.0034303668693276236, 'shap_norm_sq': 9.715344876219786}
{'sample_size': 600, 'difference': 0, 'noise': 0.001, 'n': 60, 'shap_error': 0.006017463223225822, 'shap_norm_sq': 9.715344876219786}
{'sample_size': 600, 'difference': 0, 'noise': 0.005, 'n': 60, 'shap_error': 0.005507383338605001, 'shap_norm_sq': 9.715344876219786}
{'sample_size': 600, 'difference': 0, 'noise': 0.01, 'n': 60, 'shap_error': 0.005757058732363736, 'shap_norm_sq': 9.715344876219786}
{'sample_size': 600, 'difference': 0, 'noise': 0.05, 'n': 60, 'shap_error': 0.004984205691330607, 'shap_norm_sq': 9.715344876219786}
{'sample_size': 600, 'difference': 0, 'noise': 0.1, 'n': 60, 'shap_error': 0.006012277292658203, 'shap_norm_sq': 9.715344876219786}
{'sample_size': 600, 'difference': 0, 'noise': 0.5, 'n': 60, 'shap_error': 0.15995995762568135, 'shap_norm_sq': 9.715344876219786}
{'sample_size': 600, 'difference': 0, 'noise': 1, 'n': 60, 'shap_error': 0.3766342864382736, 'shap_norm_sq': 9.715344876219786}
{'sample_size': 600, 'difference': 0, 'noise': 0.0005, 'n': 60, 'shap_error': 0.0004014315281709892, 'shap_norm_sq': 8.66417842476889}
{'sample_size': 600, 'difference': 0, 'noise': 0.001, 'n': 60, 'shap_error': 0.00057920314621195, 'shap_norm_sq': 8.66417842476889}
{'sample_size': 600, 'difference': 0, 'noise': 0.005, 'n': 60, 'shap_error': 0.0008527433392605086, 'shap_norm_sq': 8.66417842476889}
{'sample_size': 600, 'difference': 0, 'noise': 0.01, 'n': 60, 'shap_error': 0.0006601226371372742, 'shap_norm_sq': 8.66417842476889}
{'sample_size': 600, 'difference': 0, 'noise': 0.05, 'n': 60, 'shap_error': 0.0009289678410572613, 'shap_norm_sq': 8.66417842476889}
{'sample_size': 600, 'difference': 0, 'noise': 0.1, 'n': 60, 'shap_error': 0.0024512752272460325, 'shap_norm_sq': 8.66417842476889}
{'sample_size': 600, 'difference': 0, 'noise': 0.5, 'n': 60, 'shap_error': 0.04699271602213149, 'shap_norm_sq': 8.66417842476889}
{'sample_size': 600, 'difference': 0, 'noise': 1, 'n': 60, 'shap_error': 0.1813451623766152, 'shap_norm_sq': 8.66417842476889}
{'sample_size': 600, 'difference': 0, 'noise': 0.0005, 'n': 60, 'shap_error': 0.0074755801761433325, 'shap_norm_sq': 9.908719546335492}
{'sample_size': 600, 'difference': 0, 'noise': 0.001, 'n': 60, 'shap_error': 0.01474233949524335, 'shap_norm_sq': 9.908719546335492}
{'sample_size': 600, 'difference': 0, 'noise': 0.005, 'n': 60, 'shap_error': 0.011626337730425053, 'shap_norm_sq': 9.908719546335492}
{'sample_size': 600, 'difference': 0, 'noise': 0.01, 'n': 60, 'shap_error': 0.009091395519762333, 'shap_norm_sq': 9.908719546335492}
{'sample_size': 600, 'difference': 0, 'noise': 0.05, 'n': 60, 'shap_error': 0.00983694268096212, 'shap_norm_sq': 9.908719546335492}
{'sample_size': 600, 'difference': 0, 'noise': 0.1, 'n': 60, 'shap_error': 0.014472217287730389, 'shap_norm_sq': 9.908719546335492}
{'sample_size': 600, 'difference': 0, 'noise': 0.5, 'n': 60, 'shap_error': 0.13967924693929057, 'shap_norm_sq': 9.908719546335492}
{'sample_size': 600, 'difference': 0, 'noise': 1, 'n': 60, 'shap_error': 0.5071541917106139, 'shap_norm_sq': 9.908719546335492}
{'sample_size': 600, 'difference': 0, 'noise': 0.0005, 'n': 60, 'shap_error': 0.01886783365068584, 'shap_norm_sq': 10.520285272515492}
{'sample_size': 600, 'difference': 0, 'noise': 0.001, 'n': 60, 'shap_error': 0.012903907327193723, 'shap_norm_sq': 10.520285272515492}
{'sample_size': 600, 'difference': 0, 'noise': 0.005, 'n': 60, 'shap_error': 0.013594623286237034, 'shap_norm_sq': 10.520285272515492}
{'sample_size': 600, 'difference': 0, 'noise': 0.01, 'n': 60, 'shap_error': 0.00986964603577804, 'shap_norm_sq': 10.520285272515492}
{'sample_size': 600, 'difference': 0, 'noise': 0.05, 'n': 60, 'shap_error': 0.009945083526742414, 'shap_norm_sq': 10.520285272515492}
{'sample_size': 600, 'difference': 0, 'noise': 0.1, 'n': 60, 'shap_error': 0.013256980296080448, 'shap_norm_sq': 10.520285272515492}
{'sample_size': 600, 'difference': 0, 'noise': 0.5, 'n': 60, 'shap_error': 0.04783219078374227, 'shap_norm_sq': 10.520285272515492}
{'sample_size': 600, 'difference': 0, 'noise': 1, 'n': 60, 'shap_error': 0.14506832188464316, 'shap_norm_sq': 10.520285272515492}
{'sample_size': 600, 'difference': 0, 'noise': 0.0005, 'n': 60, 'shap_error': 0.000976684303800228, 'shap_norm_sq': 10.290427218066093}
{'sample_size': 600, 'difference': 0, 'noise': 0.001, 'n': 60, 'shap_error': 0.0009753634963195311, 'shap_norm_sq': 10.290427218066093}
{'sample_size': 600, 'difference': 0, 'noise': 0.005, 'n': 60, 'shap_error': 0.0006437776243189184, 'shap_norm_sq': 10.290427218066093}
{'sample_size': 600, 'difference': 0, 'noise': 0.01, 'n': 60, 'shap_error': 0.000999741025621122, 'shap_norm_sq': 10.290427218066093}
{'sample_size': 600, 'difference': 0, 'noise': 0.05, 'n': 60, 'shap_error': 0.0016202055271046084, 'shap_norm_sq': 10.290427218066093}
{'sample_size': 600, 'difference': 0, 'noise': 0.1, 'n': 60, 'shap_error': 0.0070629992435419925, 'shap_norm_sq': 10.290427218066093}
{'sample_size': 600, 'difference': 0, 'noise': 0.5, 'n': 60, 'shap_error': 0.14045008492465813, 'shap_norm_sq': 10.290427218066093}
{'sample_size': 600, 'difference': 0, 'noise': 1, 'n': 60, 'shap_error': 0.5480121730229506, 'shap_norm_sq': 10.290427218066093}
{'sample_size': 600, 'difference': 0, 'noise': 0.0005, 'n': 60, 'shap_error': 1.4361744152981977e-05, 'shap_norm_sq': 8.587273414365967}
{'sample_size': 600, 'difference': 0, 'noise': 0.001, 'n': 60, 'shap_error': 1.8975515482586504e-05, 'shap_norm_sq': 8.587273414365967}
{'sample_size': 600, 'difference': 0, 'noise': 0.005, 'n': 60, 'shap_error': 2.353573946508169e-05, 'shap_norm_sq': 8.587273414365967}
{'sample_size': 600, 'difference': 0, 'noise': 0.01, 'n': 60, 'shap_error': 5.787624808692536e-05, 'shap_norm_sq': 8.587273414365967}
{'sample_size': 600, 'difference': 0, 'noise': 0.05, 'n': 60, 'shap_error': 0.0007374098339841033, 'shap_norm_sq': 8.587273414365967}
{'sample_size': 600, 'difference': 0, 'noise': 0.1, 'n': 60, 'shap_error': 0.0028993374154582443, 'shap_norm_sq': 8.587273414365967}
{'sample_size': 600, 'difference': 0, 'noise': 0.5, 'n': 60, 'shap_error': 0.07159476880246775, 'shap_norm_sq': 8.587273414365967}
{'sample_size': 600, 'difference': 0, 'noise': 1, 'n': 60, 'shap_error': 0.2499942372880327, 'shap_norm_sq': 8.587273414365967}
{'sample_size': 600, 'difference': 0, 'noise': 0.0005, 'n': 60, 'shap_error': 0.005848775089194462, 'shap_norm_sq': 14.25179356694698}
{'sample_size': 600, 'difference': 0, 'noise': 0.001, 'n': 60, 'shap_error': 0.0028672835006054724, 'shap_norm_sq': 14.25179356694698}
{'sample_size': 600, 'difference': 0, 'noise': 0.005, 'n': 60, 'shap_error': 0.0038932646899167934, 'shap_norm_sq': 14.25179356694698}
{'sample_size': 600, 'difference': 0, 'noise': 0.01, 'n': 60, 'shap_error': 0.004035479693497923, 'shap_norm_sq': 14.25179356694698}
{'sample_size': 600, 'difference': 0, 'noise': 0.05, 'n': 60, 'shap_error': 0.003853316119367511, 'shap_norm_sq': 14.25179356694698}
{'sample_size': 600, 'difference': 0, 'noise': 0.1, 'n': 60, 'shap_error': 0.004403068257869118, 'shap_norm_sq': 14.25179356694698}
{'sample_size': 600, 'difference': 0, 'noise': 0.5, 'n': 60, 'shap_error': 0.03885589240981373, 'shap_norm_sq': 14.25179356694698}
{'sample_size': 600, 'difference': 0, 'noise': 1, 'n': 60, 'shap_error': 0.11234643956699572, 'shap_norm_sq': 14.25179356694698}
{'sample_size': 600, 'difference': 0, 'noise': 0.0005, 'n': 60, 'shap_error': 0.00035309756848855226, 'shap_norm_sq': 3.780191233002397}
{'sample_size': 600, 'difference': 0, 'noise': 0.001, 'n': 60, 'shap_error': 0.0003475855087952362, 'shap_norm_sq': 3.780191233002397}
{'sample_size': 600, 'difference': 0, 'noise': 0.005, 'n': 60, 'shap_error': 0.00039499139714541885, 'shap_norm_sq': 3.780191233002397}
{'sample_size': 600, 'difference': 0, 'noise': 0.01, 'n': 60, 'shap_error': 0.00044609376013876216, 'shap_norm_sq': 3.780191233002397}
{'sample_size': 600, 'difference': 0, 'noise': 0.05, 'n': 60, 'shap_error': 0.0021147063194134545, 'shap_norm_sq': 3.780191233002397}
{'sample_size': 600, 'difference': 0, 'noise': 0.1, 'n': 60, 'shap_error': 0.007336995850721102, 'shap_norm_sq': 3.780191233002397}
{'sample_size': 600, 'difference': 0, 'noise': 0.5, 'n': 60, 'shap_error': 0.1069659005502376, 'shap_norm_sq': 3.780191233002397}
{'sample_size': 600, 'difference': 0, 'noise': 1, 'n': 60, 'shap_error': 0.5174211916509822, 'shap_norm_sq': 3.780191233002397}
{'sample_size': 600, 'difference': 0, 'noise': 0.0005, 'n': 60, 'shap_error': 0.005300576647700604, 'shap_norm_sq': 6.63418018291673}
{'sample_size': 600, 'difference': 0, 'noise': 0.001, 'n': 60, 'shap_error': 0.00807374535963745, 'shap_norm_sq': 6.63418018291673}
{'sample_size': 600, 'difference': 0, 'noise': 0.005, 'n': 60, 'shap_error': 0.007879606438358763, 'shap_norm_sq': 6.63418018291673}
{'sample_size': 600, 'difference': 0, 'noise': 0.01, 'n': 60, 'shap_error': 0.005409696394865312, 'shap_norm_sq': 6.63418018291673}
{'sample_size': 600, 'difference': 0, 'noise': 0.05, 'n': 60, 'shap_error': 0.005564630720190445, 'shap_norm_sq': 6.63418018291673}
{'sample_size': 600, 'difference': 0, 'noise': 0.1, 'n': 60, 'shap_error': 0.005533539832399166, 'shap_norm_sq': 6.63418018291673}
{'sample_size': 600, 'difference': 0, 'noise': 0.5, 'n': 60, 'shap_error': 0.04445195518523373, 'shap_norm_sq': 6.63418018291673}
{'sample_size': 600, 'difference': 0, 'noise': 1, 'n': 60, 'shap_error': 0.23439020240647504, 'shap_norm_sq': 6.63418018291673}
{'sample_size': 600, 'difference': 0, 'noise': 0.0005, 'n': 60, 'shap_error': 0.0013891209792019576, 'shap_norm_sq': 5.996485420784637}
{'sample_size': 600, 'difference': 0, 'noise': 0.001, 'n': 60, 'shap_error': 0.0012611812282480928, 'shap_norm_sq': 5.996485420784637}
{'sample_size': 600, 'difference': 0, 'noise': 0.005, 'n': 60, 'shap_error': 0.001122926314686939, 'shap_norm_sq': 5.996485420784637}
{'sample_size': 600, 'difference': 0, 'noise': 0.01, 'n': 60, 'shap_error': 0.0010133025432875005, 'shap_norm_sq': 5.996485420784637}
{'sample_size': 600, 'difference': 0, 'noise': 0.05, 'n': 60, 'shap_error': 0.0010257844343711684, 'shap_norm_sq': 5.996485420784637}
{'sample_size': 600, 'difference': 0, 'noise': 0.1, 'n': 60, 'shap_error': 0.002220614228605063, 'shap_norm_sq': 5.996485420784637}
{'sample_size': 600, 'difference': 0, 'noise': 0.5, 'n': 60, 'shap_error': 0.0667115431083522, 'shap_norm_sq': 5.996485420784637}
{'sample_size': 600, 'difference': 0, 'noise': 1, 'n': 60, 'shap_error': 0.22698081998105804, 'shap_norm_sq': 5.996485420784637}
{'sample_size': 600, 'difference': 0, 'noise': 0.0005, 'n': 60, 'shap_error': 0.006825979609799172, 'shap_norm_sq': 12.960141592671572}
{'sample_size': 600, 'difference': 0, 'noise': 0.001, 'n': 60, 'shap_error': 0.007256161944581918, 'shap_norm_sq': 12.960141592671572}
{'sample_size': 600, 'difference': 0, 'noise': 0.005, 'n': 60, 'shap_error': 0.009066890613052846, 'shap_norm_sq': 12.960141592671572}
{'sample_size': 600, 'difference': 0, 'noise': 0.01, 'n': 60, 'shap_error': 0.0075246302055471176, 'shap_norm_sq': 12.960141592671572}
{'sample_size': 600, 'difference': 0, 'noise': 0.05, 'n': 60, 'shap_error': 0.007219466335780737, 'shap_norm_sq': 12.960141592671572}
{'sample_size': 600, 'difference': 0, 'noise': 0.1, 'n': 60, 'shap_error': 0.00788999458063124, 'shap_norm_sq': 12.960141592671572}
{'sample_size': 600, 'difference': 0, 'noise': 0.5, 'n': 60, 'shap_error': 0.04966604629862935, 'shap_norm_sq': 12.960141592671572}
{'sample_size': 600, 'difference': 0, 'noise': 1, 'n': 60, 'shap_error': 0.14191938802460047, 'shap_norm_sq': 12.960141592671572}
{'sample_size': 600, 'difference': 0, 'noise': 0.0005, 'n': 60, 'shap_error': 0.007661684506468653, 'shap_norm_sq': 11.102301347651185}
{'sample_size': 600, 'difference': 0, 'noise': 0.001, 'n': 60, 'shap_error': 0.011178433479245811, 'shap_norm_sq': 11.102301347651185}
{'sample_size': 600, 'difference': 0, 'noise': 0.005, 'n': 60, 'shap_error': 0.008517190744738137, 'shap_norm_sq': 11.102301347651185}
{'sample_size': 600, 'difference': 0, 'noise': 0.01, 'n': 60, 'shap_error': 0.010206223578217107, 'shap_norm_sq': 11.102301347651185}
{'sample_size': 600, 'difference': 0, 'noise': 0.05, 'n': 60, 'shap_error': 0.007759345921892162, 'shap_norm_sq': 11.102301347651185}
{'sample_size': 600, 'difference': 0, 'noise': 0.1, 'n': 60, 'shap_error': 0.00963915622324374, 'shap_norm_sq': 11.102301347651185}
{'sample_size': 600, 'difference': 0, 'noise': 0.5, 'n': 60, 'shap_error': 0.05343873604835081, 'shap_norm_sq': 11.102301347651185}
{'sample_size': 600, 'difference': 0, 'noise': 1, 'n': 60, 'shap_error': 0.15815852731693122, 'shap_norm_sq': 11.102301347651185}
{'sample_size': 600, 'difference': 0, 'noise': 0.0005, 'n': 60, 'shap_error': 0.0024900411393038563, 'shap_norm_sq': 14.924473106023266}
{'sample_size': 600, 'difference': 0, 'noise': 0.001, 'n': 60, 'shap_error': 0.002510262177402737, 'shap_norm_sq': 14.924473106023266}
{'sample_size': 600, 'difference': 0, 'noise': 0.005, 'n': 60, 'shap_error': 0.0020331347231177755, 'shap_norm_sq': 14.924473106023266}
{'sample_size': 600, 'difference': 0, 'noise': 0.01, 'n': 60, 'shap_error': 0.0024655937543373685, 'shap_norm_sq': 14.924473106023266}
{'sample_size': 600, 'difference': 0, 'noise': 0.05, 'n': 60, 'shap_error': 0.0032786992838040483, 'shap_norm_sq': 14.924473106023266}
{'sample_size': 600, 'difference': 0, 'noise': 0.1, 'n': 60, 'shap_error': 0.0021212886432934717, 'shap_norm_sq': 14.924473106023266}
{'sample_size': 600, 'difference': 0, 'noise': 0.5, 'n': 60, 'shap_error': 0.019079792684100684, 'shap_norm_sq': 14.924473106023266}
{'sample_size': 600, 'difference': 0, 'noise': 1, 'n': 60, 'shap_error': 0.11131134285156058, 'shap_norm_sq': 14.924473106023266}
{'sample_size': 600, 'difference': 0, 'noise': 0.0005, 'n': 60, 'shap_error': 0.00451011049469672, 'shap_norm_sq': 5.077170380077991}
{'sample_size': 600, 'difference': 0, 'noise': 0.001, 'n': 60, 'shap_error': 0.003759527526037206, 'shap_norm_sq': 5.077170380077991}
{'sample_size': 600, 'difference': 0, 'noise': 0.005, 'n': 60, 'shap_error': 0.005658878437448147, 'shap_norm_sq': 5.077170380077991}
{'sample_size': 600, 'difference': 0, 'noise': 0.01, 'n': 60, 'shap_error': 0.005383259059616888, 'shap_norm_sq': 5.077170380077991}
{'sample_size': 600, 'difference': 0, 'noise': 0.05, 'n': 60, 'shap_error': 0.005279817374052871, 'shap_norm_sq': 5.077170380077991}
{'sample_size': 600, 'difference': 0, 'noise': 0.1, 'n': 60, 'shap_error': 0.0071651812100151655, 'shap_norm_sq': 5.077170380077991}
{'sample_size': 600, 'difference': 0, 'noise': 0.5, 'n': 60, 'shap_error': 0.10980480929077377, 'shap_norm_sq': 5.077170380077991}
{'sample_size': 600, 'difference': 0, 'noise': 1, 'n': 60, 'shap_error': 0.2969438587092529, 'shap_norm_sq': 5.077170380077991}
{'sample_size': 600, 'difference': 0, 'noise': 0.0005, 'n': 60, 'shap_error': 0.004657592577931485, 'shap_norm_sq': 5.0007642361113245}
{'sample_size': 600, 'difference': 0, 'noise': 0.001, 'n': 60, 'shap_error': 0.007866628816779806, 'shap_norm_sq': 5.0007642361113245}
{'sample_size': 600, 'difference': 0, 'noise': 0.005, 'n': 60, 'shap_error': 0.005311760224128035, 'shap_norm_sq': 5.0007642361113245}
{'sample_size': 600, 'difference': 0, 'noise': 0.01, 'n': 60, 'shap_error': 0.00511176849753101, 'shap_norm_sq': 5.0007642361113245}
{'sample_size': 600, 'difference': 0, 'noise': 0.05, 'n': 60, 'shap_error': 0.004116751121186118, 'shap_norm_sq': 5.0007642361113245}
{'sample_size': 600, 'difference': 0, 'noise': 0.1, 'n': 60, 'shap_error': 0.009656166735311361, 'shap_norm_sq': 5.0007642361113245}
{'sample_size': 600, 'difference': 0, 'noise': 0.5, 'n': 60, 'shap_error': 0.09211030508604727, 'shap_norm_sq': 5.0007642361113245}
{'sample_size': 600, 'difference': 0, 'noise': 1, 'n': 60, 'shap_error': 0.2876718881690618, 'shap_norm_sq': 5.0007642361113245}
{'sample_size': 600, 'difference': 0, 'noise': 0.0005, 'n': 60, 'shap_error': 0.007734102093974968, 'shap_norm_sq': 10.678528205705788}
{'sample_size': 600, 'difference': 0, 'noise': 0.001, 'n': 60, 'shap_error': 0.005851099759798935, 'shap_norm_sq': 10.678528205705788}
{'sample_size': 600, 'difference': 0, 'noise': 0.005, 'n': 60, 'shap_error': 0.009153259974575997, 'shap_norm_sq': 10.678528205705788}
{'sample_size': 600, 'difference': 0, 'noise': 0.01, 'n': 60, 'shap_error': 0.007908853043582326, 'shap_norm_sq': 10.678528205705788}
{'sample_size': 600, 'difference': 0, 'noise': 0.05, 'n': 60, 'shap_error': 0.008372227091902192, 'shap_norm_sq': 10.678528205705788}
{'sample_size': 600, 'difference': 0, 'noise': 0.1, 'n': 60, 'shap_error': 0.008599426554124625, 'shap_norm_sq': 10.678528205705788}
{'sample_size': 600, 'difference': 0, 'noise': 0.5, 'n': 60, 'shap_error': 0.022843517416886495, 'shap_norm_sq': 10.678528205705788}
{'sample_size': 600, 'difference': 0, 'noise': 1, 'n': 60, 'shap_error': 0.1990342636229229, 'shap_norm_sq': 10.678528205705788}
{'sample_size': 600, 'difference': 0, 'noise': 0.0005, 'n': 60, 'shap_error': 0.00424483765485509, 'shap_norm_sq': 8.67498876187323}
{'sample_size': 600, 'difference': 0, 'noise': 0.001, 'n': 60, 'shap_error': 0.005354420270050074, 'shap_norm_sq': 8.67498876187323}
{'sample_size': 600, 'difference': 0, 'noise': 0.005, 'n': 60, 'shap_error': 0.004580747035445661, 'shap_norm_sq': 8.67498876187323}
{'sample_size': 600, 'difference': 0, 'noise': 0.01, 'n': 60, 'shap_error': 0.004282828827431026, 'shap_norm_sq': 8.67498876187323}
{'sample_size': 600, 'difference': 0, 'noise': 0.05, 'n': 60, 'shap_error': 0.006106114670907946, 'shap_norm_sq': 8.67498876187323}
{'sample_size': 600, 'difference': 0, 'noise': 0.1, 'n': 60, 'shap_error': 0.0057974260388993365, 'shap_norm_sq': 8.67498876187323}
{'sample_size': 600, 'difference': 0, 'noise': 0.5, 'n': 60, 'shap_error': 0.07195926716185115, 'shap_norm_sq': 8.67498876187323}
{'sample_size': 600, 'difference': 0, 'noise': 1, 'n': 60, 'shap_error': 0.2599419759755114, 'shap_norm_sq': 8.67498876187323}
{'sample_size': 600, 'difference': 0, 'noise': 0.0005, 'n': 60, 'shap_error': 0.00544450635717395, 'shap_norm_sq': 5.6598700827240735}
{'sample_size': 600, 'difference': 0, 'noise': 0.001, 'n': 60, 'shap_error': 0.0028273584802746936, 'shap_norm_sq': 5.6598700827240735}
{'sample_size': 600, 'difference': 0, 'noise': 0.005, 'n': 60, 'shap_error': 0.002346448516516869, 'shap_norm_sq': 5.6598700827240735}
{'sample_size': 600, 'difference': 0, 'noise': 0.01, 'n': 60, 'shap_error': 0.0039913748926958485, 'shap_norm_sq': 5.6598700827240735}
{'sample_size': 600, 'difference': 0, 'noise': 0.05, 'n': 60, 'shap_error': 0.00595022472928678, 'shap_norm_sq': 5.6598700827240735}
{'sample_size': 600, 'difference': 0, 'noise': 0.1, 'n': 60, 'shap_error': 0.009036821020733403, 'shap_norm_sq': 5.6598700827240735}
{'sample_size': 600, 'difference': 0, 'noise': 0.5, 'n': 60, 'shap_error': 0.0625285320607298, 'shap_norm_sq': 5.6598700827240735}
{'sample_size': 600, 'difference': 0, 'noise': 1, 'n': 60, 'shap_error': 0.26958209413883155, 'shap_norm_sq': 5.6598700827240735}
{'sample_size': 600, 'difference': 0, 'noise': 0.0005, 'n': 60, 'shap_error': 2.7937031647952544e-07, 'shap_norm_sq': 1.333489669033454}
{'sample_size': 600, 'difference': 0, 'noise': 0.001, 'n': 60, 'shap_error': 1.1781384153907392e-06, 'shap_norm_sq': 1.333489669033454}
{'sample_size': 600, 'difference': 0, 'noise': 0.005, 'n': 60, 'shap_error': 2.226277286626555e-05, 'shap_norm_sq': 1.333489669033454}
{'sample_size': 600, 'difference': 0, 'noise': 0.01, 'n': 60, 'shap_error': 9.66385649624907e-05, 'shap_norm_sq': 1.333489669033454}
{'sample_size': 600, 'difference': 0, 'noise': 0.05, 'n': 60, 'shap_error': 0.002324316649856563, 'shap_norm_sq': 1.333489669033454}
{'sample_size': 600, 'difference': 0, 'noise': 0.1, 'n': 60, 'shap_error': 0.00863715328992229, 'shap_norm_sq': 1.333489669033454}
{'sample_size': 600, 'difference': 0, 'noise': 0.5, 'n': 60, 'shap_error': 0.22674077741496534, 'shap_norm_sq': 1.333489669033454}
{'sample_size': 600, 'difference': 0, 'noise': 1, 'n': 60, 'shap_error': 0.7653919884006077, 'shap_norm_sq': 1.333489669033454}
{'sample_size': 600, 'difference': 0, 'noise': 0.0005, 'n': 60, 'shap_error': 0.001238686340102897, 'shap_norm_sq': 4.16273397764465}
{'sample_size': 600, 'difference': 0, 'noise': 0.001, 'n': 60, 'shap_error': 0.0011125612795618365, 'shap_norm_sq': 4.16273397764465}
{'sample_size': 600, 'difference': 0, 'noise': 0.005, 'n': 60, 'shap_error': 0.0010796576771336438, 'shap_norm_sq': 4.16273397764465}
{'sample_size': 600, 'difference': 0, 'noise': 0.01, 'n': 60, 'shap_error': 0.0015929866954854984, 'shap_norm_sq': 4.16273397764465}
{'sample_size': 600, 'difference': 0, 'noise': 0.05, 'n': 60, 'shap_error': 0.0016116124694006892, 'shap_norm_sq': 4.16273397764465}
{'sample_size': 600, 'difference': 0, 'noise': 0.1, 'n': 60, 'shap_error': 0.004031196838518203, 'shap_norm_sq': 4.16273397764465}
{'sample_size': 600, 'difference': 0, 'noise': 0.5, 'n': 60, 'shap_error': 0.10551654886478108, 'shap_norm_sq': 4.16273397764465}
{'sample_size': 600, 'difference': 0, 'noise': 1, 'n': 60, 'shap_error': 0.28658448510710643, 'shap_norm_sq': 4.16273397764465}
{'sample_size': 600, 'difference': 0, 'noise': 0.0005, 'n': 60, 'shap_error': 0.0020071550784678278, 'shap_norm_sq': 7.334810340873271}
{'sample_size': 600, 'difference': 0, 'noise': 0.001, 'n': 60, 'shap_error': 0.001569446451688014, 'shap_norm_sq': 7.334810340873271}
{'sample_size': 600, 'difference': 0, 'noise': 0.005, 'n': 60, 'shap_error': 0.0013986689538158256, 'shap_norm_sq': 7.334810340873271}
{'sample_size': 600, 'difference': 0, 'noise': 0.01, 'n': 60, 'shap_error': 0.0026314753946492203, 'shap_norm_sq': 7.334810340873271}
{'sample_size': 600, 'difference': 0, 'noise': 0.05, 'n': 60, 'shap_error': 0.0019104695236562626, 'shap_norm_sq': 7.334810340873271}
{'sample_size': 600, 'difference': 0, 'noise': 0.1, 'n': 60, 'shap_error': 0.0025497621846149268, 'shap_norm_sq': 7.334810340873271}
{'sample_size': 600, 'difference': 0, 'noise': 0.5, 'n': 60, 'shap_error': 0.05230902399461599, 'shap_norm_sq': 7.334810340873271}
{'sample_size': 600, 'difference': 0, 'noise': 1, 'n': 60, 'shap_error': 0.254317982505005, 'shap_norm_sq': 7.334810340873271}
{'sample_size': 600, 'difference': 0, 'noise': 0.0005, 'n': 60, 'shap_error': 0.00012909805162909625, 'shap_norm_sq': 8.620960238970866}
{'sample_size': 600, 'difference': 0, 'noise': 0.001, 'n': 60, 'shap_error': 0.00010983202087156736, 'shap_norm_sq': 8.620960238970866}
{'sample_size': 600, 'difference': 0, 'noise': 0.005, 'n': 60, 'shap_error': 0.00012425324691632493, 'shap_norm_sq': 8.620960238970866}
{'sample_size': 600, 'difference': 0, 'noise': 0.01, 'n': 60, 'shap_error': 0.000200569550966855, 'shap_norm_sq': 8.620960238970866}
{'sample_size': 600, 'difference': 0, 'noise': 0.05, 'n': 60, 'shap_error': 0.0006404183714628215, 'shap_norm_sq': 8.620960238970866}
{'sample_size': 600, 'difference': 0, 'noise': 0.1, 'n': 60, 'shap_error': 0.0021403117863751675, 'shap_norm_sq': 8.620960238970866}
{'sample_size': 600, 'difference': 0, 'noise': 0.5, 'n': 60, 'shap_error': 0.06035718560704924, 'shap_norm_sq': 8.620960238970866}
{'sample_size': 600, 'difference': 0, 'noise': 1, 'n': 60, 'shap_error': 0.23858364327199552, 'shap_norm_sq': 8.620960238970866}
{'sample_size': 600, 'difference': 0, 'noise': 0.0005, 'n': 60, 'shap_error': 0.00779789594461354, 'shap_norm_sq': 9.105571154254596}
{'sample_size': 600, 'difference': 0, 'noise': 0.001, 'n': 60, 'shap_error': 0.006545098416802294, 'shap_norm_sq': 9.105571154254596}
{'sample_size': 600, 'difference': 0, 'noise': 0.005, 'n': 60, 'shap_error': 0.0060588359415500595, 'shap_norm_sq': 9.105571154254596}
{'sample_size': 600, 'difference': 0, 'noise': 0.01, 'n': 60, 'shap_error': 0.006806500502621178, 'shap_norm_sq': 9.105571154254596}
{'sample_size': 600, 'difference': 0, 'noise': 0.05, 'n': 60, 'shap_error': 0.008085730247113714, 'shap_norm_sq': 9.105571154254596}
{'sample_size': 600, 'difference': 0, 'noise': 0.1, 'n': 60, 'shap_error': 0.014642554612039609, 'shap_norm_sq': 9.105571154254596}
{'sample_size': 600, 'difference': 0, 'noise': 0.5, 'n': 60, 'shap_error': 0.039872523397007024, 'shap_norm_sq': 9.105571154254596}
{'sample_size': 600, 'difference': 0, 'noise': 1, 'n': 60, 'shap_error': 0.19847151583750758, 'shap_norm_sq': 9.105571154254596}
{'sample_size': 600, 'difference': 0, 'noise': 0.0005, 'n': 60, 'shap_error': 0.007409141532264649, 'shap_norm_sq': 10.55445708274804}
{'sample_size': 600, 'difference': 0, 'noise': 0.001, 'n': 60, 'shap_error': 0.004659422302346024, 'shap_norm_sq': 10.55445708274804}
{'sample_size': 600, 'difference': 0, 'noise': 0.005, 'n': 60, 'shap_error': 0.006135523710306674, 'shap_norm_sq': 10.55445708274804}
{'sample_size': 600, 'difference': 0, 'noise': 0.01, 'n': 60, 'shap_error': 0.007274249161655916, 'shap_norm_sq': 10.55445708274804}
{'sample_size': 600, 'difference': 0, 'noise': 0.05, 'n': 60, 'shap_error': 0.006373787855389003, 'shap_norm_sq': 10.55445708274804}
{'sample_size': 600, 'difference': 0, 'noise': 0.1, 'n': 60, 'shap_error': 0.006405861230555455, 'shap_norm_sq': 10.55445708274804}
{'sample_size': 600, 'difference': 0, 'noise': 0.5, 'n': 60, 'shap_error': 0.029362699078130848, 'shap_norm_sq': 10.55445708274804}
{'sample_size': 600, 'difference': 0, 'noise': 1, 'n': 60, 'shap_error': 0.13951289350685045, 'shap_norm_sq': 10.55445708274804}
{'sample_size': 600, 'difference': 0, 'noise': 0.0005, 'n': 60, 'shap_error': 0.011036203245875153, 'shap_norm_sq': 6.6591773522488955}
{'sample_size': 600, 'difference': 0, 'noise': 0.001, 'n': 60, 'shap_error': 0.012849643172066492, 'shap_norm_sq': 6.6591773522488955}
{'sample_size': 600, 'difference': 0, 'noise': 0.005, 'n': 60, 'shap_error': 0.01128169459303339, 'shap_norm_sq': 6.6591773522488955}
{'sample_size': 600, 'difference': 0, 'noise': 0.01, 'n': 60, 'shap_error': 0.015015048035291937, 'shap_norm_sq': 6.6591773522488955}
{'sample_size': 600, 'difference': 0, 'noise': 0.05, 'n': 60, 'shap_error': 0.015516607820746908, 'shap_norm_sq': 6.6591773522488955}
{'sample_size': 600, 'difference': 0, 'noise': 0.1, 'n': 60, 'shap_error': 0.01426818056951719, 'shap_norm_sq': 6.6591773522488955}
{'sample_size': 600, 'difference': 0, 'noise': 0.5, 'n': 60, 'shap_error': 0.058809412502358833, 'shap_norm_sq': 6.6591773522488955}
{'sample_size': 600, 'difference': 0, 'noise': 1, 'n': 60, 'shap_error': 0.3044545845891776, 'shap_norm_sq': 6.6591773522488955}
{'sample_size': 600, 'difference': 0, 'noise': 0.0005, 'n': 60, 'shap_error': 0.005587068527457027, 'shap_norm_sq': 4.429483523076068}
{'sample_size': 600, 'difference': 0, 'noise': 0.001, 'n': 60, 'shap_error': 0.009156368726169673, 'shap_norm_sq': 4.429483523076068}
{'sample_size': 600, 'difference': 0, 'noise': 0.005, 'n': 60, 'shap_error': 0.006775092171155787, 'shap_norm_sq': 4.429483523076068}
{'sample_size': 600, 'difference': 0, 'noise': 0.01, 'n': 60, 'shap_error': 0.005619665709679465, 'shap_norm_sq': 4.429483523076068}
{'sample_size': 600, 'difference': 0, 'noise': 0.05, 'n': 60, 'shap_error': 0.006776077053769432, 'shap_norm_sq': 4.429483523076068}
{'sample_size': 600, 'difference': 0, 'noise': 0.1, 'n': 60, 'shap_error': 0.012417024425587442, 'shap_norm_sq': 4.429483523076068}
{'sample_size': 600, 'difference': 0, 'noise': 0.5, 'n': 60, 'shap_error': 0.12548207453407959, 'shap_norm_sq': 4.429483523076068}
{'sample_size': 600, 'difference': 0, 'noise': 1, 'n': 60, 'shap_error': 0.9306678915114045, 'shap_norm_sq': 4.429483523076068}
{'sample_size': 600, 'difference': 0, 'noise': 0.0005, 'n': 60, 'shap_error': 0.0004346902349251174, 'shap_norm_sq': 4.331613241483584}
{'sample_size': 600, 'difference': 0, 'noise': 0.001, 'n': 60, 'shap_error': 0.00044594688503240914, 'shap_norm_sq': 4.331613241483584}
{'sample_size': 600, 'difference': 0, 'noise': 0.005, 'n': 60, 'shap_error': 0.00029611985495012346, 'shap_norm_sq': 4.331613241483584}
{'sample_size': 600, 'difference': 0, 'noise': 0.01, 'n': 60, 'shap_error': 0.00034207783421477293, 'shap_norm_sq': 4.331613241483584}
{'sample_size': 600, 'difference': 0, 'noise': 0.05, 'n': 60, 'shap_error': 0.0012440452612933915, 'shap_norm_sq': 4.331613241483584}
{'sample_size': 600, 'difference': 0, 'noise': 0.1, 'n': 60, 'shap_error': 0.0030047960704631164, 'shap_norm_sq': 4.331613241483584}
{'sample_size': 600, 'difference': 0, 'noise': 0.5, 'n': 60, 'shap_error': 0.06881006800962201, 'shap_norm_sq': 4.331613241483584}
{'sample_size': 600, 'difference': 0, 'noise': 1, 'n': 60, 'shap_error': 0.2581778433299188, 'shap_norm_sq': 4.331613241483584}
{'sample_size': 600, 'difference': 0, 'noise': 0.0005, 'n': 60, 'shap_error': 0.0014492841978496701, 'shap_norm_sq': 10.146301856832133}
{'sample_size': 600, 'difference': 0, 'noise': 0.001, 'n': 60, 'shap_error': 0.0009668698880164317, 'shap_norm_sq': 10.146301856832133}
{'sample_size': 600, 'difference': 0, 'noise': 0.005, 'n': 60, 'shap_error': 0.0011622830452520723, 'shap_norm_sq': 10.146301856832133}
{'sample_size': 600, 'difference': 0, 'noise': 0.01, 'n': 60, 'shap_error': 0.001061123539547614, 'shap_norm_sq': 10.146301856832133}
{'sample_size': 600, 'difference': 0, 'noise': 0.05, 'n': 60, 'shap_error': 0.0014190129133097998, 'shap_norm_sq': 10.146301856832133}
{'sample_size': 600, 'difference': 0, 'noise': 0.1, 'n': 60, 'shap_error': 0.0019457942055500373, 'shap_norm_sq': 10.146301856832133}
{'sample_size': 600, 'difference': 0, 'noise': 0.5, 'n': 60, 'shap_error': 0.04535580307668086, 'shap_norm_sq': 10.146301856832133}
{'sample_size': 600, 'difference': 0, 'noise': 1, 'n': 60, 'shap_error': 0.13697340978778355, 'shap_norm_sq': 10.146301856832133}
{'sample_size': 600, 'difference': 0, 'noise': 0.0005, 'n': 60, 'shap_error': 0.0036125159187144515, 'shap_norm_sq': 6.34836340234435}
{'sample_size': 600, 'difference': 0, 'noise': 0.001, 'n': 60, 'shap_error': 0.0035266931869022237, 'shap_norm_sq': 6.34836340234435}
{'sample_size': 600, 'difference': 0, 'noise': 0.005, 'n': 60, 'shap_error': 0.0036723542123421687, 'shap_norm_sq': 6.34836340234435}
{'sample_size': 600, 'difference': 0, 'noise': 0.01, 'n': 60, 'shap_error': 0.002855870519384956, 'shap_norm_sq': 6.34836340234435}
{'sample_size': 600, 'difference': 0, 'noise': 0.05, 'n': 60, 'shap_error': 0.0038237379228321143, 'shap_norm_sq': 6.34836340234435}
{'sample_size': 600, 'difference': 0, 'noise': 0.1, 'n': 60, 'shap_error': 0.0073733169860261145, 'shap_norm_sq': 6.34836340234435}
{'sample_size': 600, 'difference': 0, 'noise': 0.5, 'n': 60, 'shap_error': 0.05604808732360507, 'shap_norm_sq': 6.34836340234435}
{'sample_size': 600, 'difference': 0, 'noise': 1, 'n': 60, 'shap_error': 0.16625912379079083, 'shap_norm_sq': 6.34836340234435}
{'sample_size': 600, 'difference': 0, 'noise': 0.0005, 'n': 60, 'shap_error': 0.0008921775581059606, 'shap_norm_sq': 5.996485420784637}
{'sample_size': 600, 'difference': 0, 'noise': 0.001, 'n': 60, 'shap_error': 0.0011803515089966038, 'shap_norm_sq': 5.996485420784637}
{'sample_size': 600, 'difference': 0, 'noise': 0.005, 'n': 60, 'shap_error': 0.0012966483001628079, 'shap_norm_sq': 5.996485420784637}
{'sample_size': 600, 'difference': 0, 'noise': 0.01, 'n': 60, 'shap_error': 0.0010461592188167545, 'shap_norm_sq': 5.996485420784637}
{'sample_size': 600, 'difference': 0, 'noise': 0.05, 'n': 60, 'shap_error': 0.002950973921904202, 'shap_norm_sq': 5.996485420784637}
{'sample_size': 600, 'difference': 0, 'noise': 0.1, 'n': 60, 'shap_error': 0.007714568883696597, 'shap_norm_sq': 5.996485420784637}
{'sample_size': 600, 'difference': 0, 'noise': 0.5, 'n': 60, 'shap_error': 0.13472318850942233, 'shap_norm_sq': 5.996485420784637}
{'sample_size': 600, 'difference': 0, 'noise': 1, 'n': 60, 'shap_error': 0.39510514839591476, 'shap_norm_sq': 5.996485420784637}
{'sample_size': 600, 'difference': 0, 'noise': 0.0005, 'n': 60, 'shap_error': 0.004642209120058251, 'shap_norm_sq': 9.729907547858266}
{'sample_size': 600, 'difference': 0, 'noise': 0.001, 'n': 60, 'shap_error': 0.005336729848709865, 'shap_norm_sq': 9.729907547858266}
{'sample_size': 600, 'difference': 0, 'noise': 0.005, 'n': 60, 'shap_error': 0.006591280664383142, 'shap_norm_sq': 9.729907547858266}
{'sample_size': 600, 'difference': 0, 'noise': 0.01, 'n': 60, 'shap_error': 0.0050313343913032035, 'shap_norm_sq': 9.729907547858266}
{'sample_size': 600, 'difference': 0, 'noise': 0.05, 'n': 60, 'shap_error': 0.006783215500498165, 'shap_norm_sq': 9.729907547858266}
{'sample_size': 600, 'difference': 0, 'noise': 0.1, 'n': 60, 'shap_error': 0.007554314684708008, 'shap_norm_sq': 9.729907547858266}
{'sample_size': 600, 'difference': 0, 'noise': 0.5, 'n': 60, 'shap_error': 0.07120452065694893, 'shap_norm_sq': 9.729907547858266}
{'sample_size': 600, 'difference': 0, 'noise': 1, 'n': 60, 'shap_error': 0.18727925906495735, 'shap_norm_sq': 9.729907547858266}
{'sample_size': 600, 'difference': 0, 'noise': 0.0005, 'n': 60, 'shap_error': 0.0003773174756439671, 'shap_norm_sq': 0.5447939987681657}
{'sample_size': 600, 'difference': 0, 'noise': 0.001, 'n': 60, 'shap_error': 0.000306614375569397, 'shap_norm_sq': 0.5447939987681657}
{'sample_size': 600, 'difference': 0, 'noise': 0.005, 'n': 60, 'shap_error': 0.0003745668358336139, 'shap_norm_sq': 0.5447939987681657}
{'sample_size': 600, 'difference': 0, 'noise': 0.01, 'n': 60, 'shap_error': 0.0005617002927769004, 'shap_norm_sq': 0.5447939987681657}
{'sample_size': 600, 'difference': 0, 'noise': 0.05, 'n': 60, 'shap_error': 0.004831479474350227, 'shap_norm_sq': 0.5447939987681657}
{'sample_size': 600, 'difference': 0, 'noise': 0.1, 'n': 60, 'shap_error': 0.021061769945574443, 'shap_norm_sq': 0.5447939987681657}
{'sample_size': 600, 'difference': 0, 'noise': 0.5, 'n': 60, 'shap_error': 0.7152527921685541, 'shap_norm_sq': 0.5447939987681657}
{'sample_size': 600, 'difference': 0, 'noise': 1, 'n': 60, 'shap_error': 1.5359653840381031, 'shap_norm_sq': 0.5447939987681657}
{'sample_size': 600, 'difference': 0, 'noise': 0.0005, 'n': 60, 'shap_error': 0.003731616532260932, 'shap_norm_sq': 4.534155812336649}
{'sample_size': 600, 'difference': 0, 'noise': 0.001, 'n': 60, 'shap_error': 0.0030956188294349123, 'shap_norm_sq': 4.534155812336649}
{'sample_size': 600, 'difference': 0, 'noise': 0.005, 'n': 60, 'shap_error': 0.004426130981001098, 'shap_norm_sq': 4.534155812336649}
{'sample_size': 600, 'difference': 0, 'noise': 0.01, 'n': 60, 'shap_error': 0.003375550193730494, 'shap_norm_sq': 4.534155812336649}
{'sample_size': 600, 'difference': 0, 'noise': 0.05, 'n': 60, 'shap_error': 0.005146582749827401, 'shap_norm_sq': 4.534155812336649}
{'sample_size': 600, 'difference': 0, 'noise': 0.1, 'n': 60, 'shap_error': 0.00776994886183396, 'shap_norm_sq': 4.534155812336649}
{'sample_size': 600, 'difference': 0, 'noise': 0.5, 'n': 60, 'shap_error': 0.07720657724517792, 'shap_norm_sq': 4.534155812336649}
{'sample_size': 600, 'difference': 0, 'noise': 1, 'n': 60, 'shap_error': 0.33978469939520756, 'shap_norm_sq': 4.534155812336649}
{'sample_size': 600, 'difference': 0, 'noise': 0.0005, 'n': 60, 'shap_error': 0.0004926874748576408, 'shap_norm_sq': 11.673717107200774}
{'sample_size': 600, 'difference': 0, 'noise': 0.001, 'n': 60, 'shap_error': 0.00036290264788179456, 'shap_norm_sq': 11.673717107200774}
{'sample_size': 600, 'difference': 0, 'noise': 0.005, 'n': 60, 'shap_error': 0.0004563164481205165, 'shap_norm_sq': 11.673717107200774}
{'sample_size': 600, 'difference': 0, 'noise': 0.01, 'n': 60, 'shap_error': 0.00042563596525898873, 'shap_norm_sq': 11.673717107200774}
{'sample_size': 600, 'difference': 0, 'noise': 0.05, 'n': 60, 'shap_error': 0.0016669854134552641, 'shap_norm_sq': 11.673717107200774}
{'sample_size': 600, 'difference': 0, 'noise': 0.1, 'n': 60, 'shap_error': 0.004492509353813039, 'shap_norm_sq': 11.673717107200774}
{'sample_size': 600, 'difference': 0, 'noise': 0.5, 'n': 60, 'shap_error': 0.11316605742186445, 'shap_norm_sq': 11.673717107200774}
{'sample_size': 600, 'difference': 0, 'noise': 1, 'n': 60, 'shap_error': 0.3712684227052668, 'shap_norm_sq': 11.673717107200774}
{'sample_size': 600, 'difference': 0, 'noise': 0.0005, 'n': 60, 'shap_error': 0.005958773951749971, 'shap_norm_sq': 10.040298434779459}
{'sample_size': 600, 'difference': 0, 'noise': 0.001, 'n': 60, 'shap_error': 0.008739859543427502, 'shap_norm_sq': 10.040298434779459}
{'sample_size': 600, 'difference': 0, 'noise': 0.005, 'n': 60, 'shap_error': 0.006428849175889426, 'shap_norm_sq': 10.040298434779459}
{'sample_size': 600, 'difference': 0, 'noise': 0.01, 'n': 60, 'shap_error': 0.005848079290319581, 'shap_norm_sq': 10.040298434779459}
{'sample_size': 600, 'difference': 0, 'noise': 0.05, 'n': 60, 'shap_error': 0.008321451107342002, 'shap_norm_sq': 10.040298434779459}
{'sample_size': 600, 'difference': 0, 'noise': 0.1, 'n': 60, 'shap_error': 0.0063629697475672325, 'shap_norm_sq': 10.040298434779459}
{'sample_size': 600, 'difference': 0, 'noise': 0.5, 'n': 60, 'shap_error': 0.062048307941184724, 'shap_norm_sq': 10.040298434779459}
{'sample_size': 600, 'difference': 0, 'noise': 1, 'n': 60, 'shap_error': 0.27402711884113684, 'shap_norm_sq': 10.040298434779459}
{'sample_size': 600, 'difference': 0, 'noise': 0.0005, 'n': 60, 'shap_error': 0.0013885033022536975, 'shap_norm_sq': 9.1091576947647}
{'sample_size': 600, 'difference': 0, 'noise': 0.001, 'n': 60, 'shap_error': 0.0024675697925780242, 'shap_norm_sq': 9.1091576947647}
{'sample_size': 600, 'difference': 0, 'noise': 0.005, 'n': 60, 'shap_error': 0.0017254697852023687, 'shap_norm_sq': 9.1091576947647}
{'sample_size': 600, 'difference': 0, 'noise': 0.01, 'n': 60, 'shap_error': 0.0016168876524356392, 'shap_norm_sq': 9.1091576947647}
{'sample_size': 600, 'difference': 0, 'noise': 0.05, 'n': 60, 'shap_error': 0.0021601957239719767, 'shap_norm_sq': 9.1091576947647}
{'sample_size': 600, 'difference': 0, 'noise': 0.1, 'n': 60, 'shap_error': 0.003885773314899768, 'shap_norm_sq': 9.1091576947647}
{'sample_size': 600, 'difference': 0, 'noise': 0.5, 'n': 60, 'shap_error': 0.05720619059455438, 'shap_norm_sq': 9.1091576947647}
{'sample_size': 600, 'difference': 0, 'noise': 1, 'n': 60, 'shap_error': 0.24744633888112622, 'shap_norm_sq': 9.1091576947647}
{'sample_size': 600, 'difference': 0, 'noise': 0.0005, 'n': 60, 'shap_error': 0.009703736386088879, 'shap_norm_sq': 9.562691041108744}
{'sample_size': 600, 'difference': 0, 'noise': 0.001, 'n': 60, 'shap_error': 0.00991900760136946, 'shap_norm_sq': 9.562691041108744}
{'sample_size': 600, 'difference': 0, 'noise': 0.005, 'n': 60, 'shap_error': 0.007165867109735437, 'shap_norm_sq': 9.562691041108744}
{'sample_size': 600, 'difference': 0, 'noise': 0.01, 'n': 60, 'shap_error': 0.008383961798071273, 'shap_norm_sq': 9.562691041108744}
{'sample_size': 600, 'difference': 0, 'noise': 0.05, 'n': 60, 'shap_error': 0.010235144799978887, 'shap_norm_sq': 9.562691041108744}
{'sample_size': 600, 'difference': 0, 'noise': 0.1, 'n': 60, 'shap_error': 0.009302505383263632, 'shap_norm_sq': 9.562691041108744}
{'sample_size': 600, 'difference': 0, 'noise': 0.5, 'n': 60, 'shap_error': 0.07512872428832021, 'shap_norm_sq': 9.562691041108744}
{'sample_size': 600, 'difference': 0, 'noise': 1, 'n': 60, 'shap_error': 0.1553659873990251, 'shap_norm_sq': 9.562691041108744}
{'sample_size': 600, 'difference': 0, 'noise': 0.0005, 'n': 60, 'shap_error': 0.0010640303034881915, 'shap_norm_sq': 3.5964771478789648}
{'sample_size': 600, 'difference': 0, 'noise': 0.001, 'n': 60, 'shap_error': 0.0008639288911248452, 'shap_norm_sq': 3.5964771478789648}
{'sample_size': 600, 'difference': 0, 'noise': 0.005, 'n': 60, 'shap_error': 0.0011570477654501796, 'shap_norm_sq': 3.5964771478789648}
{'sample_size': 600, 'difference': 0, 'noise': 0.01, 'n': 60, 'shap_error': 0.0009101319372435497, 'shap_norm_sq': 3.5964771478789648}
{'sample_size': 600, 'difference': 0, 'noise': 0.05, 'n': 60, 'shap_error': 0.0024236706378388917, 'shap_norm_sq': 3.5964771478789648}
{'sample_size': 600, 'difference': 0, 'noise': 0.1, 'n': 60, 'shap_error': 0.005247833509858935, 'shap_norm_sq': 3.5964771478789648}
{'sample_size': 600, 'difference': 0, 'noise': 0.5, 'n': 60, 'shap_error': 0.07432090308893607, 'shap_norm_sq': 3.5964771478789648}
{'sample_size': 600, 'difference': 0, 'noise': 1, 'n': 60, 'shap_error': 0.3118631089205614, 'shap_norm_sq': 3.5964771478789648}
{'sample_size': 600, 'difference': 0, 'noise': 0.0005, 'n': 60, 'shap_error': 0.012910499513511873, 'shap_norm_sq': 6.499690828506443}
{'sample_size': 600, 'difference': 0, 'noise': 0.001, 'n': 60, 'shap_error': 0.007808557035934832, 'shap_norm_sq': 6.499690828506443}
{'sample_size': 600, 'difference': 0, 'noise': 0.005, 'n': 60, 'shap_error': 0.0057669643978070055, 'shap_norm_sq': 6.499690828506443}
{'sample_size': 600, 'difference': 0, 'noise': 0.01, 'n': 60, 'shap_error': 0.006932118488179362, 'shap_norm_sq': 6.499690828506443}
{'sample_size': 600, 'difference': 0, 'noise': 0.05, 'n': 60, 'shap_error': 0.00680403454142897, 'shap_norm_sq': 6.499690828506443}
{'sample_size': 600, 'difference': 0, 'noise': 0.1, 'n': 60, 'shap_error': 0.008669652911424918, 'shap_norm_sq': 6.499690828506443}
{'sample_size': 600, 'difference': 0, 'noise': 0.5, 'n': 60, 'shap_error': 0.06759354103147741, 'shap_norm_sq': 6.499690828506443}
{'sample_size': 600, 'difference': 0, 'noise': 1, 'n': 60, 'shap_error': 0.31519958159693684, 'shap_norm_sq': 6.499690828506443}
{'sample_size': 600, 'difference': 0, 'noise': 0.0005, 'n': 60, 'shap_error': 0.002706290150325078, 'shap_norm_sq': 8.733850104931253}
{'sample_size': 600, 'difference': 0, 'noise': 0.001, 'n': 60, 'shap_error': 0.0029227330712762725, 'shap_norm_sq': 8.733850104931253}
{'sample_size': 600, 'difference': 0, 'noise': 0.005, 'n': 60, 'shap_error': 0.002770380649354122, 'shap_norm_sq': 8.733850104931253}
{'sample_size': 600, 'difference': 0, 'noise': 0.01, 'n': 60, 'shap_error': 0.0023110306739369214, 'shap_norm_sq': 8.733850104931253}
{'sample_size': 600, 'difference': 0, 'noise': 0.05, 'n': 60, 'shap_error': 0.002916733342013977, 'shap_norm_sq': 8.733850104931253}
{'sample_size': 600, 'difference': 0, 'noise': 0.1, 'n': 60, 'shap_error': 0.004726763434810477, 'shap_norm_sq': 8.733850104931253}
{'sample_size': 600, 'difference': 0, 'noise': 0.5, 'n': 60, 'shap_error': 0.04451731156446846, 'shap_norm_sq': 8.733850104931253}
{'sample_size': 600, 'difference': 0, 'noise': 1, 'n': 60, 'shap_error': 0.17352660551433144, 'shap_norm_sq': 8.733850104931253}
{'sample_size': 600, 'difference': 0, 'noise': 0.0005, 'n': 60, 'shap_error': 0.001606979966779644, 'shap_norm_sq': 5.465606294069452}
{'sample_size': 600, 'difference': 0, 'noise': 0.001, 'n': 60, 'shap_error': 0.001168148761377337, 'shap_norm_sq': 5.465606294069452}
{'sample_size': 600, 'difference': 0, 'noise': 0.005, 'n': 60, 'shap_error': 0.0022407705493384293, 'shap_norm_sq': 5.465606294069452}
{'sample_size': 600, 'difference': 0, 'noise': 0.01, 'n': 60, 'shap_error': 0.0013923309896088937, 'shap_norm_sq': 5.465606294069452}
{'sample_size': 600, 'difference': 0, 'noise': 0.05, 'n': 60, 'shap_error': 0.002134475479300671, 'shap_norm_sq': 5.465606294069452}
{'sample_size': 600, 'difference': 0, 'noise': 0.1, 'n': 60, 'shap_error': 0.0038185189304023055, 'shap_norm_sq': 5.465606294069452}
{'sample_size': 600, 'difference': 0, 'noise': 0.5, 'n': 60, 'shap_error': 0.051761688431373146, 'shap_norm_sq': 5.465606294069452}
{'sample_size': 600, 'difference': 0, 'noise': 1, 'n': 60, 'shap_error': 0.18078957011159136, 'shap_norm_sq': 5.465606294069452}
{'sample_size': 600, 'difference': 0, 'noise': 0.0005, 'n': 60, 'shap_error': 0.006029369043160433, 'shap_norm_sq': 7.6331938633218375}
{'sample_size': 600, 'difference': 0, 'noise': 0.001, 'n': 60, 'shap_error': 0.008750516195173478, 'shap_norm_sq': 7.6331938633218375}
{'sample_size': 600, 'difference': 0, 'noise': 0.005, 'n': 60, 'shap_error': 0.006285335679223156, 'shap_norm_sq': 7.6331938633218375}
{'sample_size': 600, 'difference': 0, 'noise': 0.01, 'n': 60, 'shap_error': 0.009693396214717796, 'shap_norm_sq': 7.6331938633218375}
{'sample_size': 600, 'difference': 0, 'noise': 0.05, 'n': 60, 'shap_error': 0.006326947996907735, 'shap_norm_sq': 7.6331938633218375}
{'sample_size': 600, 'difference': 0, 'noise': 0.1, 'n': 60, 'shap_error': 0.00961629395097039, 'shap_norm_sq': 7.6331938633218375}
{'sample_size': 600, 'difference': 0, 'noise': 0.5, 'n': 60, 'shap_error': 0.05415302571943481, 'shap_norm_sq': 7.6331938633218375}
{'sample_size': 600, 'difference': 0, 'noise': 1, 'n': 60, 'shap_error': 0.1421000877013035, 'shap_norm_sq': 7.6331938633218375}
{'sample_size': 600, 'difference': 0, 'noise': 0.0005, 'n': 60, 'shap_error': 0.005640986713755834, 'shap_norm_sq': 13.492623991371826}
{'sample_size': 600, 'difference': 0, 'noise': 0.001, 'n': 60, 'shap_error': 0.0038548306317378726, 'shap_norm_sq': 13.492623991371826}
{'sample_size': 600, 'difference': 0, 'noise': 0.005, 'n': 60, 'shap_error': 0.004982601068214705, 'shap_norm_sq': 13.492623991371826}
{'sample_size': 600, 'difference': 0, 'noise': 0.01, 'n': 60, 'shap_error': 0.005170388954448294, 'shap_norm_sq': 13.492623991371826}
{'sample_size': 600, 'difference': 0, 'noise': 0.05, 'n': 60, 'shap_error': 0.008012297728770768, 'shap_norm_sq': 13.492623991371826}
{'sample_size': 600, 'difference': 0, 'noise': 0.1, 'n': 60, 'shap_error': 0.0060160501989729494, 'shap_norm_sq': 13.492623991371826}
{'sample_size': 600, 'difference': 0, 'noise': 0.5, 'n': 60, 'shap_error': 0.026389311976362514, 'shap_norm_sq': 13.492623991371826}
{'sample_size': 600, 'difference': 0, 'noise': 1, 'n': 60, 'shap_error': 0.13965541514228103, 'shap_norm_sq': 13.492623991371826}
{'sample_size': 600, 'difference': 0, 'noise': 0.0005, 'n': 60, 'shap_error': 0.00024762299236028766, 'shap_norm_sq': 2.258718136399218}
{'sample_size': 600, 'difference': 0, 'noise': 0.001, 'n': 60, 'shap_error': 0.00017918921270323725, 'shap_norm_sq': 2.258718136399218}
{'sample_size': 600, 'difference': 0, 'noise': 0.005, 'n': 60, 'shap_error': 0.000181563896632891, 'shap_norm_sq': 2.258718136399218}
{'sample_size': 600, 'difference': 0, 'noise': 0.01, 'n': 60, 'shap_error': 0.00042293768878165256, 'shap_norm_sq': 2.258718136399218}
{'sample_size': 600, 'difference': 0, 'noise': 0.05, 'n': 60, 'shap_error': 0.004536706227586155, 'shap_norm_sq': 2.258718136399218}
{'sample_size': 600, 'difference': 0, 'noise': 0.1, 'n': 60, 'shap_error': 0.015475957237001172, 'shap_norm_sq': 2.258718136399218}
{'sample_size': 600, 'difference': 0, 'noise': 0.5, 'n': 60, 'shap_error': 0.24858451263214568, 'shap_norm_sq': 2.258718136399218}
{'sample_size': 600, 'difference': 0, 'noise': 1, 'n': 60, 'shap_error': 1.9886957460539842, 'shap_norm_sq': 2.258718136399218}
{'sample_size': 600, 'difference': 0, 'noise': 0.0005, 'n': 60, 'shap_error': 0.009404528225711488, 'shap_norm_sq': 4.601701370278239}
{'sample_size': 600, 'difference': 0, 'noise': 0.001, 'n': 60, 'shap_error': 0.00658197852377172, 'shap_norm_sq': 4.601701370278239}
{'sample_size': 600, 'difference': 0, 'noise': 0.005, 'n': 60, 'shap_error': 0.006919176420434915, 'shap_norm_sq': 4.601701370278239}
{'sample_size': 600, 'difference': 0, 'noise': 0.01, 'n': 60, 'shap_error': 0.006746367424174434, 'shap_norm_sq': 4.601701370278239}
{'sample_size': 600, 'difference': 0, 'noise': 0.05, 'n': 60, 'shap_error': 0.007812818475398806, 'shap_norm_sq': 4.601701370278239}
{'sample_size': 600, 'difference': 0, 'noise': 0.1, 'n': 60, 'shap_error': 0.011434893036853126, 'shap_norm_sq': 4.601701370278239}
{'sample_size': 600, 'difference': 0, 'noise': 0.5, 'n': 60, 'shap_error': 0.09248638726356985, 'shap_norm_sq': 4.601701370278239}
{'sample_size': 600, 'difference': 0, 'noise': 1, 'n': 60, 'shap_error': 0.4552737322783442, 'shap_norm_sq': 4.601701370278239}
{'sample_size': 600, 'difference': 0, 'noise': 0.0005, 'n': 60, 'shap_error': 0.0018111365347813363, 'shap_norm_sq': 10.309282373176964}
{'sample_size': 600, 'difference': 0, 'noise': 0.001, 'n': 60, 'shap_error': 0.001699206692564458, 'shap_norm_sq': 10.309282373176964}
{'sample_size': 600, 'difference': 0, 'noise': 0.005, 'n': 60, 'shap_error': 0.001505103483141763, 'shap_norm_sq': 10.309282373176964}
{'sample_size': 600, 'difference': 0, 'noise': 0.01, 'n': 60, 'shap_error': 0.00221317960030292, 'shap_norm_sq': 10.309282373176964}
{'sample_size': 600, 'difference': 0, 'noise': 0.05, 'n': 60, 'shap_error': 0.0021419302633628847, 'shap_norm_sq': 10.309282373176964}
{'sample_size': 600, 'difference': 0, 'noise': 0.1, 'n': 60, 'shap_error': 0.005437837380587483, 'shap_norm_sq': 10.309282373176964}
{'sample_size': 600, 'difference': 0, 'noise': 0.5, 'n': 60, 'shap_error': 0.14336315774817546, 'shap_norm_sq': 10.309282373176964}
{'sample_size': 600, 'difference': 0, 'noise': 1, 'n': 60, 'shap_error': 0.5662492471086331, 'shap_norm_sq': 10.309282373176964}
{'sample_size': 600, 'difference': 0, 'noise': 0.0005, 'n': 60, 'shap_error': 0.007412406782935399, 'shap_norm_sq': 1.8077071206507642}
{'sample_size': 600, 'difference': 0, 'noise': 0.001, 'n': 60, 'shap_error': 0.0071843872503619816, 'shap_norm_sq': 1.8077071206507642}
{'sample_size': 600, 'difference': 0, 'noise': 0.005, 'n': 60, 'shap_error': 0.008172478563239908, 'shap_norm_sq': 1.8077071206507642}
{'sample_size': 600, 'difference': 0, 'noise': 0.01, 'n': 60, 'shap_error': 0.004848805675759422, 'shap_norm_sq': 1.8077071206507642}
{'sample_size': 600, 'difference': 0, 'noise': 0.05, 'n': 60, 'shap_error': 0.009336111160403003, 'shap_norm_sq': 1.8077071206507642}
{'sample_size': 600, 'difference': 0, 'noise': 0.1, 'n': 60, 'shap_error': 0.014698013696970132, 'shap_norm_sq': 1.8077071206507642}
{'sample_size': 600, 'difference': 0, 'noise': 0.5, 'n': 60, 'shap_error': 0.1570667607823472, 'shap_norm_sq': 1.8077071206507642}
{'sample_size': 600, 'difference': 0, 'noise': 1, 'n': 60, 'shap_error': 0.5560634438128282, 'shap_norm_sq': 1.8077071206507642}
{'sample_size': 600, 'difference': 0, 'noise': 0.0005, 'n': 60, 'shap_error': 0.00115249311634008, 'shap_norm_sq': 5.792229608471167}
{'sample_size': 600, 'difference': 0, 'noise': 0.001, 'n': 60, 'shap_error': 0.002285901829681722, 'shap_norm_sq': 5.792229608471167}
{'sample_size': 600, 'difference': 0, 'noise': 0.005, 'n': 60, 'shap_error': 0.0020701376483822907, 'shap_norm_sq': 5.792229608471167}
{'sample_size': 600, 'difference': 0, 'noise': 0.01, 'n': 60, 'shap_error': 0.002066624162891099, 'shap_norm_sq': 5.792229608471167}
{'sample_size': 600, 'difference': 0, 'noise': 0.05, 'n': 60, 'shap_error': 0.0021088851159449815, 'shap_norm_sq': 5.792229608471167}
{'sample_size': 600, 'difference': 0, 'noise': 0.1, 'n': 60, 'shap_error': 0.004784741763535088, 'shap_norm_sq': 5.792229608471167}
{'sample_size': 600, 'difference': 0, 'noise': 0.5, 'n': 60, 'shap_error': 0.12662027197251613, 'shap_norm_sq': 5.792229608471167}
{'sample_size': 600, 'difference': 0, 'noise': 1, 'n': 60, 'shap_error': 0.21601386676526735, 'shap_norm_sq': 5.792229608471167}
{'sample_size': 600, 'difference': 0, 'noise': 0.0005, 'n': 60, 'shap_error': 0.008970484619121616, 'shap_norm_sq': 2.7382087666068697}
{'sample_size': 600, 'difference': 0, 'noise': 0.001, 'n': 60, 'shap_error': 0.006510466717447942, 'shap_norm_sq': 2.7382087666068697}
{'sample_size': 600, 'difference': 0, 'noise': 0.005, 'n': 60, 'shap_error': 0.00690464361557294, 'shap_norm_sq': 2.7382087666068697}
{'sample_size': 600, 'difference': 0, 'noise': 0.01, 'n': 60, 'shap_error': 0.0046511794503671195, 'shap_norm_sq': 2.7382087666068697}
{'sample_size': 600, 'difference': 0, 'noise': 0.05, 'n': 60, 'shap_error': 0.009463976679279616, 'shap_norm_sq': 2.7382087666068697}
{'sample_size': 600, 'difference': 0, 'noise': 0.1, 'n': 60, 'shap_error': 0.00803238276935215, 'shap_norm_sq': 2.7382087666068697}
{'sample_size': 600, 'difference': 0, 'noise': 0.5, 'n': 60, 'shap_error': 0.19183568877053134, 'shap_norm_sq': 2.7382087666068697}
{'sample_size': 600, 'difference': 0, 'noise': 1, 'n': 60, 'shap_error': 0.7398278415853456, 'shap_norm_sq': 2.7382087666068697}
{'sample_size': 600, 'difference': 0, 'noise': 0.0005, 'n': 60, 'shap_error': 0.005420709361266771, 'shap_norm_sq': 4.894004972225177}
{'sample_size': 600, 'difference': 0, 'noise': 0.001, 'n': 60, 'shap_error': 0.0072904748609185195, 'shap_norm_sq': 4.894004972225177}
{'sample_size': 600, 'difference': 0, 'noise': 0.005, 'n': 60, 'shap_error': 0.005081522756714185, 'shap_norm_sq': 4.894004972225177}
{'sample_size': 600, 'difference': 0, 'noise': 0.01, 'n': 60, 'shap_error': 0.005736571818166552, 'shap_norm_sq': 4.894004972225177}
{'sample_size': 600, 'difference': 0, 'noise': 0.05, 'n': 60, 'shap_error': 0.005950912729582838, 'shap_norm_sq': 4.894004972225177}
{'sample_size': 600, 'difference': 0, 'noise': 0.1, 'n': 60, 'shap_error': 0.007195580967412938, 'shap_norm_sq': 4.894004972225177}
{'sample_size': 600, 'difference': 0, 'noise': 0.5, 'n': 60, 'shap_error': 0.09637032542095193, 'shap_norm_sq': 4.894004972225177}
{'sample_size': 600, 'difference': 0, 'noise': 1, 'n': 60, 'shap_error': 0.48610666748967324, 'shap_norm_sq': 4.894004972225177}
{'sample_size': 600, 'difference': 0, 'noise': 0.0005, 'n': 60, 'shap_error': 0.009439863871463871, 'shap_norm_sq': 4.819367788656839}
{'sample_size': 600, 'difference': 0, 'noise': 0.001, 'n': 60, 'shap_error': 0.008732188326176744, 'shap_norm_sq': 4.819367788656839}
{'sample_size': 600, 'difference': 0, 'noise': 0.005, 'n': 60, 'shap_error': 0.010694346084679073, 'shap_norm_sq': 4.819367788656839}
{'sample_size': 600, 'difference': 0, 'noise': 0.01, 'n': 60, 'shap_error': 0.01051838251034313, 'shap_norm_sq': 4.819367788656839}
{'sample_size': 600, 'difference': 0, 'noise': 0.05, 'n': 60, 'shap_error': 0.007291306477086148, 'shap_norm_sq': 4.819367788656839}
{'sample_size': 600, 'difference': 0, 'noise': 0.1, 'n': 60, 'shap_error': 0.010816597583806417, 'shap_norm_sq': 4.819367788656839}
{'sample_size': 600, 'difference': 0, 'noise': 0.5, 'n': 60, 'shap_error': 0.1682812924276409, 'shap_norm_sq': 4.819367788656839}
{'sample_size': 600, 'difference': 0, 'noise': 1, 'n': 60, 'shap_error': 0.5281133159881582, 'shap_norm_sq': 4.819367788656839}
{'sample_size': 600, 'difference': 0, 'noise': 0.0005, 'n': 60, 'shap_error': 0.0005074835181647792, 'shap_norm_sq': 3.5333420383139877}
{'sample_size': 600, 'difference': 0, 'noise': 0.001, 'n': 60, 'shap_error': 0.00037298828936945476, 'shap_norm_sq': 3.5333420383139877}
{'sample_size': 600, 'difference': 0, 'noise': 0.005, 'n': 60, 'shap_error': 0.00033814524311858406, 'shap_norm_sq': 3.5333420383139877}
{'sample_size': 600, 'difference': 0, 'noise': 0.01, 'n': 60, 'shap_error': 0.00034578006464365573, 'shap_norm_sq': 3.5333420383139877}
{'sample_size': 600, 'difference': 0, 'noise': 0.05, 'n': 60, 'shap_error': 0.0012118711394259773, 'shap_norm_sq': 3.5333420383139877}
{'sample_size': 600, 'difference': 0, 'noise': 0.1, 'n': 60, 'shap_error': 0.004024681833437273, 'shap_norm_sq': 3.5333420383139877}
{'sample_size': 600, 'difference': 0, 'noise': 0.5, 'n': 60, 'shap_error': 0.07110794037962963, 'shap_norm_sq': 3.5333420383139877}
{'sample_size': 600, 'difference': 0, 'noise': 1, 'n': 60, 'shap_error': 0.3813581326531926, 'shap_norm_sq': 3.5333420383139877}
{'sample_size': 600, 'difference': 0, 'noise': 0.0005, 'n': 60, 'shap_error': 0.0052974894968167525, 'shap_norm_sq': 14.503194373083025}
{'sample_size': 600, 'difference': 0, 'noise': 0.001, 'n': 60, 'shap_error': 0.0039866073475634655, 'shap_norm_sq': 14.503194373083025}
{'sample_size': 600, 'difference': 0, 'noise': 0.005, 'n': 60, 'shap_error': 0.004870022631042381, 'shap_norm_sq': 14.503194373083025}
{'sample_size': 600, 'difference': 0, 'noise': 0.01, 'n': 60, 'shap_error': 0.005952840550251983, 'shap_norm_sq': 14.503194373083025}
{'sample_size': 600, 'difference': 0, 'noise': 0.05, 'n': 60, 'shap_error': 0.010362830215366714, 'shap_norm_sq': 14.503194373083025}
{'sample_size': 600, 'difference': 0, 'noise': 0.1, 'n': 60, 'shap_error': 0.008713639573792245, 'shap_norm_sq': 14.503194373083025}
{'sample_size': 600, 'difference': 0, 'noise': 0.5, 'n': 60, 'shap_error': 0.03276957416720547, 'shap_norm_sq': 14.503194373083025}
{'sample_size': 600, 'difference': 0, 'noise': 1, 'n': 60, 'shap_error': 0.12192400820119459, 'shap_norm_sq': 14.503194373083025}
{'sample_size': 600, 'difference': 0, 'noise': 0.0005, 'n': 60, 'shap_error': 4.933683784763762e-07, 'shap_norm_sq': 1.333489669033454}
{'sample_size': 600, 'difference': 0, 'noise': 0.001, 'n': 60, 'shap_error': 1.036234877231438e-06, 'shap_norm_sq': 1.333489669033454}
{'sample_size': 600, 'difference': 0, 'noise': 0.005, 'n': 60, 'shap_error': 3.9031638790138955e-05, 'shap_norm_sq': 1.333489669033454}
{'sample_size': 600, 'difference': 0, 'noise': 0.01, 'n': 60, 'shap_error': 0.0001410710331344043, 'shap_norm_sq': 1.333489669033454}
{'sample_size': 600, 'difference': 0, 'noise': 0.05, 'n': 60, 'shap_error': 0.003105837298914211, 'shap_norm_sq': 1.333489669033454}
{'sample_size': 600, 'difference': 0, 'noise': 0.1, 'n': 60, 'shap_error': 0.013856388644812865, 'shap_norm_sq': 1.333489669033454}
{'sample_size': 600, 'difference': 0, 'noise': 0.5, 'n': 60, 'shap_error': 0.47634517145868677, 'shap_norm_sq': 1.333489669033454}
{'sample_size': 600, 'difference': 0, 'noise': 1, 'n': 60, 'shap_error': 1.3689338409845166, 'shap_norm_sq': 1.333489669033454}
{'sample_size': 600, 'difference': 0, 'noise': 0.0005, 'n': 60, 'shap_error': 0.006848154019926507, 'shap_norm_sq': 2.7382087666068697}
{'sample_size': 600, 'difference': 0, 'noise': 0.001, 'n': 60, 'shap_error': 0.010608563849704052, 'shap_norm_sq': 2.7382087666068697}
{'sample_size': 600, 'difference': 0, 'noise': 0.005, 'n': 60, 'shap_error': 0.00654281990373786, 'shap_norm_sq': 2.7382087666068697}
{'sample_size': 600, 'difference': 0, 'noise': 0.01, 'n': 60, 'shap_error': 0.005132603445571345, 'shap_norm_sq': 2.7382087666068697}
{'sample_size': 600, 'difference': 0, 'noise': 0.05, 'n': 60, 'shap_error': 0.009524339054687875, 'shap_norm_sq': 2.7382087666068697}
{'sample_size': 600, 'difference': 0, 'noise': 0.1, 'n': 60, 'shap_error': 0.018182079671691376, 'shap_norm_sq': 2.7382087666068697}
{'sample_size': 600, 'difference': 0, 'noise': 0.5, 'n': 60, 'shap_error': 0.16221475772506838, 'shap_norm_sq': 2.7382087666068697}
{'sample_size': 600, 'difference': 0, 'noise': 1, 'n': 60, 'shap_error': 0.751354014928702, 'shap_norm_sq': 2.7382087666068697}
{'sample_size': 600, 'difference': 0, 'noise': 0.0005, 'n': 60, 'shap_error': 0.004225660637619852, 'shap_norm_sq': 13.053522371345544}
{'sample_size': 600, 'difference': 0, 'noise': 0.001, 'n': 60, 'shap_error': 0.004173660058993908, 'shap_norm_sq': 13.053522371345544}
{'sample_size': 600, 'difference': 0, 'noise': 0.005, 'n': 60, 'shap_error': 0.004993376989745249, 'shap_norm_sq': 13.053522371345544}
{'sample_size': 600, 'difference': 0, 'noise': 0.01, 'n': 60, 'shap_error': 0.00385654271407778, 'shap_norm_sq': 13.053522371345544}
{'sample_size': 600, 'difference': 0, 'noise': 0.05, 'n': 60, 'shap_error': 0.0046366988060227605, 'shap_norm_sq': 13.053522371345544}
{'sample_size': 600, 'difference': 0, 'noise': 0.1, 'n': 60, 'shap_error': 0.0052852059443755295, 'shap_norm_sq': 13.053522371345544}
{'sample_size': 600, 'difference': 0, 'noise': 0.5, 'n': 60, 'shap_error': 0.028449495996259656, 'shap_norm_sq': 13.053522371345544}
{'sample_size': 600, 'difference': 0, 'noise': 1, 'n': 60, 'shap_error': 0.09859711882771485, 'shap_norm_sq': 13.053522371345544}
{'sample_size': 600, 'difference': 0, 'noise': 0.0005, 'n': 60, 'shap_error': 0.010051956752466657, 'shap_norm_sq': 8.69525350262751}
{'sample_size': 600, 'difference': 0, 'noise': 0.001, 'n': 60, 'shap_error': 0.005685724828649732, 'shap_norm_sq': 8.69525350262751}
{'sample_size': 600, 'difference': 0, 'noise': 0.005, 'n': 60, 'shap_error': 0.006172403578384025, 'shap_norm_sq': 8.69525350262751}
{'sample_size': 600, 'difference': 0, 'noise': 0.01, 'n': 60, 'shap_error': 0.007254971008662713, 'shap_norm_sq': 8.69525350262751}
{'sample_size': 600, 'difference': 0, 'noise': 0.05, 'n': 60, 'shap_error': 0.008254640337970172, 'shap_norm_sq': 8.69525350262751}
{'sample_size': 600, 'difference': 0, 'noise': 0.1, 'n': 60, 'shap_error': 0.008904438035155917, 'shap_norm_sq': 8.69525350262751}
{'sample_size': 600, 'difference': 0, 'noise': 0.5, 'n': 60, 'shap_error': 0.041658340625786903, 'shap_norm_sq': 8.69525350262751}
{'sample_size': 600, 'difference': 0, 'noise': 1, 'n': 60, 'shap_error': 0.248981488881633, 'shap_norm_sq': 8.69525350262751}
{'sample_size': 600, 'difference': 0, 'noise': 0.0005, 'n': 60, 'shap_error': 0.011196874559447342, 'shap_norm_sq': 6.53846705442659}
{'sample_size': 600, 'difference': 0, 'noise': 0.001, 'n': 60, 'shap_error': 0.010981282245719997, 'shap_norm_sq': 6.53846705442659}
{'sample_size': 600, 'difference': 0, 'noise': 0.005, 'n': 60, 'shap_error': 0.010281276694519417, 'shap_norm_sq': 6.53846705442659}
{'sample_size': 600, 'difference': 0, 'noise': 0.01, 'n': 60, 'shap_error': 0.012989312519648398, 'shap_norm_sq': 6.53846705442659}
{'sample_size': 600, 'difference': 0, 'noise': 0.05, 'n': 60, 'shap_error': 0.015450848860882733, 'shap_norm_sq': 6.53846705442659}
{'sample_size': 600, 'difference': 0, 'noise': 0.1, 'n': 60, 'shap_error': 0.009407936220483276, 'shap_norm_sq': 6.53846705442659}
{'sample_size': 600, 'difference': 0, 'noise': 0.5, 'n': 60, 'shap_error': 0.05718502376237547, 'shap_norm_sq': 6.53846705442659}
{'sample_size': 600, 'difference': 0, 'noise': 1, 'n': 60, 'shap_error': 0.2500713466004483, 'shap_norm_sq': 6.53846705442659}
{'sample_size': 600, 'difference': 0, 'noise': 0.0005, 'n': 60, 'shap_error': 0.0017431450975641592, 'shap_norm_sq': 6.818804211997915}
{'sample_size': 600, 'difference': 0, 'noise': 0.001, 'n': 60, 'shap_error': 0.0027322472126091856, 'shap_norm_sq': 6.818804211997915}
{'sample_size': 600, 'difference': 0, 'noise': 0.005, 'n': 60, 'shap_error': 0.0018869846513026101, 'shap_norm_sq': 6.818804211997915}
{'sample_size': 600, 'difference': 0, 'noise': 0.01, 'n': 60, 'shap_error': 0.0018013458588208102, 'shap_norm_sq': 6.818804211997915}
{'sample_size': 600, 'difference': 0, 'noise': 0.05, 'n': 60, 'shap_error': 0.0034111306199482504, 'shap_norm_sq': 6.818804211997915}
{'sample_size': 600, 'difference': 0, 'noise': 0.1, 'n': 60, 'shap_error': 0.0064205956542047445, 'shap_norm_sq': 6.818804211997915}
{'sample_size': 600, 'difference': 0, 'noise': 0.5, 'n': 60, 'shap_error': 0.1016440979003678, 'shap_norm_sq': 6.818804211997915}
{'sample_size': 600, 'difference': 0, 'noise': 1, 'n': 60, 'shap_error': 0.34130302116777894, 'shap_norm_sq': 6.818804211997915}
{'sample_size': 600, 'difference': 0, 'noise': 0.0005, 'n': 60, 'shap_error': 0.003786387979214973, 'shap_norm_sq': 6.983046529235741}
{'sample_size': 600, 'difference': 0, 'noise': 0.001, 'n': 60, 'shap_error': 0.003989102346563341, 'shap_norm_sq': 6.983046529235741}
{'sample_size': 600, 'difference': 0, 'noise': 0.005, 'n': 60, 'shap_error': 0.0033152221444135875, 'shap_norm_sq': 6.983046529235741}
{'sample_size': 600, 'difference': 0, 'noise': 0.01, 'n': 60, 'shap_error': 0.0036558640072554514, 'shap_norm_sq': 6.983046529235741}
{'sample_size': 600, 'difference': 0, 'noise': 0.05, 'n': 60, 'shap_error': 0.004114420347881513, 'shap_norm_sq': 6.983046529235741}
{'sample_size': 600, 'difference': 0, 'noise': 0.1, 'n': 60, 'shap_error': 0.004894335949325021, 'shap_norm_sq': 6.983046529235741}
{'sample_size': 600, 'difference': 0, 'noise': 0.5, 'n': 60, 'shap_error': 0.07843959532673142, 'shap_norm_sq': 6.983046529235741}
{'sample_size': 600, 'difference': 0, 'noise': 1, 'n': 60, 'shap_error': 0.2507278603038643, 'shap_norm_sq': 6.983046529235741}
{'sample_size': 600, 'difference': 0, 'noise': 0.0005, 'n': 60, 'shap_error': 0.007286884525038956, 'shap_norm_sq': 5.4198197726783395}
{'sample_size': 600, 'difference': 0, 'noise': 0.001, 'n': 60, 'shap_error': 0.0054708104977334625, 'shap_norm_sq': 5.4198197726783395}
{'sample_size': 600, 'difference': 0, 'noise': 0.005, 'n': 60, 'shap_error': 0.00649953219796408, 'shap_norm_sq': 5.4198197726783395}
{'sample_size': 600, 'difference': 0, 'noise': 0.01, 'n': 60, 'shap_error': 0.005469349768000496, 'shap_norm_sq': 5.4198197726783395}
{'sample_size': 600, 'difference': 0, 'noise': 0.05, 'n': 60, 'shap_error': 0.006781923589423696, 'shap_norm_sq': 5.4198197726783395}
{'sample_size': 600, 'difference': 0, 'noise': 0.1, 'n': 60, 'shap_error': 0.009166505370351541, 'shap_norm_sq': 5.4198197726783395}
{'sample_size': 600, 'difference': 0, 'noise': 0.5, 'n': 60, 'shap_error': 0.17500674551274617, 'shap_norm_sq': 5.4198197726783395}
{'sample_size': 600, 'difference': 0, 'noise': 1, 'n': 60, 'shap_error': 0.4556853208380143, 'shap_norm_sq': 5.4198197726783395}
{'sample_size': 600, 'difference': 0, 'noise': 0.0005, 'n': 60, 'shap_error': 0.007958143130129257, 'shap_norm_sq': 8.811861922344333}
{'sample_size': 600, 'difference': 0, 'noise': 0.001, 'n': 60, 'shap_error': 0.006214803341825428, 'shap_norm_sq': 8.811861922344333}
{'sample_size': 600, 'difference': 0, 'noise': 0.005, 'n': 60, 'shap_error': 0.00757135077826546, 'shap_norm_sq': 8.811861922344333}
{'sample_size': 600, 'difference': 0, 'noise': 0.01, 'n': 60, 'shap_error': 0.0063968924843497, 'shap_norm_sq': 8.811861922344333}
{'sample_size': 600, 'difference': 0, 'noise': 0.05, 'n': 60, 'shap_error': 0.011713193797779535, 'shap_norm_sq': 8.811861922344333}
{'sample_size': 600, 'difference': 0, 'noise': 0.1, 'n': 60, 'shap_error': 0.009395653854953615, 'shap_norm_sq': 8.811861922344333}
{'sample_size': 600, 'difference': 0, 'noise': 0.5, 'n': 60, 'shap_error': 0.06177336757645108, 'shap_norm_sq': 8.811861922344333}
{'sample_size': 600, 'difference': 0, 'noise': 1, 'n': 60, 'shap_error': 0.18132653735516158, 'shap_norm_sq': 8.811861922344333}
{'sample_size': 600, 'difference': 0, 'noise': 0.0005, 'n': 60, 'shap_error': 0.0007747619841618231, 'shap_norm_sq': 4.444545588702095}
{'sample_size': 600, 'difference': 0, 'noise': 0.001, 'n': 60, 'shap_error': 0.0007871104522092334, 'shap_norm_sq': 4.444545588702095}
{'sample_size': 600, 'difference': 0, 'noise': 0.005, 'n': 60, 'shap_error': 0.0005784293135655114, 'shap_norm_sq': 4.444545588702095}
{'sample_size': 600, 'difference': 0, 'noise': 0.01, 'n': 60, 'shap_error': 0.0008713266239775331, 'shap_norm_sq': 4.444545588702095}
{'sample_size': 600, 'difference': 0, 'noise': 0.05, 'n': 60, 'shap_error': 0.0016451363703527178, 'shap_norm_sq': 4.444545588702095}
{'sample_size': 600, 'difference': 0, 'noise': 0.1, 'n': 60, 'shap_error': 0.007221683705019868, 'shap_norm_sq': 4.444545588702095}
{'sample_size': 600, 'difference': 0, 'noise': 0.5, 'n': 60, 'shap_error': 0.13340430388424385, 'shap_norm_sq': 4.444545588702095}
{'sample_size': 600, 'difference': 0, 'noise': 1, 'n': 60, 'shap_error': 0.8463048175380399, 'shap_norm_sq': 4.444545588702095}
{'sample_size': 600, 'difference': 0, 'noise': 0.0005, 'n': 60, 'shap_error': 0.0034326135806521723, 'shap_norm_sq': 10.815992262881963}
{'sample_size': 600, 'difference': 0, 'noise': 0.001, 'n': 60, 'shap_error': 0.0034816053733833126, 'shap_norm_sq': 10.815992262881963}
{'sample_size': 600, 'difference': 0, 'noise': 0.005, 'n': 60, 'shap_error': 0.002924413951451529, 'shap_norm_sq': 10.815992262881963}
{'sample_size': 600, 'difference': 0, 'noise': 0.01, 'n': 60, 'shap_error': 0.0033439643597284363, 'shap_norm_sq': 10.815992262881963}
{'sample_size': 600, 'difference': 0, 'noise': 0.05, 'n': 60, 'shap_error': 0.0034055510621971512, 'shap_norm_sq': 10.815992262881963}
{'sample_size': 600, 'difference': 0, 'noise': 0.1, 'n': 60, 'shap_error': 0.006072200990058522, 'shap_norm_sq': 10.815992262881963}
{'sample_size': 600, 'difference': 0, 'noise': 0.5, 'n': 60, 'shap_error': 0.03917921796248316, 'shap_norm_sq': 10.815992262881963}
{'sample_size': 600, 'difference': 0, 'noise': 1, 'n': 60, 'shap_error': 0.19202608711667143, 'shap_norm_sq': 10.815992262881963}
{'sample_size': 600, 'difference': 0, 'noise': 0.0005, 'n': 60, 'shap_error': 0.010559309855477565, 'shap_norm_sq': 13.189536388610122}
{'sample_size': 600, 'difference': 0, 'noise': 0.001, 'n': 60, 'shap_error': 0.00996008440240391, 'shap_norm_sq': 13.189536388610122}
{'sample_size': 600, 'difference': 0, 'noise': 0.005, 'n': 60, 'shap_error': 0.007659188215873258, 'shap_norm_sq': 13.189536388610122}
{'sample_size': 600, 'difference': 0, 'noise': 0.01, 'n': 60, 'shap_error': 0.008207514300039317, 'shap_norm_sq': 13.189536388610122}
{'sample_size': 600, 'difference': 0, 'noise': 0.05, 'n': 60, 'shap_error': 0.009619770519496586, 'shap_norm_sq': 13.189536388610122}
{'sample_size': 600, 'difference': 0, 'noise': 0.1, 'n': 60, 'shap_error': 0.009792974399685137, 'shap_norm_sq': 13.189536388610122}
{'sample_size': 600, 'difference': 0, 'noise': 0.5, 'n': 60, 'shap_error': 0.033773240768221045, 'shap_norm_sq': 13.189536388610122}
{'sample_size': 600, 'difference': 0, 'noise': 1, 'n': 60, 'shap_error': 0.26270084169458446, 'shap_norm_sq': 13.189536388610122}
{'sample_size': 600, 'difference': 0, 'noise': 0.0005, 'n': 60, 'shap_error': 0.004577539206827381, 'shap_norm_sq': 10.753508821296526}
{'sample_size': 600, 'difference': 0, 'noise': 0.001, 'n': 60, 'shap_error': 0.006724497450922655, 'shap_norm_sq': 10.753508821296526}
{'sample_size': 600, 'difference': 0, 'noise': 0.005, 'n': 60, 'shap_error': 0.006582109309264332, 'shap_norm_sq': 10.753508821296526}
{'sample_size': 600, 'difference': 0, 'noise': 0.01, 'n': 60, 'shap_error': 0.005953340238295109, 'shap_norm_sq': 10.753508821296526}
{'sample_size': 600, 'difference': 0, 'noise': 0.05, 'n': 60, 'shap_error': 0.011134140311743373, 'shap_norm_sq': 10.753508821296526}
{'sample_size': 600, 'difference': 0, 'noise': 0.1, 'n': 60, 'shap_error': 0.008919212605331926, 'shap_norm_sq': 10.753508821296526}
{'sample_size': 600, 'difference': 0, 'noise': 0.5, 'n': 60, 'shap_error': 0.04159044039744264, 'shap_norm_sq': 10.753508821296526}
{'sample_size': 600, 'difference': 0, 'noise': 1, 'n': 60, 'shap_error': 0.20108982047563292, 'shap_norm_sq': 10.753508821296526}
