{'sample_size': 395, 'difference': -1, 'noise': 0, 'n': 79, 'shap_error': 0.04478785522871763, 'shap_norm_sq': 176.5920909062474}
{'sample_size': 790, 'difference': 0, 'noise': 0, 'n': 79, 'shap_error': 0.019536002173239767, 'shap_norm_sq': 176.5920909062474}
{'sample_size': 1580, 'difference': 0, 'noise': 0, 'n': 79, 'shap_error': 0.005906699881066332, 'shap_norm_sq': 176.5920909062474}
{'sample_size': 3160, 'difference': 0, 'noise': 0, 'n': 79, 'shap_error': 0.004729492439703026, 'shap_norm_sq': 176.5920909062474}
{'sample_size': 6320, 'difference': 0, 'noise': 0, 'n': 79, 'shap_error': 0.0020166591714781286, 'shap_norm_sq': 176.5920909062474}
{'sample_size': 12640, 'difference': 0, 'noise': 0, 'n': 79, 'shap_error': 0.000694431544320092, 'shap_norm_sq': 176.5920909062474}
{'sample_size': 395, 'difference': -1, 'noise': 0, 'n': 79, 'shap_error': 0.22294077145390134, 'shap_norm_sq': 20.084252463209726}
{'sample_size': 790, 'difference': 0, 'noise': 0, 'n': 79, 'shap_error': 0.0985269971760608, 'shap_norm_sq': 20.084252463209726}
{'sample_size': 1580, 'difference': 0, 'noise': 0, 'n': 79, 'shap_error': 0.057113288109720925, 'shap_norm_sq': 20.084252463209726}
{'sample_size': 3160, 'difference': 0, 'noise': 0, 'n': 79, 'shap_error': 0.029306816532416378, 'shap_norm_sq': 20.084252463209726}
{'sample_size': 6320, 'difference': 0, 'noise': 0, 'n': 79, 'shap_error': 0.014582582770566652, 'shap_norm_sq': 20.084252463209726}
{'sample_size': 12640, 'difference': 0, 'noise': 0, 'n': 79, 'shap_error': 0.006109095307228096, 'shap_norm_sq': 20.084252463209726}
{'sample_size': 395, 'difference': -1, 'noise': 0, 'n': 79, 'shap_error': 0.07087963194094328, 'shap_norm_sq': 148.00477053999788}
{'sample_size': 790, 'difference': 0, 'noise': 0, 'n': 79, 'shap_error': 0.03259500958294348, 'shap_norm_sq': 148.00477053999788}
{'sample_size': 1580, 'difference': 0, 'noise': 0, 'n': 79, 'shap_error': 0.014686384089366523, 'shap_norm_sq': 148.00477053999788}
{'sample_size': 3160, 'difference': 0, 'noise': 0, 'n': 79, 'shap_error': 0.005699847575506372, 'shap_norm_sq': 148.00477053999788}
{'sample_size': 6320, 'difference': 0, 'noise': 0, 'n': 79, 'shap_error': 0.0034162895031198373, 'shap_norm_sq': 148.00477053999788}
{'sample_size': 12640, 'difference': 0, 'noise': 0, 'n': 79, 'shap_error': 0.0015197315169952917, 'shap_norm_sq': 148.00477053999788}
{'sample_size': 395, 'difference': -1, 'noise': 0, 'n': 79, 'shap_error': 0.029313316388297532, 'shap_norm_sq': 15.97553400192092}
{'sample_size': 790, 'difference': 0, 'noise': 0, 'n': 79, 'shap_error': 0.01277660788301126, 'shap_norm_sq': 15.97553400192092}
{'sample_size': 1580, 'difference': 0, 'noise': 0, 'n': 79, 'shap_error': 0.008128464953573887, 'shap_norm_sq': 15.97553400192092}
{'sample_size': 3160, 'difference': 0, 'noise': 0, 'n': 79, 'shap_error': 0.003371968395106213, 'shap_norm_sq': 15.97553400192092}
{'sample_size': 6320, 'difference': 0, 'noise': 0, 'n': 79, 'shap_error': 0.0016347830123702284, 'shap_norm_sq': 15.97553400192092}
{'sample_size': 12640, 'difference': 0, 'noise': 0, 'n': 79, 'shap_error': 0.0005796101310275204, 'shap_norm_sq': 15.97553400192092}
{'sample_size': 395, 'difference': -1, 'noise': 0, 'n': 79, 'shap_error': 0.022355325392724806, 'shap_norm_sq': 60.68441020144731}
{'sample_size': 790, 'difference': 0, 'noise': 0, 'n': 79, 'shap_error': 0.00970903278119441, 'shap_norm_sq': 60.68441020144731}
{'sample_size': 1580, 'difference': 0, 'noise': 0, 'n': 79, 'shap_error': 0.005034336255408533, 'shap_norm_sq': 60.68441020144731}
{'sample_size': 3160, 'difference': 0, 'noise': 0, 'n': 79, 'shap_error': 0.002770799481572035, 'shap_norm_sq': 60.68441020144731}
{'sample_size': 6320, 'difference': 0, 'noise': 0, 'n': 79, 'shap_error': 0.001153582318805183, 'shap_norm_sq': 60.68441020144731}
{'sample_size': 12640, 'difference': 0, 'noise': 0, 'n': 79, 'shap_error': 0.0004745413773842272, 'shap_norm_sq': 60.68441020144731}
{'sample_size': 395, 'difference': -1, 'noise': 0, 'n': 79, 'shap_error': 0.03698501330426645, 'shap_norm_sq': 136.26130924077654}
{'sample_size': 790, 'difference': 0, 'noise': 0, 'n': 79, 'shap_error': 0.02740559926030752, 'shap_norm_sq': 136.26130924077654}
{'sample_size': 1580, 'difference': 0, 'noise': 0, 'n': 79, 'shap_error': 0.006459892885827744, 'shap_norm_sq': 136.26130924077654}
{'sample_size': 3160, 'difference': 0, 'noise': 0, 'n': 79, 'shap_error': 0.005169793896639255, 'shap_norm_sq': 136.26130924077654}
{'sample_size': 6320, 'difference': 0, 'noise': 0, 'n': 79, 'shap_error': 0.0023124185999709385, 'shap_norm_sq': 136.26130924077654}
{'sample_size': 12640, 'difference': 0, 'noise': 0, 'n': 79, 'shap_error': 0.0009823685042075817, 'shap_norm_sq': 136.26130924077654}
{'sample_size': 395, 'difference': -1, 'noise': 0, 'n': 79, 'shap_error': 0.08044463333984356, 'shap_norm_sq': 12.049401362360555}
{'sample_size': 790, 'difference': 0, 'noise': 0, 'n': 79, 'shap_error': 0.032517957266837406, 'shap_norm_sq': 12.049401362360555}
{'sample_size': 1580, 'difference': 0, 'noise': 0, 'n': 79, 'shap_error': 0.0157067047698742, 'shap_norm_sq': 12.049401362360555}
{'sample_size': 3160, 'difference': 0, 'noise': 0, 'n': 79, 'shap_error': 0.008985130416872968, 'shap_norm_sq': 12.049401362360555}
{'sample_size': 6320, 'difference': 0, 'noise': 0, 'n': 79, 'shap_error': 0.003736903837912523, 'shap_norm_sq': 12.049401362360555}
{'sample_size': 12640, 'difference': 0, 'noise': 0, 'n': 79, 'shap_error': 0.0021927939360794446, 'shap_norm_sq': 12.049401362360555}
{'sample_size': 395, 'difference': -1, 'noise': 0, 'n': 79, 'shap_error': 0.08060394860374787, 'shap_norm_sq': 14.740428467777933}
{'sample_size': 790, 'difference': 0, 'noise': 0, 'n': 79, 'shap_error': 0.03996794635080871, 'shap_norm_sq': 14.740428467777933}
{'sample_size': 1580, 'difference': 0, 'noise': 0, 'n': 79, 'shap_error': 0.019233839876057545, 'shap_norm_sq': 14.740428467777933}
{'sample_size': 3160, 'difference': 0, 'noise': 0, 'n': 79, 'shap_error': 0.011038736595418186, 'shap_norm_sq': 14.740428467777933}
{'sample_size': 6320, 'difference': 0, 'noise': 0, 'n': 79, 'shap_error': 0.0034790565665146957, 'shap_norm_sq': 14.740428467777933}
{'sample_size': 12640, 'difference': 0, 'noise': 0, 'n': 79, 'shap_error': 0.0019095890173227007, 'shap_norm_sq': 14.740428467777933}
{'sample_size': 395, 'difference': -1, 'noise': 0, 'n': 79, 'shap_error': 0.0048460875312131635, 'shap_norm_sq': 18.37896431333642}
{'sample_size': 790, 'difference': 0, 'noise': 0, 'n': 79, 'shap_error': 0.001869749301483603, 'shap_norm_sq': 18.37896431333642}
{'sample_size': 1580, 'difference': 0, 'noise': 0, 'n': 79, 'shap_error': 0.0014090827340854993, 'shap_norm_sq': 18.37896431333642}
{'sample_size': 3160, 'difference': 0, 'noise': 0, 'n': 79, 'shap_error': 0.0005015955755821252, 'shap_norm_sq': 18.37896431333642}
{'sample_size': 6320, 'difference': 0, 'noise': 0, 'n': 79, 'shap_error': 0.00025570043147503185, 'shap_norm_sq': 18.37896431333642}
{'sample_size': 12640, 'difference': 0, 'noise': 0, 'n': 79, 'shap_error': 0.00012080852235945685, 'shap_norm_sq': 18.37896431333642}
{'sample_size': 395, 'difference': -1, 'noise': 0, 'n': 79, 'shap_error': 0.18652243012363365, 'shap_norm_sq': 152.40773170613983}
{'sample_size': 790, 'difference': 0, 'noise': 0, 'n': 79, 'shap_error': 0.1324279151823809, 'shap_norm_sq': 152.40773170613983}
{'sample_size': 1580, 'difference': 0, 'noise': 0, 'n': 79, 'shap_error': 0.04806804296273277, 'shap_norm_sq': 152.40773170613983}
{'sample_size': 3160, 'difference': 0, 'noise': 0, 'n': 79, 'shap_error': 0.023185913185328543, 'shap_norm_sq': 152.40773170613983}
{'sample_size': 6320, 'difference': 0, 'noise': 0, 'n': 79, 'shap_error': 0.012833066242108008, 'shap_norm_sq': 152.40773170613983}
{'sample_size': 12640, 'difference': 0, 'noise': 0, 'n': 79, 'shap_error': 0.005110950887853312, 'shap_norm_sq': 152.40773170613983}
{'sample_size': 395, 'difference': -1, 'noise': 0, 'n': 79, 'shap_error': 0.030651140415762192, 'shap_norm_sq': 10.023857202259894}
{'sample_size': 790, 'difference': 0, 'noise': 0, 'n': 79, 'shap_error': 0.00744035233436728, 'shap_norm_sq': 10.023857202259894}
{'sample_size': 1580, 'difference': 0, 'noise': 0, 'n': 79, 'shap_error': 0.004650757231684653, 'shap_norm_sq': 10.023857202259894}
{'sample_size': 3160, 'difference': 0, 'noise': 0, 'n': 79, 'shap_error': 0.0021895267622031194, 'shap_norm_sq': 10.023857202259894}
{'sample_size': 6320, 'difference': 0, 'noise': 0, 'n': 79, 'shap_error': 0.001168637171874545, 'shap_norm_sq': 10.023857202259894}
{'sample_size': 12640, 'difference': 0, 'noise': 0, 'n': 79, 'shap_error': 0.0007048092105110376, 'shap_norm_sq': 10.023857202259894}
{'sample_size': 395, 'difference': -1, 'noise': 0, 'n': 79, 'shap_error': 0.05632457025535856, 'shap_norm_sq': 47.34563643628872}
{'sample_size': 790, 'difference': 0, 'noise': 0, 'n': 79, 'shap_error': 0.0181635643504205, 'shap_norm_sq': 47.34563643628872}
{'sample_size': 1580, 'difference': 0, 'noise': 0, 'n': 79, 'shap_error': 0.012165547021823393, 'shap_norm_sq': 47.34563643628872}
{'sample_size': 3160, 'difference': 0, 'noise': 0, 'n': 79, 'shap_error': 0.004612044094083747, 'shap_norm_sq': 47.34563643628872}
{'sample_size': 6320, 'difference': 0, 'noise': 0, 'n': 79, 'shap_error': 0.0025211214821733168, 'shap_norm_sq': 47.34563643628872}
{'sample_size': 12640, 'difference': 0, 'noise': 0, 'n': 79, 'shap_error': 0.0008839565331111509, 'shap_norm_sq': 47.34563643628872}
{'sample_size': 395, 'difference': -1, 'noise': 0, 'n': 79, 'shap_error': 0.2809207215816878, 'shap_norm_sq': 12.189123000898293}
{'sample_size': 790, 'difference': 0, 'noise': 0, 'n': 79, 'shap_error': 0.12161471704963245, 'shap_norm_sq': 12.189123000898293}
{'sample_size': 1580, 'difference': 0, 'noise': 0, 'n': 79, 'shap_error': 0.05811665201477703, 'shap_norm_sq': 12.189123000898293}
{'sample_size': 3160, 'difference': 0, 'noise': 0, 'n': 79, 'shap_error': 0.024561326340599026, 'shap_norm_sq': 12.189123000898293}
{'sample_size': 6320, 'difference': 0, 'noise': 0, 'n': 79, 'shap_error': 0.01344784348175644, 'shap_norm_sq': 12.189123000898293}
{'sample_size': 12640, 'difference': 0, 'noise': 0, 'n': 79, 'shap_error': 0.006902086320650543, 'shap_norm_sq': 12.189123000898293}
{'sample_size': 395, 'difference': -1, 'noise': 0, 'n': 79, 'shap_error': 0.08969446659396894, 'shap_norm_sq': 22.170301629600175}
{'sample_size': 790, 'difference': 0, 'noise': 0, 'n': 79, 'shap_error': 0.028743730619170526, 'shap_norm_sq': 22.170301629600175}
{'sample_size': 1580, 'difference': 0, 'noise': 0, 'n': 79, 'shap_error': 0.015835673695117177, 'shap_norm_sq': 22.170301629600175}
{'sample_size': 3160, 'difference': 0, 'noise': 0, 'n': 79, 'shap_error': 0.005955780685943253, 'shap_norm_sq': 22.170301629600175}
{'sample_size': 6320, 'difference': 0, 'noise': 0, 'n': 79, 'shap_error': 0.003906482935131241, 'shap_norm_sq': 22.170301629600175}
{'sample_size': 12640, 'difference': 0, 'noise': 0, 'n': 79, 'shap_error': 0.0016148262786997614, 'shap_norm_sq': 22.170301629600175}
{'sample_size': 395, 'difference': -1, 'noise': 0, 'n': 79, 'shap_error': 0.05330577057163281, 'shap_norm_sq': 199.08895971729703}
{'sample_size': 790, 'difference': 0, 'noise': 0, 'n': 79, 'shap_error': 0.021386172058240845, 'shap_norm_sq': 199.08895971729703}
{'sample_size': 1580, 'difference': 0, 'noise': 0, 'n': 79, 'shap_error': 0.008353203180705709, 'shap_norm_sq': 199.08895971729703}
{'sample_size': 3160, 'difference': 0, 'noise': 0, 'n': 79, 'shap_error': 0.004585524094232831, 'shap_norm_sq': 199.08895971729703}
{'sample_size': 6320, 'difference': 0, 'noise': 0, 'n': 79, 'shap_error': 0.002611850380209756, 'shap_norm_sq': 199.08895971729703}
{'sample_size': 12640, 'difference': 0, 'noise': 0, 'n': 79, 'shap_error': 0.0011608374225289993, 'shap_norm_sq': 199.08895971729703}
{'sample_size': 395, 'difference': -1, 'noise': 0, 'n': 79, 'shap_error': 0.10059306309360211, 'shap_norm_sq': 174.68228798882984}
{'sample_size': 790, 'difference': 0, 'noise': 0, 'n': 79, 'shap_error': 0.03587235068798352, 'shap_norm_sq': 174.68228798882984}
{'sample_size': 1580, 'difference': 0, 'noise': 0, 'n': 79, 'shap_error': 0.014341789393773922, 'shap_norm_sq': 174.68228798882984}
{'sample_size': 3160, 'difference': 0, 'noise': 0, 'n': 79, 'shap_error': 0.007134185306025164, 'shap_norm_sq': 174.68228798882984}
{'sample_size': 6320, 'difference': 0, 'noise': 0, 'n': 79, 'shap_error': 0.003705554447064348, 'shap_norm_sq': 174.68228798882984}
{'sample_size': 12640, 'difference': 0, 'noise': 0, 'n': 79, 'shap_error': 0.001902687869987908, 'shap_norm_sq': 174.68228798882984}
{'sample_size': 395, 'difference': -1, 'noise': 0, 'n': 79, 'shap_error': 0.08736332886438072, 'shap_norm_sq': 20.75537075771844}
{'sample_size': 790, 'difference': 0, 'noise': 0, 'n': 79, 'shap_error': 0.047534769902471546, 'shap_norm_sq': 20.75537075771844}
{'sample_size': 1580, 'difference': 0, 'noise': 0, 'n': 79, 'shap_error': 0.021809521039955107, 'shap_norm_sq': 20.75537075771844}
{'sample_size': 3160, 'difference': 0, 'noise': 0, 'n': 79, 'shap_error': 0.006807968802883284, 'shap_norm_sq': 20.75537075771844}
{'sample_size': 6320, 'difference': 0, 'noise': 0, 'n': 79, 'shap_error': 0.005928948075861397, 'shap_norm_sq': 20.75537075771844}
{'sample_size': 12640, 'difference': 0, 'noise': 0, 'n': 79, 'shap_error': 0.002640962127962669, 'shap_norm_sq': 20.75537075771844}
{'sample_size': 395, 'difference': -1, 'noise': 0, 'n': 79, 'shap_error': 0.08371173155756434, 'shap_norm_sq': 69.23714589372352}
{'sample_size': 790, 'difference': 0, 'noise': 0, 'n': 79, 'shap_error': 0.03057422433771523, 'shap_norm_sq': 69.23714589372352}
{'sample_size': 1580, 'difference': 0, 'noise': 0, 'n': 79, 'shap_error': 0.013112496570203467, 'shap_norm_sq': 69.23714589372352}
{'sample_size': 3160, 'difference': 0, 'noise': 0, 'n': 79, 'shap_error': 0.007739095762507332, 'shap_norm_sq': 69.23714589372352}
{'sample_size': 6320, 'difference': 0, 'noise': 0, 'n': 79, 'shap_error': 0.0034380875544697846, 'shap_norm_sq': 69.23714589372352}
{'sample_size': 12640, 'difference': 0, 'noise': 0, 'n': 79, 'shap_error': 0.0018897463071400721, 'shap_norm_sq': 69.23714589372352}
{'sample_size': 395, 'difference': -1, 'noise': 0, 'n': 79, 'shap_error': 0.06951039328411326, 'shap_norm_sq': 20.065578469079746}
{'sample_size': 790, 'difference': 0, 'noise': 0, 'n': 79, 'shap_error': 0.026165360946226873, 'shap_norm_sq': 20.065578469079746}
{'sample_size': 1580, 'difference': 0, 'noise': 0, 'n': 79, 'shap_error': 0.01237795844680378, 'shap_norm_sq': 20.065578469079746}
{'sample_size': 3160, 'difference': 0, 'noise': 0, 'n': 79, 'shap_error': 0.008187260985467336, 'shap_norm_sq': 20.065578469079746}
{'sample_size': 6320, 'difference': 0, 'noise': 0, 'n': 79, 'shap_error': 0.0035380516480424382, 'shap_norm_sq': 20.065578469079746}
{'sample_size': 12640, 'difference': 0, 'noise': 0, 'n': 79, 'shap_error': 0.0024784349910076256, 'shap_norm_sq': 20.065578469079746}
{'sample_size': 395, 'difference': -1, 'noise': 0, 'n': 79, 'shap_error': 0.01846647505611241, 'shap_norm_sq': 252.03554771036144}
{'sample_size': 790, 'difference': 0, 'noise': 0, 'n': 79, 'shap_error': 0.007705390461176719, 'shap_norm_sq': 252.03554771036144}
{'sample_size': 1580, 'difference': 0, 'noise': 0, 'n': 79, 'shap_error': 0.002899505376174441, 'shap_norm_sq': 252.03554771036144}
{'sample_size': 3160, 'difference': 0, 'noise': 0, 'n': 79, 'shap_error': 0.0022074450259407167, 'shap_norm_sq': 252.03554771036144}
{'sample_size': 6320, 'difference': 0, 'noise': 0, 'n': 79, 'shap_error': 0.0009002152336835701, 'shap_norm_sq': 252.03554771036144}
{'sample_size': 12640, 'difference': 0, 'noise': 0, 'n': 79, 'shap_error': 0.0003762012197168799, 'shap_norm_sq': 252.03554771036144}
{'sample_size': 395, 'difference': -1, 'noise': 0, 'n': 79, 'shap_error': 0.09320516209889598, 'shap_norm_sq': 27.324186959961153}
{'sample_size': 790, 'difference': 0, 'noise': 0, 'n': 79, 'shap_error': 0.04599111584400848, 'shap_norm_sq': 27.324186959961153}
{'sample_size': 1580, 'difference': 0, 'noise': 0, 'n': 79, 'shap_error': 0.021028102342177914, 'shap_norm_sq': 27.324186959961153}
{'sample_size': 3160, 'difference': 0, 'noise': 0, 'n': 79, 'shap_error': 0.00785375450948761, 'shap_norm_sq': 27.324186959961153}
{'sample_size': 6320, 'difference': 0, 'noise': 0, 'n': 79, 'shap_error': 0.0040769416970127745, 'shap_norm_sq': 27.324186959961153}
{'sample_size': 12640, 'difference': 0, 'noise': 0, 'n': 79, 'shap_error': 0.0020937619739948357, 'shap_norm_sq': 27.324186959961153}
{'sample_size': 395, 'difference': -1, 'noise': 0, 'n': 79, 'shap_error': 0.2518619845013036, 'shap_norm_sq': 22.923048706888665}
{'sample_size': 790, 'difference': 0, 'noise': 0, 'n': 79, 'shap_error': 0.07607986200854625, 'shap_norm_sq': 22.923048706888665}
{'sample_size': 1580, 'difference': 0, 'noise': 0, 'n': 79, 'shap_error': 0.03947386521317463, 'shap_norm_sq': 22.923048706888665}
{'sample_size': 3160, 'difference': 0, 'noise': 0, 'n': 79, 'shap_error': 0.01795690945733173, 'shap_norm_sq': 22.923048706888665}
{'sample_size': 6320, 'difference': 0, 'noise': 0, 'n': 79, 'shap_error': 0.009700129844316183, 'shap_norm_sq': 22.923048706888665}
{'sample_size': 12640, 'difference': 0, 'noise': 0, 'n': 79, 'shap_error': 0.005599748454736735, 'shap_norm_sq': 22.923048706888665}
{'sample_size': 395, 'difference': -1, 'noise': 0, 'n': 79, 'shap_error': 0.023972625981485165, 'shap_norm_sq': 12.1547259683948}
{'sample_size': 790, 'difference': 0, 'noise': 0, 'n': 79, 'shap_error': 0.008395258195004132, 'shap_norm_sq': 12.1547259683948}
{'sample_size': 1580, 'difference': 0, 'noise': 0, 'n': 79, 'shap_error': 0.00472113686816837, 'shap_norm_sq': 12.1547259683948}
{'sample_size': 3160, 'difference': 0, 'noise': 0, 'n': 79, 'shap_error': 0.003325740423005763, 'shap_norm_sq': 12.1547259683948}
{'sample_size': 6320, 'difference': 0, 'noise': 0, 'n': 79, 'shap_error': 0.0013534355655539063, 'shap_norm_sq': 12.1547259683948}
{'sample_size': 12640, 'difference': 0, 'noise': 0, 'n': 79, 'shap_error': 0.0005841998871765351, 'shap_norm_sq': 12.1547259683948}
{'sample_size': 395, 'difference': -1, 'noise': 0, 'n': 79, 'shap_error': 0.20564942578612636, 'shap_norm_sq': 14.431283840350238}
{'sample_size': 790, 'difference': 0, 'noise': 0, 'n': 79, 'shap_error': 0.09204142826654776, 'shap_norm_sq': 14.431283840350238}
{'sample_size': 1580, 'difference': 0, 'noise': 0, 'n': 79, 'shap_error': 0.036824236393978554, 'shap_norm_sq': 14.431283840350238}
{'sample_size': 3160, 'difference': 0, 'noise': 0, 'n': 79, 'shap_error': 0.02333581416824165, 'shap_norm_sq': 14.431283840350238}
{'sample_size': 6320, 'difference': 0, 'noise': 0, 'n': 79, 'shap_error': 0.01251284482040699, 'shap_norm_sq': 14.431283840350238}
{'sample_size': 12640, 'difference': 0, 'noise': 0, 'n': 79, 'shap_error': 0.0053775967399846995, 'shap_norm_sq': 14.431283840350238}
{'sample_size': 395, 'difference': -1, 'noise': 0, 'n': 79, 'shap_error': 0.03855362893779608, 'shap_norm_sq': 310.11213783401325}
{'sample_size': 790, 'difference': 0, 'noise': 0, 'n': 79, 'shap_error': 0.0201457920675807, 'shap_norm_sq': 310.11213783401325}
{'sample_size': 1580, 'difference': 0, 'noise': 0, 'n': 79, 'shap_error': 0.010509598116603496, 'shap_norm_sq': 310.11213783401325}
{'sample_size': 3160, 'difference': 0, 'noise': 0, 'n': 79, 'shap_error': 0.00399570674474593, 'shap_norm_sq': 310.11213783401325}
{'sample_size': 6320, 'difference': 0, 'noise': 0, 'n': 79, 'shap_error': 0.00310223072157445, 'shap_norm_sq': 310.11213783401325}
{'sample_size': 12640, 'difference': 0, 'noise': 0, 'n': 79, 'shap_error': 0.0013153384690108428, 'shap_norm_sq': 310.11213783401325}
{'sample_size': 395, 'difference': -1, 'noise': 0, 'n': 79, 'shap_error': 0.09444162486528795, 'shap_norm_sq': 31.88287350491898}
{'sample_size': 790, 'difference': 0, 'noise': 0, 'n': 79, 'shap_error': 0.03802995144375765, 'shap_norm_sq': 31.88287350491898}
{'sample_size': 1580, 'difference': 0, 'noise': 0, 'n': 79, 'shap_error': 0.019358003402670198, 'shap_norm_sq': 31.88287350491898}
{'sample_size': 3160, 'difference': 0, 'noise': 0, 'n': 79, 'shap_error': 0.010014993586472162, 'shap_norm_sq': 31.88287350491898}
{'sample_size': 6320, 'difference': 0, 'noise': 0, 'n': 79, 'shap_error': 0.004949254401235457, 'shap_norm_sq': 31.88287350491898}
{'sample_size': 12640, 'difference': 0, 'noise': 0, 'n': 79, 'shap_error': 0.0020129011802227695, 'shap_norm_sq': 31.88287350491898}
{'sample_size': 395, 'difference': -1, 'noise': 0, 'n': 79, 'shap_error': 0.1434568732225653, 'shap_norm_sq': 14.79931982241082}
{'sample_size': 790, 'difference': 0, 'noise': 0, 'n': 79, 'shap_error': 0.07940084430187308, 'shap_norm_sq': 14.79931982241082}
{'sample_size': 1580, 'difference': 0, 'noise': 0, 'n': 79, 'shap_error': 0.028636045719020724, 'shap_norm_sq': 14.79931982241082}
{'sample_size': 3160, 'difference': 0, 'noise': 0, 'n': 79, 'shap_error': 0.014466218499577889, 'shap_norm_sq': 14.79931982241082}
{'sample_size': 6320, 'difference': 0, 'noise': 0, 'n': 79, 'shap_error': 0.008691899352086547, 'shap_norm_sq': 14.79931982241082}
{'sample_size': 12640, 'difference': 0, 'noise': 0, 'n': 79, 'shap_error': 0.0025959423384052955, 'shap_norm_sq': 14.79931982241082}
{'sample_size': 395, 'difference': -1, 'noise': 0, 'n': 79, 'shap_error': 0.0011421419925369404, 'shap_norm_sq': 191.42936031395982}
{'sample_size': 790, 'difference': 0, 'noise': 0, 'n': 79, 'shap_error': 0.0002522438006025125, 'shap_norm_sq': 191.42936031395982}
{'sample_size': 1580, 'difference': 0, 'noise': 0, 'n': 79, 'shap_error': 0.00014144079639540289, 'shap_norm_sq': 191.42936031395982}
{'sample_size': 3160, 'difference': 0, 'noise': 0, 'n': 79, 'shap_error': 8.95397929515348e-05, 'shap_norm_sq': 191.42936031395982}
{'sample_size': 6320, 'difference': 0, 'noise': 0, 'n': 79, 'shap_error': 3.7638398061781746e-05, 'shap_norm_sq': 191.42936031395982}
{'sample_size': 12640, 'difference': 0, 'noise': 0, 'n': 79, 'shap_error': 1.909089529637001e-05, 'shap_norm_sq': 191.42936031395982}
{'sample_size': 395, 'difference': -1, 'noise': 0, 'n': 79, 'shap_error': 0.284989653029334, 'shap_norm_sq': 32.161172519186906}
{'sample_size': 790, 'difference': 0, 'noise': 0, 'n': 79, 'shap_error': 0.1598915956716554, 'shap_norm_sq': 32.161172519186906}
{'sample_size': 1580, 'difference': 0, 'noise': 0, 'n': 79, 'shap_error': 0.0732761344455786, 'shap_norm_sq': 32.161172519186906}
{'sample_size': 3160, 'difference': 0, 'noise': 0, 'n': 79, 'shap_error': 0.03311165784275603, 'shap_norm_sq': 32.161172519186906}
{'sample_size': 6320, 'difference': 0, 'noise': 0, 'n': 79, 'shap_error': 0.018251604261218583, 'shap_norm_sq': 32.161172519186906}
{'sample_size': 12640, 'difference': 0, 'noise': 0, 'n': 79, 'shap_error': 0.009762934655349931, 'shap_norm_sq': 32.161172519186906}
{'sample_size': 395, 'difference': -1, 'noise': 0, 'n': 79, 'shap_error': 0.003661285028001757, 'shap_norm_sq': 364.50655549433264}
{'sample_size': 790, 'difference': 0, 'noise': 0, 'n': 79, 'shap_error': 0.0014977293371473811, 'shap_norm_sq': 364.50655549433264}
{'sample_size': 1580, 'difference': 0, 'noise': 0, 'n': 79, 'shap_error': 0.0008775388491901782, 'shap_norm_sq': 364.50655549433264}
{'sample_size': 3160, 'difference': 0, 'noise': 0, 'n': 79, 'shap_error': 0.00039623822724120896, 'shap_norm_sq': 364.50655549433264}
{'sample_size': 6320, 'difference': 0, 'noise': 0, 'n': 79, 'shap_error': 0.0001789367818891915, 'shap_norm_sq': 364.50655549433264}
{'sample_size': 12640, 'difference': 0, 'noise': 0, 'n': 79, 'shap_error': 0.00011134198495723473, 'shap_norm_sq': 364.50655549433264}
{'sample_size': 395, 'difference': -1, 'noise': 0, 'n': 79, 'shap_error': 0.05387752719807219, 'shap_norm_sq': 19.78695774701015}
{'sample_size': 790, 'difference': 0, 'noise': 0, 'n': 79, 'shap_error': 0.023322348938340582, 'shap_norm_sq': 19.78695774701015}
{'sample_size': 1580, 'difference': 0, 'noise': 0, 'n': 79, 'shap_error': 0.011703609491420606, 'shap_norm_sq': 19.78695774701015}
{'sample_size': 3160, 'difference': 0, 'noise': 0, 'n': 79, 'shap_error': 0.006008350988808626, 'shap_norm_sq': 19.78695774701015}
{'sample_size': 6320, 'difference': 0, 'noise': 0, 'n': 79, 'shap_error': 0.003184639608685968, 'shap_norm_sq': 19.78695774701015}
{'sample_size': 12640, 'difference': 0, 'noise': 0, 'n': 79, 'shap_error': 0.001364407140723321, 'shap_norm_sq': 19.78695774701015}
{'sample_size': 395, 'difference': -1, 'noise': 0, 'n': 79, 'shap_error': 0.15714938453151012, 'shap_norm_sq': 39.9763345742574}
{'sample_size': 790, 'difference': 0, 'noise': 0, 'n': 79, 'shap_error': 0.07787667991496959, 'shap_norm_sq': 39.9763345742574}
{'sample_size': 1580, 'difference': 0, 'noise': 0, 'n': 79, 'shap_error': 0.03850272164484727, 'shap_norm_sq': 39.9763345742574}
{'sample_size': 3160, 'difference': 0, 'noise': 0, 'n': 79, 'shap_error': 0.015117577723376333, 'shap_norm_sq': 39.9763345742574}
{'sample_size': 6320, 'difference': 0, 'noise': 0, 'n': 79, 'shap_error': 0.009326676506127927, 'shap_norm_sq': 39.9763345742574}
{'sample_size': 12640, 'difference': 0, 'noise': 0, 'n': 79, 'shap_error': 0.0054906944596409225, 'shap_norm_sq': 39.9763345742574}
{'sample_size': 395, 'difference': -1, 'noise': 0, 'n': 79, 'shap_error': 0.02335362244344132, 'shap_norm_sq': 13.749620130939958}
{'sample_size': 790, 'difference': 0, 'noise': 0, 'n': 79, 'shap_error': 0.010376863668928456, 'shap_norm_sq': 13.749620130939958}
{'sample_size': 1580, 'difference': 0, 'noise': 0, 'n': 79, 'shap_error': 0.0054537993639886, 'shap_norm_sq': 13.749620130939958}
{'sample_size': 3160, 'difference': 0, 'noise': 0, 'n': 79, 'shap_error': 0.0032566345386200223, 'shap_norm_sq': 13.749620130939958}
{'sample_size': 6320, 'difference': 0, 'noise': 0, 'n': 79, 'shap_error': 0.001264423909624394, 'shap_norm_sq': 13.749620130939958}
{'sample_size': 12640, 'difference': 0, 'noise': 0, 'n': 79, 'shap_error': 0.0006133322734269681, 'shap_norm_sq': 13.749620130939958}
{'sample_size': 395, 'difference': -1, 'noise': 0, 'n': 79, 'shap_error': 0.17955557138686665, 'shap_norm_sq': 46.1341068946306}
{'sample_size': 790, 'difference': 0, 'noise': 0, 'n': 79, 'shap_error': 0.0883294187343369, 'shap_norm_sq': 46.1341068946306}
{'sample_size': 1580, 'difference': 0, 'noise': 0, 'n': 79, 'shap_error': 0.029838044617013042, 'shap_norm_sq': 46.1341068946306}
{'sample_size': 3160, 'difference': 0, 'noise': 0, 'n': 79, 'shap_error': 0.02115422210745744, 'shap_norm_sq': 46.1341068946306}
{'sample_size': 6320, 'difference': 0, 'noise': 0, 'n': 79, 'shap_error': 0.010761076716128642, 'shap_norm_sq': 46.1341068946306}
{'sample_size': 12640, 'difference': 0, 'noise': 0, 'n': 79, 'shap_error': 0.005138082319550741, 'shap_norm_sq': 46.1341068946306}
{'sample_size': 395, 'difference': -1, 'noise': 0, 'n': 79, 'shap_error': 0.036213043994537036, 'shap_norm_sq': 11.916612963746886}
{'sample_size': 790, 'difference': 0, 'noise': 0, 'n': 79, 'shap_error': 0.016332624458607913, 'shap_norm_sq': 11.916612963746886}
{'sample_size': 1580, 'difference': 0, 'noise': 0, 'n': 79, 'shap_error': 0.008956014886846638, 'shap_norm_sq': 11.916612963746886}
{'sample_size': 3160, 'difference': 0, 'noise': 0, 'n': 79, 'shap_error': 0.0049586454668524085, 'shap_norm_sq': 11.916612963746886}
{'sample_size': 6320, 'difference': 0, 'noise': 0, 'n': 79, 'shap_error': 0.0013282031643863644, 'shap_norm_sq': 11.916612963746886}
{'sample_size': 12640, 'difference': 0, 'noise': 0, 'n': 79, 'shap_error': 0.0011839329574016096, 'shap_norm_sq': 11.916612963746886}
{'sample_size': 395, 'difference': -1, 'noise': 0, 'n': 79, 'shap_error': 0.3081312305653468, 'shap_norm_sq': 205.912081472179}
{'sample_size': 790, 'difference': 0, 'noise': 0, 'n': 79, 'shap_error': 0.168762711650587, 'shap_norm_sq': 205.912081472179}
{'sample_size': 1580, 'difference': 0, 'noise': 0, 'n': 79, 'shap_error': 0.046685400890538915, 'shap_norm_sq': 205.912081472179}
{'sample_size': 3160, 'difference': 0, 'noise': 0, 'n': 79, 'shap_error': 0.03328967541949285, 'shap_norm_sq': 205.912081472179}
{'sample_size': 6320, 'difference': 0, 'noise': 0, 'n': 79, 'shap_error': 0.011835550488517045, 'shap_norm_sq': 205.912081472179}
{'sample_size': 12640, 'difference': 0, 'noise': 0, 'n': 79, 'shap_error': 0.005961215033786086, 'shap_norm_sq': 205.912081472179}
{'sample_size': 395, 'difference': -1, 'noise': 0, 'n': 79, 'shap_error': 0.06030575741733509, 'shap_norm_sq': 18.03039976093688}
{'sample_size': 790, 'difference': 0, 'noise': 0, 'n': 79, 'shap_error': 0.02274379302276585, 'shap_norm_sq': 18.03039976093688}
{'sample_size': 1580, 'difference': 0, 'noise': 0, 'n': 79, 'shap_error': 0.012039808276058238, 'shap_norm_sq': 18.03039976093688}
{'sample_size': 3160, 'difference': 0, 'noise': 0, 'n': 79, 'shap_error': 0.005128946744865155, 'shap_norm_sq': 18.03039976093688}
{'sample_size': 6320, 'difference': 0, 'noise': 0, 'n': 79, 'shap_error': 0.0027154563760417244, 'shap_norm_sq': 18.03039976093688}
{'sample_size': 12640, 'difference': 0, 'noise': 0, 'n': 79, 'shap_error': 0.0012930324951909958, 'shap_norm_sq': 18.03039976093688}
{'sample_size': 395, 'difference': -1, 'noise': 0, 'n': 79, 'shap_error': 0.007879171604823548, 'shap_norm_sq': 100.79667056208018}
{'sample_size': 790, 'difference': 0, 'noise': 0, 'n': 79, 'shap_error': 0.0048620256868756855, 'shap_norm_sq': 100.79667056208018}
{'sample_size': 1580, 'difference': 0, 'noise': 0, 'n': 79, 'shap_error': 0.0022555382929749465, 'shap_norm_sq': 100.79667056208018}
{'sample_size': 3160, 'difference': 0, 'noise': 0, 'n': 79, 'shap_error': 0.0012511280787787188, 'shap_norm_sq': 100.79667056208018}
{'sample_size': 6320, 'difference': 0, 'noise': 0, 'n': 79, 'shap_error': 0.0004427535727481214, 'shap_norm_sq': 100.79667056208018}
{'sample_size': 12640, 'difference': 0, 'noise': 0, 'n': 79, 'shap_error': 0.00022421748614349392, 'shap_norm_sq': 100.79667056208018}
{'sample_size': 395, 'difference': -1, 'noise': 0, 'n': 79, 'shap_error': 0.22316581343882896, 'shap_norm_sq': 15.02517144565445}
{'sample_size': 790, 'difference': 0, 'noise': 0, 'n': 79, 'shap_error': 0.1044520504890913, 'shap_norm_sq': 15.02517144565445}
{'sample_size': 1580, 'difference': 0, 'noise': 0, 'n': 79, 'shap_error': 0.05662947737662882, 'shap_norm_sq': 15.02517144565445}
{'sample_size': 3160, 'difference': 0, 'noise': 0, 'n': 79, 'shap_error': 0.017557916314323938, 'shap_norm_sq': 15.02517144565445}
{'sample_size': 6320, 'difference': 0, 'noise': 0, 'n': 79, 'shap_error': 0.015120698658123969, 'shap_norm_sq': 15.02517144565445}
{'sample_size': 12640, 'difference': 0, 'noise': 0, 'n': 79, 'shap_error': 0.006676466436863247, 'shap_norm_sq': 15.02517144565445}
{'sample_size': 395, 'difference': -1, 'noise': 0, 'n': 79, 'shap_error': 0.08905188915469912, 'shap_norm_sq': 24.28614933835972}
{'sample_size': 790, 'difference': 0, 'noise': 0, 'n': 79, 'shap_error': 0.037736435559799046, 'shap_norm_sq': 24.28614933835972}
{'sample_size': 1580, 'difference': 0, 'noise': 0, 'n': 79, 'shap_error': 0.022249602947862754, 'shap_norm_sq': 24.28614933835972}
{'sample_size': 3160, 'difference': 0, 'noise': 0, 'n': 79, 'shap_error': 0.008655151099262558, 'shap_norm_sq': 24.28614933835972}
{'sample_size': 6320, 'difference': 0, 'noise': 0, 'n': 79, 'shap_error': 0.004307203131388283, 'shap_norm_sq': 24.28614933835972}
{'sample_size': 12640, 'difference': 0, 'noise': 0, 'n': 79, 'shap_error': 0.0018216292058341906, 'shap_norm_sq': 24.28614933835972}
{'sample_size': 395, 'difference': -1, 'noise': 0, 'n': 79, 'shap_error': 0.051632079806196336, 'shap_norm_sq': 254.6475454616909}
{'sample_size': 790, 'difference': 0, 'noise': 0, 'n': 79, 'shap_error': 0.01779586200919008, 'shap_norm_sq': 254.6475454616909}
{'sample_size': 1580, 'difference': 0, 'noise': 0, 'n': 79, 'shap_error': 0.008657557431916534, 'shap_norm_sq': 254.6475454616909}
{'sample_size': 3160, 'difference': 0, 'noise': 0, 'n': 79, 'shap_error': 0.006047046052550694, 'shap_norm_sq': 254.6475454616909}
{'sample_size': 6320, 'difference': 0, 'noise': 0, 'n': 79, 'shap_error': 0.002456851745599225, 'shap_norm_sq': 254.6475454616909}
{'sample_size': 12640, 'difference': 0, 'noise': 0, 'n': 79, 'shap_error': 0.0013337486859843573, 'shap_norm_sq': 254.6475454616909}
{'sample_size': 395, 'difference': -1, 'noise': 0, 'n': 79, 'shap_error': 0.002709747934417654, 'shap_norm_sq': 116.99436288234631}
{'sample_size': 790, 'difference': 0, 'noise': 0, 'n': 79, 'shap_error': 0.000875871541905172, 'shap_norm_sq': 116.99436288234631}
{'sample_size': 1580, 'difference': 0, 'noise': 0, 'n': 79, 'shap_error': 0.0006645043527609155, 'shap_norm_sq': 116.99436288234631}
{'sample_size': 3160, 'difference': 0, 'noise': 0, 'n': 79, 'shap_error': 0.000283558666180614, 'shap_norm_sq': 116.99436288234631}
{'sample_size': 6320, 'difference': 0, 'noise': 0, 'n': 79, 'shap_error': 0.0001255284463752793, 'shap_norm_sq': 116.99436288234631}
{'sample_size': 12640, 'difference': 0, 'noise': 0, 'n': 79, 'shap_error': 5.55763919627024e-05, 'shap_norm_sq': 116.99436288234631}
{'sample_size': 395, 'difference': -1, 'noise': 0, 'n': 79, 'shap_error': 0.11298802189266098, 'shap_norm_sq': 102.31099036377495}
{'sample_size': 790, 'difference': 0, 'noise': 0, 'n': 79, 'shap_error': 0.04778280646525166, 'shap_norm_sq': 102.31099036377495}
{'sample_size': 1580, 'difference': 0, 'noise': 0, 'n': 79, 'shap_error': 0.021587617986792318, 'shap_norm_sq': 102.31099036377495}
{'sample_size': 3160, 'difference': 0, 'noise': 0, 'n': 79, 'shap_error': 0.01087585102356911, 'shap_norm_sq': 102.31099036377495}
{'sample_size': 6320, 'difference': 0, 'noise': 0, 'n': 79, 'shap_error': 0.005520676808163322, 'shap_norm_sq': 102.31099036377495}
{'sample_size': 12640, 'difference': 0, 'noise': 0, 'n': 79, 'shap_error': 0.002189201518004206, 'shap_norm_sq': 102.31099036377495}
{'sample_size': 395, 'difference': -1, 'noise': 0, 'n': 79, 'shap_error': 0.037246902520408305, 'shap_norm_sq': 173.41918450871572}
{'sample_size': 790, 'difference': 0, 'noise': 0, 'n': 79, 'shap_error': 0.022419684478009908, 'shap_norm_sq': 173.41918450871572}
{'sample_size': 1580, 'difference': 0, 'noise': 0, 'n': 79, 'shap_error': 0.007841528283065714, 'shap_norm_sq': 173.41918450871572}
{'sample_size': 3160, 'difference': 0, 'noise': 0, 'n': 79, 'shap_error': 0.005127221478616551, 'shap_norm_sq': 173.41918450871572}
{'sample_size': 6320, 'difference': 0, 'noise': 0, 'n': 79, 'shap_error': 0.0021133836037052506, 'shap_norm_sq': 173.41918450871572}
{'sample_size': 12640, 'difference': 0, 'noise': 0, 'n': 79, 'shap_error': 0.0014300168620461125, 'shap_norm_sq': 173.41918450871572}
{'sample_size': 395, 'difference': -1, 'noise': 0, 'n': 79, 'shap_error': 0.05470455565907549, 'shap_norm_sq': 35.615413207299255}
{'sample_size': 790, 'difference': 0, 'noise': 0, 'n': 79, 'shap_error': 0.022040976939328192, 'shap_norm_sq': 35.615413207299255}
{'sample_size': 1580, 'difference': 0, 'noise': 0, 'n': 79, 'shap_error': 0.01055951710733258, 'shap_norm_sq': 35.615413207299255}
{'sample_size': 3160, 'difference': 0, 'noise': 0, 'n': 79, 'shap_error': 0.005549816286497001, 'shap_norm_sq': 35.615413207299255}
{'sample_size': 6320, 'difference': 0, 'noise': 0, 'n': 79, 'shap_error': 0.0028710930762205966, 'shap_norm_sq': 35.615413207299255}
{'sample_size': 12640, 'difference': 0, 'noise': 0, 'n': 79, 'shap_error': 0.001223911486049912, 'shap_norm_sq': 35.615413207299255}
{'sample_size': 395, 'difference': -1, 'noise': 0, 'n': 79, 'shap_error': 0.17546498653951043, 'shap_norm_sq': 13.80155801936073}
{'sample_size': 790, 'difference': 0, 'noise': 0, 'n': 79, 'shap_error': 0.062115918722393734, 'shap_norm_sq': 13.80155801936073}
{'sample_size': 1580, 'difference': 0, 'noise': 0, 'n': 79, 'shap_error': 0.039539472981606406, 'shap_norm_sq': 13.80155801936073}
{'sample_size': 3160, 'difference': 0, 'noise': 0, 'n': 79, 'shap_error': 0.015839817247180053, 'shap_norm_sq': 13.80155801936073}
{'sample_size': 6320, 'difference': 0, 'noise': 0, 'n': 79, 'shap_error': 0.006741858247321379, 'shap_norm_sq': 13.80155801936073}
{'sample_size': 12640, 'difference': 0, 'noise': 0, 'n': 79, 'shap_error': 0.0037976773953959358, 'shap_norm_sq': 13.80155801936073}
{'sample_size': 395, 'difference': -1, 'noise': 0, 'n': 79, 'shap_error': 0.19235737842443934, 'shap_norm_sq': 42.40902911153137}
{'sample_size': 790, 'difference': 0, 'noise': 0, 'n': 79, 'shap_error': 0.09973310362244303, 'shap_norm_sq': 42.40902911153137}
{'sample_size': 1580, 'difference': 0, 'noise': 0, 'n': 79, 'shap_error': 0.051429376969852975, 'shap_norm_sq': 42.40902911153137}
{'sample_size': 3160, 'difference': 0, 'noise': 0, 'n': 79, 'shap_error': 0.021668897148404885, 'shap_norm_sq': 42.40902911153137}
{'sample_size': 6320, 'difference': 0, 'noise': 0, 'n': 79, 'shap_error': 0.006984431130589611, 'shap_norm_sq': 42.40902911153137}
{'sample_size': 12640, 'difference': 0, 'noise': 0, 'n': 79, 'shap_error': 0.004331520897060854, 'shap_norm_sq': 42.40902911153137}
{'sample_size': 395, 'difference': -1, 'noise': 0, 'n': 79, 'shap_error': 0.107959556613431, 'shap_norm_sq': 32.827355668365776}
{'sample_size': 790, 'difference': 0, 'noise': 0, 'n': 79, 'shap_error': 0.0538329960192907, 'shap_norm_sq': 32.827355668365776}
{'sample_size': 1580, 'difference': 0, 'noise': 0, 'n': 79, 'shap_error': 0.022450481903879917, 'shap_norm_sq': 32.827355668365776}
{'sample_size': 3160, 'difference': 0, 'noise': 0, 'n': 79, 'shap_error': 0.01119466416745693, 'shap_norm_sq': 32.827355668365776}
{'sample_size': 6320, 'difference': 0, 'noise': 0, 'n': 79, 'shap_error': 0.0051565752250832715, 'shap_norm_sq': 32.827355668365776}
{'sample_size': 12640, 'difference': 0, 'noise': 0, 'n': 79, 'shap_error': 0.0023404109570399367, 'shap_norm_sq': 32.827355668365776}
{'sample_size': 395, 'difference': -1, 'noise': 0, 'n': 79, 'shap_error': 0.2005374595031662, 'shap_norm_sq': 15.218163635433783}
{'sample_size': 790, 'difference': 0, 'noise': 0, 'n': 79, 'shap_error': 0.10357497044482578, 'shap_norm_sq': 15.218163635433783}
{'sample_size': 1580, 'difference': 0, 'noise': 0, 'n': 79, 'shap_error': 0.037290751149510276, 'shap_norm_sq': 15.218163635433783}
{'sample_size': 3160, 'difference': 0, 'noise': 0, 'n': 79, 'shap_error': 0.02131360892186046, 'shap_norm_sq': 15.218163635433783}
{'sample_size': 6320, 'difference': 0, 'noise': 0, 'n': 79, 'shap_error': 0.01182029621596337, 'shap_norm_sq': 15.218163635433783}
{'sample_size': 12640, 'difference': 0, 'noise': 0, 'n': 79, 'shap_error': 0.005258688357816913, 'shap_norm_sq': 15.218163635433783}
{'sample_size': 395, 'difference': -1, 'noise': 0, 'n': 79, 'shap_error': 0.26675084063309024, 'shap_norm_sq': 20.537935658567513}
{'sample_size': 790, 'difference': 0, 'noise': 0, 'n': 79, 'shap_error': 0.18963126162104088, 'shap_norm_sq': 20.537935658567513}
{'sample_size': 1580, 'difference': 0, 'noise': 0, 'n': 79, 'shap_error': 0.0797423903807118, 'shap_norm_sq': 20.537935658567513}
{'sample_size': 3160, 'difference': 0, 'noise': 0, 'n': 79, 'shap_error': 0.02463412459408215, 'shap_norm_sq': 20.537935658567513}
{'sample_size': 6320, 'difference': 0, 'noise': 0, 'n': 79, 'shap_error': 0.015300661195814476, 'shap_norm_sq': 20.537935658567513}
{'sample_size': 12640, 'difference': 0, 'noise': 0, 'n': 79, 'shap_error': 0.007934761354622016, 'shap_norm_sq': 20.537935658567513}
{'sample_size': 395, 'difference': -1, 'noise': 0, 'n': 79, 'shap_error': 0.014639200066517545, 'shap_norm_sq': 119.19695420999676}
{'sample_size': 790, 'difference': 0, 'noise': 0, 'n': 79, 'shap_error': 0.00827450350478154, 'shap_norm_sq': 119.19695420999676}
{'sample_size': 1580, 'difference': 0, 'noise': 0, 'n': 79, 'shap_error': 0.00348227669245123, 'shap_norm_sq': 119.19695420999676}
{'sample_size': 3160, 'difference': 0, 'noise': 0, 'n': 79, 'shap_error': 0.001326141440406977, 'shap_norm_sq': 119.19695420999676}
{'sample_size': 6320, 'difference': 0, 'noise': 0, 'n': 79, 'shap_error': 0.0008467811254429911, 'shap_norm_sq': 119.19695420999676}
{'sample_size': 12640, 'difference': 0, 'noise': 0, 'n': 79, 'shap_error': 0.00042387846099406484, 'shap_norm_sq': 119.19695420999676}
{'sample_size': 395, 'difference': -1, 'noise': 0, 'n': 79, 'shap_error': 0.10177091799680058, 'shap_norm_sq': 13.001768995604218}
{'sample_size': 790, 'difference': 0, 'noise': 0, 'n': 79, 'shap_error': 0.05197195555882201, 'shap_norm_sq': 13.001768995604218}
{'sample_size': 1580, 'difference': 0, 'noise': 0, 'n': 79, 'shap_error': 0.017776918674073525, 'shap_norm_sq': 13.001768995604218}
{'sample_size': 3160, 'difference': 0, 'noise': 0, 'n': 79, 'shap_error': 0.00992278351009298, 'shap_norm_sq': 13.001768995604218}
{'sample_size': 6320, 'difference': 0, 'noise': 0, 'n': 79, 'shap_error': 0.006321624809853468, 'shap_norm_sq': 13.001768995604218}
{'sample_size': 12640, 'difference': 0, 'noise': 0, 'n': 79, 'shap_error': 0.0024070945475483615, 'shap_norm_sq': 13.001768995604218}
{'sample_size': 395, 'difference': -1, 'noise': 0, 'n': 79, 'shap_error': 0.18141149629078623, 'shap_norm_sq': 20.288636792945574}
{'sample_size': 790, 'difference': 0, 'noise': 0, 'n': 79, 'shap_error': 0.12987404128547186, 'shap_norm_sq': 20.288636792945574}
{'sample_size': 1580, 'difference': 0, 'noise': 0, 'n': 79, 'shap_error': 0.0635621133805491, 'shap_norm_sq': 20.288636792945574}
{'sample_size': 3160, 'difference': 0, 'noise': 0, 'n': 79, 'shap_error': 0.020179253489898855, 'shap_norm_sq': 20.288636792945574}
{'sample_size': 6320, 'difference': 0, 'noise': 0, 'n': 79, 'shap_error': 0.0155679814728489, 'shap_norm_sq': 20.288636792945574}
{'sample_size': 12640, 'difference': 0, 'noise': 0, 'n': 79, 'shap_error': 0.00787367160686946, 'shap_norm_sq': 20.288636792945574}
{'sample_size': 395, 'difference': -1, 'noise': 0, 'n': 79, 'shap_error': 0.53705019506495, 'shap_norm_sq': 20.410827015416118}
{'sample_size': 790, 'difference': 0, 'noise': 0, 'n': 79, 'shap_error': 0.29239049181856613, 'shap_norm_sq': 20.410827015416118}
{'sample_size': 1580, 'difference': 0, 'noise': 0, 'n': 79, 'shap_error': 0.13265077067938957, 'shap_norm_sq': 20.410827015416118}
{'sample_size': 3160, 'difference': 0, 'noise': 0, 'n': 79, 'shap_error': 0.07666110472915559, 'shap_norm_sq': 20.410827015416118}
{'sample_size': 6320, 'difference': 0, 'noise': 0, 'n': 79, 'shap_error': 0.02339992075371786, 'shap_norm_sq': 20.410827015416118}
{'sample_size': 12640, 'difference': 0, 'noise': 0, 'n': 79, 'shap_error': 0.01295506807884309, 'shap_norm_sq': 20.410827015416118}
{'sample_size': 395, 'difference': -1, 'noise': 0, 'n': 79, 'shap_error': 0.015623971878664978, 'shap_norm_sq': 115.48674040463875}
{'sample_size': 790, 'difference': 0, 'noise': 0, 'n': 79, 'shap_error': 0.007972674955592951, 'shap_norm_sq': 115.48674040463875}
{'sample_size': 1580, 'difference': 0, 'noise': 0, 'n': 79, 'shap_error': 0.004006175266090153, 'shap_norm_sq': 115.48674040463875}
{'sample_size': 3160, 'difference': 0, 'noise': 0, 'n': 79, 'shap_error': 0.0016525219072149665, 'shap_norm_sq': 115.48674040463875}
{'sample_size': 6320, 'difference': 0, 'noise': 0, 'n': 79, 'shap_error': 0.0011842986162685265, 'shap_norm_sq': 115.48674040463875}
{'sample_size': 12640, 'difference': 0, 'noise': 0, 'n': 79, 'shap_error': 0.0004996287388824096, 'shap_norm_sq': 115.48674040463875}
{'sample_size': 395, 'difference': -1, 'noise': 0, 'n': 79, 'shap_error': 0.4949682359576982, 'shap_norm_sq': 24.88886090328099}
{'sample_size': 790, 'difference': 0, 'noise': 0, 'n': 79, 'shap_error': 0.17486863627129368, 'shap_norm_sq': 24.88886090328099}
{'sample_size': 1580, 'difference': 0, 'noise': 0, 'n': 79, 'shap_error': 0.08329486855708147, 'shap_norm_sq': 24.88886090328099}
{'sample_size': 3160, 'difference': 0, 'noise': 0, 'n': 79, 'shap_error': 0.048955176970460625, 'shap_norm_sq': 24.88886090328099}
{'sample_size': 6320, 'difference': 0, 'noise': 0, 'n': 79, 'shap_error': 0.023537009024347553, 'shap_norm_sq': 24.88886090328099}
{'sample_size': 12640, 'difference': 0, 'noise': 0, 'n': 79, 'shap_error': 0.012699422428518554, 'shap_norm_sq': 24.88886090328099}
{'sample_size': 395, 'difference': -1, 'noise': 0, 'n': 79, 'shap_error': 0.09854298717128303, 'shap_norm_sq': 39.130272443950496}
{'sample_size': 790, 'difference': 0, 'noise': 0, 'n': 79, 'shap_error': 0.06869729684278483, 'shap_norm_sq': 39.130272443950496}
{'sample_size': 1580, 'difference': 0, 'noise': 0, 'n': 79, 'shap_error': 0.022205227737838607, 'shap_norm_sq': 39.130272443950496}
{'sample_size': 3160, 'difference': 0, 'noise': 0, 'n': 79, 'shap_error': 0.008818245289977116, 'shap_norm_sq': 39.130272443950496}
{'sample_size': 6320, 'difference': 0, 'noise': 0, 'n': 79, 'shap_error': 0.005042302738701556, 'shap_norm_sq': 39.130272443950496}
{'sample_size': 12640, 'difference': 0, 'noise': 0, 'n': 79, 'shap_error': 0.0030457958314053474, 'shap_norm_sq': 39.130272443950496}
{'sample_size': 395, 'difference': -1, 'noise': 0, 'n': 79, 'shap_error': 0.10223460962049082, 'shap_norm_sq': 18.77539236126273}
{'sample_size': 790, 'difference': 0, 'noise': 0, 'n': 79, 'shap_error': 0.046945276016125595, 'shap_norm_sq': 18.77539236126273}
{'sample_size': 1580, 'difference': 0, 'noise': 0, 'n': 79, 'shap_error': 0.024157567293787992, 'shap_norm_sq': 18.77539236126273}
{'sample_size': 3160, 'difference': 0, 'noise': 0, 'n': 79, 'shap_error': 0.007960054776699418, 'shap_norm_sq': 18.77539236126273}
{'sample_size': 6320, 'difference': 0, 'noise': 0, 'n': 79, 'shap_error': 0.00581107179604879, 'shap_norm_sq': 18.77539236126273}
{'sample_size': 12640, 'difference': 0, 'noise': 0, 'n': 79, 'shap_error': 0.002781589855925047, 'shap_norm_sq': 18.77539236126273}
{'sample_size': 395, 'difference': -1, 'noise': 0, 'n': 79, 'shap_error': 0.3416478721450352, 'shap_norm_sq': 21.78402445889907}
{'sample_size': 790, 'difference': 0, 'noise': 0, 'n': 79, 'shap_error': 0.13414460277980952, 'shap_norm_sq': 21.78402445889907}
{'sample_size': 1580, 'difference': 0, 'noise': 0, 'n': 79, 'shap_error': 0.06726834391869367, 'shap_norm_sq': 21.78402445889907}
{'sample_size': 3160, 'difference': 0, 'noise': 0, 'n': 79, 'shap_error': 0.04131774111169592, 'shap_norm_sq': 21.78402445889907}
{'sample_size': 6320, 'difference': 0, 'noise': 0, 'n': 79, 'shap_error': 0.015985648023175245, 'shap_norm_sq': 21.78402445889907}
{'sample_size': 12640, 'difference': 0, 'noise': 0, 'n': 79, 'shap_error': 0.010349257784695615, 'shap_norm_sq': 21.78402445889907}
{'sample_size': 395, 'difference': -1, 'noise': 0, 'n': 79, 'shap_error': 0.06983288088228858, 'shap_norm_sq': 39.09623240050939}
{'sample_size': 790, 'difference': 0, 'noise': 0, 'n': 79, 'shap_error': 0.03378178420192174, 'shap_norm_sq': 39.09623240050939}
{'sample_size': 1580, 'difference': 0, 'noise': 0, 'n': 79, 'shap_error': 0.015326644504338028, 'shap_norm_sq': 39.09623240050939}
{'sample_size': 3160, 'difference': 0, 'noise': 0, 'n': 79, 'shap_error': 0.007333850302100321, 'shap_norm_sq': 39.09623240050939}
{'sample_size': 6320, 'difference': 0, 'noise': 0, 'n': 79, 'shap_error': 0.0022123631652131866, 'shap_norm_sq': 39.09623240050939}
{'sample_size': 12640, 'difference': 0, 'noise': 0, 'n': 79, 'shap_error': 0.001678136311422125, 'shap_norm_sq': 39.09623240050939}
{'sample_size': 395, 'difference': -1, 'noise': 0, 'n': 79, 'shap_error': 0.02476727666452271, 'shap_norm_sq': 251.0883338558607}
{'sample_size': 790, 'difference': 0, 'noise': 0, 'n': 79, 'shap_error': 0.007361444138753143, 'shap_norm_sq': 251.0883338558607}
{'sample_size': 1580, 'difference': 0, 'noise': 0, 'n': 79, 'shap_error': 0.003582118837773906, 'shap_norm_sq': 251.0883338558607}
{'sample_size': 3160, 'difference': 0, 'noise': 0, 'n': 79, 'shap_error': 0.0030065498727120357, 'shap_norm_sq': 251.0883338558607}
{'sample_size': 6320, 'difference': 0, 'noise': 0, 'n': 79, 'shap_error': 0.0010778365609096887, 'shap_norm_sq': 251.0883338558607}
{'sample_size': 12640, 'difference': 0, 'noise': 0, 'n': 79, 'shap_error': 0.0007210193667606311, 'shap_norm_sq': 251.0883338558607}
{'sample_size': 395, 'difference': -1, 'noise': 0, 'n': 79, 'shap_error': 0.014855623726303432, 'shap_norm_sq': 105.90004388917114}
{'sample_size': 790, 'difference': 0, 'noise': 0, 'n': 79, 'shap_error': 0.006892356627494645, 'shap_norm_sq': 105.90004388917114}
{'sample_size': 1580, 'difference': 0, 'noise': 0, 'n': 79, 'shap_error': 0.003975123819895758, 'shap_norm_sq': 105.90004388917114}
{'sample_size': 3160, 'difference': 0, 'noise': 0, 'n': 79, 'shap_error': 0.0015970793753818026, 'shap_norm_sq': 105.90004388917114}
{'sample_size': 6320, 'difference': 0, 'noise': 0, 'n': 79, 'shap_error': 0.0007507435714727294, 'shap_norm_sq': 105.90004388917114}
{'sample_size': 12640, 'difference': 0, 'noise': 0, 'n': 79, 'shap_error': 0.00042777362273163064, 'shap_norm_sq': 105.90004388917114}
{'sample_size': 395, 'difference': -1, 'noise': 0, 'n': 79, 'shap_error': 0.08020616420737381, 'shap_norm_sq': 15.75229720049262}
{'sample_size': 790, 'difference': 0, 'noise': 0, 'n': 79, 'shap_error': 0.03153997647897805, 'shap_norm_sq': 15.75229720049262}
{'sample_size': 1580, 'difference': 0, 'noise': 0, 'n': 79, 'shap_error': 0.01029828993645481, 'shap_norm_sq': 15.75229720049262}
{'sample_size': 3160, 'difference': 0, 'noise': 0, 'n': 79, 'shap_error': 0.00903081990116858, 'shap_norm_sq': 15.75229720049262}
{'sample_size': 6320, 'difference': 0, 'noise': 0, 'n': 79, 'shap_error': 0.004823743039550501, 'shap_norm_sq': 15.75229720049262}
{'sample_size': 12640, 'difference': 0, 'noise': 0, 'n': 79, 'shap_error': 0.0017386809488517416, 'shap_norm_sq': 15.75229720049262}
{'sample_size': 395, 'difference': -1, 'noise': 0, 'n': 79, 'shap_error': 0.07091796508945615, 'shap_norm_sq': 54.94503307516041}
{'sample_size': 790, 'difference': 0, 'noise': 0, 'n': 79, 'shap_error': 0.03398420065722784, 'shap_norm_sq': 54.94503307516041}
{'sample_size': 1580, 'difference': 0, 'noise': 0, 'n': 79, 'shap_error': 0.017600029698981928, 'shap_norm_sq': 54.94503307516041}
{'sample_size': 3160, 'difference': 0, 'noise': 0, 'n': 79, 'shap_error': 0.008036853456711318, 'shap_norm_sq': 54.94503307516041}
{'sample_size': 6320, 'difference': 0, 'noise': 0, 'n': 79, 'shap_error': 0.003972892620632796, 'shap_norm_sq': 54.94503307516041}
{'sample_size': 12640, 'difference': 0, 'noise': 0, 'n': 79, 'shap_error': 0.0021547167191646645, 'shap_norm_sq': 54.94503307516041}
{'sample_size': 395, 'difference': -1, 'noise': 0, 'n': 79, 'shap_error': 0.11635386270892906, 'shap_norm_sq': 27.273525617952394}
{'sample_size': 790, 'difference': 0, 'noise': 0, 'n': 79, 'shap_error': 0.06107197904454237, 'shap_norm_sq': 27.273525617952394}
{'sample_size': 1580, 'difference': 0, 'noise': 0, 'n': 79, 'shap_error': 0.029267162282009842, 'shap_norm_sq': 27.273525617952394}
{'sample_size': 3160, 'difference': 0, 'noise': 0, 'n': 79, 'shap_error': 0.014641338251736528, 'shap_norm_sq': 27.273525617952394}
{'sample_size': 6320, 'difference': 0, 'noise': 0, 'n': 79, 'shap_error': 0.006629932589535135, 'shap_norm_sq': 27.273525617952394}
{'sample_size': 12640, 'difference': 0, 'noise': 0, 'n': 79, 'shap_error': 0.0037384131269742843, 'shap_norm_sq': 27.273525617952394}
{'sample_size': 395, 'difference': -1, 'noise': 0, 'n': 79, 'shap_error': 0.2034279594181073, 'shap_norm_sq': 168.34394845996783}
{'sample_size': 790, 'difference': 0, 'noise': 0, 'n': 79, 'shap_error': 0.07874187933665124, 'shap_norm_sq': 168.34394845996783}
{'sample_size': 1580, 'difference': 0, 'noise': 0, 'n': 79, 'shap_error': 0.027464412445344945, 'shap_norm_sq': 168.34394845996783}
{'sample_size': 3160, 'difference': 0, 'noise': 0, 'n': 79, 'shap_error': 0.023966750385378058, 'shap_norm_sq': 168.34394845996783}
{'sample_size': 6320, 'difference': 0, 'noise': 0, 'n': 79, 'shap_error': 0.007634912182510863, 'shap_norm_sq': 168.34394845996783}
{'sample_size': 12640, 'difference': 0, 'noise': 0, 'n': 79, 'shap_error': 0.0033577211677643065, 'shap_norm_sq': 168.34394845996783}
{'sample_size': 395, 'difference': -1, 'noise': 0, 'n': 79, 'shap_error': 0.008209006424783772, 'shap_norm_sq': 210.58221978381596}
{'sample_size': 790, 'difference': 0, 'noise': 0, 'n': 79, 'shap_error': 0.005744406892050075, 'shap_norm_sq': 210.58221978381596}
{'sample_size': 1580, 'difference': 0, 'noise': 0, 'n': 79, 'shap_error': 0.0029667292682869027, 'shap_norm_sq': 210.58221978381596}
{'sample_size': 3160, 'difference': 0, 'noise': 0, 'n': 79, 'shap_error': 0.0010090619884686194, 'shap_norm_sq': 210.58221978381596}
{'sample_size': 6320, 'difference': 0, 'noise': 0, 'n': 79, 'shap_error': 0.0004713402875115992, 'shap_norm_sq': 210.58221978381596}
{'sample_size': 12640, 'difference': 0, 'noise': 0, 'n': 79, 'shap_error': 0.00019160842422101106, 'shap_norm_sq': 210.58221978381596}
{'sample_size': 395, 'difference': -1, 'noise': 0, 'n': 79, 'shap_error': 0.11740439297237493, 'shap_norm_sq': 50.04623913887282}
{'sample_size': 790, 'difference': 0, 'noise': 0, 'n': 79, 'shap_error': 0.049690767857847686, 'shap_norm_sq': 50.04623913887282}
{'sample_size': 1580, 'difference': 0, 'noise': 0, 'n': 79, 'shap_error': 0.027140745186103783, 'shap_norm_sq': 50.04623913887282}
{'sample_size': 3160, 'difference': 0, 'noise': 0, 'n': 79, 'shap_error': 0.011125507680363004, 'shap_norm_sq': 50.04623913887282}
{'sample_size': 6320, 'difference': 0, 'noise': 0, 'n': 79, 'shap_error': 0.006254689864492999, 'shap_norm_sq': 50.04623913887282}
{'sample_size': 12640, 'difference': 0, 'noise': 0, 'n': 79, 'shap_error': 0.0027672463763897233, 'shap_norm_sq': 50.04623913887282}
{'sample_size': 395, 'difference': -1, 'noise': 0, 'n': 79, 'shap_error': 0.16784653627648902, 'shap_norm_sq': 21.28894051596188}
{'sample_size': 790, 'difference': 0, 'noise': 0, 'n': 79, 'shap_error': 0.07604622243261067, 'shap_norm_sq': 21.28894051596188}
{'sample_size': 1580, 'difference': 0, 'noise': 0, 'n': 79, 'shap_error': 0.03266336644600371, 'shap_norm_sq': 21.28894051596188}
{'sample_size': 3160, 'difference': 0, 'noise': 0, 'n': 79, 'shap_error': 0.013734863274248605, 'shap_norm_sq': 21.28894051596188}
{'sample_size': 6320, 'difference': 0, 'noise': 0, 'n': 79, 'shap_error': 0.009169105963407335, 'shap_norm_sq': 21.28894051596188}
{'sample_size': 12640, 'difference': 0, 'noise': 0, 'n': 79, 'shap_error': 0.004465870186478466, 'shap_norm_sq': 21.28894051596188}
{'sample_size': 395, 'difference': -1, 'noise': 0, 'n': 79, 'shap_error': 0.261700660626008, 'shap_norm_sq': 4.88175375235758}
{'sample_size': 790, 'difference': 0, 'noise': 0, 'n': 79, 'shap_error': 0.06940166886077867, 'shap_norm_sq': 4.88175375235758}
{'sample_size': 1580, 'difference': 0, 'noise': 0, 'n': 79, 'shap_error': 0.06007631439313642, 'shap_norm_sq': 4.88175375235758}
{'sample_size': 3160, 'difference': 0, 'noise': 0, 'n': 79, 'shap_error': 0.021723084618013453, 'shap_norm_sq': 4.88175375235758}
{'sample_size': 6320, 'difference': 0, 'noise': 0, 'n': 79, 'shap_error': 0.011541923705320593, 'shap_norm_sq': 4.88175375235758}
{'sample_size': 12640, 'difference': 0, 'noise': 0, 'n': 79, 'shap_error': 0.005039070507833308, 'shap_norm_sq': 4.88175375235758}
{'sample_size': 395, 'difference': -1, 'noise': 0, 'n': 79, 'shap_error': 0.09504198862169806, 'shap_norm_sq': 10.46565794712287}
{'sample_size': 790, 'difference': 0, 'noise': 0, 'n': 79, 'shap_error': 0.04475438188842752, 'shap_norm_sq': 10.46565794712287}
{'sample_size': 1580, 'difference': 0, 'noise': 0, 'n': 79, 'shap_error': 0.01858993447726721, 'shap_norm_sq': 10.46565794712287}
{'sample_size': 3160, 'difference': 0, 'noise': 0, 'n': 79, 'shap_error': 0.011894479573256992, 'shap_norm_sq': 10.46565794712287}
{'sample_size': 6320, 'difference': 0, 'noise': 0, 'n': 79, 'shap_error': 0.006049684316120361, 'shap_norm_sq': 10.46565794712287}
{'sample_size': 12640, 'difference': 0, 'noise': 0, 'n': 79, 'shap_error': 0.003235173528426265, 'shap_norm_sq': 10.46565794712287}
{'sample_size': 395, 'difference': -1, 'noise': 0, 'n': 79, 'shap_error': 0.0098717814657935, 'shap_norm_sq': 340.8947996894022}
{'sample_size': 790, 'difference': 0, 'noise': 0, 'n': 79, 'shap_error': 0.004589287743436746, 'shap_norm_sq': 340.8947996894022}
{'sample_size': 1580, 'difference': 0, 'noise': 0, 'n': 79, 'shap_error': 0.0020092455883620004, 'shap_norm_sq': 340.8947996894022}
{'sample_size': 3160, 'difference': 0, 'noise': 0, 'n': 79, 'shap_error': 0.0011622021037386977, 'shap_norm_sq': 340.8947996894022}
{'sample_size': 6320, 'difference': 0, 'noise': 0, 'n': 79, 'shap_error': 0.0005789521511096697, 'shap_norm_sq': 340.8947996894022}
{'sample_size': 12640, 'difference': 0, 'noise': 0, 'n': 79, 'shap_error': 0.00031303421405673193, 'shap_norm_sq': 340.8947996894022}
{'sample_size': 395, 'difference': -1, 'noise': 0, 'n': 79, 'shap_error': 0.3027094875829016, 'shap_norm_sq': 16.331879343667588}
{'sample_size': 790, 'difference': 0, 'noise': 0, 'n': 79, 'shap_error': 0.12196913822707571, 'shap_norm_sq': 16.331879343667588}
{'sample_size': 1580, 'difference': 0, 'noise': 0, 'n': 79, 'shap_error': 0.060429513801907864, 'shap_norm_sq': 16.331879343667588}
{'sample_size': 3160, 'difference': 0, 'noise': 0, 'n': 79, 'shap_error': 0.03253238688876852, 'shap_norm_sq': 16.331879343667588}
{'sample_size': 6320, 'difference': 0, 'noise': 0, 'n': 79, 'shap_error': 0.016685719814198464, 'shap_norm_sq': 16.331879343667588}
{'sample_size': 12640, 'difference': 0, 'noise': 0, 'n': 79, 'shap_error': 0.006464682314720731, 'shap_norm_sq': 16.331879343667588}
{'sample_size': 395, 'difference': -1, 'noise': 0, 'n': 79, 'shap_error': 0.09166671312203868, 'shap_norm_sq': 41.908400179887394}
{'sample_size': 790, 'difference': 0, 'noise': 0, 'n': 79, 'shap_error': 0.024126891619310604, 'shap_norm_sq': 41.908400179887394}
{'sample_size': 1580, 'difference': 0, 'noise': 0, 'n': 79, 'shap_error': 0.00911628806077004, 'shap_norm_sq': 41.908400179887394}
{'sample_size': 3160, 'difference': 0, 'noise': 0, 'n': 79, 'shap_error': 0.007051200104000566, 'shap_norm_sq': 41.908400179887394}
{'sample_size': 6320, 'difference': 0, 'noise': 0, 'n': 79, 'shap_error': 0.002907021361801149, 'shap_norm_sq': 41.908400179887394}
{'sample_size': 12640, 'difference': 0, 'noise': 0, 'n': 79, 'shap_error': 0.0013800833547530885, 'shap_norm_sq': 41.908400179887394}
{'sample_size': 395, 'difference': -1, 'noise': 0, 'n': 79, 'shap_error': 0.0318956484010068, 'shap_norm_sq': 6.289717209382058}
{'sample_size': 790, 'difference': 0, 'noise': 0, 'n': 79, 'shap_error': 0.016430245901299288, 'shap_norm_sq': 6.289717209382058}
{'sample_size': 1580, 'difference': 0, 'noise': 0, 'n': 79, 'shap_error': 0.00616057439506342, 'shap_norm_sq': 6.289717209382058}
{'sample_size': 3160, 'difference': 0, 'noise': 0, 'n': 79, 'shap_error': 0.0025029972027688207, 'shap_norm_sq': 6.289717209382058}
{'sample_size': 6320, 'difference': 0, 'noise': 0, 'n': 79, 'shap_error': 0.0012481806049461355, 'shap_norm_sq': 6.289717209382058}
{'sample_size': 12640, 'difference': 0, 'noise': 0, 'n': 79, 'shap_error': 0.0007419093765825133, 'shap_norm_sq': 6.289717209382058}
{'sample_size': 395, 'difference': -1, 'noise': 0, 'n': 79, 'shap_error': 0.10467930622453141, 'shap_norm_sq': 28.440322246586177}
{'sample_size': 790, 'difference': 0, 'noise': 0, 'n': 79, 'shap_error': 0.05830401690137134, 'shap_norm_sq': 28.440322246586177}
{'sample_size': 1580, 'difference': 0, 'noise': 0, 'n': 79, 'shap_error': 0.023164871981221274, 'shap_norm_sq': 28.440322246586177}
{'sample_size': 3160, 'difference': 0, 'noise': 0, 'n': 79, 'shap_error': 0.015063757043503089, 'shap_norm_sq': 28.440322246586177}
{'sample_size': 6320, 'difference': 0, 'noise': 0, 'n': 79, 'shap_error': 0.005830392072024664, 'shap_norm_sq': 28.440322246586177}
{'sample_size': 12640, 'difference': 0, 'noise': 0, 'n': 79, 'shap_error': 0.0031745554228592124, 'shap_norm_sq': 28.440322246586177}
{'sample_size': 395, 'difference': -1, 'noise': 0, 'n': 79, 'shap_error': 0.17311298324000282, 'shap_norm_sq': 38.94028171825632}
{'sample_size': 790, 'difference': 0, 'noise': 0, 'n': 79, 'shap_error': 0.10175026273638872, 'shap_norm_sq': 38.94028171825632}
{'sample_size': 1580, 'difference': 0, 'noise': 0, 'n': 79, 'shap_error': 0.04844984704651172, 'shap_norm_sq': 38.94028171825632}
{'sample_size': 3160, 'difference': 0, 'noise': 0, 'n': 79, 'shap_error': 0.024441925580738304, 'shap_norm_sq': 38.94028171825632}
{'sample_size': 6320, 'difference': 0, 'noise': 0, 'n': 79, 'shap_error': 0.009711001516023965, 'shap_norm_sq': 38.94028171825632}
{'sample_size': 12640, 'difference': 0, 'noise': 0, 'n': 79, 'shap_error': 0.004871945751989439, 'shap_norm_sq': 38.94028171825632}
{'sample_size': 395, 'difference': -1, 'noise': 0, 'n': 79, 'shap_error': 0.2130991628632145, 'shap_norm_sq': 48.91290561831941}
{'sample_size': 790, 'difference': 0, 'noise': 0, 'n': 79, 'shap_error': 0.1246727871875968, 'shap_norm_sq': 48.91290561831941}
{'sample_size': 1580, 'difference': 0, 'noise': 0, 'n': 79, 'shap_error': 0.05084916534855665, 'shap_norm_sq': 48.91290561831941}
{'sample_size': 3160, 'difference': 0, 'noise': 0, 'n': 79, 'shap_error': 0.023824205575747295, 'shap_norm_sq': 48.91290561831941}
{'sample_size': 6320, 'difference': 0, 'noise': 0, 'n': 79, 'shap_error': 0.011894390088444706, 'shap_norm_sq': 48.91290561831941}
{'sample_size': 12640, 'difference': 0, 'noise': 0, 'n': 79, 'shap_error': 0.005382097686587572, 'shap_norm_sq': 48.91290561831941}
{'sample_size': 395, 'difference': -1, 'noise': 0, 'n': 79, 'shap_error': 0.09510463165855208, 'shap_norm_sq': 132.37264659653053}
{'sample_size': 790, 'difference': 0, 'noise': 0, 'n': 79, 'shap_error': 0.0473724029815539, 'shap_norm_sq': 132.37264659653053}
{'sample_size': 1580, 'difference': 0, 'noise': 0, 'n': 79, 'shap_error': 0.023832718946808683, 'shap_norm_sq': 132.37264659653053}
{'sample_size': 3160, 'difference': 0, 'noise': 0, 'n': 79, 'shap_error': 0.014600960100003755, 'shap_norm_sq': 132.37264659653053}
{'sample_size': 6320, 'difference': 0, 'noise': 0, 'n': 79, 'shap_error': 0.009295317723995973, 'shap_norm_sq': 132.37264659653053}
{'sample_size': 12640, 'difference': 0, 'noise': 0, 'n': 79, 'shap_error': 0.0027137440089816498, 'shap_norm_sq': 132.37264659653053}
{'sample_size': 395, 'difference': -1, 'noise': 0, 'n': 79, 'shap_error': 0.1027219032837013, 'shap_norm_sq': 29.9722151943134}
{'sample_size': 790, 'difference': 0, 'noise': 0, 'n': 79, 'shap_error': 0.0360870990579814, 'shap_norm_sq': 29.9722151943134}
{'sample_size': 1580, 'difference': 0, 'noise': 0, 'n': 79, 'shap_error': 0.026989544554658525, 'shap_norm_sq': 29.9722151943134}
{'sample_size': 3160, 'difference': 0, 'noise': 0, 'n': 79, 'shap_error': 0.011095443180257264, 'shap_norm_sq': 29.9722151943134}
{'sample_size': 6320, 'difference': 0, 'noise': 0, 'n': 79, 'shap_error': 0.005093796194072815, 'shap_norm_sq': 29.9722151943134}
{'sample_size': 12640, 'difference': 0, 'noise': 0, 'n': 79, 'shap_error': 0.003086153878674793, 'shap_norm_sq': 29.9722151943134}
{'sample_size': 395, 'difference': -1, 'noise': 0, 'n': 79, 'shap_error': 0.1209806147817238, 'shap_norm_sq': 54.61902873592742}
{'sample_size': 790, 'difference': 0, 'noise': 0, 'n': 79, 'shap_error': 0.06062366626551163, 'shap_norm_sq': 54.61902873592742}
{'sample_size': 1580, 'difference': 0, 'noise': 0, 'n': 79, 'shap_error': 0.025447706019485965, 'shap_norm_sq': 54.61902873592742}
{'sample_size': 3160, 'difference': 0, 'noise': 0, 'n': 79, 'shap_error': 0.015685968514092083, 'shap_norm_sq': 54.61902873592742}
{'sample_size': 6320, 'difference': 0, 'noise': 0, 'n': 79, 'shap_error': 0.0055435962674641424, 'shap_norm_sq': 54.61902873592742}
{'sample_size': 12640, 'difference': 0, 'noise': 0, 'n': 79, 'shap_error': 0.0032752768311753253, 'shap_norm_sq': 54.61902873592742}
{'sample_size': 395, 'difference': -1, 'noise': 0, 'n': 79, 'shap_error': 0.3068982823156241, 'shap_norm_sq': 14.261537562424065}
{'sample_size': 790, 'difference': 0, 'noise': 0, 'n': 79, 'shap_error': 0.08207702556510615, 'shap_norm_sq': 14.261537562424065}
{'sample_size': 1580, 'difference': 0, 'noise': 0, 'n': 79, 'shap_error': 0.0579727539975337, 'shap_norm_sq': 14.261537562424065}
{'sample_size': 3160, 'difference': 0, 'noise': 0, 'n': 79, 'shap_error': 0.02204916246270331, 'shap_norm_sq': 14.261537562424065}
{'sample_size': 6320, 'difference': 0, 'noise': 0, 'n': 79, 'shap_error': 0.009976572549829768, 'shap_norm_sq': 14.261537562424065}
{'sample_size': 12640, 'difference': 0, 'noise': 0, 'n': 79, 'shap_error': 0.005927007976322251, 'shap_norm_sq': 14.261537562424065}
{'sample_size': 395, 'difference': -1, 'noise': 0, 'n': 79, 'shap_error': 0.0036490795260638656, 'shap_norm_sq': 217.16967585283393}
{'sample_size': 790, 'difference': 0, 'noise': 0, 'n': 79, 'shap_error': 0.0023170831589493595, 'shap_norm_sq': 217.16967585283393}
{'sample_size': 1580, 'difference': 0, 'noise': 0, 'n': 79, 'shap_error': 0.0009355149771776764, 'shap_norm_sq': 217.16967585283393}
{'sample_size': 3160, 'difference': 0, 'noise': 0, 'n': 79, 'shap_error': 0.00034405687419862704, 'shap_norm_sq': 217.16967585283393}
{'sample_size': 6320, 'difference': 0, 'noise': 0, 'n': 79, 'shap_error': 0.0001684218584273133, 'shap_norm_sq': 217.16967585283393}
{'sample_size': 12640, 'difference': 0, 'noise': 0, 'n': 79, 'shap_error': 0.00010784581024204693, 'shap_norm_sq': 217.16967585283393}
{'sample_size': 395, 'difference': -1, 'noise': 0, 'n': 79, 'shap_error': 0.28654702453875697, 'shap_norm_sq': 8.267981718114838}
{'sample_size': 790, 'difference': 0, 'noise': 0, 'n': 79, 'shap_error': 0.11208000618292586, 'shap_norm_sq': 8.267981718114838}
{'sample_size': 1580, 'difference': 0, 'noise': 0, 'n': 79, 'shap_error': 0.0564384813847734, 'shap_norm_sq': 8.267981718114838}
{'sample_size': 3160, 'difference': 0, 'noise': 0, 'n': 79, 'shap_error': 0.02658272856106292, 'shap_norm_sq': 8.267981718114838}
{'sample_size': 6320, 'difference': 0, 'noise': 0, 'n': 79, 'shap_error': 0.016527206616829018, 'shap_norm_sq': 8.267981718114838}
{'sample_size': 12640, 'difference': 0, 'noise': 0, 'n': 79, 'shap_error': 0.008238959538264043, 'shap_norm_sq': 8.267981718114838}
{'sample_size': 395, 'difference': -1, 'noise': 0, 'n': 79, 'shap_error': 0.034330283672261125, 'shap_norm_sq': 137.97079552077298}
{'sample_size': 790, 'difference': 0, 'noise': 0, 'n': 79, 'shap_error': 0.02178806281641402, 'shap_norm_sq': 137.97079552077298}
{'sample_size': 1580, 'difference': 0, 'noise': 0, 'n': 79, 'shap_error': 0.009732397978117023, 'shap_norm_sq': 137.97079552077298}
{'sample_size': 3160, 'difference': 0, 'noise': 0, 'n': 79, 'shap_error': 0.003976019457581198, 'shap_norm_sq': 137.97079552077298}
{'sample_size': 6320, 'difference': 0, 'noise': 0, 'n': 79, 'shap_error': 0.0016930297453263167, 'shap_norm_sq': 137.97079552077298}
{'sample_size': 12640, 'difference': 0, 'noise': 0, 'n': 79, 'shap_error': 0.0009203047186951852, 'shap_norm_sq': 137.97079552077298}
{'sample_size': 395, 'difference': -1, 'noise': 0, 'n': 79, 'shap_error': 0.1737851727834691, 'shap_norm_sq': 38.069153253841534}
{'sample_size': 790, 'difference': 0, 'noise': 0, 'n': 79, 'shap_error': 0.10111703453247159, 'shap_norm_sq': 38.069153253841534}
{'sample_size': 1580, 'difference': 0, 'noise': 0, 'n': 79, 'shap_error': 0.04694862444780464, 'shap_norm_sq': 38.069153253841534}
{'sample_size': 3160, 'difference': 0, 'noise': 0, 'n': 79, 'shap_error': 0.03050013331273282, 'shap_norm_sq': 38.069153253841534}
{'sample_size': 6320, 'difference': 0, 'noise': 0, 'n': 79, 'shap_error': 0.011873094770107841, 'shap_norm_sq': 38.069153253841534}
{'sample_size': 12640, 'difference': 0, 'noise': 0, 'n': 79, 'shap_error': 0.006382183615848702, 'shap_norm_sq': 38.069153253841534}
{'sample_size': 395, 'difference': -1, 'noise': 0, 'n': 79, 'shap_error': 0.17550105688316486, 'shap_norm_sq': 7.395873394416008}
{'sample_size': 790, 'difference': 0, 'noise': 0, 'n': 79, 'shap_error': 0.13990027610689787, 'shap_norm_sq': 7.395873394416008}
{'sample_size': 1580, 'difference': 0, 'noise': 0, 'n': 79, 'shap_error': 0.08601034454561121, 'shap_norm_sq': 7.395873394416008}
{'sample_size': 3160, 'difference': 0, 'noise': 0, 'n': 79, 'shap_error': 0.031625157892402105, 'shap_norm_sq': 7.395873394416008}
{'sample_size': 6320, 'difference': 0, 'noise': 0, 'n': 79, 'shap_error': 0.023501370233009952, 'shap_norm_sq': 7.395873394416008}
{'sample_size': 12640, 'difference': 0, 'noise': 0, 'n': 79, 'shap_error': 0.007700108854509245, 'shap_norm_sq': 7.395873394416008}
{'sample_size': 395, 'difference': -1, 'noise': 0, 'n': 79, 'shap_error': 0.08919678461981705, 'shap_norm_sq': 27.240661245642713}
{'sample_size': 790, 'difference': 0, 'noise': 0, 'n': 79, 'shap_error': 0.04218705718376435, 'shap_norm_sq': 27.240661245642713}
{'sample_size': 1580, 'difference': 0, 'noise': 0, 'n': 79, 'shap_error': 0.024760877226913204, 'shap_norm_sq': 27.240661245642713}
{'sample_size': 3160, 'difference': 0, 'noise': 0, 'n': 79, 'shap_error': 0.009056563805173497, 'shap_norm_sq': 27.240661245642713}
{'sample_size': 6320, 'difference': 0, 'noise': 0, 'n': 79, 'shap_error': 0.004543821406410949, 'shap_norm_sq': 27.240661245642713}
{'sample_size': 12640, 'difference': 0, 'noise': 0, 'n': 79, 'shap_error': 0.0024535149168997423, 'shap_norm_sq': 27.240661245642713}
{'sample_size': 395, 'difference': -1, 'noise': 0, 'n': 79, 'shap_error': 0.0881457631864201, 'shap_norm_sq': 18.594602876752948}
{'sample_size': 790, 'difference': 0, 'noise': 0, 'n': 79, 'shap_error': 0.04015466670191263, 'shap_norm_sq': 18.594602876752948}
{'sample_size': 1580, 'difference': 0, 'noise': 0, 'n': 79, 'shap_error': 0.015111186366589861, 'shap_norm_sq': 18.594602876752948}
{'sample_size': 3160, 'difference': 0, 'noise': 0, 'n': 79, 'shap_error': 0.006173076272199174, 'shap_norm_sq': 18.594602876752948}
{'sample_size': 6320, 'difference': 0, 'noise': 0, 'n': 79, 'shap_error': 0.0037437751579456734, 'shap_norm_sq': 18.594602876752948}
{'sample_size': 12640, 'difference': 0, 'noise': 0, 'n': 79, 'shap_error': 0.0025593951094786977, 'shap_norm_sq': 18.594602876752948}
{'sample_size': 395, 'difference': -1, 'noise': 0, 'n': 79, 'shap_error': 0.14144997487762875, 'shap_norm_sq': 14.200401372548487}
{'sample_size': 790, 'difference': 0, 'noise': 0, 'n': 79, 'shap_error': 0.10268332327792114, 'shap_norm_sq': 14.200401372548487}
{'sample_size': 1580, 'difference': 0, 'noise': 0, 'n': 79, 'shap_error': 0.029156976023859256, 'shap_norm_sq': 14.200401372548487}
{'sample_size': 3160, 'difference': 0, 'noise': 0, 'n': 79, 'shap_error': 0.016539459848990988, 'shap_norm_sq': 14.200401372548487}
{'sample_size': 6320, 'difference': 0, 'noise': 0, 'n': 79, 'shap_error': 0.008515906651616365, 'shap_norm_sq': 14.200401372548487}
{'sample_size': 12640, 'difference': 0, 'noise': 0, 'n': 79, 'shap_error': 0.0036898564113623995, 'shap_norm_sq': 14.200401372548487}
{'sample_size': 395, 'difference': -1, 'noise': 0, 'n': 79, 'shap_error': 0.013659037281988624, 'shap_norm_sq': 267.8485691590223}
{'sample_size': 790, 'difference': 0, 'noise': 0, 'n': 79, 'shap_error': 0.0062316678646245575, 'shap_norm_sq': 267.8485691590223}
{'sample_size': 1580, 'difference': 0, 'noise': 0, 'n': 79, 'shap_error': 0.004147386755759694, 'shap_norm_sq': 267.8485691590223}
{'sample_size': 3160, 'difference': 0, 'noise': 0, 'n': 79, 'shap_error': 0.0014352146607707246, 'shap_norm_sq': 267.8485691590223}
{'sample_size': 6320, 'difference': 0, 'noise': 0, 'n': 79, 'shap_error': 0.0009183052689928507, 'shap_norm_sq': 267.8485691590223}
{'sample_size': 12640, 'difference': 0, 'noise': 0, 'n': 79, 'shap_error': 0.0003663191902503963, 'shap_norm_sq': 267.8485691590223}
{'sample_size': 395, 'difference': -1, 'noise': 0, 'n': 79, 'shap_error': 0.23212422254982848, 'shap_norm_sq': 10.899291280782567}
{'sample_size': 790, 'difference': 0, 'noise': 0, 'n': 79, 'shap_error': 0.0849491983685401, 'shap_norm_sq': 10.899291280782567}
{'sample_size': 1580, 'difference': 0, 'noise': 0, 'n': 79, 'shap_error': 0.04292422871262323, 'shap_norm_sq': 10.899291280782567}
{'sample_size': 3160, 'difference': 0, 'noise': 0, 'n': 79, 'shap_error': 0.01824683015242615, 'shap_norm_sq': 10.899291280782567}
{'sample_size': 6320, 'difference': 0, 'noise': 0, 'n': 79, 'shap_error': 0.010694676071427076, 'shap_norm_sq': 10.899291280782567}
{'sample_size': 12640, 'difference': 0, 'noise': 0, 'n': 79, 'shap_error': 0.0047611396310360665, 'shap_norm_sq': 10.899291280782567}
{'sample_size': 395, 'difference': -1, 'noise': 0, 'n': 79, 'shap_error': 0.09473681752889894, 'shap_norm_sq': 53.62727347241663}
{'sample_size': 790, 'difference': 0, 'noise': 0, 'n': 79, 'shap_error': 0.038616487556559415, 'shap_norm_sq': 53.62727347241663}
{'sample_size': 1580, 'difference': 0, 'noise': 0, 'n': 79, 'shap_error': 0.02077258705066021, 'shap_norm_sq': 53.62727347241663}
{'sample_size': 3160, 'difference': 0, 'noise': 0, 'n': 79, 'shap_error': 0.008964523642836855, 'shap_norm_sq': 53.62727347241663}
{'sample_size': 6320, 'difference': 0, 'noise': 0, 'n': 79, 'shap_error': 0.005498801943195311, 'shap_norm_sq': 53.62727347241663}
{'sample_size': 12640, 'difference': 0, 'noise': 0, 'n': 79, 'shap_error': 0.0030237225189242334, 'shap_norm_sq': 53.62727347241663}
{'sample_size': 395, 'difference': -1, 'noise': 0, 'n': 79, 'shap_error': 0.022235708093690326, 'shap_norm_sq': 17.237921310588675}
{'sample_size': 790, 'difference': 0, 'noise': 0, 'n': 79, 'shap_error': 0.00906487074591075, 'shap_norm_sq': 17.237921310588675}
{'sample_size': 1580, 'difference': 0, 'noise': 0, 'n': 79, 'shap_error': 0.0055560101136280975, 'shap_norm_sq': 17.237921310588675}
{'sample_size': 3160, 'difference': 0, 'noise': 0, 'n': 79, 'shap_error': 0.002263249170209814, 'shap_norm_sq': 17.237921310588675}
{'sample_size': 6320, 'difference': 0, 'noise': 0, 'n': 79, 'shap_error': 0.0010916335308941752, 'shap_norm_sq': 17.237921310588675}
{'sample_size': 12640, 'difference': 0, 'noise': 0, 'n': 79, 'shap_error': 0.0007690860949538116, 'shap_norm_sq': 17.237921310588675}
{'sample_size': 395, 'difference': -1, 'noise': 0, 'n': 79, 'shap_error': 0.09360098362078433, 'shap_norm_sq': 64.03103352314389}
{'sample_size': 790, 'difference': 0, 'noise': 0, 'n': 79, 'shap_error': 0.03794799160606463, 'shap_norm_sq': 64.03103352314389}
{'sample_size': 1580, 'difference': 0, 'noise': 0, 'n': 79, 'shap_error': 0.018265646323858912, 'shap_norm_sq': 64.03103352314389}
{'sample_size': 3160, 'difference': 0, 'noise': 0, 'n': 79, 'shap_error': 0.013915395974379728, 'shap_norm_sq': 64.03103352314389}
{'sample_size': 6320, 'difference': 0, 'noise': 0, 'n': 79, 'shap_error': 0.005584723103148932, 'shap_norm_sq': 64.03103352314389}
{'sample_size': 12640, 'difference': 0, 'noise': 0, 'n': 79, 'shap_error': 0.0024814613560296367, 'shap_norm_sq': 64.03103352314389}
{'sample_size': 395, 'difference': -1, 'noise': 0, 'n': 79, 'shap_error': 0.17014923603197735, 'shap_norm_sq': 16.432595461674634}
{'sample_size': 790, 'difference': 0, 'noise': 0, 'n': 79, 'shap_error': 0.07731050955675707, 'shap_norm_sq': 16.432595461674634}
{'sample_size': 1580, 'difference': 0, 'noise': 0, 'n': 79, 'shap_error': 0.036208602494686985, 'shap_norm_sq': 16.432595461674634}
{'sample_size': 3160, 'difference': 0, 'noise': 0, 'n': 79, 'shap_error': 0.01812821162095787, 'shap_norm_sq': 16.432595461674634}
{'sample_size': 6320, 'difference': 0, 'noise': 0, 'n': 79, 'shap_error': 0.008598340523252652, 'shap_norm_sq': 16.432595461674634}
{'sample_size': 12640, 'difference': 0, 'noise': 0, 'n': 79, 'shap_error': 0.0036749610514912948, 'shap_norm_sq': 16.432595461674634}
{'sample_size': 395, 'difference': -1, 'noise': 0, 'n': 79, 'shap_error': 0.10201303097338528, 'shap_norm_sq': 23.674530760321304}
{'sample_size': 790, 'difference': 0, 'noise': 0, 'n': 79, 'shap_error': 0.02966253643441332, 'shap_norm_sq': 23.674530760321304}
{'sample_size': 1580, 'difference': 0, 'noise': 0, 'n': 79, 'shap_error': 0.021810050835765513, 'shap_norm_sq': 23.674530760321304}
{'sample_size': 3160, 'difference': 0, 'noise': 0, 'n': 79, 'shap_error': 0.008869264965115984, 'shap_norm_sq': 23.674530760321304}
{'sample_size': 6320, 'difference': 0, 'noise': 0, 'n': 79, 'shap_error': 0.004094122045342852, 'shap_norm_sq': 23.674530760321304}
{'sample_size': 12640, 'difference': 0, 'noise': 0, 'n': 79, 'shap_error': 0.0026866205844371274, 'shap_norm_sq': 23.674530760321304}
{'sample_size': 395, 'difference': -1, 'noise': 0, 'n': 79, 'shap_error': 0.01843349529107355, 'shap_norm_sq': 18.46458961757078}
{'sample_size': 790, 'difference': 0, 'noise': 0, 'n': 79, 'shap_error': 0.008407694544227483, 'shap_norm_sq': 18.46458961757078}
{'sample_size': 1580, 'difference': 0, 'noise': 0, 'n': 79, 'shap_error': 0.004995115212752248, 'shap_norm_sq': 18.46458961757078}
{'sample_size': 3160, 'difference': 0, 'noise': 0, 'n': 79, 'shap_error': 0.0018939762192696104, 'shap_norm_sq': 18.46458961757078}
{'sample_size': 6320, 'difference': 0, 'noise': 0, 'n': 79, 'shap_error': 0.001002919393659466, 'shap_norm_sq': 18.46458961757078}
{'sample_size': 12640, 'difference': 0, 'noise': 0, 'n': 79, 'shap_error': 0.0004294063894114801, 'shap_norm_sq': 18.46458961757078}
{'sample_size': 395, 'difference': -1, 'noise': 0, 'n': 79, 'shap_error': 0.02304839694559111, 'shap_norm_sq': 234.91135371423638}
{'sample_size': 790, 'difference': 0, 'noise': 0, 'n': 79, 'shap_error': 0.01585322094160257, 'shap_norm_sq': 234.91135371423638}
{'sample_size': 1580, 'difference': 0, 'noise': 0, 'n': 79, 'shap_error': 0.0062631144864575, 'shap_norm_sq': 234.91135371423638}
{'sample_size': 3160, 'difference': 0, 'noise': 0, 'n': 79, 'shap_error': 0.002812824953026497, 'shap_norm_sq': 234.91135371423638}
{'sample_size': 6320, 'difference': 0, 'noise': 0, 'n': 79, 'shap_error': 0.0014360953402141436, 'shap_norm_sq': 234.91135371423638}
{'sample_size': 12640, 'difference': 0, 'noise': 0, 'n': 79, 'shap_error': 0.0008823568307642611, 'shap_norm_sq': 234.91135371423638}
{'sample_size': 395, 'difference': -1, 'noise': 0, 'n': 79, 'shap_error': 0.015526613121125936, 'shap_norm_sq': 170.4287067676861}
{'sample_size': 790, 'difference': 0, 'noise': 0, 'n': 79, 'shap_error': 0.010602374070378246, 'shap_norm_sq': 170.4287067676861}
{'sample_size': 1580, 'difference': 0, 'noise': 0, 'n': 79, 'shap_error': 0.004483735446409101, 'shap_norm_sq': 170.4287067676861}
{'sample_size': 3160, 'difference': 0, 'noise': 0, 'n': 79, 'shap_error': 0.002124312352064206, 'shap_norm_sq': 170.4287067676861}
{'sample_size': 6320, 'difference': 0, 'noise': 0, 'n': 79, 'shap_error': 0.0008717729940817324, 'shap_norm_sq': 170.4287067676861}
{'sample_size': 12640, 'difference': 0, 'noise': 0, 'n': 79, 'shap_error': 0.0004062291640869634, 'shap_norm_sq': 170.4287067676861}
{'sample_size': 790, 'difference': 0, 'noise': 0.0005, 'n': 79, 'shap_error': 0.023112820083182595, 'shap_norm_sq': 176.5920909062474}
{'sample_size': 790, 'difference': 0, 'noise': 0.001, 'n': 79, 'shap_error': 0.015582006212807418, 'shap_norm_sq': 176.5920909062474}
{'sample_size': 790, 'difference': 0, 'noise': 0.005, 'n': 79, 'shap_error': 0.02159736310783645, 'shap_norm_sq': 176.5920909062474}
{'sample_size': 790, 'difference': 0, 'noise': 0.01, 'n': 79, 'shap_error': 0.015349454414664253, 'shap_norm_sq': 176.5920909062474}
{'sample_size': 790, 'difference': 0, 'noise': 0.05, 'n': 79, 'shap_error': 0.019436062791277364, 'shap_norm_sq': 176.5920909062474}
{'sample_size': 790, 'difference': 0, 'noise': 0.1, 'n': 79, 'shap_error': 0.015430798906630757, 'shap_norm_sq': 176.5920909062474}
{'sample_size': 790, 'difference': 0, 'noise': 0.5, 'n': 79, 'shap_error': 0.016691991690298755, 'shap_norm_sq': 176.5920909062474}
{'sample_size': 790, 'difference': 0, 'noise': 1, 'n': 79, 'shap_error': 0.018821739344147912, 'shap_norm_sq': 176.5920909062474}
{'sample_size': 790, 'difference': 0, 'noise': 0.0005, 'n': 79, 'shap_error': 0.08431602693050826, 'shap_norm_sq': 20.084252463209726}
{'sample_size': 790, 'difference': 0, 'noise': 0.001, 'n': 79, 'shap_error': 0.10377845948069479, 'shap_norm_sq': 20.084252463209726}
{'sample_size': 790, 'difference': 0, 'noise': 0.005, 'n': 79, 'shap_error': 0.12775522141572004, 'shap_norm_sq': 20.084252463209726}
{'sample_size': 790, 'difference': 0, 'noise': 0.01, 'n': 79, 'shap_error': 0.1275589519084474, 'shap_norm_sq': 20.084252463209726}
{'sample_size': 790, 'difference': 0, 'noise': 0.05, 'n': 79, 'shap_error': 0.08301663202420927, 'shap_norm_sq': 20.084252463209726}
{'sample_size': 790, 'difference': 0, 'noise': 0.1, 'n': 79, 'shap_error': 0.12456025140502762, 'shap_norm_sq': 20.084252463209726}
{'sample_size': 790, 'difference': 0, 'noise': 0.5, 'n': 79, 'shap_error': 0.16238025277710433, 'shap_norm_sq': 20.084252463209726}
{'sample_size': 790, 'difference': 0, 'noise': 1, 'n': 79, 'shap_error': 0.13937678863141267, 'shap_norm_sq': 20.084252463209726}
{'sample_size': 790, 'difference': 0, 'noise': 0.0005, 'n': 79, 'shap_error': 0.025953068165129, 'shap_norm_sq': 148.00477053999788}
{'sample_size': 790, 'difference': 0, 'noise': 0.001, 'n': 79, 'shap_error': 0.02437341001798046, 'shap_norm_sq': 148.00477053999788}
{'sample_size': 790, 'difference': 0, 'noise': 0.005, 'n': 79, 'shap_error': 0.024419942791497617, 'shap_norm_sq': 148.00477053999788}
{'sample_size': 790, 'difference': 0, 'noise': 0.01, 'n': 79, 'shap_error': 0.034436822897336856, 'shap_norm_sq': 148.00477053999788}
{'sample_size': 790, 'difference': 0, 'noise': 0.05, 'n': 79, 'shap_error': 0.029664529619724524, 'shap_norm_sq': 148.00477053999788}
{'sample_size': 790, 'difference': 0, 'noise': 0.1, 'n': 79, 'shap_error': 0.028076634678968187, 'shap_norm_sq': 148.00477053999788}
{'sample_size': 790, 'difference': 0, 'noise': 0.5, 'n': 79, 'shap_error': 0.03725658168491192, 'shap_norm_sq': 148.00477053999788}
{'sample_size': 790, 'difference': 0, 'noise': 1, 'n': 79, 'shap_error': 0.04513184242292262, 'shap_norm_sq': 148.00477053999788}
{'sample_size': 790, 'difference': 0, 'noise': 0.0005, 'n': 79, 'shap_error': 0.014564687017789384, 'shap_norm_sq': 15.97553400192092}
{'sample_size': 790, 'difference': 0, 'noise': 0.001, 'n': 79, 'shap_error': 0.014303757606775477, 'shap_norm_sq': 15.97553400192092}
{'sample_size': 790, 'difference': 0, 'noise': 0.005, 'n': 79, 'shap_error': 0.013414256495862304, 'shap_norm_sq': 15.97553400192092}
{'sample_size': 790, 'difference': 0, 'noise': 0.01, 'n': 79, 'shap_error': 0.01526596534068894, 'shap_norm_sq': 15.97553400192092}
{'sample_size': 790, 'difference': 0, 'noise': 0.05, 'n': 79, 'shap_error': 0.01546476598250083, 'shap_norm_sq': 15.97553400192092}
{'sample_size': 790, 'difference': 0, 'noise': 0.1, 'n': 79, 'shap_error': 0.01468750991666524, 'shap_norm_sq': 15.97553400192092}
{'sample_size': 790, 'difference': 0, 'noise': 0.5, 'n': 79, 'shap_error': 0.03926295970724308, 'shap_norm_sq': 15.97553400192092}
{'sample_size': 790, 'difference': 0, 'noise': 1, 'n': 79, 'shap_error': 0.12468220620597496, 'shap_norm_sq': 15.97553400192092}
{'sample_size': 790, 'difference': 0, 'noise': 0.0005, 'n': 79, 'shap_error': 0.011090630726109597, 'shap_norm_sq': 60.68441020144731}
{'sample_size': 790, 'difference': 0, 'noise': 0.001, 'n': 79, 'shap_error': 0.011514877278024324, 'shap_norm_sq': 60.68441020144731}
{'sample_size': 790, 'difference': 0, 'noise': 0.005, 'n': 79, 'shap_error': 0.014489554777206193, 'shap_norm_sq': 60.68441020144731}
{'sample_size': 790, 'difference': 0, 'noise': 0.01, 'n': 79, 'shap_error': 0.007853924636526514, 'shap_norm_sq': 60.68441020144731}
{'sample_size': 790, 'difference': 0, 'noise': 0.05, 'n': 79, 'shap_error': 0.009483133487036681, 'shap_norm_sq': 60.68441020144731}
{'sample_size': 790, 'difference': 0, 'noise': 0.1, 'n': 79, 'shap_error': 0.011793753381491356, 'shap_norm_sq': 60.68441020144731}
{'sample_size': 790, 'difference': 0, 'noise': 0.5, 'n': 79, 'shap_error': 0.019221075565412967, 'shap_norm_sq': 60.68441020144731}
{'sample_size': 790, 'difference': 0, 'noise': 1, 'n': 79, 'shap_error': 0.03375737277265919, 'shap_norm_sq': 60.68441020144731}
{'sample_size': 790, 'difference': 0, 'noise': 0.0005, 'n': 79, 'shap_error': 0.022072225530139905, 'shap_norm_sq': 136.26130924077654}
{'sample_size': 790, 'difference': 0, 'noise': 0.001, 'n': 79, 'shap_error': 0.013487650711679532, 'shap_norm_sq': 136.26130924077654}
{'sample_size': 790, 'difference': 0, 'noise': 0.005, 'n': 79, 'shap_error': 0.020035006358658788, 'shap_norm_sq': 136.26130924077654}
{'sample_size': 790, 'difference': 0, 'noise': 0.01, 'n': 79, 'shap_error': 0.013388089142093001, 'shap_norm_sq': 136.26130924077654}
{'sample_size': 790, 'difference': 0, 'noise': 0.05, 'n': 79, 'shap_error': 0.015423279856350265, 'shap_norm_sq': 136.26130924077654}
{'sample_size': 790, 'difference': 0, 'noise': 0.1, 'n': 79, 'shap_error': 0.019550227062256665, 'shap_norm_sq': 136.26130924077654}
{'sample_size': 790, 'difference': 0, 'noise': 0.5, 'n': 79, 'shap_error': 0.020135506839441968, 'shap_norm_sq': 136.26130924077654}
{'sample_size': 790, 'difference': 0, 'noise': 1, 'n': 79, 'shap_error': 0.028346548093174117, 'shap_norm_sq': 136.26130924077654}
{'sample_size': 790, 'difference': 0, 'noise': 0.0005, 'n': 79, 'shap_error': 0.024892677083275427, 'shap_norm_sq': 12.049401362360555}
{'sample_size': 790, 'difference': 0, 'noise': 0.001, 'n': 79, 'shap_error': 0.03560798149559132, 'shap_norm_sq': 12.049401362360555}
{'sample_size': 790, 'difference': 0, 'noise': 0.005, 'n': 79, 'shap_error': 0.0309242291389834, 'shap_norm_sq': 12.049401362360555}
{'sample_size': 790, 'difference': 0, 'noise': 0.01, 'n': 79, 'shap_error': 0.032414362457653695, 'shap_norm_sq': 12.049401362360555}
{'sample_size': 790, 'difference': 0, 'noise': 0.05, 'n': 79, 'shap_error': 0.035836891876895816, 'shap_norm_sq': 12.049401362360555}
{'sample_size': 790, 'difference': 0, 'noise': 0.1, 'n': 79, 'shap_error': 0.047176466221128324, 'shap_norm_sq': 12.049401362360555}
{'sample_size': 790, 'difference': 0, 'noise': 0.5, 'n': 79, 'shap_error': 0.0792896257569062, 'shap_norm_sq': 12.049401362360555}
{'sample_size': 790, 'difference': 0, 'noise': 1, 'n': 79, 'shap_error': 0.1843567653800769, 'shap_norm_sq': 12.049401362360555}
{'sample_size': 790, 'difference': 0, 'noise': 0.0005, 'n': 79, 'shap_error': 0.03477508503049392, 'shap_norm_sq': 14.740428467777933}
{'sample_size': 790, 'difference': 0, 'noise': 0.001, 'n': 79, 'shap_error': 0.04022479560799569, 'shap_norm_sq': 14.740428467777933}
{'sample_size': 790, 'difference': 0, 'noise': 0.005, 'n': 79, 'shap_error': 0.027127163262359994, 'shap_norm_sq': 14.740428467777933}
{'sample_size': 790, 'difference': 0, 'noise': 0.01, 'n': 79, 'shap_error': 0.031629053647572604, 'shap_norm_sq': 14.740428467777933}
{'sample_size': 790, 'difference': 0, 'noise': 0.05, 'n': 79, 'shap_error': 0.03800861672367046, 'shap_norm_sq': 14.740428467777933}
{'sample_size': 790, 'difference': 0, 'noise': 0.1, 'n': 79, 'shap_error': 0.0340220203636137, 'shap_norm_sq': 14.740428467777933}
{'sample_size': 790, 'difference': 0, 'noise': 0.5, 'n': 79, 'shap_error': 0.044351686753991815, 'shap_norm_sq': 14.740428467777933}
{'sample_size': 790, 'difference': 0, 'noise': 1, 'n': 79, 'shap_error': 0.09278390139279201, 'shap_norm_sq': 14.740428467777933}
{'sample_size': 790, 'difference': 0, 'noise': 0.0005, 'n': 79, 'shap_error': 0.0017884572135149549, 'shap_norm_sq': 18.37896431333642}
{'sample_size': 790, 'difference': 0, 'noise': 0.001, 'n': 79, 'shap_error': 0.0025457154680819136, 'shap_norm_sq': 18.37896431333642}
{'sample_size': 790, 'difference': 0, 'noise': 0.005, 'n': 79, 'shap_error': 0.002831842054301351, 'shap_norm_sq': 18.37896431333642}
{'sample_size': 790, 'difference': 0, 'noise': 0.01, 'n': 79, 'shap_error': 0.0020962638671502515, 'shap_norm_sq': 18.37896431333642}
{'sample_size': 790, 'difference': 0, 'noise': 0.05, 'n': 79, 'shap_error': 0.0015128592001779132, 'shap_norm_sq': 18.37896431333642}
{'sample_size': 790, 'difference': 0, 'noise': 0.1, 'n': 79, 'shap_error': 0.0021509040014534193, 'shap_norm_sq': 18.37896431333642}
{'sample_size': 790, 'difference': 0, 'noise': 0.5, 'n': 79, 'shap_error': 0.019182438978643856, 'shap_norm_sq': 18.37896431333642}
{'sample_size': 790, 'difference': 0, 'noise': 1, 'n': 79, 'shap_error': 0.11860779333104955, 'shap_norm_sq': 18.37896431333642}
{'sample_size': 790, 'difference': 0, 'noise': 0.0005, 'n': 79, 'shap_error': 0.10578228115078805, 'shap_norm_sq': 152.40773170613983}
{'sample_size': 790, 'difference': 0, 'noise': 0.001, 'n': 79, 'shap_error': 0.1054202681807678, 'shap_norm_sq': 152.40773170613983}
{'sample_size': 790, 'difference': 0, 'noise': 0.005, 'n': 79, 'shap_error': 0.11663914884717677, 'shap_norm_sq': 152.40773170613983}
{'sample_size': 790, 'difference': 0, 'noise': 0.01, 'n': 79, 'shap_error': 0.10753259051598334, 'shap_norm_sq': 152.40773170613983}
{'sample_size': 790, 'difference': 0, 'noise': 0.05, 'n': 79, 'shap_error': 0.09779402213008126, 'shap_norm_sq': 152.40773170613983}
{'sample_size': 790, 'difference': 0, 'noise': 0.1, 'n': 79, 'shap_error': 0.12638106458820403, 'shap_norm_sq': 152.40773170613983}
{'sample_size': 790, 'difference': 0, 'noise': 0.5, 'n': 79, 'shap_error': 0.14122275625735106, 'shap_norm_sq': 152.40773170613983}
{'sample_size': 790, 'difference': 0, 'noise': 1, 'n': 79, 'shap_error': 0.10581602900414462, 'shap_norm_sq': 152.40773170613983}
{'sample_size': 790, 'difference': 0, 'noise': 0.0005, 'n': 79, 'shap_error': 0.0119208074233802, 'shap_norm_sq': 10.023857202259894}
{'sample_size': 790, 'difference': 0, 'noise': 0.001, 'n': 79, 'shap_error': 0.012249979539901904, 'shap_norm_sq': 10.023857202259894}
{'sample_size': 790, 'difference': 0, 'noise': 0.005, 'n': 79, 'shap_error': 0.011796185021961727, 'shap_norm_sq': 10.023857202259894}
{'sample_size': 790, 'difference': 0, 'noise': 0.01, 'n': 79, 'shap_error': 0.013250188653646341, 'shap_norm_sq': 10.023857202259894}
{'sample_size': 790, 'difference': 0, 'noise': 0.05, 'n': 79, 'shap_error': 0.010793156436357882, 'shap_norm_sq': 10.023857202259894}
{'sample_size': 790, 'difference': 0, 'noise': 0.1, 'n': 79, 'shap_error': 0.015922519659463844, 'shap_norm_sq': 10.023857202259894}
{'sample_size': 790, 'difference': 0, 'noise': 0.5, 'n': 79, 'shap_error': 0.07730041940787821, 'shap_norm_sq': 10.023857202259894}
{'sample_size': 790, 'difference': 0, 'noise': 1, 'n': 79, 'shap_error': 0.3113016444187692, 'shap_norm_sq': 10.023857202259894}
{'sample_size': 790, 'difference': 0, 'noise': 0.0005, 'n': 79, 'shap_error': 0.020055658667132048, 'shap_norm_sq': 47.34563643628872}
{'sample_size': 790, 'difference': 0, 'noise': 0.001, 'n': 79, 'shap_error': 0.01671757905585454, 'shap_norm_sq': 47.34563643628872}
{'sample_size': 790, 'difference': 0, 'noise': 0.005, 'n': 79, 'shap_error': 0.022033912516697233, 'shap_norm_sq': 47.34563643628872}
{'sample_size': 790, 'difference': 0, 'noise': 0.01, 'n': 79, 'shap_error': 0.021419152412911032, 'shap_norm_sq': 47.34563643628872}
{'sample_size': 790, 'difference': 0, 'noise': 0.05, 'n': 79, 'shap_error': 0.01762967819437506, 'shap_norm_sq': 47.34563643628872}
{'sample_size': 790, 'difference': 0, 'noise': 0.1, 'n': 79, 'shap_error': 0.01940646591755358, 'shap_norm_sq': 47.34563643628872}
{'sample_size': 790, 'difference': 0, 'noise': 0.5, 'n': 79, 'shap_error': 0.027009059505812113, 'shap_norm_sq': 47.34563643628872}
{'sample_size': 790, 'difference': 0, 'noise': 1, 'n': 79, 'shap_error': 0.05999008492221401, 'shap_norm_sq': 47.34563643628872}
{'sample_size': 790, 'difference': 0, 'noise': 0.0005, 'n': 79, 'shap_error': 0.12003671848070381, 'shap_norm_sq': 12.189123000898293}
{'sample_size': 790, 'difference': 0, 'noise': 0.001, 'n': 79, 'shap_error': 0.09732849605880249, 'shap_norm_sq': 12.189123000898293}
{'sample_size': 790, 'difference': 0, 'noise': 0.005, 'n': 79, 'shap_error': 0.07360817571039335, 'shap_norm_sq': 12.189123000898293}
{'sample_size': 790, 'difference': 0, 'noise': 0.01, 'n': 79, 'shap_error': 0.12702625301298476, 'shap_norm_sq': 12.189123000898293}
{'sample_size': 790, 'difference': 0, 'noise': 0.05, 'n': 79, 'shap_error': 0.0959861185229583, 'shap_norm_sq': 12.189123000898293}
{'sample_size': 790, 'difference': 0, 'noise': 0.1, 'n': 79, 'shap_error': 0.14751027292752755, 'shap_norm_sq': 12.189123000898293}
{'sample_size': 790, 'difference': 0, 'noise': 0.5, 'n': 79, 'shap_error': 0.16977718986923376, 'shap_norm_sq': 12.189123000898293}
{'sample_size': 790, 'difference': 0, 'noise': 1, 'n': 79, 'shap_error': 0.5181128387295266, 'shap_norm_sq': 12.189123000898293}
{'sample_size': 790, 'difference': 0, 'noise': 0.0005, 'n': 79, 'shap_error': 0.022631373342577876, 'shap_norm_sq': 22.170301629600175}
{'sample_size': 790, 'difference': 0, 'noise': 0.001, 'n': 79, 'shap_error': 0.031435079770884555, 'shap_norm_sq': 22.170301629600175}
{'sample_size': 790, 'difference': 0, 'noise': 0.005, 'n': 79, 'shap_error': 0.03167788054537274, 'shap_norm_sq': 22.170301629600175}
{'sample_size': 790, 'difference': 0, 'noise': 0.01, 'n': 79, 'shap_error': 0.033455733736992406, 'shap_norm_sq': 22.170301629600175}
{'sample_size': 790, 'difference': 0, 'noise': 0.05, 'n': 79, 'shap_error': 0.034330097168951815, 'shap_norm_sq': 22.170301629600175}
{'sample_size': 790, 'difference': 0, 'noise': 0.1, 'n': 79, 'shap_error': 0.03104453332396882, 'shap_norm_sq': 22.170301629600175}
{'sample_size': 790, 'difference': 0, 'noise': 0.5, 'n': 79, 'shap_error': 0.05387664149362777, 'shap_norm_sq': 22.170301629600175}
{'sample_size': 790, 'difference': 0, 'noise': 1, 'n': 79, 'shap_error': 0.1396371902043905, 'shap_norm_sq': 22.170301629600175}
{'sample_size': 790, 'difference': 0, 'noise': 0.0005, 'n': 79, 'shap_error': 0.01989830760047391, 'shap_norm_sq': 199.08895971729703}
{'sample_size': 790, 'difference': 0, 'noise': 0.001, 'n': 79, 'shap_error': 0.014924682667870854, 'shap_norm_sq': 199.08895971729703}
{'sample_size': 790, 'difference': 0, 'noise': 0.005, 'n': 79, 'shap_error': 0.02264547074973384, 'shap_norm_sq': 199.08895971729703}
{'sample_size': 790, 'difference': 0, 'noise': 0.01, 'n': 79, 'shap_error': 0.023917308672520912, 'shap_norm_sq': 199.08895971729703}
{'sample_size': 790, 'difference': 0, 'noise': 0.05, 'n': 79, 'shap_error': 0.013774574373933725, 'shap_norm_sq': 199.08895971729703}
{'sample_size': 790, 'difference': 0, 'noise': 0.1, 'n': 79, 'shap_error': 0.021047110467159534, 'shap_norm_sq': 199.08895971729703}
{'sample_size': 790, 'difference': 0, 'noise': 0.5, 'n': 79, 'shap_error': 0.021353121104188317, 'shap_norm_sq': 199.08895971729703}
{'sample_size': 790, 'difference': 0, 'noise': 1, 'n': 79, 'shap_error': 0.029477980091663903, 'shap_norm_sq': 199.08895971729703}
{'sample_size': 790, 'difference': 0, 'noise': 0.0005, 'n': 79, 'shap_error': 0.03805604029400486, 'shap_norm_sq': 174.68228798882984}
{'sample_size': 790, 'difference': 0, 'noise': 0.001, 'n': 79, 'shap_error': 0.0246990744112085, 'shap_norm_sq': 174.68228798882984}
{'sample_size': 790, 'difference': 0, 'noise': 0.005, 'n': 79, 'shap_error': 0.035757013302989235, 'shap_norm_sq': 174.68228798882984}
{'sample_size': 790, 'difference': 0, 'noise': 0.01, 'n': 79, 'shap_error': 0.02880463782738588, 'shap_norm_sq': 174.68228798882984}
{'sample_size': 790, 'difference': 0, 'noise': 0.05, 'n': 79, 'shap_error': 0.030202465052959617, 'shap_norm_sq': 174.68228798882984}
{'sample_size': 790, 'difference': 0, 'noise': 0.1, 'n': 79, 'shap_error': 0.02514177883989516, 'shap_norm_sq': 174.68228798882984}
{'sample_size': 790, 'difference': 0, 'noise': 0.5, 'n': 79, 'shap_error': 0.02871502057890881, 'shap_norm_sq': 174.68228798882984}
{'sample_size': 790, 'difference': 0, 'noise': 1, 'n': 79, 'shap_error': 0.04922909671820578, 'shap_norm_sq': 174.68228798882984}
{'sample_size': 790, 'difference': 0, 'noise': 0.0005, 'n': 79, 'shap_error': 0.042818539249371984, 'shap_norm_sq': 20.75537075771844}
{'sample_size': 790, 'difference': 0, 'noise': 0.001, 'n': 79, 'shap_error': 0.04660096915721265, 'shap_norm_sq': 20.75537075771844}
{'sample_size': 790, 'difference': 0, 'noise': 0.005, 'n': 79, 'shap_error': 0.039741396043443025, 'shap_norm_sq': 20.75537075771844}
{'sample_size': 790, 'difference': 0, 'noise': 0.01, 'n': 79, 'shap_error': 0.042971935506983236, 'shap_norm_sq': 20.75537075771844}
{'sample_size': 790, 'difference': 0, 'noise': 0.05, 'n': 79, 'shap_error': 0.031245663843398563, 'shap_norm_sq': 20.75537075771844}
{'sample_size': 790, 'difference': 0, 'noise': 0.1, 'n': 79, 'shap_error': 0.04559872516441296, 'shap_norm_sq': 20.75537075771844}
{'sample_size': 790, 'difference': 0, 'noise': 0.5, 'n': 79, 'shap_error': 0.05154015228557893, 'shap_norm_sq': 20.75537075771844}
{'sample_size': 790, 'difference': 0, 'noise': 1, 'n': 79, 'shap_error': 0.1044352077451289, 'shap_norm_sq': 20.75537075771844}
{'sample_size': 790, 'difference': 0, 'noise': 0.0005, 'n': 79, 'shap_error': 0.0319109021506642, 'shap_norm_sq': 69.23714589372352}
{'sample_size': 790, 'difference': 0, 'noise': 0.001, 'n': 79, 'shap_error': 0.02661125952264009, 'shap_norm_sq': 69.23714589372352}
{'sample_size': 790, 'difference': 0, 'noise': 0.005, 'n': 79, 'shap_error': 0.03952165212404969, 'shap_norm_sq': 69.23714589372352}
{'sample_size': 790, 'difference': 0, 'noise': 0.01, 'n': 79, 'shap_error': 0.03224293465374399, 'shap_norm_sq': 69.23714589372352}
{'sample_size': 790, 'difference': 0, 'noise': 0.05, 'n': 79, 'shap_error': 0.038677133110621896, 'shap_norm_sq': 69.23714589372352}
{'sample_size': 790, 'difference': 0, 'noise': 0.1, 'n': 79, 'shap_error': 0.03326317871134222, 'shap_norm_sq': 69.23714589372352}
{'sample_size': 790, 'difference': 0, 'noise': 0.5, 'n': 79, 'shap_error': 0.04364911795445097, 'shap_norm_sq': 69.23714589372352}
{'sample_size': 790, 'difference': 0, 'noise': 1, 'n': 79, 'shap_error': 0.060660756451473105, 'shap_norm_sq': 69.23714589372352}
{'sample_size': 790, 'difference': 0, 'noise': 0.0005, 'n': 79, 'shap_error': 0.029375386607554774, 'shap_norm_sq': 20.065578469079746}
{'sample_size': 790, 'difference': 0, 'noise': 0.001, 'n': 79, 'shap_error': 0.030527496843681858, 'shap_norm_sq': 20.065578469079746}
{'sample_size': 790, 'difference': 0, 'noise': 0.005, 'n': 79, 'shap_error': 0.03830165679869689, 'shap_norm_sq': 20.065578469079746}
{'sample_size': 790, 'difference': 0, 'noise': 0.01, 'n': 79, 'shap_error': 0.031333496884748464, 'shap_norm_sq': 20.065578469079746}
{'sample_size': 790, 'difference': 0, 'noise': 0.05, 'n': 79, 'shap_error': 0.0284163939128277, 'shap_norm_sq': 20.065578469079746}
{'sample_size': 790, 'difference': 0, 'noise': 0.1, 'n': 79, 'shap_error': 0.03045251128723603, 'shap_norm_sq': 20.065578469079746}
{'sample_size': 790, 'difference': 0, 'noise': 0.5, 'n': 79, 'shap_error': 0.08608785356029951, 'shap_norm_sq': 20.065578469079746}
{'sample_size': 790, 'difference': 0, 'noise': 1, 'n': 79, 'shap_error': 0.08363104269344616, 'shap_norm_sq': 20.065578469079746}
{'sample_size': 790, 'difference': 0, 'noise': 0.0005, 'n': 79, 'shap_error': 0.0064923434158536235, 'shap_norm_sq': 252.03554771036144}
{'sample_size': 790, 'difference': 0, 'noise': 0.001, 'n': 79, 'shap_error': 0.009191423254502238, 'shap_norm_sq': 252.03554771036144}
{'sample_size': 790, 'difference': 0, 'noise': 0.005, 'n': 79, 'shap_error': 0.0055098748189341, 'shap_norm_sq': 252.03554771036144}
{'sample_size': 790, 'difference': 0, 'noise': 0.01, 'n': 79, 'shap_error': 0.007833391571597265, 'shap_norm_sq': 252.03554771036144}
{'sample_size': 790, 'difference': 0, 'noise': 0.05, 'n': 79, 'shap_error': 0.009687494111846395, 'shap_norm_sq': 252.03554771036144}
{'sample_size': 790, 'difference': 0, 'noise': 0.1, 'n': 79, 'shap_error': 0.009628319730257165, 'shap_norm_sq': 252.03554771036144}
{'sample_size': 790, 'difference': 0, 'noise': 0.5, 'n': 79, 'shap_error': 0.006968496661961176, 'shap_norm_sq': 252.03554771036144}
{'sample_size': 790, 'difference': 0, 'noise': 1, 'n': 79, 'shap_error': 0.007892904985997078, 'shap_norm_sq': 252.03554771036144}
{'sample_size': 790, 'difference': 0, 'noise': 0.0005, 'n': 79, 'shap_error': 0.04915749513602156, 'shap_norm_sq': 27.324186959961153}
{'sample_size': 790, 'difference': 0, 'noise': 0.001, 'n': 79, 'shap_error': 0.04512991221574482, 'shap_norm_sq': 27.324186959961153}
{'sample_size': 790, 'difference': 0, 'noise': 0.005, 'n': 79, 'shap_error': 0.038840522288016606, 'shap_norm_sq': 27.324186959961153}
{'sample_size': 790, 'difference': 0, 'noise': 0.01, 'n': 79, 'shap_error': 0.03758420317069351, 'shap_norm_sq': 27.324186959961153}
{'sample_size': 790, 'difference': 0, 'noise': 0.05, 'n': 79, 'shap_error': 0.047436333530937264, 'shap_norm_sq': 27.324186959961153}
{'sample_size': 790, 'difference': 0, 'noise': 0.1, 'n': 79, 'shap_error': 0.03250519211275989, 'shap_norm_sq': 27.324186959961153}
{'sample_size': 790, 'difference': 0, 'noise': 0.5, 'n': 79, 'shap_error': 0.0446045786597551, 'shap_norm_sq': 27.324186959961153}
{'sample_size': 790, 'difference': 0, 'noise': 1, 'n': 79, 'shap_error': 0.11871224706962216, 'shap_norm_sq': 27.324186959961153}
{'sample_size': 790, 'difference': 0, 'noise': 0.0005, 'n': 79, 'shap_error': 0.09992195415351501, 'shap_norm_sq': 22.923048706888665}
{'sample_size': 790, 'difference': 0, 'noise': 0.001, 'n': 79, 'shap_error': 0.08050596911638983, 'shap_norm_sq': 22.923048706888665}
{'sample_size': 790, 'difference': 0, 'noise': 0.005, 'n': 79, 'shap_error': 0.08835624674880792, 'shap_norm_sq': 22.923048706888665}
{'sample_size': 790, 'difference': 0, 'noise': 0.01, 'n': 79, 'shap_error': 0.09602305964056866, 'shap_norm_sq': 22.923048706888665}
{'sample_size': 790, 'difference': 0, 'noise': 0.05, 'n': 79, 'shap_error': 0.07866590132911688, 'shap_norm_sq': 22.923048706888665}
{'sample_size': 790, 'difference': 0, 'noise': 0.1, 'n': 79, 'shap_error': 0.08392415548070607, 'shap_norm_sq': 22.923048706888665}
{'sample_size': 790, 'difference': 0, 'noise': 0.5, 'n': 79, 'shap_error': 0.1377301193921779, 'shap_norm_sq': 22.923048706888665}
{'sample_size': 790, 'difference': 0, 'noise': 1, 'n': 79, 'shap_error': 0.19080860196564745, 'shap_norm_sq': 22.923048706888665}
{'sample_size': 790, 'difference': 0, 'noise': 0.0005, 'n': 79, 'shap_error': 0.010574613111470253, 'shap_norm_sq': 12.1547259683948}
{'sample_size': 790, 'difference': 0, 'noise': 0.001, 'n': 79, 'shap_error': 0.01368050991199714, 'shap_norm_sq': 12.1547259683948}
{'sample_size': 790, 'difference': 0, 'noise': 0.005, 'n': 79, 'shap_error': 0.01448141288955779, 'shap_norm_sq': 12.1547259683948}
{'sample_size': 790, 'difference': 0, 'noise': 0.01, 'n': 79, 'shap_error': 0.01205623062111761, 'shap_norm_sq': 12.1547259683948}
{'sample_size': 790, 'difference': 0, 'noise': 0.05, 'n': 79, 'shap_error': 0.012745361662953196, 'shap_norm_sq': 12.1547259683948}
{'sample_size': 790, 'difference': 0, 'noise': 0.1, 'n': 79, 'shap_error': 0.013532639274875977, 'shap_norm_sq': 12.1547259683948}
{'sample_size': 790, 'difference': 0, 'noise': 0.5, 'n': 79, 'shap_error': 0.027336797392698398, 'shap_norm_sq': 12.1547259683948}
{'sample_size': 790, 'difference': 0, 'noise': 1, 'n': 79, 'shap_error': 0.101637384122257, 'shap_norm_sq': 12.1547259683948}
{'sample_size': 790, 'difference': 0, 'noise': 0.0005, 'n': 79, 'shap_error': 0.08398475267278627, 'shap_norm_sq': 14.431283840350238}
{'sample_size': 790, 'difference': 0, 'noise': 0.001, 'n': 79, 'shap_error': 0.08347910813425409, 'shap_norm_sq': 14.431283840350238}
{'sample_size': 790, 'difference': 0, 'noise': 0.005, 'n': 79, 'shap_error': 0.0946128403846345, 'shap_norm_sq': 14.431283840350238}
{'sample_size': 790, 'difference': 0, 'noise': 0.01, 'n': 79, 'shap_error': 0.08006077045144303, 'shap_norm_sq': 14.431283840350238}
{'sample_size': 790, 'difference': 0, 'noise': 0.05, 'n': 79, 'shap_error': 0.09658226681452668, 'shap_norm_sq': 14.431283840350238}
{'sample_size': 790, 'difference': 0, 'noise': 0.1, 'n': 79, 'shap_error': 0.08973053420825204, 'shap_norm_sq': 14.431283840350238}
{'sample_size': 790, 'difference': 0, 'noise': 0.5, 'n': 79, 'shap_error': 0.13241089855236057, 'shap_norm_sq': 14.431283840350238}
{'sample_size': 790, 'difference': 0, 'noise': 1, 'n': 79, 'shap_error': 0.21446488404336725, 'shap_norm_sq': 14.431283840350238}
{'sample_size': 790, 'difference': 0, 'noise': 0.0005, 'n': 79, 'shap_error': 0.017072711546485392, 'shap_norm_sq': 310.11213783401325}
{'sample_size': 790, 'difference': 0, 'noise': 0.001, 'n': 79, 'shap_error': 0.022993489542445785, 'shap_norm_sq': 310.11213783401325}
{'sample_size': 790, 'difference': 0, 'noise': 0.005, 'n': 79, 'shap_error': 0.025796789688545468, 'shap_norm_sq': 310.11213783401325}
{'sample_size': 790, 'difference': 0, 'noise': 0.01, 'n': 79, 'shap_error': 0.02301917849748699, 'shap_norm_sq': 310.11213783401325}
{'sample_size': 790, 'difference': 0, 'noise': 0.05, 'n': 79, 'shap_error': 0.021158751332262176, 'shap_norm_sq': 310.11213783401325}
{'sample_size': 790, 'difference': 0, 'noise': 0.1, 'n': 79, 'shap_error': 0.020935753748273923, 'shap_norm_sq': 310.11213783401325}
{'sample_size': 790, 'difference': 0, 'noise': 0.5, 'n': 79, 'shap_error': 0.01749897119846471, 'shap_norm_sq': 310.11213783401325}
{'sample_size': 790, 'difference': 0, 'noise': 1, 'n': 79, 'shap_error': 0.01946797362241311, 'shap_norm_sq': 310.11213783401325}
{'sample_size': 790, 'difference': 0, 'noise': 0.0005, 'n': 79, 'shap_error': 0.05004036977914793, 'shap_norm_sq': 31.88287350491898}
{'sample_size': 790, 'difference': 0, 'noise': 0.001, 'n': 79, 'shap_error': 0.03476819612692483, 'shap_norm_sq': 31.88287350491898}
{'sample_size': 790, 'difference': 0, 'noise': 0.005, 'n': 79, 'shap_error': 0.04917571116758203, 'shap_norm_sq': 31.88287350491898}
{'sample_size': 790, 'difference': 0, 'noise': 0.01, 'n': 79, 'shap_error': 0.03772542338791936, 'shap_norm_sq': 31.88287350491898}
{'sample_size': 790, 'difference': 0, 'noise': 0.05, 'n': 79, 'shap_error': 0.03485948826622985, 'shap_norm_sq': 31.88287350491898}
{'sample_size': 790, 'difference': 0, 'noise': 0.1, 'n': 79, 'shap_error': 0.051196389591931915, 'shap_norm_sq': 31.88287350491898}
{'sample_size': 790, 'difference': 0, 'noise': 0.5, 'n': 79, 'shap_error': 0.05203130144992478, 'shap_norm_sq': 31.88287350491898}
{'sample_size': 790, 'difference': 0, 'noise': 1, 'n': 79, 'shap_error': 0.07199403740196793, 'shap_norm_sq': 31.88287350491898}
{'sample_size': 790, 'difference': 0, 'noise': 0.0005, 'n': 79, 'shap_error': 0.06955141621878606, 'shap_norm_sq': 14.79931982241082}
{'sample_size': 790, 'difference': 0, 'noise': 0.001, 'n': 79, 'shap_error': 0.06359973250881228, 'shap_norm_sq': 14.79931982241082}
{'sample_size': 790, 'difference': 0, 'noise': 0.005, 'n': 79, 'shap_error': 0.07037407788999947, 'shap_norm_sq': 14.79931982241082}
{'sample_size': 790, 'difference': 0, 'noise': 0.01, 'n': 79, 'shap_error': 0.05886322482867319, 'shap_norm_sq': 14.79931982241082}
{'sample_size': 790, 'difference': 0, 'noise': 0.05, 'n': 79, 'shap_error': 0.055485532288557786, 'shap_norm_sq': 14.79931982241082}
{'sample_size': 790, 'difference': 0, 'noise': 0.1, 'n': 79, 'shap_error': 0.07577201445472129, 'shap_norm_sq': 14.79931982241082}
{'sample_size': 790, 'difference': 0, 'noise': 0.5, 'n': 79, 'shap_error': 0.1966182007389586, 'shap_norm_sq': 14.79931982241082}
{'sample_size': 790, 'difference': 0, 'noise': 1, 'n': 79, 'shap_error': 0.5914372516827133, 'shap_norm_sq': 14.79931982241082}
{'sample_size': 790, 'difference': 0, 'noise': 0.0005, 'n': 79, 'shap_error': 0.0003120296735372191, 'shap_norm_sq': 191.42936031395982}
{'sample_size': 790, 'difference': 0, 'noise': 0.001, 'n': 79, 'shap_error': 0.00037600396380416834, 'shap_norm_sq': 191.42936031395982}
{'sample_size': 790, 'difference': 0, 'noise': 0.005, 'n': 79, 'shap_error': 0.00040961562416806505, 'shap_norm_sq': 191.42936031395982}
{'sample_size': 790, 'difference': 0, 'noise': 0.01, 'n': 79, 'shap_error': 0.0002799341397589771, 'shap_norm_sq': 191.42936031395982}
{'sample_size': 790, 'difference': 0, 'noise': 0.05, 'n': 79, 'shap_error': 0.00032334748022798377, 'shap_norm_sq': 191.42936031395982}
{'sample_size': 790, 'difference': 0, 'noise': 0.1, 'n': 79, 'shap_error': 0.0004731700452662748, 'shap_norm_sq': 191.42936031395982}
{'sample_size': 790, 'difference': 0, 'noise': 0.5, 'n': 79, 'shap_error': 0.0018907560749951823, 'shap_norm_sq': 191.42936031395982}
{'sample_size': 790, 'difference': 0, 'noise': 1, 'n': 79, 'shap_error': 0.012788130612114793, 'shap_norm_sq': 191.42936031395982}
{'sample_size': 790, 'difference': 0, 'noise': 0.0005, 'n': 79, 'shap_error': 0.17350498389092978, 'shap_norm_sq': 32.161172519186906}
{'sample_size': 790, 'difference': 0, 'noise': 0.001, 'n': 79, 'shap_error': 0.1790330127451468, 'shap_norm_sq': 32.161172519186906}
{'sample_size': 790, 'difference': 0, 'noise': 0.005, 'n': 79, 'shap_error': 0.2212154093541457, 'shap_norm_sq': 32.161172519186906}
{'sample_size': 790, 'difference': 0, 'noise': 0.01, 'n': 79, 'shap_error': 0.1462710200142943, 'shap_norm_sq': 32.161172519186906}
{'sample_size': 790, 'difference': 0, 'noise': 0.05, 'n': 79, 'shap_error': 0.18292449180211753, 'shap_norm_sq': 32.161172519186906}
{'sample_size': 790, 'difference': 0, 'noise': 0.1, 'n': 79, 'shap_error': 0.1733785508096587, 'shap_norm_sq': 32.161172519186906}
{'sample_size': 790, 'difference': 0, 'noise': 0.5, 'n': 79, 'shap_error': 0.11916763251882381, 'shap_norm_sq': 32.161172519186906}
{'sample_size': 790, 'difference': 0, 'noise': 1, 'n': 79, 'shap_error': 0.19934210381104125, 'shap_norm_sq': 32.161172519186906}
{'sample_size': 790, 'difference': 0, 'noise': 0.0005, 'n': 79, 'shap_error': 0.001962798680687123, 'shap_norm_sq': 364.50655549433264}
{'sample_size': 790, 'difference': 0, 'noise': 0.001, 'n': 79, 'shap_error': 0.0013487635813945497, 'shap_norm_sq': 364.50655549433264}
{'sample_size': 790, 'difference': 0, 'noise': 0.005, 'n': 79, 'shap_error': 0.0015232954993433002, 'shap_norm_sq': 364.50655549433264}
{'sample_size': 790, 'difference': 0, 'noise': 0.01, 'n': 79, 'shap_error': 0.0013771591060848542, 'shap_norm_sq': 364.50655549433264}
{'sample_size': 790, 'difference': 0, 'noise': 0.05, 'n': 79, 'shap_error': 0.001001568134193872, 'shap_norm_sq': 364.50655549433264}
{'sample_size': 790, 'difference': 0, 'noise': 0.1, 'n': 79, 'shap_error': 0.0012829716980252153, 'shap_norm_sq': 364.50655549433264}
{'sample_size': 790, 'difference': 0, 'noise': 0.5, 'n': 79, 'shap_error': 0.0037602561717226504, 'shap_norm_sq': 364.50655549433264}
{'sample_size': 790, 'difference': 0, 'noise': 1, 'n': 79, 'shap_error': 0.005892882356572557, 'shap_norm_sq': 364.50655549433264}
{'sample_size': 790, 'difference': 0, 'noise': 0.0005, 'n': 79, 'shap_error': 0.032268873129829664, 'shap_norm_sq': 19.78695774701015}
{'sample_size': 790, 'difference': 0, 'noise': 0.001, 'n': 79, 'shap_error': 0.026734834251198596, 'shap_norm_sq': 19.78695774701015}
{'sample_size': 790, 'difference': 0, 'noise': 0.005, 'n': 79, 'shap_error': 0.016905982709739406, 'shap_norm_sq': 19.78695774701015}
{'sample_size': 790, 'difference': 0, 'noise': 0.01, 'n': 79, 'shap_error': 0.02813943720467248, 'shap_norm_sq': 19.78695774701015}
{'sample_size': 790, 'difference': 0, 'noise': 0.05, 'n': 79, 'shap_error': 0.02407200385862167, 'shap_norm_sq': 19.78695774701015}
{'sample_size': 790, 'difference': 0, 'noise': 0.1, 'n': 79, 'shap_error': 0.023769818475263493, 'shap_norm_sq': 19.78695774701015}
{'sample_size': 790, 'difference': 0, 'noise': 0.5, 'n': 79, 'shap_error': 0.037378468304374045, 'shap_norm_sq': 19.78695774701015}
{'sample_size': 790, 'difference': 0, 'noise': 1, 'n': 79, 'shap_error': 0.08872510362640057, 'shap_norm_sq': 19.78695774701015}
{'sample_size': 790, 'difference': 0, 'noise': 0.0005, 'n': 79, 'shap_error': 0.10405621088652382, 'shap_norm_sq': 39.9763345742574}
{'sample_size': 790, 'difference': 0, 'noise': 0.001, 'n': 79, 'shap_error': 0.0859943614599865, 'shap_norm_sq': 39.9763345742574}
{'sample_size': 790, 'difference': 0, 'noise': 0.005, 'n': 79, 'shap_error': 0.09931325595600651, 'shap_norm_sq': 39.9763345742574}
{'sample_size': 790, 'difference': 0, 'noise': 0.01, 'n': 79, 'shap_error': 0.1184228048743858, 'shap_norm_sq': 39.9763345742574}
{'sample_size': 790, 'difference': 0, 'noise': 0.05, 'n': 79, 'shap_error': 0.07323743774040695, 'shap_norm_sq': 39.9763345742574}
{'sample_size': 790, 'difference': 0, 'noise': 0.1, 'n': 79, 'shap_error': 0.09702389200620404, 'shap_norm_sq': 39.9763345742574}
{'sample_size': 790, 'difference': 0, 'noise': 0.5, 'n': 79, 'shap_error': 0.09781235885002398, 'shap_norm_sq': 39.9763345742574}
{'sample_size': 790, 'difference': 0, 'noise': 1, 'n': 79, 'shap_error': 0.1346071919580474, 'shap_norm_sq': 39.9763345742574}
{'sample_size': 790, 'difference': 0, 'noise': 0.0005, 'n': 79, 'shap_error': 0.011218091182447628, 'shap_norm_sq': 13.749620130939958}
{'sample_size': 790, 'difference': 0, 'noise': 0.001, 'n': 79, 'shap_error': 0.0092016478344626, 'shap_norm_sq': 13.749620130939958}
{'sample_size': 790, 'difference': 0, 'noise': 0.005, 'n': 79, 'shap_error': 0.01581098175620895, 'shap_norm_sq': 13.749620130939958}
{'sample_size': 790, 'difference': 0, 'noise': 0.01, 'n': 79, 'shap_error': 0.010099143089154942, 'shap_norm_sq': 13.749620130939958}
{'sample_size': 790, 'difference': 0, 'noise': 0.05, 'n': 79, 'shap_error': 0.01595964490027231, 'shap_norm_sq': 13.749620130939958}
{'sample_size': 790, 'difference': 0, 'noise': 0.1, 'n': 79, 'shap_error': 0.01277134929341082, 'shap_norm_sq': 13.749620130939958}
{'sample_size': 790, 'difference': 0, 'noise': 0.5, 'n': 79, 'shap_error': 0.0818239721752653, 'shap_norm_sq': 13.749620130939958}
{'sample_size': 790, 'difference': 0, 'noise': 1, 'n': 79, 'shap_error': 0.22659823215264363, 'shap_norm_sq': 13.749620130939958}
{'sample_size': 790, 'difference': 0, 'noise': 0.0005, 'n': 79, 'shap_error': 0.10988759181722131, 'shap_norm_sq': 46.1341068946306}
{'sample_size': 790, 'difference': 0, 'noise': 0.001, 'n': 79, 'shap_error': 0.10620205296989384, 'shap_norm_sq': 46.1341068946306}
{'sample_size': 790, 'difference': 0, 'noise': 0.005, 'n': 79, 'shap_error': 0.08381013740480733, 'shap_norm_sq': 46.1341068946306}
{'sample_size': 790, 'difference': 0, 'noise': 0.01, 'n': 79, 'shap_error': 0.0898415147917506, 'shap_norm_sq': 46.1341068946306}
{'sample_size': 790, 'difference': 0, 'noise': 0.05, 'n': 79, 'shap_error': 0.10534460841170162, 'shap_norm_sq': 46.1341068946306}
{'sample_size': 790, 'difference': 0, 'noise': 0.1, 'n': 79, 'shap_error': 0.1101494865202977, 'shap_norm_sq': 46.1341068946306}
{'sample_size': 790, 'difference': 0, 'noise': 0.5, 'n': 79, 'shap_error': 0.09306277501392879, 'shap_norm_sq': 46.1341068946306}
{'sample_size': 790, 'difference': 0, 'noise': 1, 'n': 79, 'shap_error': 0.13200019722931428, 'shap_norm_sq': 46.1341068946306}
{'sample_size': 790, 'difference': 0, 'noise': 0.0005, 'n': 79, 'shap_error': 0.017693381672882695, 'shap_norm_sq': 11.916612963746886}
{'sample_size': 790, 'difference': 0, 'noise': 0.001, 'n': 79, 'shap_error': 0.013885122508271492, 'shap_norm_sq': 11.916612963746886}
{'sample_size': 790, 'difference': 0, 'noise': 0.005, 'n': 79, 'shap_error': 0.02082679109923722, 'shap_norm_sq': 11.916612963746886}
{'sample_size': 790, 'difference': 0, 'noise': 0.01, 'n': 79, 'shap_error': 0.01473554602422157, 'shap_norm_sq': 11.916612963746886}
{'sample_size': 790, 'difference': 0, 'noise': 0.05, 'n': 79, 'shap_error': 0.018825761757297672, 'shap_norm_sq': 11.916612963746886}
{'sample_size': 790, 'difference': 0, 'noise': 0.1, 'n': 79, 'shap_error': 0.014821615251281452, 'shap_norm_sq': 11.916612963746886}
{'sample_size': 790, 'difference': 0, 'noise': 0.5, 'n': 79, 'shap_error': 0.057947043961754964, 'shap_norm_sq': 11.916612963746886}
{'sample_size': 790, 'difference': 0, 'noise': 1, 'n': 79, 'shap_error': 0.1951713047984667, 'shap_norm_sq': 11.916612963746886}
{'sample_size': 790, 'difference': 0, 'noise': 0.0005, 'n': 79, 'shap_error': 0.10129910132443401, 'shap_norm_sq': 205.912081472179}
{'sample_size': 790, 'difference': 0, 'noise': 0.001, 'n': 79, 'shap_error': 0.10982495121910425, 'shap_norm_sq': 205.912081472179}
{'sample_size': 790, 'difference': 0, 'noise': 0.005, 'n': 79, 'shap_error': 0.11230128456618384, 'shap_norm_sq': 205.912081472179}
{'sample_size': 790, 'difference': 0, 'noise': 0.01, 'n': 79, 'shap_error': 0.1052103150345198, 'shap_norm_sq': 205.912081472179}
{'sample_size': 790, 'difference': 0, 'noise': 0.05, 'n': 79, 'shap_error': 0.09854201103481695, 'shap_norm_sq': 205.912081472179}
{'sample_size': 790, 'difference': 0, 'noise': 0.1, 'n': 79, 'shap_error': 0.11201297206944902, 'shap_norm_sq': 205.912081472179}
{'sample_size': 790, 'difference': 0, 'noise': 0.5, 'n': 79, 'shap_error': 0.13393097911279883, 'shap_norm_sq': 205.912081472179}
{'sample_size': 790, 'difference': 0, 'noise': 1, 'n': 79, 'shap_error': 0.15087097772563396, 'shap_norm_sq': 205.912081472179}
{'sample_size': 790, 'difference': 0, 'noise': 0.0005, 'n': 79, 'shap_error': 0.026295882174073578, 'shap_norm_sq': 18.03039976093688}
{'sample_size': 790, 'difference': 0, 'noise': 0.001, 'n': 79, 'shap_error': 0.0273438176317895, 'shap_norm_sq': 18.03039976093688}
{'sample_size': 790, 'difference': 0, 'noise': 0.005, 'n': 79, 'shap_error': 0.017127467342218154, 'shap_norm_sq': 18.03039976093688}
{'sample_size': 790, 'difference': 0, 'noise': 0.01, 'n': 79, 'shap_error': 0.03105410594809298, 'shap_norm_sq': 18.03039976093688}
{'sample_size': 790, 'difference': 0, 'noise': 0.05, 'n': 79, 'shap_error': 0.031255667464404335, 'shap_norm_sq': 18.03039976093688}
{'sample_size': 790, 'difference': 0, 'noise': 0.1, 'n': 79, 'shap_error': 0.02923195499872039, 'shap_norm_sq': 18.03039976093688}
{'sample_size': 790, 'difference': 0, 'noise': 0.5, 'n': 79, 'shap_error': 0.060246576810948034, 'shap_norm_sq': 18.03039976093688}
{'sample_size': 790, 'difference': 0, 'noise': 1, 'n': 79, 'shap_error': 0.16786234967560487, 'shap_norm_sq': 18.03039976093688}
{'sample_size': 790, 'difference': 0, 'noise': 0.0005, 'n': 79, 'shap_error': 0.004379661628054338, 'shap_norm_sq': 100.79667056208018}
{'sample_size': 790, 'difference': 0, 'noise': 0.001, 'n': 79, 'shap_error': 0.004769073124410121, 'shap_norm_sq': 100.79667056208018}
{'sample_size': 790, 'difference': 0, 'noise': 0.005, 'n': 79, 'shap_error': 0.004249303110162016, 'shap_norm_sq': 100.79667056208018}
{'sample_size': 790, 'difference': 0, 'noise': 0.01, 'n': 79, 'shap_error': 0.0034606199949391526, 'shap_norm_sq': 100.79667056208018}
{'sample_size': 790, 'difference': 0, 'noise': 0.05, 'n': 79, 'shap_error': 0.005728982343696182, 'shap_norm_sq': 100.79667056208018}
{'sample_size': 790, 'difference': 0, 'noise': 0.1, 'n': 79, 'shap_error': 0.005290073035049827, 'shap_norm_sq': 100.79667056208018}
{'sample_size': 790, 'difference': 0, 'noise': 0.5, 'n': 79, 'shap_error': 0.007456698734455714, 'shap_norm_sq': 100.79667056208018}
{'sample_size': 790, 'difference': 0, 'noise': 1, 'n': 79, 'shap_error': 0.015316848850699408, 'shap_norm_sq': 100.79667056208018}
{'sample_size': 790, 'difference': 0, 'noise': 0.0005, 'n': 79, 'shap_error': 0.09530984098423836, 'shap_norm_sq': 15.02517144565445}
{'sample_size': 790, 'difference': 0, 'noise': 0.001, 'n': 79, 'shap_error': 0.08685712662107964, 'shap_norm_sq': 15.02517144565445}
{'sample_size': 790, 'difference': 0, 'noise': 0.005, 'n': 79, 'shap_error': 0.07262969439044414, 'shap_norm_sq': 15.02517144565445}
{'sample_size': 790, 'difference': 0, 'noise': 0.01, 'n': 79, 'shap_error': 0.07575947401531284, 'shap_norm_sq': 15.02517144565445}
{'sample_size': 790, 'difference': 0, 'noise': 0.05, 'n': 79, 'shap_error': 0.12043836200758706, 'shap_norm_sq': 15.02517144565445}
{'sample_size': 790, 'difference': 0, 'noise': 0.1, 'n': 79, 'shap_error': 0.10059870934771667, 'shap_norm_sq': 15.02517144565445}
{'sample_size': 790, 'difference': 0, 'noise': 0.5, 'n': 79, 'shap_error': 0.08048642247565252, 'shap_norm_sq': 15.02517144565445}
{'sample_size': 790, 'difference': 0, 'noise': 1, 'n': 79, 'shap_error': 0.13639442581137337, 'shap_norm_sq': 15.02517144565445}
{'sample_size': 790, 'difference': 0, 'noise': 0.0005, 'n': 79, 'shap_error': 0.035385665246842335, 'shap_norm_sq': 24.28614933835972}
{'sample_size': 790, 'difference': 0, 'noise': 0.001, 'n': 79, 'shap_error': 0.047692013672988885, 'shap_norm_sq': 24.28614933835972}
{'sample_size': 790, 'difference': 0, 'noise': 0.005, 'n': 79, 'shap_error': 0.041973104434138285, 'shap_norm_sq': 24.28614933835972}
{'sample_size': 790, 'difference': 0, 'noise': 0.01, 'n': 79, 'shap_error': 0.025053154598209795, 'shap_norm_sq': 24.28614933835972}
{'sample_size': 790, 'difference': 0, 'noise': 0.05, 'n': 79, 'shap_error': 0.03288713306490544, 'shap_norm_sq': 24.28614933835972}
{'sample_size': 790, 'difference': 0, 'noise': 0.1, 'n': 79, 'shap_error': 0.028402259855608878, 'shap_norm_sq': 24.28614933835972}
{'sample_size': 790, 'difference': 0, 'noise': 0.5, 'n': 79, 'shap_error': 0.05659659315277488, 'shap_norm_sq': 24.28614933835972}
{'sample_size': 790, 'difference': 0, 'noise': 1, 'n': 79, 'shap_error': 0.11279686975734292, 'shap_norm_sq': 24.28614933835972}
{'sample_size': 790, 'difference': 0, 'noise': 0.0005, 'n': 79, 'shap_error': 0.026557878826766357, 'shap_norm_sq': 254.6475454616909}
{'sample_size': 790, 'difference': 0, 'noise': 0.001, 'n': 79, 'shap_error': 0.021718284026238207, 'shap_norm_sq': 254.6475454616909}
{'sample_size': 790, 'difference': 0, 'noise': 0.005, 'n': 79, 'shap_error': 0.021897399052518144, 'shap_norm_sq': 254.6475454616909}
{'sample_size': 790, 'difference': 0, 'noise': 0.01, 'n': 79, 'shap_error': 0.019877094381064657, 'shap_norm_sq': 254.6475454616909}
{'sample_size': 790, 'difference': 0, 'noise': 0.05, 'n': 79, 'shap_error': 0.020154189336144494, 'shap_norm_sq': 254.6475454616909}
{'sample_size': 790, 'difference': 0, 'noise': 0.1, 'n': 79, 'shap_error': 0.01722349064310274, 'shap_norm_sq': 254.6475454616909}
{'sample_size': 790, 'difference': 0, 'noise': 0.5, 'n': 79, 'shap_error': 0.036647563101602436, 'shap_norm_sq': 254.6475454616909}
{'sample_size': 790, 'difference': 0, 'noise': 1, 'n': 79, 'shap_error': 0.028234661035530437, 'shap_norm_sq': 254.6475454616909}
{'sample_size': 790, 'difference': 0, 'noise': 0.0005, 'n': 79, 'shap_error': 0.0009153948735296301, 'shap_norm_sq': 116.99436288234631}
{'sample_size': 790, 'difference': 0, 'noise': 0.001, 'n': 79, 'shap_error': 0.0012539257000877782, 'shap_norm_sq': 116.99436288234631}
{'sample_size': 790, 'difference': 0, 'noise': 0.005, 'n': 79, 'shap_error': 0.0013758191084870873, 'shap_norm_sq': 116.99436288234631}
{'sample_size': 790, 'difference': 0, 'noise': 0.01, 'n': 79, 'shap_error': 0.0012700936665558699, 'shap_norm_sq': 116.99436288234631}
{'sample_size': 790, 'difference': 0, 'noise': 0.05, 'n': 79, 'shap_error': 0.0012930899120355355, 'shap_norm_sq': 116.99436288234631}
{'sample_size': 790, 'difference': 0, 'noise': 0.1, 'n': 79, 'shap_error': 0.001525517299581974, 'shap_norm_sq': 116.99436288234631}
{'sample_size': 790, 'difference': 0, 'noise': 0.5, 'n': 79, 'shap_error': 0.003825170615360297, 'shap_norm_sq': 116.99436288234631}
{'sample_size': 790, 'difference': 0, 'noise': 1, 'n': 79, 'shap_error': 0.011083794616685566, 'shap_norm_sq': 116.99436288234631}
{'sample_size': 790, 'difference': 0, 'noise': 0.0005, 'n': 79, 'shap_error': 0.03633990916042149, 'shap_norm_sq': 102.31099036377495}
{'sample_size': 790, 'difference': 0, 'noise': 0.001, 'n': 79, 'shap_error': 0.042726910322714445, 'shap_norm_sq': 102.31099036377495}
{'sample_size': 790, 'difference': 0, 'noise': 0.005, 'n': 79, 'shap_error': 0.032578154827651314, 'shap_norm_sq': 102.31099036377495}
{'sample_size': 790, 'difference': 0, 'noise': 0.01, 'n': 79, 'shap_error': 0.03578562564560727, 'shap_norm_sq': 102.31099036377495}
{'sample_size': 790, 'difference': 0, 'noise': 0.05, 'n': 79, 'shap_error': 0.04828755654521851, 'shap_norm_sq': 102.31099036377495}
{'sample_size': 790, 'difference': 0, 'noise': 0.1, 'n': 79, 'shap_error': 0.039604428193532215, 'shap_norm_sq': 102.31099036377495}
{'sample_size': 790, 'difference': 0, 'noise': 0.5, 'n': 79, 'shap_error': 0.0421385772332816, 'shap_norm_sq': 102.31099036377495}
{'sample_size': 790, 'difference': 0, 'noise': 1, 'n': 79, 'shap_error': 0.061270583244818544, 'shap_norm_sq': 102.31099036377495}
{'sample_size': 790, 'difference': 0, 'noise': 0.0005, 'n': 79, 'shap_error': 0.01812479096003319, 'shap_norm_sq': 173.41918450871572}
{'sample_size': 790, 'difference': 0, 'noise': 0.001, 'n': 79, 'shap_error': 0.01904800797081422, 'shap_norm_sq': 173.41918450871572}
{'sample_size': 790, 'difference': 0, 'noise': 0.005, 'n': 79, 'shap_error': 0.0222244476430775, 'shap_norm_sq': 173.41918450871572}
{'sample_size': 790, 'difference': 0, 'noise': 0.01, 'n': 79, 'shap_error': 0.027761027820870667, 'shap_norm_sq': 173.41918450871572}
{'sample_size': 790, 'difference': 0, 'noise': 0.05, 'n': 79, 'shap_error': 0.020601157346100213, 'shap_norm_sq': 173.41918450871572}
{'sample_size': 790, 'difference': 0, 'noise': 0.1, 'n': 79, 'shap_error': 0.02021462605259003, 'shap_norm_sq': 173.41918450871572}
{'sample_size': 790, 'difference': 0, 'noise': 0.5, 'n': 79, 'shap_error': 0.017790080527163583, 'shap_norm_sq': 173.41918450871572}
{'sample_size': 790, 'difference': 0, 'noise': 1, 'n': 79, 'shap_error': 0.026504300464607677, 'shap_norm_sq': 173.41918450871572}
{'sample_size': 790, 'difference': 0, 'noise': 0.0005, 'n': 79, 'shap_error': 0.01817042555971384, 'shap_norm_sq': 35.615413207299255}
{'sample_size': 790, 'difference': 0, 'noise': 0.001, 'n': 79, 'shap_error': 0.022953586835806773, 'shap_norm_sq': 35.615413207299255}
{'sample_size': 790, 'difference': 0, 'noise': 0.005, 'n': 79, 'shap_error': 0.028190370917004548, 'shap_norm_sq': 35.615413207299255}
{'sample_size': 790, 'difference': 0, 'noise': 0.01, 'n': 79, 'shap_error': 0.017117385021525336, 'shap_norm_sq': 35.615413207299255}
{'sample_size': 790, 'difference': 0, 'noise': 0.05, 'n': 79, 'shap_error': 0.030781030944025796, 'shap_norm_sq': 35.615413207299255}
{'sample_size': 790, 'difference': 0, 'noise': 0.1, 'n': 79, 'shap_error': 0.021414638519170658, 'shap_norm_sq': 35.615413207299255}
{'sample_size': 790, 'difference': 0, 'noise': 0.5, 'n': 79, 'shap_error': 0.0478194260253516, 'shap_norm_sq': 35.615413207299255}
{'sample_size': 790, 'difference': 0, 'noise': 1, 'n': 79, 'shap_error': 0.06373582320142585, 'shap_norm_sq': 35.615413207299255}
{'sample_size': 790, 'difference': 0, 'noise': 0.0005, 'n': 79, 'shap_error': 0.06672513007014512, 'shap_norm_sq': 13.80155801936073}
{'sample_size': 790, 'difference': 0, 'noise': 0.001, 'n': 79, 'shap_error': 0.05040770417028476, 'shap_norm_sq': 13.80155801936073}
{'sample_size': 790, 'difference': 0, 'noise': 0.005, 'n': 79, 'shap_error': 0.05411507508370069, 'shap_norm_sq': 13.80155801936073}
{'sample_size': 790, 'difference': 0, 'noise': 0.01, 'n': 79, 'shap_error': 0.06508996240785378, 'shap_norm_sq': 13.80155801936073}
{'sample_size': 790, 'difference': 0, 'noise': 0.05, 'n': 79, 'shap_error': 0.07144691886245752, 'shap_norm_sq': 13.80155801936073}
{'sample_size': 790, 'difference': 0, 'noise': 0.1, 'n': 79, 'shap_error': 0.08518765412244854, 'shap_norm_sq': 13.80155801936073}
{'sample_size': 790, 'difference': 0, 'noise': 0.5, 'n': 79, 'shap_error': 0.13824497725822055, 'shap_norm_sq': 13.80155801936073}
{'sample_size': 790, 'difference': 0, 'noise': 1, 'n': 79, 'shap_error': 0.17700742761164545, 'shap_norm_sq': 13.80155801936073}
{'sample_size': 790, 'difference': 0, 'noise': 0.0005, 'n': 79, 'shap_error': 0.08170367601565852, 'shap_norm_sq': 42.40902911153137}
{'sample_size': 790, 'difference': 0, 'noise': 0.001, 'n': 79, 'shap_error': 0.09008503428764099, 'shap_norm_sq': 42.40902911153137}
{'sample_size': 790, 'difference': 0, 'noise': 0.005, 'n': 79, 'shap_error': 0.07491521597467476, 'shap_norm_sq': 42.40902911153137}
{'sample_size': 790, 'difference': 0, 'noise': 0.01, 'n': 79, 'shap_error': 0.09704643141653527, 'shap_norm_sq': 42.40902911153137}
{'sample_size': 790, 'difference': 0, 'noise': 0.05, 'n': 79, 'shap_error': 0.07643274204097054, 'shap_norm_sq': 42.40902911153137}
{'sample_size': 790, 'difference': 0, 'noise': 0.1, 'n': 79, 'shap_error': 0.12232124243076023, 'shap_norm_sq': 42.40902911153137}
{'sample_size': 790, 'difference': 0, 'noise': 0.5, 'n': 79, 'shap_error': 0.1129024584783873, 'shap_norm_sq': 42.40902911153137}
{'sample_size': 790, 'difference': 0, 'noise': 1, 'n': 79, 'shap_error': 0.1861368656981107, 'shap_norm_sq': 42.40902911153137}
{'sample_size': 790, 'difference': 0, 'noise': 0.0005, 'n': 79, 'shap_error': 0.03003987464876321, 'shap_norm_sq': 32.827355668365776}
{'sample_size': 790, 'difference': 0, 'noise': 0.001, 'n': 79, 'shap_error': 0.049081736461886, 'shap_norm_sq': 32.827355668365776}
{'sample_size': 790, 'difference': 0, 'noise': 0.005, 'n': 79, 'shap_error': 0.039877684062809476, 'shap_norm_sq': 32.827355668365776}
{'sample_size': 790, 'difference': 0, 'noise': 0.01, 'n': 79, 'shap_error': 0.04662919245923521, 'shap_norm_sq': 32.827355668365776}
{'sample_size': 790, 'difference': 0, 'noise': 0.05, 'n': 79, 'shap_error': 0.06321563276527985, 'shap_norm_sq': 32.827355668365776}
{'sample_size': 790, 'difference': 0, 'noise': 0.1, 'n': 79, 'shap_error': 0.028645135229869046, 'shap_norm_sq': 32.827355668365776}
{'sample_size': 790, 'difference': 0, 'noise': 0.5, 'n': 79, 'shap_error': 0.0519665948310823, 'shap_norm_sq': 32.827355668365776}
{'sample_size': 790, 'difference': 0, 'noise': 1, 'n': 79, 'shap_error': 0.07070352767293182, 'shap_norm_sq': 32.827355668365776}
{'sample_size': 790, 'difference': 0, 'noise': 0.0005, 'n': 79, 'shap_error': 0.1185813637855798, 'shap_norm_sq': 15.218163635433783}
{'sample_size': 790, 'difference': 0, 'noise': 0.001, 'n': 79, 'shap_error': 0.08623927451919289, 'shap_norm_sq': 15.218163635433783}
{'sample_size': 790, 'difference': 0, 'noise': 0.005, 'n': 79, 'shap_error': 0.09245428411990385, 'shap_norm_sq': 15.218163635433783}
{'sample_size': 790, 'difference': 0, 'noise': 0.01, 'n': 79, 'shap_error': 0.07707629575770747, 'shap_norm_sq': 15.218163635433783}
{'sample_size': 790, 'difference': 0, 'noise': 0.05, 'n': 79, 'shap_error': 0.08534617698691523, 'shap_norm_sq': 15.218163635433783}
{'sample_size': 790, 'difference': 0, 'noise': 0.1, 'n': 79, 'shap_error': 0.10672931996697399, 'shap_norm_sq': 15.218163635433783}
{'sample_size': 790, 'difference': 0, 'noise': 0.5, 'n': 79, 'shap_error': 0.17816872011413254, 'shap_norm_sq': 15.218163635433783}
{'sample_size': 790, 'difference': 0, 'noise': 1, 'n': 79, 'shap_error': 0.21776119465941154, 'shap_norm_sq': 15.218163635433783}
{'sample_size': 790, 'difference': 0, 'noise': 0.0005, 'n': 79, 'shap_error': 0.16056498815054002, 'shap_norm_sq': 20.537935658567513}
{'sample_size': 790, 'difference': 0, 'noise': 0.001, 'n': 79, 'shap_error': 0.17884040693719644, 'shap_norm_sq': 20.537935658567513}
{'sample_size': 790, 'difference': 0, 'noise': 0.005, 'n': 79, 'shap_error': 0.11810083600142111, 'shap_norm_sq': 20.537935658567513}
{'sample_size': 790, 'difference': 0, 'noise': 0.01, 'n': 79, 'shap_error': 0.15680477375057805, 'shap_norm_sq': 20.537935658567513}
{'sample_size': 790, 'difference': 0, 'noise': 0.05, 'n': 79, 'shap_error': 0.10376638461269194, 'shap_norm_sq': 20.537935658567513}
{'sample_size': 790, 'difference': 0, 'noise': 0.1, 'n': 79, 'shap_error': 0.19622702179936766, 'shap_norm_sq': 20.537935658567513}
{'sample_size': 790, 'difference': 0, 'noise': 0.5, 'n': 79, 'shap_error': 0.15962860923509534, 'shap_norm_sq': 20.537935658567513}
{'sample_size': 790, 'difference': 0, 'noise': 1, 'n': 79, 'shap_error': 0.21159709936826052, 'shap_norm_sq': 20.537935658567513}
{'sample_size': 790, 'difference': 0, 'noise': 0.0005, 'n': 79, 'shap_error': 0.005631357880334897, 'shap_norm_sq': 119.19695420999676}
{'sample_size': 790, 'difference': 0, 'noise': 0.001, 'n': 79, 'shap_error': 0.0058176458444964135, 'shap_norm_sq': 119.19695420999676}
{'sample_size': 790, 'difference': 0, 'noise': 0.005, 'n': 79, 'shap_error': 0.008408468254389371, 'shap_norm_sq': 119.19695420999676}
{'sample_size': 790, 'difference': 0, 'noise': 0.01, 'n': 79, 'shap_error': 0.008040681236075632, 'shap_norm_sq': 119.19695420999676}
{'sample_size': 790, 'difference': 0, 'noise': 0.05, 'n': 79, 'shap_error': 0.007373568545236542, 'shap_norm_sq': 119.19695420999676}
{'sample_size': 790, 'difference': 0, 'noise': 0.1, 'n': 79, 'shap_error': 0.007897990189443019, 'shap_norm_sq': 119.19695420999676}
{'sample_size': 790, 'difference': 0, 'noise': 0.5, 'n': 79, 'shap_error': 0.011041612830086573, 'shap_norm_sq': 119.19695420999676}
{'sample_size': 790, 'difference': 0, 'noise': 1, 'n': 79, 'shap_error': 0.016125599224989445, 'shap_norm_sq': 119.19695420999676}
{'sample_size': 790, 'difference': 0, 'noise': 0.0005, 'n': 79, 'shap_error': 0.0517127497951201, 'shap_norm_sq': 13.001768995604218}
{'sample_size': 790, 'difference': 0, 'noise': 0.001, 'n': 79, 'shap_error': 0.03668452905592081, 'shap_norm_sq': 13.001768995604218}
{'sample_size': 790, 'difference': 0, 'noise': 0.005, 'n': 79, 'shap_error': 0.050491667846714355, 'shap_norm_sq': 13.001768995604218}
{'sample_size': 790, 'difference': 0, 'noise': 0.01, 'n': 79, 'shap_error': 0.04261077374333696, 'shap_norm_sq': 13.001768995604218}
{'sample_size': 790, 'difference': 0, 'noise': 0.05, 'n': 79, 'shap_error': 0.04088429691026178, 'shap_norm_sq': 13.001768995604218}
{'sample_size': 790, 'difference': 0, 'noise': 0.1, 'n': 79, 'shap_error': 0.04977482732864475, 'shap_norm_sq': 13.001768995604218}
{'sample_size': 790, 'difference': 0, 'noise': 0.5, 'n': 79, 'shap_error': 0.11525062514753642, 'shap_norm_sq': 13.001768995604218}
{'sample_size': 790, 'difference': 0, 'noise': 1, 'n': 79, 'shap_error': 0.31511668568573487, 'shap_norm_sq': 13.001768995604218}
{'sample_size': 790, 'difference': 0, 'noise': 0.0005, 'n': 79, 'shap_error': 0.09457636637068238, 'shap_norm_sq': 20.288636792945574}
{'sample_size': 790, 'difference': 0, 'noise': 0.001, 'n': 79, 'shap_error': 0.11599308693033218, 'shap_norm_sq': 20.288636792945574}
{'sample_size': 790, 'difference': 0, 'noise': 0.005, 'n': 79, 'shap_error': 0.1463125559140163, 'shap_norm_sq': 20.288636792945574}
{'sample_size': 790, 'difference': 0, 'noise': 0.01, 'n': 79, 'shap_error': 0.13643208035684032, 'shap_norm_sq': 20.288636792945574}
{'sample_size': 790, 'difference': 0, 'noise': 0.05, 'n': 79, 'shap_error': 0.10898628221824704, 'shap_norm_sq': 20.288636792945574}
{'sample_size': 790, 'difference': 0, 'noise': 0.1, 'n': 79, 'shap_error': 0.1626449732957662, 'shap_norm_sq': 20.288636792945574}
{'sample_size': 790, 'difference': 0, 'noise': 0.5, 'n': 79, 'shap_error': 0.16085638114285852, 'shap_norm_sq': 20.288636792945574}
{'sample_size': 790, 'difference': 0, 'noise': 1, 'n': 79, 'shap_error': 0.3076442898490661, 'shap_norm_sq': 20.288636792945574}
{'sample_size': 790, 'difference': 0, 'noise': 0.0005, 'n': 79, 'shap_error': 0.3055382685925309, 'shap_norm_sq': 20.410827015416118}
{'sample_size': 790, 'difference': 0, 'noise': 0.001, 'n': 79, 'shap_error': 0.23351731423084243, 'shap_norm_sq': 20.410827015416118}
{'sample_size': 790, 'difference': 0, 'noise': 0.005, 'n': 79, 'shap_error': 0.3101304651048109, 'shap_norm_sq': 20.410827015416118}
{'sample_size': 790, 'difference': 0, 'noise': 0.01, 'n': 79, 'shap_error': 0.26937532874605546, 'shap_norm_sq': 20.410827015416118}
{'sample_size': 790, 'difference': 0, 'noise': 0.05, 'n': 79, 'shap_error': 0.23512663914901544, 'shap_norm_sq': 20.410827015416118}
{'sample_size': 790, 'difference': 0, 'noise': 0.1, 'n': 79, 'shap_error': 0.2375404220126131, 'shap_norm_sq': 20.410827015416118}
{'sample_size': 790, 'difference': 0, 'noise': 0.5, 'n': 79, 'shap_error': 0.34894242320628965, 'shap_norm_sq': 20.410827015416118}
{'sample_size': 790, 'difference': 0, 'noise': 1, 'n': 79, 'shap_error': 0.6040464600049067, 'shap_norm_sq': 20.410827015416118}
{'sample_size': 790, 'difference': 0, 'noise': 0.0005, 'n': 79, 'shap_error': 0.011056040833877288, 'shap_norm_sq': 115.48674040463875}
{'sample_size': 790, 'difference': 0, 'noise': 0.001, 'n': 79, 'shap_error': 0.007441014166773625, 'shap_norm_sq': 115.48674040463875}
{'sample_size': 790, 'difference': 0, 'noise': 0.005, 'n': 79, 'shap_error': 0.009525873163439886, 'shap_norm_sq': 115.48674040463875}
{'sample_size': 790, 'difference': 0, 'noise': 0.01, 'n': 79, 'shap_error': 0.007989323080222254, 'shap_norm_sq': 115.48674040463875}
{'sample_size': 790, 'difference': 0, 'noise': 0.05, 'n': 79, 'shap_error': 0.008826838151811971, 'shap_norm_sq': 115.48674040463875}
{'sample_size': 790, 'difference': 0, 'noise': 0.1, 'n': 79, 'shap_error': 0.009703270596297182, 'shap_norm_sq': 115.48674040463875}
{'sample_size': 790, 'difference': 0, 'noise': 0.5, 'n': 79, 'shap_error': 0.011420928261528388, 'shap_norm_sq': 115.48674040463875}
{'sample_size': 790, 'difference': 0, 'noise': 1, 'n': 79, 'shap_error': 0.020023530645707388, 'shap_norm_sq': 115.48674040463875}
{'sample_size': 790, 'difference': 0, 'noise': 0.0005, 'n': 79, 'shap_error': 0.10986859932472286, 'shap_norm_sq': 24.88886090328099}
{'sample_size': 790, 'difference': 0, 'noise': 0.001, 'n': 79, 'shap_error': 0.1961900970562888, 'shap_norm_sq': 24.88886090328099}
{'sample_size': 790, 'difference': 0, 'noise': 0.005, 'n': 79, 'shap_error': 0.16697052627167866, 'shap_norm_sq': 24.88886090328099}
{'sample_size': 790, 'difference': 0, 'noise': 0.01, 'n': 79, 'shap_error': 0.23611479908021604, 'shap_norm_sq': 24.88886090328099}
{'sample_size': 790, 'difference': 0, 'noise': 0.05, 'n': 79, 'shap_error': 0.1754441768215808, 'shap_norm_sq': 24.88886090328099}
{'sample_size': 790, 'difference': 0, 'noise': 0.1, 'n': 79, 'shap_error': 0.19438852933092365, 'shap_norm_sq': 24.88886090328099}
{'sample_size': 790, 'difference': 0, 'noise': 0.5, 'n': 79, 'shap_error': 0.16554913244225905, 'shap_norm_sq': 24.88886090328099}
{'sample_size': 790, 'difference': 0, 'noise': 1, 'n': 79, 'shap_error': 0.19871343461918417, 'shap_norm_sq': 24.88886090328099}
{'sample_size': 790, 'difference': 0, 'noise': 0.0005, 'n': 79, 'shap_error': 0.037777152166565214, 'shap_norm_sq': 39.130272443950496}
{'sample_size': 790, 'difference': 0, 'noise': 0.001, 'n': 79, 'shap_error': 0.04861052919856976, 'shap_norm_sq': 39.130272443950496}
{'sample_size': 790, 'difference': 0, 'noise': 0.005, 'n': 79, 'shap_error': 0.035391349649476045, 'shap_norm_sq': 39.130272443950496}
{'sample_size': 790, 'difference': 0, 'noise': 0.01, 'n': 79, 'shap_error': 0.048057343346639254, 'shap_norm_sq': 39.130272443950496}
{'sample_size': 790, 'difference': 0, 'noise': 0.05, 'n': 79, 'shap_error': 0.04786447714311655, 'shap_norm_sq': 39.130272443950496}
{'sample_size': 790, 'difference': 0, 'noise': 0.1, 'n': 79, 'shap_error': 0.04097616600868799, 'shap_norm_sq': 39.130272443950496}
{'sample_size': 790, 'difference': 0, 'noise': 0.5, 'n': 79, 'shap_error': 0.04339860189412817, 'shap_norm_sq': 39.130272443950496}
{'sample_size': 790, 'difference': 0, 'noise': 1, 'n': 79, 'shap_error': 0.0872981205808226, 'shap_norm_sq': 39.130272443950496}
{'sample_size': 790, 'difference': 0, 'noise': 0.0005, 'n': 79, 'shap_error': 0.03412755413301593, 'shap_norm_sq': 18.77539236126273}
{'sample_size': 790, 'difference': 0, 'noise': 0.001, 'n': 79, 'shap_error': 0.05906926811722785, 'shap_norm_sq': 18.77539236126273}
{'sample_size': 790, 'difference': 0, 'noise': 0.005, 'n': 79, 'shap_error': 0.031771156691262264, 'shap_norm_sq': 18.77539236126273}
{'sample_size': 790, 'difference': 0, 'noise': 0.01, 'n': 79, 'shap_error': 0.05391543415350424, 'shap_norm_sq': 18.77539236126273}
{'sample_size': 790, 'difference': 0, 'noise': 0.05, 'n': 79, 'shap_error': 0.0386485938957276, 'shap_norm_sq': 18.77539236126273}
{'sample_size': 790, 'difference': 0, 'noise': 0.1, 'n': 79, 'shap_error': 0.044602761997360275, 'shap_norm_sq': 18.77539236126273}
{'sample_size': 790, 'difference': 0, 'noise': 0.5, 'n': 79, 'shap_error': 0.10204809205356949, 'shap_norm_sq': 18.77539236126273}
{'sample_size': 790, 'difference': 0, 'noise': 1, 'n': 79, 'shap_error': 0.12765247018183487, 'shap_norm_sq': 18.77539236126273}
{'sample_size': 790, 'difference': 0, 'noise': 0.0005, 'n': 79, 'shap_error': 0.15025519179386687, 'shap_norm_sq': 21.78402445889907}
{'sample_size': 790, 'difference': 0, 'noise': 0.001, 'n': 79, 'shap_error': 0.1887531060985834, 'shap_norm_sq': 21.78402445889907}
{'sample_size': 790, 'difference': 0, 'noise': 0.005, 'n': 79, 'shap_error': 0.1560380146028538, 'shap_norm_sq': 21.78402445889907}
{'sample_size': 790, 'difference': 0, 'noise': 0.01, 'n': 79, 'shap_error': 0.13729165164429927, 'shap_norm_sq': 21.78402445889907}
{'sample_size': 790, 'difference': 0, 'noise': 0.05, 'n': 79, 'shap_error': 0.11640029811323004, 'shap_norm_sq': 21.78402445889907}
{'sample_size': 790, 'difference': 0, 'noise': 0.1, 'n': 79, 'shap_error': 0.1427182367978979, 'shap_norm_sq': 21.78402445889907}
{'sample_size': 790, 'difference': 0, 'noise': 0.5, 'n': 79, 'shap_error': 0.15729770075762806, 'shap_norm_sq': 21.78402445889907}
{'sample_size': 790, 'difference': 0, 'noise': 1, 'n': 79, 'shap_error': 0.22205070463066076, 'shap_norm_sq': 21.78402445889907}
{'sample_size': 790, 'difference': 0, 'noise': 0.0005, 'n': 79, 'shap_error': 0.025425216198351818, 'shap_norm_sq': 39.09623240050939}
{'sample_size': 790, 'difference': 0, 'noise': 0.001, 'n': 79, 'shap_error': 0.02369584799357609, 'shap_norm_sq': 39.09623240050939}
{'sample_size': 790, 'difference': 0, 'noise': 0.005, 'n': 79, 'shap_error': 0.030521878892640845, 'shap_norm_sq': 39.09623240050939}
{'sample_size': 790, 'difference': 0, 'noise': 0.01, 'n': 79, 'shap_error': 0.02864228896977521, 'shap_norm_sq': 39.09623240050939}
{'sample_size': 790, 'difference': 0, 'noise': 0.05, 'n': 79, 'shap_error': 0.03785022307357897, 'shap_norm_sq': 39.09623240050939}
{'sample_size': 790, 'difference': 0, 'noise': 0.1, 'n': 79, 'shap_error': 0.039480591695434275, 'shap_norm_sq': 39.09623240050939}
{'sample_size': 790, 'difference': 0, 'noise': 0.5, 'n': 79, 'shap_error': 0.034320672122309694, 'shap_norm_sq': 39.09623240050939}
{'sample_size': 790, 'difference': 0, 'noise': 1, 'n': 79, 'shap_error': 0.07931691143323683, 'shap_norm_sq': 39.09623240050939}
{'sample_size': 790, 'difference': 0, 'noise': 0.0005, 'n': 79, 'shap_error': 0.013798654349515261, 'shap_norm_sq': 251.0883338558607}
{'sample_size': 790, 'difference': 0, 'noise': 0.001, 'n': 79, 'shap_error': 0.010385034467039733, 'shap_norm_sq': 251.0883338558607}
{'sample_size': 790, 'difference': 0, 'noise': 0.005, 'n': 79, 'shap_error': 0.00794478506494012, 'shap_norm_sq': 251.0883338558607}
{'sample_size': 790, 'difference': 0, 'noise': 0.01, 'n': 79, 'shap_error': 0.013058009675780108, 'shap_norm_sq': 251.0883338558607}
{'sample_size': 790, 'difference': 0, 'noise': 0.05, 'n': 79, 'shap_error': 0.009287570960104541, 'shap_norm_sq': 251.0883338558607}
{'sample_size': 790, 'difference': 0, 'noise': 0.1, 'n': 79, 'shap_error': 0.011234558947568718, 'shap_norm_sq': 251.0883338558607}
{'sample_size': 790, 'difference': 0, 'noise': 0.5, 'n': 79, 'shap_error': 0.013228251778705935, 'shap_norm_sq': 251.0883338558607}
{'sample_size': 790, 'difference': 0, 'noise': 1, 'n': 79, 'shap_error': 0.017888229833796666, 'shap_norm_sq': 251.0883338558607}
{'sample_size': 790, 'difference': 0, 'noise': 0.0005, 'n': 79, 'shap_error': 0.009481087423744693, 'shap_norm_sq': 105.90004388917114}
{'sample_size': 790, 'difference': 0, 'noise': 0.001, 'n': 79, 'shap_error': 0.008266387435191728, 'shap_norm_sq': 105.90004388917114}
{'sample_size': 790, 'difference': 0, 'noise': 0.005, 'n': 79, 'shap_error': 0.009736235207715275, 'shap_norm_sq': 105.90004388917114}
{'sample_size': 790, 'difference': 0, 'noise': 0.01, 'n': 79, 'shap_error': 0.005862758407609401, 'shap_norm_sq': 105.90004388917114}
{'sample_size': 790, 'difference': 0, 'noise': 0.05, 'n': 79, 'shap_error': 0.008256192301515567, 'shap_norm_sq': 105.90004388917114}
{'sample_size': 790, 'difference': 0, 'noise': 0.1, 'n': 79, 'shap_error': 0.008605773654105982, 'shap_norm_sq': 105.90004388917114}
{'sample_size': 790, 'difference': 0, 'noise': 0.5, 'n': 79, 'shap_error': 0.00989354398329707, 'shap_norm_sq': 105.90004388917114}
{'sample_size': 790, 'difference': 0, 'noise': 1, 'n': 79, 'shap_error': 0.024718651522279696, 'shap_norm_sq': 105.90004388917114}
{'sample_size': 790, 'difference': 0, 'noise': 0.0005, 'n': 79, 'shap_error': 0.04664593504284831, 'shap_norm_sq': 15.75229720049262}
{'sample_size': 790, 'difference': 0, 'noise': 0.001, 'n': 79, 'shap_error': 0.03288072825563279, 'shap_norm_sq': 15.75229720049262}
{'sample_size': 790, 'difference': 0, 'noise': 0.005, 'n': 79, 'shap_error': 0.035818440948704226, 'shap_norm_sq': 15.75229720049262}
{'sample_size': 790, 'difference': 0, 'noise': 0.01, 'n': 79, 'shap_error': 0.042950821120705, 'shap_norm_sq': 15.75229720049262}
{'sample_size': 790, 'difference': 0, 'noise': 0.05, 'n': 79, 'shap_error': 0.03580503981078896, 'shap_norm_sq': 15.75229720049262}
{'sample_size': 790, 'difference': 0, 'noise': 0.1, 'n': 79, 'shap_error': 0.03319433416368096, 'shap_norm_sq': 15.75229720049262}
{'sample_size': 790, 'difference': 0, 'noise': 0.5, 'n': 79, 'shap_error': 0.05038476248792899, 'shap_norm_sq': 15.75229720049262}
{'sample_size': 790, 'difference': 0, 'noise': 1, 'n': 79, 'shap_error': 0.12742281997957886, 'shap_norm_sq': 15.75229720049262}
{'sample_size': 790, 'difference': 0, 'noise': 0.0005, 'n': 79, 'shap_error': 0.03780450829304919, 'shap_norm_sq': 54.94503307516041}
{'sample_size': 790, 'difference': 0, 'noise': 0.001, 'n': 79, 'shap_error': 0.04972993010343312, 'shap_norm_sq': 54.94503307516041}
{'sample_size': 790, 'difference': 0, 'noise': 0.005, 'n': 79, 'shap_error': 0.030325344965830076, 'shap_norm_sq': 54.94503307516041}
{'sample_size': 790, 'difference': 0, 'noise': 0.01, 'n': 79, 'shap_error': 0.03687329795410228, 'shap_norm_sq': 54.94503307516041}
{'sample_size': 790, 'difference': 0, 'noise': 0.05, 'n': 79, 'shap_error': 0.049154867081814727, 'shap_norm_sq': 54.94503307516041}
{'sample_size': 790, 'difference': 0, 'noise': 0.1, 'n': 79, 'shap_error': 0.04022266526082403, 'shap_norm_sq': 54.94503307516041}
{'sample_size': 790, 'difference': 0, 'noise': 0.5, 'n': 79, 'shap_error': 0.04741230784193082, 'shap_norm_sq': 54.94503307516041}
{'sample_size': 790, 'difference': 0, 'noise': 1, 'n': 79, 'shap_error': 0.06121567001118812, 'shap_norm_sq': 54.94503307516041}
{'sample_size': 790, 'difference': 0, 'noise': 0.0005, 'n': 79, 'shap_error': 0.05730540031235872, 'shap_norm_sq': 27.273525617952394}
{'sample_size': 790, 'difference': 0, 'noise': 0.001, 'n': 79, 'shap_error': 0.05852977109940178, 'shap_norm_sq': 27.273525617952394}
{'sample_size': 790, 'difference': 0, 'noise': 0.005, 'n': 79, 'shap_error': 0.05148317890383687, 'shap_norm_sq': 27.273525617952394}
{'sample_size': 790, 'difference': 0, 'noise': 0.01, 'n': 79, 'shap_error': 0.06307181628249749, 'shap_norm_sq': 27.273525617952394}
{'sample_size': 790, 'difference': 0, 'noise': 0.05, 'n': 79, 'shap_error': 0.064875682908708, 'shap_norm_sq': 27.273525617952394}
{'sample_size': 790, 'difference': 0, 'noise': 0.1, 'n': 79, 'shap_error': 0.05060872930258546, 'shap_norm_sq': 27.273525617952394}
{'sample_size': 790, 'difference': 0, 'noise': 0.5, 'n': 79, 'shap_error': 0.03625134736120022, 'shap_norm_sq': 27.273525617952394}
{'sample_size': 790, 'difference': 0, 'noise': 1, 'n': 79, 'shap_error': 0.10795988976221253, 'shap_norm_sq': 27.273525617952394}
{'sample_size': 790, 'difference': 0, 'noise': 0.0005, 'n': 79, 'shap_error': 0.08433695146661514, 'shap_norm_sq': 168.34394845996783}
{'sample_size': 790, 'difference': 0, 'noise': 0.001, 'n': 79, 'shap_error': 0.09975514740388755, 'shap_norm_sq': 168.34394845996783}
{'sample_size': 790, 'difference': 0, 'noise': 0.005, 'n': 79, 'shap_error': 0.08091490747018068, 'shap_norm_sq': 168.34394845996783}
{'sample_size': 790, 'difference': 0, 'noise': 0.01, 'n': 79, 'shap_error': 0.08664185206573378, 'shap_norm_sq': 168.34394845996783}
{'sample_size': 790, 'difference': 0, 'noise': 0.05, 'n': 79, 'shap_error': 0.07379115940227317, 'shap_norm_sq': 168.34394845996783}
{'sample_size': 790, 'difference': 0, 'noise': 0.1, 'n': 79, 'shap_error': 0.08037848080189876, 'shap_norm_sq': 168.34394845996783}
{'sample_size': 790, 'difference': 0, 'noise': 0.5, 'n': 79, 'shap_error': 0.08585806239765632, 'shap_norm_sq': 168.34394845996783}
{'sample_size': 790, 'difference': 0, 'noise': 1, 'n': 79, 'shap_error': 0.06110863826137561, 'shap_norm_sq': 168.34394845996783}
{'sample_size': 790, 'difference': 0, 'noise': 0.0005, 'n': 79, 'shap_error': 0.0033363982365462496, 'shap_norm_sq': 210.58221978381596}
{'sample_size': 790, 'difference': 0, 'noise': 0.001, 'n': 79, 'shap_error': 0.004752785090466607, 'shap_norm_sq': 210.58221978381596}
{'sample_size': 790, 'difference': 0, 'noise': 0.005, 'n': 79, 'shap_error': 0.003300662506610585, 'shap_norm_sq': 210.58221978381596}
{'sample_size': 790, 'difference': 0, 'noise': 0.01, 'n': 79, 'shap_error': 0.0046715678923193804, 'shap_norm_sq': 210.58221978381596}
{'sample_size': 790, 'difference': 0, 'noise': 0.05, 'n': 79, 'shap_error': 0.004246500642607135, 'shap_norm_sq': 210.58221978381596}
{'sample_size': 790, 'difference': 0, 'noise': 0.1, 'n': 79, 'shap_error': 0.004682166136382709, 'shap_norm_sq': 210.58221978381596}
{'sample_size': 790, 'difference': 0, 'noise': 0.5, 'n': 79, 'shap_error': 0.0045134837449737454, 'shap_norm_sq': 210.58221978381596}
{'sample_size': 790, 'difference': 0, 'noise': 1, 'n': 79, 'shap_error': 0.011038633649867973, 'shap_norm_sq': 210.58221978381596}
{'sample_size': 790, 'difference': 0, 'noise': 0.0005, 'n': 79, 'shap_error': 0.05439595349461693, 'shap_norm_sq': 50.04623913887282}
{'sample_size': 790, 'difference': 0, 'noise': 0.001, 'n': 79, 'shap_error': 0.047927481692636616, 'shap_norm_sq': 50.04623913887282}
{'sample_size': 790, 'difference': 0, 'noise': 0.005, 'n': 79, 'shap_error': 0.07882594586013368, 'shap_norm_sq': 50.04623913887282}
{'sample_size': 790, 'difference': 0, 'noise': 0.01, 'n': 79, 'shap_error': 0.05001874434507261, 'shap_norm_sq': 50.04623913887282}
{'sample_size': 790, 'difference': 0, 'noise': 0.05, 'n': 79, 'shap_error': 0.05865728877310776, 'shap_norm_sq': 50.04623913887282}
{'sample_size': 790, 'difference': 0, 'noise': 0.1, 'n': 79, 'shap_error': 0.06670833455691046, 'shap_norm_sq': 50.04623913887282}
{'sample_size': 790, 'difference': 0, 'noise': 0.5, 'n': 79, 'shap_error': 0.04663926318992626, 'shap_norm_sq': 50.04623913887282}
{'sample_size': 790, 'difference': 0, 'noise': 1, 'n': 79, 'shap_error': 0.08316982221935416, 'shap_norm_sq': 50.04623913887282}
{'sample_size': 790, 'difference': 0, 'noise': 0.0005, 'n': 79, 'shap_error': 0.07380766617324709, 'shap_norm_sq': 21.28894051596188}
{'sample_size': 790, 'difference': 0, 'noise': 0.001, 'n': 79, 'shap_error': 0.0760501996618032, 'shap_norm_sq': 21.28894051596188}
{'sample_size': 790, 'difference': 0, 'noise': 0.005, 'n': 79, 'shap_error': 0.08060413747319614, 'shap_norm_sq': 21.28894051596188}
{'sample_size': 790, 'difference': 0, 'noise': 0.01, 'n': 79, 'shap_error': 0.0887125612833367, 'shap_norm_sq': 21.28894051596188}
{'sample_size': 790, 'difference': 0, 'noise': 0.05, 'n': 79, 'shap_error': 0.09444236928043757, 'shap_norm_sq': 21.28894051596188}
{'sample_size': 790, 'difference': 0, 'noise': 0.1, 'n': 79, 'shap_error': 0.0416141948845133, 'shap_norm_sq': 21.28894051596188}
{'sample_size': 790, 'difference': 0, 'noise': 0.5, 'n': 79, 'shap_error': 0.0691938043599045, 'shap_norm_sq': 21.28894051596188}
{'sample_size': 790, 'difference': 0, 'noise': 1, 'n': 79, 'shap_error': 0.12158726252228902, 'shap_norm_sq': 21.28894051596188}
{'sample_size': 790, 'difference': 0, 'noise': 0.0005, 'n': 79, 'shap_error': 0.15135851035839723, 'shap_norm_sq': 4.88175375235758}
{'sample_size': 790, 'difference': 0, 'noise': 0.001, 'n': 79, 'shap_error': 0.08889626082026496, 'shap_norm_sq': 4.88175375235758}
{'sample_size': 790, 'difference': 0, 'noise': 0.005, 'n': 79, 'shap_error': 0.1126174600473103, 'shap_norm_sq': 4.88175375235758}
{'sample_size': 790, 'difference': 0, 'noise': 0.01, 'n': 79, 'shap_error': 0.09338676080072324, 'shap_norm_sq': 4.88175375235758}
{'sample_size': 790, 'difference': 0, 'noise': 0.05, 'n': 79, 'shap_error': 0.09324607933428607, 'shap_norm_sq': 4.88175375235758}
{'sample_size': 790, 'difference': 0, 'noise': 0.1, 'n': 79, 'shap_error': 0.08442624699395193, 'shap_norm_sq': 4.88175375235758}
{'sample_size': 790, 'difference': 0, 'noise': 0.5, 'n': 79, 'shap_error': 0.22204906629528381, 'shap_norm_sq': 4.88175375235758}
{'sample_size': 790, 'difference': 0, 'noise': 1, 'n': 79, 'shap_error': 0.43601544123137964, 'shap_norm_sq': 4.88175375235758}
{'sample_size': 790, 'difference': 0, 'noise': 0.0005, 'n': 79, 'shap_error': 0.04838154354671385, 'shap_norm_sq': 10.46565794712287}
{'sample_size': 790, 'difference': 0, 'noise': 0.001, 'n': 79, 'shap_error': 0.036786467977104796, 'shap_norm_sq': 10.46565794712287}
{'sample_size': 790, 'difference': 0, 'noise': 0.005, 'n': 79, 'shap_error': 0.037398511063307736, 'shap_norm_sq': 10.46565794712287}
{'sample_size': 790, 'difference': 0, 'noise': 0.01, 'n': 79, 'shap_error': 0.04707278261895676, 'shap_norm_sq': 10.46565794712287}
{'sample_size': 790, 'difference': 0, 'noise': 0.05, 'n': 79, 'shap_error': 0.05052808862498461, 'shap_norm_sq': 10.46565794712287}
{'sample_size': 790, 'difference': 0, 'noise': 0.1, 'n': 79, 'shap_error': 0.05260460239890948, 'shap_norm_sq': 10.46565794712287}
{'sample_size': 790, 'difference': 0, 'noise': 0.5, 'n': 79, 'shap_error': 0.11185059832497113, 'shap_norm_sq': 10.46565794712287}
{'sample_size': 790, 'difference': 0, 'noise': 1, 'n': 79, 'shap_error': 0.22588348409236073, 'shap_norm_sq': 10.46565794712287}
{'sample_size': 790, 'difference': 0, 'noise': 0.0005, 'n': 79, 'shap_error': 0.004508304951511656, 'shap_norm_sq': 340.8947996894022}
{'sample_size': 790, 'difference': 0, 'noise': 0.001, 'n': 79, 'shap_error': 0.005417452997176546, 'shap_norm_sq': 340.8947996894022}
{'sample_size': 790, 'difference': 0, 'noise': 0.005, 'n': 79, 'shap_error': 0.002077339777719441, 'shap_norm_sq': 340.8947996894022}
{'sample_size': 790, 'difference': 0, 'noise': 0.01, 'n': 79, 'shap_error': 0.003572960291561135, 'shap_norm_sq': 340.8947996894022}
{'sample_size': 790, 'difference': 0, 'noise': 0.05, 'n': 79, 'shap_error': 0.003973330102733763, 'shap_norm_sq': 340.8947996894022}
{'sample_size': 790, 'difference': 0, 'noise': 0.1, 'n': 79, 'shap_error': 0.004066601151024609, 'shap_norm_sq': 340.8947996894022}
{'sample_size': 790, 'difference': 0, 'noise': 0.5, 'n': 79, 'shap_error': 0.011953224269242415, 'shap_norm_sq': 340.8947996894022}
{'sample_size': 790, 'difference': 0, 'noise': 1, 'n': 79, 'shap_error': 0.023866969867590362, 'shap_norm_sq': 340.8947996894022}
{'sample_size': 790, 'difference': 0, 'noise': 0.0005, 'n': 79, 'shap_error': 0.11146578105748588, 'shap_norm_sq': 16.331879343667588}
{'sample_size': 790, 'difference': 0, 'noise': 0.001, 'n': 79, 'shap_error': 0.14962429767382163, 'shap_norm_sq': 16.331879343667588}
{'sample_size': 790, 'difference': 0, 'noise': 0.005, 'n': 79, 'shap_error': 0.11553500231401423, 'shap_norm_sq': 16.331879343667588}
{'sample_size': 790, 'difference': 0, 'noise': 0.01, 'n': 79, 'shap_error': 0.10984409270266683, 'shap_norm_sq': 16.331879343667588}
{'sample_size': 790, 'difference': 0, 'noise': 0.05, 'n': 79, 'shap_error': 0.14684753582305785, 'shap_norm_sq': 16.331879343667588}
{'sample_size': 790, 'difference': 0, 'noise': 0.1, 'n': 79, 'shap_error': 0.17678756253521147, 'shap_norm_sq': 16.331879343667588}
{'sample_size': 790, 'difference': 0, 'noise': 0.5, 'n': 79, 'shap_error': 0.22247101296905586, 'shap_norm_sq': 16.331879343667588}
{'sample_size': 790, 'difference': 0, 'noise': 1, 'n': 79, 'shap_error': 0.3026595865271829, 'shap_norm_sq': 16.331879343667588}
{'sample_size': 790, 'difference': 0, 'noise': 0.0005, 'n': 79, 'shap_error': 0.02343811820486164, 'shap_norm_sq': 41.908400179887394}
{'sample_size': 790, 'difference': 0, 'noise': 0.001, 'n': 79, 'shap_error': 0.021046208648387677, 'shap_norm_sq': 41.908400179887394}
{'sample_size': 790, 'difference': 0, 'noise': 0.005, 'n': 79, 'shap_error': 0.021892255142765552, 'shap_norm_sq': 41.908400179887394}
{'sample_size': 790, 'difference': 0, 'noise': 0.01, 'n': 79, 'shap_error': 0.02765382245711781, 'shap_norm_sq': 41.908400179887394}
{'sample_size': 790, 'difference': 0, 'noise': 0.05, 'n': 79, 'shap_error': 0.018205161592714104, 'shap_norm_sq': 41.908400179887394}
{'sample_size': 790, 'difference': 0, 'noise': 0.1, 'n': 79, 'shap_error': 0.021696818057266365, 'shap_norm_sq': 41.908400179887394}
{'sample_size': 790, 'difference': 0, 'noise': 0.5, 'n': 79, 'shap_error': 0.02617178963807812, 'shap_norm_sq': 41.908400179887394}
{'sample_size': 790, 'difference': 0, 'noise': 1, 'n': 79, 'shap_error': 0.05276285529151076, 'shap_norm_sq': 41.908400179887394}
{'sample_size': 790, 'difference': 0, 'noise': 0.0005, 'n': 79, 'shap_error': 0.013098694632969336, 'shap_norm_sq': 6.289717209382058}
{'sample_size': 790, 'difference': 0, 'noise': 0.001, 'n': 79, 'shap_error': 0.012377951994971227, 'shap_norm_sq': 6.289717209382058}
{'sample_size': 790, 'difference': 0, 'noise': 0.005, 'n': 79, 'shap_error': 0.01540237269049521, 'shap_norm_sq': 6.289717209382058}
{'sample_size': 790, 'difference': 0, 'noise': 0.01, 'n': 79, 'shap_error': 0.022057183085990816, 'shap_norm_sq': 6.289717209382058}
{'sample_size': 790, 'difference': 0, 'noise': 0.05, 'n': 79, 'shap_error': 0.016677233697700806, 'shap_norm_sq': 6.289717209382058}
{'sample_size': 790, 'difference': 0, 'noise': 0.1, 'n': 79, 'shap_error': 0.018241772628624996, 'shap_norm_sq': 6.289717209382058}
{'sample_size': 790, 'difference': 0, 'noise': 0.5, 'n': 79, 'shap_error': 0.10174502602835575, 'shap_norm_sq': 6.289717209382058}
{'sample_size': 790, 'difference': 0, 'noise': 1, 'n': 79, 'shap_error': 0.2914914906296769, 'shap_norm_sq': 6.289717209382058}
{'sample_size': 790, 'difference': 0, 'noise': 0.0005, 'n': 79, 'shap_error': 0.039831058143514314, 'shap_norm_sq': 28.440322246586177}
{'sample_size': 790, 'difference': 0, 'noise': 0.001, 'n': 79, 'shap_error': 0.06015168913007313, 'shap_norm_sq': 28.440322246586177}
{'sample_size': 790, 'difference': 0, 'noise': 0.005, 'n': 79, 'shap_error': 0.05661028124710114, 'shap_norm_sq': 28.440322246586177}
{'sample_size': 790, 'difference': 0, 'noise': 0.01, 'n': 79, 'shap_error': 0.06999028461177714, 'shap_norm_sq': 28.440322246586177}
{'sample_size': 790, 'difference': 0, 'noise': 0.05, 'n': 79, 'shap_error': 0.04033547692411959, 'shap_norm_sq': 28.440322246586177}
{'sample_size': 790, 'difference': 0, 'noise': 0.1, 'n': 79, 'shap_error': 0.047663300831962345, 'shap_norm_sq': 28.440322246586177}
{'sample_size': 790, 'difference': 0, 'noise': 0.5, 'n': 79, 'shap_error': 0.0725532469846576, 'shap_norm_sq': 28.440322246586177}
{'sample_size': 790, 'difference': 0, 'noise': 1, 'n': 79, 'shap_error': 0.056834656550248004, 'shap_norm_sq': 28.440322246586177}
{'sample_size': 790, 'difference': 0, 'noise': 0.0005, 'n': 79, 'shap_error': 0.1044256624162272, 'shap_norm_sq': 38.94028171825632}
{'sample_size': 790, 'difference': 0, 'noise': 0.001, 'n': 79, 'shap_error': 0.08763014750947977, 'shap_norm_sq': 38.94028171825632}
{'sample_size': 790, 'difference': 0, 'noise': 0.005, 'n': 79, 'shap_error': 0.08684931314641459, 'shap_norm_sq': 38.94028171825632}
{'sample_size': 790, 'difference': 0, 'noise': 0.01, 'n': 79, 'shap_error': 0.06632354534747836, 'shap_norm_sq': 38.94028171825632}
{'sample_size': 790, 'difference': 0, 'noise': 0.05, 'n': 79, 'shap_error': 0.07687840957478825, 'shap_norm_sq': 38.94028171825632}
{'sample_size': 790, 'difference': 0, 'noise': 0.1, 'n': 79, 'shap_error': 0.08967944481069218, 'shap_norm_sq': 38.94028171825632}
{'sample_size': 790, 'difference': 0, 'noise': 0.5, 'n': 79, 'shap_error': 0.09003055740930241, 'shap_norm_sq': 38.94028171825632}
{'sample_size': 790, 'difference': 0, 'noise': 1, 'n': 79, 'shap_error': 0.16336235435900287, 'shap_norm_sq': 38.94028171825632}
{'sample_size': 790, 'difference': 0, 'noise': 0.0005, 'n': 79, 'shap_error': 0.11056989411099466, 'shap_norm_sq': 48.91290561831941}
{'sample_size': 790, 'difference': 0, 'noise': 0.001, 'n': 79, 'shap_error': 0.08748967057090155, 'shap_norm_sq': 48.91290561831941}
{'sample_size': 790, 'difference': 0, 'noise': 0.005, 'n': 79, 'shap_error': 0.08459840642777351, 'shap_norm_sq': 48.91290561831941}
{'sample_size': 790, 'difference': 0, 'noise': 0.01, 'n': 79, 'shap_error': 0.1137640440280572, 'shap_norm_sq': 48.91290561831941}
{'sample_size': 790, 'difference': 0, 'noise': 0.05, 'n': 79, 'shap_error': 0.08607169916173502, 'shap_norm_sq': 48.91290561831941}
{'sample_size': 790, 'difference': 0, 'noise': 0.1, 'n': 79, 'shap_error': 0.0858003035640264, 'shap_norm_sq': 48.91290561831941}
{'sample_size': 790, 'difference': 0, 'noise': 0.5, 'n': 79, 'shap_error': 0.07996081316668227, 'shap_norm_sq': 48.91290561831941}
{'sample_size': 790, 'difference': 0, 'noise': 1, 'n': 79, 'shap_error': 0.070523939442065, 'shap_norm_sq': 48.91290561831941}
{'sample_size': 790, 'difference': 0, 'noise': 0.0005, 'n': 79, 'shap_error': 0.058649613390297214, 'shap_norm_sq': 132.37264659653053}
{'sample_size': 790, 'difference': 0, 'noise': 0.001, 'n': 79, 'shap_error': 0.04974194738640405, 'shap_norm_sq': 132.37264659653053}
{'sample_size': 790, 'difference': 0, 'noise': 0.005, 'n': 79, 'shap_error': 0.04204280030804741, 'shap_norm_sq': 132.37264659653053}
{'sample_size': 790, 'difference': 0, 'noise': 0.01, 'n': 79, 'shap_error': 0.05742316935579718, 'shap_norm_sq': 132.37264659653053}
{'sample_size': 790, 'difference': 0, 'noise': 0.05, 'n': 79, 'shap_error': 0.051458588995302326, 'shap_norm_sq': 132.37264659653053}
{'sample_size': 790, 'difference': 0, 'noise': 0.1, 'n': 79, 'shap_error': 0.05066815962233699, 'shap_norm_sq': 132.37264659653053}
{'sample_size': 790, 'difference': 0, 'noise': 0.5, 'n': 79, 'shap_error': 0.08316556989056008, 'shap_norm_sq': 132.37264659653053}
{'sample_size': 790, 'difference': 0, 'noise': 1, 'n': 79, 'shap_error': 0.06011667045216586, 'shap_norm_sq': 132.37264659653053}
{'sample_size': 790, 'difference': 0, 'noise': 0.0005, 'n': 79, 'shap_error': 0.05394883678152512, 'shap_norm_sq': 29.9722151943134}
{'sample_size': 790, 'difference': 0, 'noise': 0.001, 'n': 79, 'shap_error': 0.06989165416586747, 'shap_norm_sq': 29.9722151943134}
{'sample_size': 790, 'difference': 0, 'noise': 0.005, 'n': 79, 'shap_error': 0.05923039735877061, 'shap_norm_sq': 29.9722151943134}
{'sample_size': 790, 'difference': 0, 'noise': 0.01, 'n': 79, 'shap_error': 0.06313965970445062, 'shap_norm_sq': 29.9722151943134}
{'sample_size': 790, 'difference': 0, 'noise': 0.05, 'n': 79, 'shap_error': 0.0501946921041227, 'shap_norm_sq': 29.9722151943134}
{'sample_size': 790, 'difference': 0, 'noise': 0.1, 'n': 79, 'shap_error': 0.05550511854022503, 'shap_norm_sq': 29.9722151943134}
{'sample_size': 790, 'difference': 0, 'noise': 0.5, 'n': 79, 'shap_error': 0.06051082255930134, 'shap_norm_sq': 29.9722151943134}
{'sample_size': 790, 'difference': 0, 'noise': 1, 'n': 79, 'shap_error': 0.09946568816061058, 'shap_norm_sq': 29.9722151943134}
{'sample_size': 790, 'difference': 0, 'noise': 0.0005, 'n': 79, 'shap_error': 0.051125637883972404, 'shap_norm_sq': 54.61902873592742}
{'sample_size': 790, 'difference': 0, 'noise': 0.001, 'n': 79, 'shap_error': 0.060760417117251886, 'shap_norm_sq': 54.61902873592742}
{'sample_size': 790, 'difference': 0, 'noise': 0.005, 'n': 79, 'shap_error': 0.048002978756648336, 'shap_norm_sq': 54.61902873592742}
{'sample_size': 790, 'difference': 0, 'noise': 0.01, 'n': 79, 'shap_error': 0.07098475478907523, 'shap_norm_sq': 54.61902873592742}
{'sample_size': 790, 'difference': 0, 'noise': 0.05, 'n': 79, 'shap_error': 0.057147397708024204, 'shap_norm_sq': 54.61902873592742}
{'sample_size': 790, 'difference': 0, 'noise': 0.1, 'n': 79, 'shap_error': 0.05588929615263286, 'shap_norm_sq': 54.61902873592742}
{'sample_size': 790, 'difference': 0, 'noise': 0.5, 'n': 79, 'shap_error': 0.04435077315421645, 'shap_norm_sq': 54.61902873592742}
{'sample_size': 790, 'difference': 0, 'noise': 1, 'n': 79, 'shap_error': 0.059810527268428934, 'shap_norm_sq': 54.61902873592742}
{'sample_size': 790, 'difference': 0, 'noise': 0.0005, 'n': 79, 'shap_error': 0.09139434102371666, 'shap_norm_sq': 14.261537562424065}
{'sample_size': 790, 'difference': 0, 'noise': 0.001, 'n': 79, 'shap_error': 0.11188928916600403, 'shap_norm_sq': 14.261537562424065}
{'sample_size': 790, 'difference': 0, 'noise': 0.005, 'n': 79, 'shap_error': 0.11212171813712572, 'shap_norm_sq': 14.261537562424065}
{'sample_size': 790, 'difference': 0, 'noise': 0.01, 'n': 79, 'shap_error': 0.12880642206577628, 'shap_norm_sq': 14.261537562424065}
{'sample_size': 790, 'difference': 0, 'noise': 0.05, 'n': 79, 'shap_error': 0.09348861856857034, 'shap_norm_sq': 14.261537562424065}
{'sample_size': 790, 'difference': 0, 'noise': 0.1, 'n': 79, 'shap_error': 0.07883132417421193, 'shap_norm_sq': 14.261537562424065}
{'sample_size': 790, 'difference': 0, 'noise': 0.5, 'n': 79, 'shap_error': 0.1025639540484707, 'shap_norm_sq': 14.261537562424065}
{'sample_size': 790, 'difference': 0, 'noise': 1, 'n': 79, 'shap_error': 0.2293705092373145, 'shap_norm_sq': 14.261537562424065}
{'sample_size': 790, 'difference': 0, 'noise': 0.0005, 'n': 79, 'shap_error': 0.0019662167889777952, 'shap_norm_sq': 217.16967585283393}
{'sample_size': 790, 'difference': 0, 'noise': 0.001, 'n': 79, 'shap_error': 0.0014792614020768611, 'shap_norm_sq': 217.16967585283393}
{'sample_size': 790, 'difference': 0, 'noise': 0.005, 'n': 79, 'shap_error': 0.0015162016127110445, 'shap_norm_sq': 217.16967585283393}
{'sample_size': 790, 'difference': 0, 'noise': 0.01, 'n': 79, 'shap_error': 0.0017511963788064966, 'shap_norm_sq': 217.16967585283393}
{'sample_size': 790, 'difference': 0, 'noise': 0.05, 'n': 79, 'shap_error': 0.0022150897465070037, 'shap_norm_sq': 217.16967585283393}
{'sample_size': 790, 'difference': 0, 'noise': 0.1, 'n': 79, 'shap_error': 0.0018360604932902258, 'shap_norm_sq': 217.16967585283393}
{'sample_size': 790, 'difference': 0, 'noise': 0.5, 'n': 79, 'shap_error': 0.004423333745358156, 'shap_norm_sq': 217.16967585283393}
{'sample_size': 790, 'difference': 0, 'noise': 1, 'n': 79, 'shap_error': 0.01017730909075038, 'shap_norm_sq': 217.16967585283393}
{'sample_size': 790, 'difference': 0, 'noise': 0.0005, 'n': 79, 'shap_error': 0.13493471268944837, 'shap_norm_sq': 8.267981718114838}
{'sample_size': 790, 'difference': 0, 'noise': 0.001, 'n': 79, 'shap_error': 0.1292526293503699, 'shap_norm_sq': 8.267981718114838}
{'sample_size': 790, 'difference': 0, 'noise': 0.005, 'n': 79, 'shap_error': 0.1426897406276815, 'shap_norm_sq': 8.267981718114838}
{'sample_size': 790, 'difference': 0, 'noise': 0.01, 'n': 79, 'shap_error': 0.09036278496412513, 'shap_norm_sq': 8.267981718114838}
{'sample_size': 790, 'difference': 0, 'noise': 0.05, 'n': 79, 'shap_error': 0.13668313058083, 'shap_norm_sq': 8.267981718114838}
{'sample_size': 790, 'difference': 0, 'noise': 0.1, 'n': 79, 'shap_error': 0.12577505272789619, 'shap_norm_sq': 8.267981718114838}
{'sample_size': 790, 'difference': 0, 'noise': 0.5, 'n': 79, 'shap_error': 0.08865613137456838, 'shap_norm_sq': 8.267981718114838}
{'sample_size': 790, 'difference': 0, 'noise': 1, 'n': 79, 'shap_error': 0.19252114158754846, 'shap_norm_sq': 8.267981718114838}
{'sample_size': 790, 'difference': 0, 'noise': 0.0005, 'n': 79, 'shap_error': 0.01920775487468203, 'shap_norm_sq': 137.97079552077298}
{'sample_size': 790, 'difference': 0, 'noise': 0.001, 'n': 79, 'shap_error': 0.018371722271456167, 'shap_norm_sq': 137.97079552077298}
{'sample_size': 790, 'difference': 0, 'noise': 0.005, 'n': 79, 'shap_error': 0.015515428729862281, 'shap_norm_sq': 137.97079552077298}
{'sample_size': 790, 'difference': 0, 'noise': 0.01, 'n': 79, 'shap_error': 0.01810137944874544, 'shap_norm_sq': 137.97079552077298}
{'sample_size': 790, 'difference': 0, 'noise': 0.05, 'n': 79, 'shap_error': 0.015223631680119996, 'shap_norm_sq': 137.97079552077298}
{'sample_size': 790, 'difference': 0, 'noise': 0.1, 'n': 79, 'shap_error': 0.018024767392635165, 'shap_norm_sq': 137.97079552077298}
{'sample_size': 790, 'difference': 0, 'noise': 0.5, 'n': 79, 'shap_error': 0.026203790827894327, 'shap_norm_sq': 137.97079552077298}
{'sample_size': 790, 'difference': 0, 'noise': 1, 'n': 79, 'shap_error': 0.04953751786531611, 'shap_norm_sq': 137.97079552077298}
{'sample_size': 790, 'difference': 0, 'noise': 0.0005, 'n': 79, 'shap_error': 0.11632190526674352, 'shap_norm_sq': 38.069153253841534}
{'sample_size': 790, 'difference': 0, 'noise': 0.001, 'n': 79, 'shap_error': 0.13010232291263635, 'shap_norm_sq': 38.069153253841534}
{'sample_size': 790, 'difference': 0, 'noise': 0.005, 'n': 79, 'shap_error': 0.11159388156821042, 'shap_norm_sq': 38.069153253841534}
{'sample_size': 790, 'difference': 0, 'noise': 0.01, 'n': 79, 'shap_error': 0.07249505105557467, 'shap_norm_sq': 38.069153253841534}
{'sample_size': 790, 'difference': 0, 'noise': 0.05, 'n': 79, 'shap_error': 0.12070159589052808, 'shap_norm_sq': 38.069153253841534}
{'sample_size': 790, 'difference': 0, 'noise': 0.1, 'n': 79, 'shap_error': 0.10836798876541359, 'shap_norm_sq': 38.069153253841534}
{'sample_size': 790, 'difference': 0, 'noise': 0.5, 'n': 79, 'shap_error': 0.10010883811524159, 'shap_norm_sq': 38.069153253841534}
{'sample_size': 790, 'difference': 0, 'noise': 1, 'n': 79, 'shap_error': 0.10265507250442067, 'shap_norm_sq': 38.069153253841534}
{'sample_size': 790, 'difference': 0, 'noise': 0.0005, 'n': 79, 'shap_error': 0.15892496215805005, 'shap_norm_sq': 7.395873394416008}
{'sample_size': 790, 'difference': 0, 'noise': 0.001, 'n': 79, 'shap_error': 0.14340544049863185, 'shap_norm_sq': 7.395873394416008}
{'sample_size': 790, 'difference': 0, 'noise': 0.005, 'n': 79, 'shap_error': 0.13564680168614163, 'shap_norm_sq': 7.395873394416008}
{'sample_size': 790, 'difference': 0, 'noise': 0.01, 'n': 79, 'shap_error': 0.15129536474332048, 'shap_norm_sq': 7.395873394416008}
{'sample_size': 790, 'difference': 0, 'noise': 0.05, 'n': 79, 'shap_error': 0.16741302217914591, 'shap_norm_sq': 7.395873394416008}
{'sample_size': 790, 'difference': 0, 'noise': 0.1, 'n': 79, 'shap_error': 0.1613188182354332, 'shap_norm_sq': 7.395873394416008}
{'sample_size': 790, 'difference': 0, 'noise': 0.5, 'n': 79, 'shap_error': 0.2839266309629993, 'shap_norm_sq': 7.395873394416008}
{'sample_size': 790, 'difference': 0, 'noise': 1, 'n': 79, 'shap_error': 0.5384581357944888, 'shap_norm_sq': 7.395873394416008}
{'sample_size': 790, 'difference': 0, 'noise': 0.0005, 'n': 79, 'shap_error': 0.043286022892276635, 'shap_norm_sq': 27.240661245642713}
{'sample_size': 790, 'difference': 0, 'noise': 0.001, 'n': 79, 'shap_error': 0.044686117307363944, 'shap_norm_sq': 27.240661245642713}
{'sample_size': 790, 'difference': 0, 'noise': 0.005, 'n': 79, 'shap_error': 0.04642034445423409, 'shap_norm_sq': 27.240661245642713}
{'sample_size': 790, 'difference': 0, 'noise': 0.01, 'n': 79, 'shap_error': 0.048367793991612305, 'shap_norm_sq': 27.240661245642713}
{'sample_size': 790, 'difference': 0, 'noise': 0.05, 'n': 79, 'shap_error': 0.0523734899036066, 'shap_norm_sq': 27.240661245642713}
{'sample_size': 790, 'difference': 0, 'noise': 0.1, 'n': 79, 'shap_error': 0.03795570731545228, 'shap_norm_sq': 27.240661245642713}
{'sample_size': 790, 'difference': 0, 'noise': 0.5, 'n': 79, 'shap_error': 0.0804274131072106, 'shap_norm_sq': 27.240661245642713}
{'sample_size': 790, 'difference': 0, 'noise': 1, 'n': 79, 'shap_error': 0.12938548540869677, 'shap_norm_sq': 27.240661245642713}
{'sample_size': 790, 'difference': 0, 'noise': 0.0005, 'n': 79, 'shap_error': 0.04506031896588971, 'shap_norm_sq': 18.594602876752948}
{'sample_size': 790, 'difference': 0, 'noise': 0.001, 'n': 79, 'shap_error': 0.03632610999088275, 'shap_norm_sq': 18.594602876752948}
{'sample_size': 790, 'difference': 0, 'noise': 0.005, 'n': 79, 'shap_error': 0.0455300382785686, 'shap_norm_sq': 18.594602876752948}
{'sample_size': 790, 'difference': 0, 'noise': 0.01, 'n': 79, 'shap_error': 0.03101379429455874, 'shap_norm_sq': 18.594602876752948}
{'sample_size': 790, 'difference': 0, 'noise': 0.05, 'n': 79, 'shap_error': 0.035319414033275605, 'shap_norm_sq': 18.594602876752948}
{'sample_size': 790, 'difference': 0, 'noise': 0.1, 'n': 79, 'shap_error': 0.039874119976932534, 'shap_norm_sq': 18.594602876752948}
{'sample_size': 790, 'difference': 0, 'noise': 0.5, 'n': 79, 'shap_error': 0.09409209297188599, 'shap_norm_sq': 18.594602876752948}
{'sample_size': 790, 'difference': 0, 'noise': 1, 'n': 79, 'shap_error': 0.14226798858141979, 'shap_norm_sq': 18.594602876752948}
{'sample_size': 790, 'difference': 0, 'noise': 0.0005, 'n': 79, 'shap_error': 0.057250241884470074, 'shap_norm_sq': 14.200401372548487}
{'sample_size': 790, 'difference': 0, 'noise': 0.001, 'n': 79, 'shap_error': 0.08021204052055277, 'shap_norm_sq': 14.200401372548487}
{'sample_size': 790, 'difference': 0, 'noise': 0.005, 'n': 79, 'shap_error': 0.06484884443462831, 'shap_norm_sq': 14.200401372548487}
{'sample_size': 790, 'difference': 0, 'noise': 0.01, 'n': 79, 'shap_error': 0.06963680158621804, 'shap_norm_sq': 14.200401372548487}
{'sample_size': 790, 'difference': 0, 'noise': 0.05, 'n': 79, 'shap_error': 0.10320687944904994, 'shap_norm_sq': 14.200401372548487}
{'sample_size': 790, 'difference': 0, 'noise': 0.1, 'n': 79, 'shap_error': 0.1226245177804236, 'shap_norm_sq': 14.200401372548487}
{'sample_size': 790, 'difference': 0, 'noise': 0.5, 'n': 79, 'shap_error': 0.12221612241835031, 'shap_norm_sq': 14.200401372548487}
{'sample_size': 790, 'difference': 0, 'noise': 1, 'n': 79, 'shap_error': 0.13965064236529165, 'shap_norm_sq': 14.200401372548487}
{'sample_size': 790, 'difference': 0, 'noise': 0.0005, 'n': 79, 'shap_error': 0.009923645010874024, 'shap_norm_sq': 267.8485691590223}
{'sample_size': 790, 'difference': 0, 'noise': 0.001, 'n': 79, 'shap_error': 0.006439095733392692, 'shap_norm_sq': 267.8485691590223}
{'sample_size': 790, 'difference': 0, 'noise': 0.005, 'n': 79, 'shap_error': 0.00654361306570746, 'shap_norm_sq': 267.8485691590223}
{'sample_size': 790, 'difference': 0, 'noise': 0.01, 'n': 79, 'shap_error': 0.00984761955584488, 'shap_norm_sq': 267.8485691590223}
{'sample_size': 790, 'difference': 0, 'noise': 0.05, 'n': 79, 'shap_error': 0.008238175132965934, 'shap_norm_sq': 267.8485691590223}
{'sample_size': 790, 'difference': 0, 'noise': 0.1, 'n': 79, 'shap_error': 0.010582224474488556, 'shap_norm_sq': 267.8485691590223}
{'sample_size': 790, 'difference': 0, 'noise': 0.5, 'n': 79, 'shap_error': 0.009249285588861619, 'shap_norm_sq': 267.8485691590223}
{'sample_size': 790, 'difference': 0, 'noise': 1, 'n': 79, 'shap_error': 0.011914733276840495, 'shap_norm_sq': 267.8485691590223}
{'sample_size': 790, 'difference': 0, 'noise': 0.0005, 'n': 79, 'shap_error': 0.11382333275110355, 'shap_norm_sq': 10.899291280782567}
{'sample_size': 790, 'difference': 0, 'noise': 0.001, 'n': 79, 'shap_error': 0.0565087838406205, 'shap_norm_sq': 10.899291280782567}
{'sample_size': 790, 'difference': 0, 'noise': 0.005, 'n': 79, 'shap_error': 0.09055211580188165, 'shap_norm_sq': 10.899291280782567}
{'sample_size': 790, 'difference': 0, 'noise': 0.01, 'n': 79, 'shap_error': 0.10072797456609622, 'shap_norm_sq': 10.899291280782567}
{'sample_size': 790, 'difference': 0, 'noise': 0.05, 'n': 79, 'shap_error': 0.06490281311013647, 'shap_norm_sq': 10.899291280782567}
{'sample_size': 790, 'difference': 0, 'noise': 0.1, 'n': 79, 'shap_error': 0.0820056230015742, 'shap_norm_sq': 10.899291280782567}
{'sample_size': 790, 'difference': 0, 'noise': 0.5, 'n': 79, 'shap_error': 0.15811041980148022, 'shap_norm_sq': 10.899291280782567}
{'sample_size': 790, 'difference': 0, 'noise': 1, 'n': 79, 'shap_error': 0.21345399784302288, 'shap_norm_sq': 10.899291280782567}
{'sample_size': 790, 'difference': 0, 'noise': 0.0005, 'n': 79, 'shap_error': 0.0386039407596055, 'shap_norm_sq': 53.62727347241663}
{'sample_size': 790, 'difference': 0, 'noise': 0.001, 'n': 79, 'shap_error': 0.034794241594227886, 'shap_norm_sq': 53.62727347241663}
{'sample_size': 790, 'difference': 0, 'noise': 0.005, 'n': 79, 'shap_error': 0.04681256924028786, 'shap_norm_sq': 53.62727347241663}
{'sample_size': 790, 'difference': 0, 'noise': 0.01, 'n': 79, 'shap_error': 0.054499989553791005, 'shap_norm_sq': 53.62727347241663}
{'sample_size': 790, 'difference': 0, 'noise': 0.05, 'n': 79, 'shap_error': 0.034021294455038986, 'shap_norm_sq': 53.62727347241663}
{'sample_size': 790, 'difference': 0, 'noise': 0.1, 'n': 79, 'shap_error': 0.03551244110288214, 'shap_norm_sq': 53.62727347241663}
{'sample_size': 790, 'difference': 0, 'noise': 0.5, 'n': 79, 'shap_error': 0.045115426416194856, 'shap_norm_sq': 53.62727347241663}
{'sample_size': 790, 'difference': 0, 'noise': 1, 'n': 79, 'shap_error': 0.06435265142175044, 'shap_norm_sq': 53.62727347241663}
{'sample_size': 790, 'difference': 0, 'noise': 0.0005, 'n': 79, 'shap_error': 0.010772795642429897, 'shap_norm_sq': 17.237921310588675}
{'sample_size': 790, 'difference': 0, 'noise': 0.001, 'n': 79, 'shap_error': 0.015412542938156885, 'shap_norm_sq': 17.237921310588675}
{'sample_size': 790, 'difference': 0, 'noise': 0.005, 'n': 79, 'shap_error': 0.010960198949676812, 'shap_norm_sq': 17.237921310588675}
{'sample_size': 790, 'difference': 0, 'noise': 0.01, 'n': 79, 'shap_error': 0.013090329204966986, 'shap_norm_sq': 17.237921310588675}
{'sample_size': 790, 'difference': 0, 'noise': 0.05, 'n': 79, 'shap_error': 0.01018489338112859, 'shap_norm_sq': 17.237921310588675}
{'sample_size': 790, 'difference': 0, 'noise': 0.1, 'n': 79, 'shap_error': 0.008697295004099714, 'shap_norm_sq': 17.237921310588675}
{'sample_size': 790, 'difference': 0, 'noise': 0.5, 'n': 79, 'shap_error': 0.05394384810711104, 'shap_norm_sq': 17.237921310588675}
{'sample_size': 790, 'difference': 0, 'noise': 1, 'n': 79, 'shap_error': 0.1349945135527219, 'shap_norm_sq': 17.237921310588675}
{'sample_size': 790, 'difference': 0, 'noise': 0.0005, 'n': 79, 'shap_error': 0.046999926969776784, 'shap_norm_sq': 64.03103352314389}
{'sample_size': 790, 'difference': 0, 'noise': 0.001, 'n': 79, 'shap_error': 0.0521448764546068, 'shap_norm_sq': 64.03103352314389}
{'sample_size': 790, 'difference': 0, 'noise': 0.005, 'n': 79, 'shap_error': 0.04699795006085491, 'shap_norm_sq': 64.03103352314389}
{'sample_size': 790, 'difference': 0, 'noise': 0.01, 'n': 79, 'shap_error': 0.04462912351802401, 'shap_norm_sq': 64.03103352314389}
{'sample_size': 790, 'difference': 0, 'noise': 0.05, 'n': 79, 'shap_error': 0.041105553988222174, 'shap_norm_sq': 64.03103352314389}
{'sample_size': 790, 'difference': 0, 'noise': 0.1, 'n': 79, 'shap_error': 0.05169629997666248, 'shap_norm_sq': 64.03103352314389}
{'sample_size': 790, 'difference': 0, 'noise': 0.5, 'n': 79, 'shap_error': 0.055459600950629455, 'shap_norm_sq': 64.03103352314389}
{'sample_size': 790, 'difference': 0, 'noise': 1, 'n': 79, 'shap_error': 0.08484540749357103, 'shap_norm_sq': 64.03103352314389}
{'sample_size': 790, 'difference': 0, 'noise': 0.0005, 'n': 79, 'shap_error': 0.0565170823272849, 'shap_norm_sq': 16.432595461674634}
{'sample_size': 790, 'difference': 0, 'noise': 0.001, 'n': 79, 'shap_error': 0.10226041020595683, 'shap_norm_sq': 16.432595461674634}
{'sample_size': 790, 'difference': 0, 'noise': 0.005, 'n': 79, 'shap_error': 0.0846141640674648, 'shap_norm_sq': 16.432595461674634}
{'sample_size': 790, 'difference': 0, 'noise': 0.01, 'n': 79, 'shap_error': 0.06174459027757887, 'shap_norm_sq': 16.432595461674634}
{'sample_size': 790, 'difference': 0, 'noise': 0.05, 'n': 79, 'shap_error': 0.07451812580693677, 'shap_norm_sq': 16.432595461674634}
{'sample_size': 790, 'difference': 0, 'noise': 0.1, 'n': 79, 'shap_error': 0.04952323787921345, 'shap_norm_sq': 16.432595461674634}
{'sample_size': 790, 'difference': 0, 'noise': 0.5, 'n': 79, 'shap_error': 0.08858186626314662, 'shap_norm_sq': 16.432595461674634}
{'sample_size': 790, 'difference': 0, 'noise': 1, 'n': 79, 'shap_error': 0.2034804264158642, 'shap_norm_sq': 16.432595461674634}
{'sample_size': 790, 'difference': 0, 'noise': 0.0005, 'n': 79, 'shap_error': 0.05811776391176918, 'shap_norm_sq': 23.674530760321304}
{'sample_size': 790, 'difference': 0, 'noise': 0.001, 'n': 79, 'shap_error': 0.030973702447563523, 'shap_norm_sq': 23.674530760321304}
{'sample_size': 790, 'difference': 0, 'noise': 0.005, 'n': 79, 'shap_error': 0.04780150685068931, 'shap_norm_sq': 23.674530760321304}
{'sample_size': 790, 'difference': 0, 'noise': 0.01, 'n': 79, 'shap_error': 0.03941861331300444, 'shap_norm_sq': 23.674530760321304}
{'sample_size': 790, 'difference': 0, 'noise': 0.05, 'n': 79, 'shap_error': 0.04708360454134888, 'shap_norm_sq': 23.674530760321304}
{'sample_size': 790, 'difference': 0, 'noise': 0.1, 'n': 79, 'shap_error': 0.05073167602147812, 'shap_norm_sq': 23.674530760321304}
{'sample_size': 790, 'difference': 0, 'noise': 0.5, 'n': 79, 'shap_error': 0.06174787933048922, 'shap_norm_sq': 23.674530760321304}
{'sample_size': 790, 'difference': 0, 'noise': 1, 'n': 79, 'shap_error': 0.14465636809876545, 'shap_norm_sq': 23.674530760321304}
{'sample_size': 790, 'difference': 0, 'noise': 0.0005, 'n': 79, 'shap_error': 0.006597713532152144, 'shap_norm_sq': 18.46458961757078}
{'sample_size': 790, 'difference': 0, 'noise': 0.001, 'n': 79, 'shap_error': 0.005262979617541078, 'shap_norm_sq': 18.46458961757078}
{'sample_size': 790, 'difference': 0, 'noise': 0.005, 'n': 79, 'shap_error': 0.006466989520545362, 'shap_norm_sq': 18.46458961757078}
{'sample_size': 790, 'difference': 0, 'noise': 0.01, 'n': 79, 'shap_error': 0.007559952980705422, 'shap_norm_sq': 18.46458961757078}
{'sample_size': 790, 'difference': 0, 'noise': 0.05, 'n': 79, 'shap_error': 0.007760437004527796, 'shap_norm_sq': 18.46458961757078}
{'sample_size': 790, 'difference': 0, 'noise': 0.1, 'n': 79, 'shap_error': 0.010473259618642242, 'shap_norm_sq': 18.46458961757078}
{'sample_size': 790, 'difference': 0, 'noise': 0.5, 'n': 79, 'shap_error': 0.04632302581686034, 'shap_norm_sq': 18.46458961757078}
{'sample_size': 790, 'difference': 0, 'noise': 1, 'n': 79, 'shap_error': 0.14295804346087038, 'shap_norm_sq': 18.46458961757078}
{'sample_size': 790, 'difference': 0, 'noise': 0.0005, 'n': 79, 'shap_error': 0.012619496762516997, 'shap_norm_sq': 234.91135371423638}
{'sample_size': 790, 'difference': 0, 'noise': 0.001, 'n': 79, 'shap_error': 0.017830058399271792, 'shap_norm_sq': 234.91135371423638}
{'sample_size': 790, 'difference': 0, 'noise': 0.005, 'n': 79, 'shap_error': 0.014823050923352244, 'shap_norm_sq': 234.91135371423638}
{'sample_size': 790, 'difference': 0, 'noise': 0.01, 'n': 79, 'shap_error': 0.015135624384796856, 'shap_norm_sq': 234.91135371423638}
{'sample_size': 790, 'difference': 0, 'noise': 0.05, 'n': 79, 'shap_error': 0.011825553818514226, 'shap_norm_sq': 234.91135371423638}
{'sample_size': 790, 'difference': 0, 'noise': 0.1, 'n': 79, 'shap_error': 0.013111677632989302, 'shap_norm_sq': 234.91135371423638}
{'sample_size': 790, 'difference': 0, 'noise': 0.5, 'n': 79, 'shap_error': 0.01320757983524637, 'shap_norm_sq': 234.91135371423638}
{'sample_size': 790, 'difference': 0, 'noise': 1, 'n': 79, 'shap_error': 0.023226594779291433, 'shap_norm_sq': 234.91135371423638}
{'sample_size': 790, 'difference': 0, 'noise': 0.0005, 'n': 79, 'shap_error': 0.008939117528591235, 'shap_norm_sq': 170.4287067676861}
{'sample_size': 790, 'difference': 0, 'noise': 0.001, 'n': 79, 'shap_error': 0.006930072913934172, 'shap_norm_sq': 170.4287067676861}
{'sample_size': 790, 'difference': 0, 'noise': 0.005, 'n': 79, 'shap_error': 0.005629305255073691, 'shap_norm_sq': 170.4287067676861}
{'sample_size': 790, 'difference': 0, 'noise': 0.01, 'n': 79, 'shap_error': 0.011518352428970497, 'shap_norm_sq': 170.4287067676861}
{'sample_size': 790, 'difference': 0, 'noise': 0.05, 'n': 79, 'shap_error': 0.008869604218610317, 'shap_norm_sq': 170.4287067676861}
{'sample_size': 790, 'difference': 0, 'noise': 0.1, 'n': 79, 'shap_error': 0.008676362222903843, 'shap_norm_sq': 170.4287067676861}
{'sample_size': 790, 'difference': 0, 'noise': 0.5, 'n': 79, 'shap_error': 0.008789160012036376, 'shap_norm_sq': 170.4287067676861}
{'sample_size': 790, 'difference': 0, 'noise': 1, 'n': 79, 'shap_error': 0.023553415805625783, 'shap_norm_sq': 170.4287067676861}
