{'sample_size': 395, 'difference': 1, 'noise': 0, 'n': 79, 'shap_error': 0.0232460749957644, 'shap_norm_sq': 176.5920909062474}
{'sample_size': 790, 'difference': 0, 'noise': 0, 'n': 79, 'shap_error': 0.012195562564101056, 'shap_norm_sq': 176.5920909062474}
{'sample_size': 1580, 'difference': 0, 'noise': 0, 'n': 79, 'shap_error': 0.004352257913894019, 'shap_norm_sq': 176.5920909062474}
{'sample_size': 3160, 'difference': 0, 'noise': 0, 'n': 79, 'shap_error': 0.0021098055815054087, 'shap_norm_sq': 176.5920909062474}
{'sample_size': 6320, 'difference': 0, 'noise': 0, 'n': 79, 'shap_error': 0.0008570619791338611, 'shap_norm_sq': 176.5920909062474}
{'sample_size': 12640, 'difference': 0, 'noise': 0, 'n': 79, 'shap_error': 0.0005283909747216133, 'shap_norm_sq': 176.5920909062474}
{'sample_size': 395, 'difference': 1, 'noise': 0, 'n': 79, 'shap_error': 0.14413029283974216, 'shap_norm_sq': 20.084252463209726}
{'sample_size': 790, 'difference': 0, 'noise': 0, 'n': 79, 'shap_error': 0.07465127670612662, 'shap_norm_sq': 20.084252463209726}
{'sample_size': 1580, 'difference': 0, 'noise': 0, 'n': 79, 'shap_error': 0.033368576373009246, 'shap_norm_sq': 20.084252463209726}
{'sample_size': 3160, 'difference': 0, 'noise': 0, 'n': 79, 'shap_error': 0.013216127544006308, 'shap_norm_sq': 20.084252463209726}
{'sample_size': 6320, 'difference': 0, 'noise': 0, 'n': 79, 'shap_error': 0.0050593764277547535, 'shap_norm_sq': 20.084252463209726}
{'sample_size': 12640, 'difference': 0, 'noise': 0, 'n': 79, 'shap_error': 0.0032679959841017763, 'shap_norm_sq': 20.084252463209726}
{'sample_size': 395, 'difference': 1, 'noise': 0, 'n': 79, 'shap_error': 0.02429145702164277, 'shap_norm_sq': 148.00477053999788}
{'sample_size': 790, 'difference': 0, 'noise': 0, 'n': 79, 'shap_error': 0.012550394937866059, 'shap_norm_sq': 148.00477053999788}
{'sample_size': 1580, 'difference': 0, 'noise': 0, 'n': 79, 'shap_error': 0.007726143347592255, 'shap_norm_sq': 148.00477053999788}
{'sample_size': 3160, 'difference': 0, 'noise': 0, 'n': 79, 'shap_error': 0.0023827256746495142, 'shap_norm_sq': 148.00477053999788}
{'sample_size': 6320, 'difference': 0, 'noise': 0, 'n': 79, 'shap_error': 0.0017401672530221132, 'shap_norm_sq': 148.00477053999788}
{'sample_size': 12640, 'difference': 0, 'noise': 0, 'n': 79, 'shap_error': 0.0006820129353414927, 'shap_norm_sq': 148.00477053999788}
{'sample_size': 395, 'difference': 1, 'noise': 0, 'n': 79, 'shap_error': 0.023732527507876376, 'shap_norm_sq': 15.97553400192092}
{'sample_size': 790, 'difference': 0, 'noise': 0, 'n': 79, 'shap_error': 0.010320660002351519, 'shap_norm_sq': 15.97553400192092}
{'sample_size': 1580, 'difference': 0, 'noise': 0, 'n': 79, 'shap_error': 0.004034945684365653, 'shap_norm_sq': 15.97553400192092}
{'sample_size': 3160, 'difference': 0, 'noise': 0, 'n': 79, 'shap_error': 0.002546802345415508, 'shap_norm_sq': 15.97553400192092}
{'sample_size': 6320, 'difference': 0, 'noise': 0, 'n': 79, 'shap_error': 0.0008039563316309305, 'shap_norm_sq': 15.97553400192092}
{'sample_size': 12640, 'difference': 0, 'noise': 0, 'n': 79, 'shap_error': 0.0004152818113140309, 'shap_norm_sq': 15.97553400192092}
{'sample_size': 395, 'difference': 1, 'noise': 0, 'n': 79, 'shap_error': 0.013017275095409439, 'shap_norm_sq': 60.68441020144731}
{'sample_size': 790, 'difference': 0, 'noise': 0, 'n': 79, 'shap_error': 0.006275396893321413, 'shap_norm_sq': 60.68441020144731}
{'sample_size': 1580, 'difference': 0, 'noise': 0, 'n': 79, 'shap_error': 0.003491165163794008, 'shap_norm_sq': 60.68441020144731}
{'sample_size': 3160, 'difference': 0, 'noise': 0, 'n': 79, 'shap_error': 0.0013535276359973854, 'shap_norm_sq': 60.68441020144731}
{'sample_size': 6320, 'difference': 0, 'noise': 0, 'n': 79, 'shap_error': 0.0006170688001759882, 'shap_norm_sq': 60.68441020144731}
{'sample_size': 12640, 'difference': 0, 'noise': 0, 'n': 79, 'shap_error': 0.0003837811942094238, 'shap_norm_sq': 60.68441020144731}
{'sample_size': 395, 'difference': 1, 'noise': 0, 'n': 79, 'shap_error': 0.018728110830226734, 'shap_norm_sq': 136.26130924077654}
{'sample_size': 790, 'difference': 0, 'noise': 0, 'n': 79, 'shap_error': 0.007962822126826318, 'shap_norm_sq': 136.26130924077654}
{'sample_size': 1580, 'difference': 0, 'noise': 0, 'n': 79, 'shap_error': 0.0035657825425041054, 'shap_norm_sq': 136.26130924077654}
{'sample_size': 3160, 'difference': 0, 'noise': 0, 'n': 79, 'shap_error': 0.0019526882009411049, 'shap_norm_sq': 136.26130924077654}
{'sample_size': 6320, 'difference': 0, 'noise': 0, 'n': 79, 'shap_error': 0.0010020062363278646, 'shap_norm_sq': 136.26130924077654}
{'sample_size': 12640, 'difference': 0, 'noise': 0, 'n': 79, 'shap_error': 0.0003635448174005563, 'shap_norm_sq': 136.26130924077654}
{'sample_size': 395, 'difference': 1, 'noise': 0, 'n': 79, 'shap_error': 0.0537540603025756, 'shap_norm_sq': 12.049401362360555}
{'sample_size': 790, 'difference': 0, 'noise': 0, 'n': 79, 'shap_error': 0.024475959192791375, 'shap_norm_sq': 12.049401362360555}
{'sample_size': 1580, 'difference': 0, 'noise': 0, 'n': 79, 'shap_error': 0.009554203708633805, 'shap_norm_sq': 12.049401362360555}
{'sample_size': 3160, 'difference': 0, 'noise': 0, 'n': 79, 'shap_error': 0.0035433395584451074, 'shap_norm_sq': 12.049401362360555}
{'sample_size': 6320, 'difference': 0, 'noise': 0, 'n': 79, 'shap_error': 0.0023071968122251253, 'shap_norm_sq': 12.049401362360555}
{'sample_size': 12640, 'difference': 0, 'noise': 0, 'n': 79, 'shap_error': 0.0014669685720565464, 'shap_norm_sq': 12.049401362360555}
{'sample_size': 395, 'difference': 1, 'noise': 0, 'n': 79, 'shap_error': 0.06037509970404694, 'shap_norm_sq': 14.740428467777933}
{'sample_size': 790, 'difference': 0, 'noise': 0, 'n': 79, 'shap_error': 0.022838411252621593, 'shap_norm_sq': 14.740428467777933}
{'sample_size': 1580, 'difference': 0, 'noise': 0, 'n': 79, 'shap_error': 0.010719556582627077, 'shap_norm_sq': 14.740428467777933}
{'sample_size': 3160, 'difference': 0, 'noise': 0, 'n': 79, 'shap_error': 0.004572637120784504, 'shap_norm_sq': 14.740428467777933}
{'sample_size': 6320, 'difference': 0, 'noise': 0, 'n': 79, 'shap_error': 0.0030720676455257188, 'shap_norm_sq': 14.740428467777933}
{'sample_size': 12640, 'difference': 0, 'noise': 0, 'n': 79, 'shap_error': 0.0011205561450849538, 'shap_norm_sq': 14.740428467777933}
{'sample_size': 395, 'difference': 1, 'noise': 0, 'n': 79, 'shap_error': 0.00414964338574576, 'shap_norm_sq': 18.37896431333642}
{'sample_size': 790, 'difference': 0, 'noise': 0, 'n': 79, 'shap_error': 0.0013513438241083012, 'shap_norm_sq': 18.37896431333642}
{'sample_size': 1580, 'difference': 0, 'noise': 0, 'n': 79, 'shap_error': 0.0006701357305261352, 'shap_norm_sq': 18.37896431333642}
{'sample_size': 3160, 'difference': 0, 'noise': 0, 'n': 79, 'shap_error': 0.000345289928523914, 'shap_norm_sq': 18.37896431333642}
{'sample_size': 6320, 'difference': 0, 'noise': 0, 'n': 79, 'shap_error': 0.00011801060737538844, 'shap_norm_sq': 18.37896431333642}
{'sample_size': 12640, 'difference': 0, 'noise': 0, 'n': 79, 'shap_error': 8.222963080499846e-05, 'shap_norm_sq': 18.37896431333642}
{'sample_size': 395, 'difference': 1, 'noise': 0, 'n': 79, 'shap_error': 0.13827696283390836, 'shap_norm_sq': 152.40773170613983}
{'sample_size': 790, 'difference': 0, 'noise': 0, 'n': 79, 'shap_error': 0.045086186264703836, 'shap_norm_sq': 152.40773170613983}
{'sample_size': 1580, 'difference': 0, 'noise': 0, 'n': 79, 'shap_error': 0.030272530159076678, 'shap_norm_sq': 152.40773170613983}
{'sample_size': 3160, 'difference': 0, 'noise': 0, 'n': 79, 'shap_error': 0.014262541869081055, 'shap_norm_sq': 152.40773170613983}
{'sample_size': 6320, 'difference': 0, 'noise': 0, 'n': 79, 'shap_error': 0.008033212936847797, 'shap_norm_sq': 152.40773170613983}
{'sample_size': 12640, 'difference': 0, 'noise': 0, 'n': 79, 'shap_error': 0.004104044392647258, 'shap_norm_sq': 152.40773170613983}
{'sample_size': 395, 'difference': 1, 'noise': 0, 'n': 79, 'shap_error': 0.02064679800926751, 'shap_norm_sq': 10.023857202259894}
{'sample_size': 790, 'difference': 0, 'noise': 0, 'n': 79, 'shap_error': 0.005939703253552763, 'shap_norm_sq': 10.023857202259894}
{'sample_size': 1580, 'difference': 0, 'noise': 0, 'n': 79, 'shap_error': 0.0037845656150627817, 'shap_norm_sq': 10.023857202259894}
{'sample_size': 3160, 'difference': 0, 'noise': 0, 'n': 79, 'shap_error': 0.0013584160721291782, 'shap_norm_sq': 10.023857202259894}
{'sample_size': 6320, 'difference': 0, 'noise': 0, 'n': 79, 'shap_error': 0.0007971536887421871, 'shap_norm_sq': 10.023857202259894}
{'sample_size': 12640, 'difference': 0, 'noise': 0, 'n': 79, 'shap_error': 0.0003335004772300267, 'shap_norm_sq': 10.023857202259894}
{'sample_size': 395, 'difference': 1, 'noise': 0, 'n': 79, 'shap_error': 0.030674157314817846, 'shap_norm_sq': 47.34563643628872}
{'sample_size': 790, 'difference': 0, 'noise': 0, 'n': 79, 'shap_error': 0.012772784433288782, 'shap_norm_sq': 47.34563643628872}
{'sample_size': 1580, 'difference': 0, 'noise': 0, 'n': 79, 'shap_error': 0.006214560134640804, 'shap_norm_sq': 47.34563643628872}
{'sample_size': 3160, 'difference': 0, 'noise': 0, 'n': 79, 'shap_error': 0.002893000165998209, 'shap_norm_sq': 47.34563643628872}
{'sample_size': 6320, 'difference': 0, 'noise': 0, 'n': 79, 'shap_error': 0.001241870810218029, 'shap_norm_sq': 47.34563643628872}
{'sample_size': 12640, 'difference': 0, 'noise': 0, 'n': 79, 'shap_error': 0.0006651567967358136, 'shap_norm_sq': 47.34563643628872}
{'sample_size': 395, 'difference': 1, 'noise': 0, 'n': 79, 'shap_error': 0.17039022510726495, 'shap_norm_sq': 12.189123000898293}
{'sample_size': 790, 'difference': 0, 'noise': 0, 'n': 79, 'shap_error': 0.0827989266558777, 'shap_norm_sq': 12.189123000898293}
{'sample_size': 1580, 'difference': 0, 'noise': 0, 'n': 79, 'shap_error': 0.039686574154819514, 'shap_norm_sq': 12.189123000898293}
{'sample_size': 3160, 'difference': 0, 'noise': 0, 'n': 79, 'shap_error': 0.018073071196999364, 'shap_norm_sq': 12.189123000898293}
{'sample_size': 6320, 'difference': 0, 'noise': 0, 'n': 79, 'shap_error': 0.006436838019365412, 'shap_norm_sq': 12.189123000898293}
{'sample_size': 12640, 'difference': 0, 'noise': 0, 'n': 79, 'shap_error': 0.004704545275136031, 'shap_norm_sq': 12.189123000898293}
{'sample_size': 395, 'difference': 1, 'noise': 0, 'n': 79, 'shap_error': 0.04290633608221334, 'shap_norm_sq': 22.170301629600175}
{'sample_size': 790, 'difference': 0, 'noise': 0, 'n': 79, 'shap_error': 0.025654121657248445, 'shap_norm_sq': 22.170301629600175}
{'sample_size': 1580, 'difference': 0, 'noise': 0, 'n': 79, 'shap_error': 0.008610963048319924, 'shap_norm_sq': 22.170301629600175}
{'sample_size': 3160, 'difference': 0, 'noise': 0, 'n': 79, 'shap_error': 0.0043166668003613235, 'shap_norm_sq': 22.170301629600175}
{'sample_size': 6320, 'difference': 0, 'noise': 0, 'n': 79, 'shap_error': 0.0022936379192049555, 'shap_norm_sq': 22.170301629600175}
{'sample_size': 12640, 'difference': 0, 'noise': 0, 'n': 79, 'shap_error': 0.0009864558390765194, 'shap_norm_sq': 22.170301629600175}
{'sample_size': 395, 'difference': 1, 'noise': 0, 'n': 79, 'shap_error': 0.026226917643449834, 'shap_norm_sq': 199.08895971729703}
{'sample_size': 790, 'difference': 0, 'noise': 0, 'n': 79, 'shap_error': 0.012895131425155587, 'shap_norm_sq': 199.08895971729703}
{'sample_size': 1580, 'difference': 0, 'noise': 0, 'n': 79, 'shap_error': 0.006896222910517677, 'shap_norm_sq': 199.08895971729703}
{'sample_size': 3160, 'difference': 0, 'noise': 0, 'n': 79, 'shap_error': 0.0018687949924556873, 'shap_norm_sq': 199.08895971729703}
{'sample_size': 6320, 'difference': 0, 'noise': 0, 'n': 79, 'shap_error': 0.0013449755273696427, 'shap_norm_sq': 199.08895971729703}
{'sample_size': 12640, 'difference': 0, 'noise': 0, 'n': 79, 'shap_error': 0.0006554259880850718, 'shap_norm_sq': 199.08895971729703}
{'sample_size': 395, 'difference': 1, 'noise': 0, 'n': 79, 'shap_error': 0.042254566806998205, 'shap_norm_sq': 174.68228798882984}
{'sample_size': 790, 'difference': 0, 'noise': 0, 'n': 79, 'shap_error': 0.023272536923794995, 'shap_norm_sq': 174.68228798882984}
{'sample_size': 1580, 'difference': 0, 'noise': 0, 'n': 79, 'shap_error': 0.008004490944299383, 'shap_norm_sq': 174.68228798882984}
{'sample_size': 3160, 'difference': 0, 'noise': 0, 'n': 79, 'shap_error': 0.00396466687294524, 'shap_norm_sq': 174.68228798882984}
{'sample_size': 6320, 'difference': 0, 'noise': 0, 'n': 79, 'shap_error': 0.0021234599753319665, 'shap_norm_sq': 174.68228798882984}
{'sample_size': 12640, 'difference': 0, 'noise': 0, 'n': 79, 'shap_error': 0.000979352876709169, 'shap_norm_sq': 174.68228798882984}
{'sample_size': 395, 'difference': 1, 'noise': 0, 'n': 79, 'shap_error': 0.05988203897113145, 'shap_norm_sq': 20.75537075771844}
{'sample_size': 790, 'difference': 0, 'noise': 0, 'n': 79, 'shap_error': 0.02605646670293131, 'shap_norm_sq': 20.75537075771844}
{'sample_size': 1580, 'difference': 0, 'noise': 0, 'n': 79, 'shap_error': 0.0107919186636306, 'shap_norm_sq': 20.75537075771844}
{'sample_size': 3160, 'difference': 0, 'noise': 0, 'n': 79, 'shap_error': 0.004696690204719604, 'shap_norm_sq': 20.75537075771844}
{'sample_size': 6320, 'difference': 0, 'noise': 0, 'n': 79, 'shap_error': 0.0020896181488196247, 'shap_norm_sq': 20.75537075771844}
{'sample_size': 12640, 'difference': 0, 'noise': 0, 'n': 79, 'shap_error': 0.0010671185588530814, 'shap_norm_sq': 20.75537075771844}
{'sample_size': 395, 'difference': 1, 'noise': 0, 'n': 79, 'shap_error': 0.0480442300875964, 'shap_norm_sq': 69.23714589372352}
{'sample_size': 790, 'difference': 0, 'noise': 0, 'n': 79, 'shap_error': 0.024236764337969438, 'shap_norm_sq': 69.23714589372352}
{'sample_size': 1580, 'difference': 0, 'noise': 0, 'n': 79, 'shap_error': 0.008200200189500833, 'shap_norm_sq': 69.23714589372352}
{'sample_size': 3160, 'difference': 0, 'noise': 0, 'n': 79, 'shap_error': 0.004317011063388844, 'shap_norm_sq': 69.23714589372352}
{'sample_size': 6320, 'difference': 0, 'noise': 0, 'n': 79, 'shap_error': 0.0022900064819639434, 'shap_norm_sq': 69.23714589372352}
{'sample_size': 12640, 'difference': 0, 'noise': 0, 'n': 79, 'shap_error': 0.0011895593030020457, 'shap_norm_sq': 69.23714589372352}
{'sample_size': 395, 'difference': 1, 'noise': 0, 'n': 79, 'shap_error': 0.04865423886574127, 'shap_norm_sq': 20.065578469079746}
{'sample_size': 790, 'difference': 0, 'noise': 0, 'n': 79, 'shap_error': 0.026878065998807148, 'shap_norm_sq': 20.065578469079746}
{'sample_size': 1580, 'difference': 0, 'noise': 0, 'n': 79, 'shap_error': 0.008459971652457035, 'shap_norm_sq': 20.065578469079746}
{'sample_size': 3160, 'difference': 0, 'noise': 0, 'n': 79, 'shap_error': 0.004479502638680809, 'shap_norm_sq': 20.065578469079746}
{'sample_size': 6320, 'difference': 0, 'noise': 0, 'n': 79, 'shap_error': 0.002235003232045221, 'shap_norm_sq': 20.065578469079746}
{'sample_size': 12640, 'difference': 0, 'noise': 0, 'n': 79, 'shap_error': 0.0009783428267978844, 'shap_norm_sq': 20.065578469079746}
{'sample_size': 395, 'difference': 1, 'noise': 0, 'n': 79, 'shap_error': 0.01382570408187633, 'shap_norm_sq': 252.03554771036144}
{'sample_size': 790, 'difference': 0, 'noise': 0, 'n': 79, 'shap_error': 0.00611259786569165, 'shap_norm_sq': 252.03554771036144}
{'sample_size': 1580, 'difference': 0, 'noise': 0, 'n': 79, 'shap_error': 0.0019828418040131243, 'shap_norm_sq': 252.03554771036144}
{'sample_size': 3160, 'difference': 0, 'noise': 0, 'n': 79, 'shap_error': 0.0014351924985478676, 'shap_norm_sq': 252.03554771036144}
{'sample_size': 6320, 'difference': 0, 'noise': 0, 'n': 79, 'shap_error': 0.0006164703345597077, 'shap_norm_sq': 252.03554771036144}
{'sample_size': 12640, 'difference': 0, 'noise': 0, 'n': 79, 'shap_error': 0.000272618500367767, 'shap_norm_sq': 252.03554771036144}
{'sample_size': 395, 'difference': 1, 'noise': 0, 'n': 79, 'shap_error': 0.04933966531673923, 'shap_norm_sq': 27.324186959961153}
{'sample_size': 790, 'difference': 0, 'noise': 0, 'n': 79, 'shap_error': 0.023846272559080763, 'shap_norm_sq': 27.324186959961153}
{'sample_size': 1580, 'difference': 0, 'noise': 0, 'n': 79, 'shap_error': 0.011066171751168339, 'shap_norm_sq': 27.324186959961153}
{'sample_size': 3160, 'difference': 0, 'noise': 0, 'n': 79, 'shap_error': 0.0053944531407048605, 'shap_norm_sq': 27.324186959961153}
{'sample_size': 6320, 'difference': 0, 'noise': 0, 'n': 79, 'shap_error': 0.0027541111006894885, 'shap_norm_sq': 27.324186959961153}
{'sample_size': 12640, 'difference': 0, 'noise': 0, 'n': 79, 'shap_error': 0.0008655119267610769, 'shap_norm_sq': 27.324186959961153}
{'sample_size': 395, 'difference': 1, 'noise': 0, 'n': 79, 'shap_error': 0.10950863672212624, 'shap_norm_sq': 22.923048706888665}
{'sample_size': 790, 'difference': 0, 'noise': 0, 'n': 79, 'shap_error': 0.041431993391982835, 'shap_norm_sq': 22.923048706888665}
{'sample_size': 1580, 'difference': 0, 'noise': 0, 'n': 79, 'shap_error': 0.0211630583192407, 'shap_norm_sq': 22.923048706888665}
{'sample_size': 3160, 'difference': 0, 'noise': 0, 'n': 79, 'shap_error': 0.01080781512520015, 'shap_norm_sq': 22.923048706888665}
{'sample_size': 6320, 'difference': 0, 'noise': 0, 'n': 79, 'shap_error': 0.00561840564204373, 'shap_norm_sq': 22.923048706888665}
{'sample_size': 12640, 'difference': 0, 'noise': 0, 'n': 79, 'shap_error': 0.0025378329718542527, 'shap_norm_sq': 22.923048706888665}
{'sample_size': 395, 'difference': 1, 'noise': 0, 'n': 79, 'shap_error': 0.017276772597805957, 'shap_norm_sq': 12.1547259683948}
{'sample_size': 790, 'difference': 0, 'noise': 0, 'n': 79, 'shap_error': 0.006621675464878739, 'shap_norm_sq': 12.1547259683948}
{'sample_size': 1580, 'difference': 0, 'noise': 0, 'n': 79, 'shap_error': 0.002941816363728465, 'shap_norm_sq': 12.1547259683948}
{'sample_size': 3160, 'difference': 0, 'noise': 0, 'n': 79, 'shap_error': 0.0018996048854830452, 'shap_norm_sq': 12.1547259683948}
{'sample_size': 6320, 'difference': 0, 'noise': 0, 'n': 79, 'shap_error': 0.0009016466800772333, 'shap_norm_sq': 12.1547259683948}
{'sample_size': 12640, 'difference': 0, 'noise': 0, 'n': 79, 'shap_error': 0.0006223071541065684, 'shap_norm_sq': 12.1547259683948}
{'sample_size': 395, 'difference': 1, 'noise': 0, 'n': 79, 'shap_error': 0.12287393538158371, 'shap_norm_sq': 14.431283840350238}
{'sample_size': 790, 'difference': 0, 'noise': 0, 'n': 79, 'shap_error': 0.06437814914587567, 'shap_norm_sq': 14.431283840350238}
{'sample_size': 1580, 'difference': 0, 'noise': 0, 'n': 79, 'shap_error': 0.02088350236612958, 'shap_norm_sq': 14.431283840350238}
{'sample_size': 3160, 'difference': 0, 'noise': 0, 'n': 79, 'shap_error': 0.01327140247670364, 'shap_norm_sq': 14.431283840350238}
{'sample_size': 6320, 'difference': 0, 'noise': 0, 'n': 79, 'shap_error': 0.0053502538221833285, 'shap_norm_sq': 14.431283840350238}
{'sample_size': 12640, 'difference': 0, 'noise': 0, 'n': 79, 'shap_error': 0.0038072018105254615, 'shap_norm_sq': 14.431283840350238}
{'sample_size': 395, 'difference': 1, 'noise': 0, 'n': 79, 'shap_error': 0.024388306705736138, 'shap_norm_sq': 310.11213783401325}
{'sample_size': 790, 'difference': 0, 'noise': 0, 'n': 79, 'shap_error': 0.01694781045577293, 'shap_norm_sq': 310.11213783401325}
{'sample_size': 1580, 'difference': 0, 'noise': 0, 'n': 79, 'shap_error': 0.006506347867857256, 'shap_norm_sq': 310.11213783401325}
{'sample_size': 3160, 'difference': 0, 'noise': 0, 'n': 79, 'shap_error': 0.0026434767890294573, 'shap_norm_sq': 310.11213783401325}
{'sample_size': 6320, 'difference': 0, 'noise': 0, 'n': 79, 'shap_error': 0.0011944257001285075, 'shap_norm_sq': 310.11213783401325}
{'sample_size': 12640, 'difference': 0, 'noise': 0, 'n': 79, 'shap_error': 0.0006249244345945421, 'shap_norm_sq': 310.11213783401325}
{'sample_size': 395, 'difference': 1, 'noise': 0, 'n': 79, 'shap_error': 0.04890198248598339, 'shap_norm_sq': 31.88287350491898}
{'sample_size': 790, 'difference': 0, 'noise': 0, 'n': 79, 'shap_error': 0.022712980603641263, 'shap_norm_sq': 31.88287350491898}
{'sample_size': 1580, 'difference': 0, 'noise': 0, 'n': 79, 'shap_error': 0.011180884872279303, 'shap_norm_sq': 31.88287350491898}
{'sample_size': 3160, 'difference': 0, 'noise': 0, 'n': 79, 'shap_error': 0.007362744600399458, 'shap_norm_sq': 31.88287350491898}
{'sample_size': 6320, 'difference': 0, 'noise': 0, 'n': 79, 'shap_error': 0.003237936469608061, 'shap_norm_sq': 31.88287350491898}
{'sample_size': 12640, 'difference': 0, 'noise': 0, 'n': 79, 'shap_error': 0.0011041358290081152, 'shap_norm_sq': 31.88287350491898}
{'sample_size': 395, 'difference': 1, 'noise': 0, 'n': 79, 'shap_error': 0.11502943011915509, 'shap_norm_sq': 14.79931982241082}
{'sample_size': 790, 'difference': 0, 'noise': 0, 'n': 79, 'shap_error': 0.03304557860654786, 'shap_norm_sq': 14.79931982241082}
{'sample_size': 1580, 'difference': 0, 'noise': 0, 'n': 79, 'shap_error': 0.019509308376980825, 'shap_norm_sq': 14.79931982241082}
{'sample_size': 3160, 'difference': 0, 'noise': 0, 'n': 79, 'shap_error': 0.008597789073773262, 'shap_norm_sq': 14.79931982241082}
{'sample_size': 6320, 'difference': 0, 'noise': 0, 'n': 79, 'shap_error': 0.0045443307188350905, 'shap_norm_sq': 14.79931982241082}
{'sample_size': 12640, 'difference': 0, 'noise': 0, 'n': 79, 'shap_error': 0.0017376602219962582, 'shap_norm_sq': 14.79931982241082}
{'sample_size': 395, 'difference': 1, 'noise': 0, 'n': 79, 'shap_error': 0.00037351014368428, 'shap_norm_sq': 191.42936031395982}
{'sample_size': 790, 'difference': 0, 'noise': 0, 'n': 79, 'shap_error': 0.00021260865555500357, 'shap_norm_sq': 191.42936031395982}
{'sample_size': 1580, 'difference': 0, 'noise': 0, 'n': 79, 'shap_error': 0.0001024051487720099, 'shap_norm_sq': 191.42936031395982}
{'sample_size': 3160, 'difference': 0, 'noise': 0, 'n': 79, 'shap_error': 5.4422013205132925e-05, 'shap_norm_sq': 191.42936031395982}
{'sample_size': 6320, 'difference': 0, 'noise': 0, 'n': 79, 'shap_error': 2.1407149955836316e-05, 'shap_norm_sq': 191.42936031395982}
{'sample_size': 12640, 'difference': 0, 'noise': 0, 'n': 79, 'shap_error': 9.994311410041454e-06, 'shap_norm_sq': 191.42936031395982}
{'sample_size': 395, 'difference': 1, 'noise': 0, 'n': 79, 'shap_error': 0.15772646989445172, 'shap_norm_sq': 32.161172519186906}
{'sample_size': 790, 'difference': 0, 'noise': 0, 'n': 79, 'shap_error': 0.11110325477610217, 'shap_norm_sq': 32.161172519186906}
{'sample_size': 1580, 'difference': 0, 'noise': 0, 'n': 79, 'shap_error': 0.04389094925579858, 'shap_norm_sq': 32.161172519186906}
{'sample_size': 3160, 'difference': 0, 'noise': 0, 'n': 79, 'shap_error': 0.024153289573221763, 'shap_norm_sq': 32.161172519186906}
{'sample_size': 6320, 'difference': 0, 'noise': 0, 'n': 79, 'shap_error': 0.007422657880478205, 'shap_norm_sq': 32.161172519186906}
{'sample_size': 12640, 'difference': 0, 'noise': 0, 'n': 79, 'shap_error': 0.005469082967757428, 'shap_norm_sq': 32.161172519186906}
{'sample_size': 395, 'difference': 1, 'noise': 0, 'n': 79, 'shap_error': 0.0012863636354446479, 'shap_norm_sq': 364.50655549433264}
{'sample_size': 790, 'difference': 0, 'noise': 0, 'n': 79, 'shap_error': 0.0007001599596290149, 'shap_norm_sq': 364.50655549433264}
{'sample_size': 1580, 'difference': 0, 'noise': 0, 'n': 79, 'shap_error': 0.00036788004306547405, 'shap_norm_sq': 364.50655549433264}
{'sample_size': 3160, 'difference': 0, 'noise': 0, 'n': 79, 'shap_error': 0.0001917047308670533, 'shap_norm_sq': 364.50655549433264}
{'sample_size': 6320, 'difference': 0, 'noise': 0, 'n': 79, 'shap_error': 9.118879981674526e-05, 'shap_norm_sq': 364.50655549433264}
{'sample_size': 12640, 'difference': 0, 'noise': 0, 'n': 79, 'shap_error': 5.301258314242546e-05, 'shap_norm_sq': 364.50655549433264}
{'sample_size': 395, 'difference': 1, 'noise': 0, 'n': 79, 'shap_error': 0.03499354349123532, 'shap_norm_sq': 19.78695774701015}
{'sample_size': 790, 'difference': 0, 'noise': 0, 'n': 79, 'shap_error': 0.015308512543528927, 'shap_norm_sq': 19.78695774701015}
{'sample_size': 1580, 'difference': 0, 'noise': 0, 'n': 79, 'shap_error': 0.00732149452215194, 'shap_norm_sq': 19.78695774701015}
{'sample_size': 3160, 'difference': 0, 'noise': 0, 'n': 79, 'shap_error': 0.0026952170689942072, 'shap_norm_sq': 19.78695774701015}
{'sample_size': 6320, 'difference': 0, 'noise': 0, 'n': 79, 'shap_error': 0.0012871849039083514, 'shap_norm_sq': 19.78695774701015}
{'sample_size': 12640, 'difference': 0, 'noise': 0, 'n': 79, 'shap_error': 0.0007986774414691421, 'shap_norm_sq': 19.78695774701015}
{'sample_size': 395, 'difference': 1, 'noise': 0, 'n': 79, 'shap_error': 0.1353512084211856, 'shap_norm_sq': 39.9763345742574}
{'sample_size': 790, 'difference': 0, 'noise': 0, 'n': 79, 'shap_error': 0.05770183051919884, 'shap_norm_sq': 39.9763345742574}
{'sample_size': 1580, 'difference': 0, 'noise': 0, 'n': 79, 'shap_error': 0.022401585685725166, 'shap_norm_sq': 39.9763345742574}
{'sample_size': 3160, 'difference': 0, 'noise': 0, 'n': 79, 'shap_error': 0.010754983281672638, 'shap_norm_sq': 39.9763345742574}
{'sample_size': 6320, 'difference': 0, 'noise': 0, 'n': 79, 'shap_error': 0.005724392591688816, 'shap_norm_sq': 39.9763345742574}
{'sample_size': 12640, 'difference': 0, 'noise': 0, 'n': 79, 'shap_error': 0.0023795022195722024, 'shap_norm_sq': 39.9763345742574}
{'sample_size': 395, 'difference': 1, 'noise': 0, 'n': 79, 'shap_error': 0.021315838337085457, 'shap_norm_sq': 13.749620130939958}
{'sample_size': 790, 'difference': 0, 'noise': 0, 'n': 79, 'shap_error': 0.007217699913716403, 'shap_norm_sq': 13.749620130939958}
{'sample_size': 1580, 'difference': 0, 'noise': 0, 'n': 79, 'shap_error': 0.003898593461621928, 'shap_norm_sq': 13.749620130939958}
{'sample_size': 3160, 'difference': 0, 'noise': 0, 'n': 79, 'shap_error': 0.002091169883520532, 'shap_norm_sq': 13.749620130939958}
{'sample_size': 6320, 'difference': 0, 'noise': 0, 'n': 79, 'shap_error': 0.0009326667405223861, 'shap_norm_sq': 13.749620130939958}
{'sample_size': 12640, 'difference': 0, 'noise': 0, 'n': 79, 'shap_error': 0.00028077707404929877, 'shap_norm_sq': 13.749620130939958}
{'sample_size': 395, 'difference': 1, 'noise': 0, 'n': 79, 'shap_error': 0.11541888283765704, 'shap_norm_sq': 46.1341068946306}
{'sample_size': 790, 'difference': 0, 'noise': 0, 'n': 79, 'shap_error': 0.08904363246430229, 'shap_norm_sq': 46.1341068946306}
{'sample_size': 1580, 'difference': 0, 'noise': 0, 'n': 79, 'shap_error': 0.02780071058215496, 'shap_norm_sq': 46.1341068946306}
{'sample_size': 3160, 'difference': 0, 'noise': 0, 'n': 79, 'shap_error': 0.017642789357958134, 'shap_norm_sq': 46.1341068946306}
{'sample_size': 6320, 'difference': 0, 'noise': 0, 'n': 79, 'shap_error': 0.005798060466040784, 'shap_norm_sq': 46.1341068946306}
{'sample_size': 12640, 'difference': 0, 'noise': 0, 'n': 79, 'shap_error': 0.0034213931774413663, 'shap_norm_sq': 46.1341068946306}
{'sample_size': 395, 'difference': 1, 'noise': 0, 'n': 79, 'shap_error': 0.03278784949185881, 'shap_norm_sq': 11.916612963746886}
{'sample_size': 790, 'difference': 0, 'noise': 0, 'n': 79, 'shap_error': 0.008910828265148553, 'shap_norm_sq': 11.916612963746886}
{'sample_size': 1580, 'difference': 0, 'noise': 0, 'n': 79, 'shap_error': 0.005586790989229437, 'shap_norm_sq': 11.916612963746886}
{'sample_size': 3160, 'difference': 0, 'noise': 0, 'n': 79, 'shap_error': 0.002490309122280257, 'shap_norm_sq': 11.916612963746886}
{'sample_size': 6320, 'difference': 0, 'noise': 0, 'n': 79, 'shap_error': 0.0009208331488719344, 'shap_norm_sq': 11.916612963746886}
{'sample_size': 12640, 'difference': 0, 'noise': 0, 'n': 79, 'shap_error': 0.0005859510867526396, 'shap_norm_sq': 11.916612963746886}
{'sample_size': 395, 'difference': 1, 'noise': 0, 'n': 79, 'shap_error': 0.13765329050114317, 'shap_norm_sq': 205.912081472179}
{'sample_size': 790, 'difference': 0, 'noise': 0, 'n': 79, 'shap_error': 0.06441591844930568, 'shap_norm_sq': 205.912081472179}
{'sample_size': 1580, 'difference': 0, 'noise': 0, 'n': 79, 'shap_error': 0.025675215767687512, 'shap_norm_sq': 205.912081472179}
{'sample_size': 3160, 'difference': 0, 'noise': 0, 'n': 79, 'shap_error': 0.01945536055779626, 'shap_norm_sq': 205.912081472179}
{'sample_size': 6320, 'difference': 0, 'noise': 0, 'n': 79, 'shap_error': 0.008813165355643525, 'shap_norm_sq': 205.912081472179}
{'sample_size': 12640, 'difference': 0, 'noise': 0, 'n': 79, 'shap_error': 0.0045288950381223315, 'shap_norm_sq': 205.912081472179}
{'sample_size': 395, 'difference': 1, 'noise': 0, 'n': 79, 'shap_error': 0.037243491968394535, 'shap_norm_sq': 18.03039976093688}
{'sample_size': 790, 'difference': 0, 'noise': 0, 'n': 79, 'shap_error': 0.01591552938171317, 'shap_norm_sq': 18.03039976093688}
{'sample_size': 1580, 'difference': 0, 'noise': 0, 'n': 79, 'shap_error': 0.009150041939712014, 'shap_norm_sq': 18.03039976093688}
{'sample_size': 3160, 'difference': 0, 'noise': 0, 'n': 79, 'shap_error': 0.003816564901485667, 'shap_norm_sq': 18.03039976093688}
{'sample_size': 6320, 'difference': 0, 'noise': 0, 'n': 79, 'shap_error': 0.0021554694378343973, 'shap_norm_sq': 18.03039976093688}
{'sample_size': 12640, 'difference': 0, 'noise': 0, 'n': 79, 'shap_error': 0.0007700162099224526, 'shap_norm_sq': 18.03039976093688}
{'sample_size': 395, 'difference': 1, 'noise': 0, 'n': 79, 'shap_error': 0.005557403577760355, 'shap_norm_sq': 100.79667056208018}
{'sample_size': 790, 'difference': 0, 'noise': 0, 'n': 79, 'shap_error': 0.002342512429631138, 'shap_norm_sq': 100.79667056208018}
{'sample_size': 1580, 'difference': 0, 'noise': 0, 'n': 79, 'shap_error': 0.001166387197155229, 'shap_norm_sq': 100.79667056208018}
{'sample_size': 3160, 'difference': 0, 'noise': 0, 'n': 79, 'shap_error': 0.00039130320281995855, 'shap_norm_sq': 100.79667056208018}
{'sample_size': 6320, 'difference': 0, 'noise': 0, 'n': 79, 'shap_error': 0.00030013669252555437, 'shap_norm_sq': 100.79667056208018}
{'sample_size': 12640, 'difference': 0, 'noise': 0, 'n': 79, 'shap_error': 0.000135833290271293, 'shap_norm_sq': 100.79667056208018}
{'sample_size': 395, 'difference': 1, 'noise': 0, 'n': 79, 'shap_error': 0.09510465112133279, 'shap_norm_sq': 15.02517144565445}
{'sample_size': 790, 'difference': 0, 'noise': 0, 'n': 79, 'shap_error': 0.07088649842496911, 'shap_norm_sq': 15.02517144565445}
{'sample_size': 1580, 'difference': 0, 'noise': 0, 'n': 79, 'shap_error': 0.023781096242660282, 'shap_norm_sq': 15.02517144565445}
{'sample_size': 3160, 'difference': 0, 'noise': 0, 'n': 79, 'shap_error': 0.0097796066016892, 'shap_norm_sq': 15.02517144565445}
{'sample_size': 6320, 'difference': 0, 'noise': 0, 'n': 79, 'shap_error': 0.005382077664936433, 'shap_norm_sq': 15.02517144565445}
{'sample_size': 12640, 'difference': 0, 'noise': 0, 'n': 79, 'shap_error': 0.0032335213116216665, 'shap_norm_sq': 15.02517144565445}
{'sample_size': 395, 'difference': 1, 'noise': 0, 'n': 79, 'shap_error': 0.052081146613430426, 'shap_norm_sq': 24.28614933835972}
{'sample_size': 790, 'difference': 0, 'noise': 0, 'n': 79, 'shap_error': 0.02297576872571928, 'shap_norm_sq': 24.28614933835972}
{'sample_size': 1580, 'difference': 0, 'noise': 0, 'n': 79, 'shap_error': 0.009492863470136106, 'shap_norm_sq': 24.28614933835972}
{'sample_size': 3160, 'difference': 0, 'noise': 0, 'n': 79, 'shap_error': 0.005372408400771404, 'shap_norm_sq': 24.28614933835972}
{'sample_size': 6320, 'difference': 0, 'noise': 0, 'n': 79, 'shap_error': 0.0027707528321212526, 'shap_norm_sq': 24.28614933835972}
{'sample_size': 12640, 'difference': 0, 'noise': 0, 'n': 79, 'shap_error': 0.0008532410539314678, 'shap_norm_sq': 24.28614933835972}
{'sample_size': 395, 'difference': 1, 'noise': 0, 'n': 79, 'shap_error': 0.036650223130435554, 'shap_norm_sq': 254.6475454616909}
{'sample_size': 790, 'difference': 0, 'noise': 0, 'n': 79, 'shap_error': 0.013714225147197653, 'shap_norm_sq': 254.6475454616909}
{'sample_size': 1580, 'difference': 0, 'noise': 0, 'n': 79, 'shap_error': 0.004857653577616736, 'shap_norm_sq': 254.6475454616909}
{'sample_size': 3160, 'difference': 0, 'noise': 0, 'n': 79, 'shap_error': 0.0030298736939386303, 'shap_norm_sq': 254.6475454616909}
{'sample_size': 6320, 'difference': 0, 'noise': 0, 'n': 79, 'shap_error': 0.0016887017441152997, 'shap_norm_sq': 254.6475454616909}
{'sample_size': 12640, 'difference': 0, 'noise': 0, 'n': 79, 'shap_error': 0.0007847579865095123, 'shap_norm_sq': 254.6475454616909}
{'sample_size': 395, 'difference': 1, 'noise': 0, 'n': 79, 'shap_error': 0.0016159417210272805, 'shap_norm_sq': 116.99436288234631}
{'sample_size': 790, 'difference': 0, 'noise': 0, 'n': 79, 'shap_error': 0.0005996659774341293, 'shap_norm_sq': 116.99436288234631}
{'sample_size': 1580, 'difference': 0, 'noise': 0, 'n': 79, 'shap_error': 0.00029575314426123235, 'shap_norm_sq': 116.99436288234631}
{'sample_size': 3160, 'difference': 0, 'noise': 0, 'n': 79, 'shap_error': 0.00013503642012068601, 'shap_norm_sq': 116.99436288234631}
{'sample_size': 6320, 'difference': 0, 'noise': 0, 'n': 79, 'shap_error': 7.717413738835116e-05, 'shap_norm_sq': 116.99436288234631}
{'sample_size': 12640, 'difference': 0, 'noise': 0, 'n': 79, 'shap_error': 3.931137186086122e-05, 'shap_norm_sq': 116.99436288234631}
{'sample_size': 395, 'difference': 1, 'noise': 0, 'n': 79, 'shap_error': 0.05075058844747021, 'shap_norm_sq': 102.31099036377495}
{'sample_size': 790, 'difference': 0, 'noise': 0, 'n': 79, 'shap_error': 0.02231168181591627, 'shap_norm_sq': 102.31099036377495}
{'sample_size': 1580, 'difference': 0, 'noise': 0, 'n': 79, 'shap_error': 0.011216374547698566, 'shap_norm_sq': 102.31099036377495}
{'sample_size': 3160, 'difference': 0, 'noise': 0, 'n': 79, 'shap_error': 0.004771544724869924, 'shap_norm_sq': 102.31099036377495}
{'sample_size': 6320, 'difference': 0, 'noise': 0, 'n': 79, 'shap_error': 0.002989691260384177, 'shap_norm_sq': 102.31099036377495}
{'sample_size': 12640, 'difference': 0, 'noise': 0, 'n': 79, 'shap_error': 0.0014930799614207401, 'shap_norm_sq': 102.31099036377495}
{'sample_size': 395, 'difference': 1, 'noise': 0, 'n': 79, 'shap_error': 0.028011538652186942, 'shap_norm_sq': 173.41918450871572}
{'sample_size': 790, 'difference': 0, 'noise': 0, 'n': 79, 'shap_error': 0.007976175073575686, 'shap_norm_sq': 173.41918450871572}
{'sample_size': 1580, 'difference': 0, 'noise': 0, 'n': 79, 'shap_error': 0.007943195023599234, 'shap_norm_sq': 173.41918450871572}
{'sample_size': 3160, 'difference': 0, 'noise': 0, 'n': 79, 'shap_error': 0.0029785425417766472, 'shap_norm_sq': 173.41918450871572}
{'sample_size': 6320, 'difference': 0, 'noise': 0, 'n': 79, 'shap_error': 0.0011800037112933508, 'shap_norm_sq': 173.41918450871572}
{'sample_size': 12640, 'difference': 0, 'noise': 0, 'n': 79, 'shap_error': 0.0007953519397417867, 'shap_norm_sq': 173.41918450871572}
{'sample_size': 395, 'difference': 1, 'noise': 0, 'n': 79, 'shap_error': 0.03396739294576087, 'shap_norm_sq': 35.615413207299255}
{'sample_size': 790, 'difference': 0, 'noise': 0, 'n': 79, 'shap_error': 0.013821452249408367, 'shap_norm_sq': 35.615413207299255}
{'sample_size': 1580, 'difference': 0, 'noise': 0, 'n': 79, 'shap_error': 0.005506228024485693, 'shap_norm_sq': 35.615413207299255}
{'sample_size': 3160, 'difference': 0, 'noise': 0, 'n': 79, 'shap_error': 0.0030666795912060022, 'shap_norm_sq': 35.615413207299255}
{'sample_size': 6320, 'difference': 0, 'noise': 0, 'n': 79, 'shap_error': 0.001646562321325573, 'shap_norm_sq': 35.615413207299255}
{'sample_size': 12640, 'difference': 0, 'noise': 0, 'n': 79, 'shap_error': 0.0008163745772659849, 'shap_norm_sq': 35.615413207299255}
{'sample_size': 395, 'difference': 1, 'noise': 0, 'n': 79, 'shap_error': 0.09842296427459923, 'shap_norm_sq': 13.80155801936073}
{'sample_size': 790, 'difference': 0, 'noise': 0, 'n': 79, 'shap_error': 0.029754597899386937, 'shap_norm_sq': 13.80155801936073}
{'sample_size': 1580, 'difference': 0, 'noise': 0, 'n': 79, 'shap_error': 0.016897881680403334, 'shap_norm_sq': 13.80155801936073}
{'sample_size': 3160, 'difference': 0, 'noise': 0, 'n': 79, 'shap_error': 0.009191453252973733, 'shap_norm_sq': 13.80155801936073}
{'sample_size': 6320, 'difference': 0, 'noise': 0, 'n': 79, 'shap_error': 0.003390886951003051, 'shap_norm_sq': 13.80155801936073}
{'sample_size': 12640, 'difference': 0, 'noise': 0, 'n': 79, 'shap_error': 0.0016470355369477324, 'shap_norm_sq': 13.80155801936073}
{'sample_size': 395, 'difference': 1, 'noise': 0, 'n': 79, 'shap_error': 0.09928871398231524, 'shap_norm_sq': 42.40902911153137}
{'sample_size': 790, 'difference': 0, 'noise': 0, 'n': 79, 'shap_error': 0.06036399737610907, 'shap_norm_sq': 42.40902911153137}
{'sample_size': 1580, 'difference': 0, 'noise': 0, 'n': 79, 'shap_error': 0.02700294216445509, 'shap_norm_sq': 42.40902911153137}
{'sample_size': 3160, 'difference': 0, 'noise': 0, 'n': 79, 'shap_error': 0.01485065395779621, 'shap_norm_sq': 42.40902911153137}
{'sample_size': 6320, 'difference': 0, 'noise': 0, 'n': 79, 'shap_error': 0.00562685240175095, 'shap_norm_sq': 42.40902911153137}
{'sample_size': 12640, 'difference': 0, 'noise': 0, 'n': 79, 'shap_error': 0.00405459807304545, 'shap_norm_sq': 42.40902911153137}
{'sample_size': 395, 'difference': 1, 'noise': 0, 'n': 79, 'shap_error': 0.07594896086342982, 'shap_norm_sq': 32.827355668365776}
{'sample_size': 790, 'difference': 0, 'noise': 0, 'n': 79, 'shap_error': 0.020903046002201234, 'shap_norm_sq': 32.827355668365776}
{'sample_size': 1580, 'difference': 0, 'noise': 0, 'n': 79, 'shap_error': 0.009748982609046256, 'shap_norm_sq': 32.827355668365776}
{'sample_size': 3160, 'difference': 0, 'noise': 0, 'n': 79, 'shap_error': 0.005134074758393984, 'shap_norm_sq': 32.827355668365776}
{'sample_size': 6320, 'difference': 0, 'noise': 0, 'n': 79, 'shap_error': 0.003798416466470136, 'shap_norm_sq': 32.827355668365776}
{'sample_size': 12640, 'difference': 0, 'noise': 0, 'n': 79, 'shap_error': 0.0013810863946148134, 'shap_norm_sq': 32.827355668365776}
{'sample_size': 395, 'difference': 1, 'noise': 0, 'n': 79, 'shap_error': 0.1244713956263849, 'shap_norm_sq': 15.218163635433783}
{'sample_size': 790, 'difference': 0, 'noise': 0, 'n': 79, 'shap_error': 0.05123025939584017, 'shap_norm_sq': 15.218163635433783}
{'sample_size': 1580, 'difference': 0, 'noise': 0, 'n': 79, 'shap_error': 0.027975782741346256, 'shap_norm_sq': 15.218163635433783}
{'sample_size': 3160, 'difference': 0, 'noise': 0, 'n': 79, 'shap_error': 0.011719972245752141, 'shap_norm_sq': 15.218163635433783}
{'sample_size': 6320, 'difference': 0, 'noise': 0, 'n': 79, 'shap_error': 0.006121634170931514, 'shap_norm_sq': 15.218163635433783}
{'sample_size': 12640, 'difference': 0, 'noise': 0, 'n': 79, 'shap_error': 0.002797892248247359, 'shap_norm_sq': 15.218163635433783}
{'sample_size': 395, 'difference': 1, 'noise': 0, 'n': 79, 'shap_error': 0.1442530223355915, 'shap_norm_sq': 20.537935658567513}
{'sample_size': 790, 'difference': 0, 'noise': 0, 'n': 79, 'shap_error': 0.09244072728005046, 'shap_norm_sq': 20.537935658567513}
{'sample_size': 1580, 'difference': 0, 'noise': 0, 'n': 79, 'shap_error': 0.03783713488369407, 'shap_norm_sq': 20.537935658567513}
{'sample_size': 3160, 'difference': 0, 'noise': 0, 'n': 79, 'shap_error': 0.025061756695062675, 'shap_norm_sq': 20.537935658567513}
{'sample_size': 6320, 'difference': 0, 'noise': 0, 'n': 79, 'shap_error': 0.010188079953949596, 'shap_norm_sq': 20.537935658567513}
{'sample_size': 12640, 'difference': 0, 'noise': 0, 'n': 79, 'shap_error': 0.005005570657475824, 'shap_norm_sq': 20.537935658567513}
{'sample_size': 395, 'difference': 1, 'noise': 0, 'n': 79, 'shap_error': 0.007641724249302818, 'shap_norm_sq': 119.19695420999676}
{'sample_size': 790, 'difference': 0, 'noise': 0, 'n': 79, 'shap_error': 0.004344624669218515, 'shap_norm_sq': 119.19695420999676}
{'sample_size': 1580, 'difference': 0, 'noise': 0, 'n': 79, 'shap_error': 0.0018294187615277757, 'shap_norm_sq': 119.19695420999676}
{'sample_size': 3160, 'difference': 0, 'noise': 0, 'n': 79, 'shap_error': 0.0009877963578053942, 'shap_norm_sq': 119.19695420999676}
{'sample_size': 6320, 'difference': 0, 'noise': 0, 'n': 79, 'shap_error': 0.00036055189220169336, 'shap_norm_sq': 119.19695420999676}
{'sample_size': 12640, 'difference': 0, 'noise': 0, 'n': 79, 'shap_error': 0.00018600695311979599, 'shap_norm_sq': 119.19695420999676}
{'sample_size': 395, 'difference': 1, 'noise': 0, 'n': 79, 'shap_error': 0.06964382108508117, 'shap_norm_sq': 13.001768995604218}
{'sample_size': 790, 'difference': 0, 'noise': 0, 'n': 79, 'shap_error': 0.03196087255512145, 'shap_norm_sq': 13.001768995604218}
{'sample_size': 1580, 'difference': 0, 'noise': 0, 'n': 79, 'shap_error': 0.011002767469651927, 'shap_norm_sq': 13.001768995604218}
{'sample_size': 3160, 'difference': 0, 'noise': 0, 'n': 79, 'shap_error': 0.005900578801220715, 'shap_norm_sq': 13.001768995604218}
{'sample_size': 6320, 'difference': 0, 'noise': 0, 'n': 79, 'shap_error': 0.0025176534694644065, 'shap_norm_sq': 13.001768995604218}
{'sample_size': 12640, 'difference': 0, 'noise': 0, 'n': 79, 'shap_error': 0.001548923119839315, 'shap_norm_sq': 13.001768995604218}
{'sample_size': 395, 'difference': 1, 'noise': 0, 'n': 79, 'shap_error': 0.1690855515444631, 'shap_norm_sq': 20.288636792945574}
{'sample_size': 790, 'difference': 0, 'noise': 0, 'n': 79, 'shap_error': 0.08848483969334062, 'shap_norm_sq': 20.288636792945574}
{'sample_size': 1580, 'difference': 0, 'noise': 0, 'n': 79, 'shap_error': 0.04020027125488402, 'shap_norm_sq': 20.288636792945574}
{'sample_size': 3160, 'difference': 0, 'noise': 0, 'n': 79, 'shap_error': 0.014327732328336838, 'shap_norm_sq': 20.288636792945574}
{'sample_size': 6320, 'difference': 0, 'noise': 0, 'n': 79, 'shap_error': 0.010512102301900495, 'shap_norm_sq': 20.288636792945574}
{'sample_size': 12640, 'difference': 0, 'noise': 0, 'n': 79, 'shap_error': 0.004276588781886348, 'shap_norm_sq': 20.288636792945574}
{'sample_size': 395, 'difference': 1, 'noise': 0, 'n': 79, 'shap_error': 0.3989300786597431, 'shap_norm_sq': 20.410827015416118}
{'sample_size': 790, 'difference': 0, 'noise': 0, 'n': 79, 'shap_error': 0.1578801193224904, 'shap_norm_sq': 20.410827015416118}
{'sample_size': 1580, 'difference': 0, 'noise': 0, 'n': 79, 'shap_error': 0.060928674415375306, 'shap_norm_sq': 20.410827015416118}
{'sample_size': 3160, 'difference': 0, 'noise': 0, 'n': 79, 'shap_error': 0.046788215255614454, 'shap_norm_sq': 20.410827015416118}
{'sample_size': 6320, 'difference': 0, 'noise': 0, 'n': 79, 'shap_error': 0.014466117547776566, 'shap_norm_sq': 20.410827015416118}
{'sample_size': 12640, 'difference': 0, 'noise': 0, 'n': 79, 'shap_error': 0.005783598998050681, 'shap_norm_sq': 20.410827015416118}
{'sample_size': 395, 'difference': 1, 'noise': 0, 'n': 79, 'shap_error': 0.007965041612925848, 'shap_norm_sq': 115.48674040463875}
{'sample_size': 790, 'difference': 0, 'noise': 0, 'n': 79, 'shap_error': 0.004051895464921346, 'shap_norm_sq': 115.48674040463875}
{'sample_size': 1580, 'difference': 0, 'noise': 0, 'n': 79, 'shap_error': 0.003145566068276437, 'shap_norm_sq': 115.48674040463875}
{'sample_size': 3160, 'difference': 0, 'noise': 0, 'n': 79, 'shap_error': 0.0014401371181809466, 'shap_norm_sq': 115.48674040463875}
{'sample_size': 6320, 'difference': 0, 'noise': 0, 'n': 79, 'shap_error': 0.00040513972639604005, 'shap_norm_sq': 115.48674040463875}
{'sample_size': 12640, 'difference': 0, 'noise': 0, 'n': 79, 'shap_error': 0.0003094209426326983, 'shap_norm_sq': 115.48674040463875}
{'sample_size': 395, 'difference': 1, 'noise': 0, 'n': 79, 'shap_error': 0.226231800422208, 'shap_norm_sq': 24.88886090328099}
{'sample_size': 790, 'difference': 0, 'noise': 0, 'n': 79, 'shap_error': 0.09547660973210083, 'shap_norm_sq': 24.88886090328099}
{'sample_size': 1580, 'difference': 0, 'noise': 0, 'n': 79, 'shap_error': 0.05501878287357589, 'shap_norm_sq': 24.88886090328099}
{'sample_size': 3160, 'difference': 0, 'noise': 0, 'n': 79, 'shap_error': 0.027086459317583567, 'shap_norm_sq': 24.88886090328099}
{'sample_size': 6320, 'difference': 0, 'noise': 0, 'n': 79, 'shap_error': 0.01234155680742996, 'shap_norm_sq': 24.88886090328099}
{'sample_size': 12640, 'difference': 0, 'noise': 0, 'n': 79, 'shap_error': 0.005950461689177627, 'shap_norm_sq': 24.88886090328099}
{'sample_size': 395, 'difference': 1, 'noise': 0, 'n': 79, 'shap_error': 0.056913852948868325, 'shap_norm_sq': 39.130272443950496}
{'sample_size': 790, 'difference': 0, 'noise': 0, 'n': 79, 'shap_error': 0.021808424957671105, 'shap_norm_sq': 39.130272443950496}
{'sample_size': 1580, 'difference': 0, 'noise': 0, 'n': 79, 'shap_error': 0.01863953003108932, 'shap_norm_sq': 39.130272443950496}
{'sample_size': 3160, 'difference': 0, 'noise': 0, 'n': 79, 'shap_error': 0.005032978674998763, 'shap_norm_sq': 39.130272443950496}
{'sample_size': 6320, 'difference': 0, 'noise': 0, 'n': 79, 'shap_error': 0.002525647648232785, 'shap_norm_sq': 39.130272443950496}
{'sample_size': 12640, 'difference': 0, 'noise': 0, 'n': 79, 'shap_error': 0.0015450806139538217, 'shap_norm_sq': 39.130272443950496}
{'sample_size': 395, 'difference': 1, 'noise': 0, 'n': 79, 'shap_error': 0.0621524240594955, 'shap_norm_sq': 18.77539236126273}
{'sample_size': 790, 'difference': 0, 'noise': 0, 'n': 79, 'shap_error': 0.03597054631006291, 'shap_norm_sq': 18.77539236126273}
{'sample_size': 1580, 'difference': 0, 'noise': 0, 'n': 79, 'shap_error': 0.01802114010395415, 'shap_norm_sq': 18.77539236126273}
{'sample_size': 3160, 'difference': 0, 'noise': 0, 'n': 79, 'shap_error': 0.00534439938401617, 'shap_norm_sq': 18.77539236126273}
{'sample_size': 6320, 'difference': 0, 'noise': 0, 'n': 79, 'shap_error': 0.0033045337969615503, 'shap_norm_sq': 18.77539236126273}
{'sample_size': 12640, 'difference': 0, 'noise': 0, 'n': 79, 'shap_error': 0.0014749255282326306, 'shap_norm_sq': 18.77539236126273}
{'sample_size': 395, 'difference': 1, 'noise': 0, 'n': 79, 'shap_error': 0.1392671480215118, 'shap_norm_sq': 21.78402445889907}
{'sample_size': 790, 'difference': 0, 'noise': 0, 'n': 79, 'shap_error': 0.09596347430454122, 'shap_norm_sq': 21.78402445889907}
{'sample_size': 1580, 'difference': 0, 'noise': 0, 'n': 79, 'shap_error': 0.03766719230184785, 'shap_norm_sq': 21.78402445889907}
{'sample_size': 3160, 'difference': 0, 'noise': 0, 'n': 79, 'shap_error': 0.02660543570184215, 'shap_norm_sq': 21.78402445889907}
{'sample_size': 6320, 'difference': 0, 'noise': 0, 'n': 79, 'shap_error': 0.011447893111935921, 'shap_norm_sq': 21.78402445889907}
{'sample_size': 12640, 'difference': 0, 'noise': 0, 'n': 79, 'shap_error': 0.003571290008433272, 'shap_norm_sq': 21.78402445889907}
{'sample_size': 395, 'difference': 1, 'noise': 0, 'n': 79, 'shap_error': 0.05061069776865382, 'shap_norm_sq': 39.09623240050939}
{'sample_size': 790, 'difference': 0, 'noise': 0, 'n': 79, 'shap_error': 0.015834333669197277, 'shap_norm_sq': 39.09623240050939}
{'sample_size': 1580, 'difference': 0, 'noise': 0, 'n': 79, 'shap_error': 0.004223293192053146, 'shap_norm_sq': 39.09623240050939}
{'sample_size': 3160, 'difference': 0, 'noise': 0, 'n': 79, 'shap_error': 0.003528024950269883, 'shap_norm_sq': 39.09623240050939}
{'sample_size': 6320, 'difference': 0, 'noise': 0, 'n': 79, 'shap_error': 0.0020246324687977018, 'shap_norm_sq': 39.09623240050939}
{'sample_size': 12640, 'difference': 0, 'noise': 0, 'n': 79, 'shap_error': 0.0009543063235101753, 'shap_norm_sq': 39.09623240050939}
{'sample_size': 395, 'difference': 1, 'noise': 0, 'n': 79, 'shap_error': 0.014696845178030443, 'shap_norm_sq': 251.0883338558607}
{'sample_size': 790, 'difference': 0, 'noise': 0, 'n': 79, 'shap_error': 0.006369664021906439, 'shap_norm_sq': 251.0883338558607}
{'sample_size': 1580, 'difference': 0, 'noise': 0, 'n': 79, 'shap_error': 0.0038915696916893817, 'shap_norm_sq': 251.0883338558607}
{'sample_size': 3160, 'difference': 0, 'noise': 0, 'n': 79, 'shap_error': 0.0016065629687050408, 'shap_norm_sq': 251.0883338558607}
{'sample_size': 6320, 'difference': 0, 'noise': 0, 'n': 79, 'shap_error': 0.000652454313460254, 'shap_norm_sq': 251.0883338558607}
{'sample_size': 12640, 'difference': 0, 'noise': 0, 'n': 79, 'shap_error': 0.0003096365407108675, 'shap_norm_sq': 251.0883338558607}
{'sample_size': 395, 'difference': 1, 'noise': 0, 'n': 79, 'shap_error': 0.010101956309137032, 'shap_norm_sq': 105.90004388917114}
{'sample_size': 790, 'difference': 0, 'noise': 0, 'n': 79, 'shap_error': 0.005234305943252347, 'shap_norm_sq': 105.90004388917114}
{'sample_size': 1580, 'difference': 0, 'noise': 0, 'n': 79, 'shap_error': 0.0026251628462763787, 'shap_norm_sq': 105.90004388917114}
{'sample_size': 3160, 'difference': 0, 'noise': 0, 'n': 79, 'shap_error': 0.0008040225749506568, 'shap_norm_sq': 105.90004388917114}
{'sample_size': 6320, 'difference': 0, 'noise': 0, 'n': 79, 'shap_error': 0.0004383506305129028, 'shap_norm_sq': 105.90004388917114}
{'sample_size': 12640, 'difference': 0, 'noise': 0, 'n': 79, 'shap_error': 0.00029312347575866945, 'shap_norm_sq': 105.90004388917114}
{'sample_size': 395, 'difference': 1, 'noise': 0, 'n': 79, 'shap_error': 0.05420621215830283, 'shap_norm_sq': 15.75229720049262}
{'sample_size': 790, 'difference': 0, 'noise': 0, 'n': 79, 'shap_error': 0.021957703852518533, 'shap_norm_sq': 15.75229720049262}
{'sample_size': 1580, 'difference': 0, 'noise': 0, 'n': 79, 'shap_error': 0.010304406446458924, 'shap_norm_sq': 15.75229720049262}
{'sample_size': 3160, 'difference': 0, 'noise': 0, 'n': 79, 'shap_error': 0.006084928945415289, 'shap_norm_sq': 15.75229720049262}
{'sample_size': 6320, 'difference': 0, 'noise': 0, 'n': 79, 'shap_error': 0.0028303576442531043, 'shap_norm_sq': 15.75229720049262}
{'sample_size': 12640, 'difference': 0, 'noise': 0, 'n': 79, 'shap_error': 0.0013305857426685146, 'shap_norm_sq': 15.75229720049262}
{'sample_size': 395, 'difference': 1, 'noise': 0, 'n': 79, 'shap_error': 0.04536764307787036, 'shap_norm_sq': 54.94503307516041}
{'sample_size': 790, 'difference': 0, 'noise': 0, 'n': 79, 'shap_error': 0.024610520656842966, 'shap_norm_sq': 54.94503307516041}
{'sample_size': 1580, 'difference': 0, 'noise': 0, 'n': 79, 'shap_error': 0.01188805299829099, 'shap_norm_sq': 54.94503307516041}
{'sample_size': 3160, 'difference': 0, 'noise': 0, 'n': 79, 'shap_error': 0.00598950942268953, 'shap_norm_sq': 54.94503307516041}
{'sample_size': 6320, 'difference': 0, 'noise': 0, 'n': 79, 'shap_error': 0.0029424874808019405, 'shap_norm_sq': 54.94503307516041}
{'sample_size': 12640, 'difference': 0, 'noise': 0, 'n': 79, 'shap_error': 0.0012708258609050822, 'shap_norm_sq': 54.94503307516041}
{'sample_size': 395, 'difference': 1, 'noise': 0, 'n': 79, 'shap_error': 0.09915815537463961, 'shap_norm_sq': 27.273525617952394}
{'sample_size': 790, 'difference': 0, 'noise': 0, 'n': 79, 'shap_error': 0.03334564681693038, 'shap_norm_sq': 27.273525617952394}
{'sample_size': 1580, 'difference': 0, 'noise': 0, 'n': 79, 'shap_error': 0.01981443536926492, 'shap_norm_sq': 27.273525617952394}
{'sample_size': 3160, 'difference': 0, 'noise': 0, 'n': 79, 'shap_error': 0.009779293343318653, 'shap_norm_sq': 27.273525617952394}
{'sample_size': 6320, 'difference': 0, 'noise': 0, 'n': 79, 'shap_error': 0.0043359944800371334, 'shap_norm_sq': 27.273525617952394}
{'sample_size': 12640, 'difference': 0, 'noise': 0, 'n': 79, 'shap_error': 0.0019293953787891177, 'shap_norm_sq': 27.273525617952394}
{'sample_size': 395, 'difference': 1, 'noise': 0, 'n': 79, 'shap_error': 0.12697886862699442, 'shap_norm_sq': 168.34394845996783}
{'sample_size': 790, 'difference': 0, 'noise': 0, 'n': 79, 'shap_error': 0.06806136213094162, 'shap_norm_sq': 168.34394845996783}
{'sample_size': 1580, 'difference': 0, 'noise': 0, 'n': 79, 'shap_error': 0.02798476842042735, 'shap_norm_sq': 168.34394845996783}
{'sample_size': 3160, 'difference': 0, 'noise': 0, 'n': 79, 'shap_error': 0.012155474093318077, 'shap_norm_sq': 168.34394845996783}
{'sample_size': 6320, 'difference': 0, 'noise': 0, 'n': 79, 'shap_error': 0.005123739350149358, 'shap_norm_sq': 168.34394845996783}
{'sample_size': 12640, 'difference': 0, 'noise': 0, 'n': 79, 'shap_error': 0.0022507264464622888, 'shap_norm_sq': 168.34394845996783}
{'sample_size': 395, 'difference': 1, 'noise': 0, 'n': 79, 'shap_error': 0.006302187471890186, 'shap_norm_sq': 210.58221978381596}
{'sample_size': 790, 'difference': 0, 'noise': 0, 'n': 79, 'shap_error': 0.0023147774672940113, 'shap_norm_sq': 210.58221978381596}
{'sample_size': 1580, 'difference': 0, 'noise': 0, 'n': 79, 'shap_error': 0.001553395703387054, 'shap_norm_sq': 210.58221978381596}
{'sample_size': 3160, 'difference': 0, 'noise': 0, 'n': 79, 'shap_error': 0.0006625646156373557, 'shap_norm_sq': 210.58221978381596}
{'sample_size': 6320, 'difference': 0, 'noise': 0, 'n': 79, 'shap_error': 0.0002725424427857563, 'shap_norm_sq': 210.58221978381596}
{'sample_size': 12640, 'difference': 0, 'noise': 0, 'n': 79, 'shap_error': 0.00014823572893256527, 'shap_norm_sq': 210.58221978381596}
{'sample_size': 395, 'difference': 1, 'noise': 0, 'n': 79, 'shap_error': 0.07056620624977239, 'shap_norm_sq': 50.04623913887282}
{'sample_size': 790, 'difference': 0, 'noise': 0, 'n': 79, 'shap_error': 0.02939069984979903, 'shap_norm_sq': 50.04623913887282}
{'sample_size': 1580, 'difference': 0, 'noise': 0, 'n': 79, 'shap_error': 0.012357034282272784, 'shap_norm_sq': 50.04623913887282}
{'sample_size': 3160, 'difference': 0, 'noise': 0, 'n': 79, 'shap_error': 0.006863772134650861, 'shap_norm_sq': 50.04623913887282}
{'sample_size': 6320, 'difference': 0, 'noise': 0, 'n': 79, 'shap_error': 0.0032687183142817945, 'shap_norm_sq': 50.04623913887282}
{'sample_size': 12640, 'difference': 0, 'noise': 0, 'n': 79, 'shap_error': 0.001750368696173196, 'shap_norm_sq': 50.04623913887282}
{'sample_size': 395, 'difference': 1, 'noise': 0, 'n': 79, 'shap_error': 0.10915647383345828, 'shap_norm_sq': 21.28894051596188}
{'sample_size': 790, 'difference': 0, 'noise': 0, 'n': 79, 'shap_error': 0.0490952157641198, 'shap_norm_sq': 21.28894051596188}
{'sample_size': 1580, 'difference': 0, 'noise': 0, 'n': 79, 'shap_error': 0.027036022957319234, 'shap_norm_sq': 21.28894051596188}
{'sample_size': 3160, 'difference': 0, 'noise': 0, 'n': 79, 'shap_error': 0.0069478287301789335, 'shap_norm_sq': 21.28894051596188}
{'sample_size': 6320, 'difference': 0, 'noise': 0, 'n': 79, 'shap_error': 0.004417029386964703, 'shap_norm_sq': 21.28894051596188}
{'sample_size': 12640, 'difference': 0, 'noise': 0, 'n': 79, 'shap_error': 0.0020821684135384163, 'shap_norm_sq': 21.28894051596188}
{'sample_size': 395, 'difference': 1, 'noise': 0, 'n': 79, 'shap_error': 0.14963595722998094, 'shap_norm_sq': 4.88175375235758}
{'sample_size': 790, 'difference': 0, 'noise': 0, 'n': 79, 'shap_error': 0.07971255366891242, 'shap_norm_sq': 4.88175375235758}
{'sample_size': 1580, 'difference': 0, 'noise': 0, 'n': 79, 'shap_error': 0.03347349867567913, 'shap_norm_sq': 4.88175375235758}
{'sample_size': 3160, 'difference': 0, 'noise': 0, 'n': 79, 'shap_error': 0.014911467413596958, 'shap_norm_sq': 4.88175375235758}
{'sample_size': 6320, 'difference': 0, 'noise': 0, 'n': 79, 'shap_error': 0.006199096795894177, 'shap_norm_sq': 4.88175375235758}
{'sample_size': 12640, 'difference': 0, 'noise': 0, 'n': 79, 'shap_error': 0.002069188631311606, 'shap_norm_sq': 4.88175375235758}
{'sample_size': 395, 'difference': 1, 'noise': 0, 'n': 79, 'shap_error': 0.056569491927943145, 'shap_norm_sq': 10.46565794712287}
{'sample_size': 790, 'difference': 0, 'noise': 0, 'n': 79, 'shap_error': 0.03432947377981375, 'shap_norm_sq': 10.46565794712287}
{'sample_size': 1580, 'difference': 0, 'noise': 0, 'n': 79, 'shap_error': 0.010822610299774745, 'shap_norm_sq': 10.46565794712287}
{'sample_size': 3160, 'difference': 0, 'noise': 0, 'n': 79, 'shap_error': 0.005209242976687475, 'shap_norm_sq': 10.46565794712287}
{'sample_size': 6320, 'difference': 0, 'noise': 0, 'n': 79, 'shap_error': 0.002795369051104166, 'shap_norm_sq': 10.46565794712287}
{'sample_size': 12640, 'difference': 0, 'noise': 0, 'n': 79, 'shap_error': 0.0014550747776104194, 'shap_norm_sq': 10.46565794712287}
{'sample_size': 395, 'difference': 1, 'noise': 0, 'n': 79, 'shap_error': 0.006940369076153695, 'shap_norm_sq': 340.8947996894022}
{'sample_size': 790, 'difference': 0, 'noise': 0, 'n': 79, 'shap_error': 0.002459039770273807, 'shap_norm_sq': 340.8947996894022}
{'sample_size': 1580, 'difference': 0, 'noise': 0, 'n': 79, 'shap_error': 0.00139854490202126, 'shap_norm_sq': 340.8947996894022}
{'sample_size': 3160, 'difference': 0, 'noise': 0, 'n': 79, 'shap_error': 0.000500528376289014, 'shap_norm_sq': 340.8947996894022}
{'sample_size': 6320, 'difference': 0, 'noise': 0, 'n': 79, 'shap_error': 0.00022669072471394086, 'shap_norm_sq': 340.8947996894022}
{'sample_size': 12640, 'difference': 0, 'noise': 0, 'n': 79, 'shap_error': 0.00011228921349025254, 'shap_norm_sq': 340.8947996894022}
{'sample_size': 395, 'difference': 1, 'noise': 0, 'n': 79, 'shap_error': 0.18878570051386134, 'shap_norm_sq': 16.331879343667588}
{'sample_size': 790, 'difference': 0, 'noise': 0, 'n': 79, 'shap_error': 0.09631454453572523, 'shap_norm_sq': 16.331879343667588}
{'sample_size': 1580, 'difference': 0, 'noise': 0, 'n': 79, 'shap_error': 0.043858340387460774, 'shap_norm_sq': 16.331879343667588}
{'sample_size': 3160, 'difference': 0, 'noise': 0, 'n': 79, 'shap_error': 0.014558245073678524, 'shap_norm_sq': 16.331879343667588}
{'sample_size': 6320, 'difference': 0, 'noise': 0, 'n': 79, 'shap_error': 0.008745670563303568, 'shap_norm_sq': 16.331879343667588}
{'sample_size': 12640, 'difference': 0, 'noise': 0, 'n': 79, 'shap_error': 0.005575007632862689, 'shap_norm_sq': 16.331879343667588}
{'sample_size': 395, 'difference': 1, 'noise': 0, 'n': 79, 'shap_error': 0.03616202049129448, 'shap_norm_sq': 41.908400179887394}
{'sample_size': 790, 'difference': 0, 'noise': 0, 'n': 79, 'shap_error': 0.016644938103766452, 'shap_norm_sq': 41.908400179887394}
{'sample_size': 1580, 'difference': 0, 'noise': 0, 'n': 79, 'shap_error': 0.00761131907313134, 'shap_norm_sq': 41.908400179887394}
{'sample_size': 3160, 'difference': 0, 'noise': 0, 'n': 79, 'shap_error': 0.0025275748060532895, 'shap_norm_sq': 41.908400179887394}
{'sample_size': 6320, 'difference': 0, 'noise': 0, 'n': 79, 'shap_error': 0.0015143626751170315, 'shap_norm_sq': 41.908400179887394}
{'sample_size': 12640, 'difference': 0, 'noise': 0, 'n': 79, 'shap_error': 0.0008609135383286765, 'shap_norm_sq': 41.908400179887394}
{'sample_size': 395, 'difference': 1, 'noise': 0, 'n': 79, 'shap_error': 0.027666140242892275, 'shap_norm_sq': 6.289717209382058}
{'sample_size': 790, 'difference': 0, 'noise': 0, 'n': 79, 'shap_error': 0.006256254706804581, 'shap_norm_sq': 6.289717209382058}
{'sample_size': 1580, 'difference': 0, 'noise': 0, 'n': 79, 'shap_error': 0.00463026752802291, 'shap_norm_sq': 6.289717209382058}
{'sample_size': 3160, 'difference': 0, 'noise': 0, 'n': 79, 'shap_error': 0.0022405889222038046, 'shap_norm_sq': 6.289717209382058}
{'sample_size': 6320, 'difference': 0, 'noise': 0, 'n': 79, 'shap_error': 0.0008733782911121906, 'shap_norm_sq': 6.289717209382058}
{'sample_size': 12640, 'difference': 0, 'noise': 0, 'n': 79, 'shap_error': 0.0005863487541981037, 'shap_norm_sq': 6.289717209382058}
{'sample_size': 395, 'difference': 1, 'noise': 0, 'n': 79, 'shap_error': 0.08143241295105969, 'shap_norm_sq': 28.440322246586177}
{'sample_size': 790, 'difference': 0, 'noise': 0, 'n': 79, 'shap_error': 0.030702354809498556, 'shap_norm_sq': 28.440322246586177}
{'sample_size': 1580, 'difference': 0, 'noise': 0, 'n': 79, 'shap_error': 0.01398982634243382, 'shap_norm_sq': 28.440322246586177}
{'sample_size': 3160, 'difference': 0, 'noise': 0, 'n': 79, 'shap_error': 0.006200088621067577, 'shap_norm_sq': 28.440322246586177}
{'sample_size': 6320, 'difference': 0, 'noise': 0, 'n': 79, 'shap_error': 0.004000785165082591, 'shap_norm_sq': 28.440322246586177}
{'sample_size': 12640, 'difference': 0, 'noise': 0, 'n': 79, 'shap_error': 0.001299751351402746, 'shap_norm_sq': 28.440322246586177}
{'sample_size': 395, 'difference': 1, 'noise': 0, 'n': 79, 'shap_error': 0.13775838606119745, 'shap_norm_sq': 38.94028171825632}
{'sample_size': 790, 'difference': 0, 'noise': 0, 'n': 79, 'shap_error': 0.044033365477897955, 'shap_norm_sq': 38.94028171825632}
{'sample_size': 1580, 'difference': 0, 'noise': 0, 'n': 79, 'shap_error': 0.022037869063969096, 'shap_norm_sq': 38.94028171825632}
{'sample_size': 3160, 'difference': 0, 'noise': 0, 'n': 79, 'shap_error': 0.011531481030151286, 'shap_norm_sq': 38.94028171825632}
{'sample_size': 6320, 'difference': 0, 'noise': 0, 'n': 79, 'shap_error': 0.006566693836834589, 'shap_norm_sq': 38.94028171825632}
{'sample_size': 12640, 'difference': 0, 'noise': 0, 'n': 79, 'shap_error': 0.003518604215817887, 'shap_norm_sq': 38.94028171825632}
{'sample_size': 395, 'difference': 1, 'noise': 0, 'n': 79, 'shap_error': 0.11580441547399732, 'shap_norm_sq': 48.91290561831941}
{'sample_size': 790, 'difference': 0, 'noise': 0, 'n': 79, 'shap_error': 0.059272013318683814, 'shap_norm_sq': 48.91290561831941}
{'sample_size': 1580, 'difference': 0, 'noise': 0, 'n': 79, 'shap_error': 0.0290949857339933, 'shap_norm_sq': 48.91290561831941}
{'sample_size': 3160, 'difference': 0, 'noise': 0, 'n': 79, 'shap_error': 0.013887545674791557, 'shap_norm_sq': 48.91290561831941}
{'sample_size': 6320, 'difference': 0, 'noise': 0, 'n': 79, 'shap_error': 0.006289883397607719, 'shap_norm_sq': 48.91290561831941}
{'sample_size': 12640, 'difference': 0, 'noise': 0, 'n': 79, 'shap_error': 0.002872853682693048, 'shap_norm_sq': 48.91290561831941}
{'sample_size': 395, 'difference': 1, 'noise': 0, 'n': 79, 'shap_error': 0.06065524789066801, 'shap_norm_sq': 132.37264659653053}
{'sample_size': 790, 'difference': 0, 'noise': 0, 'n': 79, 'shap_error': 0.03596790140171862, 'shap_norm_sq': 132.37264659653053}
{'sample_size': 1580, 'difference': 0, 'noise': 0, 'n': 79, 'shap_error': 0.011717024711145082, 'shap_norm_sq': 132.37264659653053}
{'sample_size': 3160, 'difference': 0, 'noise': 0, 'n': 79, 'shap_error': 0.006704825555762598, 'shap_norm_sq': 132.37264659653053}
{'sample_size': 6320, 'difference': 0, 'noise': 0, 'n': 79, 'shap_error': 0.004209847885376595, 'shap_norm_sq': 132.37264659653053}
{'sample_size': 12640, 'difference': 0, 'noise': 0, 'n': 79, 'shap_error': 0.0013424796439466791, 'shap_norm_sq': 132.37264659653053}
{'sample_size': 395, 'difference': 1, 'noise': 0, 'n': 79, 'shap_error': 0.057866491819938165, 'shap_norm_sq': 29.9722151943134}
{'sample_size': 790, 'difference': 0, 'noise': 0, 'n': 79, 'shap_error': 0.037258980624851286, 'shap_norm_sq': 29.9722151943134}
{'sample_size': 1580, 'difference': 0, 'noise': 0, 'n': 79, 'shap_error': 0.014507558043558428, 'shap_norm_sq': 29.9722151943134}
{'sample_size': 3160, 'difference': 0, 'noise': 0, 'n': 79, 'shap_error': 0.007717470844537752, 'shap_norm_sq': 29.9722151943134}
{'sample_size': 6320, 'difference': 0, 'noise': 0, 'n': 79, 'shap_error': 0.003781265145018067, 'shap_norm_sq': 29.9722151943134}
{'sample_size': 12640, 'difference': 0, 'noise': 0, 'n': 79, 'shap_error': 0.0017608273925079974, 'shap_norm_sq': 29.9722151943134}
{'sample_size': 395, 'difference': 1, 'noise': 0, 'n': 79, 'shap_error': 0.08574339036472307, 'shap_norm_sq': 54.61902873592742}
{'sample_size': 790, 'difference': 0, 'noise': 0, 'n': 79, 'shap_error': 0.035696136770052025, 'shap_norm_sq': 54.61902873592742}
{'sample_size': 1580, 'difference': 0, 'noise': 0, 'n': 79, 'shap_error': 0.014885874835126576, 'shap_norm_sq': 54.61902873592742}
{'sample_size': 3160, 'difference': 0, 'noise': 0, 'n': 79, 'shap_error': 0.007003659706503174, 'shap_norm_sq': 54.61902873592742}
{'sample_size': 6320, 'difference': 0, 'noise': 0, 'n': 79, 'shap_error': 0.003275712585435567, 'shap_norm_sq': 54.61902873592742}
{'sample_size': 12640, 'difference': 0, 'noise': 0, 'n': 79, 'shap_error': 0.0016668259999209482, 'shap_norm_sq': 54.61902873592742}
{'sample_size': 395, 'difference': 1, 'noise': 0, 'n': 79, 'shap_error': 0.138403107617153, 'shap_norm_sq': 14.261537562424065}
{'sample_size': 790, 'difference': 0, 'noise': 0, 'n': 79, 'shap_error': 0.05917267780921913, 'shap_norm_sq': 14.261537562424065}
{'sample_size': 1580, 'difference': 0, 'noise': 0, 'n': 79, 'shap_error': 0.030078263310362542, 'shap_norm_sq': 14.261537562424065}
{'sample_size': 3160, 'difference': 0, 'noise': 0, 'n': 79, 'shap_error': 0.011150629352494883, 'shap_norm_sq': 14.261537562424065}
{'sample_size': 6320, 'difference': 0, 'noise': 0, 'n': 79, 'shap_error': 0.005936775715377246, 'shap_norm_sq': 14.261537562424065}
{'sample_size': 12640, 'difference': 0, 'noise': 0, 'n': 79, 'shap_error': 0.0029384982712054386, 'shap_norm_sq': 14.261537562424065}
{'sample_size': 395, 'difference': 1, 'noise': 0, 'n': 79, 'shap_error': 0.0023173437737818658, 'shap_norm_sq': 217.16967585283393}
{'sample_size': 790, 'difference': 0, 'noise': 0, 'n': 79, 'shap_error': 0.0011010594039441528, 'shap_norm_sq': 217.16967585283393}
{'sample_size': 1580, 'difference': 0, 'noise': 0, 'n': 79, 'shap_error': 0.00033640353180893807, 'shap_norm_sq': 217.16967585283393}
{'sample_size': 3160, 'difference': 0, 'noise': 0, 'n': 79, 'shap_error': 0.0002286094781395635, 'shap_norm_sq': 217.16967585283393}
{'sample_size': 6320, 'difference': 0, 'noise': 0, 'n': 79, 'shap_error': 0.0001630401852373471, 'shap_norm_sq': 217.16967585283393}
{'sample_size': 12640, 'difference': 0, 'noise': 0, 'n': 79, 'shap_error': 7.543472819531797e-05, 'shap_norm_sq': 217.16967585283393}
{'sample_size': 395, 'difference': 1, 'noise': 0, 'n': 79, 'shap_error': 0.17447787541516258, 'shap_norm_sq': 8.267981718114838}
{'sample_size': 790, 'difference': 0, 'noise': 0, 'n': 79, 'shap_error': 0.0796300473644853, 'shap_norm_sq': 8.267981718114838}
{'sample_size': 1580, 'difference': 0, 'noise': 0, 'n': 79, 'shap_error': 0.024893834099028695, 'shap_norm_sq': 8.267981718114838}
{'sample_size': 3160, 'difference': 0, 'noise': 0, 'n': 79, 'shap_error': 0.014535598984981933, 'shap_norm_sq': 8.267981718114838}
{'sample_size': 6320, 'difference': 0, 'noise': 0, 'n': 79, 'shap_error': 0.007763494293794385, 'shap_norm_sq': 8.267981718114838}
{'sample_size': 12640, 'difference': 0, 'noise': 0, 'n': 79, 'shap_error': 0.0034070102568305783, 'shap_norm_sq': 8.267981718114838}
{'sample_size': 395, 'difference': 1, 'noise': 0, 'n': 79, 'shap_error': 0.029689217056839686, 'shap_norm_sq': 137.97079552077298}
{'sample_size': 790, 'difference': 0, 'noise': 0, 'n': 79, 'shap_error': 0.012492722508421492, 'shap_norm_sq': 137.97079552077298}
{'sample_size': 1580, 'difference': 0, 'noise': 0, 'n': 79, 'shap_error': 0.005533552522976966, 'shap_norm_sq': 137.97079552077298}
{'sample_size': 3160, 'difference': 0, 'noise': 0, 'n': 79, 'shap_error': 0.0021633693844925984, 'shap_norm_sq': 137.97079552077298}
{'sample_size': 6320, 'difference': 0, 'noise': 0, 'n': 79, 'shap_error': 0.00129330261258369, 'shap_norm_sq': 137.97079552077298}
{'sample_size': 12640, 'difference': 0, 'noise': 0, 'n': 79, 'shap_error': 0.0007210983942437338, 'shap_norm_sq': 137.97079552077298}
{'sample_size': 395, 'difference': 1, 'noise': 0, 'n': 79, 'shap_error': 0.15392251949863364, 'shap_norm_sq': 38.069153253841534}
{'sample_size': 790, 'difference': 0, 'noise': 0, 'n': 79, 'shap_error': 0.04833434036783932, 'shap_norm_sq': 38.069153253841534}
{'sample_size': 1580, 'difference': 0, 'noise': 0, 'n': 79, 'shap_error': 0.022360655271001454, 'shap_norm_sq': 38.069153253841534}
{'sample_size': 3160, 'difference': 0, 'noise': 0, 'n': 79, 'shap_error': 0.014844454559785576, 'shap_norm_sq': 38.069153253841534}
{'sample_size': 6320, 'difference': 0, 'noise': 0, 'n': 79, 'shap_error': 0.0057684682112455095, 'shap_norm_sq': 38.069153253841534}
{'sample_size': 12640, 'difference': 0, 'noise': 0, 'n': 79, 'shap_error': 0.0030381521408813644, 'shap_norm_sq': 38.069153253841534}
{'sample_size': 395, 'difference': 1, 'noise': 0, 'n': 79, 'shap_error': 0.22669072261530718, 'shap_norm_sq': 7.395873394416008}
{'sample_size': 790, 'difference': 0, 'noise': 0, 'n': 79, 'shap_error': 0.1110696024947462, 'shap_norm_sq': 7.395873394416008}
{'sample_size': 1580, 'difference': 0, 'noise': 0, 'n': 79, 'shap_error': 0.030903376164627825, 'shap_norm_sq': 7.395873394416008}
{'sample_size': 3160, 'difference': 0, 'noise': 0, 'n': 79, 'shap_error': 0.014840689065723328, 'shap_norm_sq': 7.395873394416008}
{'sample_size': 6320, 'difference': 0, 'noise': 0, 'n': 79, 'shap_error': 0.009698588581738419, 'shap_norm_sq': 7.395873394416008}
{'sample_size': 12640, 'difference': 0, 'noise': 0, 'n': 79, 'shap_error': 0.005797201977290598, 'shap_norm_sq': 7.395873394416008}
{'sample_size': 395, 'difference': 1, 'noise': 0, 'n': 79, 'shap_error': 0.05097005649475937, 'shap_norm_sq': 27.240661245642713}
{'sample_size': 790, 'difference': 0, 'noise': 0, 'n': 79, 'shap_error': 0.023537384961549987, 'shap_norm_sq': 27.240661245642713}
{'sample_size': 1580, 'difference': 0, 'noise': 0, 'n': 79, 'shap_error': 0.012014748379276937, 'shap_norm_sq': 27.240661245642713}
{'sample_size': 3160, 'difference': 0, 'noise': 0, 'n': 79, 'shap_error': 0.005579580252008515, 'shap_norm_sq': 27.240661245642713}
{'sample_size': 6320, 'difference': 0, 'noise': 0, 'n': 79, 'shap_error': 0.003320379092022889, 'shap_norm_sq': 27.240661245642713}
{'sample_size': 12640, 'difference': 0, 'noise': 0, 'n': 79, 'shap_error': 0.0013390551217524862, 'shap_norm_sq': 27.240661245642713}
{'sample_size': 395, 'difference': 1, 'noise': 0, 'n': 79, 'shap_error': 0.039793893907932004, 'shap_norm_sq': 18.594602876752948}
{'sample_size': 790, 'difference': 0, 'noise': 0, 'n': 79, 'shap_error': 0.022982816100588162, 'shap_norm_sq': 18.594602876752948}
{'sample_size': 1580, 'difference': 0, 'noise': 0, 'n': 79, 'shap_error': 0.010288517219977663, 'shap_norm_sq': 18.594602876752948}
{'sample_size': 3160, 'difference': 0, 'noise': 0, 'n': 79, 'shap_error': 0.0062283196414786735, 'shap_norm_sq': 18.594602876752948}
{'sample_size': 6320, 'difference': 0, 'noise': 0, 'n': 79, 'shap_error': 0.0027345690457071382, 'shap_norm_sq': 18.594602876752948}
{'sample_size': 12640, 'difference': 0, 'noise': 0, 'n': 79, 'shap_error': 0.0008697153809654236, 'shap_norm_sq': 18.594602876752948}
{'sample_size': 395, 'difference': 1, 'noise': 0, 'n': 79, 'shap_error': 0.1082320534958627, 'shap_norm_sq': 14.200401372548487}
{'sample_size': 790, 'difference': 0, 'noise': 0, 'n': 79, 'shap_error': 0.051119042243808775, 'shap_norm_sq': 14.200401372548487}
{'sample_size': 1580, 'difference': 0, 'noise': 0, 'n': 79, 'shap_error': 0.02016630983918888, 'shap_norm_sq': 14.200401372548487}
{'sample_size': 3160, 'difference': 0, 'noise': 0, 'n': 79, 'shap_error': 0.011480735098434506, 'shap_norm_sq': 14.200401372548487}
{'sample_size': 6320, 'difference': 0, 'noise': 0, 'n': 79, 'shap_error': 0.004060648040157948, 'shap_norm_sq': 14.200401372548487}
{'sample_size': 12640, 'difference': 0, 'noise': 0, 'n': 79, 'shap_error': 0.0027763476097874785, 'shap_norm_sq': 14.200401372548487}
{'sample_size': 395, 'difference': 1, 'noise': 0, 'n': 79, 'shap_error': 0.009301356233289015, 'shap_norm_sq': 267.8485691590223}
{'sample_size': 790, 'difference': 0, 'noise': 0, 'n': 79, 'shap_error': 0.0037162804784685, 'shap_norm_sq': 267.8485691590223}
{'sample_size': 1580, 'difference': 0, 'noise': 0, 'n': 79, 'shap_error': 0.0019738316735678817, 'shap_norm_sq': 267.8485691590223}
{'sample_size': 3160, 'difference': 0, 'noise': 0, 'n': 79, 'shap_error': 0.0008394696151411939, 'shap_norm_sq': 267.8485691590223}
{'sample_size': 6320, 'difference': 0, 'noise': 0, 'n': 79, 'shap_error': 0.0005307119034095349, 'shap_norm_sq': 267.8485691590223}
{'sample_size': 12640, 'difference': 0, 'noise': 0, 'n': 79, 'shap_error': 0.00030429525891298957, 'shap_norm_sq': 267.8485691590223}
{'sample_size': 395, 'difference': 1, 'noise': 0, 'n': 79, 'shap_error': 0.1530968715634952, 'shap_norm_sq': 10.899291280782567}
{'sample_size': 790, 'difference': 0, 'noise': 0, 'n': 79, 'shap_error': 0.036985457883365526, 'shap_norm_sq': 10.899291280782567}
{'sample_size': 1580, 'difference': 0, 'noise': 0, 'n': 79, 'shap_error': 0.023503249878521943, 'shap_norm_sq': 10.899291280782567}
{'sample_size': 3160, 'difference': 0, 'noise': 0, 'n': 79, 'shap_error': 0.013805360594178754, 'shap_norm_sq': 10.899291280782567}
{'sample_size': 6320, 'difference': 0, 'noise': 0, 'n': 79, 'shap_error': 0.006128202424129328, 'shap_norm_sq': 10.899291280782567}
{'sample_size': 12640, 'difference': 0, 'noise': 0, 'n': 79, 'shap_error': 0.002473540498791694, 'shap_norm_sq': 10.899291280782567}
{'sample_size': 395, 'difference': 1, 'noise': 0, 'n': 79, 'shap_error': 0.05176716823187794, 'shap_norm_sq': 53.62727347241663}
{'sample_size': 790, 'difference': 0, 'noise': 0, 'n': 79, 'shap_error': 0.022864173802308835, 'shap_norm_sq': 53.62727347241663}
{'sample_size': 1580, 'difference': 0, 'noise': 0, 'n': 79, 'shap_error': 0.009523511970877233, 'shap_norm_sq': 53.62727347241663}
{'sample_size': 3160, 'difference': 0, 'noise': 0, 'n': 79, 'shap_error': 0.004918551023346933, 'shap_norm_sq': 53.62727347241663}
{'sample_size': 6320, 'difference': 0, 'noise': 0, 'n': 79, 'shap_error': 0.002315423071400299, 'shap_norm_sq': 53.62727347241663}
{'sample_size': 12640, 'difference': 0, 'noise': 0, 'n': 79, 'shap_error': 0.0011297774244321396, 'shap_norm_sq': 53.62727347241663}
{'sample_size': 395, 'difference': 1, 'noise': 0, 'n': 79, 'shap_error': 0.016841848095510873, 'shap_norm_sq': 17.237921310588675}
{'sample_size': 790, 'difference': 0, 'noise': 0, 'n': 79, 'shap_error': 0.008739868786249062, 'shap_norm_sq': 17.237921310588675}
{'sample_size': 1580, 'difference': 0, 'noise': 0, 'n': 79, 'shap_error': 0.003762353092945938, 'shap_norm_sq': 17.237921310588675}
{'sample_size': 3160, 'difference': 0, 'noise': 0, 'n': 79, 'shap_error': 0.001663380052795618, 'shap_norm_sq': 17.237921310588675}
{'sample_size': 6320, 'difference': 0, 'noise': 0, 'n': 79, 'shap_error': 0.00067173208657527, 'shap_norm_sq': 17.237921310588675}
{'sample_size': 12640, 'difference': 0, 'noise': 0, 'n': 79, 'shap_error': 0.00031082764621900155, 'shap_norm_sq': 17.237921310588675}
{'sample_size': 395, 'difference': 1, 'noise': 0, 'n': 79, 'shap_error': 0.055404261800103556, 'shap_norm_sq': 64.03103352314389}
{'sample_size': 790, 'difference': 0, 'noise': 0, 'n': 79, 'shap_error': 0.022954169237885243, 'shap_norm_sq': 64.03103352314389}
{'sample_size': 1580, 'difference': 0, 'noise': 0, 'n': 79, 'shap_error': 0.013215257124974013, 'shap_norm_sq': 64.03103352314389}
{'sample_size': 3160, 'difference': 0, 'noise': 0, 'n': 79, 'shap_error': 0.006763698944861633, 'shap_norm_sq': 64.03103352314389}
{'sample_size': 6320, 'difference': 0, 'noise': 0, 'n': 79, 'shap_error': 0.0026765455988343413, 'shap_norm_sq': 64.03103352314389}
{'sample_size': 12640, 'difference': 0, 'noise': 0, 'n': 79, 'shap_error': 0.0014314973762714295, 'shap_norm_sq': 64.03103352314389}
{'sample_size': 395, 'difference': 1, 'noise': 0, 'n': 79, 'shap_error': 0.08154340350496168, 'shap_norm_sq': 16.432595461674634}
{'sample_size': 790, 'difference': 0, 'noise': 0, 'n': 79, 'shap_error': 0.04913353676066947, 'shap_norm_sq': 16.432595461674634}
{'sample_size': 1580, 'difference': 0, 'noise': 0, 'n': 79, 'shap_error': 0.019470893797977434, 'shap_norm_sq': 16.432595461674634}
{'sample_size': 3160, 'difference': 0, 'noise': 0, 'n': 79, 'shap_error': 0.009919860942420871, 'shap_norm_sq': 16.432595461674634}
{'sample_size': 6320, 'difference': 0, 'noise': 0, 'n': 79, 'shap_error': 0.0037555766482541683, 'shap_norm_sq': 16.432595461674634}
{'sample_size': 12640, 'difference': 0, 'noise': 0, 'n': 79, 'shap_error': 0.002326529110297309, 'shap_norm_sq': 16.432595461674634}
{'sample_size': 395, 'difference': 1, 'noise': 0, 'n': 79, 'shap_error': 0.05763334342199563, 'shap_norm_sq': 23.674530760321304}
{'sample_size': 790, 'difference': 0, 'noise': 0, 'n': 79, 'shap_error': 0.025360045590766742, 'shap_norm_sq': 23.674530760321304}
{'sample_size': 1580, 'difference': 0, 'noise': 0, 'n': 79, 'shap_error': 0.009481440107359945, 'shap_norm_sq': 23.674530760321304}
{'sample_size': 3160, 'difference': 0, 'noise': 0, 'n': 79, 'shap_error': 0.005845659176745082, 'shap_norm_sq': 23.674530760321304}
{'sample_size': 6320, 'difference': 0, 'noise': 0, 'n': 79, 'shap_error': 0.0021649317896694866, 'shap_norm_sq': 23.674530760321304}
{'sample_size': 12640, 'difference': 0, 'noise': 0, 'n': 79, 'shap_error': 0.001773151992431815, 'shap_norm_sq': 23.674530760321304}
{'sample_size': 395, 'difference': 1, 'noise': 0, 'n': 79, 'shap_error': 0.008795865481856163, 'shap_norm_sq': 18.46458961757078}
{'sample_size': 790, 'difference': 0, 'noise': 0, 'n': 79, 'shap_error': 0.0036381282270534234, 'shap_norm_sq': 18.46458961757078}
{'sample_size': 1580, 'difference': 0, 'noise': 0, 'n': 79, 'shap_error': 0.0020776473092116994, 'shap_norm_sq': 18.46458961757078}
{'sample_size': 3160, 'difference': 0, 'noise': 0, 'n': 79, 'shap_error': 0.0010030356185355932, 'shap_norm_sq': 18.46458961757078}
{'sample_size': 6320, 'difference': 0, 'noise': 0, 'n': 79, 'shap_error': 0.0005749180652851785, 'shap_norm_sq': 18.46458961757078}
{'sample_size': 12640, 'difference': 0, 'noise': 0, 'n': 79, 'shap_error': 0.0002457384328298709, 'shap_norm_sq': 18.46458961757078}
{'sample_size': 395, 'difference': 1, 'noise': 0, 'n': 79, 'shap_error': 0.022017161049851332, 'shap_norm_sq': 234.91135371423638}
{'sample_size': 790, 'difference': 0, 'noise': 0, 'n': 79, 'shap_error': 0.008555178963377336, 'shap_norm_sq': 234.91135371423638}
{'sample_size': 1580, 'difference': 0, 'noise': 0, 'n': 79, 'shap_error': 0.0040721677236051, 'shap_norm_sq': 234.91135371423638}
{'sample_size': 3160, 'difference': 0, 'noise': 0, 'n': 79, 'shap_error': 0.0016513580865310865, 'shap_norm_sq': 234.91135371423638}
{'sample_size': 6320, 'difference': 0, 'noise': 0, 'n': 79, 'shap_error': 0.0008487948011308758, 'shap_norm_sq': 234.91135371423638}
{'sample_size': 12640, 'difference': 0, 'noise': 0, 'n': 79, 'shap_error': 0.00037479466717236555, 'shap_norm_sq': 234.91135371423638}
{'sample_size': 395, 'difference': 1, 'noise': 0, 'n': 79, 'shap_error': 0.013428049670947587, 'shap_norm_sq': 170.4287067676861}
{'sample_size': 790, 'difference': 0, 'noise': 0, 'n': 79, 'shap_error': 0.005164305714767984, 'shap_norm_sq': 170.4287067676861}
{'sample_size': 1580, 'difference': 0, 'noise': 0, 'n': 79, 'shap_error': 0.002359142415528251, 'shap_norm_sq': 170.4287067676861}
{'sample_size': 3160, 'difference': 0, 'noise': 0, 'n': 79, 'shap_error': 0.0015628614044103156, 'shap_norm_sq': 170.4287067676861}
{'sample_size': 6320, 'difference': 0, 'noise': 0, 'n': 79, 'shap_error': 0.000502947743166991, 'shap_norm_sq': 170.4287067676861}
{'sample_size': 12640, 'difference': 0, 'noise': 0, 'n': 79, 'shap_error': 0.0002693933952512081, 'shap_norm_sq': 170.4287067676861}
{'sample_size': 790, 'difference': 0, 'noise': 0.0005, 'n': 79, 'shap_error': 0.009159681227335112, 'shap_norm_sq': 176.5920909062474}
{'sample_size': 790, 'difference': 0, 'noise': 0.001, 'n': 79, 'shap_error': 0.008471608967145538, 'shap_norm_sq': 176.5920909062474}
{'sample_size': 790, 'difference': 0, 'noise': 0.005, 'n': 79, 'shap_error': 0.01156183737373616, 'shap_norm_sq': 176.5920909062474}
{'sample_size': 790, 'difference': 0, 'noise': 0.01, 'n': 79, 'shap_error': 0.007606630995925318, 'shap_norm_sq': 176.5920909062474}
{'sample_size': 790, 'difference': 0, 'noise': 0.05, 'n': 79, 'shap_error': 0.008702662668146345, 'shap_norm_sq': 176.5920909062474}
{'sample_size': 790, 'difference': 0, 'noise': 0.1, 'n': 79, 'shap_error': 0.011431433924582273, 'shap_norm_sq': 176.5920909062474}
{'sample_size': 790, 'difference': 0, 'noise': 0.5, 'n': 79, 'shap_error': 0.011899021994098462, 'shap_norm_sq': 176.5920909062474}
{'sample_size': 790, 'difference': 0, 'noise': 1, 'n': 79, 'shap_error': 0.010830591467752575, 'shap_norm_sq': 176.5920909062474}
{'sample_size': 790, 'difference': 0, 'noise': 0.0005, 'n': 79, 'shap_error': 0.07492940414885349, 'shap_norm_sq': 20.084252463209726}
{'sample_size': 790, 'difference': 0, 'noise': 0.001, 'n': 79, 'shap_error': 0.0718344020792723, 'shap_norm_sq': 20.084252463209726}
{'sample_size': 790, 'difference': 0, 'noise': 0.005, 'n': 79, 'shap_error': 0.060966545459612755, 'shap_norm_sq': 20.084252463209726}
{'sample_size': 790, 'difference': 0, 'noise': 0.01, 'n': 79, 'shap_error': 0.07547447613632917, 'shap_norm_sq': 20.084252463209726}
{'sample_size': 790, 'difference': 0, 'noise': 0.05, 'n': 79, 'shap_error': 0.05125452364225381, 'shap_norm_sq': 20.084252463209726}
{'sample_size': 790, 'difference': 0, 'noise': 0.1, 'n': 79, 'shap_error': 0.06397589500920704, 'shap_norm_sq': 20.084252463209726}
{'sample_size': 790, 'difference': 0, 'noise': 0.5, 'n': 79, 'shap_error': 0.0633025982751882, 'shap_norm_sq': 20.084252463209726}
{'sample_size': 790, 'difference': 0, 'noise': 1, 'n': 79, 'shap_error': 0.07178090652094614, 'shap_norm_sq': 20.084252463209726}
{'sample_size': 790, 'difference': 0, 'noise': 0.0005, 'n': 79, 'shap_error': 0.013348242561715955, 'shap_norm_sq': 148.00477053999788}
{'sample_size': 790, 'difference': 0, 'noise': 0.001, 'n': 79, 'shap_error': 0.01549121211900477, 'shap_norm_sq': 148.00477053999788}
{'sample_size': 790, 'difference': 0, 'noise': 0.005, 'n': 79, 'shap_error': 0.014857693300251069, 'shap_norm_sq': 148.00477053999788}
{'sample_size': 790, 'difference': 0, 'noise': 0.01, 'n': 79, 'shap_error': 0.018974866462291417, 'shap_norm_sq': 148.00477053999788}
{'sample_size': 790, 'difference': 0, 'noise': 0.05, 'n': 79, 'shap_error': 0.0201149535930405, 'shap_norm_sq': 148.00477053999788}
{'sample_size': 790, 'difference': 0, 'noise': 0.1, 'n': 79, 'shap_error': 0.01594317631512739, 'shap_norm_sq': 148.00477053999788}
{'sample_size': 790, 'difference': 0, 'noise': 0.5, 'n': 79, 'shap_error': 0.021452728779687593, 'shap_norm_sq': 148.00477053999788}
{'sample_size': 790, 'difference': 0, 'noise': 1, 'n': 79, 'shap_error': 0.04245578498924269, 'shap_norm_sq': 148.00477053999788}
{'sample_size': 790, 'difference': 0, 'noise': 0.0005, 'n': 79, 'shap_error': 0.010444901032654054, 'shap_norm_sq': 15.97553400192092}
{'sample_size': 790, 'difference': 0, 'noise': 0.001, 'n': 79, 'shap_error': 0.007967604798343877, 'shap_norm_sq': 15.97553400192092}
{'sample_size': 790, 'difference': 0, 'noise': 0.005, 'n': 79, 'shap_error': 0.011085851428476293, 'shap_norm_sq': 15.97553400192092}
{'sample_size': 790, 'difference': 0, 'noise': 0.01, 'n': 79, 'shap_error': 0.009831433141964567, 'shap_norm_sq': 15.97553400192092}
{'sample_size': 790, 'difference': 0, 'noise': 0.05, 'n': 79, 'shap_error': 0.01071314782481346, 'shap_norm_sq': 15.97553400192092}
{'sample_size': 790, 'difference': 0, 'noise': 0.1, 'n': 79, 'shap_error': 0.013167959941049192, 'shap_norm_sq': 15.97553400192092}
{'sample_size': 790, 'difference': 0, 'noise': 0.5, 'n': 79, 'shap_error': 0.027085282322089933, 'shap_norm_sq': 15.97553400192092}
{'sample_size': 790, 'difference': 0, 'noise': 1, 'n': 79, 'shap_error': 0.10155206940486286, 'shap_norm_sq': 15.97553400192092}
{'sample_size': 790, 'difference': 0, 'noise': 0.0005, 'n': 79, 'shap_error': 0.0064047438235506635, 'shap_norm_sq': 60.68441020144731}
{'sample_size': 790, 'difference': 0, 'noise': 0.001, 'n': 79, 'shap_error': 0.0060743721990413726, 'shap_norm_sq': 60.68441020144731}
{'sample_size': 790, 'difference': 0, 'noise': 0.005, 'n': 79, 'shap_error': 0.005492864261424191, 'shap_norm_sq': 60.68441020144731}
{'sample_size': 790, 'difference': 0, 'noise': 0.01, 'n': 79, 'shap_error': 0.008133404356595207, 'shap_norm_sq': 60.68441020144731}
{'sample_size': 790, 'difference': 0, 'noise': 0.05, 'n': 79, 'shap_error': 0.005877731166973649, 'shap_norm_sq': 60.68441020144731}
{'sample_size': 790, 'difference': 0, 'noise': 0.1, 'n': 79, 'shap_error': 0.005076477965102315, 'shap_norm_sq': 60.68441020144731}
{'sample_size': 790, 'difference': 0, 'noise': 0.5, 'n': 79, 'shap_error': 0.014975016024714334, 'shap_norm_sq': 60.68441020144731}
{'sample_size': 790, 'difference': 0, 'noise': 1, 'n': 79, 'shap_error': 0.030885779444561716, 'shap_norm_sq': 60.68441020144731}
{'sample_size': 790, 'difference': 0, 'noise': 0.0005, 'n': 79, 'shap_error': 0.010513988856424619, 'shap_norm_sq': 136.26130924077654}
{'sample_size': 790, 'difference': 0, 'noise': 0.001, 'n': 79, 'shap_error': 0.008941532937196059, 'shap_norm_sq': 136.26130924077654}
{'sample_size': 790, 'difference': 0, 'noise': 0.005, 'n': 79, 'shap_error': 0.009116007370242138, 'shap_norm_sq': 136.26130924077654}
{'sample_size': 790, 'difference': 0, 'noise': 0.01, 'n': 79, 'shap_error': 0.01136098676704337, 'shap_norm_sq': 136.26130924077654}
{'sample_size': 790, 'difference': 0, 'noise': 0.05, 'n': 79, 'shap_error': 0.01026811443977857, 'shap_norm_sq': 136.26130924077654}
{'sample_size': 790, 'difference': 0, 'noise': 0.1, 'n': 79, 'shap_error': 0.011795212719565861, 'shap_norm_sq': 136.26130924077654}
{'sample_size': 790, 'difference': 0, 'noise': 0.5, 'n': 79, 'shap_error': 0.016054928836461535, 'shap_norm_sq': 136.26130924077654}
{'sample_size': 790, 'difference': 0, 'noise': 1, 'n': 79, 'shap_error': 0.04207156348938465, 'shap_norm_sq': 136.26130924077654}
{'sample_size': 790, 'difference': 0, 'noise': 0.0005, 'n': 79, 'shap_error': 0.018940598295228248, 'shap_norm_sq': 12.049401362360555}
{'sample_size': 790, 'difference': 0, 'noise': 0.001, 'n': 79, 'shap_error': 0.020244574293829507, 'shap_norm_sq': 12.049401362360555}
{'sample_size': 790, 'difference': 0, 'noise': 0.005, 'n': 79, 'shap_error': 0.021038111652439025, 'shap_norm_sq': 12.049401362360555}
{'sample_size': 790, 'difference': 0, 'noise': 0.01, 'n': 79, 'shap_error': 0.020850108089708632, 'shap_norm_sq': 12.049401362360555}
{'sample_size': 790, 'difference': 0, 'noise': 0.05, 'n': 79, 'shap_error': 0.027532663012123537, 'shap_norm_sq': 12.049401362360555}
{'sample_size': 790, 'difference': 0, 'noise': 0.1, 'n': 79, 'shap_error': 0.02491423967420689, 'shap_norm_sq': 12.049401362360555}
{'sample_size': 790, 'difference': 0, 'noise': 0.5, 'n': 79, 'shap_error': 0.05431703140218792, 'shap_norm_sq': 12.049401362360555}
{'sample_size': 790, 'difference': 0, 'noise': 1, 'n': 79, 'shap_error': 0.15528880888772104, 'shap_norm_sq': 12.049401362360555}
{'sample_size': 790, 'difference': 0, 'noise': 0.0005, 'n': 79, 'shap_error': 0.022528842118696577, 'shap_norm_sq': 14.740428467777933}
{'sample_size': 790, 'difference': 0, 'noise': 0.001, 'n': 79, 'shap_error': 0.020764189011930338, 'shap_norm_sq': 14.740428467777933}
{'sample_size': 790, 'difference': 0, 'noise': 0.005, 'n': 79, 'shap_error': 0.016106645287252204, 'shap_norm_sq': 14.740428467777933}
{'sample_size': 790, 'difference': 0, 'noise': 0.01, 'n': 79, 'shap_error': 0.02822194710360595, 'shap_norm_sq': 14.740428467777933}
{'sample_size': 790, 'difference': 0, 'noise': 0.05, 'n': 79, 'shap_error': 0.019390183261780127, 'shap_norm_sq': 14.740428467777933}
{'sample_size': 790, 'difference': 0, 'noise': 0.1, 'n': 79, 'shap_error': 0.03870593888075692, 'shap_norm_sq': 14.740428467777933}
{'sample_size': 790, 'difference': 0, 'noise': 0.5, 'n': 79, 'shap_error': 0.05349402149266509, 'shap_norm_sq': 14.740428467777933}
{'sample_size': 790, 'difference': 0, 'noise': 1, 'n': 79, 'shap_error': 0.153708132480513, 'shap_norm_sq': 14.740428467777933}
{'sample_size': 790, 'difference': 0, 'noise': 0.0005, 'n': 79, 'shap_error': 0.001719749904942454, 'shap_norm_sq': 18.37896431333642}
{'sample_size': 790, 'difference': 0, 'noise': 0.001, 'n': 79, 'shap_error': 0.0011919211810324751, 'shap_norm_sq': 18.37896431333642}
{'sample_size': 790, 'difference': 0, 'noise': 0.005, 'n': 79, 'shap_error': 0.0015105166593806167, 'shap_norm_sq': 18.37896431333642}
{'sample_size': 790, 'difference': 0, 'noise': 0.01, 'n': 79, 'shap_error': 0.0013667116245976447, 'shap_norm_sq': 18.37896431333642}
{'sample_size': 790, 'difference': 0, 'noise': 0.05, 'n': 79, 'shap_error': 0.0020333321713548913, 'shap_norm_sq': 18.37896431333642}
{'sample_size': 790, 'difference': 0, 'noise': 0.1, 'n': 79, 'shap_error': 0.00411665164773146, 'shap_norm_sq': 18.37896431333642}
{'sample_size': 790, 'difference': 0, 'noise': 0.5, 'n': 79, 'shap_error': 0.04303363189804096, 'shap_norm_sq': 18.37896431333642}
{'sample_size': 790, 'difference': 0, 'noise': 1, 'n': 79, 'shap_error': 0.15175103308909677, 'shap_norm_sq': 18.37896431333642}
{'sample_size': 790, 'difference': 0, 'noise': 0.0005, 'n': 79, 'shap_error': 0.0785395266197396, 'shap_norm_sq': 152.40773170613983}
{'sample_size': 790, 'difference': 0, 'noise': 0.001, 'n': 79, 'shap_error': 0.08076835891259158, 'shap_norm_sq': 152.40773170613983}
{'sample_size': 790, 'difference': 0, 'noise': 0.005, 'n': 79, 'shap_error': 0.06467312728805034, 'shap_norm_sq': 152.40773170613983}
{'sample_size': 790, 'difference': 0, 'noise': 0.01, 'n': 79, 'shap_error': 0.062181751667142154, 'shap_norm_sq': 152.40773170613983}
{'sample_size': 790, 'difference': 0, 'noise': 0.05, 'n': 79, 'shap_error': 0.0369004995544406, 'shap_norm_sq': 152.40773170613983}
{'sample_size': 790, 'difference': 0, 'noise': 0.1, 'n': 79, 'shap_error': 0.05535876556670609, 'shap_norm_sq': 152.40773170613983}
{'sample_size': 790, 'difference': 0, 'noise': 0.5, 'n': 79, 'shap_error': 0.04725741678349876, 'shap_norm_sq': 152.40773170613983}
{'sample_size': 790, 'difference': 0, 'noise': 1, 'n': 79, 'shap_error': 0.04698984988644712, 'shap_norm_sq': 152.40773170613983}
{'sample_size': 790, 'difference': 0, 'noise': 0.0005, 'n': 79, 'shap_error': 0.00565064757343434, 'shap_norm_sq': 10.023857202259894}
{'sample_size': 790, 'difference': 0, 'noise': 0.001, 'n': 79, 'shap_error': 0.006462156422118648, 'shap_norm_sq': 10.023857202259894}
{'sample_size': 790, 'difference': 0, 'noise': 0.005, 'n': 79, 'shap_error': 0.005531068249636874, 'shap_norm_sq': 10.023857202259894}
{'sample_size': 790, 'difference': 0, 'noise': 0.01, 'n': 79, 'shap_error': 0.006891745622469372, 'shap_norm_sq': 10.023857202259894}
{'sample_size': 790, 'difference': 0, 'noise': 0.05, 'n': 79, 'shap_error': 0.005634214886986041, 'shap_norm_sq': 10.023857202259894}
{'sample_size': 790, 'difference': 0, 'noise': 0.1, 'n': 79, 'shap_error': 0.00849133295438905, 'shap_norm_sq': 10.023857202259894}
{'sample_size': 790, 'difference': 0, 'noise': 0.5, 'n': 79, 'shap_error': 0.041147656604261465, 'shap_norm_sq': 10.023857202259894}
{'sample_size': 790, 'difference': 0, 'noise': 1, 'n': 79, 'shap_error': 0.13765043182995, 'shap_norm_sq': 10.023857202259894}
{'sample_size': 790, 'difference': 0, 'noise': 0.0005, 'n': 79, 'shap_error': 0.016235579153011187, 'shap_norm_sq': 47.34563643628872}
{'sample_size': 790, 'difference': 0, 'noise': 0.001, 'n': 79, 'shap_error': 0.015059416303071753, 'shap_norm_sq': 47.34563643628872}
{'sample_size': 790, 'difference': 0, 'noise': 0.005, 'n': 79, 'shap_error': 0.012442649463402615, 'shap_norm_sq': 47.34563643628872}
{'sample_size': 790, 'difference': 0, 'noise': 0.01, 'n': 79, 'shap_error': 0.01272254729585959, 'shap_norm_sq': 47.34563643628872}
{'sample_size': 790, 'difference': 0, 'noise': 0.05, 'n': 79, 'shap_error': 0.013010754383971989, 'shap_norm_sq': 47.34563643628872}
{'sample_size': 790, 'difference': 0, 'noise': 0.1, 'n': 79, 'shap_error': 0.015797758609428947, 'shap_norm_sq': 47.34563643628872}
{'sample_size': 790, 'difference': 0, 'noise': 0.5, 'n': 79, 'shap_error': 0.0255582275562279, 'shap_norm_sq': 47.34563643628872}
{'sample_size': 790, 'difference': 0, 'noise': 1, 'n': 79, 'shap_error': 0.04008809330309182, 'shap_norm_sq': 47.34563643628872}
{'sample_size': 790, 'difference': 0, 'noise': 0.0005, 'n': 79, 'shap_error': 0.08673258918265858, 'shap_norm_sq': 12.189123000898293}
{'sample_size': 790, 'difference': 0, 'noise': 0.001, 'n': 79, 'shap_error': 0.055897684228636925, 'shap_norm_sq': 12.189123000898293}
{'sample_size': 790, 'difference': 0, 'noise': 0.005, 'n': 79, 'shap_error': 0.0590792431865336, 'shap_norm_sq': 12.189123000898293}
{'sample_size': 790, 'difference': 0, 'noise': 0.01, 'n': 79, 'shap_error': 0.06835405754618261, 'shap_norm_sq': 12.189123000898293}
{'sample_size': 790, 'difference': 0, 'noise': 0.05, 'n': 79, 'shap_error': 0.07307664897239559, 'shap_norm_sq': 12.189123000898293}
{'sample_size': 790, 'difference': 0, 'noise': 0.1, 'n': 79, 'shap_error': 0.07413007218329459, 'shap_norm_sq': 12.189123000898293}
{'sample_size': 790, 'difference': 0, 'noise': 0.5, 'n': 79, 'shap_error': 0.08908335859867143, 'shap_norm_sq': 12.189123000898293}
{'sample_size': 790, 'difference': 0, 'noise': 1, 'n': 79, 'shap_error': 0.15640398506380512, 'shap_norm_sq': 12.189123000898293}
{'sample_size': 790, 'difference': 0, 'noise': 0.0005, 'n': 79, 'shap_error': 0.019580721600935838, 'shap_norm_sq': 22.170301629600175}
{'sample_size': 790, 'difference': 0, 'noise': 0.001, 'n': 79, 'shap_error': 0.017979538548093067, 'shap_norm_sq': 22.170301629600175}
{'sample_size': 790, 'difference': 0, 'noise': 0.005, 'n': 79, 'shap_error': 0.026903584408516753, 'shap_norm_sq': 22.170301629600175}
{'sample_size': 790, 'difference': 0, 'noise': 0.01, 'n': 79, 'shap_error': 0.0177252795833281, 'shap_norm_sq': 22.170301629600175}
{'sample_size': 790, 'difference': 0, 'noise': 0.05, 'n': 79, 'shap_error': 0.01924053202247675, 'shap_norm_sq': 22.170301629600175}
{'sample_size': 790, 'difference': 0, 'noise': 0.1, 'n': 79, 'shap_error': 0.024737323005547693, 'shap_norm_sq': 22.170301629600175}
{'sample_size': 790, 'difference': 0, 'noise': 0.5, 'n': 79, 'shap_error': 0.02800525906850056, 'shap_norm_sq': 22.170301629600175}
{'sample_size': 790, 'difference': 0, 'noise': 1, 'n': 79, 'shap_error': 0.07229207209693933, 'shap_norm_sq': 22.170301629600175}
{'sample_size': 790, 'difference': 0, 'noise': 0.0005, 'n': 79, 'shap_error': 0.009504426052403248, 'shap_norm_sq': 199.08895971729703}
{'sample_size': 790, 'difference': 0, 'noise': 0.001, 'n': 79, 'shap_error': 0.01130421120452583, 'shap_norm_sq': 199.08895971729703}
{'sample_size': 790, 'difference': 0, 'noise': 0.005, 'n': 79, 'shap_error': 0.011812404409167013, 'shap_norm_sq': 199.08895971729703}
{'sample_size': 790, 'difference': 0, 'noise': 0.01, 'n': 79, 'shap_error': 0.016853535099331726, 'shap_norm_sq': 199.08895971729703}
{'sample_size': 790, 'difference': 0, 'noise': 0.05, 'n': 79, 'shap_error': 0.010774990172153925, 'shap_norm_sq': 199.08895971729703}
{'sample_size': 790, 'difference': 0, 'noise': 0.1, 'n': 79, 'shap_error': 0.014139091781615003, 'shap_norm_sq': 199.08895971729703}
{'sample_size': 790, 'difference': 0, 'noise': 0.5, 'n': 79, 'shap_error': 0.011029524037074816, 'shap_norm_sq': 199.08895971729703}
{'sample_size': 790, 'difference': 0, 'noise': 1, 'n': 79, 'shap_error': 0.017319754393804614, 'shap_norm_sq': 199.08895971729703}
{'sample_size': 790, 'difference': 0, 'noise': 0.0005, 'n': 79, 'shap_error': 0.020054143236489387, 'shap_norm_sq': 174.68228798882984}
{'sample_size': 790, 'difference': 0, 'noise': 0.001, 'n': 79, 'shap_error': 0.01912612478652548, 'shap_norm_sq': 174.68228798882984}
{'sample_size': 790, 'difference': 0, 'noise': 0.005, 'n': 79, 'shap_error': 0.02189849587676049, 'shap_norm_sq': 174.68228798882984}
{'sample_size': 790, 'difference': 0, 'noise': 0.01, 'n': 79, 'shap_error': 0.019601124674161207, 'shap_norm_sq': 174.68228798882984}
{'sample_size': 790, 'difference': 0, 'noise': 0.05, 'n': 79, 'shap_error': 0.01638218501005837, 'shap_norm_sq': 174.68228798882984}
{'sample_size': 790, 'difference': 0, 'noise': 0.1, 'n': 79, 'shap_error': 0.02098645024307925, 'shap_norm_sq': 174.68228798882984}
{'sample_size': 790, 'difference': 0, 'noise': 0.5, 'n': 79, 'shap_error': 0.02388368138264089, 'shap_norm_sq': 174.68228798882984}
{'sample_size': 790, 'difference': 0, 'noise': 1, 'n': 79, 'shap_error': 0.029890754273874998, 'shap_norm_sq': 174.68228798882984}
{'sample_size': 790, 'difference': 0, 'noise': 0.0005, 'n': 79, 'shap_error': 0.02514411254461179, 'shap_norm_sq': 20.75537075771844}
{'sample_size': 790, 'difference': 0, 'noise': 0.001, 'n': 79, 'shap_error': 0.020061058850024828, 'shap_norm_sq': 20.75537075771844}
{'sample_size': 790, 'difference': 0, 'noise': 0.005, 'n': 79, 'shap_error': 0.016713732608027144, 'shap_norm_sq': 20.75537075771844}
{'sample_size': 790, 'difference': 0, 'noise': 0.01, 'n': 79, 'shap_error': 0.024955681727543182, 'shap_norm_sq': 20.75537075771844}
{'sample_size': 790, 'difference': 0, 'noise': 0.05, 'n': 79, 'shap_error': 0.026753610756436227, 'shap_norm_sq': 20.75537075771844}
{'sample_size': 790, 'difference': 0, 'noise': 0.1, 'n': 79, 'shap_error': 0.024611396673829403, 'shap_norm_sq': 20.75537075771844}
{'sample_size': 790, 'difference': 0, 'noise': 0.5, 'n': 79, 'shap_error': 0.0409224918653397, 'shap_norm_sq': 20.75537075771844}
{'sample_size': 790, 'difference': 0, 'noise': 1, 'n': 79, 'shap_error': 0.15538386251012465, 'shap_norm_sq': 20.75537075771844}
{'sample_size': 790, 'difference': 0, 'noise': 0.0005, 'n': 79, 'shap_error': 0.02580968773447565, 'shap_norm_sq': 69.23714589372352}
{'sample_size': 790, 'difference': 0, 'noise': 0.001, 'n': 79, 'shap_error': 0.02344617754874124, 'shap_norm_sq': 69.23714589372352}
{'sample_size': 790, 'difference': 0, 'noise': 0.005, 'n': 79, 'shap_error': 0.025186889592052498, 'shap_norm_sq': 69.23714589372352}
{'sample_size': 790, 'difference': 0, 'noise': 0.01, 'n': 79, 'shap_error': 0.01895858233122448, 'shap_norm_sq': 69.23714589372352}
{'sample_size': 790, 'difference': 0, 'noise': 0.05, 'n': 79, 'shap_error': 0.018683840343919803, 'shap_norm_sq': 69.23714589372352}
{'sample_size': 790, 'difference': 0, 'noise': 0.1, 'n': 79, 'shap_error': 0.023821751671275506, 'shap_norm_sq': 69.23714589372352}
{'sample_size': 790, 'difference': 0, 'noise': 0.5, 'n': 79, 'shap_error': 0.0212444761556177, 'shap_norm_sq': 69.23714589372352}
{'sample_size': 790, 'difference': 0, 'noise': 1, 'n': 79, 'shap_error': 0.03692813077873402, 'shap_norm_sq': 69.23714589372352}
{'sample_size': 790, 'difference': 0, 'noise': 0.0005, 'n': 79, 'shap_error': 0.018858210056203067, 'shap_norm_sq': 20.065578469079746}
{'sample_size': 790, 'difference': 0, 'noise': 0.001, 'n': 79, 'shap_error': 0.02088367222928403, 'shap_norm_sq': 20.065578469079746}
{'sample_size': 790, 'difference': 0, 'noise': 0.005, 'n': 79, 'shap_error': 0.013218647928358538, 'shap_norm_sq': 20.065578469079746}
{'sample_size': 790, 'difference': 0, 'noise': 0.01, 'n': 79, 'shap_error': 0.019749300276392302, 'shap_norm_sq': 20.065578469079746}
{'sample_size': 790, 'difference': 0, 'noise': 0.05, 'n': 79, 'shap_error': 0.023445744942370374, 'shap_norm_sq': 20.065578469079746}
{'sample_size': 790, 'difference': 0, 'noise': 0.1, 'n': 79, 'shap_error': 0.01672293277347435, 'shap_norm_sq': 20.065578469079746}
{'sample_size': 790, 'difference': 0, 'noise': 0.5, 'n': 79, 'shap_error': 0.03245822887701321, 'shap_norm_sq': 20.065578469079746}
{'sample_size': 790, 'difference': 0, 'noise': 1, 'n': 79, 'shap_error': 0.0887300452866163, 'shap_norm_sq': 20.065578469079746}
{'sample_size': 790, 'difference': 0, 'noise': 0.0005, 'n': 79, 'shap_error': 0.0052272785214771125, 'shap_norm_sq': 252.03554771036144}
{'sample_size': 790, 'difference': 0, 'noise': 0.001, 'n': 79, 'shap_error': 0.0055847473749505395, 'shap_norm_sq': 252.03554771036144}
{'sample_size': 790, 'difference': 0, 'noise': 0.005, 'n': 79, 'shap_error': 0.006033430653063287, 'shap_norm_sq': 252.03554771036144}
{'sample_size': 790, 'difference': 0, 'noise': 0.01, 'n': 79, 'shap_error': 0.007676117932092574, 'shap_norm_sq': 252.03554771036144}
{'sample_size': 790, 'difference': 0, 'noise': 0.05, 'n': 79, 'shap_error': 0.004279000387613005, 'shap_norm_sq': 252.03554771036144}
{'sample_size': 790, 'difference': 0, 'noise': 0.1, 'n': 79, 'shap_error': 0.00539353265989059, 'shap_norm_sq': 252.03554771036144}
{'sample_size': 790, 'difference': 0, 'noise': 0.5, 'n': 79, 'shap_error': 0.006609922663224453, 'shap_norm_sq': 252.03554771036144}
{'sample_size': 790, 'difference': 0, 'noise': 1, 'n': 79, 'shap_error': 0.012493099062609349, 'shap_norm_sq': 252.03554771036144}
{'sample_size': 790, 'difference': 0, 'noise': 0.0005, 'n': 79, 'shap_error': 0.02812395635011562, 'shap_norm_sq': 27.324186959961153}
{'sample_size': 790, 'difference': 0, 'noise': 0.001, 'n': 79, 'shap_error': 0.020899983235395603, 'shap_norm_sq': 27.324186959961153}
{'sample_size': 790, 'difference': 0, 'noise': 0.005, 'n': 79, 'shap_error': 0.022858607524015674, 'shap_norm_sq': 27.324186959961153}
{'sample_size': 790, 'difference': 0, 'noise': 0.01, 'n': 79, 'shap_error': 0.01850603726051705, 'shap_norm_sq': 27.324186959961153}
{'sample_size': 790, 'difference': 0, 'noise': 0.05, 'n': 79, 'shap_error': 0.025029956208694363, 'shap_norm_sq': 27.324186959961153}
{'sample_size': 790, 'difference': 0, 'noise': 0.1, 'n': 79, 'shap_error': 0.026069975326844942, 'shap_norm_sq': 27.324186959961153}
{'sample_size': 790, 'difference': 0, 'noise': 0.5, 'n': 79, 'shap_error': 0.048724333504156114, 'shap_norm_sq': 27.324186959961153}
{'sample_size': 790, 'difference': 0, 'noise': 1, 'n': 79, 'shap_error': 0.10060994516794255, 'shap_norm_sq': 27.324186959961153}
{'sample_size': 790, 'difference': 0, 'noise': 0.0005, 'n': 79, 'shap_error': 0.045143952615835876, 'shap_norm_sq': 22.923048706888665}
{'sample_size': 790, 'difference': 0, 'noise': 0.001, 'n': 79, 'shap_error': 0.036900511303408906, 'shap_norm_sq': 22.923048706888665}
{'sample_size': 790, 'difference': 0, 'noise': 0.005, 'n': 79, 'shap_error': 0.04536434327291869, 'shap_norm_sq': 22.923048706888665}
{'sample_size': 790, 'difference': 0, 'noise': 0.01, 'n': 79, 'shap_error': 0.04312585428783057, 'shap_norm_sq': 22.923048706888665}
{'sample_size': 790, 'difference': 0, 'noise': 0.05, 'n': 79, 'shap_error': 0.05264092719985126, 'shap_norm_sq': 22.923048706888665}
{'sample_size': 790, 'difference': 0, 'noise': 0.1, 'n': 79, 'shap_error': 0.050219893037000383, 'shap_norm_sq': 22.923048706888665}
{'sample_size': 790, 'difference': 0, 'noise': 0.5, 'n': 79, 'shap_error': 0.06866037498870835, 'shap_norm_sq': 22.923048706888665}
{'sample_size': 790, 'difference': 0, 'noise': 1, 'n': 79, 'shap_error': 0.1815457679967962, 'shap_norm_sq': 22.923048706888665}
{'sample_size': 790, 'difference': 0, 'noise': 0.0005, 'n': 79, 'shap_error': 0.008371515152032096, 'shap_norm_sq': 12.1547259683948}
{'sample_size': 790, 'difference': 0, 'noise': 0.001, 'n': 79, 'shap_error': 0.006279589809717732, 'shap_norm_sq': 12.1547259683948}
{'sample_size': 790, 'difference': 0, 'noise': 0.005, 'n': 79, 'shap_error': 0.00714524399949703, 'shap_norm_sq': 12.1547259683948}
{'sample_size': 790, 'difference': 0, 'noise': 0.01, 'n': 79, 'shap_error': 0.009325986862694908, 'shap_norm_sq': 12.1547259683948}
{'sample_size': 790, 'difference': 0, 'noise': 0.05, 'n': 79, 'shap_error': 0.009151308828809664, 'shap_norm_sq': 12.1547259683948}
{'sample_size': 790, 'difference': 0, 'noise': 0.1, 'n': 79, 'shap_error': 0.009095342407190676, 'shap_norm_sq': 12.1547259683948}
{'sample_size': 790, 'difference': 0, 'noise': 0.5, 'n': 79, 'shap_error': 0.041939366806654936, 'shap_norm_sq': 12.1547259683948}
{'sample_size': 790, 'difference': 0, 'noise': 1, 'n': 79, 'shap_error': 0.09514295315850255, 'shap_norm_sq': 12.1547259683948}
{'sample_size': 790, 'difference': 0, 'noise': 0.0005, 'n': 79, 'shap_error': 0.0474939554227367, 'shap_norm_sq': 14.431283840350238}
{'sample_size': 790, 'difference': 0, 'noise': 0.001, 'n': 79, 'shap_error': 0.04435264373240249, 'shap_norm_sq': 14.431283840350238}
{'sample_size': 790, 'difference': 0, 'noise': 0.005, 'n': 79, 'shap_error': 0.06475214532797896, 'shap_norm_sq': 14.431283840350238}
{'sample_size': 790, 'difference': 0, 'noise': 0.01, 'n': 79, 'shap_error': 0.05810882316685804, 'shap_norm_sq': 14.431283840350238}
{'sample_size': 790, 'difference': 0, 'noise': 0.05, 'n': 79, 'shap_error': 0.05653786838386758, 'shap_norm_sq': 14.431283840350238}
{'sample_size': 790, 'difference': 0, 'noise': 0.1, 'n': 79, 'shap_error': 0.06213037744004715, 'shap_norm_sq': 14.431283840350238}
{'sample_size': 790, 'difference': 0, 'noise': 0.5, 'n': 79, 'shap_error': 0.09136939367022485, 'shap_norm_sq': 14.431283840350238}
{'sample_size': 790, 'difference': 0, 'noise': 1, 'n': 79, 'shap_error': 0.13072571104900982, 'shap_norm_sq': 14.431283840350238}
{'sample_size': 790, 'difference': 0, 'noise': 0.0005, 'n': 79, 'shap_error': 0.011368245690764877, 'shap_norm_sq': 310.11213783401325}
{'sample_size': 790, 'difference': 0, 'noise': 0.001, 'n': 79, 'shap_error': 0.010241040352874636, 'shap_norm_sq': 310.11213783401325}
{'sample_size': 790, 'difference': 0, 'noise': 0.005, 'n': 79, 'shap_error': 0.010992248148127746, 'shap_norm_sq': 310.11213783401325}
{'sample_size': 790, 'difference': 0, 'noise': 0.01, 'n': 79, 'shap_error': 0.015737558084551375, 'shap_norm_sq': 310.11213783401325}
{'sample_size': 790, 'difference': 0, 'noise': 0.05, 'n': 79, 'shap_error': 0.011588034450743023, 'shap_norm_sq': 310.11213783401325}
{'sample_size': 790, 'difference': 0, 'noise': 0.1, 'n': 79, 'shap_error': 0.010828247785864926, 'shap_norm_sq': 310.11213783401325}
{'sample_size': 790, 'difference': 0, 'noise': 0.5, 'n': 79, 'shap_error': 0.008339015267462047, 'shap_norm_sq': 310.11213783401325}
{'sample_size': 790, 'difference': 0, 'noise': 1, 'n': 79, 'shap_error': 0.013626632433691058, 'shap_norm_sq': 310.11213783401325}
{'sample_size': 790, 'difference': 0, 'noise': 0.0005, 'n': 79, 'shap_error': 0.024388991964659802, 'shap_norm_sq': 31.88287350491898}
{'sample_size': 790, 'difference': 0, 'noise': 0.001, 'n': 79, 'shap_error': 0.02428430044271911, 'shap_norm_sq': 31.88287350491898}
{'sample_size': 790, 'difference': 0, 'noise': 0.005, 'n': 79, 'shap_error': 0.01570891457834027, 'shap_norm_sq': 31.88287350491898}
{'sample_size': 790, 'difference': 0, 'noise': 0.01, 'n': 79, 'shap_error': 0.025395617674856034, 'shap_norm_sq': 31.88287350491898}
{'sample_size': 790, 'difference': 0, 'noise': 0.05, 'n': 79, 'shap_error': 0.023313096611629076, 'shap_norm_sq': 31.88287350491898}
{'sample_size': 790, 'difference': 0, 'noise': 0.1, 'n': 79, 'shap_error': 0.027464582127142805, 'shap_norm_sq': 31.88287350491898}
{'sample_size': 790, 'difference': 0, 'noise': 0.5, 'n': 79, 'shap_error': 0.029269980113376413, 'shap_norm_sq': 31.88287350491898}
{'sample_size': 790, 'difference': 0, 'noise': 1, 'n': 79, 'shap_error': 0.06998982190234665, 'shap_norm_sq': 31.88287350491898}
{'sample_size': 790, 'difference': 0, 'noise': 0.0005, 'n': 79, 'shap_error': 0.050786024993854685, 'shap_norm_sq': 14.79931982241082}
{'sample_size': 790, 'difference': 0, 'noise': 0.001, 'n': 79, 'shap_error': 0.04323935248602996, 'shap_norm_sq': 14.79931982241082}
{'sample_size': 790, 'difference': 0, 'noise': 0.005, 'n': 79, 'shap_error': 0.03374015730165038, 'shap_norm_sq': 14.79931982241082}
{'sample_size': 790, 'difference': 0, 'noise': 0.01, 'n': 79, 'shap_error': 0.04255696385570343, 'shap_norm_sq': 14.79931982241082}
{'sample_size': 790, 'difference': 0, 'noise': 0.05, 'n': 79, 'shap_error': 0.04094470497577132, 'shap_norm_sq': 14.79931982241082}
{'sample_size': 790, 'difference': 0, 'noise': 0.1, 'n': 79, 'shap_error': 0.04209471959807409, 'shap_norm_sq': 14.79931982241082}
{'sample_size': 790, 'difference': 0, 'noise': 0.5, 'n': 79, 'shap_error': 0.08270457429912793, 'shap_norm_sq': 14.79931982241082}
{'sample_size': 790, 'difference': 0, 'noise': 1, 'n': 79, 'shap_error': 0.12441060069720458, 'shap_norm_sq': 14.79931982241082}
{'sample_size': 790, 'difference': 0, 'noise': 0.0005, 'n': 79, 'shap_error': 0.00017270709391182937, 'shap_norm_sq': 191.42936031395982}
{'sample_size': 790, 'difference': 0, 'noise': 0.001, 'n': 79, 'shap_error': 0.00019847051887913328, 'shap_norm_sq': 191.42936031395982}
{'sample_size': 790, 'difference': 0, 'noise': 0.005, 'n': 79, 'shap_error': 0.0001913636040387363, 'shap_norm_sq': 191.42936031395982}
{'sample_size': 790, 'difference': 0, 'noise': 0.01, 'n': 79, 'shap_error': 0.0002524278721944499, 'shap_norm_sq': 191.42936031395982}
{'sample_size': 790, 'difference': 0, 'noise': 0.05, 'n': 79, 'shap_error': 0.00019492677540940668, 'shap_norm_sq': 191.42936031395982}
{'sample_size': 790, 'difference': 0, 'noise': 0.1, 'n': 79, 'shap_error': 0.00017943045350564946, 'shap_norm_sq': 191.42936031395982}
{'sample_size': 790, 'difference': 0, 'noise': 0.5, 'n': 79, 'shap_error': 0.002184348594484766, 'shap_norm_sq': 191.42936031395982}
{'sample_size': 790, 'difference': 0, 'noise': 1, 'n': 79, 'shap_error': 0.00947351402920453, 'shap_norm_sq': 191.42936031395982}
{'sample_size': 790, 'difference': 0, 'noise': 0.0005, 'n': 79, 'shap_error': 0.1506456192477331, 'shap_norm_sq': 32.161172519186906}
{'sample_size': 790, 'difference': 0, 'noise': 0.001, 'n': 79, 'shap_error': 0.12371496108586513, 'shap_norm_sq': 32.161172519186906}
{'sample_size': 790, 'difference': 0, 'noise': 0.005, 'n': 79, 'shap_error': 0.0966577793214563, 'shap_norm_sq': 32.161172519186906}
{'sample_size': 790, 'difference': 0, 'noise': 0.01, 'n': 79, 'shap_error': 0.09954894621785308, 'shap_norm_sq': 32.161172519186906}
{'sample_size': 790, 'difference': 0, 'noise': 0.05, 'n': 79, 'shap_error': 0.09043252026809367, 'shap_norm_sq': 32.161172519186906}
{'sample_size': 790, 'difference': 0, 'noise': 0.1, 'n': 79, 'shap_error': 0.14267989614795581, 'shap_norm_sq': 32.161172519186906}
{'sample_size': 790, 'difference': 0, 'noise': 0.5, 'n': 79, 'shap_error': 0.0963162143872922, 'shap_norm_sq': 32.161172519186906}
{'sample_size': 790, 'difference': 0, 'noise': 1, 'n': 79, 'shap_error': 0.10396387302506924, 'shap_norm_sq': 32.161172519186906}
{'sample_size': 790, 'difference': 0, 'noise': 0.0005, 'n': 79, 'shap_error': 0.0007574417964494934, 'shap_norm_sq': 364.50655549433264}
{'sample_size': 790, 'difference': 0, 'noise': 0.001, 'n': 79, 'shap_error': 0.0009785879967686866, 'shap_norm_sq': 364.50655549433264}
{'sample_size': 790, 'difference': 0, 'noise': 0.005, 'n': 79, 'shap_error': 0.0008472681555285305, 'shap_norm_sq': 364.50655549433264}
{'sample_size': 790, 'difference': 0, 'noise': 0.01, 'n': 79, 'shap_error': 0.0013431611344235704, 'shap_norm_sq': 364.50655549433264}
{'sample_size': 790, 'difference': 0, 'noise': 0.05, 'n': 79, 'shap_error': 0.0008043042782975196, 'shap_norm_sq': 364.50655549433264}
{'sample_size': 790, 'difference': 0, 'noise': 0.1, 'n': 79, 'shap_error': 0.000934283517377914, 'shap_norm_sq': 364.50655549433264}
{'sample_size': 790, 'difference': 0, 'noise': 0.5, 'n': 79, 'shap_error': 0.0027800338131522685, 'shap_norm_sq': 364.50655549433264}
{'sample_size': 790, 'difference': 0, 'noise': 1, 'n': 79, 'shap_error': 0.005535184484706048, 'shap_norm_sq': 364.50655549433264}
{'sample_size': 790, 'difference': 0, 'noise': 0.0005, 'n': 79, 'shap_error': 0.018292622345281655, 'shap_norm_sq': 19.78695774701015}
{'sample_size': 790, 'difference': 0, 'noise': 0.001, 'n': 79, 'shap_error': 0.013907563034314363, 'shap_norm_sq': 19.78695774701015}
{'sample_size': 790, 'difference': 0, 'noise': 0.005, 'n': 79, 'shap_error': 0.009403368002194889, 'shap_norm_sq': 19.78695774701015}
{'sample_size': 790, 'difference': 0, 'noise': 0.01, 'n': 79, 'shap_error': 0.012265291237368746, 'shap_norm_sq': 19.78695774701015}
{'sample_size': 790, 'difference': 0, 'noise': 0.05, 'n': 79, 'shap_error': 0.012212977058219832, 'shap_norm_sq': 19.78695774701015}
{'sample_size': 790, 'difference': 0, 'noise': 0.1, 'n': 79, 'shap_error': 0.013167327469562748, 'shap_norm_sq': 19.78695774701015}
{'sample_size': 790, 'difference': 0, 'noise': 0.5, 'n': 79, 'shap_error': 0.03431711679086309, 'shap_norm_sq': 19.78695774701015}
{'sample_size': 790, 'difference': 0, 'noise': 1, 'n': 79, 'shap_error': 0.07601544383012547, 'shap_norm_sq': 19.78695774701015}
{'sample_size': 790, 'difference': 0, 'noise': 0.0005, 'n': 79, 'shap_error': 0.047782703998503394, 'shap_norm_sq': 39.9763345742574}
{'sample_size': 790, 'difference': 0, 'noise': 0.001, 'n': 79, 'shap_error': 0.04322986223469662, 'shap_norm_sq': 39.9763345742574}
{'sample_size': 790, 'difference': 0, 'noise': 0.005, 'n': 79, 'shap_error': 0.03802762218145874, 'shap_norm_sq': 39.9763345742574}
{'sample_size': 790, 'difference': 0, 'noise': 0.01, 'n': 79, 'shap_error': 0.05245925074112328, 'shap_norm_sq': 39.9763345742574}
{'sample_size': 790, 'difference': 0, 'noise': 0.05, 'n': 79, 'shap_error': 0.0496629759066482, 'shap_norm_sq': 39.9763345742574}
{'sample_size': 790, 'difference': 0, 'noise': 0.1, 'n': 79, 'shap_error': 0.0592414213245506, 'shap_norm_sq': 39.9763345742574}
{'sample_size': 790, 'difference': 0, 'noise': 0.5, 'n': 79, 'shap_error': 0.048283376543432295, 'shap_norm_sq': 39.9763345742574}
{'sample_size': 790, 'difference': 0, 'noise': 1, 'n': 79, 'shap_error': 0.13689677551929402, 'shap_norm_sq': 39.9763345742574}
{'sample_size': 790, 'difference': 0, 'noise': 0.0005, 'n': 79, 'shap_error': 0.004671440701956983, 'shap_norm_sq': 13.749620130939958}
{'sample_size': 790, 'difference': 0, 'noise': 0.001, 'n': 79, 'shap_error': 0.009715186999566677, 'shap_norm_sq': 13.749620130939958}
{'sample_size': 790, 'difference': 0, 'noise': 0.005, 'n': 79, 'shap_error': 0.008720454932037472, 'shap_norm_sq': 13.749620130939958}
{'sample_size': 790, 'difference': 0, 'noise': 0.01, 'n': 79, 'shap_error': 0.00853033774483601, 'shap_norm_sq': 13.749620130939958}
{'sample_size': 790, 'difference': 0, 'noise': 0.05, 'n': 79, 'shap_error': 0.009002273894404946, 'shap_norm_sq': 13.749620130939958}
{'sample_size': 790, 'difference': 0, 'noise': 0.1, 'n': 79, 'shap_error': 0.008519963683742743, 'shap_norm_sq': 13.749620130939958}
{'sample_size': 790, 'difference': 0, 'noise': 0.5, 'n': 79, 'shap_error': 0.029325561540396127, 'shap_norm_sq': 13.749620130939958}
{'sample_size': 790, 'difference': 0, 'noise': 1, 'n': 79, 'shap_error': 0.10020521888924283, 'shap_norm_sq': 13.749620130939958}
{'sample_size': 790, 'difference': 0, 'noise': 0.0005, 'n': 79, 'shap_error': 0.05552565092259706, 'shap_norm_sq': 46.1341068946306}
{'sample_size': 790, 'difference': 0, 'noise': 0.001, 'n': 79, 'shap_error': 0.08227128036146793, 'shap_norm_sq': 46.1341068946306}
{'sample_size': 790, 'difference': 0, 'noise': 0.005, 'n': 79, 'shap_error': 0.05864291973100571, 'shap_norm_sq': 46.1341068946306}
{'sample_size': 790, 'difference': 0, 'noise': 0.01, 'n': 79, 'shap_error': 0.07335757787187781, 'shap_norm_sq': 46.1341068946306}
{'sample_size': 790, 'difference': 0, 'noise': 0.05, 'n': 79, 'shap_error': 0.042971172854128284, 'shap_norm_sq': 46.1341068946306}
{'sample_size': 790, 'difference': 0, 'noise': 0.1, 'n': 79, 'shap_error': 0.04943476533279433, 'shap_norm_sq': 46.1341068946306}
{'sample_size': 790, 'difference': 0, 'noise': 0.5, 'n': 79, 'shap_error': 0.07008511802803027, 'shap_norm_sq': 46.1341068946306}
{'sample_size': 790, 'difference': 0, 'noise': 1, 'n': 79, 'shap_error': 0.09586113045199429, 'shap_norm_sq': 46.1341068946306}
{'sample_size': 790, 'difference': 0, 'noise': 0.0005, 'n': 79, 'shap_error': 0.008242863566317083, 'shap_norm_sq': 11.916612963746886}
{'sample_size': 790, 'difference': 0, 'noise': 0.001, 'n': 79, 'shap_error': 0.012037018152758224, 'shap_norm_sq': 11.916612963746886}
{'sample_size': 790, 'difference': 0, 'noise': 0.005, 'n': 79, 'shap_error': 0.009922985083877102, 'shap_norm_sq': 11.916612963746886}
{'sample_size': 790, 'difference': 0, 'noise': 0.01, 'n': 79, 'shap_error': 0.009611399506302172, 'shap_norm_sq': 11.916612963746886}
{'sample_size': 790, 'difference': 0, 'noise': 0.05, 'n': 79, 'shap_error': 0.010692880541301885, 'shap_norm_sq': 11.916612963746886}
{'sample_size': 790, 'difference': 0, 'noise': 0.1, 'n': 79, 'shap_error': 0.00876385569777454, 'shap_norm_sq': 11.916612963746886}
{'sample_size': 790, 'difference': 0, 'noise': 0.5, 'n': 79, 'shap_error': 0.02500445954666737, 'shap_norm_sq': 11.916612963746886}
{'sample_size': 790, 'difference': 0, 'noise': 1, 'n': 79, 'shap_error': 0.11889240324203104, 'shap_norm_sq': 11.916612963746886}
{'sample_size': 790, 'difference': 0, 'noise': 0.0005, 'n': 79, 'shap_error': 0.061754269285378235, 'shap_norm_sq': 205.912081472179}
{'sample_size': 790, 'difference': 0, 'noise': 0.001, 'n': 79, 'shap_error': 0.07796605913160257, 'shap_norm_sq': 205.912081472179}
{'sample_size': 790, 'difference': 0, 'noise': 0.005, 'n': 79, 'shap_error': 0.07251172877990116, 'shap_norm_sq': 205.912081472179}
{'sample_size': 790, 'difference': 0, 'noise': 0.01, 'n': 79, 'shap_error': 0.0721629021616555, 'shap_norm_sq': 205.912081472179}
{'sample_size': 790, 'difference': 0, 'noise': 0.05, 'n': 79, 'shap_error': 0.060875428519584746, 'shap_norm_sq': 205.912081472179}
{'sample_size': 790, 'difference': 0, 'noise': 0.1, 'n': 79, 'shap_error': 0.05278330281841152, 'shap_norm_sq': 205.912081472179}
{'sample_size': 790, 'difference': 0, 'noise': 0.5, 'n': 79, 'shap_error': 0.06477534213985764, 'shap_norm_sq': 205.912081472179}
{'sample_size': 790, 'difference': 0, 'noise': 1, 'n': 79, 'shap_error': 0.061586684669042394, 'shap_norm_sq': 205.912081472179}
{'sample_size': 790, 'difference': 0, 'noise': 0.0005, 'n': 79, 'shap_error': 0.01193098286579281, 'shap_norm_sq': 18.03039976093688}
{'sample_size': 790, 'difference': 0, 'noise': 0.001, 'n': 79, 'shap_error': 0.016737238356428406, 'shap_norm_sq': 18.03039976093688}
{'sample_size': 790, 'difference': 0, 'noise': 0.005, 'n': 79, 'shap_error': 0.02128362527635398, 'shap_norm_sq': 18.03039976093688}
{'sample_size': 790, 'difference': 0, 'noise': 0.01, 'n': 79, 'shap_error': 0.01898926343434902, 'shap_norm_sq': 18.03039976093688}
{'sample_size': 790, 'difference': 0, 'noise': 0.05, 'n': 79, 'shap_error': 0.0129147623957775, 'shap_norm_sq': 18.03039976093688}
{'sample_size': 790, 'difference': 0, 'noise': 0.1, 'n': 79, 'shap_error': 0.017327967950947792, 'shap_norm_sq': 18.03039976093688}
{'sample_size': 790, 'difference': 0, 'noise': 0.5, 'n': 79, 'shap_error': 0.02760190408277222, 'shap_norm_sq': 18.03039976093688}
{'sample_size': 790, 'difference': 0, 'noise': 1, 'n': 79, 'shap_error': 0.07745273762645298, 'shap_norm_sq': 18.03039976093688}
{'sample_size': 790, 'difference': 0, 'noise': 0.0005, 'n': 79, 'shap_error': 0.001925130950065775, 'shap_norm_sq': 100.79667056208018}
{'sample_size': 790, 'difference': 0, 'noise': 0.001, 'n': 79, 'shap_error': 0.003126764215915878, 'shap_norm_sq': 100.79667056208018}
{'sample_size': 790, 'difference': 0, 'noise': 0.005, 'n': 79, 'shap_error': 0.00222974694646781, 'shap_norm_sq': 100.79667056208018}
{'sample_size': 790, 'difference': 0, 'noise': 0.01, 'n': 79, 'shap_error': 0.0027869790573570815, 'shap_norm_sq': 100.79667056208018}
{'sample_size': 790, 'difference': 0, 'noise': 0.05, 'n': 79, 'shap_error': 0.002439222981869026, 'shap_norm_sq': 100.79667056208018}
{'sample_size': 790, 'difference': 0, 'noise': 0.1, 'n': 79, 'shap_error': 0.002569129238057656, 'shap_norm_sq': 100.79667056208018}
{'sample_size': 790, 'difference': 0, 'noise': 0.5, 'n': 79, 'shap_error': 0.00855117062266974, 'shap_norm_sq': 100.79667056208018}
{'sample_size': 790, 'difference': 0, 'noise': 1, 'n': 79, 'shap_error': 0.03209403695405165, 'shap_norm_sq': 100.79667056208018}
{'sample_size': 790, 'difference': 0, 'noise': 0.0005, 'n': 79, 'shap_error': 0.04335405484228531, 'shap_norm_sq': 15.02517144565445}
{'sample_size': 790, 'difference': 0, 'noise': 0.001, 'n': 79, 'shap_error': 0.053151448023162275, 'shap_norm_sq': 15.02517144565445}
{'sample_size': 790, 'difference': 0, 'noise': 0.005, 'n': 79, 'shap_error': 0.04876840155422863, 'shap_norm_sq': 15.02517144565445}
{'sample_size': 790, 'difference': 0, 'noise': 0.01, 'n': 79, 'shap_error': 0.05095773682741063, 'shap_norm_sq': 15.02517144565445}
{'sample_size': 790, 'difference': 0, 'noise': 0.05, 'n': 79, 'shap_error': 0.05457022079732644, 'shap_norm_sq': 15.02517144565445}
{'sample_size': 790, 'difference': 0, 'noise': 0.1, 'n': 79, 'shap_error': 0.055461198454786184, 'shap_norm_sq': 15.02517144565445}
{'sample_size': 790, 'difference': 0, 'noise': 0.5, 'n': 79, 'shap_error': 0.0548966930393954, 'shap_norm_sq': 15.02517144565445}
{'sample_size': 790, 'difference': 0, 'noise': 1, 'n': 79, 'shap_error': 0.13177899026625178, 'shap_norm_sq': 15.02517144565445}
{'sample_size': 790, 'difference': 0, 'noise': 0.0005, 'n': 79, 'shap_error': 0.02221942220495417, 'shap_norm_sq': 24.28614933835972}
{'sample_size': 790, 'difference': 0, 'noise': 0.001, 'n': 79, 'shap_error': 0.025308785059941444, 'shap_norm_sq': 24.28614933835972}
{'sample_size': 790, 'difference': 0, 'noise': 0.005, 'n': 79, 'shap_error': 0.02729455064786677, 'shap_norm_sq': 24.28614933835972}
{'sample_size': 790, 'difference': 0, 'noise': 0.01, 'n': 79, 'shap_error': 0.02428328113366953, 'shap_norm_sq': 24.28614933835972}
{'sample_size': 790, 'difference': 0, 'noise': 0.05, 'n': 79, 'shap_error': 0.023141488466432287, 'shap_norm_sq': 24.28614933835972}
{'sample_size': 790, 'difference': 0, 'noise': 0.1, 'n': 79, 'shap_error': 0.019843628550062047, 'shap_norm_sq': 24.28614933835972}
{'sample_size': 790, 'difference': 0, 'noise': 0.5, 'n': 79, 'shap_error': 0.04010939440400076, 'shap_norm_sq': 24.28614933835972}
{'sample_size': 790, 'difference': 0, 'noise': 1, 'n': 79, 'shap_error': 0.09052843106959871, 'shap_norm_sq': 24.28614933835972}
{'sample_size': 790, 'difference': 0, 'noise': 0.0005, 'n': 79, 'shap_error': 0.011541160695548128, 'shap_norm_sq': 254.6475454616909}
{'sample_size': 790, 'difference': 0, 'noise': 0.001, 'n': 79, 'shap_error': 0.011231358348625951, 'shap_norm_sq': 254.6475454616909}
{'sample_size': 790, 'difference': 0, 'noise': 0.005, 'n': 79, 'shap_error': 0.015890169700316835, 'shap_norm_sq': 254.6475454616909}
{'sample_size': 790, 'difference': 0, 'noise': 0.01, 'n': 79, 'shap_error': 0.012111467922502003, 'shap_norm_sq': 254.6475454616909}
{'sample_size': 790, 'difference': 0, 'noise': 0.05, 'n': 79, 'shap_error': 0.010216674268023886, 'shap_norm_sq': 254.6475454616909}
{'sample_size': 790, 'difference': 0, 'noise': 0.1, 'n': 79, 'shap_error': 0.01157188074846608, 'shap_norm_sq': 254.6475454616909}
{'sample_size': 790, 'difference': 0, 'noise': 0.5, 'n': 79, 'shap_error': 0.013020239305608385, 'shap_norm_sq': 254.6475454616909}
{'sample_size': 790, 'difference': 0, 'noise': 1, 'n': 79, 'shap_error': 0.022152139228852286, 'shap_norm_sq': 254.6475454616909}
{'sample_size': 790, 'difference': 0, 'noise': 0.0005, 'n': 79, 'shap_error': 0.00047077532484128965, 'shap_norm_sq': 116.99436288234631}
{'sample_size': 790, 'difference': 0, 'noise': 0.001, 'n': 79, 'shap_error': 0.0007514344080682717, 'shap_norm_sq': 116.99436288234631}
{'sample_size': 790, 'difference': 0, 'noise': 0.005, 'n': 79, 'shap_error': 0.0007181530284886831, 'shap_norm_sq': 116.99436288234631}
{'sample_size': 790, 'difference': 0, 'noise': 0.01, 'n': 79, 'shap_error': 0.000689334250522397, 'shap_norm_sq': 116.99436288234631}
{'sample_size': 790, 'difference': 0, 'noise': 0.05, 'n': 79, 'shap_error': 0.0005928456449096387, 'shap_norm_sq': 116.99436288234631}
{'sample_size': 790, 'difference': 0, 'noise': 0.1, 'n': 79, 'shap_error': 0.0008247249372997956, 'shap_norm_sq': 116.99436288234631}
{'sample_size': 790, 'difference': 0, 'noise': 0.5, 'n': 79, 'shap_error': 0.0062487504754047294, 'shap_norm_sq': 116.99436288234631}
{'sample_size': 790, 'difference': 0, 'noise': 1, 'n': 79, 'shap_error': 0.024665933934042438, 'shap_norm_sq': 116.99436288234631}
{'sample_size': 790, 'difference': 0, 'noise': 0.0005, 'n': 79, 'shap_error': 0.031118727223188376, 'shap_norm_sq': 102.31099036377495}
{'sample_size': 790, 'difference': 0, 'noise': 0.001, 'n': 79, 'shap_error': 0.023628686118221918, 'shap_norm_sq': 102.31099036377495}
{'sample_size': 790, 'difference': 0, 'noise': 0.005, 'n': 79, 'shap_error': 0.019368186120663416, 'shap_norm_sq': 102.31099036377495}
{'sample_size': 790, 'difference': 0, 'noise': 0.01, 'n': 79, 'shap_error': 0.01935192819428217, 'shap_norm_sq': 102.31099036377495}
{'sample_size': 790, 'difference': 0, 'noise': 0.05, 'n': 79, 'shap_error': 0.02040482753992728, 'shap_norm_sq': 102.31099036377495}
{'sample_size': 790, 'difference': 0, 'noise': 0.1, 'n': 79, 'shap_error': 0.026149924734803657, 'shap_norm_sq': 102.31099036377495}
{'sample_size': 790, 'difference': 0, 'noise': 0.5, 'n': 79, 'shap_error': 0.029937750328268325, 'shap_norm_sq': 102.31099036377495}
{'sample_size': 790, 'difference': 0, 'noise': 1, 'n': 79, 'shap_error': 0.07272607400004537, 'shap_norm_sq': 102.31099036377495}
{'sample_size': 790, 'difference': 0, 'noise': 0.0005, 'n': 79, 'shap_error': 0.013844017701811763, 'shap_norm_sq': 173.41918450871572}
{'sample_size': 790, 'difference': 0, 'noise': 0.001, 'n': 79, 'shap_error': 0.012511726127168261, 'shap_norm_sq': 173.41918450871572}
{'sample_size': 790, 'difference': 0, 'noise': 0.005, 'n': 79, 'shap_error': 0.013273558426948986, 'shap_norm_sq': 173.41918450871572}
{'sample_size': 790, 'difference': 0, 'noise': 0.01, 'n': 79, 'shap_error': 0.01669338749838304, 'shap_norm_sq': 173.41918450871572}
{'sample_size': 790, 'difference': 0, 'noise': 0.05, 'n': 79, 'shap_error': 0.012597222669002974, 'shap_norm_sq': 173.41918450871572}
{'sample_size': 790, 'difference': 0, 'noise': 0.1, 'n': 79, 'shap_error': 0.012100435458962059, 'shap_norm_sq': 173.41918450871572}
{'sample_size': 790, 'difference': 0, 'noise': 0.5, 'n': 79, 'shap_error': 0.02753702491466256, 'shap_norm_sq': 173.41918450871572}
{'sample_size': 790, 'difference': 0, 'noise': 1, 'n': 79, 'shap_error': 0.027231596967269147, 'shap_norm_sq': 173.41918450871572}
{'sample_size': 790, 'difference': 0, 'noise': 0.0005, 'n': 79, 'shap_error': 0.013464621700032077, 'shap_norm_sq': 35.615413207299255}
{'sample_size': 790, 'difference': 0, 'noise': 0.001, 'n': 79, 'shap_error': 0.017244411628993702, 'shap_norm_sq': 35.615413207299255}
{'sample_size': 790, 'difference': 0, 'noise': 0.005, 'n': 79, 'shap_error': 0.016656231899932355, 'shap_norm_sq': 35.615413207299255}
{'sample_size': 790, 'difference': 0, 'noise': 0.01, 'n': 79, 'shap_error': 0.018306152747093744, 'shap_norm_sq': 35.615413207299255}
{'sample_size': 790, 'difference': 0, 'noise': 0.05, 'n': 79, 'shap_error': 0.016477960670258383, 'shap_norm_sq': 35.615413207299255}
{'sample_size': 790, 'difference': 0, 'noise': 0.1, 'n': 79, 'shap_error': 0.012247192329522656, 'shap_norm_sq': 35.615413207299255}
{'sample_size': 790, 'difference': 0, 'noise': 0.5, 'n': 79, 'shap_error': 0.021203051434460097, 'shap_norm_sq': 35.615413207299255}
{'sample_size': 790, 'difference': 0, 'noise': 1, 'n': 79, 'shap_error': 0.05060891128810456, 'shap_norm_sq': 35.615413207299255}
{'sample_size': 790, 'difference': 0, 'noise': 0.0005, 'n': 79, 'shap_error': 0.025917379348703962, 'shap_norm_sq': 13.80155801936073}
{'sample_size': 790, 'difference': 0, 'noise': 0.001, 'n': 79, 'shap_error': 0.04646071824865165, 'shap_norm_sq': 13.80155801936073}
{'sample_size': 790, 'difference': 0, 'noise': 0.005, 'n': 79, 'shap_error': 0.030351895003657096, 'shap_norm_sq': 13.80155801936073}
{'sample_size': 790, 'difference': 0, 'noise': 0.01, 'n': 79, 'shap_error': 0.03759399934073454, 'shap_norm_sq': 13.80155801936073}
{'sample_size': 790, 'difference': 0, 'noise': 0.05, 'n': 79, 'shap_error': 0.0444754229864925, 'shap_norm_sq': 13.80155801936073}
{'sample_size': 790, 'difference': 0, 'noise': 0.1, 'n': 79, 'shap_error': 0.049434808522966805, 'shap_norm_sq': 13.80155801936073}
{'sample_size': 790, 'difference': 0, 'noise': 0.5, 'n': 79, 'shap_error': 0.052955622605896174, 'shap_norm_sq': 13.80155801936073}
{'sample_size': 790, 'difference': 0, 'noise': 1, 'n': 79, 'shap_error': 0.08679957779134947, 'shap_norm_sq': 13.80155801936073}
{'sample_size': 790, 'difference': 0, 'noise': 0.0005, 'n': 79, 'shap_error': 0.06500361113821654, 'shap_norm_sq': 42.40902911153137}
{'sample_size': 790, 'difference': 0, 'noise': 0.001, 'n': 79, 'shap_error': 0.057821423347251204, 'shap_norm_sq': 42.40902911153137}
{'sample_size': 790, 'difference': 0, 'noise': 0.005, 'n': 79, 'shap_error': 0.05248197711303322, 'shap_norm_sq': 42.40902911153137}
{'sample_size': 790, 'difference': 0, 'noise': 0.01, 'n': 79, 'shap_error': 0.05668208859712918, 'shap_norm_sq': 42.40902911153137}
{'sample_size': 790, 'difference': 0, 'noise': 0.05, 'n': 79, 'shap_error': 0.04811179526780071, 'shap_norm_sq': 42.40902911153137}
{'sample_size': 790, 'difference': 0, 'noise': 0.1, 'n': 79, 'shap_error': 0.06810981229822588, 'shap_norm_sq': 42.40902911153137}
{'sample_size': 790, 'difference': 0, 'noise': 0.5, 'n': 79, 'shap_error': 0.07500897003652773, 'shap_norm_sq': 42.40902911153137}
{'sample_size': 790, 'difference': 0, 'noise': 1, 'n': 79, 'shap_error': 0.08414471987158911, 'shap_norm_sq': 42.40902911153137}
{'sample_size': 790, 'difference': 0, 'noise': 0.0005, 'n': 79, 'shap_error': 0.02291932943398791, 'shap_norm_sq': 32.827355668365776}
{'sample_size': 790, 'difference': 0, 'noise': 0.001, 'n': 79, 'shap_error': 0.031926183795660264, 'shap_norm_sq': 32.827355668365776}
{'sample_size': 790, 'difference': 0, 'noise': 0.005, 'n': 79, 'shap_error': 0.03050489617438204, 'shap_norm_sq': 32.827355668365776}
{'sample_size': 790, 'difference': 0, 'noise': 0.01, 'n': 79, 'shap_error': 0.02987534887991932, 'shap_norm_sq': 32.827355668365776}
{'sample_size': 790, 'difference': 0, 'noise': 0.05, 'n': 79, 'shap_error': 0.03184407434405162, 'shap_norm_sq': 32.827355668365776}
{'sample_size': 790, 'difference': 0, 'noise': 0.1, 'n': 79, 'shap_error': 0.020987870889184707, 'shap_norm_sq': 32.827355668365776}
{'sample_size': 790, 'difference': 0, 'noise': 0.5, 'n': 79, 'shap_error': 0.03075560204217655, 'shap_norm_sq': 32.827355668365776}
{'sample_size': 790, 'difference': 0, 'noise': 1, 'n': 79, 'shap_error': 0.08394447002520071, 'shap_norm_sq': 32.827355668365776}
{'sample_size': 790, 'difference': 0, 'noise': 0.0005, 'n': 79, 'shap_error': 0.04829974912930149, 'shap_norm_sq': 15.218163635433783}
{'sample_size': 790, 'difference': 0, 'noise': 0.001, 'n': 79, 'shap_error': 0.06076371788203821, 'shap_norm_sq': 15.218163635433783}
{'sample_size': 790, 'difference': 0, 'noise': 0.005, 'n': 79, 'shap_error': 0.07713773593428348, 'shap_norm_sq': 15.218163635433783}
{'sample_size': 790, 'difference': 0, 'noise': 0.01, 'n': 79, 'shap_error': 0.07229709582157848, 'shap_norm_sq': 15.218163635433783}
{'sample_size': 790, 'difference': 0, 'noise': 0.05, 'n': 79, 'shap_error': 0.042907233908868365, 'shap_norm_sq': 15.218163635433783}
{'sample_size': 790, 'difference': 0, 'noise': 0.1, 'n': 79, 'shap_error': 0.06903845312992504, 'shap_norm_sq': 15.218163635433783}
{'sample_size': 790, 'difference': 0, 'noise': 0.5, 'n': 79, 'shap_error': 0.07444633867247326, 'shap_norm_sq': 15.218163635433783}
{'sample_size': 790, 'difference': 0, 'noise': 1, 'n': 79, 'shap_error': 0.11531970606616151, 'shap_norm_sq': 15.218163635433783}
{'sample_size': 790, 'difference': 0, 'noise': 0.0005, 'n': 79, 'shap_error': 0.10042121312487548, 'shap_norm_sq': 20.537935658567513}
{'sample_size': 790, 'difference': 0, 'noise': 0.001, 'n': 79, 'shap_error': 0.10638928908794362, 'shap_norm_sq': 20.537935658567513}
{'sample_size': 790, 'difference': 0, 'noise': 0.005, 'n': 79, 'shap_error': 0.10823666493574248, 'shap_norm_sq': 20.537935658567513}
{'sample_size': 790, 'difference': 0, 'noise': 0.01, 'n': 79, 'shap_error': 0.09132773525533242, 'shap_norm_sq': 20.537935658567513}
{'sample_size': 790, 'difference': 0, 'noise': 0.05, 'n': 79, 'shap_error': 0.0786361603241687, 'shap_norm_sq': 20.537935658567513}
{'sample_size': 790, 'difference': 0, 'noise': 0.1, 'n': 79, 'shap_error': 0.06213988575111555, 'shap_norm_sq': 20.537935658567513}
{'sample_size': 790, 'difference': 0, 'noise': 0.5, 'n': 79, 'shap_error': 0.08981832545512153, 'shap_norm_sq': 20.537935658567513}
{'sample_size': 790, 'difference': 0, 'noise': 1, 'n': 79, 'shap_error': 0.19452492314849235, 'shap_norm_sq': 20.537935658567513}
{'sample_size': 790, 'difference': 0, 'noise': 0.0005, 'n': 79, 'shap_error': 0.003754619830001863, 'shap_norm_sq': 119.19695420999676}
{'sample_size': 790, 'difference': 0, 'noise': 0.001, 'n': 79, 'shap_error': 0.006043650406629032, 'shap_norm_sq': 119.19695420999676}
{'sample_size': 790, 'difference': 0, 'noise': 0.005, 'n': 79, 'shap_error': 0.005047874040781372, 'shap_norm_sq': 119.19695420999676}
{'sample_size': 790, 'difference': 0, 'noise': 0.01, 'n': 79, 'shap_error': 0.004360487926300113, 'shap_norm_sq': 119.19695420999676}
{'sample_size': 790, 'difference': 0, 'noise': 0.05, 'n': 79, 'shap_error': 0.004381578336831264, 'shap_norm_sq': 119.19695420999676}
{'sample_size': 790, 'difference': 0, 'noise': 0.1, 'n': 79, 'shap_error': 0.004947858668378205, 'shap_norm_sq': 119.19695420999676}
{'sample_size': 790, 'difference': 0, 'noise': 0.5, 'n': 79, 'shap_error': 0.010637997748319436, 'shap_norm_sq': 119.19695420999676}
{'sample_size': 790, 'difference': 0, 'noise': 1, 'n': 79, 'shap_error': 0.028314938699995903, 'shap_norm_sq': 119.19695420999676}
{'sample_size': 790, 'difference': 0, 'noise': 0.0005, 'n': 79, 'shap_error': 0.023713313839157243, 'shap_norm_sq': 13.001768995604218}
{'sample_size': 790, 'difference': 0, 'noise': 0.001, 'n': 79, 'shap_error': 0.024788994361419545, 'shap_norm_sq': 13.001768995604218}
{'sample_size': 790, 'difference': 0, 'noise': 0.005, 'n': 79, 'shap_error': 0.03826505462220803, 'shap_norm_sq': 13.001768995604218}
{'sample_size': 790, 'difference': 0, 'noise': 0.01, 'n': 79, 'shap_error': 0.023563656524239546, 'shap_norm_sq': 13.001768995604218}
{'sample_size': 790, 'difference': 0, 'noise': 0.05, 'n': 79, 'shap_error': 0.01879759254665622, 'shap_norm_sq': 13.001768995604218}
{'sample_size': 790, 'difference': 0, 'noise': 0.1, 'n': 79, 'shap_error': 0.024474939208314, 'shap_norm_sq': 13.001768995604218}
{'sample_size': 790, 'difference': 0, 'noise': 0.5, 'n': 79, 'shap_error': 0.08465787771693539, 'shap_norm_sq': 13.001768995604218}
{'sample_size': 790, 'difference': 0, 'noise': 1, 'n': 79, 'shap_error': 0.220889895882608, 'shap_norm_sq': 13.001768995604218}
{'sample_size': 790, 'difference': 0, 'noise': 0.0005, 'n': 79, 'shap_error': 0.06230324187813416, 'shap_norm_sq': 20.288636792945574}
{'sample_size': 790, 'difference': 0, 'noise': 0.001, 'n': 79, 'shap_error': 0.08728090202336697, 'shap_norm_sq': 20.288636792945574}
{'sample_size': 790, 'difference': 0, 'noise': 0.005, 'n': 79, 'shap_error': 0.09160418721150895, 'shap_norm_sq': 20.288636792945574}
{'sample_size': 790, 'difference': 0, 'noise': 0.01, 'n': 79, 'shap_error': 0.07158601782913064, 'shap_norm_sq': 20.288636792945574}
{'sample_size': 790, 'difference': 0, 'noise': 0.05, 'n': 79, 'shap_error': 0.06607448814291167, 'shap_norm_sq': 20.288636792945574}
{'sample_size': 790, 'difference': 0, 'noise': 0.1, 'n': 79, 'shap_error': 0.09305139968326871, 'shap_norm_sq': 20.288636792945574}
{'sample_size': 790, 'difference': 0, 'noise': 0.5, 'n': 79, 'shap_error': 0.10003137389750363, 'shap_norm_sq': 20.288636792945574}
{'sample_size': 790, 'difference': 0, 'noise': 1, 'n': 79, 'shap_error': 0.13521464937950758, 'shap_norm_sq': 20.288636792945574}
{'sample_size': 790, 'difference': 0, 'noise': 0.0005, 'n': 79, 'shap_error': 0.1329928165723856, 'shap_norm_sq': 20.410827015416118}
{'sample_size': 790, 'difference': 0, 'noise': 0.001, 'n': 79, 'shap_error': 0.1708051877745329, 'shap_norm_sq': 20.410827015416118}
{'sample_size': 790, 'difference': 0, 'noise': 0.005, 'n': 79, 'shap_error': 0.20679670375384296, 'shap_norm_sq': 20.410827015416118}
{'sample_size': 790, 'difference': 0, 'noise': 0.01, 'n': 79, 'shap_error': 0.12692853924031544, 'shap_norm_sq': 20.410827015416118}
{'sample_size': 790, 'difference': 0, 'noise': 0.05, 'n': 79, 'shap_error': 0.1605289895122826, 'shap_norm_sq': 20.410827015416118}
{'sample_size': 790, 'difference': 0, 'noise': 0.1, 'n': 79, 'shap_error': 0.14390199325432887, 'shap_norm_sq': 20.410827015416118}
{'sample_size': 790, 'difference': 0, 'noise': 0.5, 'n': 79, 'shap_error': 0.21309870088603147, 'shap_norm_sq': 20.410827015416118}
{'sample_size': 790, 'difference': 0, 'noise': 1, 'n': 79, 'shap_error': 0.25173970256459444, 'shap_norm_sq': 20.410827015416118}
{'sample_size': 790, 'difference': 0, 'noise': 0.0005, 'n': 79, 'shap_error': 0.003941407714486996, 'shap_norm_sq': 115.48674040463875}
{'sample_size': 790, 'difference': 0, 'noise': 0.001, 'n': 79, 'shap_error': 0.004582918000414941, 'shap_norm_sq': 115.48674040463875}
{'sample_size': 790, 'difference': 0, 'noise': 0.005, 'n': 79, 'shap_error': 0.006027598246613457, 'shap_norm_sq': 115.48674040463875}
{'sample_size': 790, 'difference': 0, 'noise': 0.01, 'n': 79, 'shap_error': 0.004769699502111421, 'shap_norm_sq': 115.48674040463875}
{'sample_size': 790, 'difference': 0, 'noise': 0.05, 'n': 79, 'shap_error': 0.004590360543373981, 'shap_norm_sq': 115.48674040463875}
{'sample_size': 790, 'difference': 0, 'noise': 0.1, 'n': 79, 'shap_error': 0.005065407774980366, 'shap_norm_sq': 115.48674040463875}
{'sample_size': 790, 'difference': 0, 'noise': 0.5, 'n': 79, 'shap_error': 0.0054907438806643906, 'shap_norm_sq': 115.48674040463875}
{'sample_size': 790, 'difference': 0, 'noise': 1, 'n': 79, 'shap_error': 0.015572968841613051, 'shap_norm_sq': 115.48674040463875}
{'sample_size': 790, 'difference': 0, 'noise': 0.0005, 'n': 79, 'shap_error': 0.10564587110235846, 'shap_norm_sq': 24.88886090328099}
{'sample_size': 790, 'difference': 0, 'noise': 0.001, 'n': 79, 'shap_error': 0.1082651929400142, 'shap_norm_sq': 24.88886090328099}
{'sample_size': 790, 'difference': 0, 'noise': 0.005, 'n': 79, 'shap_error': 0.1305676152686176, 'shap_norm_sq': 24.88886090328099}
{'sample_size': 790, 'difference': 0, 'noise': 0.01, 'n': 79, 'shap_error': 0.13296392008918775, 'shap_norm_sq': 24.88886090328099}
{'sample_size': 790, 'difference': 0, 'noise': 0.05, 'n': 79, 'shap_error': 0.12400855442684107, 'shap_norm_sq': 24.88886090328099}
{'sample_size': 790, 'difference': 0, 'noise': 0.1, 'n': 79, 'shap_error': 0.10407483745094304, 'shap_norm_sq': 24.88886090328099}
{'sample_size': 790, 'difference': 0, 'noise': 0.5, 'n': 79, 'shap_error': 0.09519907084045827, 'shap_norm_sq': 24.88886090328099}
{'sample_size': 790, 'difference': 0, 'noise': 1, 'n': 79, 'shap_error': 0.15195795575156748, 'shap_norm_sq': 24.88886090328099}
{'sample_size': 790, 'difference': 0, 'noise': 0.0005, 'n': 79, 'shap_error': 0.026096919454655282, 'shap_norm_sq': 39.130272443950496}
{'sample_size': 790, 'difference': 0, 'noise': 0.001, 'n': 79, 'shap_error': 0.0364147566950904, 'shap_norm_sq': 39.130272443950496}
{'sample_size': 790, 'difference': 0, 'noise': 0.005, 'n': 79, 'shap_error': 0.034107940086249, 'shap_norm_sq': 39.130272443950496}
{'sample_size': 790, 'difference': 0, 'noise': 0.01, 'n': 79, 'shap_error': 0.02320741958905712, 'shap_norm_sq': 39.130272443950496}
{'sample_size': 790, 'difference': 0, 'noise': 0.05, 'n': 79, 'shap_error': 0.022796850988863346, 'shap_norm_sq': 39.130272443950496}
{'sample_size': 790, 'difference': 0, 'noise': 0.1, 'n': 79, 'shap_error': 0.029265543452325644, 'shap_norm_sq': 39.130272443950496}
{'sample_size': 790, 'difference': 0, 'noise': 0.5, 'n': 79, 'shap_error': 0.04069075882911564, 'shap_norm_sq': 39.130272443950496}
{'sample_size': 790, 'difference': 0, 'noise': 1, 'n': 79, 'shap_error': 0.03905965565979714, 'shap_norm_sq': 39.130272443950496}
{'sample_size': 790, 'difference': 0, 'noise': 0.0005, 'n': 79, 'shap_error': 0.03393488994442196, 'shap_norm_sq': 18.77539236126273}
{'sample_size': 790, 'difference': 0, 'noise': 0.001, 'n': 79, 'shap_error': 0.025824648844981975, 'shap_norm_sq': 18.77539236126273}
{'sample_size': 790, 'difference': 0, 'noise': 0.005, 'n': 79, 'shap_error': 0.02732386472960374, 'shap_norm_sq': 18.77539236126273}
{'sample_size': 790, 'difference': 0, 'noise': 0.01, 'n': 79, 'shap_error': 0.02202023242996936, 'shap_norm_sq': 18.77539236126273}
{'sample_size': 790, 'difference': 0, 'noise': 0.05, 'n': 79, 'shap_error': 0.02735696759685014, 'shap_norm_sq': 18.77539236126273}
{'sample_size': 790, 'difference': 0, 'noise': 0.1, 'n': 79, 'shap_error': 0.02932243543518874, 'shap_norm_sq': 18.77539236126273}
{'sample_size': 790, 'difference': 0, 'noise': 0.5, 'n': 79, 'shap_error': 0.07149031396845608, 'shap_norm_sq': 18.77539236126273}
{'sample_size': 790, 'difference': 0, 'noise': 1, 'n': 79, 'shap_error': 0.19078260825059476, 'shap_norm_sq': 18.77539236126273}
{'sample_size': 790, 'difference': 0, 'noise': 0.0005, 'n': 79, 'shap_error': 0.08514866993767634, 'shap_norm_sq': 21.78402445889907}
{'sample_size': 790, 'difference': 0, 'noise': 0.001, 'n': 79, 'shap_error': 0.08142668987082799, 'shap_norm_sq': 21.78402445889907}
{'sample_size': 790, 'difference': 0, 'noise': 0.005, 'n': 79, 'shap_error': 0.09809221402756098, 'shap_norm_sq': 21.78402445889907}
{'sample_size': 790, 'difference': 0, 'noise': 0.01, 'n': 79, 'shap_error': 0.09474635854568784, 'shap_norm_sq': 21.78402445889907}
{'sample_size': 790, 'difference': 0, 'noise': 0.05, 'n': 79, 'shap_error': 0.1002085229709132, 'shap_norm_sq': 21.78402445889907}
{'sample_size': 790, 'difference': 0, 'noise': 0.1, 'n': 79, 'shap_error': 0.10129494792443257, 'shap_norm_sq': 21.78402445889907}
{'sample_size': 790, 'difference': 0, 'noise': 0.5, 'n': 79, 'shap_error': 0.1282799217502374, 'shap_norm_sq': 21.78402445889907}
{'sample_size': 790, 'difference': 0, 'noise': 1, 'n': 79, 'shap_error': 0.1543424389095286, 'shap_norm_sq': 21.78402445889907}
{'sample_size': 790, 'difference': 0, 'noise': 0.0005, 'n': 79, 'shap_error': 0.015314859884983103, 'shap_norm_sq': 39.09623240050939}
{'sample_size': 790, 'difference': 0, 'noise': 0.001, 'n': 79, 'shap_error': 0.018086607810992306, 'shap_norm_sq': 39.09623240050939}
{'sample_size': 790, 'difference': 0, 'noise': 0.005, 'n': 79, 'shap_error': 0.02171392869321932, 'shap_norm_sq': 39.09623240050939}
{'sample_size': 790, 'difference': 0, 'noise': 0.01, 'n': 79, 'shap_error': 0.015039437134697608, 'shap_norm_sq': 39.09623240050939}
{'sample_size': 790, 'difference': 0, 'noise': 0.05, 'n': 79, 'shap_error': 0.023707737996483482, 'shap_norm_sq': 39.09623240050939}
{'sample_size': 790, 'difference': 0, 'noise': 0.1, 'n': 79, 'shap_error': 0.017627804932292292, 'shap_norm_sq': 39.09623240050939}
{'sample_size': 790, 'difference': 0, 'noise': 0.5, 'n': 79, 'shap_error': 0.02149608188665765, 'shap_norm_sq': 39.09623240050939}
{'sample_size': 790, 'difference': 0, 'noise': 1, 'n': 79, 'shap_error': 0.07179906220970757, 'shap_norm_sq': 39.09623240050939}
{'sample_size': 790, 'difference': 0, 'noise': 0.0005, 'n': 79, 'shap_error': 0.0040572202929748, 'shap_norm_sq': 251.0883338558607}
{'sample_size': 790, 'difference': 0, 'noise': 0.001, 'n': 79, 'shap_error': 0.00687817885224825, 'shap_norm_sq': 251.0883338558607}
{'sample_size': 790, 'difference': 0, 'noise': 0.005, 'n': 79, 'shap_error': 0.004866984275691409, 'shap_norm_sq': 251.0883338558607}
{'sample_size': 790, 'difference': 0, 'noise': 0.01, 'n': 79, 'shap_error': 0.005605596687207511, 'shap_norm_sq': 251.0883338558607}
{'sample_size': 790, 'difference': 0, 'noise': 0.05, 'n': 79, 'shap_error': 0.006422377842143093, 'shap_norm_sq': 251.0883338558607}
{'sample_size': 790, 'difference': 0, 'noise': 0.1, 'n': 79, 'shap_error': 0.006157156037085384, 'shap_norm_sq': 251.0883338558607}
{'sample_size': 790, 'difference': 0, 'noise': 0.5, 'n': 79, 'shap_error': 0.008499772409108748, 'shap_norm_sq': 251.0883338558607}
{'sample_size': 790, 'difference': 0, 'noise': 1, 'n': 79, 'shap_error': 0.011072922895596856, 'shap_norm_sq': 251.0883338558607}
{'sample_size': 790, 'difference': 0, 'noise': 0.0005, 'n': 79, 'shap_error': 0.004921462909551987, 'shap_norm_sq': 105.90004388917114}
{'sample_size': 790, 'difference': 0, 'noise': 0.001, 'n': 79, 'shap_error': 0.0041904853506951915, 'shap_norm_sq': 105.90004388917114}
{'sample_size': 790, 'difference': 0, 'noise': 0.005, 'n': 79, 'shap_error': 0.006064475334005334, 'shap_norm_sq': 105.90004388917114}
{'sample_size': 790, 'difference': 0, 'noise': 0.01, 'n': 79, 'shap_error': 0.005103260409933944, 'shap_norm_sq': 105.90004388917114}
{'sample_size': 790, 'difference': 0, 'noise': 0.05, 'n': 79, 'shap_error': 0.004771641884778734, 'shap_norm_sq': 105.90004388917114}
{'sample_size': 790, 'difference': 0, 'noise': 0.1, 'n': 79, 'shap_error': 0.005504383878297498, 'shap_norm_sq': 105.90004388917114}
{'sample_size': 790, 'difference': 0, 'noise': 0.5, 'n': 79, 'shap_error': 0.006036248299394259, 'shap_norm_sq': 105.90004388917114}
{'sample_size': 790, 'difference': 0, 'noise': 1, 'n': 79, 'shap_error': 0.013486257433691987, 'shap_norm_sq': 105.90004388917114}
{'sample_size': 790, 'difference': 0, 'noise': 0.0005, 'n': 79, 'shap_error': 0.021234987443337947, 'shap_norm_sq': 15.75229720049262}
{'sample_size': 790, 'difference': 0, 'noise': 0.001, 'n': 79, 'shap_error': 0.022543328597656828, 'shap_norm_sq': 15.75229720049262}
{'sample_size': 790, 'difference': 0, 'noise': 0.005, 'n': 79, 'shap_error': 0.02550998076937716, 'shap_norm_sq': 15.75229720049262}
{'sample_size': 790, 'difference': 0, 'noise': 0.01, 'n': 79, 'shap_error': 0.017683963199553288, 'shap_norm_sq': 15.75229720049262}
{'sample_size': 790, 'difference': 0, 'noise': 0.05, 'n': 79, 'shap_error': 0.023868550241083503, 'shap_norm_sq': 15.75229720049262}
{'sample_size': 790, 'difference': 0, 'noise': 0.1, 'n': 79, 'shap_error': 0.019973732074444923, 'shap_norm_sq': 15.75229720049262}
{'sample_size': 790, 'difference': 0, 'noise': 0.5, 'n': 79, 'shap_error': 0.07659130422685495, 'shap_norm_sq': 15.75229720049262}
{'sample_size': 790, 'difference': 0, 'noise': 1, 'n': 79, 'shap_error': 0.3159802123559371, 'shap_norm_sq': 15.75229720049262}
{'sample_size': 790, 'difference': 0, 'noise': 0.0005, 'n': 79, 'shap_error': 0.02534227262015331, 'shap_norm_sq': 54.94503307516041}
{'sample_size': 790, 'difference': 0, 'noise': 0.001, 'n': 79, 'shap_error': 0.023987410549493146, 'shap_norm_sq': 54.94503307516041}
{'sample_size': 790, 'difference': 0, 'noise': 0.005, 'n': 79, 'shap_error': 0.02898401543889047, 'shap_norm_sq': 54.94503307516041}
{'sample_size': 790, 'difference': 0, 'noise': 0.01, 'n': 79, 'shap_error': 0.025654984635873977, 'shap_norm_sq': 54.94503307516041}
{'sample_size': 790, 'difference': 0, 'noise': 0.05, 'n': 79, 'shap_error': 0.03256654838615668, 'shap_norm_sq': 54.94503307516041}
{'sample_size': 790, 'difference': 0, 'noise': 0.1, 'n': 79, 'shap_error': 0.022448847130365383, 'shap_norm_sq': 54.94503307516041}
{'sample_size': 790, 'difference': 0, 'noise': 0.5, 'n': 79, 'shap_error': 0.04388525631204759, 'shap_norm_sq': 54.94503307516041}
{'sample_size': 790, 'difference': 0, 'noise': 1, 'n': 79, 'shap_error': 0.10183189338442518, 'shap_norm_sq': 54.94503307516041}
{'sample_size': 790, 'difference': 0, 'noise': 0.0005, 'n': 79, 'shap_error': 0.030385205165913077, 'shap_norm_sq': 27.273525617952394}
{'sample_size': 790, 'difference': 0, 'noise': 0.001, 'n': 79, 'shap_error': 0.029360151260754253, 'shap_norm_sq': 27.273525617952394}
{'sample_size': 790, 'difference': 0, 'noise': 0.005, 'n': 79, 'shap_error': 0.051197331448882145, 'shap_norm_sq': 27.273525617952394}
{'sample_size': 790, 'difference': 0, 'noise': 0.01, 'n': 79, 'shap_error': 0.039464660831245134, 'shap_norm_sq': 27.273525617952394}
{'sample_size': 790, 'difference': 0, 'noise': 0.05, 'n': 79, 'shap_error': 0.039544221356964976, 'shap_norm_sq': 27.273525617952394}
{'sample_size': 790, 'difference': 0, 'noise': 0.1, 'n': 79, 'shap_error': 0.05394402307742405, 'shap_norm_sq': 27.273525617952394}
{'sample_size': 790, 'difference': 0, 'noise': 0.5, 'n': 79, 'shap_error': 0.07641729352160385, 'shap_norm_sq': 27.273525617952394}
{'sample_size': 790, 'difference': 0, 'noise': 1, 'n': 79, 'shap_error': 0.10578700332542472, 'shap_norm_sq': 27.273525617952394}
{'sample_size': 790, 'difference': 0, 'noise': 0.0005, 'n': 79, 'shap_error': 0.05296106346259934, 'shap_norm_sq': 168.34394845996783}
{'sample_size': 790, 'difference': 0, 'noise': 0.001, 'n': 79, 'shap_error': 0.050581247472242116, 'shap_norm_sq': 168.34394845996783}
{'sample_size': 790, 'difference': 0, 'noise': 0.005, 'n': 79, 'shap_error': 0.07243994038449723, 'shap_norm_sq': 168.34394845996783}
{'sample_size': 790, 'difference': 0, 'noise': 0.01, 'n': 79, 'shap_error': 0.0643114371926807, 'shap_norm_sq': 168.34394845996783}
{'sample_size': 790, 'difference': 0, 'noise': 0.05, 'n': 79, 'shap_error': 0.04682869294935378, 'shap_norm_sq': 168.34394845996783}
{'sample_size': 790, 'difference': 0, 'noise': 0.1, 'n': 79, 'shap_error': 0.04224922125828512, 'shap_norm_sq': 168.34394845996783}
{'sample_size': 790, 'difference': 0, 'noise': 0.5, 'n': 79, 'shap_error': 0.0890037722121479, 'shap_norm_sq': 168.34394845996783}
{'sample_size': 790, 'difference': 0, 'noise': 1, 'n': 79, 'shap_error': 0.10554437794133295, 'shap_norm_sq': 168.34394845996783}
{'sample_size': 790, 'difference': 0, 'noise': 0.0005, 'n': 79, 'shap_error': 0.002590942950912479, 'shap_norm_sq': 210.58221978381596}
{'sample_size': 790, 'difference': 0, 'noise': 0.001, 'n': 79, 'shap_error': 0.0025027346601110526, 'shap_norm_sq': 210.58221978381596}
{'sample_size': 790, 'difference': 0, 'noise': 0.005, 'n': 79, 'shap_error': 0.0032710170143198944, 'shap_norm_sq': 210.58221978381596}
{'sample_size': 790, 'difference': 0, 'noise': 0.01, 'n': 79, 'shap_error': 0.003569921833988237, 'shap_norm_sq': 210.58221978381596}
{'sample_size': 790, 'difference': 0, 'noise': 0.05, 'n': 79, 'shap_error': 0.0027234056537413106, 'shap_norm_sq': 210.58221978381596}
{'sample_size': 790, 'difference': 0, 'noise': 0.1, 'n': 79, 'shap_error': 0.002658959111775797, 'shap_norm_sq': 210.58221978381596}
{'sample_size': 790, 'difference': 0, 'noise': 0.5, 'n': 79, 'shap_error': 0.00482636291775372, 'shap_norm_sq': 210.58221978381596}
{'sample_size': 790, 'difference': 0, 'noise': 1, 'n': 79, 'shap_error': 0.006772594377781208, 'shap_norm_sq': 210.58221978381596}
{'sample_size': 790, 'difference': 0, 'noise': 0.0005, 'n': 79, 'shap_error': 0.02974007605586528, 'shap_norm_sq': 50.04623913887282}
{'sample_size': 790, 'difference': 0, 'noise': 0.001, 'n': 79, 'shap_error': 0.03228007413001548, 'shap_norm_sq': 50.04623913887282}
{'sample_size': 790, 'difference': 0, 'noise': 0.005, 'n': 79, 'shap_error': 0.03463603594657949, 'shap_norm_sq': 50.04623913887282}
{'sample_size': 790, 'difference': 0, 'noise': 0.01, 'n': 79, 'shap_error': 0.027766044654547933, 'shap_norm_sq': 50.04623913887282}
{'sample_size': 790, 'difference': 0, 'noise': 0.05, 'n': 79, 'shap_error': 0.03097440631504485, 'shap_norm_sq': 50.04623913887282}
{'sample_size': 790, 'difference': 0, 'noise': 0.1, 'n': 79, 'shap_error': 0.027839665948272637, 'shap_norm_sq': 50.04623913887282}
{'sample_size': 790, 'difference': 0, 'noise': 0.5, 'n': 79, 'shap_error': 0.024575145401079527, 'shap_norm_sq': 50.04623913887282}
{'sample_size': 790, 'difference': 0, 'noise': 1, 'n': 79, 'shap_error': 0.04755304182413951, 'shap_norm_sq': 50.04623913887282}
{'sample_size': 790, 'difference': 0, 'noise': 0.0005, 'n': 79, 'shap_error': 0.04131828785769329, 'shap_norm_sq': 21.28894051596188}
{'sample_size': 790, 'difference': 0, 'noise': 0.001, 'n': 79, 'shap_error': 0.046108777711718944, 'shap_norm_sq': 21.28894051596188}
{'sample_size': 790, 'difference': 0, 'noise': 0.005, 'n': 79, 'shap_error': 0.04370628790142134, 'shap_norm_sq': 21.28894051596188}
{'sample_size': 790, 'difference': 0, 'noise': 0.01, 'n': 79, 'shap_error': 0.044216679931069924, 'shap_norm_sq': 21.28894051596188}
{'sample_size': 790, 'difference': 0, 'noise': 0.05, 'n': 79, 'shap_error': 0.02731261570733732, 'shap_norm_sq': 21.28894051596188}
{'sample_size': 790, 'difference': 0, 'noise': 0.1, 'n': 79, 'shap_error': 0.034639221145679105, 'shap_norm_sq': 21.28894051596188}
{'sample_size': 790, 'difference': 0, 'noise': 0.5, 'n': 79, 'shap_error': 0.0757915676002628, 'shap_norm_sq': 21.28894051596188}
{'sample_size': 790, 'difference': 0, 'noise': 1, 'n': 79, 'shap_error': 0.1358709420927374, 'shap_norm_sq': 21.28894051596188}
{'sample_size': 790, 'difference': 0, 'noise': 0.0005, 'n': 79, 'shap_error': 0.06420491977729505, 'shap_norm_sq': 4.88175375235758}
{'sample_size': 790, 'difference': 0, 'noise': 0.001, 'n': 79, 'shap_error': 0.044436512220355454, 'shap_norm_sq': 4.88175375235758}
{'sample_size': 790, 'difference': 0, 'noise': 0.005, 'n': 79, 'shap_error': 0.0869317562245057, 'shap_norm_sq': 4.88175375235758}
{'sample_size': 790, 'difference': 0, 'noise': 0.01, 'n': 79, 'shap_error': 0.07424929089192114, 'shap_norm_sq': 4.88175375235758}
{'sample_size': 790, 'difference': 0, 'noise': 0.05, 'n': 79, 'shap_error': 0.048412375914582945, 'shap_norm_sq': 4.88175375235758}
{'sample_size': 790, 'difference': 0, 'noise': 0.1, 'n': 79, 'shap_error': 0.07894427657159696, 'shap_norm_sq': 4.88175375235758}
{'sample_size': 790, 'difference': 0, 'noise': 0.5, 'n': 79, 'shap_error': 0.11068270727015107, 'shap_norm_sq': 4.88175375235758}
{'sample_size': 790, 'difference': 0, 'noise': 1, 'n': 79, 'shap_error': 0.224372071482404, 'shap_norm_sq': 4.88175375235758}
{'sample_size': 790, 'difference': 0, 'noise': 0.0005, 'n': 79, 'shap_error': 0.03725993098591302, 'shap_norm_sq': 10.46565794712287}
{'sample_size': 790, 'difference': 0, 'noise': 0.001, 'n': 79, 'shap_error': 0.026324495214608255, 'shap_norm_sq': 10.46565794712287}
{'sample_size': 790, 'difference': 0, 'noise': 0.005, 'n': 79, 'shap_error': 0.03823839051412863, 'shap_norm_sq': 10.46565794712287}
{'sample_size': 790, 'difference': 0, 'noise': 0.01, 'n': 79, 'shap_error': 0.021287617875815193, 'shap_norm_sq': 10.46565794712287}
{'sample_size': 790, 'difference': 0, 'noise': 0.05, 'n': 79, 'shap_error': 0.023016870539451176, 'shap_norm_sq': 10.46565794712287}
{'sample_size': 790, 'difference': 0, 'noise': 0.1, 'n': 79, 'shap_error': 0.03451922739199993, 'shap_norm_sq': 10.46565794712287}
{'sample_size': 790, 'difference': 0, 'noise': 0.5, 'n': 79, 'shap_error': 0.04694253575018843, 'shap_norm_sq': 10.46565794712287}
{'sample_size': 790, 'difference': 0, 'noise': 1, 'n': 79, 'shap_error': 0.18292622094405556, 'shap_norm_sq': 10.46565794712287}
{'sample_size': 790, 'difference': 0, 'noise': 0.0005, 'n': 79, 'shap_error': 0.002245859509607328, 'shap_norm_sq': 340.8947996894022}
{'sample_size': 790, 'difference': 0, 'noise': 0.001, 'n': 79, 'shap_error': 0.002135671783915109, 'shap_norm_sq': 340.8947996894022}
{'sample_size': 790, 'difference': 0, 'noise': 0.005, 'n': 79, 'shap_error': 0.0026571546454336003, 'shap_norm_sq': 340.8947996894022}
{'sample_size': 790, 'difference': 0, 'noise': 0.01, 'n': 79, 'shap_error': 0.0021300322283762272, 'shap_norm_sq': 340.8947996894022}
{'sample_size': 790, 'difference': 0, 'noise': 0.05, 'n': 79, 'shap_error': 0.004177098415051853, 'shap_norm_sq': 340.8947996894022}
{'sample_size': 790, 'difference': 0, 'noise': 0.1, 'n': 79, 'shap_error': 0.003275861897537585, 'shap_norm_sq': 340.8947996894022}
{'sample_size': 790, 'difference': 0, 'noise': 0.5, 'n': 79, 'shap_error': 0.0032301616642306666, 'shap_norm_sq': 340.8947996894022}
{'sample_size': 790, 'difference': 0, 'noise': 1, 'n': 79, 'shap_error': 0.005429918661907787, 'shap_norm_sq': 340.8947996894022}
{'sample_size': 790, 'difference': 0, 'noise': 0.0005, 'n': 79, 'shap_error': 0.06819375026506076, 'shap_norm_sq': 16.331879343667588}
{'sample_size': 790, 'difference': 0, 'noise': 0.001, 'n': 79, 'shap_error': 0.07021931365230548, 'shap_norm_sq': 16.331879343667588}
{'sample_size': 790, 'difference': 0, 'noise': 0.005, 'n': 79, 'shap_error': 0.0765724394832839, 'shap_norm_sq': 16.331879343667588}
{'sample_size': 790, 'difference': 0, 'noise': 0.01, 'n': 79, 'shap_error': 0.08807893301428085, 'shap_norm_sq': 16.331879343667588}
{'sample_size': 790, 'difference': 0, 'noise': 0.05, 'n': 79, 'shap_error': 0.06189561111125936, 'shap_norm_sq': 16.331879343667588}
{'sample_size': 790, 'difference': 0, 'noise': 0.1, 'n': 79, 'shap_error': 0.06705347349986568, 'shap_norm_sq': 16.331879343667588}
{'sample_size': 790, 'difference': 0, 'noise': 0.5, 'n': 79, 'shap_error': 0.11296726763126173, 'shap_norm_sq': 16.331879343667588}
{'sample_size': 790, 'difference': 0, 'noise': 1, 'n': 79, 'shap_error': 0.2245754188581797, 'shap_norm_sq': 16.331879343667588}
{'sample_size': 790, 'difference': 0, 'noise': 0.0005, 'n': 79, 'shap_error': 0.019306509661481692, 'shap_norm_sq': 41.908400179887394}
{'sample_size': 790, 'difference': 0, 'noise': 0.001, 'n': 79, 'shap_error': 0.016084942131619633, 'shap_norm_sq': 41.908400179887394}
{'sample_size': 790, 'difference': 0, 'noise': 0.005, 'n': 79, 'shap_error': 0.017806415105214708, 'shap_norm_sq': 41.908400179887394}
{'sample_size': 790, 'difference': 0, 'noise': 0.01, 'n': 79, 'shap_error': 0.013707714562396127, 'shap_norm_sq': 41.908400179887394}
{'sample_size': 790, 'difference': 0, 'noise': 0.05, 'n': 79, 'shap_error': 0.015088059280992147, 'shap_norm_sq': 41.908400179887394}
{'sample_size': 790, 'difference': 0, 'noise': 0.1, 'n': 79, 'shap_error': 0.014458402251785504, 'shap_norm_sq': 41.908400179887394}
{'sample_size': 790, 'difference': 0, 'noise': 0.5, 'n': 79, 'shap_error': 0.024107030620856243, 'shap_norm_sq': 41.908400179887394}
{'sample_size': 790, 'difference': 0, 'noise': 1, 'n': 79, 'shap_error': 0.02584434550630526, 'shap_norm_sq': 41.908400179887394}
{'sample_size': 790, 'difference': 0, 'noise': 0.0005, 'n': 79, 'shap_error': 0.011616753660991722, 'shap_norm_sq': 6.289717209382058}
{'sample_size': 790, 'difference': 0, 'noise': 0.001, 'n': 79, 'shap_error': 0.00811234224715079, 'shap_norm_sq': 6.289717209382058}
{'sample_size': 790, 'difference': 0, 'noise': 0.005, 'n': 79, 'shap_error': 0.00887477192163968, 'shap_norm_sq': 6.289717209382058}
{'sample_size': 790, 'difference': 0, 'noise': 0.01, 'n': 79, 'shap_error': 0.008142941289854076, 'shap_norm_sq': 6.289717209382058}
{'sample_size': 790, 'difference': 0, 'noise': 0.05, 'n': 79, 'shap_error': 0.01299499673487027, 'shap_norm_sq': 6.289717209382058}
{'sample_size': 790, 'difference': 0, 'noise': 0.1, 'n': 79, 'shap_error': 0.011124942431303613, 'shap_norm_sq': 6.289717209382058}
{'sample_size': 790, 'difference': 0, 'noise': 0.5, 'n': 79, 'shap_error': 0.10533944936990132, 'shap_norm_sq': 6.289717209382058}
{'sample_size': 790, 'difference': 0, 'noise': 1, 'n': 79, 'shap_error': 0.3510175615152969, 'shap_norm_sq': 6.289717209382058}
{'sample_size': 790, 'difference': 0, 'noise': 0.0005, 'n': 79, 'shap_error': 0.02746728295750775, 'shap_norm_sq': 28.440322246586177}
{'sample_size': 790, 'difference': 0, 'noise': 0.001, 'n': 79, 'shap_error': 0.036385674441967254, 'shap_norm_sq': 28.440322246586177}
{'sample_size': 790, 'difference': 0, 'noise': 0.005, 'n': 79, 'shap_error': 0.02645839796649934, 'shap_norm_sq': 28.440322246586177}
{'sample_size': 790, 'difference': 0, 'noise': 0.01, 'n': 79, 'shap_error': 0.040438834059158754, 'shap_norm_sq': 28.440322246586177}
{'sample_size': 790, 'difference': 0, 'noise': 0.05, 'n': 79, 'shap_error': 0.04062520225475162, 'shap_norm_sq': 28.440322246586177}
{'sample_size': 790, 'difference': 0, 'noise': 0.1, 'n': 79, 'shap_error': 0.02781584752799945, 'shap_norm_sq': 28.440322246586177}
{'sample_size': 790, 'difference': 0, 'noise': 0.5, 'n': 79, 'shap_error': 0.04744797447210906, 'shap_norm_sq': 28.440322246586177}
{'sample_size': 790, 'difference': 0, 'noise': 1, 'n': 79, 'shap_error': 0.08662892984637564, 'shap_norm_sq': 28.440322246586177}
{'sample_size': 790, 'difference': 0, 'noise': 0.0005, 'n': 79, 'shap_error': 0.05559423252225327, 'shap_norm_sq': 38.94028171825632}
{'sample_size': 790, 'difference': 0, 'noise': 0.001, 'n': 79, 'shap_error': 0.0540901225188754, 'shap_norm_sq': 38.94028171825632}
{'sample_size': 790, 'difference': 0, 'noise': 0.005, 'n': 79, 'shap_error': 0.037995457440607824, 'shap_norm_sq': 38.94028171825632}
{'sample_size': 790, 'difference': 0, 'noise': 0.01, 'n': 79, 'shap_error': 0.045994418365981185, 'shap_norm_sq': 38.94028171825632}
{'sample_size': 790, 'difference': 0, 'noise': 0.05, 'n': 79, 'shap_error': 0.06689140615980443, 'shap_norm_sq': 38.94028171825632}
{'sample_size': 790, 'difference': 0, 'noise': 0.1, 'n': 79, 'shap_error': 0.053431272875987916, 'shap_norm_sq': 38.94028171825632}
{'sample_size': 790, 'difference': 0, 'noise': 0.5, 'n': 79, 'shap_error': 0.06566338055625327, 'shap_norm_sq': 38.94028171825632}
{'sample_size': 790, 'difference': 0, 'noise': 1, 'n': 79, 'shap_error': 0.09627113213669382, 'shap_norm_sq': 38.94028171825632}
{'sample_size': 790, 'difference': 0, 'noise': 0.0005, 'n': 79, 'shap_error': 0.07668017091631683, 'shap_norm_sq': 48.91290561831941}
{'sample_size': 790, 'difference': 0, 'noise': 0.001, 'n': 79, 'shap_error': 0.06464835665017081, 'shap_norm_sq': 48.91290561831941}
{'sample_size': 790, 'difference': 0, 'noise': 0.005, 'n': 79, 'shap_error': 0.06678865830733212, 'shap_norm_sq': 48.91290561831941}
{'sample_size': 790, 'difference': 0, 'noise': 0.01, 'n': 79, 'shap_error': 0.05646504197790767, 'shap_norm_sq': 48.91290561831941}
{'sample_size': 790, 'difference': 0, 'noise': 0.05, 'n': 79, 'shap_error': 0.07275445492138403, 'shap_norm_sq': 48.91290561831941}
{'sample_size': 790, 'difference': 0, 'noise': 0.1, 'n': 79, 'shap_error': 0.047739378046308456, 'shap_norm_sq': 48.91290561831941}
{'sample_size': 790, 'difference': 0, 'noise': 0.5, 'n': 79, 'shap_error': 0.061942664056285554, 'shap_norm_sq': 48.91290561831941}
{'sample_size': 790, 'difference': 0, 'noise': 1, 'n': 79, 'shap_error': 0.07559297620701254, 'shap_norm_sq': 48.91290561831941}
{'sample_size': 790, 'difference': 0, 'noise': 0.0005, 'n': 79, 'shap_error': 0.030786495777347545, 'shap_norm_sq': 132.37264659653053}
{'sample_size': 790, 'difference': 0, 'noise': 0.001, 'n': 79, 'shap_error': 0.03831731679611937, 'shap_norm_sq': 132.37264659653053}
{'sample_size': 790, 'difference': 0, 'noise': 0.005, 'n': 79, 'shap_error': 0.038777298848092945, 'shap_norm_sq': 132.37264659653053}
{'sample_size': 790, 'difference': 0, 'noise': 0.01, 'n': 79, 'shap_error': 0.03784083648802843, 'shap_norm_sq': 132.37264659653053}
{'sample_size': 790, 'difference': 0, 'noise': 0.05, 'n': 79, 'shap_error': 0.023665052514087924, 'shap_norm_sq': 132.37264659653053}
{'sample_size': 790, 'difference': 0, 'noise': 0.1, 'n': 79, 'shap_error': 0.038365100224047224, 'shap_norm_sq': 132.37264659653053}
{'sample_size': 790, 'difference': 0, 'noise': 0.5, 'n': 79, 'shap_error': 0.03040753093673646, 'shap_norm_sq': 132.37264659653053}
{'sample_size': 790, 'difference': 0, 'noise': 1, 'n': 79, 'shap_error': 0.035243668319806874, 'shap_norm_sq': 132.37264659653053}
{'sample_size': 790, 'difference': 0, 'noise': 0.0005, 'n': 79, 'shap_error': 0.038510635256336856, 'shap_norm_sq': 29.9722151943134}
{'sample_size': 790, 'difference': 0, 'noise': 0.001, 'n': 79, 'shap_error': 0.023295576386001056, 'shap_norm_sq': 29.9722151943134}
{'sample_size': 790, 'difference': 0, 'noise': 0.005, 'n': 79, 'shap_error': 0.03662931294739961, 'shap_norm_sq': 29.9722151943134}
{'sample_size': 790, 'difference': 0, 'noise': 0.01, 'n': 79, 'shap_error': 0.024302428018792524, 'shap_norm_sq': 29.9722151943134}
{'sample_size': 790, 'difference': 0, 'noise': 0.05, 'n': 79, 'shap_error': 0.032399489591598975, 'shap_norm_sq': 29.9722151943134}
{'sample_size': 790, 'difference': 0, 'noise': 0.1, 'n': 79, 'shap_error': 0.049365408020690164, 'shap_norm_sq': 29.9722151943134}
{'sample_size': 790, 'difference': 0, 'noise': 0.5, 'n': 79, 'shap_error': 0.050720774265365344, 'shap_norm_sq': 29.9722151943134}
{'sample_size': 790, 'difference': 0, 'noise': 1, 'n': 79, 'shap_error': 0.08088457495489311, 'shap_norm_sq': 29.9722151943134}
{'sample_size': 790, 'difference': 0, 'noise': 0.0005, 'n': 79, 'shap_error': 0.0389396509329468, 'shap_norm_sq': 54.61902873592742}
{'sample_size': 790, 'difference': 0, 'noise': 0.001, 'n': 79, 'shap_error': 0.02686074587789764, 'shap_norm_sq': 54.61902873592742}
{'sample_size': 790, 'difference': 0, 'noise': 0.005, 'n': 79, 'shap_error': 0.025794823299782027, 'shap_norm_sq': 54.61902873592742}
{'sample_size': 790, 'difference': 0, 'noise': 0.01, 'n': 79, 'shap_error': 0.03993837502925344, 'shap_norm_sq': 54.61902873592742}
{'sample_size': 790, 'difference': 0, 'noise': 0.05, 'n': 79, 'shap_error': 0.026812429544642954, 'shap_norm_sq': 54.61902873592742}
{'sample_size': 790, 'difference': 0, 'noise': 0.1, 'n': 79, 'shap_error': 0.041762017882115345, 'shap_norm_sq': 54.61902873592742}
{'sample_size': 790, 'difference': 0, 'noise': 0.5, 'n': 79, 'shap_error': 0.05094626433655229, 'shap_norm_sq': 54.61902873592742}
{'sample_size': 790, 'difference': 0, 'noise': 1, 'n': 79, 'shap_error': 0.07265751087603681, 'shap_norm_sq': 54.61902873592742}
{'sample_size': 790, 'difference': 0, 'noise': 0.0005, 'n': 79, 'shap_error': 0.03842549158904738, 'shap_norm_sq': 14.261537562424065}
{'sample_size': 790, 'difference': 0, 'noise': 0.001, 'n': 79, 'shap_error': 0.06781860110265278, 'shap_norm_sq': 14.261537562424065}
{'sample_size': 790, 'difference': 0, 'noise': 0.005, 'n': 79, 'shap_error': 0.05710816266264347, 'shap_norm_sq': 14.261537562424065}
{'sample_size': 790, 'difference': 0, 'noise': 0.01, 'n': 79, 'shap_error': 0.06810838094121906, 'shap_norm_sq': 14.261537562424065}
{'sample_size': 790, 'difference': 0, 'noise': 0.05, 'n': 79, 'shap_error': 0.06615572243624217, 'shap_norm_sq': 14.261537562424065}
{'sample_size': 790, 'difference': 0, 'noise': 0.1, 'n': 79, 'shap_error': 0.049982452842920196, 'shap_norm_sq': 14.261537562424065}
{'sample_size': 790, 'difference': 0, 'noise': 0.5, 'n': 79, 'shap_error': 0.06964726989142758, 'shap_norm_sq': 14.261537562424065}
{'sample_size': 790, 'difference': 0, 'noise': 1, 'n': 79, 'shap_error': 0.16325612446591115, 'shap_norm_sq': 14.261537562424065}
{'sample_size': 790, 'difference': 0, 'noise': 0.0005, 'n': 79, 'shap_error': 0.0012861194369550872, 'shap_norm_sq': 217.16967585283393}
{'sample_size': 790, 'difference': 0, 'noise': 0.001, 'n': 79, 'shap_error': 0.0016561358031350912, 'shap_norm_sq': 217.16967585283393}
{'sample_size': 790, 'difference': 0, 'noise': 0.005, 'n': 79, 'shap_error': 0.0009755895567103426, 'shap_norm_sq': 217.16967585283393}
{'sample_size': 790, 'difference': 0, 'noise': 0.01, 'n': 79, 'shap_error': 0.0009028008675964785, 'shap_norm_sq': 217.16967585283393}
{'sample_size': 790, 'difference': 0, 'noise': 0.05, 'n': 79, 'shap_error': 0.0009823093439583948, 'shap_norm_sq': 217.16967585283393}
{'sample_size': 790, 'difference': 0, 'noise': 0.1, 'n': 79, 'shap_error': 0.0007251995418750197, 'shap_norm_sq': 217.16967585283393}
{'sample_size': 790, 'difference': 0, 'noise': 0.5, 'n': 79, 'shap_error': 0.002630162826980106, 'shap_norm_sq': 217.16967585283393}
{'sample_size': 790, 'difference': 0, 'noise': 1, 'n': 79, 'shap_error': 0.009842807181694153, 'shap_norm_sq': 217.16967585283393}
{'sample_size': 790, 'difference': 0, 'noise': 0.0005, 'n': 79, 'shap_error': 0.0475418904601164, 'shap_norm_sq': 8.267981718114838}
{'sample_size': 790, 'difference': 0, 'noise': 0.001, 'n': 79, 'shap_error': 0.08094242139647728, 'shap_norm_sq': 8.267981718114838}
{'sample_size': 790, 'difference': 0, 'noise': 0.005, 'n': 79, 'shap_error': 0.09120263199472489, 'shap_norm_sq': 8.267981718114838}
{'sample_size': 790, 'difference': 0, 'noise': 0.01, 'n': 79, 'shap_error': 0.07285046225914518, 'shap_norm_sq': 8.267981718114838}
{'sample_size': 790, 'difference': 0, 'noise': 0.05, 'n': 79, 'shap_error': 0.0738555648739355, 'shap_norm_sq': 8.267981718114838}
{'sample_size': 790, 'difference': 0, 'noise': 0.1, 'n': 79, 'shap_error': 0.06350813579225471, 'shap_norm_sq': 8.267981718114838}
{'sample_size': 790, 'difference': 0, 'noise': 0.5, 'n': 79, 'shap_error': 0.08332897479253545, 'shap_norm_sq': 8.267981718114838}
{'sample_size': 790, 'difference': 0, 'noise': 1, 'n': 79, 'shap_error': 0.1560178323235324, 'shap_norm_sq': 8.267981718114838}
{'sample_size': 790, 'difference': 0, 'noise': 0.0005, 'n': 79, 'shap_error': 0.012747623855017832, 'shap_norm_sq': 137.97079552077298}
{'sample_size': 790, 'difference': 0, 'noise': 0.001, 'n': 79, 'shap_error': 0.01119853050376607, 'shap_norm_sq': 137.97079552077298}
{'sample_size': 790, 'difference': 0, 'noise': 0.005, 'n': 79, 'shap_error': 0.008774216722567313, 'shap_norm_sq': 137.97079552077298}
{'sample_size': 790, 'difference': 0, 'noise': 0.01, 'n': 79, 'shap_error': 0.014143163574924502, 'shap_norm_sq': 137.97079552077298}
{'sample_size': 790, 'difference': 0, 'noise': 0.05, 'n': 79, 'shap_error': 0.008847203821359676, 'shap_norm_sq': 137.97079552077298}
{'sample_size': 790, 'difference': 0, 'noise': 0.1, 'n': 79, 'shap_error': 0.00963691387124101, 'shap_norm_sq': 137.97079552077298}
{'sample_size': 790, 'difference': 0, 'noise': 0.5, 'n': 79, 'shap_error': 0.010866325842011724, 'shap_norm_sq': 137.97079552077298}
{'sample_size': 790, 'difference': 0, 'noise': 1, 'n': 79, 'shap_error': 0.018685854952214705, 'shap_norm_sq': 137.97079552077298}
{'sample_size': 790, 'difference': 0, 'noise': 0.0005, 'n': 79, 'shap_error': 0.07180145142169175, 'shap_norm_sq': 38.069153253841534}
{'sample_size': 790, 'difference': 0, 'noise': 0.001, 'n': 79, 'shap_error': 0.06545351861732397, 'shap_norm_sq': 38.069153253841534}
{'sample_size': 790, 'difference': 0, 'noise': 0.005, 'n': 79, 'shap_error': 0.06120343787556345, 'shap_norm_sq': 38.069153253841534}
{'sample_size': 790, 'difference': 0, 'noise': 0.01, 'n': 79, 'shap_error': 0.059065014423430345, 'shap_norm_sq': 38.069153253841534}
{'sample_size': 790, 'difference': 0, 'noise': 0.05, 'n': 79, 'shap_error': 0.06055568796645168, 'shap_norm_sq': 38.069153253841534}
{'sample_size': 790, 'difference': 0, 'noise': 0.1, 'n': 79, 'shap_error': 0.08334374996446753, 'shap_norm_sq': 38.069153253841534}
{'sample_size': 790, 'difference': 0, 'noise': 0.5, 'n': 79, 'shap_error': 0.05741012279613521, 'shap_norm_sq': 38.069153253841534}
{'sample_size': 790, 'difference': 0, 'noise': 1, 'n': 79, 'shap_error': 0.1477188495002486, 'shap_norm_sq': 38.069153253841534}
{'sample_size': 790, 'difference': 0, 'noise': 0.0005, 'n': 79, 'shap_error': 0.11574609736879288, 'shap_norm_sq': 7.395873394416008}
{'sample_size': 790, 'difference': 0, 'noise': 0.001, 'n': 79, 'shap_error': 0.09100970220485483, 'shap_norm_sq': 7.395873394416008}
{'sample_size': 790, 'difference': 0, 'noise': 0.005, 'n': 79, 'shap_error': 0.09869569283979748, 'shap_norm_sq': 7.395873394416008}
{'sample_size': 790, 'difference': 0, 'noise': 0.01, 'n': 79, 'shap_error': 0.10096725406224168, 'shap_norm_sq': 7.395873394416008}
{'sample_size': 790, 'difference': 0, 'noise': 0.05, 'n': 79, 'shap_error': 0.08022081992715352, 'shap_norm_sq': 7.395873394416008}
{'sample_size': 790, 'difference': 0, 'noise': 0.1, 'n': 79, 'shap_error': 0.08375689376908195, 'shap_norm_sq': 7.395873394416008}
{'sample_size': 790, 'difference': 0, 'noise': 0.5, 'n': 79, 'shap_error': 0.1090767589479636, 'shap_norm_sq': 7.395873394416008}
{'sample_size': 790, 'difference': 0, 'noise': 1, 'n': 79, 'shap_error': 0.24427160639370182, 'shap_norm_sq': 7.395873394416008}
{'sample_size': 790, 'difference': 0, 'noise': 0.0005, 'n': 79, 'shap_error': 0.0363067243705317, 'shap_norm_sq': 27.240661245642713}
{'sample_size': 790, 'difference': 0, 'noise': 0.001, 'n': 79, 'shap_error': 0.030898663894072906, 'shap_norm_sq': 27.240661245642713}
{'sample_size': 790, 'difference': 0, 'noise': 0.005, 'n': 79, 'shap_error': 0.02474372083630748, 'shap_norm_sq': 27.240661245642713}
{'sample_size': 790, 'difference': 0, 'noise': 0.01, 'n': 79, 'shap_error': 0.03309004195410928, 'shap_norm_sq': 27.240661245642713}
{'sample_size': 790, 'difference': 0, 'noise': 0.05, 'n': 79, 'shap_error': 0.02964471590938772, 'shap_norm_sq': 27.240661245642713}
{'sample_size': 790, 'difference': 0, 'noise': 0.1, 'n': 79, 'shap_error': 0.04128402898652499, 'shap_norm_sq': 27.240661245642713}
{'sample_size': 790, 'difference': 0, 'noise': 0.5, 'n': 79, 'shap_error': 0.045312779340883486, 'shap_norm_sq': 27.240661245642713}
{'sample_size': 790, 'difference': 0, 'noise': 1, 'n': 79, 'shap_error': 0.08770475913794601, 'shap_norm_sq': 27.240661245642713}
{'sample_size': 790, 'difference': 0, 'noise': 0.0005, 'n': 79, 'shap_error': 0.021380380803063075, 'shap_norm_sq': 18.594602876752948}
{'sample_size': 790, 'difference': 0, 'noise': 0.001, 'n': 79, 'shap_error': 0.019135931908945355, 'shap_norm_sq': 18.594602876752948}
{'sample_size': 790, 'difference': 0, 'noise': 0.005, 'n': 79, 'shap_error': 0.02103109307900274, 'shap_norm_sq': 18.594602876752948}
{'sample_size': 790, 'difference': 0, 'noise': 0.01, 'n': 79, 'shap_error': 0.023849072544838434, 'shap_norm_sq': 18.594602876752948}
{'sample_size': 790, 'difference': 0, 'noise': 0.05, 'n': 79, 'shap_error': 0.022889607717090137, 'shap_norm_sq': 18.594602876752948}
{'sample_size': 790, 'difference': 0, 'noise': 0.1, 'n': 79, 'shap_error': 0.02705979338294753, 'shap_norm_sq': 18.594602876752948}
{'sample_size': 790, 'difference': 0, 'noise': 0.5, 'n': 79, 'shap_error': 0.040477576542797294, 'shap_norm_sq': 18.594602876752948}
{'sample_size': 790, 'difference': 0, 'noise': 1, 'n': 79, 'shap_error': 0.0980848123960992, 'shap_norm_sq': 18.594602876752948}
{'sample_size': 790, 'difference': 0, 'noise': 0.0005, 'n': 79, 'shap_error': 0.041483005950180084, 'shap_norm_sq': 14.200401372548487}
{'sample_size': 790, 'difference': 0, 'noise': 0.001, 'n': 79, 'shap_error': 0.043098242444929394, 'shap_norm_sq': 14.200401372548487}
{'sample_size': 790, 'difference': 0, 'noise': 0.005, 'n': 79, 'shap_error': 0.042890445711193007, 'shap_norm_sq': 14.200401372548487}
{'sample_size': 790, 'difference': 0, 'noise': 0.01, 'n': 79, 'shap_error': 0.045044187030114965, 'shap_norm_sq': 14.200401372548487}
{'sample_size': 790, 'difference': 0, 'noise': 0.05, 'n': 79, 'shap_error': 0.04240505036605654, 'shap_norm_sq': 14.200401372548487}
{'sample_size': 790, 'difference': 0, 'noise': 0.1, 'n': 79, 'shap_error': 0.05959510755387682, 'shap_norm_sq': 14.200401372548487}
{'sample_size': 790, 'difference': 0, 'noise': 0.5, 'n': 79, 'shap_error': 0.11021212270664497, 'shap_norm_sq': 14.200401372548487}
{'sample_size': 790, 'difference': 0, 'noise': 1, 'n': 79, 'shap_error': 0.24783780587377777, 'shap_norm_sq': 14.200401372548487}
{'sample_size': 790, 'difference': 0, 'noise': 0.0005, 'n': 79, 'shap_error': 0.003819966555970031, 'shap_norm_sq': 267.8485691590223}
{'sample_size': 790, 'difference': 0, 'noise': 0.001, 'n': 79, 'shap_error': 0.004555020512814941, 'shap_norm_sq': 267.8485691590223}
{'sample_size': 790, 'difference': 0, 'noise': 0.005, 'n': 79, 'shap_error': 0.004918749083782611, 'shap_norm_sq': 267.8485691590223}
{'sample_size': 790, 'difference': 0, 'noise': 0.01, 'n': 79, 'shap_error': 0.004522536828555709, 'shap_norm_sq': 267.8485691590223}
{'sample_size': 790, 'difference': 0, 'noise': 0.05, 'n': 79, 'shap_error': 0.004334556925375498, 'shap_norm_sq': 267.8485691590223}
{'sample_size': 790, 'difference': 0, 'noise': 0.1, 'n': 79, 'shap_error': 0.0042112891516098774, 'shap_norm_sq': 267.8485691590223}
{'sample_size': 790, 'difference': 0, 'noise': 0.5, 'n': 79, 'shap_error': 0.006482740755450609, 'shap_norm_sq': 267.8485691590223}
{'sample_size': 790, 'difference': 0, 'noise': 1, 'n': 79, 'shap_error': 0.008090361520731507, 'shap_norm_sq': 267.8485691590223}
{'sample_size': 790, 'difference': 0, 'noise': 0.0005, 'n': 79, 'shap_error': 0.047829266095936886, 'shap_norm_sq': 10.899291280782567}
{'sample_size': 790, 'difference': 0, 'noise': 0.001, 'n': 79, 'shap_error': 0.04063833928225982, 'shap_norm_sq': 10.899291280782567}
{'sample_size': 790, 'difference': 0, 'noise': 0.005, 'n': 79, 'shap_error': 0.0599886606170413, 'shap_norm_sq': 10.899291280782567}
{'sample_size': 790, 'difference': 0, 'noise': 0.01, 'n': 79, 'shap_error': 0.055675320175613524, 'shap_norm_sq': 10.899291280782567}
{'sample_size': 790, 'difference': 0, 'noise': 0.05, 'n': 79, 'shap_error': 0.041386898078761454, 'shap_norm_sq': 10.899291280782567}
{'sample_size': 790, 'difference': 0, 'noise': 0.1, 'n': 79, 'shap_error': 0.05295431048243996, 'shap_norm_sq': 10.899291280782567}
{'sample_size': 790, 'difference': 0, 'noise': 0.5, 'n': 79, 'shap_error': 0.07424264183013687, 'shap_norm_sq': 10.899291280782567}
{'sample_size': 790, 'difference': 0, 'noise': 1, 'n': 79, 'shap_error': 0.2329188170788561, 'shap_norm_sq': 10.899291280782567}
{'sample_size': 790, 'difference': 0, 'noise': 0.0005, 'n': 79, 'shap_error': 0.02654810561832989, 'shap_norm_sq': 53.62727347241663}
{'sample_size': 790, 'difference': 0, 'noise': 0.001, 'n': 79, 'shap_error': 0.029800124557052565, 'shap_norm_sq': 53.62727347241663}
{'sample_size': 790, 'difference': 0, 'noise': 0.005, 'n': 79, 'shap_error': 0.0202062220207159, 'shap_norm_sq': 53.62727347241663}
{'sample_size': 790, 'difference': 0, 'noise': 0.01, 'n': 79, 'shap_error': 0.022868783239181508, 'shap_norm_sq': 53.62727347241663}
{'sample_size': 790, 'difference': 0, 'noise': 0.05, 'n': 79, 'shap_error': 0.0136744142475474, 'shap_norm_sq': 53.62727347241663}
{'sample_size': 790, 'difference': 0, 'noise': 0.1, 'n': 79, 'shap_error': 0.021572804051066336, 'shap_norm_sq': 53.62727347241663}
{'sample_size': 790, 'difference': 0, 'noise': 0.5, 'n': 79, 'shap_error': 0.029025745050329243, 'shap_norm_sq': 53.62727347241663}
{'sample_size': 790, 'difference': 0, 'noise': 1, 'n': 79, 'shap_error': 0.05524609228151947, 'shap_norm_sq': 53.62727347241663}
{'sample_size': 790, 'difference': 0, 'noise': 0.0005, 'n': 79, 'shap_error': 0.007655547005390248, 'shap_norm_sq': 17.237921310588675}
{'sample_size': 790, 'difference': 0, 'noise': 0.001, 'n': 79, 'shap_error': 0.00816228577966191, 'shap_norm_sq': 17.237921310588675}
{'sample_size': 790, 'difference': 0, 'noise': 0.005, 'n': 79, 'shap_error': 0.0053924736549360395, 'shap_norm_sq': 17.237921310588675}
{'sample_size': 790, 'difference': 0, 'noise': 0.01, 'n': 79, 'shap_error': 0.005715812208103384, 'shap_norm_sq': 17.237921310588675}
{'sample_size': 790, 'difference': 0, 'noise': 0.05, 'n': 79, 'shap_error': 0.007045562255292984, 'shap_norm_sq': 17.237921310588675}
{'sample_size': 790, 'difference': 0, 'noise': 0.1, 'n': 79, 'shap_error': 0.005302907675280378, 'shap_norm_sq': 17.237921310588675}
{'sample_size': 790, 'difference': 0, 'noise': 0.5, 'n': 79, 'shap_error': 0.023249651851302768, 'shap_norm_sq': 17.237921310588675}
{'sample_size': 790, 'difference': 0, 'noise': 1, 'n': 79, 'shap_error': 0.10631551660766138, 'shap_norm_sq': 17.237921310588675}
{'sample_size': 790, 'difference': 0, 'noise': 0.0005, 'n': 79, 'shap_error': 0.03341580057030061, 'shap_norm_sq': 64.03103352314389}
{'sample_size': 790, 'difference': 0, 'noise': 0.001, 'n': 79, 'shap_error': 0.03240165314047118, 'shap_norm_sq': 64.03103352314389}
{'sample_size': 790, 'difference': 0, 'noise': 0.005, 'n': 79, 'shap_error': 0.035186319916686734, 'shap_norm_sq': 64.03103352314389}
{'sample_size': 790, 'difference': 0, 'noise': 0.01, 'n': 79, 'shap_error': 0.022671287381876744, 'shap_norm_sq': 64.03103352314389}
{'sample_size': 790, 'difference': 0, 'noise': 0.05, 'n': 79, 'shap_error': 0.0287348350656082, 'shap_norm_sq': 64.03103352314389}
{'sample_size': 790, 'difference': 0, 'noise': 0.1, 'n': 79, 'shap_error': 0.02627221401716437, 'shap_norm_sq': 64.03103352314389}
{'sample_size': 790, 'difference': 0, 'noise': 0.5, 'n': 79, 'shap_error': 0.040987282522379306, 'shap_norm_sq': 64.03103352314389}
{'sample_size': 790, 'difference': 0, 'noise': 1, 'n': 79, 'shap_error': 0.061989788715323645, 'shap_norm_sq': 64.03103352314389}
{'sample_size': 790, 'difference': 0, 'noise': 0.0005, 'n': 79, 'shap_error': 0.04994346785175935, 'shap_norm_sq': 16.432595461674634}
{'sample_size': 790, 'difference': 0, 'noise': 0.001, 'n': 79, 'shap_error': 0.03552588043047246, 'shap_norm_sq': 16.432595461674634}
{'sample_size': 790, 'difference': 0, 'noise': 0.005, 'n': 79, 'shap_error': 0.04496908078215301, 'shap_norm_sq': 16.432595461674634}
{'sample_size': 790, 'difference': 0, 'noise': 0.01, 'n': 79, 'shap_error': 0.04614609693747258, 'shap_norm_sq': 16.432595461674634}
{'sample_size': 790, 'difference': 0, 'noise': 0.05, 'n': 79, 'shap_error': 0.053166890376519504, 'shap_norm_sq': 16.432595461674634}
{'sample_size': 790, 'difference': 0, 'noise': 0.1, 'n': 79, 'shap_error': 0.04610103496902899, 'shap_norm_sq': 16.432595461674634}
{'sample_size': 790, 'difference': 0, 'noise': 0.5, 'n': 79, 'shap_error': 0.04891008869716704, 'shap_norm_sq': 16.432595461674634}
{'sample_size': 790, 'difference': 0, 'noise': 1, 'n': 79, 'shap_error': 0.152416663213234, 'shap_norm_sq': 16.432595461674634}
{'sample_size': 790, 'difference': 0, 'noise': 0.0005, 'n': 79, 'shap_error': 0.026581016531521364, 'shap_norm_sq': 23.674530760321304}
{'sample_size': 790, 'difference': 0, 'noise': 0.001, 'n': 79, 'shap_error': 0.030609980281985975, 'shap_norm_sq': 23.674530760321304}
{'sample_size': 790, 'difference': 0, 'noise': 0.005, 'n': 79, 'shap_error': 0.026694446761572635, 'shap_norm_sq': 23.674530760321304}
{'sample_size': 790, 'difference': 0, 'noise': 0.01, 'n': 79, 'shap_error': 0.024598132322418698, 'shap_norm_sq': 23.674530760321304}
{'sample_size': 790, 'difference': 0, 'noise': 0.05, 'n': 79, 'shap_error': 0.017037719929830688, 'shap_norm_sq': 23.674530760321304}
{'sample_size': 790, 'difference': 0, 'noise': 0.1, 'n': 79, 'shap_error': 0.025262787905435558, 'shap_norm_sq': 23.674530760321304}
{'sample_size': 790, 'difference': 0, 'noise': 0.5, 'n': 79, 'shap_error': 0.06560025765395183, 'shap_norm_sq': 23.674530760321304}
{'sample_size': 790, 'difference': 0, 'noise': 1, 'n': 79, 'shap_error': 0.07931375783230932, 'shap_norm_sq': 23.674530760321304}
{'sample_size': 790, 'difference': 0, 'noise': 0.0005, 'n': 79, 'shap_error': 0.005836613858252581, 'shap_norm_sq': 18.46458961757078}
{'sample_size': 790, 'difference': 0, 'noise': 0.001, 'n': 79, 'shap_error': 0.004721260778058844, 'shap_norm_sq': 18.46458961757078}
{'sample_size': 790, 'difference': 0, 'noise': 0.005, 'n': 79, 'shap_error': 0.005757421473861063, 'shap_norm_sq': 18.46458961757078}
{'sample_size': 790, 'difference': 0, 'noise': 0.01, 'n': 79, 'shap_error': 0.005515932016367213, 'shap_norm_sq': 18.46458961757078}
{'sample_size': 790, 'difference': 0, 'noise': 0.05, 'n': 79, 'shap_error': 0.0056233991473941865, 'shap_norm_sq': 18.46458961757078}
{'sample_size': 790, 'difference': 0, 'noise': 0.1, 'n': 79, 'shap_error': 0.005310660002264571, 'shap_norm_sq': 18.46458961757078}
{'sample_size': 790, 'difference': 0, 'noise': 0.5, 'n': 79, 'shap_error': 0.03592524529122269, 'shap_norm_sq': 18.46458961757078}
{'sample_size': 790, 'difference': 0, 'noise': 1, 'n': 79, 'shap_error': 0.11164793897652175, 'shap_norm_sq': 18.46458961757078}
{'sample_size': 790, 'difference': 0, 'noise': 0.0005, 'n': 79, 'shap_error': 0.008313036772598216, 'shap_norm_sq': 234.91135371423638}
{'sample_size': 790, 'difference': 0, 'noise': 0.001, 'n': 79, 'shap_error': 0.008075952807329439, 'shap_norm_sq': 234.91135371423638}
{'sample_size': 790, 'difference': 0, 'noise': 0.005, 'n': 79, 'shap_error': 0.008160768314886654, 'shap_norm_sq': 234.91135371423638}
{'sample_size': 790, 'difference': 0, 'noise': 0.01, 'n': 79, 'shap_error': 0.009424514928812766, 'shap_norm_sq': 234.91135371423638}
{'sample_size': 790, 'difference': 0, 'noise': 0.05, 'n': 79, 'shap_error': 0.007720949006798155, 'shap_norm_sq': 234.91135371423638}
{'sample_size': 790, 'difference': 0, 'noise': 0.1, 'n': 79, 'shap_error': 0.010646169320832823, 'shap_norm_sq': 234.91135371423638}
{'sample_size': 790, 'difference': 0, 'noise': 0.5, 'n': 79, 'shap_error': 0.006998768278112727, 'shap_norm_sq': 234.91135371423638}
{'sample_size': 790, 'difference': 0, 'noise': 1, 'n': 79, 'shap_error': 0.012755545842295057, 'shap_norm_sq': 234.91135371423638}
{'sample_size': 790, 'difference': 0, 'noise': 0.0005, 'n': 79, 'shap_error': 0.004678070119081546, 'shap_norm_sq': 170.4287067676861}
{'sample_size': 790, 'difference': 0, 'noise': 0.001, 'n': 79, 'shap_error': 0.004041319618256617, 'shap_norm_sq': 170.4287067676861}
{'sample_size': 790, 'difference': 0, 'noise': 0.005, 'n': 79, 'shap_error': 0.006027510403247515, 'shap_norm_sq': 170.4287067676861}
{'sample_size': 790, 'difference': 0, 'noise': 0.01, 'n': 79, 'shap_error': 0.0046670788045705775, 'shap_norm_sq': 170.4287067676861}
{'sample_size': 790, 'difference': 0, 'noise': 0.05, 'n': 79, 'shap_error': 0.005677392792719855, 'shap_norm_sq': 170.4287067676861}
{'sample_size': 790, 'difference': 0, 'noise': 0.1, 'n': 79, 'shap_error': 0.005172804671971685, 'shap_norm_sq': 170.4287067676861}
{'sample_size': 790, 'difference': 0, 'noise': 0.5, 'n': 79, 'shap_error': 0.008485904122004345, 'shap_norm_sq': 170.4287067676861}
{'sample_size': 790, 'difference': 0, 'noise': 1, 'n': 79, 'shap_error': 0.01787455242857785, 'shap_norm_sq': 170.4287067676861}
