{'sample_size': 395, 'difference': 1, 'noise': 0, 'n': 79, 'shap_error': 0.006951684253358361, 'shap_norm_sq': 176.5920909062474}
{'sample_size': 790, 'difference': 0, 'noise': 0, 'n': 79, 'shap_error': 0.003206003518564171, 'shap_norm_sq': 176.5920909062474}
{'sample_size': 1580, 'difference': 0, 'noise': 0, 'n': 79, 'shap_error': 0.0014847661015586979, 'shap_norm_sq': 176.5920909062474}
{'sample_size': 3160, 'difference': 0, 'noise': 0, 'n': 79, 'shap_error': 0.000695622815656863, 'shap_norm_sq': 176.5920909062474}
{'sample_size': 6320, 'difference': 0, 'noise': 0, 'n': 79, 'shap_error': 0.00042808611462841315, 'shap_norm_sq': 176.5920909062474}
{'sample_size': 12640, 'difference': 0, 'noise': 0, 'n': 79, 'shap_error': 0.00021177642420425037, 'shap_norm_sq': 176.5920909062474}
{'sample_size': 395, 'difference': 1, 'noise': 0, 'n': 79, 'shap_error': 0.01047284699290186, 'shap_norm_sq': 20.084252463209726}
{'sample_size': 790, 'difference': 0, 'noise': 0, 'n': 79, 'shap_error': 0.002927687574947492, 'shap_norm_sq': 20.084252463209726}
{'sample_size': 1580, 'difference': 0, 'noise': 0, 'n': 79, 'shap_error': 0.002150151011918087, 'shap_norm_sq': 20.084252463209726}
{'sample_size': 3160, 'difference': 0, 'noise': 0, 'n': 79, 'shap_error': 0.0008907867625137391, 'shap_norm_sq': 20.084252463209726}
{'sample_size': 6320, 'difference': 0, 'noise': 0, 'n': 79, 'shap_error': 0.00039819975210783257, 'shap_norm_sq': 20.084252463209726}
{'sample_size': 12640, 'difference': 0, 'noise': 0, 'n': 79, 'shap_error': 0.00017592686487072915, 'shap_norm_sq': 20.084252463209726}
{'sample_size': 395, 'difference': 1, 'noise': 0, 'n': 79, 'shap_error': 0.002380678953899388, 'shap_norm_sq': 148.00477053999788}
{'sample_size': 790, 'difference': 0, 'noise': 0, 'n': 79, 'shap_error': 0.0009600382356833968, 'shap_norm_sq': 148.00477053999788}
{'sample_size': 1580, 'difference': 0, 'noise': 0, 'n': 79, 'shap_error': 0.0006339752616726535, 'shap_norm_sq': 148.00477053999788}
{'sample_size': 3160, 'difference': 0, 'noise': 0, 'n': 79, 'shap_error': 0.00017164426444663122, 'shap_norm_sq': 148.00477053999788}
{'sample_size': 6320, 'difference': 0, 'noise': 0, 'n': 79, 'shap_error': 0.00013087229484855283, 'shap_norm_sq': 148.00477053999788}
{'sample_size': 12640, 'difference': 0, 'noise': 0, 'n': 79, 'shap_error': 7.028993900265423e-05, 'shap_norm_sq': 148.00477053999788}
{'sample_size': 395, 'difference': 1, 'noise': 0, 'n': 79, 'shap_error': 0.009220672085214033, 'shap_norm_sq': 15.97553400192092}
{'sample_size': 790, 'difference': 0, 'noise': 0, 'n': 79, 'shap_error': 0.004095257269691022, 'shap_norm_sq': 15.97553400192092}
{'sample_size': 1580, 'difference': 0, 'noise': 0, 'n': 79, 'shap_error': 0.0017831924788797053, 'shap_norm_sq': 15.97553400192092}
{'sample_size': 3160, 'difference': 0, 'noise': 0, 'n': 79, 'shap_error': 0.0005869448567236835, 'shap_norm_sq': 15.97553400192092}
{'sample_size': 6320, 'difference': 0, 'noise': 0, 'n': 79, 'shap_error': 0.0003911135627953471, 'shap_norm_sq': 15.97553400192092}
{'sample_size': 12640, 'difference': 0, 'noise': 0, 'n': 79, 'shap_error': 0.00015436769009665038, 'shap_norm_sq': 15.97553400192092}
{'sample_size': 395, 'difference': 1, 'noise': 0, 'n': 79, 'shap_error': 1.8824149103224457e-13, 'shap_norm_sq': 60.68441020144731}
{'sample_size': 790, 'difference': 0, 'noise': 0, 'n': 79, 'shap_error': 1.7722274019228414e-13, 'shap_norm_sq': 60.68441020144731}
{'sample_size': 1580, 'difference': 0, 'noise': 0, 'n': 79, 'shap_error': 1.726653693975285e-13, 'shap_norm_sq': 60.68441020144731}
{'sample_size': 3160, 'difference': 0, 'noise': 0, 'n': 79, 'shap_error': 1.7259558061771598e-13, 'shap_norm_sq': 60.68441020144731}
{'sample_size': 6320, 'difference': 0, 'noise': 0, 'n': 79, 'shap_error': 1.752145295410509e-13, 'shap_norm_sq': 60.68441020144731}
{'sample_size': 12640, 'difference': 0, 'noise': 0, 'n': 79, 'shap_error': 1.7132005883838552e-13, 'shap_norm_sq': 60.68441020144731}
{'sample_size': 395, 'difference': 1, 'noise': 0, 'n': 79, 'shap_error': 0.008319975762900639, 'shap_norm_sq': 136.26130924077654}
{'sample_size': 790, 'difference': 0, 'noise': 0, 'n': 79, 'shap_error': 0.0023342843104803925, 'shap_norm_sq': 136.26130924077654}
{'sample_size': 1580, 'difference': 0, 'noise': 0, 'n': 79, 'shap_error': 0.0012014633472873894, 'shap_norm_sq': 136.26130924077654}
{'sample_size': 3160, 'difference': 0, 'noise': 0, 'n': 79, 'shap_error': 0.0004703307970309557, 'shap_norm_sq': 136.26130924077654}
{'sample_size': 6320, 'difference': 0, 'noise': 0, 'n': 79, 'shap_error': 0.0004826784968821971, 'shap_norm_sq': 136.26130924077654}
{'sample_size': 12640, 'difference': 0, 'noise': 0, 'n': 79, 'shap_error': 0.0001286063503830931, 'shap_norm_sq': 136.26130924077654}
{'sample_size': 395, 'difference': 1, 'noise': 0, 'n': 79, 'shap_error': 0.004468270241277978, 'shap_norm_sq': 12.049401362360555}
{'sample_size': 790, 'difference': 0, 'noise': 0, 'n': 79, 'shap_error': 0.0015523725841133005, 'shap_norm_sq': 12.049401362360555}
{'sample_size': 1580, 'difference': 0, 'noise': 0, 'n': 79, 'shap_error': 0.000649196415948567, 'shap_norm_sq': 12.049401362360555}
{'sample_size': 3160, 'difference': 0, 'noise': 0, 'n': 79, 'shap_error': 0.00027546574794646005, 'shap_norm_sq': 12.049401362360555}
{'sample_size': 6320, 'difference': 0, 'noise': 0, 'n': 79, 'shap_error': 0.0001458607053267191, 'shap_norm_sq': 12.049401362360555}
{'sample_size': 12640, 'difference': 0, 'noise': 0, 'n': 79, 'shap_error': 6.374293106353214e-05, 'shap_norm_sq': 12.049401362360555}
{'sample_size': 395, 'difference': 1, 'noise': 0, 'n': 79, 'shap_error': 0.0074055822762209, 'shap_norm_sq': 14.740428467777933}
{'sample_size': 790, 'difference': 0, 'noise': 0, 'n': 79, 'shap_error': 0.0024026620111055256, 'shap_norm_sq': 14.740428467777933}
{'sample_size': 1580, 'difference': 0, 'noise': 0, 'n': 79, 'shap_error': 0.001116456837328745, 'shap_norm_sq': 14.740428467777933}
{'sample_size': 3160, 'difference': 0, 'noise': 0, 'n': 79, 'shap_error': 0.0004397653221213581, 'shap_norm_sq': 14.740428467777933}
{'sample_size': 6320, 'difference': 0, 'noise': 0, 'n': 79, 'shap_error': 0.0002604804004090898, 'shap_norm_sq': 14.740428467777933}
{'sample_size': 12640, 'difference': 0, 'noise': 0, 'n': 79, 'shap_error': 0.00011927091442288645, 'shap_norm_sq': 14.740428467777933}
{'sample_size': 395, 'difference': 1, 'noise': 0, 'n': 79, 'shap_error': 1.4138569106069958e-12, 'shap_norm_sq': 18.37896431333642}
{'sample_size': 790, 'difference': 0, 'noise': 0, 'n': 79, 'shap_error': 1.021857408811988e-12, 'shap_norm_sq': 18.37896431333642}
{'sample_size': 1580, 'difference': 0, 'noise': 0, 'n': 79, 'shap_error': 8.90022991911373e-13, 'shap_norm_sq': 18.37896431333642}
{'sample_size': 3160, 'difference': 0, 'noise': 0, 'n': 79, 'shap_error': 9.538358024575026e-13, 'shap_norm_sq': 18.37896431333642}
{'sample_size': 6320, 'difference': 0, 'noise': 0, 'n': 79, 'shap_error': 9.13434466718986e-13, 'shap_norm_sq': 18.37896431333642}
{'sample_size': 12640, 'difference': 0, 'noise': 0, 'n': 79, 'shap_error': 9.600296557639731e-13, 'shap_norm_sq': 18.37896431333642}
{'sample_size': 395, 'difference': 1, 'noise': 0, 'n': 79, 'shap_error': 0.035724359223031604, 'shap_norm_sq': 152.40773170613983}
{'sample_size': 790, 'difference': 0, 'noise': 0, 'n': 79, 'shap_error': 0.010081011315306714, 'shap_norm_sq': 152.40773170613983}
{'sample_size': 1580, 'difference': 0, 'noise': 0, 'n': 79, 'shap_error': 0.003955920650709778, 'shap_norm_sq': 152.40773170613983}
{'sample_size': 3160, 'difference': 0, 'noise': 0, 'n': 79, 'shap_error': 0.0020320040732080395, 'shap_norm_sq': 152.40773170613983}
{'sample_size': 6320, 'difference': 0, 'noise': 0, 'n': 79, 'shap_error': 0.0009337713048406245, 'shap_norm_sq': 152.40773170613983}
{'sample_size': 12640, 'difference': 0, 'noise': 0, 'n': 79, 'shap_error': 0.0004964518300697043, 'shap_norm_sq': 152.40773170613983}
{'sample_size': 395, 'difference': 1, 'noise': 0, 'n': 79, 'shap_error': 0.0002898845111093134, 'shap_norm_sq': 10.023857202259894}
{'sample_size': 790, 'difference': 0, 'noise': 0, 'n': 79, 'shap_error': 0.00016270816364949168, 'shap_norm_sq': 10.023857202259894}
{'sample_size': 1580, 'difference': 0, 'noise': 0, 'n': 79, 'shap_error': 6.62739705950327e-05, 'shap_norm_sq': 10.023857202259894}
{'sample_size': 3160, 'difference': 0, 'noise': 0, 'n': 79, 'shap_error': 3.352961556553085e-05, 'shap_norm_sq': 10.023857202259894}
{'sample_size': 6320, 'difference': 0, 'noise': 0, 'n': 79, 'shap_error': 1.7166760127008176e-05, 'shap_norm_sq': 10.023857202259894}
{'sample_size': 12640, 'difference': 0, 'noise': 0, 'n': 79, 'shap_error': 6.963033076264455e-06, 'shap_norm_sq': 10.023857202259894}
{'sample_size': 395, 'difference': 1, 'noise': 0, 'n': 79, 'shap_error': 0.00712630885956794, 'shap_norm_sq': 47.34563643628872}
{'sample_size': 790, 'difference': 0, 'noise': 0, 'n': 79, 'shap_error': 0.002304480497042999, 'shap_norm_sq': 47.34563643628872}
{'sample_size': 1580, 'difference': 0, 'noise': 0, 'n': 79, 'shap_error': 0.0007243846555757772, 'shap_norm_sq': 47.34563643628872}
{'sample_size': 3160, 'difference': 0, 'noise': 0, 'n': 79, 'shap_error': 0.0005339598287638958, 'shap_norm_sq': 47.34563643628872}
{'sample_size': 6320, 'difference': 0, 'noise': 0, 'n': 79, 'shap_error': 0.0002126768722195416, 'shap_norm_sq': 47.34563643628872}
{'sample_size': 12640, 'difference': 0, 'noise': 0, 'n': 79, 'shap_error': 0.00012122027909942801, 'shap_norm_sq': 47.34563643628872}
{'sample_size': 395, 'difference': 1, 'noise': 0, 'n': 79, 'shap_error': 0.008950731532232518, 'shap_norm_sq': 12.189123000898293}
{'sample_size': 790, 'difference': 0, 'noise': 0, 'n': 79, 'shap_error': 0.002366623649229954, 'shap_norm_sq': 12.189123000898293}
{'sample_size': 1580, 'difference': 0, 'noise': 0, 'n': 79, 'shap_error': 0.0016591823264693621, 'shap_norm_sq': 12.189123000898293}
{'sample_size': 3160, 'difference': 0, 'noise': 0, 'n': 79, 'shap_error': 0.0007304929187313316, 'shap_norm_sq': 12.189123000898293}
{'sample_size': 6320, 'difference': 0, 'noise': 0, 'n': 79, 'shap_error': 0.0002358929919959242, 'shap_norm_sq': 12.189123000898293}
{'sample_size': 12640, 'difference': 0, 'noise': 0, 'n': 79, 'shap_error': 0.00020681814119868764, 'shap_norm_sq': 12.189123000898293}
{'sample_size': 395, 'difference': 1, 'noise': 0, 'n': 79, 'shap_error': 0.01164596798430403, 'shap_norm_sq': 22.170301629600175}
{'sample_size': 790, 'difference': 0, 'noise': 0, 'n': 79, 'shap_error': 0.00241065369577899, 'shap_norm_sq': 22.170301629600175}
{'sample_size': 1580, 'difference': 0, 'noise': 0, 'n': 79, 'shap_error': 0.001827989560475208, 'shap_norm_sq': 22.170301629600175}
{'sample_size': 3160, 'difference': 0, 'noise': 0, 'n': 79, 'shap_error': 0.0008443699770764989, 'shap_norm_sq': 22.170301629600175}
{'sample_size': 6320, 'difference': 0, 'noise': 0, 'n': 79, 'shap_error': 0.000336237440633706, 'shap_norm_sq': 22.170301629600175}
{'sample_size': 12640, 'difference': 0, 'noise': 0, 'n': 79, 'shap_error': 0.0002085456109634811, 'shap_norm_sq': 22.170301629600175}
{'sample_size': 395, 'difference': 1, 'noise': 0, 'n': 79, 'shap_error': 0.0035512773993378326, 'shap_norm_sq': 199.08895971729703}
{'sample_size': 790, 'difference': 0, 'noise': 0, 'n': 79, 'shap_error': 0.001028341942955861, 'shap_norm_sq': 199.08895971729703}
{'sample_size': 1580, 'difference': 0, 'noise': 0, 'n': 79, 'shap_error': 0.0006294852221779088, 'shap_norm_sq': 199.08895971729703}
{'sample_size': 3160, 'difference': 0, 'noise': 0, 'n': 79, 'shap_error': 0.0002906543994531712, 'shap_norm_sq': 199.08895971729703}
{'sample_size': 6320, 'difference': 0, 'noise': 0, 'n': 79, 'shap_error': 0.00010905165480416522, 'shap_norm_sq': 199.08895971729703}
{'sample_size': 12640, 'difference': 0, 'noise': 0, 'n': 79, 'shap_error': 6.573164185441627e-05, 'shap_norm_sq': 199.08895971729703}
{'sample_size': 395, 'difference': 1, 'noise': 0, 'n': 79, 'shap_error': 0.011289084906156556, 'shap_norm_sq': 174.68228798882984}
{'sample_size': 790, 'difference': 0, 'noise': 0, 'n': 79, 'shap_error': 0.004623625382284387, 'shap_norm_sq': 174.68228798882984}
{'sample_size': 1580, 'difference': 0, 'noise': 0, 'n': 79, 'shap_error': 0.0016391429815811869, 'shap_norm_sq': 174.68228798882984}
{'sample_size': 3160, 'difference': 0, 'noise': 0, 'n': 79, 'shap_error': 0.0009243997968934086, 'shap_norm_sq': 174.68228798882984}
{'sample_size': 6320, 'difference': 0, 'noise': 0, 'n': 79, 'shap_error': 0.0004950719690022265, 'shap_norm_sq': 174.68228798882984}
{'sample_size': 12640, 'difference': 0, 'noise': 0, 'n': 79, 'shap_error': 0.0002140951390625685, 'shap_norm_sq': 174.68228798882984}
{'sample_size': 395, 'difference': 1, 'noise': 0, 'n': 79, 'shap_error': 0.0033310040651966153, 'shap_norm_sq': 20.75537075771844}
{'sample_size': 790, 'difference': 0, 'noise': 0, 'n': 79, 'shap_error': 0.0014128807013011153, 'shap_norm_sq': 20.75537075771844}
{'sample_size': 1580, 'difference': 0, 'noise': 0, 'n': 79, 'shap_error': 0.0004984414285250557, 'shap_norm_sq': 20.75537075771844}
{'sample_size': 3160, 'difference': 0, 'noise': 0, 'n': 79, 'shap_error': 0.00022946899533971105, 'shap_norm_sq': 20.75537075771844}
{'sample_size': 6320, 'difference': 0, 'noise': 0, 'n': 79, 'shap_error': 0.00010871442798672774, 'shap_norm_sq': 20.75537075771844}
{'sample_size': 12640, 'difference': 0, 'noise': 0, 'n': 79, 'shap_error': 4.411138880698199e-05, 'shap_norm_sq': 20.75537075771844}
{'sample_size': 395, 'difference': 1, 'noise': 0, 'n': 79, 'shap_error': 0.0024597990596731006, 'shap_norm_sq': 69.23714589372352}
{'sample_size': 790, 'difference': 0, 'noise': 0, 'n': 79, 'shap_error': 0.0010761983360219511, 'shap_norm_sq': 69.23714589372352}
{'sample_size': 1580, 'difference': 0, 'noise': 0, 'n': 79, 'shap_error': 0.0004287556188519386, 'shap_norm_sq': 69.23714589372352}
{'sample_size': 3160, 'difference': 0, 'noise': 0, 'n': 79, 'shap_error': 0.0002455611404000672, 'shap_norm_sq': 69.23714589372352}
{'sample_size': 6320, 'difference': 0, 'noise': 0, 'n': 79, 'shap_error': 9.700547776351646e-05, 'shap_norm_sq': 69.23714589372352}
{'sample_size': 12640, 'difference': 0, 'noise': 0, 'n': 79, 'shap_error': 4.703353516022923e-05, 'shap_norm_sq': 69.23714589372352}
{'sample_size': 395, 'difference': 1, 'noise': 0, 'n': 79, 'shap_error': 0.00023372340694221376, 'shap_norm_sq': 20.065578469079746}
{'sample_size': 790, 'difference': 0, 'noise': 0, 'n': 79, 'shap_error': 9.17312361297917e-05, 'shap_norm_sq': 20.065578469079746}
{'sample_size': 1580, 'difference': 0, 'noise': 0, 'n': 79, 'shap_error': 4.5080072588791384e-05, 'shap_norm_sq': 20.065578469079746}
{'sample_size': 3160, 'difference': 0, 'noise': 0, 'n': 79, 'shap_error': 2.1860018260719174e-05, 'shap_norm_sq': 20.065578469079746}
{'sample_size': 6320, 'difference': 0, 'noise': 0, 'n': 79, 'shap_error': 6.834575180412163e-06, 'shap_norm_sq': 20.065578469079746}
{'sample_size': 12640, 'difference': 0, 'noise': 0, 'n': 79, 'shap_error': 5.518014558178833e-06, 'shap_norm_sq': 20.065578469079746}
{'sample_size': 395, 'difference': 1, 'noise': 0, 'n': 79, 'shap_error': 0.0010402151906718311, 'shap_norm_sq': 252.03554771036144}
{'sample_size': 790, 'difference': 0, 'noise': 0, 'n': 79, 'shap_error': 0.00033024545467833964, 'shap_norm_sq': 252.03554771036144}
{'sample_size': 1580, 'difference': 0, 'noise': 0, 'n': 79, 'shap_error': 0.00011989811520380296, 'shap_norm_sq': 252.03554771036144}
{'sample_size': 3160, 'difference': 0, 'noise': 0, 'n': 79, 'shap_error': 8.915069650808356e-05, 'shap_norm_sq': 252.03554771036144}
{'sample_size': 6320, 'difference': 0, 'noise': 0, 'n': 79, 'shap_error': 2.9517946911973628e-05, 'shap_norm_sq': 252.03554771036144}
{'sample_size': 12640, 'difference': 0, 'noise': 0, 'n': 79, 'shap_error': 1.9003506508964044e-05, 'shap_norm_sq': 252.03554771036144}
{'sample_size': 395, 'difference': 1, 'noise': 0, 'n': 79, 'shap_error': 0.0029018812647995406, 'shap_norm_sq': 27.324186959961153}
{'sample_size': 790, 'difference': 0, 'noise': 0, 'n': 79, 'shap_error': 0.001747099873227694, 'shap_norm_sq': 27.324186959961153}
{'sample_size': 1580, 'difference': 0, 'noise': 0, 'n': 79, 'shap_error': 0.0003932305645700003, 'shap_norm_sq': 27.324186959961153}
{'sample_size': 3160, 'difference': 0, 'noise': 0, 'n': 79, 'shap_error': 0.00024066744048339227, 'shap_norm_sq': 27.324186959961153}
{'sample_size': 6320, 'difference': 0, 'noise': 0, 'n': 79, 'shap_error': 9.201958374626418e-05, 'shap_norm_sq': 27.324186959961153}
{'sample_size': 12640, 'difference': 0, 'noise': 0, 'n': 79, 'shap_error': 6.939078962529107e-05, 'shap_norm_sq': 27.324186959961153}
{'sample_size': 395, 'difference': 1, 'noise': 0, 'n': 79, 'shap_error': 0.011700760234513777, 'shap_norm_sq': 22.923048706888665}
{'sample_size': 790, 'difference': 0, 'noise': 0, 'n': 79, 'shap_error': 0.0021764710979979523, 'shap_norm_sq': 22.923048706888665}
{'sample_size': 1580, 'difference': 0, 'noise': 0, 'n': 79, 'shap_error': 0.0015190474777435619, 'shap_norm_sq': 22.923048706888665}
{'sample_size': 3160, 'difference': 0, 'noise': 0, 'n': 79, 'shap_error': 0.0007553403276169012, 'shap_norm_sq': 22.923048706888665}
{'sample_size': 6320, 'difference': 0, 'noise': 0, 'n': 79, 'shap_error': 0.00033134033096215325, 'shap_norm_sq': 22.923048706888665}
{'sample_size': 12640, 'difference': 0, 'noise': 0, 'n': 79, 'shap_error': 0.0002050108933798914, 'shap_norm_sq': 22.923048706888665}
{'sample_size': 395, 'difference': 1, 'noise': 0, 'n': 79, 'shap_error': 0.011573163189878286, 'shap_norm_sq': 12.1547259683948}
{'sample_size': 790, 'difference': 0, 'noise': 0, 'n': 79, 'shap_error': 0.00456056570086731, 'shap_norm_sq': 12.1547259683948}
{'sample_size': 1580, 'difference': 0, 'noise': 0, 'n': 79, 'shap_error': 0.0017365437302941042, 'shap_norm_sq': 12.1547259683948}
{'sample_size': 3160, 'difference': 0, 'noise': 0, 'n': 79, 'shap_error': 0.0011581864355362389, 'shap_norm_sq': 12.1547259683948}
{'sample_size': 6320, 'difference': 0, 'noise': 0, 'n': 79, 'shap_error': 0.0006663783366651048, 'shap_norm_sq': 12.1547259683948}
{'sample_size': 12640, 'difference': 0, 'noise': 0, 'n': 79, 'shap_error': 0.0002332628608134227, 'shap_norm_sq': 12.1547259683948}
{'sample_size': 395, 'difference': 1, 'noise': 0, 'n': 79, 'shap_error': 0.0022140787933695597, 'shap_norm_sq': 14.431283840350238}
{'sample_size': 790, 'difference': 0, 'noise': 0, 'n': 79, 'shap_error': 0.0007240106139848463, 'shap_norm_sq': 14.431283840350238}
{'sample_size': 1580, 'difference': 0, 'noise': 0, 'n': 79, 'shap_error': 0.0003572391292256459, 'shap_norm_sq': 14.431283840350238}
{'sample_size': 3160, 'difference': 0, 'noise': 0, 'n': 79, 'shap_error': 0.00020261364931224794, 'shap_norm_sq': 14.431283840350238}
{'sample_size': 6320, 'difference': 0, 'noise': 0, 'n': 79, 'shap_error': 9.111612102498094e-05, 'shap_norm_sq': 14.431283840350238}
{'sample_size': 12640, 'difference': 0, 'noise': 0, 'n': 79, 'shap_error': 4.351953601957129e-05, 'shap_norm_sq': 14.431283840350238}
{'sample_size': 395, 'difference': 1, 'noise': 0, 'n': 79, 'shap_error': 0.0021484182491140437, 'shap_norm_sq': 310.11213783401325}
{'sample_size': 790, 'difference': 0, 'noise': 0, 'n': 79, 'shap_error': 0.0008202211487346407, 'shap_norm_sq': 310.11213783401325}
{'sample_size': 1580, 'difference': 0, 'noise': 0, 'n': 79, 'shap_error': 0.0004944033255089409, 'shap_norm_sq': 310.11213783401325}
{'sample_size': 3160, 'difference': 0, 'noise': 0, 'n': 79, 'shap_error': 0.0002013831430424963, 'shap_norm_sq': 310.11213783401325}
{'sample_size': 6320, 'difference': 0, 'noise': 0, 'n': 79, 'shap_error': 0.00010898301159892947, 'shap_norm_sq': 310.11213783401325}
{'sample_size': 12640, 'difference': 0, 'noise': 0, 'n': 79, 'shap_error': 5.688047354793172e-05, 'shap_norm_sq': 310.11213783401325}
{'sample_size': 395, 'difference': 1, 'noise': 0, 'n': 79, 'shap_error': 0.00011236542372634416, 'shap_norm_sq': 31.88287350491898}
{'sample_size': 790, 'difference': 0, 'noise': 0, 'n': 79, 'shap_error': 5.805162747044425e-05, 'shap_norm_sq': 31.88287350491898}
{'sample_size': 1580, 'difference': 0, 'noise': 0, 'n': 79, 'shap_error': 1.69265818382808e-05, 'shap_norm_sq': 31.88287350491898}
{'sample_size': 3160, 'difference': 0, 'noise': 0, 'n': 79, 'shap_error': 8.210441776289124e-06, 'shap_norm_sq': 31.88287350491898}
{'sample_size': 6320, 'difference': 0, 'noise': 0, 'n': 79, 'shap_error': 4.381140431343299e-06, 'shap_norm_sq': 31.88287350491898}
{'sample_size': 12640, 'difference': 0, 'noise': 0, 'n': 79, 'shap_error': 2.0933068799701704e-06, 'shap_norm_sq': 31.88287350491898}
{'sample_size': 395, 'difference': 1, 'noise': 0, 'n': 79, 'shap_error': 0.0019861173260695445, 'shap_norm_sq': 14.79931982241082}
{'sample_size': 790, 'difference': 0, 'noise': 0, 'n': 79, 'shap_error': 0.0008020719114624984, 'shap_norm_sq': 14.79931982241082}
{'sample_size': 1580, 'difference': 0, 'noise': 0, 'n': 79, 'shap_error': 0.0003952364208829298, 'shap_norm_sq': 14.79931982241082}
{'sample_size': 3160, 'difference': 0, 'noise': 0, 'n': 79, 'shap_error': 0.0001335740161932882, 'shap_norm_sq': 14.79931982241082}
{'sample_size': 6320, 'difference': 0, 'noise': 0, 'n': 79, 'shap_error': 8.425656130033679e-05, 'shap_norm_sq': 14.79931982241082}
{'sample_size': 12640, 'difference': 0, 'noise': 0, 'n': 79, 'shap_error': 3.2588109908459186e-05, 'shap_norm_sq': 14.79931982241082}
{'sample_size': 395, 'difference': 1, 'noise': 0, 'n': 79, 'shap_error': 2.8635554790661765e-14, 'shap_norm_sq': 191.42936031395982}
{'sample_size': 790, 'difference': 0, 'noise': 0, 'n': 79, 'shap_error': 2.7588126096383633e-14, 'shap_norm_sq': 191.42936031395982}
{'sample_size': 1580, 'difference': 0, 'noise': 0, 'n': 79, 'shap_error': 2.6013446723798323e-14, 'shap_norm_sq': 191.42936031395982}
{'sample_size': 3160, 'difference': 0, 'noise': 0, 'n': 79, 'shap_error': 2.6511482392316495e-14, 'shap_norm_sq': 191.42936031395982}
{'sample_size': 6320, 'difference': 0, 'noise': 0, 'n': 79, 'shap_error': 2.7155559206983532e-14, 'shap_norm_sq': 191.42936031395982}
{'sample_size': 12640, 'difference': 0, 'noise': 0, 'n': 79, 'shap_error': 2.688299327337092e-14, 'shap_norm_sq': 191.42936031395982}
{'sample_size': 395, 'difference': 1, 'noise': 0, 'n': 79, 'shap_error': 0.06900294259700061, 'shap_norm_sq': 32.161172519186906}
{'sample_size': 790, 'difference': 0, 'noise': 0, 'n': 79, 'shap_error': 0.05133663639056822, 'shap_norm_sq': 32.161172519186906}
{'sample_size': 1580, 'difference': 0, 'noise': 0, 'n': 79, 'shap_error': 0.014081312153636663, 'shap_norm_sq': 32.161172519186906}
{'sample_size': 3160, 'difference': 0, 'noise': 0, 'n': 79, 'shap_error': 0.00614822655139805, 'shap_norm_sq': 32.161172519186906}
{'sample_size': 6320, 'difference': 0, 'noise': 0, 'n': 79, 'shap_error': 0.002655116521104007, 'shap_norm_sq': 32.161172519186906}
{'sample_size': 12640, 'difference': 0, 'noise': 0, 'n': 79, 'shap_error': 0.0009184915032689062, 'shap_norm_sq': 32.161172519186906}
{'sample_size': 395, 'difference': 1, 'noise': 0, 'n': 79, 'shap_error': 0.00021211667799971338, 'shap_norm_sq': 364.50655549433264}
{'sample_size': 790, 'difference': 0, 'noise': 0, 'n': 79, 'shap_error': 7.19751626349784e-05, 'shap_norm_sq': 364.50655549433264}
{'sample_size': 1580, 'difference': 0, 'noise': 0, 'n': 79, 'shap_error': 3.473942790300063e-05, 'shap_norm_sq': 364.50655549433264}
{'sample_size': 3160, 'difference': 0, 'noise': 0, 'n': 79, 'shap_error': 1.721782842664736e-05, 'shap_norm_sq': 364.50655549433264}
{'sample_size': 6320, 'difference': 0, 'noise': 0, 'n': 79, 'shap_error': 8.135005503333926e-06, 'shap_norm_sq': 364.50655549433264}
{'sample_size': 12640, 'difference': 0, 'noise': 0, 'n': 79, 'shap_error': 5.213670681801129e-06, 'shap_norm_sq': 364.50655549433264}
{'sample_size': 395, 'difference': 1, 'noise': 0, 'n': 79, 'shap_error': 2.67281387955924e-12, 'shap_norm_sq': 19.78695774701015}
{'sample_size': 790, 'difference': 0, 'noise': 0, 'n': 79, 'shap_error': 1.804879398822244e-12, 'shap_norm_sq': 19.78695774701015}
{'sample_size': 1580, 'difference': 0, 'noise': 0, 'n': 79, 'shap_error': 1.6325146626086328e-12, 'shap_norm_sq': 19.78695774701015}
{'sample_size': 3160, 'difference': 0, 'noise': 0, 'n': 79, 'shap_error': 1.4872352141932253e-12, 'shap_norm_sq': 19.78695774701015}
{'sample_size': 6320, 'difference': 0, 'noise': 0, 'n': 79, 'shap_error': 1.4041002969761112e-12, 'shap_norm_sq': 19.78695774701015}
{'sample_size': 12640, 'difference': 0, 'noise': 0, 'n': 79, 'shap_error': 1.368466778727796e-12, 'shap_norm_sq': 19.78695774701015}
{'sample_size': 395, 'difference': 1, 'noise': 0, 'n': 79, 'shap_error': 0.008904419827616769, 'shap_norm_sq': 39.9763345742574}
{'sample_size': 790, 'difference': 0, 'noise': 0, 'n': 79, 'shap_error': 0.0035834024791543176, 'shap_norm_sq': 39.9763345742574}
{'sample_size': 1580, 'difference': 0, 'noise': 0, 'n': 79, 'shap_error': 0.0013460670934380135, 'shap_norm_sq': 39.9763345742574}
{'sample_size': 3160, 'difference': 0, 'noise': 0, 'n': 79, 'shap_error': 0.0007821833073722731, 'shap_norm_sq': 39.9763345742574}
{'sample_size': 6320, 'difference': 0, 'noise': 0, 'n': 79, 'shap_error': 0.0003603672086061323, 'shap_norm_sq': 39.9763345742574}
{'sample_size': 12640, 'difference': 0, 'noise': 0, 'n': 79, 'shap_error': 0.00011277965632749066, 'shap_norm_sq': 39.9763345742574}
{'sample_size': 395, 'difference': 1, 'noise': 0, 'n': 79, 'shap_error': 9.088585872507865e-13, 'shap_norm_sq': 13.749620130939958}
{'sample_size': 790, 'difference': 0, 'noise': 0, 'n': 79, 'shap_error': 8.362689728317287e-13, 'shap_norm_sq': 13.749620130939958}
{'sample_size': 1580, 'difference': 0, 'noise': 0, 'n': 79, 'shap_error': 8.381925879340632e-13, 'shap_norm_sq': 13.749620130939958}
{'sample_size': 3160, 'difference': 0, 'noise': 0, 'n': 79, 'shap_error': 8.483054788405959e-13, 'shap_norm_sq': 13.749620130939958}
{'sample_size': 6320, 'difference': 0, 'noise': 0, 'n': 79, 'shap_error': 8.516204531916096e-13, 'shap_norm_sq': 13.749620130939958}
{'sample_size': 12640, 'difference': 0, 'noise': 0, 'n': 79, 'shap_error': 8.423696005783019e-13, 'shap_norm_sq': 13.749620130939958}
{'sample_size': 395, 'difference': 1, 'noise': 0, 'n': 79, 'shap_error': 0.04407571367520655, 'shap_norm_sq': 46.1341068946306}
{'sample_size': 790, 'difference': 0, 'noise': 0, 'n': 79, 'shap_error': 0.013722512844547804, 'shap_norm_sq': 46.1341068946306}
{'sample_size': 1580, 'difference': 0, 'noise': 0, 'n': 79, 'shap_error': 0.00752466774523994, 'shap_norm_sq': 46.1341068946306}
{'sample_size': 3160, 'difference': 0, 'noise': 0, 'n': 79, 'shap_error': 0.0032308501832291393, 'shap_norm_sq': 46.1341068946306}
{'sample_size': 6320, 'difference': 0, 'noise': 0, 'n': 79, 'shap_error': 0.0015284492423818241, 'shap_norm_sq': 46.1341068946306}
{'sample_size': 12640, 'difference': 0, 'noise': 0, 'n': 79, 'shap_error': 0.0007538991481712161, 'shap_norm_sq': 46.1341068946306}
{'sample_size': 395, 'difference': 1, 'noise': 0, 'n': 79, 'shap_error': 0.0030108573873905468, 'shap_norm_sq': 11.916612963746886}
{'sample_size': 790, 'difference': 0, 'noise': 0, 'n': 79, 'shap_error': 0.0011636270827848634, 'shap_norm_sq': 11.916612963746886}
{'sample_size': 1580, 'difference': 0, 'noise': 0, 'n': 79, 'shap_error': 0.00026887164866727333, 'shap_norm_sq': 11.916612963746886}
{'sample_size': 3160, 'difference': 0, 'noise': 0, 'n': 79, 'shap_error': 0.0002331013995628672, 'shap_norm_sq': 11.916612963746886}
{'sample_size': 6320, 'difference': 0, 'noise': 0, 'n': 79, 'shap_error': 0.00010000016651096786, 'shap_norm_sq': 11.916612963746886}
{'sample_size': 12640, 'difference': 0, 'noise': 0, 'n': 79, 'shap_error': 4.396545793542851e-05, 'shap_norm_sq': 11.916612963746886}
{'sample_size': 395, 'difference': 1, 'noise': 0, 'n': 79, 'shap_error': 0.028794294597570224, 'shap_norm_sq': 205.912081472179}
{'sample_size': 790, 'difference': 0, 'noise': 0, 'n': 79, 'shap_error': 0.01742513513273803, 'shap_norm_sq': 205.912081472179}
{'sample_size': 1580, 'difference': 0, 'noise': 0, 'n': 79, 'shap_error': 0.004706440364906554, 'shap_norm_sq': 205.912081472179}
{'sample_size': 3160, 'difference': 0, 'noise': 0, 'n': 79, 'shap_error': 0.0024742820056128717, 'shap_norm_sq': 205.912081472179}
{'sample_size': 6320, 'difference': 0, 'noise': 0, 'n': 79, 'shap_error': 0.0013971767253315376, 'shap_norm_sq': 205.912081472179}
{'sample_size': 12640, 'difference': 0, 'noise': 0, 'n': 79, 'shap_error': 0.0005373545907455085, 'shap_norm_sq': 205.912081472179}
{'sample_size': 395, 'difference': 1, 'noise': 0, 'n': 79, 'shap_error': 0.01185358230567186, 'shap_norm_sq': 18.03039976093688}
{'sample_size': 790, 'difference': 0, 'noise': 0, 'n': 79, 'shap_error': 0.004030494215759567, 'shap_norm_sq': 18.03039976093688}
{'sample_size': 1580, 'difference': 0, 'noise': 0, 'n': 79, 'shap_error': 0.0013934498310477661, 'shap_norm_sq': 18.03039976093688}
{'sample_size': 3160, 'difference': 0, 'noise': 0, 'n': 79, 'shap_error': 0.0006361923495877667, 'shap_norm_sq': 18.03039976093688}
{'sample_size': 6320, 'difference': 0, 'noise': 0, 'n': 79, 'shap_error': 0.0002509816261545624, 'shap_norm_sq': 18.03039976093688}
{'sample_size': 12640, 'difference': 0, 'noise': 0, 'n': 79, 'shap_error': 0.0001995057922544677, 'shap_norm_sq': 18.03039976093688}
{'sample_size': 395, 'difference': 1, 'noise': 0, 'n': 79, 'shap_error': 0.00012245314415098446, 'shap_norm_sq': 100.79667056208018}
{'sample_size': 790, 'difference': 0, 'noise': 0, 'n': 79, 'shap_error': 5.6956144006890344e-05, 'shap_norm_sq': 100.79667056208018}
{'sample_size': 1580, 'difference': 0, 'noise': 0, 'n': 79, 'shap_error': 2.6091674221259428e-05, 'shap_norm_sq': 100.79667056208018}
{'sample_size': 3160, 'difference': 0, 'noise': 0, 'n': 79, 'shap_error': 1.1918869201745873e-05, 'shap_norm_sq': 100.79667056208018}
{'sample_size': 6320, 'difference': 0, 'noise': 0, 'n': 79, 'shap_error': 7.859776605605997e-06, 'shap_norm_sq': 100.79667056208018}
{'sample_size': 12640, 'difference': 0, 'noise': 0, 'n': 79, 'shap_error': 3.742912217900538e-06, 'shap_norm_sq': 100.79667056208018}
{'sample_size': 395, 'difference': 1, 'noise': 0, 'n': 79, 'shap_error': 0.003019045755820287, 'shap_norm_sq': 15.02517144565445}
{'sample_size': 790, 'difference': 0, 'noise': 0, 'n': 79, 'shap_error': 0.0014248843292124817, 'shap_norm_sq': 15.02517144565445}
{'sample_size': 1580, 'difference': 0, 'noise': 0, 'n': 79, 'shap_error': 0.0008216838379819783, 'shap_norm_sq': 15.02517144565445}
{'sample_size': 3160, 'difference': 0, 'noise': 0, 'n': 79, 'shap_error': 0.0003455761128211267, 'shap_norm_sq': 15.02517144565445}
{'sample_size': 6320, 'difference': 0, 'noise': 0, 'n': 79, 'shap_error': 0.0001840156670622158, 'shap_norm_sq': 15.02517144565445}
{'sample_size': 12640, 'difference': 0, 'noise': 0, 'n': 79, 'shap_error': 8.139769099270467e-05, 'shap_norm_sq': 15.02517144565445}
{'sample_size': 395, 'difference': 1, 'noise': 0, 'n': 79, 'shap_error': 0.006181557333514656, 'shap_norm_sq': 24.28614933835972}
{'sample_size': 790, 'difference': 0, 'noise': 0, 'n': 79, 'shap_error': 0.002361198421829041, 'shap_norm_sq': 24.28614933835972}
{'sample_size': 1580, 'difference': 0, 'noise': 0, 'n': 79, 'shap_error': 0.001444703482922598, 'shap_norm_sq': 24.28614933835972}
{'sample_size': 3160, 'difference': 0, 'noise': 0, 'n': 79, 'shap_error': 0.00044740108233403547, 'shap_norm_sq': 24.28614933835972}
{'sample_size': 6320, 'difference': 0, 'noise': 0, 'n': 79, 'shap_error': 0.00020151779978473092, 'shap_norm_sq': 24.28614933835972}
{'sample_size': 12640, 'difference': 0, 'noise': 0, 'n': 79, 'shap_error': 0.0001275034202267339, 'shap_norm_sq': 24.28614933835972}
{'sample_size': 395, 'difference': 1, 'noise': 0, 'n': 79, 'shap_error': 0.013679366597249503, 'shap_norm_sq': 254.6475454616909}
{'sample_size': 790, 'difference': 0, 'noise': 0, 'n': 79, 'shap_error': 0.0034813778715668082, 'shap_norm_sq': 254.6475454616909}
{'sample_size': 1580, 'difference': 0, 'noise': 0, 'n': 79, 'shap_error': 0.0012131726389441255, 'shap_norm_sq': 254.6475454616909}
{'sample_size': 3160, 'difference': 0, 'noise': 0, 'n': 79, 'shap_error': 0.0006947431021504684, 'shap_norm_sq': 254.6475454616909}
{'sample_size': 6320, 'difference': 0, 'noise': 0, 'n': 79, 'shap_error': 0.0002913590953711061, 'shap_norm_sq': 254.6475454616909}
{'sample_size': 12640, 'difference': 0, 'noise': 0, 'n': 79, 'shap_error': 0.00022782571048767826, 'shap_norm_sq': 254.6475454616909}
{'sample_size': 395, 'difference': 1, 'noise': 0, 'n': 79, 'shap_error': 7.241502936918284e-14, 'shap_norm_sq': 116.99436288234631}
{'sample_size': 790, 'difference': 0, 'noise': 0, 'n': 79, 'shap_error': 7.326487110449924e-14, 'shap_norm_sq': 116.99436288234631}
{'sample_size': 1580, 'difference': 0, 'noise': 0, 'n': 79, 'shap_error': 7.777598072154943e-14, 'shap_norm_sq': 116.99436288234631}
{'sample_size': 3160, 'difference': 0, 'noise': 0, 'n': 79, 'shap_error': 7.750817506801423e-14, 'shap_norm_sq': 116.99436288234631}
{'sample_size': 6320, 'difference': 0, 'noise': 0, 'n': 79, 'shap_error': 7.580083903671447e-14, 'shap_norm_sq': 116.99436288234631}
{'sample_size': 12640, 'difference': 0, 'noise': 0, 'n': 79, 'shap_error': 7.706085101981118e-14, 'shap_norm_sq': 116.99436288234631}
{'sample_size': 395, 'difference': 1, 'noise': 0, 'n': 79, 'shap_error': 0.007161704036094093, 'shap_norm_sq': 102.31099036377495}
{'sample_size': 790, 'difference': 0, 'noise': 0, 'n': 79, 'shap_error': 0.0026516113737611044, 'shap_norm_sq': 102.31099036377495}
{'sample_size': 1580, 'difference': 0, 'noise': 0, 'n': 79, 'shap_error': 0.0015932798983581934, 'shap_norm_sq': 102.31099036377495}
{'sample_size': 3160, 'difference': 0, 'noise': 0, 'n': 79, 'shap_error': 0.000516457014029059, 'shap_norm_sq': 102.31099036377495}
{'sample_size': 6320, 'difference': 0, 'noise': 0, 'n': 79, 'shap_error': 0.0002290898547780846, 'shap_norm_sq': 102.31099036377495}
{'sample_size': 12640, 'difference': 0, 'noise': 0, 'n': 79, 'shap_error': 0.00011765312094186613, 'shap_norm_sq': 102.31099036377495}
{'sample_size': 395, 'difference': 1, 'noise': 0, 'n': 79, 'shap_error': 0.006509706839163773, 'shap_norm_sq': 173.41918450871572}
{'sample_size': 790, 'difference': 0, 'noise': 0, 'n': 79, 'shap_error': 0.0012842215757821855, 'shap_norm_sq': 173.41918450871572}
{'sample_size': 1580, 'difference': 0, 'noise': 0, 'n': 79, 'shap_error': 0.0009087013062324618, 'shap_norm_sq': 173.41918450871572}
{'sample_size': 3160, 'difference': 0, 'noise': 0, 'n': 79, 'shap_error': 0.0004463336378548901, 'shap_norm_sq': 173.41918450871572}
{'sample_size': 6320, 'difference': 0, 'noise': 0, 'n': 79, 'shap_error': 0.00014254454090397838, 'shap_norm_sq': 173.41918450871572}
{'sample_size': 12640, 'difference': 0, 'noise': 0, 'n': 79, 'shap_error': 6.666303009010675e-05, 'shap_norm_sq': 173.41918450871572}
{'sample_size': 395, 'difference': 1, 'noise': 0, 'n': 79, 'shap_error': 0.01077214415260016, 'shap_norm_sq': 35.615413207299255}
{'sample_size': 790, 'difference': 0, 'noise': 0, 'n': 79, 'shap_error': 0.004048091043931531, 'shap_norm_sq': 35.615413207299255}
{'sample_size': 1580, 'difference': 0, 'noise': 0, 'n': 79, 'shap_error': 0.001330850874335638, 'shap_norm_sq': 35.615413207299255}
{'sample_size': 3160, 'difference': 0, 'noise': 0, 'n': 79, 'shap_error': 0.000757132021774715, 'shap_norm_sq': 35.615413207299255}
{'sample_size': 6320, 'difference': 0, 'noise': 0, 'n': 79, 'shap_error': 0.00026065365914683945, 'shap_norm_sq': 35.615413207299255}
{'sample_size': 12640, 'difference': 0, 'noise': 0, 'n': 79, 'shap_error': 0.0001563201205117965, 'shap_norm_sq': 35.615413207299255}
{'sample_size': 395, 'difference': 1, 'noise': 0, 'n': 79, 'shap_error': 0.0008697610754763952, 'shap_norm_sq': 13.80155801936073}
{'sample_size': 790, 'difference': 0, 'noise': 0, 'n': 79, 'shap_error': 0.00032110512183841536, 'shap_norm_sq': 13.80155801936073}
{'sample_size': 1580, 'difference': 0, 'noise': 0, 'n': 79, 'shap_error': 0.0001407996884121123, 'shap_norm_sq': 13.80155801936073}
{'sample_size': 3160, 'difference': 0, 'noise': 0, 'n': 79, 'shap_error': 8.245324364224272e-05, 'shap_norm_sq': 13.80155801936073}
{'sample_size': 6320, 'difference': 0, 'noise': 0, 'n': 79, 'shap_error': 3.809070690405723e-05, 'shap_norm_sq': 13.80155801936073}
{'sample_size': 12640, 'difference': 0, 'noise': 0, 'n': 79, 'shap_error': 1.6127453210686316e-05, 'shap_norm_sq': 13.80155801936073}
{'sample_size': 395, 'difference': 1, 'noise': 0, 'n': 79, 'shap_error': 0.01883278990280057, 'shap_norm_sq': 42.40902911153137}
{'sample_size': 790, 'difference': 0, 'noise': 0, 'n': 79, 'shap_error': 0.008776104022663975, 'shap_norm_sq': 42.40902911153137}
{'sample_size': 1580, 'difference': 0, 'noise': 0, 'n': 79, 'shap_error': 0.004119601873054146, 'shap_norm_sq': 42.40902911153137}
{'sample_size': 3160, 'difference': 0, 'noise': 0, 'n': 79, 'shap_error': 0.0023234976519088957, 'shap_norm_sq': 42.40902911153137}
{'sample_size': 6320, 'difference': 0, 'noise': 0, 'n': 79, 'shap_error': 0.0006487076984712689, 'shap_norm_sq': 42.40902911153137}
{'sample_size': 12640, 'difference': 0, 'noise': 0, 'n': 79, 'shap_error': 0.0005102851097896896, 'shap_norm_sq': 42.40902911153137}
{'sample_size': 395, 'difference': 1, 'noise': 0, 'n': 79, 'shap_error': 0.0012973392297814385, 'shap_norm_sq': 32.827355668365776}
{'sample_size': 790, 'difference': 0, 'noise': 0, 'n': 79, 'shap_error': 0.00040589840188318474, 'shap_norm_sq': 32.827355668365776}
{'sample_size': 1580, 'difference': 0, 'noise': 0, 'n': 79, 'shap_error': 0.00016313128613701567, 'shap_norm_sq': 32.827355668365776}
{'sample_size': 3160, 'difference': 0, 'noise': 0, 'n': 79, 'shap_error': 7.324253021871037e-05, 'shap_norm_sq': 32.827355668365776}
{'sample_size': 6320, 'difference': 0, 'noise': 0, 'n': 79, 'shap_error': 3.2714659909024844e-05, 'shap_norm_sq': 32.827355668365776}
{'sample_size': 12640, 'difference': 0, 'noise': 0, 'n': 79, 'shap_error': 1.747189268454452e-05, 'shap_norm_sq': 32.827355668365776}
{'sample_size': 395, 'difference': 1, 'noise': 0, 'n': 79, 'shap_error': 0.0022833671240965335, 'shap_norm_sq': 15.218163635433783}
{'sample_size': 790, 'difference': 0, 'noise': 0, 'n': 79, 'shap_error': 0.0012658627360374471, 'shap_norm_sq': 15.218163635433783}
{'sample_size': 1580, 'difference': 0, 'noise': 0, 'n': 79, 'shap_error': 0.00043196243354812224, 'shap_norm_sq': 15.218163635433783}
{'sample_size': 3160, 'difference': 0, 'noise': 0, 'n': 79, 'shap_error': 0.00027393786994915295, 'shap_norm_sq': 15.218163635433783}
{'sample_size': 6320, 'difference': 0, 'noise': 0, 'n': 79, 'shap_error': 0.00011962838910016727, 'shap_norm_sq': 15.218163635433783}
{'sample_size': 12640, 'difference': 0, 'noise': 0, 'n': 79, 'shap_error': 7.441852257420792e-05, 'shap_norm_sq': 15.218163635433783}
{'sample_size': 395, 'difference': 1, 'noise': 0, 'n': 79, 'shap_error': 0.06389736383241461, 'shap_norm_sq': 20.537935658567513}
{'sample_size': 790, 'difference': 0, 'noise': 0, 'n': 79, 'shap_error': 0.020500835947453923, 'shap_norm_sq': 20.537935658567513}
{'sample_size': 1580, 'difference': 0, 'noise': 0, 'n': 79, 'shap_error': 0.009476332724269718, 'shap_norm_sq': 20.537935658567513}
{'sample_size': 3160, 'difference': 0, 'noise': 0, 'n': 79, 'shap_error': 0.0032839308728559486, 'shap_norm_sq': 20.537935658567513}
{'sample_size': 6320, 'difference': 0, 'noise': 0, 'n': 79, 'shap_error': 0.0018492262897862196, 'shap_norm_sq': 20.537935658567513}
{'sample_size': 12640, 'difference': 0, 'noise': 0, 'n': 79, 'shap_error': 0.0011970965879198865, 'shap_norm_sq': 20.537935658567513}
{'sample_size': 395, 'difference': 1, 'noise': 0, 'n': 79, 'shap_error': 0.0009123065876380035, 'shap_norm_sq': 119.19695420999676}
{'sample_size': 790, 'difference': 0, 'noise': 0, 'n': 79, 'shap_error': 0.0003066760121114463, 'shap_norm_sq': 119.19695420999676}
{'sample_size': 1580, 'difference': 0, 'noise': 0, 'n': 79, 'shap_error': 0.00011526122689146266, 'shap_norm_sq': 119.19695420999676}
{'sample_size': 3160, 'difference': 0, 'noise': 0, 'n': 79, 'shap_error': 4.567612303887884e-05, 'shap_norm_sq': 119.19695420999676}
{'sample_size': 6320, 'difference': 0, 'noise': 0, 'n': 79, 'shap_error': 2.03770002964352e-05, 'shap_norm_sq': 119.19695420999676}
{'sample_size': 12640, 'difference': 0, 'noise': 0, 'n': 79, 'shap_error': 1.4135246165729728e-05, 'shap_norm_sq': 119.19695420999676}
{'sample_size': 395, 'difference': 1, 'noise': 0, 'n': 79, 'shap_error': 0.00644016326825895, 'shap_norm_sq': 13.001768995604218}
{'sample_size': 790, 'difference': 0, 'noise': 0, 'n': 79, 'shap_error': 0.0013034246163456283, 'shap_norm_sq': 13.001768995604218}
{'sample_size': 1580, 'difference': 0, 'noise': 0, 'n': 79, 'shap_error': 0.0004424215024629822, 'shap_norm_sq': 13.001768995604218}
{'sample_size': 3160, 'difference': 0, 'noise': 0, 'n': 79, 'shap_error': 0.000296505334400498, 'shap_norm_sq': 13.001768995604218}
{'sample_size': 6320, 'difference': 0, 'noise': 0, 'n': 79, 'shap_error': 0.0001595486820130986, 'shap_norm_sq': 13.001768995604218}
{'sample_size': 12640, 'difference': 0, 'noise': 0, 'n': 79, 'shap_error': 5.243432819383636e-05, 'shap_norm_sq': 13.001768995604218}
{'sample_size': 395, 'difference': 1, 'noise': 0, 'n': 79, 'shap_error': 0.0405328878400975, 'shap_norm_sq': 20.288636792945574}
{'sample_size': 790, 'difference': 0, 'noise': 0, 'n': 79, 'shap_error': 0.016330202362898418, 'shap_norm_sq': 20.288636792945574}
{'sample_size': 1580, 'difference': 0, 'noise': 0, 'n': 79, 'shap_error': 0.008221950327396657, 'shap_norm_sq': 20.288636792945574}
{'sample_size': 3160, 'difference': 0, 'noise': 0, 'n': 79, 'shap_error': 0.0038699307722893012, 'shap_norm_sq': 20.288636792945574}
{'sample_size': 6320, 'difference': 0, 'noise': 0, 'n': 79, 'shap_error': 0.0024298359446552876, 'shap_norm_sq': 20.288636792945574}
{'sample_size': 12640, 'difference': 0, 'noise': 0, 'n': 79, 'shap_error': 0.0009957844158952308, 'shap_norm_sq': 20.288636792945574}
{'sample_size': 395, 'difference': 1, 'noise': 0, 'n': 79, 'shap_error': 0.016153234137984453, 'shap_norm_sq': 20.410827015416118}
{'sample_size': 790, 'difference': 0, 'noise': 0, 'n': 79, 'shap_error': 0.006983238961781217, 'shap_norm_sq': 20.410827015416118}
{'sample_size': 1580, 'difference': 0, 'noise': 0, 'n': 79, 'shap_error': 0.002817603685643028, 'shap_norm_sq': 20.410827015416118}
{'sample_size': 3160, 'difference': 0, 'noise': 0, 'n': 79, 'shap_error': 0.0011788979689119241, 'shap_norm_sq': 20.410827015416118}
{'sample_size': 6320, 'difference': 0, 'noise': 0, 'n': 79, 'shap_error': 0.0006034897346595409, 'shap_norm_sq': 20.410827015416118}
{'sample_size': 12640, 'difference': 0, 'noise': 0, 'n': 79, 'shap_error': 0.00038274511009194477, 'shap_norm_sq': 20.410827015416118}
{'sample_size': 395, 'difference': 1, 'noise': 0, 'n': 79, 'shap_error': 0.003531210635123569, 'shap_norm_sq': 115.48674040463875}
{'sample_size': 790, 'difference': 0, 'noise': 0, 'n': 79, 'shap_error': 0.0013840783774188726, 'shap_norm_sq': 115.48674040463875}
{'sample_size': 1580, 'difference': 0, 'noise': 0, 'n': 79, 'shap_error': 0.0006981763367263916, 'shap_norm_sq': 115.48674040463875}
{'sample_size': 3160, 'difference': 0, 'noise': 0, 'n': 79, 'shap_error': 0.00022901432565161991, 'shap_norm_sq': 115.48674040463875}
{'sample_size': 6320, 'difference': 0, 'noise': 0, 'n': 79, 'shap_error': 0.00014253452325758813, 'shap_norm_sq': 115.48674040463875}
{'sample_size': 12640, 'difference': 0, 'noise': 0, 'n': 79, 'shap_error': 5.668328397339169e-05, 'shap_norm_sq': 115.48674040463875}
{'sample_size': 395, 'difference': 1, 'noise': 0, 'n': 79, 'shap_error': 0.20945466882113906, 'shap_norm_sq': 24.88886090328099}
{'sample_size': 790, 'difference': 0, 'noise': 0, 'n': 79, 'shap_error': 0.1045206909010091, 'shap_norm_sq': 24.88886090328099}
{'sample_size': 1580, 'difference': 0, 'noise': 0, 'n': 79, 'shap_error': 0.025898736015313735, 'shap_norm_sq': 24.88886090328099}
{'sample_size': 3160, 'difference': 0, 'noise': 0, 'n': 79, 'shap_error': 0.013796883764028342, 'shap_norm_sq': 24.88886090328099}
{'sample_size': 6320, 'difference': 0, 'noise': 0, 'n': 79, 'shap_error': 0.007477746691876565, 'shap_norm_sq': 24.88886090328099}
{'sample_size': 12640, 'difference': 0, 'noise': 0, 'n': 79, 'shap_error': 0.002983726784135928, 'shap_norm_sq': 24.88886090328099}
{'sample_size': 395, 'difference': 1, 'noise': 0, 'n': 79, 'shap_error': 0.011644591676536808, 'shap_norm_sq': 39.130272443950496}
{'sample_size': 790, 'difference': 0, 'noise': 0, 'n': 79, 'shap_error': 0.0036025778169379357, 'shap_norm_sq': 39.130272443950496}
{'sample_size': 1580, 'difference': 0, 'noise': 0, 'n': 79, 'shap_error': 0.0019371266070775338, 'shap_norm_sq': 39.130272443950496}
{'sample_size': 3160, 'difference': 0, 'noise': 0, 'n': 79, 'shap_error': 0.0010748159285155403, 'shap_norm_sq': 39.130272443950496}
{'sample_size': 6320, 'difference': 0, 'noise': 0, 'n': 79, 'shap_error': 0.0004897425583635814, 'shap_norm_sq': 39.130272443950496}
{'sample_size': 12640, 'difference': 0, 'noise': 0, 'n': 79, 'shap_error': 0.0001597087638048791, 'shap_norm_sq': 39.130272443950496}
{'sample_size': 395, 'difference': 1, 'noise': 0, 'n': 79, 'shap_error': 0.0032981478753344373, 'shap_norm_sq': 18.77539236126273}
{'sample_size': 790, 'difference': 0, 'noise': 0, 'n': 79, 'shap_error': 0.001160729369069164, 'shap_norm_sq': 18.77539236126273}
{'sample_size': 1580, 'difference': 0, 'noise': 0, 'n': 79, 'shap_error': 0.0007055856253584086, 'shap_norm_sq': 18.77539236126273}
{'sample_size': 3160, 'difference': 0, 'noise': 0, 'n': 79, 'shap_error': 0.00023055381968010267, 'shap_norm_sq': 18.77539236126273}
{'sample_size': 6320, 'difference': 0, 'noise': 0, 'n': 79, 'shap_error': 0.0001565721181168476, 'shap_norm_sq': 18.77539236126273}
{'sample_size': 12640, 'difference': 0, 'noise': 0, 'n': 79, 'shap_error': 7.680533054148864e-05, 'shap_norm_sq': 18.77539236126273}
{'sample_size': 395, 'difference': 1, 'noise': 0, 'n': 79, 'shap_error': 0.011000440816243486, 'shap_norm_sq': 21.78402445889907}
{'sample_size': 790, 'difference': 0, 'noise': 0, 'n': 79, 'shap_error': 0.0022746928681262237, 'shap_norm_sq': 21.78402445889907}
{'sample_size': 1580, 'difference': 0, 'noise': 0, 'n': 79, 'shap_error': 0.0017581241497971402, 'shap_norm_sq': 21.78402445889907}
{'sample_size': 3160, 'difference': 0, 'noise': 0, 'n': 79, 'shap_error': 0.0006038394264060823, 'shap_norm_sq': 21.78402445889907}
{'sample_size': 6320, 'difference': 0, 'noise': 0, 'n': 79, 'shap_error': 0.0003505826482656339, 'shap_norm_sq': 21.78402445889907}
{'sample_size': 12640, 'difference': 0, 'noise': 0, 'n': 79, 'shap_error': 0.00014503070725441325, 'shap_norm_sq': 21.78402445889907}
{'sample_size': 395, 'difference': 1, 'noise': 0, 'n': 79, 'shap_error': 0.012517022274139995, 'shap_norm_sq': 39.09623240050939}
{'sample_size': 790, 'difference': 0, 'noise': 0, 'n': 79, 'shap_error': 0.005852508987842356, 'shap_norm_sq': 39.09623240050939}
{'sample_size': 1580, 'difference': 0, 'noise': 0, 'n': 79, 'shap_error': 0.002163845098051098, 'shap_norm_sq': 39.09623240050939}
{'sample_size': 3160, 'difference': 0, 'noise': 0, 'n': 79, 'shap_error': 0.000919144622377395, 'shap_norm_sq': 39.09623240050939}
{'sample_size': 6320, 'difference': 0, 'noise': 0, 'n': 79, 'shap_error': 0.0006063887642107062, 'shap_norm_sq': 39.09623240050939}
{'sample_size': 12640, 'difference': 0, 'noise': 0, 'n': 79, 'shap_error': 0.0002369531376733044, 'shap_norm_sq': 39.09623240050939}
{'sample_size': 395, 'difference': 1, 'noise': 0, 'n': 79, 'shap_error': 0.007402496912300003, 'shap_norm_sq': 251.0883338558607}
{'sample_size': 790, 'difference': 0, 'noise': 0, 'n': 79, 'shap_error': 0.0038506761612089545, 'shap_norm_sq': 251.0883338558607}
{'sample_size': 1580, 'difference': 0, 'noise': 0, 'n': 79, 'shap_error': 0.0012353351423492931, 'shap_norm_sq': 251.0883338558607}
{'sample_size': 3160, 'difference': 0, 'noise': 0, 'n': 79, 'shap_error': 0.000462848141012896, 'shap_norm_sq': 251.0883338558607}
{'sample_size': 6320, 'difference': 0, 'noise': 0, 'n': 79, 'shap_error': 0.000210842623156704, 'shap_norm_sq': 251.0883338558607}
{'sample_size': 12640, 'difference': 0, 'noise': 0, 'n': 79, 'shap_error': 0.00012701761228351235, 'shap_norm_sq': 251.0883338558607}
{'sample_size': 395, 'difference': 1, 'noise': 0, 'n': 79, 'shap_error': 0.006539898119701242, 'shap_norm_sq': 105.90004388917114}
{'sample_size': 790, 'difference': 0, 'noise': 0, 'n': 79, 'shap_error': 0.0017709910159607524, 'shap_norm_sq': 105.90004388917114}
{'sample_size': 1580, 'difference': 0, 'noise': 0, 'n': 79, 'shap_error': 0.000696301995460447, 'shap_norm_sq': 105.90004388917114}
{'sample_size': 3160, 'difference': 0, 'noise': 0, 'n': 79, 'shap_error': 0.0003907626332675082, 'shap_norm_sq': 105.90004388917114}
{'sample_size': 6320, 'difference': 0, 'noise': 0, 'n': 79, 'shap_error': 0.00021954093064096411, 'shap_norm_sq': 105.90004388917114}
{'sample_size': 12640, 'difference': 0, 'noise': 0, 'n': 79, 'shap_error': 0.00011703211226194521, 'shap_norm_sq': 105.90004388917114}
{'sample_size': 395, 'difference': 1, 'noise': 0, 'n': 79, 'shap_error': 0.015204723340783991, 'shap_norm_sq': 15.75229720049262}
{'sample_size': 790, 'difference': 0, 'noise': 0, 'n': 79, 'shap_error': 0.003744173063466705, 'shap_norm_sq': 15.75229720049262}
{'sample_size': 1580, 'difference': 0, 'noise': 0, 'n': 79, 'shap_error': 0.0025750528580738, 'shap_norm_sq': 15.75229720049262}
{'sample_size': 3160, 'difference': 0, 'noise': 0, 'n': 79, 'shap_error': 0.0011498571861805588, 'shap_norm_sq': 15.75229720049262}
{'sample_size': 6320, 'difference': 0, 'noise': 0, 'n': 79, 'shap_error': 0.0005259634851641126, 'shap_norm_sq': 15.75229720049262}
{'sample_size': 12640, 'difference': 0, 'noise': 0, 'n': 79, 'shap_error': 0.00030560766871228276, 'shap_norm_sq': 15.75229720049262}
{'sample_size': 395, 'difference': 1, 'noise': 0, 'n': 79, 'shap_error': 0.005081161808452825, 'shap_norm_sq': 54.94503307516041}
{'sample_size': 790, 'difference': 0, 'noise': 0, 'n': 79, 'shap_error': 0.0018536082369752108, 'shap_norm_sq': 54.94503307516041}
{'sample_size': 1580, 'difference': 0, 'noise': 0, 'n': 79, 'shap_error': 0.0008318177751122235, 'shap_norm_sq': 54.94503307516041}
{'sample_size': 3160, 'difference': 0, 'noise': 0, 'n': 79, 'shap_error': 0.0004947342982782876, 'shap_norm_sq': 54.94503307516041}
{'sample_size': 6320, 'difference': 0, 'noise': 0, 'n': 79, 'shap_error': 0.0001576208364473234, 'shap_norm_sq': 54.94503307516041}
{'sample_size': 12640, 'difference': 0, 'noise': 0, 'n': 79, 'shap_error': 7.218168434238096e-05, 'shap_norm_sq': 54.94503307516041}
{'sample_size': 395, 'difference': 1, 'noise': 0, 'n': 79, 'shap_error': 0.00025503036798126455, 'shap_norm_sq': 27.273525617952394}
{'sample_size': 790, 'difference': 0, 'noise': 0, 'n': 79, 'shap_error': 0.00011758250244403453, 'shap_norm_sq': 27.273525617952394}
{'sample_size': 1580, 'difference': 0, 'noise': 0, 'n': 79, 'shap_error': 4.3011268848344275e-05, 'shap_norm_sq': 27.273525617952394}
{'sample_size': 3160, 'difference': 0, 'noise': 0, 'n': 79, 'shap_error': 1.9980648735266778e-05, 'shap_norm_sq': 27.273525617952394}
{'sample_size': 6320, 'difference': 0, 'noise': 0, 'n': 79, 'shap_error': 1.1043994320509615e-05, 'shap_norm_sq': 27.273525617952394}
{'sample_size': 12640, 'difference': 0, 'noise': 0, 'n': 79, 'shap_error': 5.05349658238145e-06, 'shap_norm_sq': 27.273525617952394}
{'sample_size': 395, 'difference': 1, 'noise': 0, 'n': 79, 'shap_error': 0.04031110410285531, 'shap_norm_sq': 168.34394845996783}
{'sample_size': 790, 'difference': 0, 'noise': 0, 'n': 79, 'shap_error': 0.017813833528694444, 'shap_norm_sq': 168.34394845996783}
{'sample_size': 1580, 'difference': 0, 'noise': 0, 'n': 79, 'shap_error': 0.006859976549718015, 'shap_norm_sq': 168.34394845996783}
{'sample_size': 3160, 'difference': 0, 'noise': 0, 'n': 79, 'shap_error': 0.004275282070089043, 'shap_norm_sq': 168.34394845996783}
{'sample_size': 6320, 'difference': 0, 'noise': 0, 'n': 79, 'shap_error': 0.0019975971781257904, 'shap_norm_sq': 168.34394845996783}
{'sample_size': 12640, 'difference': 0, 'noise': 0, 'n': 79, 'shap_error': 0.0008874735666815498, 'shap_norm_sq': 168.34394845996783}
{'sample_size': 395, 'difference': 1, 'noise': 0, 'n': 79, 'shap_error': 0.002200085296505627, 'shap_norm_sq': 210.58221978381596}
{'sample_size': 790, 'difference': 0, 'noise': 0, 'n': 79, 'shap_error': 0.0007731094019324342, 'shap_norm_sq': 210.58221978381596}
{'sample_size': 1580, 'difference': 0, 'noise': 0, 'n': 79, 'shap_error': 0.0003606677713380427, 'shap_norm_sq': 210.58221978381596}
{'sample_size': 3160, 'difference': 0, 'noise': 0, 'n': 79, 'shap_error': 0.0001309484039615401, 'shap_norm_sq': 210.58221978381596}
{'sample_size': 6320, 'difference': 0, 'noise': 0, 'n': 79, 'shap_error': 8.960061764077737e-05, 'shap_norm_sq': 210.58221978381596}
{'sample_size': 12640, 'difference': 0, 'noise': 0, 'n': 79, 'shap_error': 3.017831021652416e-05, 'shap_norm_sq': 210.58221978381596}
{'sample_size': 395, 'difference': 1, 'noise': 0, 'n': 79, 'shap_error': 0.009393666866411743, 'shap_norm_sq': 50.04623913887282}
{'sample_size': 790, 'difference': 0, 'noise': 0, 'n': 79, 'shap_error': 0.0036168684185629504, 'shap_norm_sq': 50.04623913887282}
{'sample_size': 1580, 'difference': 0, 'noise': 0, 'n': 79, 'shap_error': 0.0017145471028072127, 'shap_norm_sq': 50.04623913887282}
{'sample_size': 3160, 'difference': 0, 'noise': 0, 'n': 79, 'shap_error': 0.000810148983629025, 'shap_norm_sq': 50.04623913887282}
{'sample_size': 6320, 'difference': 0, 'noise': 0, 'n': 79, 'shap_error': 0.0003842483810699984, 'shap_norm_sq': 50.04623913887282}
{'sample_size': 12640, 'difference': 0, 'noise': 0, 'n': 79, 'shap_error': 0.00018202972032348467, 'shap_norm_sq': 50.04623913887282}
{'sample_size': 395, 'difference': 1, 'noise': 0, 'n': 79, 'shap_error': 0.005530719547832721, 'shap_norm_sq': 21.28894051596188}
{'sample_size': 790, 'difference': 0, 'noise': 0, 'n': 79, 'shap_error': 0.0014226340882710817, 'shap_norm_sq': 21.28894051596188}
{'sample_size': 1580, 'difference': 0, 'noise': 0, 'n': 79, 'shap_error': 0.0009457785972848192, 'shap_norm_sq': 21.28894051596188}
{'sample_size': 3160, 'difference': 0, 'noise': 0, 'n': 79, 'shap_error': 0.0003724269562575871, 'shap_norm_sq': 21.28894051596188}
{'sample_size': 6320, 'difference': 0, 'noise': 0, 'n': 79, 'shap_error': 0.00022704790830753067, 'shap_norm_sq': 21.28894051596188}
{'sample_size': 12640, 'difference': 0, 'noise': 0, 'n': 79, 'shap_error': 7.290713736716e-05, 'shap_norm_sq': 21.28894051596188}
{'sample_size': 395, 'difference': 1, 'noise': 0, 'n': 79, 'shap_error': 0.011738536189954806, 'shap_norm_sq': 4.88175375235758}
{'sample_size': 790, 'difference': 0, 'noise': 0, 'n': 79, 'shap_error': 0.008216953804369929, 'shap_norm_sq': 4.88175375235758}
{'sample_size': 1580, 'difference': 0, 'noise': 0, 'n': 79, 'shap_error': 0.0023570542894281155, 'shap_norm_sq': 4.88175375235758}
{'sample_size': 3160, 'difference': 0, 'noise': 0, 'n': 79, 'shap_error': 0.0008045169078528503, 'shap_norm_sq': 4.88175375235758}
{'sample_size': 6320, 'difference': 0, 'noise': 0, 'n': 79, 'shap_error': 0.0005214283063910175, 'shap_norm_sq': 4.88175375235758}
{'sample_size': 12640, 'difference': 0, 'noise': 0, 'n': 79, 'shap_error': 0.0002700072479986344, 'shap_norm_sq': 4.88175375235758}
{'sample_size': 395, 'difference': 1, 'noise': 0, 'n': 79, 'shap_error': 0.009111769257708223, 'shap_norm_sq': 10.46565794712287}
{'sample_size': 790, 'difference': 0, 'noise': 0, 'n': 79, 'shap_error': 0.002759876282221746, 'shap_norm_sq': 10.46565794712287}
{'sample_size': 1580, 'difference': 0, 'noise': 0, 'n': 79, 'shap_error': 0.001223033276762001, 'shap_norm_sq': 10.46565794712287}
{'sample_size': 3160, 'difference': 0, 'noise': 0, 'n': 79, 'shap_error': 0.0004131562258075716, 'shap_norm_sq': 10.46565794712287}
{'sample_size': 6320, 'difference': 0, 'noise': 0, 'n': 79, 'shap_error': 0.00022571618618178924, 'shap_norm_sq': 10.46565794712287}
{'sample_size': 12640, 'difference': 0, 'noise': 0, 'n': 79, 'shap_error': 0.00014900781442433645, 'shap_norm_sq': 10.46565794712287}
{'sample_size': 395, 'difference': 1, 'noise': 0, 'n': 79, 'shap_error': 0.001295244643205062, 'shap_norm_sq': 340.8947996894022}
{'sample_size': 790, 'difference': 0, 'noise': 0, 'n': 79, 'shap_error': 0.0004305222973125209, 'shap_norm_sq': 340.8947996894022}
{'sample_size': 1580, 'difference': 0, 'noise': 0, 'n': 79, 'shap_error': 0.0002624035851530471, 'shap_norm_sq': 340.8947996894022}
{'sample_size': 3160, 'difference': 0, 'noise': 0, 'n': 79, 'shap_error': 0.00011271125793316006, 'shap_norm_sq': 340.8947996894022}
{'sample_size': 6320, 'difference': 0, 'noise': 0, 'n': 79, 'shap_error': 3.5952330283584815e-05, 'shap_norm_sq': 340.8947996894022}
{'sample_size': 12640, 'difference': 0, 'noise': 0, 'n': 79, 'shap_error': 2.476432372551295e-05, 'shap_norm_sq': 340.8947996894022}
{'sample_size': 395, 'difference': 1, 'noise': 0, 'n': 79, 'shap_error': 0.03309859721791848, 'shap_norm_sq': 16.331879343667588}
{'sample_size': 790, 'difference': 0, 'noise': 0, 'n': 79, 'shap_error': 0.008340967596730501, 'shap_norm_sq': 16.331879343667588}
{'sample_size': 1580, 'difference': 0, 'noise': 0, 'n': 79, 'shap_error': 0.004305551759492483, 'shap_norm_sq': 16.331879343667588}
{'sample_size': 3160, 'difference': 0, 'noise': 0, 'n': 79, 'shap_error': 0.002334559433183506, 'shap_norm_sq': 16.331879343667588}
{'sample_size': 6320, 'difference': 0, 'noise': 0, 'n': 79, 'shap_error': 0.0007294927234317803, 'shap_norm_sq': 16.331879343667588}
{'sample_size': 12640, 'difference': 0, 'noise': 0, 'n': 79, 'shap_error': 0.0006169223021652676, 'shap_norm_sq': 16.331879343667588}
{'sample_size': 395, 'difference': 1, 'noise': 0, 'n': 79, 'shap_error': 0.015375766870142242, 'shap_norm_sq': 41.908400179887394}
{'sample_size': 790, 'difference': 0, 'noise': 0, 'n': 79, 'shap_error': 0.004155697348994074, 'shap_norm_sq': 41.908400179887394}
{'sample_size': 1580, 'difference': 0, 'noise': 0, 'n': 79, 'shap_error': 0.0018533156147322156, 'shap_norm_sq': 41.908400179887394}
{'sample_size': 3160, 'difference': 0, 'noise': 0, 'n': 79, 'shap_error': 0.0006946358714319085, 'shap_norm_sq': 41.908400179887394}
{'sample_size': 6320, 'difference': 0, 'noise': 0, 'n': 79, 'shap_error': 0.00044493234390788523, 'shap_norm_sq': 41.908400179887394}
{'sample_size': 12640, 'difference': 0, 'noise': 0, 'n': 79, 'shap_error': 0.00021733403765667247, 'shap_norm_sq': 41.908400179887394}
{'sample_size': 395, 'difference': 1, 'noise': 0, 'n': 79, 'shap_error': 0.0006723920537996578, 'shap_norm_sq': 6.289717209382058}
{'sample_size': 790, 'difference': 0, 'noise': 0, 'n': 79, 'shap_error': 0.00022587877061984446, 'shap_norm_sq': 6.289717209382058}
{'sample_size': 1580, 'difference': 0, 'noise': 0, 'n': 79, 'shap_error': 8.986016281516014e-05, 'shap_norm_sq': 6.289717209382058}
{'sample_size': 3160, 'difference': 0, 'noise': 0, 'n': 79, 'shap_error': 3.885014343507283e-05, 'shap_norm_sq': 6.289717209382058}
{'sample_size': 6320, 'difference': 0, 'noise': 0, 'n': 79, 'shap_error': 1.8562896852626486e-05, 'shap_norm_sq': 6.289717209382058}
{'sample_size': 12640, 'difference': 0, 'noise': 0, 'n': 79, 'shap_error': 9.992456578505398e-06, 'shap_norm_sq': 6.289717209382058}
{'sample_size': 395, 'difference': 1, 'noise': 0, 'n': 79, 'shap_error': 1.6078000147257725e-13, 'shap_norm_sq': 28.440322246586177}
{'sample_size': 790, 'difference': 0, 'noise': 0, 'n': 79, 'shap_error': 1.2306895396468935e-13, 'shap_norm_sq': 28.440322246586177}
{'sample_size': 1580, 'difference': 0, 'noise': 0, 'n': 79, 'shap_error': 1.2449075004205e-13, 'shap_norm_sq': 28.440322246586177}
{'sample_size': 3160, 'difference': 0, 'noise': 0, 'n': 79, 'shap_error': 1.2084270682116967e-13, 'shap_norm_sq': 28.440322246586177}
{'sample_size': 6320, 'difference': 0, 'noise': 0, 'n': 79, 'shap_error': 1.2454791990809009e-13, 'shap_norm_sq': 28.440322246586177}
{'sample_size': 12640, 'difference': 0, 'noise': 0, 'n': 79, 'shap_error': 1.2054253414994814e-13, 'shap_norm_sq': 28.440322246586177}
{'sample_size': 395, 'difference': 1, 'noise': 0, 'n': 79, 'shap_error': 0.03325089122399337, 'shap_norm_sq': 38.94028171825632}
{'sample_size': 790, 'difference': 0, 'noise': 0, 'n': 79, 'shap_error': 0.016258051280241957, 'shap_norm_sq': 38.94028171825632}
{'sample_size': 1580, 'difference': 0, 'noise': 0, 'n': 79, 'shap_error': 0.009439231130282031, 'shap_norm_sq': 38.94028171825632}
{'sample_size': 3160, 'difference': 0, 'noise': 0, 'n': 79, 'shap_error': 0.002832336211152807, 'shap_norm_sq': 38.94028171825632}
{'sample_size': 6320, 'difference': 0, 'noise': 0, 'n': 79, 'shap_error': 0.0014631841884567437, 'shap_norm_sq': 38.94028171825632}
{'sample_size': 12640, 'difference': 0, 'noise': 0, 'n': 79, 'shap_error': 0.0006577267706302191, 'shap_norm_sq': 38.94028171825632}
{'sample_size': 395, 'difference': 1, 'noise': 0, 'n': 79, 'shap_error': 0.006356124422917465, 'shap_norm_sq': 48.91290561831941}
{'sample_size': 790, 'difference': 0, 'noise': 0, 'n': 79, 'shap_error': 0.0042965723889032215, 'shap_norm_sq': 48.91290561831941}
{'sample_size': 1580, 'difference': 0, 'noise': 0, 'n': 79, 'shap_error': 0.0015021762958952515, 'shap_norm_sq': 48.91290561831941}
{'sample_size': 3160, 'difference': 0, 'noise': 0, 'n': 79, 'shap_error': 0.0007896041621695322, 'shap_norm_sq': 48.91290561831941}
{'sample_size': 6320, 'difference': 0, 'noise': 0, 'n': 79, 'shap_error': 0.00024361892556250302, 'shap_norm_sq': 48.91290561831941}
{'sample_size': 12640, 'difference': 0, 'noise': 0, 'n': 79, 'shap_error': 0.00016746230516404036, 'shap_norm_sq': 48.91290561831941}
{'sample_size': 395, 'difference': 1, 'noise': 0, 'n': 79, 'shap_error': 0.01353103394696734, 'shap_norm_sq': 132.37264659653053}
{'sample_size': 790, 'difference': 0, 'noise': 0, 'n': 79, 'shap_error': 0.003964872895399519, 'shap_norm_sq': 132.37264659653053}
{'sample_size': 1580, 'difference': 0, 'noise': 0, 'n': 79, 'shap_error': 0.002558522881664775, 'shap_norm_sq': 132.37264659653053}
{'sample_size': 3160, 'difference': 0, 'noise': 0, 'n': 79, 'shap_error': 0.001229902815589686, 'shap_norm_sq': 132.37264659653053}
{'sample_size': 6320, 'difference': 0, 'noise': 0, 'n': 79, 'shap_error': 0.0006184472074235581, 'shap_norm_sq': 132.37264659653053}
{'sample_size': 12640, 'difference': 0, 'noise': 0, 'n': 79, 'shap_error': 0.0002966654723907044, 'shap_norm_sq': 132.37264659653053}
{'sample_size': 395, 'difference': 1, 'noise': 0, 'n': 79, 'shap_error': 0.019914074183274188, 'shap_norm_sq': 29.9722151943134}
{'sample_size': 790, 'difference': 0, 'noise': 0, 'n': 79, 'shap_error': 0.007098924457461138, 'shap_norm_sq': 29.9722151943134}
{'sample_size': 1580, 'difference': 0, 'noise': 0, 'n': 79, 'shap_error': 0.002938491622194188, 'shap_norm_sq': 29.9722151943134}
{'sample_size': 3160, 'difference': 0, 'noise': 0, 'n': 79, 'shap_error': 0.0017334705096913629, 'shap_norm_sq': 29.9722151943134}
{'sample_size': 6320, 'difference': 0, 'noise': 0, 'n': 79, 'shap_error': 0.0007272558693169946, 'shap_norm_sq': 29.9722151943134}
{'sample_size': 12640, 'difference': 0, 'noise': 0, 'n': 79, 'shap_error': 0.00038526535605370505, 'shap_norm_sq': 29.9722151943134}
{'sample_size': 395, 'difference': 1, 'noise': 0, 'n': 79, 'shap_error': 0.014224098719985763, 'shap_norm_sq': 54.61902873592742}
{'sample_size': 790, 'difference': 0, 'noise': 0, 'n': 79, 'shap_error': 0.005564559396682693, 'shap_norm_sq': 54.61902873592742}
{'sample_size': 1580, 'difference': 0, 'noise': 0, 'n': 79, 'shap_error': 0.0020214057621170877, 'shap_norm_sq': 54.61902873592742}
{'sample_size': 3160, 'difference': 0, 'noise': 0, 'n': 79, 'shap_error': 0.001096196025139033, 'shap_norm_sq': 54.61902873592742}
{'sample_size': 6320, 'difference': 0, 'noise': 0, 'n': 79, 'shap_error': 0.0004510551253717461, 'shap_norm_sq': 54.61902873592742}
{'sample_size': 12640, 'difference': 0, 'noise': 0, 'n': 79, 'shap_error': 0.00024047709419420838, 'shap_norm_sq': 54.61902873592742}
{'sample_size': 395, 'difference': 1, 'noise': 0, 'n': 79, 'shap_error': 0.004569075808873527, 'shap_norm_sq': 14.261537562424065}
{'sample_size': 790, 'difference': 0, 'noise': 0, 'n': 79, 'shap_error': 0.0019345965723861274, 'shap_norm_sq': 14.261537562424065}
{'sample_size': 1580, 'difference': 0, 'noise': 0, 'n': 79, 'shap_error': 0.0008808048481732843, 'shap_norm_sq': 14.261537562424065}
{'sample_size': 3160, 'difference': 0, 'noise': 0, 'n': 79, 'shap_error': 0.000436748128942557, 'shap_norm_sq': 14.261537562424065}
{'sample_size': 6320, 'difference': 0, 'noise': 0, 'n': 79, 'shap_error': 0.00020808410409030675, 'shap_norm_sq': 14.261537562424065}
{'sample_size': 12640, 'difference': 0, 'noise': 0, 'n': 79, 'shap_error': 8.161843920501405e-05, 'shap_norm_sq': 14.261537562424065}
{'sample_size': 395, 'difference': 1, 'noise': 0, 'n': 79, 'shap_error': 0.00010677126810328135, 'shap_norm_sq': 217.16967585283393}
{'sample_size': 790, 'difference': 0, 'noise': 0, 'n': 79, 'shap_error': 2.675798430880498e-05, 'shap_norm_sq': 217.16967585283393}
{'sample_size': 1580, 'difference': 0, 'noise': 0, 'n': 79, 'shap_error': 1.5991464145546284e-05, 'shap_norm_sq': 217.16967585283393}
{'sample_size': 3160, 'difference': 0, 'noise': 0, 'n': 79, 'shap_error': 6.4095040407548855e-06, 'shap_norm_sq': 217.16967585283393}
{'sample_size': 6320, 'difference': 0, 'noise': 0, 'n': 79, 'shap_error': 2.5647755315070202e-06, 'shap_norm_sq': 217.16967585283393}
{'sample_size': 12640, 'difference': 0, 'noise': 0, 'n': 79, 'shap_error': 1.4038764394589815e-06, 'shap_norm_sq': 217.16967585283393}
{'sample_size': 395, 'difference': 1, 'noise': 0, 'n': 79, 'shap_error': 0.02440432292446471, 'shap_norm_sq': 8.267981718114838}
{'sample_size': 790, 'difference': 0, 'noise': 0, 'n': 79, 'shap_error': 0.006929893409207677, 'shap_norm_sq': 8.267981718114838}
{'sample_size': 1580, 'difference': 0, 'noise': 0, 'n': 79, 'shap_error': 0.003661936791332039, 'shap_norm_sq': 8.267981718114838}
{'sample_size': 3160, 'difference': 0, 'noise': 0, 'n': 79, 'shap_error': 0.0010274001557530482, 'shap_norm_sq': 8.267981718114838}
{'sample_size': 6320, 'difference': 0, 'noise': 0, 'n': 79, 'shap_error': 0.0008002356909560711, 'shap_norm_sq': 8.267981718114838}
{'sample_size': 12640, 'difference': 0, 'noise': 0, 'n': 79, 'shap_error': 0.00035351335849834626, 'shap_norm_sq': 8.267981718114838}
{'sample_size': 395, 'difference': 1, 'noise': 0, 'n': 79, 'shap_error': 0.006630093782192139, 'shap_norm_sq': 137.97079552077298}
{'sample_size': 790, 'difference': 0, 'noise': 0, 'n': 79, 'shap_error': 0.0027746573490362095, 'shap_norm_sq': 137.97079552077298}
{'sample_size': 1580, 'difference': 0, 'noise': 0, 'n': 79, 'shap_error': 0.0009901430722861898, 'shap_norm_sq': 137.97079552077298}
{'sample_size': 3160, 'difference': 0, 'noise': 0, 'n': 79, 'shap_error': 0.00039598030132766387, 'shap_norm_sq': 137.97079552077298}
{'sample_size': 6320, 'difference': 0, 'noise': 0, 'n': 79, 'shap_error': 0.0002546637568931149, 'shap_norm_sq': 137.97079552077298}
{'sample_size': 12640, 'difference': 0, 'noise': 0, 'n': 79, 'shap_error': 0.00011434514026170538, 'shap_norm_sq': 137.97079552077298}
{'sample_size': 395, 'difference': 1, 'noise': 0, 'n': 79, 'shap_error': 0.032159057965524776, 'shap_norm_sq': 38.069153253841534}
{'sample_size': 790, 'difference': 0, 'noise': 0, 'n': 79, 'shap_error': 0.008534778383638565, 'shap_norm_sq': 38.069153253841534}
{'sample_size': 1580, 'difference': 0, 'noise': 0, 'n': 79, 'shap_error': 0.0038727999409364435, 'shap_norm_sq': 38.069153253841534}
{'sample_size': 3160, 'difference': 0, 'noise': 0, 'n': 79, 'shap_error': 0.002400251363057807, 'shap_norm_sq': 38.069153253841534}
{'sample_size': 6320, 'difference': 0, 'noise': 0, 'n': 79, 'shap_error': 0.0010773101677503108, 'shap_norm_sq': 38.069153253841534}
{'sample_size': 12640, 'difference': 0, 'noise': 0, 'n': 79, 'shap_error': 0.0006101226785466709, 'shap_norm_sq': 38.069153253841534}
{'sample_size': 395, 'difference': 1, 'noise': 0, 'n': 79, 'shap_error': 0.008006930329721398, 'shap_norm_sq': 7.395873394416008}
{'sample_size': 790, 'difference': 0, 'noise': 0, 'n': 79, 'shap_error': 0.0026203381016411675, 'shap_norm_sq': 7.395873394416008}
{'sample_size': 1580, 'difference': 0, 'noise': 0, 'n': 79, 'shap_error': 0.0011842881855621441, 'shap_norm_sq': 7.395873394416008}
{'sample_size': 3160, 'difference': 0, 'noise': 0, 'n': 79, 'shap_error': 0.0005066382567695591, 'shap_norm_sq': 7.395873394416008}
{'sample_size': 6320, 'difference': 0, 'noise': 0, 'n': 79, 'shap_error': 0.00034557297947529676, 'shap_norm_sq': 7.395873394416008}
{'sample_size': 12640, 'difference': 0, 'noise': 0, 'n': 79, 'shap_error': 0.0001282816138788956, 'shap_norm_sq': 7.395873394416008}
{'sample_size': 395, 'difference': 1, 'noise': 0, 'n': 79, 'shap_error': 0.026247636362988103, 'shap_norm_sq': 27.240661245642713}
{'sample_size': 790, 'difference': 0, 'noise': 0, 'n': 79, 'shap_error': 0.01338626667625682, 'shap_norm_sq': 27.240661245642713}
{'sample_size': 1580, 'difference': 0, 'noise': 0, 'n': 79, 'shap_error': 0.005501653220231978, 'shap_norm_sq': 27.240661245642713}
{'sample_size': 3160, 'difference': 0, 'noise': 0, 'n': 79, 'shap_error': 0.002338953152504494, 'shap_norm_sq': 27.240661245642713}
{'sample_size': 6320, 'difference': 0, 'noise': 0, 'n': 79, 'shap_error': 0.0010156836872178112, 'shap_norm_sq': 27.240661245642713}
{'sample_size': 12640, 'difference': 0, 'noise': 0, 'n': 79, 'shap_error': 0.0005731582695964382, 'shap_norm_sq': 27.240661245642713}
{'sample_size': 395, 'difference': 1, 'noise': 0, 'n': 79, 'shap_error': 0.008956993968256345, 'shap_norm_sq': 18.594602876752948}
{'sample_size': 790, 'difference': 0, 'noise': 0, 'n': 79, 'shap_error': 0.004061327587200839, 'shap_norm_sq': 18.594602876752948}
{'sample_size': 1580, 'difference': 0, 'noise': 0, 'n': 79, 'shap_error': 0.0013961273632742972, 'shap_norm_sq': 18.594602876752948}
{'sample_size': 3160, 'difference': 0, 'noise': 0, 'n': 79, 'shap_error': 0.0009766718274098808, 'shap_norm_sq': 18.594602876752948}
{'sample_size': 6320, 'difference': 0, 'noise': 0, 'n': 79, 'shap_error': 0.00022567040519728629, 'shap_norm_sq': 18.594602876752948}
{'sample_size': 12640, 'difference': 0, 'noise': 0, 'n': 79, 'shap_error': 0.0002105358580916555, 'shap_norm_sq': 18.594602876752948}
{'sample_size': 395, 'difference': 1, 'noise': 0, 'n': 79, 'shap_error': 0.0012732960164579777, 'shap_norm_sq': 14.200401372548487}
{'sample_size': 790, 'difference': 0, 'noise': 0, 'n': 79, 'shap_error': 0.0003909242195383369, 'shap_norm_sq': 14.200401372548487}
{'sample_size': 1580, 'difference': 0, 'noise': 0, 'n': 79, 'shap_error': 0.00023507016778752848, 'shap_norm_sq': 14.200401372548487}
{'sample_size': 3160, 'difference': 0, 'noise': 0, 'n': 79, 'shap_error': 9.846964236717102e-05, 'shap_norm_sq': 14.200401372548487}
{'sample_size': 6320, 'difference': 0, 'noise': 0, 'n': 79, 'shap_error': 4.8591013226678646e-05, 'shap_norm_sq': 14.200401372548487}
{'sample_size': 12640, 'difference': 0, 'noise': 0, 'n': 79, 'shap_error': 2.635196354310958e-05, 'shap_norm_sq': 14.200401372548487}
{'sample_size': 395, 'difference': 1, 'noise': 0, 'n': 79, 'shap_error': 0.0036592926612494074, 'shap_norm_sq': 267.8485691590223}
{'sample_size': 790, 'difference': 0, 'noise': 0, 'n': 79, 'shap_error': 0.0014034987075283556, 'shap_norm_sq': 267.8485691590223}
{'sample_size': 1580, 'difference': 0, 'noise': 0, 'n': 79, 'shap_error': 0.0005474670952827285, 'shap_norm_sq': 267.8485691590223}
{'sample_size': 3160, 'difference': 0, 'noise': 0, 'n': 79, 'shap_error': 0.00024832701003349884, 'shap_norm_sq': 267.8485691590223}
{'sample_size': 6320, 'difference': 0, 'noise': 0, 'n': 79, 'shap_error': 0.00017118187352855235, 'shap_norm_sq': 267.8485691590223}
{'sample_size': 12640, 'difference': 0, 'noise': 0, 'n': 79, 'shap_error': 5.5994868027158086e-05, 'shap_norm_sq': 267.8485691590223}
{'sample_size': 395, 'difference': 1, 'noise': 0, 'n': 79, 'shap_error': 0.005057367313233932, 'shap_norm_sq': 10.899291280782567}
{'sample_size': 790, 'difference': 0, 'noise': 0, 'n': 79, 'shap_error': 0.0015986364797521489, 'shap_norm_sq': 10.899291280782567}
{'sample_size': 1580, 'difference': 0, 'noise': 0, 'n': 79, 'shap_error': 0.0008347185299216723, 'shap_norm_sq': 10.899291280782567}
{'sample_size': 3160, 'difference': 0, 'noise': 0, 'n': 79, 'shap_error': 0.0003074757511745441, 'shap_norm_sq': 10.899291280782567}
{'sample_size': 6320, 'difference': 0, 'noise': 0, 'n': 79, 'shap_error': 0.00019512475993745663, 'shap_norm_sq': 10.899291280782567}
{'sample_size': 12640, 'difference': 0, 'noise': 0, 'n': 79, 'shap_error': 9.712752722898861e-05, 'shap_norm_sq': 10.899291280782567}
{'sample_size': 395, 'difference': 1, 'noise': 0, 'n': 79, 'shap_error': 0.005048119214461931, 'shap_norm_sq': 53.62727347241663}
{'sample_size': 790, 'difference': 0, 'noise': 0, 'n': 79, 'shap_error': 0.0024822027062098087, 'shap_norm_sq': 53.62727347241663}
{'sample_size': 1580, 'difference': 0, 'noise': 0, 'n': 79, 'shap_error': 0.0014273116301723857, 'shap_norm_sq': 53.62727347241663}
{'sample_size': 3160, 'difference': 0, 'noise': 0, 'n': 79, 'shap_error': 0.0005887556751520656, 'shap_norm_sq': 53.62727347241663}
{'sample_size': 6320, 'difference': 0, 'noise': 0, 'n': 79, 'shap_error': 0.00034039784911395866, 'shap_norm_sq': 53.62727347241663}
{'sample_size': 12640, 'difference': 0, 'noise': 0, 'n': 79, 'shap_error': 0.00013125086158234526, 'shap_norm_sq': 53.62727347241663}
{'sample_size': 395, 'difference': 1, 'noise': 0, 'n': 79, 'shap_error': 0.007254290374813196, 'shap_norm_sq': 17.237921310588675}
{'sample_size': 790, 'difference': 0, 'noise': 0, 'n': 79, 'shap_error': 0.0024164276763704714, 'shap_norm_sq': 17.237921310588675}
{'sample_size': 1580, 'difference': 0, 'noise': 0, 'n': 79, 'shap_error': 0.0007530066444988872, 'shap_norm_sq': 17.237921310588675}
{'sample_size': 3160, 'difference': 0, 'noise': 0, 'n': 79, 'shap_error': 0.0004214678493649277, 'shap_norm_sq': 17.237921310588675}
{'sample_size': 6320, 'difference': 0, 'noise': 0, 'n': 79, 'shap_error': 0.00022179993779921324, 'shap_norm_sq': 17.237921310588675}
{'sample_size': 12640, 'difference': 0, 'noise': 0, 'n': 79, 'shap_error': 0.00011447108354680621, 'shap_norm_sq': 17.237921310588675}
{'sample_size': 395, 'difference': 1, 'noise': 0, 'n': 79, 'shap_error': 0.0052109327832924445, 'shap_norm_sq': 64.03103352314389}
{'sample_size': 790, 'difference': 0, 'noise': 0, 'n': 79, 'shap_error': 0.0015655902588007974, 'shap_norm_sq': 64.03103352314389}
{'sample_size': 1580, 'difference': 0, 'noise': 0, 'n': 79, 'shap_error': 0.0009596853480271881, 'shap_norm_sq': 64.03103352314389}
{'sample_size': 3160, 'difference': 0, 'noise': 0, 'n': 79, 'shap_error': 0.0003576148068635309, 'shap_norm_sq': 64.03103352314389}
{'sample_size': 6320, 'difference': 0, 'noise': 0, 'n': 79, 'shap_error': 0.00016755145230411565, 'shap_norm_sq': 64.03103352314389}
{'sample_size': 12640, 'difference': 0, 'noise': 0, 'n': 79, 'shap_error': 7.959541644021428e-05, 'shap_norm_sq': 64.03103352314389}
{'sample_size': 395, 'difference': 1, 'noise': 0, 'n': 79, 'shap_error': 0.0326623016822409, 'shap_norm_sq': 16.432595461674634}
{'sample_size': 790, 'difference': 0, 'noise': 0, 'n': 79, 'shap_error': 0.01427063540249165, 'shap_norm_sq': 16.432595461674634}
{'sample_size': 1580, 'difference': 0, 'noise': 0, 'n': 79, 'shap_error': 0.006383613266856266, 'shap_norm_sq': 16.432595461674634}
{'sample_size': 3160, 'difference': 0, 'noise': 0, 'n': 79, 'shap_error': 0.002268332788476239, 'shap_norm_sq': 16.432595461674634}
{'sample_size': 6320, 'difference': 0, 'noise': 0, 'n': 79, 'shap_error': 0.0011199841388275314, 'shap_norm_sq': 16.432595461674634}
{'sample_size': 12640, 'difference': 0, 'noise': 0, 'n': 79, 'shap_error': 0.0005853972012780672, 'shap_norm_sq': 16.432595461674634}
{'sample_size': 395, 'difference': 1, 'noise': 0, 'n': 79, 'shap_error': 0.010001617571099217, 'shap_norm_sq': 23.674530760321304}
{'sample_size': 790, 'difference': 0, 'noise': 0, 'n': 79, 'shap_error': 0.0035331198240902617, 'shap_norm_sq': 23.674530760321304}
{'sample_size': 1580, 'difference': 0, 'noise': 0, 'n': 79, 'shap_error': 0.0010978175909688026, 'shap_norm_sq': 23.674530760321304}
{'sample_size': 3160, 'difference': 0, 'noise': 0, 'n': 79, 'shap_error': 0.0007410054139981922, 'shap_norm_sq': 23.674530760321304}
{'sample_size': 6320, 'difference': 0, 'noise': 0, 'n': 79, 'shap_error': 0.00040854694044750457, 'shap_norm_sq': 23.674530760321304}
{'sample_size': 12640, 'difference': 0, 'noise': 0, 'n': 79, 'shap_error': 0.00019501930552052291, 'shap_norm_sq': 23.674530760321304}
{'sample_size': 395, 'difference': 1, 'noise': 0, 'n': 79, 'shap_error': 0.0012835264180500517, 'shap_norm_sq': 18.46458961757078}
{'sample_size': 790, 'difference': 0, 'noise': 0, 'n': 79, 'shap_error': 0.0004983718655921272, 'shap_norm_sq': 18.46458961757078}
{'sample_size': 1580, 'difference': 0, 'noise': 0, 'n': 79, 'shap_error': 0.00019659857342464845, 'shap_norm_sq': 18.46458961757078}
{'sample_size': 3160, 'difference': 0, 'noise': 0, 'n': 79, 'shap_error': 9.895848225713623e-05, 'shap_norm_sq': 18.46458961757078}
{'sample_size': 6320, 'difference': 0, 'noise': 0, 'n': 79, 'shap_error': 4.6608054410603036e-05, 'shap_norm_sq': 18.46458961757078}
{'sample_size': 12640, 'difference': 0, 'noise': 0, 'n': 79, 'shap_error': 2.8627047100782312e-05, 'shap_norm_sq': 18.46458961757078}
{'sample_size': 395, 'difference': 1, 'noise': 0, 'n': 79, 'shap_error': 0.008141105725560658, 'shap_norm_sq': 234.91135371423638}
{'sample_size': 790, 'difference': 0, 'noise': 0, 'n': 79, 'shap_error': 0.003210095034528304, 'shap_norm_sq': 234.91135371423638}
{'sample_size': 1580, 'difference': 0, 'noise': 0, 'n': 79, 'shap_error': 0.000801336631635372, 'shap_norm_sq': 234.91135371423638}
{'sample_size': 3160, 'difference': 0, 'noise': 0, 'n': 79, 'shap_error': 0.0008525673365837798, 'shap_norm_sq': 234.91135371423638}
{'sample_size': 6320, 'difference': 0, 'noise': 0, 'n': 79, 'shap_error': 0.00019762452822577817, 'shap_norm_sq': 234.91135371423638}
{'sample_size': 12640, 'difference': 0, 'noise': 0, 'n': 79, 'shap_error': 0.00013969992743314752, 'shap_norm_sq': 234.91135371423638}
{'sample_size': 395, 'difference': 1, 'noise': 0, 'n': 79, 'shap_error': 0.002017360454784255, 'shap_norm_sq': 170.4287067676861}
{'sample_size': 790, 'difference': 0, 'noise': 0, 'n': 79, 'shap_error': 0.0010280328376583005, 'shap_norm_sq': 170.4287067676861}
{'sample_size': 1580, 'difference': 0, 'noise': 0, 'n': 79, 'shap_error': 0.0005554093441474553, 'shap_norm_sq': 170.4287067676861}
{'sample_size': 3160, 'difference': 0, 'noise': 0, 'n': 79, 'shap_error': 0.00013579872037773825, 'shap_norm_sq': 170.4287067676861}
{'sample_size': 6320, 'difference': 0, 'noise': 0, 'n': 79, 'shap_error': 9.628060451951697e-05, 'shap_norm_sq': 170.4287067676861}
{'sample_size': 12640, 'difference': 0, 'noise': 0, 'n': 79, 'shap_error': 3.9463577959382926e-05, 'shap_norm_sq': 170.4287067676861}
{'sample_size': 790, 'difference': 0, 'noise': 0.0005, 'n': 79, 'shap_error': 0.003395370444749215, 'shap_norm_sq': 176.5920909062474}
{'sample_size': 790, 'difference': 0, 'noise': 0.001, 'n': 79, 'shap_error': 0.0027723441717350896, 'shap_norm_sq': 176.5920909062474}
{'sample_size': 790, 'difference': 0, 'noise': 0.005, 'n': 79, 'shap_error': 0.002810651741598874, 'shap_norm_sq': 176.5920909062474}
{'sample_size': 790, 'difference': 0, 'noise': 0.01, 'n': 79, 'shap_error': 0.004390431020527028, 'shap_norm_sq': 176.5920909062474}
{'sample_size': 790, 'difference': 0, 'noise': 0.05, 'n': 79, 'shap_error': 0.003628444148943039, 'shap_norm_sq': 176.5920909062474}
{'sample_size': 790, 'difference': 0, 'noise': 0.1, 'n': 79, 'shap_error': 0.0028466828317693714, 'shap_norm_sq': 176.5920909062474}
{'sample_size': 790, 'difference': 0, 'noise': 0.5, 'n': 79, 'shap_error': 0.005664056529126182, 'shap_norm_sq': 176.5920909062474}
{'sample_size': 790, 'difference': 0, 'noise': 1, 'n': 79, 'shap_error': 0.008871627135805247, 'shap_norm_sq': 176.5920909062474}
{'sample_size': 790, 'difference': 0, 'noise': 0.0005, 'n': 79, 'shap_error': 0.004261855234726879, 'shap_norm_sq': 20.084252463209726}
{'sample_size': 790, 'difference': 0, 'noise': 0.001, 'n': 79, 'shap_error': 0.004533305081663202, 'shap_norm_sq': 20.084252463209726}
{'sample_size': 790, 'difference': 0, 'noise': 0.005, 'n': 79, 'shap_error': 0.004850483568616739, 'shap_norm_sq': 20.084252463209726}
{'sample_size': 790, 'difference': 0, 'noise': 0.01, 'n': 79, 'shap_error': 0.004549389016265401, 'shap_norm_sq': 20.084252463209726}
{'sample_size': 790, 'difference': 0, 'noise': 0.05, 'n': 79, 'shap_error': 0.005351914541327259, 'shap_norm_sq': 20.084252463209726}
{'sample_size': 790, 'difference': 0, 'noise': 0.1, 'n': 79, 'shap_error': 0.004328460380467815, 'shap_norm_sq': 20.084252463209726}
{'sample_size': 790, 'difference': 0, 'noise': 0.5, 'n': 79, 'shap_error': 0.023815105109410612, 'shap_norm_sq': 20.084252463209726}
{'sample_size': 790, 'difference': 0, 'noise': 1, 'n': 79, 'shap_error': 0.07603852993298132, 'shap_norm_sq': 20.084252463209726}
{'sample_size': 790, 'difference': 0, 'noise': 0.0005, 'n': 79, 'shap_error': 0.0013153249807465778, 'shap_norm_sq': 148.00477053999788}
{'sample_size': 790, 'difference': 0, 'noise': 0.001, 'n': 79, 'shap_error': 0.0011557042390240894, 'shap_norm_sq': 148.00477053999788}
{'sample_size': 790, 'difference': 0, 'noise': 0.005, 'n': 79, 'shap_error': 0.0014360664335946647, 'shap_norm_sq': 148.00477053999788}
{'sample_size': 790, 'difference': 0, 'noise': 0.01, 'n': 79, 'shap_error': 0.001364259301669663, 'shap_norm_sq': 148.00477053999788}
{'sample_size': 790, 'difference': 0, 'noise': 0.05, 'n': 79, 'shap_error': 0.0012762554882934961, 'shap_norm_sq': 148.00477053999788}
{'sample_size': 790, 'difference': 0, 'noise': 0.1, 'n': 79, 'shap_error': 0.0019779598160190363, 'shap_norm_sq': 148.00477053999788}
{'sample_size': 790, 'difference': 0, 'noise': 0.5, 'n': 79, 'shap_error': 0.005489044527391868, 'shap_norm_sq': 148.00477053999788}
{'sample_size': 790, 'difference': 0, 'noise': 1, 'n': 79, 'shap_error': 0.022988468720983753, 'shap_norm_sq': 148.00477053999788}
{'sample_size': 790, 'difference': 0, 'noise': 0.0005, 'n': 79, 'shap_error': 0.0030534135669405714, 'shap_norm_sq': 15.97553400192092}
{'sample_size': 790, 'difference': 0, 'noise': 0.001, 'n': 79, 'shap_error': 0.003792554824246841, 'shap_norm_sq': 15.97553400192092}
{'sample_size': 790, 'difference': 0, 'noise': 0.005, 'n': 79, 'shap_error': 0.00278730140863544, 'shap_norm_sq': 15.97553400192092}
{'sample_size': 790, 'difference': 0, 'noise': 0.01, 'n': 79, 'shap_error': 0.0032291678329268232, 'shap_norm_sq': 15.97553400192092}
{'sample_size': 790, 'difference': 0, 'noise': 0.05, 'n': 79, 'shap_error': 0.004067267567915147, 'shap_norm_sq': 15.97553400192092}
{'sample_size': 790, 'difference': 0, 'noise': 0.1, 'n': 79, 'shap_error': 0.003513612067820696, 'shap_norm_sq': 15.97553400192092}
{'sample_size': 790, 'difference': 0, 'noise': 0.5, 'n': 79, 'shap_error': 0.02099657872773124, 'shap_norm_sq': 15.97553400192092}
{'sample_size': 790, 'difference': 0, 'noise': 1, 'n': 79, 'shap_error': 0.11369846950230895, 'shap_norm_sq': 15.97553400192092}
{'sample_size': 790, 'difference': 0, 'noise': 0.0005, 'n': 79, 'shap_error': 8.759818256085415e-09, 'shap_norm_sq': 60.68441020144731}
{'sample_size': 790, 'difference': 0, 'noise': 0.001, 'n': 79, 'shap_error': 3.5493931590991545e-08, 'shap_norm_sq': 60.68441020144731}
{'sample_size': 790, 'difference': 0, 'noise': 0.005, 'n': 79, 'shap_error': 9.207726204447212e-07, 'shap_norm_sq': 60.68441020144731}
{'sample_size': 790, 'difference': 0, 'noise': 0.01, 'n': 79, 'shap_error': 2.9277073396343955e-06, 'shap_norm_sq': 60.68441020144731}
{'sample_size': 790, 'difference': 0, 'noise': 0.05, 'n': 79, 'shap_error': 8.130519776521181e-05, 'shap_norm_sq': 60.68441020144731}
{'sample_size': 790, 'difference': 0, 'noise': 0.1, 'n': 79, 'shap_error': 0.00043759905853068117, 'shap_norm_sq': 60.68441020144731}
{'sample_size': 790, 'difference': 0, 'noise': 0.5, 'n': 79, 'shap_error': 0.009274269726540628, 'shap_norm_sq': 60.68441020144731}
{'sample_size': 790, 'difference': 0, 'noise': 1, 'n': 79, 'shap_error': 0.047549883127344365, 'shap_norm_sq': 60.68441020144731}
{'sample_size': 790, 'difference': 0, 'noise': 0.0005, 'n': 79, 'shap_error': 0.002865924346169206, 'shap_norm_sq': 136.26130924077654}
{'sample_size': 790, 'difference': 0, 'noise': 0.001, 'n': 79, 'shap_error': 0.0029428305143253527, 'shap_norm_sq': 136.26130924077654}
{'sample_size': 790, 'difference': 0, 'noise': 0.005, 'n': 79, 'shap_error': 0.0025724159081049677, 'shap_norm_sq': 136.26130924077654}
{'sample_size': 790, 'difference': 0, 'noise': 0.01, 'n': 79, 'shap_error': 0.002896730572554809, 'shap_norm_sq': 136.26130924077654}
{'sample_size': 790, 'difference': 0, 'noise': 0.05, 'n': 79, 'shap_error': 0.0027800946819164047, 'shap_norm_sq': 136.26130924077654}
{'sample_size': 790, 'difference': 0, 'noise': 0.1, 'n': 79, 'shap_error': 0.002781139612496388, 'shap_norm_sq': 136.26130924077654}
{'sample_size': 790, 'difference': 0, 'noise': 0.5, 'n': 79, 'shap_error': 0.005628395009073239, 'shap_norm_sq': 136.26130924077654}
{'sample_size': 790, 'difference': 0, 'noise': 1, 'n': 79, 'shap_error': 0.01583750269831026, 'shap_norm_sq': 136.26130924077654}
{'sample_size': 790, 'difference': 0, 'noise': 0.0005, 'n': 79, 'shap_error': 0.0016746102607882454, 'shap_norm_sq': 12.049401362360555}
{'sample_size': 790, 'difference': 0, 'noise': 0.001, 'n': 79, 'shap_error': 0.0017752806196991396, 'shap_norm_sq': 12.049401362360555}
{'sample_size': 790, 'difference': 0, 'noise': 0.005, 'n': 79, 'shap_error': 0.0016333049222957174, 'shap_norm_sq': 12.049401362360555}
{'sample_size': 790, 'difference': 0, 'noise': 0.01, 'n': 79, 'shap_error': 0.0015189776676273964, 'shap_norm_sq': 12.049401362360555}
{'sample_size': 790, 'difference': 0, 'noise': 0.05, 'n': 79, 'shap_error': 0.0015622622372748651, 'shap_norm_sq': 12.049401362360555}
{'sample_size': 790, 'difference': 0, 'noise': 0.1, 'n': 79, 'shap_error': 0.0026487152766774217, 'shap_norm_sq': 12.049401362360555}
{'sample_size': 790, 'difference': 0, 'noise': 0.5, 'n': 79, 'shap_error': 0.02951343572314647, 'shap_norm_sq': 12.049401362360555}
{'sample_size': 790, 'difference': 0, 'noise': 1, 'n': 79, 'shap_error': 0.11779141419200628, 'shap_norm_sq': 12.049401362360555}
{'sample_size': 790, 'difference': 0, 'noise': 0.0005, 'n': 79, 'shap_error': 0.0015118590884389926, 'shap_norm_sq': 14.740428467777933}
{'sample_size': 790, 'difference': 0, 'noise': 0.001, 'n': 79, 'shap_error': 0.0022637268473725985, 'shap_norm_sq': 14.740428467777933}
{'sample_size': 790, 'difference': 0, 'noise': 0.005, 'n': 79, 'shap_error': 0.002319482166289945, 'shap_norm_sq': 14.740428467777933}
{'sample_size': 790, 'difference': 0, 'noise': 0.01, 'n': 79, 'shap_error': 0.0017699001630357794, 'shap_norm_sq': 14.740428467777933}
{'sample_size': 790, 'difference': 0, 'noise': 0.05, 'n': 79, 'shap_error': 0.002712726309781932, 'shap_norm_sq': 14.740428467777933}
{'sample_size': 790, 'difference': 0, 'noise': 0.1, 'n': 79, 'shap_error': 0.0038872526518556323, 'shap_norm_sq': 14.740428467777933}
{'sample_size': 790, 'difference': 0, 'noise': 0.5, 'n': 79, 'shap_error': 0.028521748560258922, 'shap_norm_sq': 14.740428467777933}
{'sample_size': 790, 'difference': 0, 'noise': 1, 'n': 79, 'shap_error': 0.1092642996250437, 'shap_norm_sq': 14.740428467777933}
{'sample_size': 790, 'difference': 0, 'noise': 0.0005, 'n': 79, 'shap_error': 3.78190300103982e-08, 'shap_norm_sq': 18.37896431333642}
{'sample_size': 790, 'difference': 0, 'noise': 0.001, 'n': 79, 'shap_error': 1.8022680904516487e-07, 'shap_norm_sq': 18.37896431333642}
{'sample_size': 790, 'difference': 0, 'noise': 0.005, 'n': 79, 'shap_error': 3.107090214251466e-06, 'shap_norm_sq': 18.37896431333642}
{'sample_size': 790, 'difference': 0, 'noise': 0.01, 'n': 79, 'shap_error': 1.58491872673211e-05, 'shap_norm_sq': 18.37896431333642}
{'sample_size': 790, 'difference': 0, 'noise': 0.05, 'n': 79, 'shap_error': 0.0003845478653790603, 'shap_norm_sq': 18.37896431333642}
{'sample_size': 790, 'difference': 0, 'noise': 0.1, 'n': 79, 'shap_error': 0.0018358200635520754, 'shap_norm_sq': 18.37896431333642}
{'sample_size': 790, 'difference': 0, 'noise': 0.5, 'n': 79, 'shap_error': 0.041977246461736256, 'shap_norm_sq': 18.37896431333642}
{'sample_size': 790, 'difference': 0, 'noise': 1, 'n': 79, 'shap_error': 0.12221854052264208, 'shap_norm_sq': 18.37896431333642}
{'sample_size': 790, 'difference': 0, 'noise': 0.0005, 'n': 79, 'shap_error': 0.007642055654272991, 'shap_norm_sq': 152.40773170613983}
{'sample_size': 790, 'difference': 0, 'noise': 0.001, 'n': 79, 'shap_error': 0.010507782449220598, 'shap_norm_sq': 152.40773170613983}
{'sample_size': 790, 'difference': 0, 'noise': 0.005, 'n': 79, 'shap_error': 0.009829328584063211, 'shap_norm_sq': 152.40773170613983}
{'sample_size': 790, 'difference': 0, 'noise': 0.01, 'n': 79, 'shap_error': 0.008125410210611134, 'shap_norm_sq': 152.40773170613983}
{'sample_size': 790, 'difference': 0, 'noise': 0.05, 'n': 79, 'shap_error': 0.007775349043201712, 'shap_norm_sq': 152.40773170613983}
{'sample_size': 790, 'difference': 0, 'noise': 0.1, 'n': 79, 'shap_error': 0.007341044554328251, 'shap_norm_sq': 152.40773170613983}
{'sample_size': 790, 'difference': 0, 'noise': 0.5, 'n': 79, 'shap_error': 0.009645702515717287, 'shap_norm_sq': 152.40773170613983}
{'sample_size': 790, 'difference': 0, 'noise': 1, 'n': 79, 'shap_error': 0.016797706780971453, 'shap_norm_sq': 152.40773170613983}
{'sample_size': 790, 'difference': 0, 'noise': 0.0005, 'n': 79, 'shap_error': 0.00016805555458742505, 'shap_norm_sq': 10.023857202259894}
{'sample_size': 790, 'difference': 0, 'noise': 0.001, 'n': 79, 'shap_error': 0.00012488736256016764, 'shap_norm_sq': 10.023857202259894}
{'sample_size': 790, 'difference': 0, 'noise': 0.005, 'n': 79, 'shap_error': 0.00014229048708634402, 'shap_norm_sq': 10.023857202259894}
{'sample_size': 790, 'difference': 0, 'noise': 0.01, 'n': 79, 'shap_error': 0.00013080222968259067, 'shap_norm_sq': 10.023857202259894}
{'sample_size': 790, 'difference': 0, 'noise': 0.05, 'n': 79, 'shap_error': 0.0005388517488558657, 'shap_norm_sq': 10.023857202259894}
{'sample_size': 790, 'difference': 0, 'noise': 0.1, 'n': 79, 'shap_error': 0.00264291509543036, 'shap_norm_sq': 10.023857202259894}
{'sample_size': 790, 'difference': 0, 'noise': 0.5, 'n': 79, 'shap_error': 0.05577591496687926, 'shap_norm_sq': 10.023857202259894}
{'sample_size': 790, 'difference': 0, 'noise': 1, 'n': 79, 'shap_error': 0.2350021961742984, 'shap_norm_sq': 10.023857202259894}
{'sample_size': 790, 'difference': 0, 'noise': 0.0005, 'n': 79, 'shap_error': 0.001802819120169008, 'shap_norm_sq': 47.34563643628872}
{'sample_size': 790, 'difference': 0, 'noise': 0.001, 'n': 79, 'shap_error': 0.0026867483641551176, 'shap_norm_sq': 47.34563643628872}
{'sample_size': 790, 'difference': 0, 'noise': 0.005, 'n': 79, 'shap_error': 0.002083172594551111, 'shap_norm_sq': 47.34563643628872}
{'sample_size': 790, 'difference': 0, 'noise': 0.01, 'n': 79, 'shap_error': 0.0033563308757778034, 'shap_norm_sq': 47.34563643628872}
{'sample_size': 790, 'difference': 0, 'noise': 0.05, 'n': 79, 'shap_error': 0.0033299074460170115, 'shap_norm_sq': 47.34563643628872}
{'sample_size': 790, 'difference': 0, 'noise': 0.1, 'n': 79, 'shap_error': 0.002847339054154686, 'shap_norm_sq': 47.34563643628872}
{'sample_size': 790, 'difference': 0, 'noise': 0.5, 'n': 79, 'shap_error': 0.00828507959581854, 'shap_norm_sq': 47.34563643628872}
{'sample_size': 790, 'difference': 0, 'noise': 1, 'n': 79, 'shap_error': 0.026773340794775294, 'shap_norm_sq': 47.34563643628872}
{'sample_size': 790, 'difference': 0, 'noise': 0.0005, 'n': 79, 'shap_error': 0.002626057577522726, 'shap_norm_sq': 12.189123000898293}
{'sample_size': 790, 'difference': 0, 'noise': 0.001, 'n': 79, 'shap_error': 0.003458875544984027, 'shap_norm_sq': 12.189123000898293}
{'sample_size': 790, 'difference': 0, 'noise': 0.005, 'n': 79, 'shap_error': 0.002557681285511913, 'shap_norm_sq': 12.189123000898293}
{'sample_size': 790, 'difference': 0, 'noise': 0.01, 'n': 79, 'shap_error': 0.0029188532372454294, 'shap_norm_sq': 12.189123000898293}
{'sample_size': 790, 'difference': 0, 'noise': 0.05, 'n': 79, 'shap_error': 0.003638530201706107, 'shap_norm_sq': 12.189123000898293}
{'sample_size': 790, 'difference': 0, 'noise': 0.1, 'n': 79, 'shap_error': 0.006708165144925918, 'shap_norm_sq': 12.189123000898293}
{'sample_size': 790, 'difference': 0, 'noise': 0.5, 'n': 79, 'shap_error': 0.03790769287180326, 'shap_norm_sq': 12.189123000898293}
{'sample_size': 790, 'difference': 0, 'noise': 1, 'n': 79, 'shap_error': 0.1575052972886924, 'shap_norm_sq': 12.189123000898293}
{'sample_size': 790, 'difference': 0, 'noise': 0.0005, 'n': 79, 'shap_error': 0.003824038093554043, 'shap_norm_sq': 22.170301629600175}
{'sample_size': 790, 'difference': 0, 'noise': 0.001, 'n': 79, 'shap_error': 0.0033388857699323364, 'shap_norm_sq': 22.170301629600175}
{'sample_size': 790, 'difference': 0, 'noise': 0.005, 'n': 79, 'shap_error': 0.004627626495594796, 'shap_norm_sq': 22.170301629600175}
{'sample_size': 790, 'difference': 0, 'noise': 0.01, 'n': 79, 'shap_error': 0.003428141163253482, 'shap_norm_sq': 22.170301629600175}
{'sample_size': 790, 'difference': 0, 'noise': 0.05, 'n': 79, 'shap_error': 0.004445806659336633, 'shap_norm_sq': 22.170301629600175}
{'sample_size': 790, 'difference': 0, 'noise': 0.1, 'n': 79, 'shap_error': 0.004017145655775024, 'shap_norm_sq': 22.170301629600175}
{'sample_size': 790, 'difference': 0, 'noise': 0.5, 'n': 79, 'shap_error': 0.020682435857051266, 'shap_norm_sq': 22.170301629600175}
{'sample_size': 790, 'difference': 0, 'noise': 1, 'n': 79, 'shap_error': 0.055209828355251185, 'shap_norm_sq': 22.170301629600175}
{'sample_size': 790, 'difference': 0, 'noise': 0.0005, 'n': 79, 'shap_error': 0.0010818212992105755, 'shap_norm_sq': 199.08895971729703}
{'sample_size': 790, 'difference': 0, 'noise': 0.001, 'n': 79, 'shap_error': 0.001318656635518336, 'shap_norm_sq': 199.08895971729703}
{'sample_size': 790, 'difference': 0, 'noise': 0.005, 'n': 79, 'shap_error': 0.0012457165222636156, 'shap_norm_sq': 199.08895971729703}
{'sample_size': 790, 'difference': 0, 'noise': 0.01, 'n': 79, 'shap_error': 0.001618589088176753, 'shap_norm_sq': 199.08895971729703}
{'sample_size': 790, 'difference': 0, 'noise': 0.05, 'n': 79, 'shap_error': 0.0012872572170579985, 'shap_norm_sq': 199.08895971729703}
{'sample_size': 790, 'difference': 0, 'noise': 0.1, 'n': 79, 'shap_error': 0.0010083510862769832, 'shap_norm_sq': 199.08895971729703}
{'sample_size': 790, 'difference': 0, 'noise': 0.5, 'n': 79, 'shap_error': 0.0033256384463659604, 'shap_norm_sq': 199.08895971729703}
{'sample_size': 790, 'difference': 0, 'noise': 1, 'n': 79, 'shap_error': 0.007155314534907342, 'shap_norm_sq': 199.08895971729703}
{'sample_size': 790, 'difference': 0, 'noise': 0.0005, 'n': 79, 'shap_error': 0.0037932199423264014, 'shap_norm_sq': 174.68228798882984}
{'sample_size': 790, 'difference': 0, 'noise': 0.001, 'n': 79, 'shap_error': 0.00580431459884883, 'shap_norm_sq': 174.68228798882984}
{'sample_size': 790, 'difference': 0, 'noise': 0.005, 'n': 79, 'shap_error': 0.004766930433203877, 'shap_norm_sq': 174.68228798882984}
{'sample_size': 790, 'difference': 0, 'noise': 0.01, 'n': 79, 'shap_error': 0.004710090274256243, 'shap_norm_sq': 174.68228798882984}
{'sample_size': 790, 'difference': 0, 'noise': 0.05, 'n': 79, 'shap_error': 0.004493672872490419, 'shap_norm_sq': 174.68228798882984}
{'sample_size': 790, 'difference': 0, 'noise': 0.1, 'n': 79, 'shap_error': 0.005582884635185778, 'shap_norm_sq': 174.68228798882984}
{'sample_size': 790, 'difference': 0, 'noise': 0.5, 'n': 79, 'shap_error': 0.007869633039426486, 'shap_norm_sq': 174.68228798882984}
{'sample_size': 790, 'difference': 0, 'noise': 1, 'n': 79, 'shap_error': 0.01668409205517408, 'shap_norm_sq': 174.68228798882984}
{'sample_size': 790, 'difference': 0, 'noise': 0.0005, 'n': 79, 'shap_error': 0.0008038430781886069, 'shap_norm_sq': 20.75537075771844}
{'sample_size': 790, 'difference': 0, 'noise': 0.001, 'n': 79, 'shap_error': 0.0015085512481030716, 'shap_norm_sq': 20.75537075771844}
{'sample_size': 790, 'difference': 0, 'noise': 0.005, 'n': 79, 'shap_error': 0.0009391578402246691, 'shap_norm_sq': 20.75537075771844}
{'sample_size': 790, 'difference': 0, 'noise': 0.01, 'n': 79, 'shap_error': 0.0009781101488314794, 'shap_norm_sq': 20.75537075771844}
{'sample_size': 790, 'difference': 0, 'noise': 0.05, 'n': 79, 'shap_error': 0.0014488961183663819, 'shap_norm_sq': 20.75537075771844}
{'sample_size': 790, 'difference': 0, 'noise': 0.1, 'n': 79, 'shap_error': 0.003708049071302546, 'shap_norm_sq': 20.75537075771844}
{'sample_size': 790, 'difference': 0, 'noise': 0.5, 'n': 79, 'shap_error': 0.05461425310746883, 'shap_norm_sq': 20.75537075771844}
{'sample_size': 790, 'difference': 0, 'noise': 1, 'n': 79, 'shap_error': 0.20752237837251705, 'shap_norm_sq': 20.75537075771844}
{'sample_size': 790, 'difference': 0, 'noise': 0.0005, 'n': 79, 'shap_error': 0.0006340070290981292, 'shap_norm_sq': 69.23714589372352}
{'sample_size': 790, 'difference': 0, 'noise': 0.001, 'n': 79, 'shap_error': 0.0009130642074355882, 'shap_norm_sq': 69.23714589372352}
{'sample_size': 790, 'difference': 0, 'noise': 0.005, 'n': 79, 'shap_error': 0.0009140642759788845, 'shap_norm_sq': 69.23714589372352}
{'sample_size': 790, 'difference': 0, 'noise': 0.01, 'n': 79, 'shap_error': 0.0009151174194762057, 'shap_norm_sq': 69.23714589372352}
{'sample_size': 790, 'difference': 0, 'noise': 0.05, 'n': 79, 'shap_error': 0.0012570181246119613, 'shap_norm_sq': 69.23714589372352}
{'sample_size': 790, 'difference': 0, 'noise': 0.1, 'n': 79, 'shap_error': 0.0013694555282472453, 'shap_norm_sq': 69.23714589372352}
{'sample_size': 790, 'difference': 0, 'noise': 0.5, 'n': 79, 'shap_error': 0.01018831488410284, 'shap_norm_sq': 69.23714589372352}
{'sample_size': 790, 'difference': 0, 'noise': 1, 'n': 79, 'shap_error': 0.02808031265406763, 'shap_norm_sq': 69.23714589372352}
{'sample_size': 790, 'difference': 0, 'noise': 0.0005, 'n': 79, 'shap_error': 0.00010233197126185827, 'shap_norm_sq': 20.065578469079746}
{'sample_size': 790, 'difference': 0, 'noise': 0.001, 'n': 79, 'shap_error': 8.164144488755158e-05, 'shap_norm_sq': 20.065578469079746}
{'sample_size': 790, 'difference': 0, 'noise': 0.005, 'n': 79, 'shap_error': 9.794973094076811e-05, 'shap_norm_sq': 20.065578469079746}
{'sample_size': 790, 'difference': 0, 'noise': 0.01, 'n': 79, 'shap_error': 0.0001111062102164538, 'shap_norm_sq': 20.065578469079746}
{'sample_size': 790, 'difference': 0, 'noise': 0.05, 'n': 79, 'shap_error': 0.0003036546047768568, 'shap_norm_sq': 20.065578469079746}
{'sample_size': 790, 'difference': 0, 'noise': 0.1, 'n': 79, 'shap_error': 0.0009109801567995949, 'shap_norm_sq': 20.065578469079746}
{'sample_size': 790, 'difference': 0, 'noise': 0.5, 'n': 79, 'shap_error': 0.029138044717380032, 'shap_norm_sq': 20.065578469079746}
{'sample_size': 790, 'difference': 0, 'noise': 1, 'n': 79, 'shap_error': 0.079174433468658, 'shap_norm_sq': 20.065578469079746}
{'sample_size': 790, 'difference': 0, 'noise': 0.0005, 'n': 79, 'shap_error': 0.0003051928984991922, 'shap_norm_sq': 252.03554771036144}
{'sample_size': 790, 'difference': 0, 'noise': 0.001, 'n': 79, 'shap_error': 0.00036967927645366626, 'shap_norm_sq': 252.03554771036144}
{'sample_size': 790, 'difference': 0, 'noise': 0.005, 'n': 79, 'shap_error': 0.00039607090809208216, 'shap_norm_sq': 252.03554771036144}
{'sample_size': 790, 'difference': 0, 'noise': 0.01, 'n': 79, 'shap_error': 0.0003112116052390125, 'shap_norm_sq': 252.03554771036144}
{'sample_size': 790, 'difference': 0, 'noise': 0.05, 'n': 79, 'shap_error': 0.00038408043900490374, 'shap_norm_sq': 252.03554771036144}
{'sample_size': 790, 'difference': 0, 'noise': 0.1, 'n': 79, 'shap_error': 0.00042319475372936126, 'shap_norm_sq': 252.03554771036144}
{'sample_size': 790, 'difference': 0, 'noise': 0.5, 'n': 79, 'shap_error': 0.001573822461889448, 'shap_norm_sq': 252.03554771036144}
{'sample_size': 790, 'difference': 0, 'noise': 1, 'n': 79, 'shap_error': 0.006201674205628402, 'shap_norm_sq': 252.03554771036144}
{'sample_size': 790, 'difference': 0, 'noise': 0.0005, 'n': 79, 'shap_error': 0.0015825688994337056, 'shap_norm_sq': 27.324186959961153}
{'sample_size': 790, 'difference': 0, 'noise': 0.001, 'n': 79, 'shap_error': 0.0017332605323294207, 'shap_norm_sq': 27.324186959961153}
{'sample_size': 790, 'difference': 0, 'noise': 0.005, 'n': 79, 'shap_error': 0.0017862749569953077, 'shap_norm_sq': 27.324186959961153}
{'sample_size': 790, 'difference': 0, 'noise': 0.01, 'n': 79, 'shap_error': 0.0016860436714956223, 'shap_norm_sq': 27.324186959961153}
{'sample_size': 790, 'difference': 0, 'noise': 0.05, 'n': 79, 'shap_error': 0.0011118894874635678, 'shap_norm_sq': 27.324186959961153}
{'sample_size': 790, 'difference': 0, 'noise': 0.1, 'n': 79, 'shap_error': 0.0014331094338219355, 'shap_norm_sq': 27.324186959961153}
{'sample_size': 790, 'difference': 0, 'noise': 0.5, 'n': 79, 'shap_error': 0.011477750303065751, 'shap_norm_sq': 27.324186959961153}
{'sample_size': 790, 'difference': 0, 'noise': 1, 'n': 79, 'shap_error': 0.04200337677055383, 'shap_norm_sq': 27.324186959961153}
{'sample_size': 790, 'difference': 0, 'noise': 0.0005, 'n': 79, 'shap_error': 0.003684244856652231, 'shap_norm_sq': 22.923048706888665}
{'sample_size': 790, 'difference': 0, 'noise': 0.001, 'n': 79, 'shap_error': 0.003987640200472691, 'shap_norm_sq': 22.923048706888665}
{'sample_size': 790, 'difference': 0, 'noise': 0.005, 'n': 79, 'shap_error': 0.0033330438989006353, 'shap_norm_sq': 22.923048706888665}
{'sample_size': 790, 'difference': 0, 'noise': 0.01, 'n': 79, 'shap_error': 0.0036977090513545226, 'shap_norm_sq': 22.923048706888665}
{'sample_size': 790, 'difference': 0, 'noise': 0.05, 'n': 79, 'shap_error': 0.0043189789550105275, 'shap_norm_sq': 22.923048706888665}
{'sample_size': 790, 'difference': 0, 'noise': 0.1, 'n': 79, 'shap_error': 0.004956458354513037, 'shap_norm_sq': 22.923048706888665}
{'sample_size': 790, 'difference': 0, 'noise': 0.5, 'n': 79, 'shap_error': 0.04452095961546745, 'shap_norm_sq': 22.923048706888665}
{'sample_size': 790, 'difference': 0, 'noise': 1, 'n': 79, 'shap_error': 0.16979306422296828, 'shap_norm_sq': 22.923048706888665}
{'sample_size': 790, 'difference': 0, 'noise': 0.0005, 'n': 79, 'shap_error': 0.004214421123323641, 'shap_norm_sq': 12.1547259683948}
{'sample_size': 790, 'difference': 0, 'noise': 0.001, 'n': 79, 'shap_error': 0.003958017384964125, 'shap_norm_sq': 12.1547259683948}
{'sample_size': 790, 'difference': 0, 'noise': 0.005, 'n': 79, 'shap_error': 0.004335109915832152, 'shap_norm_sq': 12.1547259683948}
{'sample_size': 790, 'difference': 0, 'noise': 0.01, 'n': 79, 'shap_error': 0.003115127136356655, 'shap_norm_sq': 12.1547259683948}
{'sample_size': 790, 'difference': 0, 'noise': 0.05, 'n': 79, 'shap_error': 0.007252352041454857, 'shap_norm_sq': 12.1547259683948}
{'sample_size': 790, 'difference': 0, 'noise': 0.1, 'n': 79, 'shap_error': 0.006728214526019234, 'shap_norm_sq': 12.1547259683948}
{'sample_size': 790, 'difference': 0, 'noise': 0.5, 'n': 79, 'shap_error': 0.02702206135216468, 'shap_norm_sq': 12.1547259683948}
{'sample_size': 790, 'difference': 0, 'noise': 1, 'n': 79, 'shap_error': 0.06583602020916232, 'shap_norm_sq': 12.1547259683948}
{'sample_size': 790, 'difference': 0, 'noise': 0.0005, 'n': 79, 'shap_error': 0.0008701325540626112, 'shap_norm_sq': 14.431283840350238}
{'sample_size': 790, 'difference': 0, 'noise': 0.001, 'n': 79, 'shap_error': 0.0008732922293578369, 'shap_norm_sq': 14.431283840350238}
{'sample_size': 790, 'difference': 0, 'noise': 0.005, 'n': 79, 'shap_error': 0.000976002939006935, 'shap_norm_sq': 14.431283840350238}
{'sample_size': 790, 'difference': 0, 'noise': 0.01, 'n': 79, 'shap_error': 0.0009596062041241565, 'shap_norm_sq': 14.431283840350238}
{'sample_size': 790, 'difference': 0, 'noise': 0.05, 'n': 79, 'shap_error': 0.000945584049302221, 'shap_norm_sq': 14.431283840350238}
{'sample_size': 790, 'difference': 0, 'noise': 0.1, 'n': 79, 'shap_error': 0.0013233891041928765, 'shap_norm_sq': 14.431283840350238}
{'sample_size': 790, 'difference': 0, 'noise': 0.5, 'n': 79, 'shap_error': 0.022608024473194696, 'shap_norm_sq': 14.431283840350238}
{'sample_size': 790, 'difference': 0, 'noise': 1, 'n': 79, 'shap_error': 0.15067722944277617, 'shap_norm_sq': 14.431283840350238}
{'sample_size': 790, 'difference': 0, 'noise': 0.0005, 'n': 79, 'shap_error': 0.0010092890031361808, 'shap_norm_sq': 310.11213783401325}
{'sample_size': 790, 'difference': 0, 'noise': 0.001, 'n': 79, 'shap_error': 0.001062829778496254, 'shap_norm_sq': 310.11213783401325}
{'sample_size': 790, 'difference': 0, 'noise': 0.005, 'n': 79, 'shap_error': 0.0008988500331555705, 'shap_norm_sq': 310.11213783401325}
{'sample_size': 790, 'difference': 0, 'noise': 0.01, 'n': 79, 'shap_error': 0.0012926851584077266, 'shap_norm_sq': 310.11213783401325}
{'sample_size': 790, 'difference': 0, 'noise': 0.05, 'n': 79, 'shap_error': 0.0012999343012135506, 'shap_norm_sq': 310.11213783401325}
{'sample_size': 790, 'difference': 0, 'noise': 0.1, 'n': 79, 'shap_error': 0.0010407507315322603, 'shap_norm_sq': 310.11213783401325}
{'sample_size': 790, 'difference': 0, 'noise': 0.5, 'n': 79, 'shap_error': 0.001550884323179371, 'shap_norm_sq': 310.11213783401325}
{'sample_size': 790, 'difference': 0, 'noise': 1, 'n': 79, 'shap_error': 0.0045749018248891805, 'shap_norm_sq': 310.11213783401325}
{'sample_size': 790, 'difference': 0, 'noise': 0.0005, 'n': 79, 'shap_error': 3.433176720299454e-05, 'shap_norm_sq': 31.88287350491898}
{'sample_size': 790, 'difference': 0, 'noise': 0.001, 'n': 79, 'shap_error': 5.03823845888237e-05, 'shap_norm_sq': 31.88287350491898}
{'sample_size': 790, 'difference': 0, 'noise': 0.005, 'n': 79, 'shap_error': 4.7531205528998086e-05, 'shap_norm_sq': 31.88287350491898}
{'sample_size': 790, 'difference': 0, 'noise': 0.01, 'n': 79, 'shap_error': 4.4878687493026815e-05, 'shap_norm_sq': 31.88287350491898}
{'sample_size': 790, 'difference': 0, 'noise': 0.05, 'n': 79, 'shap_error': 0.00011718061622121312, 'shap_norm_sq': 31.88287350491898}
{'sample_size': 790, 'difference': 0, 'noise': 0.1, 'n': 79, 'shap_error': 0.00043144951181334066, 'shap_norm_sq': 31.88287350491898}
{'sample_size': 790, 'difference': 0, 'noise': 0.5, 'n': 79, 'shap_error': 0.009013177048680576, 'shap_norm_sq': 31.88287350491898}
{'sample_size': 790, 'difference': 0, 'noise': 1, 'n': 79, 'shap_error': 0.037249116316303545, 'shap_norm_sq': 31.88287350491898}
{'sample_size': 790, 'difference': 0, 'noise': 0.0005, 'n': 79, 'shap_error': 0.0006654044872246433, 'shap_norm_sq': 14.79931982241082}
{'sample_size': 790, 'difference': 0, 'noise': 0.001, 'n': 79, 'shap_error': 0.0005386304196213419, 'shap_norm_sq': 14.79931982241082}
{'sample_size': 790, 'difference': 0, 'noise': 0.005, 'n': 79, 'shap_error': 0.0006235003994762102, 'shap_norm_sq': 14.79931982241082}
{'sample_size': 790, 'difference': 0, 'noise': 0.01, 'n': 79, 'shap_error': 0.0005485394223431324, 'shap_norm_sq': 14.79931982241082}
{'sample_size': 790, 'difference': 0, 'noise': 0.05, 'n': 79, 'shap_error': 0.0011693340806008161, 'shap_norm_sq': 14.79931982241082}
{'sample_size': 790, 'difference': 0, 'noise': 0.1, 'n': 79, 'shap_error': 0.0018592473671324623, 'shap_norm_sq': 14.79931982241082}
{'sample_size': 790, 'difference': 0, 'noise': 0.5, 'n': 79, 'shap_error': 0.02825209636141105, 'shap_norm_sq': 14.79931982241082}
{'sample_size': 790, 'difference': 0, 'noise': 1, 'n': 79, 'shap_error': 0.10678714633362227, 'shap_norm_sq': 14.79931982241082}
{'sample_size': 790, 'difference': 0, 'noise': 0.0005, 'n': 79, 'shap_error': 1.849770001725145e-09, 'shap_norm_sq': 191.42936031395982}
{'sample_size': 790, 'difference': 0, 'noise': 0.001, 'n': 79, 'shap_error': 5.862803746814781e-09, 'shap_norm_sq': 191.42936031395982}
{'sample_size': 790, 'difference': 0, 'noise': 0.005, 'n': 79, 'shap_error': 1.1820624283880394e-07, 'shap_norm_sq': 191.42936031395982}
{'sample_size': 790, 'difference': 0, 'noise': 0.01, 'n': 79, 'shap_error': 5.843581076795448e-07, 'shap_norm_sq': 191.42936031395982}
{'sample_size': 790, 'difference': 0, 'noise': 0.05, 'n': 79, 'shap_error': 1.3322817229289737e-05, 'shap_norm_sq': 191.42936031395982}
{'sample_size': 790, 'difference': 0, 'noise': 0.1, 'n': 79, 'shap_error': 4.7943672721057e-05, 'shap_norm_sq': 191.42936031395982}
{'sample_size': 790, 'difference': 0, 'noise': 0.5, 'n': 79, 'shap_error': 0.0009895992177090622, 'shap_norm_sq': 191.42936031395982}
{'sample_size': 790, 'difference': 0, 'noise': 1, 'n': 79, 'shap_error': 0.006624048349149669, 'shap_norm_sq': 191.42936031395982}
{'sample_size': 790, 'difference': 0, 'noise': 0.0005, 'n': 79, 'shap_error': 0.029198160214160582, 'shap_norm_sq': 32.161172519186906}
{'sample_size': 790, 'difference': 0, 'noise': 0.001, 'n': 79, 'shap_error': 0.03464633185285613, 'shap_norm_sq': 32.161172519186906}
{'sample_size': 790, 'difference': 0, 'noise': 0.005, 'n': 79, 'shap_error': 0.02142200384750693, 'shap_norm_sq': 32.161172519186906}
{'sample_size': 790, 'difference': 0, 'noise': 0.01, 'n': 79, 'shap_error': 0.02248241041266618, 'shap_norm_sq': 32.161172519186906}
{'sample_size': 790, 'difference': 0, 'noise': 0.05, 'n': 79, 'shap_error': 0.0303449753496354, 'shap_norm_sq': 32.161172519186906}
{'sample_size': 790, 'difference': 0, 'noise': 0.1, 'n': 79, 'shap_error': 0.035565287836188085, 'shap_norm_sq': 32.161172519186906}
{'sample_size': 790, 'difference': 0, 'noise': 0.5, 'n': 79, 'shap_error': 0.03339792877904752, 'shap_norm_sq': 32.161172519186906}
{'sample_size': 790, 'difference': 0, 'noise': 1, 'n': 79, 'shap_error': 0.06468803882755687, 'shap_norm_sq': 32.161172519186906}
{'sample_size': 790, 'difference': 0, 'noise': 0.0005, 'n': 79, 'shap_error': 8.566775564733064e-05, 'shap_norm_sq': 364.50655549433264}
{'sample_size': 790, 'difference': 0, 'noise': 0.001, 'n': 79, 'shap_error': 8.814193102070909e-05, 'shap_norm_sq': 364.50655549433264}
{'sample_size': 790, 'difference': 0, 'noise': 0.005, 'n': 79, 'shap_error': 7.498715767731651e-05, 'shap_norm_sq': 364.50655549433264}
{'sample_size': 790, 'difference': 0, 'noise': 0.01, 'n': 79, 'shap_error': 0.00010376077114133842, 'shap_norm_sq': 364.50655549433264}
{'sample_size': 790, 'difference': 0, 'noise': 0.05, 'n': 79, 'shap_error': 7.645131266248546e-05, 'shap_norm_sq': 364.50655549433264}
{'sample_size': 790, 'difference': 0, 'noise': 0.1, 'n': 79, 'shap_error': 9.72791284043875e-05, 'shap_norm_sq': 364.50655549433264}
{'sample_size': 790, 'difference': 0, 'noise': 0.5, 'n': 79, 'shap_error': 0.001317562015902591, 'shap_norm_sq': 364.50655549433264}
{'sample_size': 790, 'difference': 0, 'noise': 1, 'n': 79, 'shap_error': 0.004106477571729725, 'shap_norm_sq': 364.50655549433264}
{'sample_size': 790, 'difference': 0, 'noise': 0.0005, 'n': 79, 'shap_error': 1.33716768796054e-08, 'shap_norm_sq': 19.78695774701015}
{'sample_size': 790, 'difference': 0, 'noise': 0.001, 'n': 79, 'shap_error': 5.825962455673914e-08, 'shap_norm_sq': 19.78695774701015}
{'sample_size': 790, 'difference': 0, 'noise': 0.005, 'n': 79, 'shap_error': 1.7274478051686018e-06, 'shap_norm_sq': 19.78695774701015}
{'sample_size': 790, 'difference': 0, 'noise': 0.01, 'n': 79, 'shap_error': 5.648501532169924e-06, 'shap_norm_sq': 19.78695774701015}
{'sample_size': 790, 'difference': 0, 'noise': 0.05, 'n': 79, 'shap_error': 0.0002091918441868519, 'shap_norm_sq': 19.78695774701015}
{'sample_size': 790, 'difference': 0, 'noise': 0.1, 'n': 79, 'shap_error': 0.0005850070311178435, 'shap_norm_sq': 19.78695774701015}
{'sample_size': 790, 'difference': 0, 'noise': 0.5, 'n': 79, 'shap_error': 0.014087315244178234, 'shap_norm_sq': 19.78695774701015}
{'sample_size': 790, 'difference': 0, 'noise': 1, 'n': 79, 'shap_error': 0.05521805439498815, 'shap_norm_sq': 19.78695774701015}
{'sample_size': 790, 'difference': 0, 'noise': 0.0005, 'n': 79, 'shap_error': 0.004043240721286419, 'shap_norm_sq': 39.9763345742574}
{'sample_size': 790, 'difference': 0, 'noise': 0.001, 'n': 79, 'shap_error': 0.003450931086211579, 'shap_norm_sq': 39.9763345742574}
{'sample_size': 790, 'difference': 0, 'noise': 0.005, 'n': 79, 'shap_error': 0.0036054166650042836, 'shap_norm_sq': 39.9763345742574}
{'sample_size': 790, 'difference': 0, 'noise': 0.01, 'n': 79, 'shap_error': 0.002868777406343806, 'shap_norm_sq': 39.9763345742574}
{'sample_size': 790, 'difference': 0, 'noise': 0.05, 'n': 79, 'shap_error': 0.004047190673349428, 'shap_norm_sq': 39.9763345742574}
{'sample_size': 790, 'difference': 0, 'noise': 0.1, 'n': 79, 'shap_error': 0.0037086707179102255, 'shap_norm_sq': 39.9763345742574}
{'sample_size': 790, 'difference': 0, 'noise': 0.5, 'n': 79, 'shap_error': 0.013636908547997472, 'shap_norm_sq': 39.9763345742574}
{'sample_size': 790, 'difference': 0, 'noise': 1, 'n': 79, 'shap_error': 0.043479568674346686, 'shap_norm_sq': 39.9763345742574}
{'sample_size': 790, 'difference': 0, 'noise': 0.0005, 'n': 79, 'shap_error': 2.3102915718638133e-08, 'shap_norm_sq': 13.749620130939958}
{'sample_size': 790, 'difference': 0, 'noise': 0.001, 'n': 79, 'shap_error': 9.77210931164606e-08, 'shap_norm_sq': 13.749620130939958}
{'sample_size': 790, 'difference': 0, 'noise': 0.005, 'n': 79, 'shap_error': 1.935131953849992e-06, 'shap_norm_sq': 13.749620130939958}
{'sample_size': 790, 'difference': 0, 'noise': 0.01, 'n': 79, 'shap_error': 1.0951453179613311e-05, 'shap_norm_sq': 13.749620130939958}
{'sample_size': 790, 'difference': 0, 'noise': 0.05, 'n': 79, 'shap_error': 0.00022548703603117651, 'shap_norm_sq': 13.749620130939958}
{'sample_size': 790, 'difference': 0, 'noise': 0.1, 'n': 79, 'shap_error': 0.0010604374221028132, 'shap_norm_sq': 13.749620130939958}
{'sample_size': 790, 'difference': 0, 'noise': 0.5, 'n': 79, 'shap_error': 0.027457253973982545, 'shap_norm_sq': 13.749620130939958}
{'sample_size': 790, 'difference': 0, 'noise': 1, 'n': 79, 'shap_error': 0.11063837464036225, 'shap_norm_sq': 13.749620130939958}
{'sample_size': 790, 'difference': 0, 'noise': 0.0005, 'n': 79, 'shap_error': 0.01480618925056193, 'shap_norm_sq': 46.1341068946306}
{'sample_size': 790, 'difference': 0, 'noise': 0.001, 'n': 79, 'shap_error': 0.01627191633721176, 'shap_norm_sq': 46.1341068946306}
{'sample_size': 790, 'difference': 0, 'noise': 0.005, 'n': 79, 'shap_error': 0.014015479753301077, 'shap_norm_sq': 46.1341068946306}
{'sample_size': 790, 'difference': 0, 'noise': 0.01, 'n': 79, 'shap_error': 0.013747572977097031, 'shap_norm_sq': 46.1341068946306}
{'sample_size': 790, 'difference': 0, 'noise': 0.05, 'n': 79, 'shap_error': 0.013433663418033641, 'shap_norm_sq': 46.1341068946306}
{'sample_size': 790, 'difference': 0, 'noise': 0.1, 'n': 79, 'shap_error': 0.022208713181246884, 'shap_norm_sq': 46.1341068946306}
{'sample_size': 790, 'difference': 0, 'noise': 0.5, 'n': 79, 'shap_error': 0.0191548172651447, 'shap_norm_sq': 46.1341068946306}
{'sample_size': 790, 'difference': 0, 'noise': 1, 'n': 79, 'shap_error': 0.07023471879669646, 'shap_norm_sq': 46.1341068946306}
{'sample_size': 790, 'difference': 0, 'noise': 0.0005, 'n': 79, 'shap_error': 0.001001038906361924, 'shap_norm_sq': 11.916612963746886}
{'sample_size': 790, 'difference': 0, 'noise': 0.001, 'n': 79, 'shap_error': 0.0010373427484450962, 'shap_norm_sq': 11.916612963746886}
{'sample_size': 790, 'difference': 0, 'noise': 0.005, 'n': 79, 'shap_error': 0.0012520594915493744, 'shap_norm_sq': 11.916612963746886}
{'sample_size': 790, 'difference': 0, 'noise': 0.01, 'n': 79, 'shap_error': 0.0011926997259328162, 'shap_norm_sq': 11.916612963746886}
{'sample_size': 790, 'difference': 0, 'noise': 0.05, 'n': 79, 'shap_error': 0.0010561591351304072, 'shap_norm_sq': 11.916612963746886}
{'sample_size': 790, 'difference': 0, 'noise': 0.1, 'n': 79, 'shap_error': 0.0020439449196806817, 'shap_norm_sq': 11.916612963746886}
{'sample_size': 790, 'difference': 0, 'noise': 0.5, 'n': 79, 'shap_error': 0.0237972836659466, 'shap_norm_sq': 11.916612963746886}
{'sample_size': 790, 'difference': 0, 'noise': 1, 'n': 79, 'shap_error': 0.09791797514204131, 'shap_norm_sq': 11.916612963746886}
{'sample_size': 790, 'difference': 0, 'noise': 0.0005, 'n': 79, 'shap_error': 0.008236932716158886, 'shap_norm_sq': 205.912081472179}
{'sample_size': 790, 'difference': 0, 'noise': 0.001, 'n': 79, 'shap_error': 0.011394656190953928, 'shap_norm_sq': 205.912081472179}
{'sample_size': 790, 'difference': 0, 'noise': 0.005, 'n': 79, 'shap_error': 0.008331522092242796, 'shap_norm_sq': 205.912081472179}
{'sample_size': 790, 'difference': 0, 'noise': 0.01, 'n': 79, 'shap_error': 0.010381763190874672, 'shap_norm_sq': 205.912081472179}
{'sample_size': 790, 'difference': 0, 'noise': 0.05, 'n': 79, 'shap_error': 0.008776466134453658, 'shap_norm_sq': 205.912081472179}
{'sample_size': 790, 'difference': 0, 'noise': 0.1, 'n': 79, 'shap_error': 0.013727577928954212, 'shap_norm_sq': 205.912081472179}
{'sample_size': 790, 'difference': 0, 'noise': 0.5, 'n': 79, 'shap_error': 0.011636279699816504, 'shap_norm_sq': 205.912081472179}
{'sample_size': 790, 'difference': 0, 'noise': 1, 'n': 79, 'shap_error': 0.01799697465438312, 'shap_norm_sq': 205.912081472179}
{'sample_size': 790, 'difference': 0, 'noise': 0.0005, 'n': 79, 'shap_error': 0.003072525610549686, 'shap_norm_sq': 18.03039976093688}
{'sample_size': 790, 'difference': 0, 'noise': 0.001, 'n': 79, 'shap_error': 0.0031634770119259945, 'shap_norm_sq': 18.03039976093688}
{'sample_size': 790, 'difference': 0, 'noise': 0.005, 'n': 79, 'shap_error': 0.002595977479101564, 'shap_norm_sq': 18.03039976093688}
{'sample_size': 790, 'difference': 0, 'noise': 0.01, 'n': 79, 'shap_error': 0.0027091069552733806, 'shap_norm_sq': 18.03039976093688}
{'sample_size': 790, 'difference': 0, 'noise': 0.05, 'n': 79, 'shap_error': 0.0029884037079852465, 'shap_norm_sq': 18.03039976093688}
{'sample_size': 790, 'difference': 0, 'noise': 0.1, 'n': 79, 'shap_error': 0.004225367143690684, 'shap_norm_sq': 18.03039976093688}
{'sample_size': 790, 'difference': 0, 'noise': 0.5, 'n': 79, 'shap_error': 0.020133697739869633, 'shap_norm_sq': 18.03039976093688}
{'sample_size': 790, 'difference': 0, 'noise': 1, 'n': 79, 'shap_error': 0.06942545030930396, 'shap_norm_sq': 18.03039976093688}
{'sample_size': 790, 'difference': 0, 'noise': 0.0005, 'n': 79, 'shap_error': 6.222495262411073e-05, 'shap_norm_sq': 100.79667056208018}
{'sample_size': 790, 'difference': 0, 'noise': 0.001, 'n': 79, 'shap_error': 5.157385592993222e-05, 'shap_norm_sq': 100.79667056208018}
{'sample_size': 790, 'difference': 0, 'noise': 0.005, 'n': 79, 'shap_error': 6.53683020010046e-05, 'shap_norm_sq': 100.79667056208018}
{'sample_size': 790, 'difference': 0, 'noise': 0.01, 'n': 79, 'shap_error': 5.677463465462921e-05, 'shap_norm_sq': 100.79667056208018}
{'sample_size': 790, 'difference': 0, 'noise': 0.05, 'n': 79, 'shap_error': 9.163815869997991e-05, 'shap_norm_sq': 100.79667056208018}
{'sample_size': 790, 'difference': 0, 'noise': 0.1, 'n': 79, 'shap_error': 0.0002475428473319966, 'shap_norm_sq': 100.79667056208018}
{'sample_size': 790, 'difference': 0, 'noise': 0.5, 'n': 79, 'shap_error': 0.004066031061510078, 'shap_norm_sq': 100.79667056208018}
{'sample_size': 790, 'difference': 0, 'noise': 1, 'n': 79, 'shap_error': 0.019593069022054002, 'shap_norm_sq': 100.79667056208018}
{'sample_size': 790, 'difference': 0, 'noise': 0.0005, 'n': 79, 'shap_error': 0.001524813480565982, 'shap_norm_sq': 15.02517144565445}
{'sample_size': 790, 'difference': 0, 'noise': 0.001, 'n': 79, 'shap_error': 0.001096521921226066, 'shap_norm_sq': 15.02517144565445}
{'sample_size': 790, 'difference': 0, 'noise': 0.005, 'n': 79, 'shap_error': 0.0014978026929753888, 'shap_norm_sq': 15.02517144565445}
{'sample_size': 790, 'difference': 0, 'noise': 0.01, 'n': 79, 'shap_error': 0.0018149637456961834, 'shap_norm_sq': 15.02517144565445}
{'sample_size': 790, 'difference': 0, 'noise': 0.05, 'n': 79, 'shap_error': 0.0013698971627613436, 'shap_norm_sq': 15.02517144565445}
{'sample_size': 790, 'difference': 0, 'noise': 0.1, 'n': 79, 'shap_error': 0.0023180977274474012, 'shap_norm_sq': 15.02517144565445}
{'sample_size': 790, 'difference': 0, 'noise': 0.5, 'n': 79, 'shap_error': 0.022791909894401163, 'shap_norm_sq': 15.02517144565445}
{'sample_size': 790, 'difference': 0, 'noise': 1, 'n': 79, 'shap_error': 0.10935920210614754, 'shap_norm_sq': 15.02517144565445}
{'sample_size': 790, 'difference': 0, 'noise': 0.0005, 'n': 79, 'shap_error': 0.0021214943101135367, 'shap_norm_sq': 24.28614933835972}
{'sample_size': 790, 'difference': 0, 'noise': 0.001, 'n': 79, 'shap_error': 0.0019472096165944952, 'shap_norm_sq': 24.28614933835972}
{'sample_size': 790, 'difference': 0, 'noise': 0.005, 'n': 79, 'shap_error': 0.0017960527350137558, 'shap_norm_sq': 24.28614933835972}
{'sample_size': 790, 'difference': 0, 'noise': 0.01, 'n': 79, 'shap_error': 0.0026932719058555582, 'shap_norm_sq': 24.28614933835972}
{'sample_size': 790, 'difference': 0, 'noise': 0.05, 'n': 79, 'shap_error': 0.0026761530615046097, 'shap_norm_sq': 24.28614933835972}
{'sample_size': 790, 'difference': 0, 'noise': 0.1, 'n': 79, 'shap_error': 0.0034699267920753965, 'shap_norm_sq': 24.28614933835972}
{'sample_size': 790, 'difference': 0, 'noise': 0.5, 'n': 79, 'shap_error': 0.013309657473258478, 'shap_norm_sq': 24.28614933835972}
{'sample_size': 790, 'difference': 0, 'noise': 1, 'n': 79, 'shap_error': 0.04603324160990144, 'shap_norm_sq': 24.28614933835972}
{'sample_size': 790, 'difference': 0, 'noise': 0.0005, 'n': 79, 'shap_error': 0.0033974472120398952, 'shap_norm_sq': 254.6475454616909}
{'sample_size': 790, 'difference': 0, 'noise': 0.001, 'n': 79, 'shap_error': 0.003261311055479491, 'shap_norm_sq': 254.6475454616909}
{'sample_size': 790, 'difference': 0, 'noise': 0.005, 'n': 79, 'shap_error': 0.0032965844919639995, 'shap_norm_sq': 254.6475454616909}
{'sample_size': 790, 'difference': 0, 'noise': 0.01, 'n': 79, 'shap_error': 0.004455838187200928, 'shap_norm_sq': 254.6475454616909}
{'sample_size': 790, 'difference': 0, 'noise': 0.05, 'n': 79, 'shap_error': 0.0035040249412748763, 'shap_norm_sq': 254.6475454616909}
{'sample_size': 790, 'difference': 0, 'noise': 0.1, 'n': 79, 'shap_error': 0.0033075419557123398, 'shap_norm_sq': 254.6475454616909}
{'sample_size': 790, 'difference': 0, 'noise': 0.5, 'n': 79, 'shap_error': 0.0048727313373536415, 'shap_norm_sq': 254.6475454616909}
{'sample_size': 790, 'difference': 0, 'noise': 1, 'n': 79, 'shap_error': 0.013039069287230632, 'shap_norm_sq': 254.6475454616909}
{'sample_size': 790, 'difference': 0, 'noise': 0.0005, 'n': 79, 'shap_error': 4.577663187876665e-09, 'shap_norm_sq': 116.99436288234631}
{'sample_size': 790, 'difference': 0, 'noise': 0.001, 'n': 79, 'shap_error': 1.4920098557531104e-08, 'shap_norm_sq': 116.99436288234631}
{'sample_size': 790, 'difference': 0, 'noise': 0.005, 'n': 79, 'shap_error': 4.934003852117956e-07, 'shap_norm_sq': 116.99436288234631}
{'sample_size': 790, 'difference': 0, 'noise': 0.01, 'n': 79, 'shap_error': 1.8525192799649448e-06, 'shap_norm_sq': 116.99436288234631}
{'sample_size': 790, 'difference': 0, 'noise': 0.05, 'n': 79, 'shap_error': 5.532739854162032e-05, 'shap_norm_sq': 116.99436288234631}
{'sample_size': 790, 'difference': 0, 'noise': 0.1, 'n': 79, 'shap_error': 0.00011615365465303286, 'shap_norm_sq': 116.99436288234631}
{'sample_size': 790, 'difference': 0, 'noise': 0.5, 'n': 79, 'shap_error': 0.00313903747927763, 'shap_norm_sq': 116.99436288234631}
{'sample_size': 790, 'difference': 0, 'noise': 1, 'n': 79, 'shap_error': 0.02173908147387898, 'shap_norm_sq': 116.99436288234631}
{'sample_size': 790, 'difference': 0, 'noise': 0.0005, 'n': 79, 'shap_error': 0.0031785780603508554, 'shap_norm_sq': 102.31099036377495}
{'sample_size': 790, 'difference': 0, 'noise': 0.001, 'n': 79, 'shap_error': 0.0016962884760152884, 'shap_norm_sq': 102.31099036377495}
{'sample_size': 790, 'difference': 0, 'noise': 0.005, 'n': 79, 'shap_error': 0.002340401021298009, 'shap_norm_sq': 102.31099036377495}
{'sample_size': 790, 'difference': 0, 'noise': 0.01, 'n': 79, 'shap_error': 0.002480099060582036, 'shap_norm_sq': 102.31099036377495}
{'sample_size': 790, 'difference': 0, 'noise': 0.05, 'n': 79, 'shap_error': 0.0029456585916108474, 'shap_norm_sq': 102.31099036377495}
{'sample_size': 790, 'difference': 0, 'noise': 0.1, 'n': 79, 'shap_error': 0.0034780049665102146, 'shap_norm_sq': 102.31099036377495}
{'sample_size': 790, 'difference': 0, 'noise': 0.5, 'n': 79, 'shap_error': 0.019208928277899343, 'shap_norm_sq': 102.31099036377495}
{'sample_size': 790, 'difference': 0, 'noise': 1, 'n': 79, 'shap_error': 0.050915166918318086, 'shap_norm_sq': 102.31099036377495}
{'sample_size': 790, 'difference': 0, 'noise': 0.0005, 'n': 79, 'shap_error': 0.0016223796397764466, 'shap_norm_sq': 173.41918450871572}
{'sample_size': 790, 'difference': 0, 'noise': 0.001, 'n': 79, 'shap_error': 0.0018541740255704226, 'shap_norm_sq': 173.41918450871572}
{'sample_size': 790, 'difference': 0, 'noise': 0.005, 'n': 79, 'shap_error': 0.001640420999783479, 'shap_norm_sq': 173.41918450871572}
{'sample_size': 790, 'difference': 0, 'noise': 0.01, 'n': 79, 'shap_error': 0.0020359436428858567, 'shap_norm_sq': 173.41918450871572}
{'sample_size': 790, 'difference': 0, 'noise': 0.05, 'n': 79, 'shap_error': 0.0015435169396929166, 'shap_norm_sq': 173.41918450871572}
{'sample_size': 790, 'difference': 0, 'noise': 0.1, 'n': 79, 'shap_error': 0.0015994435660199664, 'shap_norm_sq': 173.41918450871572}
{'sample_size': 790, 'difference': 0, 'noise': 0.5, 'n': 79, 'shap_error': 0.003092004046731721, 'shap_norm_sq': 173.41918450871572}
{'sample_size': 790, 'difference': 0, 'noise': 1, 'n': 79, 'shap_error': 0.0071281558268779565, 'shap_norm_sq': 173.41918450871572}
{'sample_size': 790, 'difference': 0, 'noise': 0.0005, 'n': 79, 'shap_error': 0.003698150146297797, 'shap_norm_sq': 35.615413207299255}
{'sample_size': 790, 'difference': 0, 'noise': 0.001, 'n': 79, 'shap_error': 0.004026400232308037, 'shap_norm_sq': 35.615413207299255}
{'sample_size': 790, 'difference': 0, 'noise': 0.005, 'n': 79, 'shap_error': 0.004155647648119142, 'shap_norm_sq': 35.615413207299255}
{'sample_size': 790, 'difference': 0, 'noise': 0.01, 'n': 79, 'shap_error': 0.004342145793602945, 'shap_norm_sq': 35.615413207299255}
{'sample_size': 790, 'difference': 0, 'noise': 0.05, 'n': 79, 'shap_error': 0.003285094011467031, 'shap_norm_sq': 35.615413207299255}
{'sample_size': 790, 'difference': 0, 'noise': 0.1, 'n': 79, 'shap_error': 0.0029819903348820027, 'shap_norm_sq': 35.615413207299255}
{'sample_size': 790, 'difference': 0, 'noise': 0.5, 'n': 79, 'shap_error': 0.010807671858820589, 'shap_norm_sq': 35.615413207299255}
{'sample_size': 790, 'difference': 0, 'noise': 1, 'n': 79, 'shap_error': 0.029304531120211613, 'shap_norm_sq': 35.615413207299255}
{'sample_size': 790, 'difference': 0, 'noise': 0.0005, 'n': 79, 'shap_error': 0.00035464134216292543, 'shap_norm_sq': 13.80155801936073}
{'sample_size': 790, 'difference': 0, 'noise': 0.001, 'n': 79, 'shap_error': 0.0002603153113258587, 'shap_norm_sq': 13.80155801936073}
{'sample_size': 790, 'difference': 0, 'noise': 0.005, 'n': 79, 'shap_error': 0.0003621531893550696, 'shap_norm_sq': 13.80155801936073}
{'sample_size': 790, 'difference': 0, 'noise': 0.01, 'n': 79, 'shap_error': 0.0003044095873768472, 'shap_norm_sq': 13.80155801936073}
{'sample_size': 790, 'difference': 0, 'noise': 0.05, 'n': 79, 'shap_error': 0.0007336381971575095, 'shap_norm_sq': 13.80155801936073}
{'sample_size': 790, 'difference': 0, 'noise': 0.1, 'n': 79, 'shap_error': 0.0014703708150109126, 'shap_norm_sq': 13.80155801936073}
{'sample_size': 790, 'difference': 0, 'noise': 0.5, 'n': 79, 'shap_error': 0.02538135751068588, 'shap_norm_sq': 13.80155801936073}
{'sample_size': 790, 'difference': 0, 'noise': 1, 'n': 79, 'shap_error': 0.1051211073117602, 'shap_norm_sq': 13.80155801936073}
{'sample_size': 790, 'difference': 0, 'noise': 0.0005, 'n': 79, 'shap_error': 0.006291977038657032, 'shap_norm_sq': 42.40902911153137}
{'sample_size': 790, 'difference': 0, 'noise': 0.001, 'n': 79, 'shap_error': 0.00883034564815401, 'shap_norm_sq': 42.40902911153137}
{'sample_size': 790, 'difference': 0, 'noise': 0.005, 'n': 79, 'shap_error': 0.009871370255635718, 'shap_norm_sq': 42.40902911153137}
{'sample_size': 790, 'difference': 0, 'noise': 0.01, 'n': 79, 'shap_error': 0.007531351630383138, 'shap_norm_sq': 42.40902911153137}
{'sample_size': 790, 'difference': 0, 'noise': 0.05, 'n': 79, 'shap_error': 0.0073269167908983565, 'shap_norm_sq': 42.40902911153137}
{'sample_size': 790, 'difference': 0, 'noise': 0.1, 'n': 79, 'shap_error': 0.01106763578224932, 'shap_norm_sq': 42.40902911153137}
{'sample_size': 790, 'difference': 0, 'noise': 0.5, 'n': 79, 'shap_error': 0.019028838973111816, 'shap_norm_sq': 42.40902911153137}
{'sample_size': 790, 'difference': 0, 'noise': 1, 'n': 79, 'shap_error': 0.04577230844587888, 'shap_norm_sq': 42.40902911153137}
{'sample_size': 790, 'difference': 0, 'noise': 0.0005, 'n': 79, 'shap_error': 0.00043914867982843274, 'shap_norm_sq': 32.827355668365776}
{'sample_size': 790, 'difference': 0, 'noise': 0.001, 'n': 79, 'shap_error': 0.0004133148791436828, 'shap_norm_sq': 32.827355668365776}
{'sample_size': 790, 'difference': 0, 'noise': 0.005, 'n': 79, 'shap_error': 0.00028863802484529425, 'shap_norm_sq': 32.827355668365776}
{'sample_size': 790, 'difference': 0, 'noise': 0.01, 'n': 79, 'shap_error': 0.00045515956817228435, 'shap_norm_sq': 32.827355668365776}
{'sample_size': 790, 'difference': 0, 'noise': 0.05, 'n': 79, 'shap_error': 0.0004885124435786138, 'shap_norm_sq': 32.827355668365776}
{'sample_size': 790, 'difference': 0, 'noise': 0.1, 'n': 79, 'shap_error': 0.0012111369971744739, 'shap_norm_sq': 32.827355668365776}
{'sample_size': 790, 'difference': 0, 'noise': 0.5, 'n': 79, 'shap_error': 0.029122871259539735, 'shap_norm_sq': 32.827355668365776}
{'sample_size': 790, 'difference': 0, 'noise': 1, 'n': 79, 'shap_error': 0.13846520037417964, 'shap_norm_sq': 32.827355668365776}
{'sample_size': 790, 'difference': 0, 'noise': 0.0005, 'n': 79, 'shap_error': 0.00119315968152509, 'shap_norm_sq': 15.218163635433783}
{'sample_size': 790, 'difference': 0, 'noise': 0.001, 'n': 79, 'shap_error': 0.0009229156810226611, 'shap_norm_sq': 15.218163635433783}
{'sample_size': 790, 'difference': 0, 'noise': 0.005, 'n': 79, 'shap_error': 0.0013863557674064911, 'shap_norm_sq': 15.218163635433783}
{'sample_size': 790, 'difference': 0, 'noise': 0.01, 'n': 79, 'shap_error': 0.0011547853546047377, 'shap_norm_sq': 15.218163635433783}
{'sample_size': 790, 'difference': 0, 'noise': 0.05, 'n': 79, 'shap_error': 0.0008839265722000001, 'shap_norm_sq': 15.218163635433783}
{'sample_size': 790, 'difference': 0, 'noise': 0.1, 'n': 79, 'shap_error': 0.0017037780919698666, 'shap_norm_sq': 15.218163635433783}
{'sample_size': 790, 'difference': 0, 'noise': 0.5, 'n': 79, 'shap_error': 0.019566162669510615, 'shap_norm_sq': 15.218163635433783}
{'sample_size': 790, 'difference': 0, 'noise': 1, 'n': 79, 'shap_error': 0.10396429021521368, 'shap_norm_sq': 15.218163635433783}
{'sample_size': 790, 'difference': 0, 'noise': 0.0005, 'n': 79, 'shap_error': 0.018693933232096605, 'shap_norm_sq': 20.537935658567513}
{'sample_size': 790, 'difference': 0, 'noise': 0.001, 'n': 79, 'shap_error': 0.018022952448391884, 'shap_norm_sq': 20.537935658567513}
{'sample_size': 790, 'difference': 0, 'noise': 0.005, 'n': 79, 'shap_error': 0.027618959262800374, 'shap_norm_sq': 20.537935658567513}
{'sample_size': 790, 'difference': 0, 'noise': 0.01, 'n': 79, 'shap_error': 0.020471437231121745, 'shap_norm_sq': 20.537935658567513}
{'sample_size': 790, 'difference': 0, 'noise': 0.05, 'n': 79, 'shap_error': 0.028866156303140437, 'shap_norm_sq': 20.537935658567513}
{'sample_size': 790, 'difference': 0, 'noise': 0.1, 'n': 79, 'shap_error': 0.03126990818329703, 'shap_norm_sq': 20.537935658567513}
{'sample_size': 790, 'difference': 0, 'noise': 0.5, 'n': 79, 'shap_error': 0.049331958472968965, 'shap_norm_sq': 20.537935658567513}
{'sample_size': 790, 'difference': 0, 'noise': 1, 'n': 79, 'shap_error': 0.1692981650805936, 'shap_norm_sq': 20.537935658567513}
{'sample_size': 790, 'difference': 0, 'noise': 0.0005, 'n': 79, 'shap_error': 0.00021457764502294256, 'shap_norm_sq': 119.19695420999676}
{'sample_size': 790, 'difference': 0, 'noise': 0.001, 'n': 79, 'shap_error': 0.00023749478854171105, 'shap_norm_sq': 119.19695420999676}
{'sample_size': 790, 'difference': 0, 'noise': 0.005, 'n': 79, 'shap_error': 0.0002763884381339833, 'shap_norm_sq': 119.19695420999676}
{'sample_size': 790, 'difference': 0, 'noise': 0.01, 'n': 79, 'shap_error': 0.0002999094392781563, 'shap_norm_sq': 119.19695420999676}
{'sample_size': 790, 'difference': 0, 'noise': 0.05, 'n': 79, 'shap_error': 0.000356593047498048, 'shap_norm_sq': 119.19695420999676}
{'sample_size': 790, 'difference': 0, 'noise': 0.1, 'n': 79, 'shap_error': 0.000819510033853343, 'shap_norm_sq': 119.19695420999676}
{'sample_size': 790, 'difference': 0, 'noise': 0.5, 'n': 79, 'shap_error': 0.013017123101269316, 'shap_norm_sq': 119.19695420999676}
{'sample_size': 790, 'difference': 0, 'noise': 1, 'n': 79, 'shap_error': 0.04155441946139986, 'shap_norm_sq': 119.19695420999676}
{'sample_size': 790, 'difference': 0, 'noise': 0.0005, 'n': 79, 'shap_error': 0.0011775982202387157, 'shap_norm_sq': 13.001768995604218}
{'sample_size': 790, 'difference': 0, 'noise': 0.001, 'n': 79, 'shap_error': 0.0018111809350041697, 'shap_norm_sq': 13.001768995604218}
{'sample_size': 790, 'difference': 0, 'noise': 0.005, 'n': 79, 'shap_error': 0.001409479174046607, 'shap_norm_sq': 13.001768995604218}
{'sample_size': 790, 'difference': 0, 'noise': 0.01, 'n': 79, 'shap_error': 0.00157958278411116, 'shap_norm_sq': 13.001768995604218}
{'sample_size': 790, 'difference': 0, 'noise': 0.05, 'n': 79, 'shap_error': 0.0015850737523601833, 'shap_norm_sq': 13.001768995604218}
{'sample_size': 790, 'difference': 0, 'noise': 0.1, 'n': 79, 'shap_error': 0.0028633992586034216, 'shap_norm_sq': 13.001768995604218}
{'sample_size': 790, 'difference': 0, 'noise': 0.5, 'n': 79, 'shap_error': 0.040907945508169084, 'shap_norm_sq': 13.001768995604218}
{'sample_size': 790, 'difference': 0, 'noise': 1, 'n': 79, 'shap_error': 0.09146524288311039, 'shap_norm_sq': 13.001768995604218}
{'sample_size': 790, 'difference': 0, 'noise': 0.0005, 'n': 79, 'shap_error': 0.01542523171074455, 'shap_norm_sq': 20.288636792945574}
{'sample_size': 790, 'difference': 0, 'noise': 0.001, 'n': 79, 'shap_error': 0.01672422986557554, 'shap_norm_sq': 20.288636792945574}
{'sample_size': 790, 'difference': 0, 'noise': 0.005, 'n': 79, 'shap_error': 0.01746750231266155, 'shap_norm_sq': 20.288636792945574}
{'sample_size': 790, 'difference': 0, 'noise': 0.01, 'n': 79, 'shap_error': 0.013952998034992621, 'shap_norm_sq': 20.288636792945574}
{'sample_size': 790, 'difference': 0, 'noise': 0.05, 'n': 79, 'shap_error': 0.015255398267119802, 'shap_norm_sq': 20.288636792945574}
{'sample_size': 790, 'difference': 0, 'noise': 0.1, 'n': 79, 'shap_error': 0.014904307866763292, 'shap_norm_sq': 20.288636792945574}
{'sample_size': 790, 'difference': 0, 'noise': 0.5, 'n': 79, 'shap_error': 0.05414447642206455, 'shap_norm_sq': 20.288636792945574}
{'sample_size': 790, 'difference': 0, 'noise': 1, 'n': 79, 'shap_error': 0.12449677206198491, 'shap_norm_sq': 20.288636792945574}
{'sample_size': 790, 'difference': 0, 'noise': 0.0005, 'n': 79, 'shap_error': 0.00708879307820886, 'shap_norm_sq': 20.410827015416118}
{'sample_size': 790, 'difference': 0, 'noise': 0.001, 'n': 79, 'shap_error': 0.006411757450690016, 'shap_norm_sq': 20.410827015416118}
{'sample_size': 790, 'difference': 0, 'noise': 0.005, 'n': 79, 'shap_error': 0.007469932663880371, 'shap_norm_sq': 20.410827015416118}
{'sample_size': 790, 'difference': 0, 'noise': 0.01, 'n': 79, 'shap_error': 0.00857623142829367, 'shap_norm_sq': 20.410827015416118}
{'sample_size': 790, 'difference': 0, 'noise': 0.05, 'n': 79, 'shap_error': 0.009078278924231359, 'shap_norm_sq': 20.410827015416118}
{'sample_size': 790, 'difference': 0, 'noise': 0.1, 'n': 79, 'shap_error': 0.006063592861563116, 'shap_norm_sq': 20.410827015416118}
{'sample_size': 790, 'difference': 0, 'noise': 0.5, 'n': 79, 'shap_error': 0.02668347500053685, 'shap_norm_sq': 20.410827015416118}
{'sample_size': 790, 'difference': 0, 'noise': 1, 'n': 79, 'shap_error': 0.06492859867492502, 'shap_norm_sq': 20.410827015416118}
{'sample_size': 790, 'difference': 0, 'noise': 0.0005, 'n': 79, 'shap_error': 0.001443649193923968, 'shap_norm_sq': 115.48674040463875}
{'sample_size': 790, 'difference': 0, 'noise': 0.001, 'n': 79, 'shap_error': 0.0012244307392109937, 'shap_norm_sq': 115.48674040463875}
{'sample_size': 790, 'difference': 0, 'noise': 0.005, 'n': 79, 'shap_error': 0.0009269542937440755, 'shap_norm_sq': 115.48674040463875}
{'sample_size': 790, 'difference': 0, 'noise': 0.01, 'n': 79, 'shap_error': 0.0017515477677467071, 'shap_norm_sq': 115.48674040463875}
{'sample_size': 790, 'difference': 0, 'noise': 0.05, 'n': 79, 'shap_error': 0.001642162132080262, 'shap_norm_sq': 115.48674040463875}
{'sample_size': 790, 'difference': 0, 'noise': 0.1, 'n': 79, 'shap_error': 0.0014752048830900075, 'shap_norm_sq': 115.48674040463875}
{'sample_size': 790, 'difference': 0, 'noise': 0.5, 'n': 79, 'shap_error': 0.004589258354292923, 'shap_norm_sq': 115.48674040463875}
{'sample_size': 790, 'difference': 0, 'noise': 1, 'n': 79, 'shap_error': 0.00991841458012309, 'shap_norm_sq': 115.48674040463875}
{'sample_size': 790, 'difference': 0, 'noise': 0.0005, 'n': 79, 'shap_error': 0.08940590509702621, 'shap_norm_sq': 24.88886090328099}
{'sample_size': 790, 'difference': 0, 'noise': 0.001, 'n': 79, 'shap_error': 0.05966510032466449, 'shap_norm_sq': 24.88886090328099}
{'sample_size': 790, 'difference': 0, 'noise': 0.005, 'n': 79, 'shap_error': 0.05386623571985079, 'shap_norm_sq': 24.88886090328099}
{'sample_size': 790, 'difference': 0, 'noise': 0.01, 'n': 79, 'shap_error': 0.06704593502291602, 'shap_norm_sq': 24.88886090328099}
{'sample_size': 790, 'difference': 0, 'noise': 0.05, 'n': 79, 'shap_error': 0.043664827358000854, 'shap_norm_sq': 24.88886090328099}
{'sample_size': 790, 'difference': 0, 'noise': 0.1, 'n': 79, 'shap_error': 0.061146990057171294, 'shap_norm_sq': 24.88886090328099}
{'sample_size': 790, 'difference': 0, 'noise': 0.5, 'n': 79, 'shap_error': 0.06930427968990392, 'shap_norm_sq': 24.88886090328099}
{'sample_size': 790, 'difference': 0, 'noise': 1, 'n': 79, 'shap_error': 0.08375601958024852, 'shap_norm_sq': 24.88886090328099}
{'sample_size': 790, 'difference': 0, 'noise': 0.0005, 'n': 79, 'shap_error': 0.004856513506093802, 'shap_norm_sq': 39.130272443950496}
{'sample_size': 790, 'difference': 0, 'noise': 0.001, 'n': 79, 'shap_error': 0.004205097299532182, 'shap_norm_sq': 39.130272443950496}
{'sample_size': 790, 'difference': 0, 'noise': 0.005, 'n': 79, 'shap_error': 0.004912959170764729, 'shap_norm_sq': 39.130272443950496}
{'sample_size': 790, 'difference': 0, 'noise': 0.01, 'n': 79, 'shap_error': 0.007670594984950917, 'shap_norm_sq': 39.130272443950496}
{'sample_size': 790, 'difference': 0, 'noise': 0.05, 'n': 79, 'shap_error': 0.00473972053458708, 'shap_norm_sq': 39.130272443950496}
{'sample_size': 790, 'difference': 0, 'noise': 0.1, 'n': 79, 'shap_error': 0.003994297568699123, 'shap_norm_sq': 39.130272443950496}
{'sample_size': 790, 'difference': 0, 'noise': 0.5, 'n': 79, 'shap_error': 0.01325653247259481, 'shap_norm_sq': 39.130272443950496}
{'sample_size': 790, 'difference': 0, 'noise': 1, 'n': 79, 'shap_error': 0.033960265737427234, 'shap_norm_sq': 39.130272443950496}
{'sample_size': 790, 'difference': 0, 'noise': 0.0005, 'n': 79, 'shap_error': 0.0010054260646925447, 'shap_norm_sq': 18.77539236126273}
{'sample_size': 790, 'difference': 0, 'noise': 0.001, 'n': 79, 'shap_error': 0.0010903516534578603, 'shap_norm_sq': 18.77539236126273}
{'sample_size': 790, 'difference': 0, 'noise': 0.005, 'n': 79, 'shap_error': 0.0016429257400674075, 'shap_norm_sq': 18.77539236126273}
{'sample_size': 790, 'difference': 0, 'noise': 0.01, 'n': 79, 'shap_error': 0.0010122737481187024, 'shap_norm_sq': 18.77539236126273}
{'sample_size': 790, 'difference': 0, 'noise': 0.05, 'n': 79, 'shap_error': 0.0019424084210652112, 'shap_norm_sq': 18.77539236126273}
{'sample_size': 790, 'difference': 0, 'noise': 0.1, 'n': 79, 'shap_error': 0.0034513982699138283, 'shap_norm_sq': 18.77539236126273}
{'sample_size': 790, 'difference': 0, 'noise': 0.5, 'n': 79, 'shap_error': 0.0711987829940627, 'shap_norm_sq': 18.77539236126273}
{'sample_size': 790, 'difference': 0, 'noise': 1, 'n': 79, 'shap_error': 0.24084883341220512, 'shap_norm_sq': 18.77539236126273}
{'sample_size': 790, 'difference': 0, 'noise': 0.0005, 'n': 79, 'shap_error': 0.003158753383809883, 'shap_norm_sq': 21.78402445889907}
{'sample_size': 790, 'difference': 0, 'noise': 0.001, 'n': 79, 'shap_error': 0.0033433874137798083, 'shap_norm_sq': 21.78402445889907}
{'sample_size': 790, 'difference': 0, 'noise': 0.005, 'n': 79, 'shap_error': 0.003121215986496611, 'shap_norm_sq': 21.78402445889907}
{'sample_size': 790, 'difference': 0, 'noise': 0.01, 'n': 79, 'shap_error': 0.004629482708948829, 'shap_norm_sq': 21.78402445889907}
{'sample_size': 790, 'difference': 0, 'noise': 0.05, 'n': 79, 'shap_error': 0.003235403459304129, 'shap_norm_sq': 21.78402445889907}
{'sample_size': 790, 'difference': 0, 'noise': 0.1, 'n': 79, 'shap_error': 0.004146344301156828, 'shap_norm_sq': 21.78402445889907}
{'sample_size': 790, 'difference': 0, 'noise': 0.5, 'n': 79, 'shap_error': 0.03077602069619477, 'shap_norm_sq': 21.78402445889907}
{'sample_size': 790, 'difference': 0, 'noise': 1, 'n': 79, 'shap_error': 0.11580994659491341, 'shap_norm_sq': 21.78402445889907}
{'sample_size': 790, 'difference': 0, 'noise': 0.0005, 'n': 79, 'shap_error': 0.004258400683813005, 'shap_norm_sq': 39.09623240050939}
{'sample_size': 790, 'difference': 0, 'noise': 0.001, 'n': 79, 'shap_error': 0.00636615796651696, 'shap_norm_sq': 39.09623240050939}
{'sample_size': 790, 'difference': 0, 'noise': 0.005, 'n': 79, 'shap_error': 0.006189829138826355, 'shap_norm_sq': 39.09623240050939}
{'sample_size': 790, 'difference': 0, 'noise': 0.01, 'n': 79, 'shap_error': 0.006093335800716269, 'shap_norm_sq': 39.09623240050939}
{'sample_size': 790, 'difference': 0, 'noise': 0.05, 'n': 79, 'shap_error': 0.008186882173110727, 'shap_norm_sq': 39.09623240050939}
{'sample_size': 790, 'difference': 0, 'noise': 0.1, 'n': 79, 'shap_error': 0.008483546505132453, 'shap_norm_sq': 39.09623240050939}
{'sample_size': 790, 'difference': 0, 'noise': 0.5, 'n': 79, 'shap_error': 0.013867333685557042, 'shap_norm_sq': 39.09623240050939}
{'sample_size': 790, 'difference': 0, 'noise': 1, 'n': 79, 'shap_error': 0.040626765299669756, 'shap_norm_sq': 39.09623240050939}
{'sample_size': 790, 'difference': 0, 'noise': 0.0005, 'n': 79, 'shap_error': 0.002559970959660767, 'shap_norm_sq': 251.0883338558607}
{'sample_size': 790, 'difference': 0, 'noise': 0.001, 'n': 79, 'shap_error': 0.0028830146365725474, 'shap_norm_sq': 251.0883338558607}
{'sample_size': 790, 'difference': 0, 'noise': 0.005, 'n': 79, 'shap_error': 0.003777318988261985, 'shap_norm_sq': 251.0883338558607}
{'sample_size': 790, 'difference': 0, 'noise': 0.01, 'n': 79, 'shap_error': 0.00295072640034954, 'shap_norm_sq': 251.0883338558607}
{'sample_size': 790, 'difference': 0, 'noise': 0.05, 'n': 79, 'shap_error': 0.003066241400516786, 'shap_norm_sq': 251.0883338558607}
{'sample_size': 790, 'difference': 0, 'noise': 0.1, 'n': 79, 'shap_error': 0.0027240026448144303, 'shap_norm_sq': 251.0883338558607}
{'sample_size': 790, 'difference': 0, 'noise': 0.5, 'n': 79, 'shap_error': 0.004279853084122035, 'shap_norm_sq': 251.0883338558607}
{'sample_size': 790, 'difference': 0, 'noise': 1, 'n': 79, 'shap_error': 0.0094715342824282, 'shap_norm_sq': 251.0883338558607}
{'sample_size': 790, 'difference': 0, 'noise': 0.0005, 'n': 79, 'shap_error': 0.002900981165035658, 'shap_norm_sq': 105.90004388917114}
{'sample_size': 790, 'difference': 0, 'noise': 0.001, 'n': 79, 'shap_error': 0.0014814404435801905, 'shap_norm_sq': 105.90004388917114}
{'sample_size': 790, 'difference': 0, 'noise': 0.005, 'n': 79, 'shap_error': 0.001634949169014214, 'shap_norm_sq': 105.90004388917114}
{'sample_size': 790, 'difference': 0, 'noise': 0.01, 'n': 79, 'shap_error': 0.0018690956931959168, 'shap_norm_sq': 105.90004388917114}
{'sample_size': 790, 'difference': 0, 'noise': 0.05, 'n': 79, 'shap_error': 0.0020486889921124537, 'shap_norm_sq': 105.90004388917114}
{'sample_size': 790, 'difference': 0, 'noise': 0.1, 'n': 79, 'shap_error': 0.0026571759660941603, 'shap_norm_sq': 105.90004388917114}
{'sample_size': 790, 'difference': 0, 'noise': 0.5, 'n': 79, 'shap_error': 0.0050989906793883445, 'shap_norm_sq': 105.90004388917114}
{'sample_size': 790, 'difference': 0, 'noise': 1, 'n': 79, 'shap_error': 0.010488373775343993, 'shap_norm_sq': 105.90004388917114}
{'sample_size': 790, 'difference': 0, 'noise': 0.0005, 'n': 79, 'shap_error': 0.00582295915639706, 'shap_norm_sq': 15.75229720049262}
{'sample_size': 790, 'difference': 0, 'noise': 0.001, 'n': 79, 'shap_error': 0.004397555624720288, 'shap_norm_sq': 15.75229720049262}
{'sample_size': 790, 'difference': 0, 'noise': 0.005, 'n': 79, 'shap_error': 0.005643858313553912, 'shap_norm_sq': 15.75229720049262}
{'sample_size': 790, 'difference': 0, 'noise': 0.01, 'n': 79, 'shap_error': 0.004364546937041847, 'shap_norm_sq': 15.75229720049262}
{'sample_size': 790, 'difference': 0, 'noise': 0.05, 'n': 79, 'shap_error': 0.005899031056461874, 'shap_norm_sq': 15.75229720049262}
{'sample_size': 790, 'difference': 0, 'noise': 0.1, 'n': 79, 'shap_error': 0.011878305604265463, 'shap_norm_sq': 15.75229720049262}
{'sample_size': 790, 'difference': 0, 'noise': 0.5, 'n': 79, 'shap_error': 0.1368753501777011, 'shap_norm_sq': 15.75229720049262}
{'sample_size': 790, 'difference': 0, 'noise': 1, 'n': 79, 'shap_error': 0.6448642388604678, 'shap_norm_sq': 15.75229720049262}
{'sample_size': 790, 'difference': 0, 'noise': 0.0005, 'n': 79, 'shap_error': 0.001816543869567047, 'shap_norm_sq': 54.94503307516041}
{'sample_size': 790, 'difference': 0, 'noise': 0.001, 'n': 79, 'shap_error': 0.0019172994698469785, 'shap_norm_sq': 54.94503307516041}
{'sample_size': 790, 'difference': 0, 'noise': 0.005, 'n': 79, 'shap_error': 0.0012914085896633294, 'shap_norm_sq': 54.94503307516041}
{'sample_size': 790, 'difference': 0, 'noise': 0.01, 'n': 79, 'shap_error': 0.002939416841295194, 'shap_norm_sq': 54.94503307516041}
{'sample_size': 790, 'difference': 0, 'noise': 0.05, 'n': 79, 'shap_error': 0.0014859899657351239, 'shap_norm_sq': 54.94503307516041}
{'sample_size': 790, 'difference': 0, 'noise': 0.1, 'n': 79, 'shap_error': 0.0023845671525310084, 'shap_norm_sq': 54.94503307516041}
{'sample_size': 790, 'difference': 0, 'noise': 0.5, 'n': 79, 'shap_error': 0.031133716260927737, 'shap_norm_sq': 54.94503307516041}
{'sample_size': 790, 'difference': 0, 'noise': 1, 'n': 79, 'shap_error': 0.12059681532379292, 'shap_norm_sq': 54.94503307516041}
{'sample_size': 790, 'difference': 0, 'noise': 0.0005, 'n': 79, 'shap_error': 0.00013266481428952242, 'shap_norm_sq': 27.273525617952394}
{'sample_size': 790, 'difference': 0, 'noise': 0.001, 'n': 79, 'shap_error': 0.00012613748747786001, 'shap_norm_sq': 27.273525617952394}
{'sample_size': 790, 'difference': 0, 'noise': 0.005, 'n': 79, 'shap_error': 6.20319574314334e-05, 'shap_norm_sq': 27.273525617952394}
{'sample_size': 790, 'difference': 0, 'noise': 0.01, 'n': 79, 'shap_error': 0.00016434588744048813, 'shap_norm_sq': 27.273525617952394}
{'sample_size': 790, 'difference': 0, 'noise': 0.05, 'n': 79, 'shap_error': 0.00022798449575896985, 'shap_norm_sq': 27.273525617952394}
{'sample_size': 790, 'difference': 0, 'noise': 0.1, 'n': 79, 'shap_error': 0.0005814986222479856, 'shap_norm_sq': 27.273525617952394}
{'sample_size': 790, 'difference': 0, 'noise': 0.5, 'n': 79, 'shap_error': 0.011996326363663766, 'shap_norm_sq': 27.273525617952394}
{'sample_size': 790, 'difference': 0, 'noise': 1, 'n': 79, 'shap_error': 0.04366289373672474, 'shap_norm_sq': 27.273525617952394}
{'sample_size': 790, 'difference': 0, 'noise': 0.0005, 'n': 79, 'shap_error': 0.015616476789389726, 'shap_norm_sq': 168.34394845996783}
{'sample_size': 790, 'difference': 0, 'noise': 0.001, 'n': 79, 'shap_error': 0.016785170773021666, 'shap_norm_sq': 168.34394845996783}
{'sample_size': 790, 'difference': 0, 'noise': 0.005, 'n': 79, 'shap_error': 0.017757645639776262, 'shap_norm_sq': 168.34394845996783}
{'sample_size': 790, 'difference': 0, 'noise': 0.01, 'n': 79, 'shap_error': 0.016656003346778914, 'shap_norm_sq': 168.34394845996783}
{'sample_size': 790, 'difference': 0, 'noise': 0.05, 'n': 79, 'shap_error': 0.01725127329310333, 'shap_norm_sq': 168.34394845996783}
{'sample_size': 790, 'difference': 0, 'noise': 0.1, 'n': 79, 'shap_error': 0.014141228624605548, 'shap_norm_sq': 168.34394845996783}
{'sample_size': 790, 'difference': 0, 'noise': 0.5, 'n': 79, 'shap_error': 0.02067615419302961, 'shap_norm_sq': 168.34394845996783}
{'sample_size': 790, 'difference': 0, 'noise': 1, 'n': 79, 'shap_error': 0.038936702779119634, 'shap_norm_sq': 168.34394845996783}
{'sample_size': 790, 'difference': 0, 'noise': 0.0005, 'n': 79, 'shap_error': 0.0007012363489774168, 'shap_norm_sq': 210.58221978381596}
{'sample_size': 790, 'difference': 0, 'noise': 0.001, 'n': 79, 'shap_error': 0.000899780154571036, 'shap_norm_sq': 210.58221978381596}
{'sample_size': 790, 'difference': 0, 'noise': 0.005, 'n': 79, 'shap_error': 0.0006160877206656166, 'shap_norm_sq': 210.58221978381596}
{'sample_size': 790, 'difference': 0, 'noise': 0.01, 'n': 79, 'shap_error': 0.0008616388153430256, 'shap_norm_sq': 210.58221978381596}
{'sample_size': 790, 'difference': 0, 'noise': 0.05, 'n': 79, 'shap_error': 0.0008913134002560628, 'shap_norm_sq': 210.58221978381596}
{'sample_size': 790, 'difference': 0, 'noise': 0.1, 'n': 79, 'shap_error': 0.0007675403993938557, 'shap_norm_sq': 210.58221978381596}
{'sample_size': 790, 'difference': 0, 'noise': 0.5, 'n': 79, 'shap_error': 0.002146052780358837, 'shap_norm_sq': 210.58221978381596}
{'sample_size': 790, 'difference': 0, 'noise': 1, 'n': 79, 'shap_error': 0.006071585569964431, 'shap_norm_sq': 210.58221978381596}
{'sample_size': 790, 'difference': 0, 'noise': 0.0005, 'n': 79, 'shap_error': 0.0049021076732998214, 'shap_norm_sq': 50.04623913887282}
{'sample_size': 790, 'difference': 0, 'noise': 0.001, 'n': 79, 'shap_error': 0.0030201287831606236, 'shap_norm_sq': 50.04623913887282}
{'sample_size': 790, 'difference': 0, 'noise': 0.005, 'n': 79, 'shap_error': 0.0044356375422167395, 'shap_norm_sq': 50.04623913887282}
{'sample_size': 790, 'difference': 0, 'noise': 0.01, 'n': 79, 'shap_error': 0.006741913036918128, 'shap_norm_sq': 50.04623913887282}
{'sample_size': 790, 'difference': 0, 'noise': 0.05, 'n': 79, 'shap_error': 0.003923899941822669, 'shap_norm_sq': 50.04623913887282}
{'sample_size': 790, 'difference': 0, 'noise': 0.1, 'n': 79, 'shap_error': 0.0045378215880323095, 'shap_norm_sq': 50.04623913887282}
{'sample_size': 790, 'difference': 0, 'noise': 0.5, 'n': 79, 'shap_error': 0.02271659844872401, 'shap_norm_sq': 50.04623913887282}
{'sample_size': 790, 'difference': 0, 'noise': 1, 'n': 79, 'shap_error': 0.05225491913719331, 'shap_norm_sq': 50.04623913887282}
{'sample_size': 790, 'difference': 0, 'noise': 0.0005, 'n': 79, 'shap_error': 0.002435618235911342, 'shap_norm_sq': 21.28894051596188}
{'sample_size': 790, 'difference': 0, 'noise': 0.001, 'n': 79, 'shap_error': 0.002144335244318407, 'shap_norm_sq': 21.28894051596188}
{'sample_size': 790, 'difference': 0, 'noise': 0.005, 'n': 79, 'shap_error': 0.0019412067635914939, 'shap_norm_sq': 21.28894051596188}
{'sample_size': 790, 'difference': 0, 'noise': 0.01, 'n': 79, 'shap_error': 0.0017425559255761407, 'shap_norm_sq': 21.28894051596188}
{'sample_size': 790, 'difference': 0, 'noise': 0.05, 'n': 79, 'shap_error': 0.0024354814815418244, 'shap_norm_sq': 21.28894051596188}
{'sample_size': 790, 'difference': 0, 'noise': 0.1, 'n': 79, 'shap_error': 0.004312156730941997, 'shap_norm_sq': 21.28894051596188}
{'sample_size': 790, 'difference': 0, 'noise': 0.5, 'n': 79, 'shap_error': 0.0368111509326997, 'shap_norm_sq': 21.28894051596188}
{'sample_size': 790, 'difference': 0, 'noise': 1, 'n': 79, 'shap_error': 0.17703750929633882, 'shap_norm_sq': 21.28894051596188}
{'sample_size': 790, 'difference': 0, 'noise': 0.0005, 'n': 79, 'shap_error': 0.006453797930565378, 'shap_norm_sq': 4.88175375235758}
{'sample_size': 790, 'difference': 0, 'noise': 0.001, 'n': 79, 'shap_error': 0.006011969845948722, 'shap_norm_sq': 4.88175375235758}
{'sample_size': 790, 'difference': 0, 'noise': 0.005, 'n': 79, 'shap_error': 0.004861719297336139, 'shap_norm_sq': 4.88175375235758}
{'sample_size': 790, 'difference': 0, 'noise': 0.01, 'n': 79, 'shap_error': 0.005665897195447596, 'shap_norm_sq': 4.88175375235758}
{'sample_size': 790, 'difference': 0, 'noise': 0.05, 'n': 79, 'shap_error': 0.008810042251064347, 'shap_norm_sq': 4.88175375235758}
{'sample_size': 790, 'difference': 0, 'noise': 0.1, 'n': 79, 'shap_error': 0.008265595431926087, 'shap_norm_sq': 4.88175375235758}
{'sample_size': 790, 'difference': 0, 'noise': 0.5, 'n': 79, 'shap_error': 0.06308072360425543, 'shap_norm_sq': 4.88175375235758}
{'sample_size': 790, 'difference': 0, 'noise': 1, 'n': 79, 'shap_error': 0.25688343366662153, 'shap_norm_sq': 4.88175375235758}
{'sample_size': 790, 'difference': 0, 'noise': 0.0005, 'n': 79, 'shap_error': 0.002441719085805256, 'shap_norm_sq': 10.46565794712287}
{'sample_size': 790, 'difference': 0, 'noise': 0.001, 'n': 79, 'shap_error': 0.0027986189089812727, 'shap_norm_sq': 10.46565794712287}
{'sample_size': 790, 'difference': 0, 'noise': 0.005, 'n': 79, 'shap_error': 0.002340406592432985, 'shap_norm_sq': 10.46565794712287}
{'sample_size': 790, 'difference': 0, 'noise': 0.01, 'n': 79, 'shap_error': 0.003173029572467447, 'shap_norm_sq': 10.46565794712287}
{'sample_size': 790, 'difference': 0, 'noise': 0.05, 'n': 79, 'shap_error': 0.0015778069285495896, 'shap_norm_sq': 10.46565794712287}
{'sample_size': 790, 'difference': 0, 'noise': 0.1, 'n': 79, 'shap_error': 0.003464732118113127, 'shap_norm_sq': 10.46565794712287}
{'sample_size': 790, 'difference': 0, 'noise': 0.5, 'n': 79, 'shap_error': 0.03024885927772705, 'shap_norm_sq': 10.46565794712287}
{'sample_size': 790, 'difference': 0, 'noise': 1, 'n': 79, 'shap_error': 0.14359639506825278, 'shap_norm_sq': 10.46565794712287}
{'sample_size': 790, 'difference': 0, 'noise': 0.0005, 'n': 79, 'shap_error': 0.00036806837315703255, 'shap_norm_sq': 340.8947996894022}
{'sample_size': 790, 'difference': 0, 'noise': 0.001, 'n': 79, 'shap_error': 0.0004455384121345975, 'shap_norm_sq': 340.8947996894022}
{'sample_size': 790, 'difference': 0, 'noise': 0.005, 'n': 79, 'shap_error': 0.00044438665259903797, 'shap_norm_sq': 340.8947996894022}
{'sample_size': 790, 'difference': 0, 'noise': 0.01, 'n': 79, 'shap_error': 0.00039459284513233497, 'shap_norm_sq': 340.8947996894022}
{'sample_size': 790, 'difference': 0, 'noise': 0.05, 'n': 79, 'shap_error': 0.0005073091265802623, 'shap_norm_sq': 340.8947996894022}
{'sample_size': 790, 'difference': 0, 'noise': 0.1, 'n': 79, 'shap_error': 0.000546622645512714, 'shap_norm_sq': 340.8947996894022}
{'sample_size': 790, 'difference': 0, 'noise': 0.5, 'n': 79, 'shap_error': 0.0011364623985483525, 'shap_norm_sq': 340.8947996894022}
{'sample_size': 790, 'difference': 0, 'noise': 1, 'n': 79, 'shap_error': 0.003190873589068796, 'shap_norm_sq': 340.8947996894022}
{'sample_size': 790, 'difference': 0, 'noise': 0.0005, 'n': 79, 'shap_error': 0.009777225940074134, 'shap_norm_sq': 16.331879343667588}
{'sample_size': 790, 'difference': 0, 'noise': 0.001, 'n': 79, 'shap_error': 0.00896651376339759, 'shap_norm_sq': 16.331879343667588}
{'sample_size': 790, 'difference': 0, 'noise': 0.005, 'n': 79, 'shap_error': 0.0086416593410428, 'shap_norm_sq': 16.331879343667588}
{'sample_size': 790, 'difference': 0, 'noise': 0.01, 'n': 79, 'shap_error': 0.011410761820000594, 'shap_norm_sq': 16.331879343667588}
{'sample_size': 790, 'difference': 0, 'noise': 0.05, 'n': 79, 'shap_error': 0.009201190259397968, 'shap_norm_sq': 16.331879343667588}
{'sample_size': 790, 'difference': 0, 'noise': 0.1, 'n': 79, 'shap_error': 0.00826710088678993, 'shap_norm_sq': 16.331879343667588}
{'sample_size': 790, 'difference': 0, 'noise': 0.5, 'n': 79, 'shap_error': 0.017227481739442246, 'shap_norm_sq': 16.331879343667588}
{'sample_size': 790, 'difference': 0, 'noise': 1, 'n': 79, 'shap_error': 0.0791363307511812, 'shap_norm_sq': 16.331879343667588}
{'sample_size': 790, 'difference': 0, 'noise': 0.0005, 'n': 79, 'shap_error': 0.003644889859845327, 'shap_norm_sq': 41.908400179887394}
{'sample_size': 790, 'difference': 0, 'noise': 0.001, 'n': 79, 'shap_error': 0.0035120578389913008, 'shap_norm_sq': 41.908400179887394}
{'sample_size': 790, 'difference': 0, 'noise': 0.005, 'n': 79, 'shap_error': 0.005439730937977914, 'shap_norm_sq': 41.908400179887394}
{'sample_size': 790, 'difference': 0, 'noise': 0.01, 'n': 79, 'shap_error': 0.003268947652050841, 'shap_norm_sq': 41.908400179887394}
{'sample_size': 790, 'difference': 0, 'noise': 0.05, 'n': 79, 'shap_error': 0.004027158788829258, 'shap_norm_sq': 41.908400179887394}
{'sample_size': 790, 'difference': 0, 'noise': 0.1, 'n': 79, 'shap_error': 0.004691912022023907, 'shap_norm_sq': 41.908400179887394}
{'sample_size': 790, 'difference': 0, 'noise': 0.5, 'n': 79, 'shap_error': 0.010120339276667447, 'shap_norm_sq': 41.908400179887394}
{'sample_size': 790, 'difference': 0, 'noise': 1, 'n': 79, 'shap_error': 0.02390062765971219, 'shap_norm_sq': 41.908400179887394}
{'sample_size': 790, 'difference': 0, 'noise': 0.0005, 'n': 79, 'shap_error': 0.0002637932537849616, 'shap_norm_sq': 6.289717209382058}
{'sample_size': 790, 'difference': 0, 'noise': 0.001, 'n': 79, 'shap_error': 0.00025012410218209943, 'shap_norm_sq': 6.289717209382058}
{'sample_size': 790, 'difference': 0, 'noise': 0.005, 'n': 79, 'shap_error': 0.0002641820704981764, 'shap_norm_sq': 6.289717209382058}
{'sample_size': 790, 'difference': 0, 'noise': 0.01, 'n': 79, 'shap_error': 0.00031831148246048833, 'shap_norm_sq': 6.289717209382058}
{'sample_size': 790, 'difference': 0, 'noise': 0.05, 'n': 79, 'shap_error': 0.0014140362623803102, 'shap_norm_sq': 6.289717209382058}
{'sample_size': 790, 'difference': 0, 'noise': 0.1, 'n': 79, 'shap_error': 0.005543063185692277, 'shap_norm_sq': 6.289717209382058}
{'sample_size': 790, 'difference': 0, 'noise': 0.5, 'n': 79, 'shap_error': 0.11612513460723968, 'shap_norm_sq': 6.289717209382058}
{'sample_size': 790, 'difference': 0, 'noise': 1, 'n': 79, 'shap_error': 0.39082418542913616, 'shap_norm_sq': 6.289717209382058}
{'sample_size': 790, 'difference': 0, 'noise': 0.0005, 'n': 79, 'shap_error': 1.4739683976566253e-08, 'shap_norm_sq': 28.440322246586177}
{'sample_size': 790, 'difference': 0, 'noise': 0.001, 'n': 79, 'shap_error': 7.69699162733342e-08, 'shap_norm_sq': 28.440322246586177}
{'sample_size': 790, 'difference': 0, 'noise': 0.005, 'n': 79, 'shap_error': 1.646280897511509e-06, 'shap_norm_sq': 28.440322246586177}
{'sample_size': 790, 'difference': 0, 'noise': 0.01, 'n': 79, 'shap_error': 5.414474837907887e-06, 'shap_norm_sq': 28.440322246586177}
{'sample_size': 790, 'difference': 0, 'noise': 0.05, 'n': 79, 'shap_error': 0.00020169669848625998, 'shap_norm_sq': 28.440322246586177}
{'sample_size': 790, 'difference': 0, 'noise': 0.1, 'n': 79, 'shap_error': 0.0005965110242097533, 'shap_norm_sq': 28.440322246586177}
{'sample_size': 790, 'difference': 0, 'noise': 0.5, 'n': 79, 'shap_error': 0.01571483055084258, 'shap_norm_sq': 28.440322246586177}
{'sample_size': 790, 'difference': 0, 'noise': 1, 'n': 79, 'shap_error': 0.05672888175855231, 'shap_norm_sq': 28.440322246586177}
{'sample_size': 790, 'difference': 0, 'noise': 0.0005, 'n': 79, 'shap_error': 0.016973401330358583, 'shap_norm_sq': 38.94028171825632}
{'sample_size': 790, 'difference': 0, 'noise': 0.001, 'n': 79, 'shap_error': 0.015763582313006265, 'shap_norm_sq': 38.94028171825632}
{'sample_size': 790, 'difference': 0, 'noise': 0.005, 'n': 79, 'shap_error': 0.010598408297440779, 'shap_norm_sq': 38.94028171825632}
{'sample_size': 790, 'difference': 0, 'noise': 0.01, 'n': 79, 'shap_error': 0.0195294872582032, 'shap_norm_sq': 38.94028171825632}
{'sample_size': 790, 'difference': 0, 'noise': 0.05, 'n': 79, 'shap_error': 0.012614710499111897, 'shap_norm_sq': 38.94028171825632}
{'sample_size': 790, 'difference': 0, 'noise': 0.1, 'n': 79, 'shap_error': 0.012982759934751965, 'shap_norm_sq': 38.94028171825632}
{'sample_size': 790, 'difference': 0, 'noise': 0.5, 'n': 79, 'shap_error': 0.015349759848335158, 'shap_norm_sq': 38.94028171825632}
{'sample_size': 790, 'difference': 0, 'noise': 1, 'n': 79, 'shap_error': 0.038491875027219534, 'shap_norm_sq': 38.94028171825632}
{'sample_size': 790, 'difference': 0, 'noise': 0.0005, 'n': 79, 'shap_error': 0.0030916730996888675, 'shap_norm_sq': 48.91290561831941}
{'sample_size': 790, 'difference': 0, 'noise': 0.001, 'n': 79, 'shap_error': 0.003331786786527655, 'shap_norm_sq': 48.91290561831941}
{'sample_size': 790, 'difference': 0, 'noise': 0.005, 'n': 79, 'shap_error': 0.004220420718740325, 'shap_norm_sq': 48.91290561831941}
{'sample_size': 790, 'difference': 0, 'noise': 0.01, 'n': 79, 'shap_error': 0.004264079316391234, 'shap_norm_sq': 48.91290561831941}
{'sample_size': 790, 'difference': 0, 'noise': 0.05, 'n': 79, 'shap_error': 0.004242953665830803, 'shap_norm_sq': 48.91290561831941}
{'sample_size': 790, 'difference': 0, 'noise': 0.1, 'n': 79, 'shap_error': 0.004333475543214586, 'shap_norm_sq': 48.91290561831941}
{'sample_size': 790, 'difference': 0, 'noise': 0.5, 'n': 79, 'shap_error': 0.010143433309185169, 'shap_norm_sq': 48.91290561831941}
{'sample_size': 790, 'difference': 0, 'noise': 1, 'n': 79, 'shap_error': 0.05564848023966705, 'shap_norm_sq': 48.91290561831941}
{'sample_size': 790, 'difference': 0, 'noise': 0.0005, 'n': 79, 'shap_error': 0.00488065009695891, 'shap_norm_sq': 132.37264659653053}
{'sample_size': 790, 'difference': 0, 'noise': 0.001, 'n': 79, 'shap_error': 0.004240706695440436, 'shap_norm_sq': 132.37264659653053}
{'sample_size': 790, 'difference': 0, 'noise': 0.005, 'n': 79, 'shap_error': 0.004669215928605261, 'shap_norm_sq': 132.37264659653053}
{'sample_size': 790, 'difference': 0, 'noise': 0.01, 'n': 79, 'shap_error': 0.0072951528886402855, 'shap_norm_sq': 132.37264659653053}
{'sample_size': 790, 'difference': 0, 'noise': 0.05, 'n': 79, 'shap_error': 0.004394407783465699, 'shap_norm_sq': 132.37264659653053}
{'sample_size': 790, 'difference': 0, 'noise': 0.1, 'n': 79, 'shap_error': 0.0031440287003825862, 'shap_norm_sq': 132.37264659653053}
{'sample_size': 790, 'difference': 0, 'noise': 0.5, 'n': 79, 'shap_error': 0.007068278952932568, 'shap_norm_sq': 132.37264659653053}
{'sample_size': 790, 'difference': 0, 'noise': 1, 'n': 79, 'shap_error': 0.018440109672441696, 'shap_norm_sq': 132.37264659653053}
{'sample_size': 790, 'difference': 0, 'noise': 0.0005, 'n': 79, 'shap_error': 0.0051358544172601436, 'shap_norm_sq': 29.9722151943134}
{'sample_size': 790, 'difference': 0, 'noise': 0.001, 'n': 79, 'shap_error': 0.005381917893416364, 'shap_norm_sq': 29.9722151943134}
{'sample_size': 790, 'difference': 0, 'noise': 0.005, 'n': 79, 'shap_error': 0.005471487766026139, 'shap_norm_sq': 29.9722151943134}
{'sample_size': 790, 'difference': 0, 'noise': 0.01, 'n': 79, 'shap_error': 0.006155646411677987, 'shap_norm_sq': 29.9722151943134}
{'sample_size': 790, 'difference': 0, 'noise': 0.05, 'n': 79, 'shap_error': 0.009616465009149743, 'shap_norm_sq': 29.9722151943134}
{'sample_size': 790, 'difference': 0, 'noise': 0.1, 'n': 79, 'shap_error': 0.0064257805776019245, 'shap_norm_sq': 29.9722151943134}
{'sample_size': 790, 'difference': 0, 'noise': 0.5, 'n': 79, 'shap_error': 0.01815810729611423, 'shap_norm_sq': 29.9722151943134}
{'sample_size': 790, 'difference': 0, 'noise': 1, 'n': 79, 'shap_error': 0.07890450662982663, 'shap_norm_sq': 29.9722151943134}
{'sample_size': 790, 'difference': 0, 'noise': 0.0005, 'n': 79, 'shap_error': 0.004566715352325467, 'shap_norm_sq': 54.61902873592742}
{'sample_size': 790, 'difference': 0, 'noise': 0.001, 'n': 79, 'shap_error': 0.005077763485893063, 'shap_norm_sq': 54.61902873592742}
{'sample_size': 790, 'difference': 0, 'noise': 0.005, 'n': 79, 'shap_error': 0.006123114617433058, 'shap_norm_sq': 54.61902873592742}
{'sample_size': 790, 'difference': 0, 'noise': 0.01, 'n': 79, 'shap_error': 0.0056771798803002625, 'shap_norm_sq': 54.61902873592742}
{'sample_size': 790, 'difference': 0, 'noise': 0.05, 'n': 79, 'shap_error': 0.003542479020800886, 'shap_norm_sq': 54.61902873592742}
{'sample_size': 790, 'difference': 0, 'noise': 0.1, 'n': 79, 'shap_error': 0.004861599676004892, 'shap_norm_sq': 54.61902873592742}
{'sample_size': 790, 'difference': 0, 'noise': 0.5, 'n': 79, 'shap_error': 0.02423565704732929, 'shap_norm_sq': 54.61902873592742}
{'sample_size': 790, 'difference': 0, 'noise': 1, 'n': 79, 'shap_error': 0.056588043590284506, 'shap_norm_sq': 54.61902873592742}
{'sample_size': 790, 'difference': 0, 'noise': 0.0005, 'n': 79, 'shap_error': 0.0022640253761105457, 'shap_norm_sq': 14.261537562424065}
{'sample_size': 790, 'difference': 0, 'noise': 0.001, 'n': 79, 'shap_error': 0.0023252423574342085, 'shap_norm_sq': 14.261537562424065}
{'sample_size': 790, 'difference': 0, 'noise': 0.005, 'n': 79, 'shap_error': 0.0019119013100332887, 'shap_norm_sq': 14.261537562424065}
{'sample_size': 790, 'difference': 0, 'noise': 0.01, 'n': 79, 'shap_error': 0.001557744601278831, 'shap_norm_sq': 14.261537562424065}
{'sample_size': 790, 'difference': 0, 'noise': 0.05, 'n': 79, 'shap_error': 0.001654544456796818, 'shap_norm_sq': 14.261537562424065}
{'sample_size': 790, 'difference': 0, 'noise': 0.1, 'n': 79, 'shap_error': 0.0031596667434899794, 'shap_norm_sq': 14.261537562424065}
{'sample_size': 790, 'difference': 0, 'noise': 0.5, 'n': 79, 'shap_error': 0.029094679747645777, 'shap_norm_sq': 14.261537562424065}
{'sample_size': 790, 'difference': 0, 'noise': 1, 'n': 79, 'shap_error': 0.12186409782832838, 'shap_norm_sq': 14.261537562424065}
{'sample_size': 790, 'difference': 0, 'noise': 0.0005, 'n': 79, 'shap_error': 3.2978507490545046e-05, 'shap_norm_sq': 217.16967585283393}
{'sample_size': 790, 'difference': 0, 'noise': 0.001, 'n': 79, 'shap_error': 2.6864487090683074e-05, 'shap_norm_sq': 217.16967585283393}
{'sample_size': 790, 'difference': 0, 'noise': 0.005, 'n': 79, 'shap_error': 2.336698974568359e-05, 'shap_norm_sq': 217.16967585283393}
{'sample_size': 790, 'difference': 0, 'noise': 0.01, 'n': 79, 'shap_error': 3.10039014946956e-05, 'shap_norm_sq': 217.16967585283393}
{'sample_size': 790, 'difference': 0, 'noise': 0.05, 'n': 79, 'shap_error': 5.165571393684698e-05, 'shap_norm_sq': 217.16967585283393}
{'sample_size': 790, 'difference': 0, 'noise': 0.1, 'n': 79, 'shap_error': 7.699096868611875e-05, 'shap_norm_sq': 217.16967585283393}
{'sample_size': 790, 'difference': 0, 'noise': 0.5, 'n': 79, 'shap_error': 0.0013427115366614925, 'shap_norm_sq': 217.16967585283393}
{'sample_size': 790, 'difference': 0, 'noise': 1, 'n': 79, 'shap_error': 0.007230750063472252, 'shap_norm_sq': 217.16967585283393}
{'sample_size': 790, 'difference': 0, 'noise': 0.0005, 'n': 79, 'shap_error': 0.008224475310234654, 'shap_norm_sq': 8.267981718114838}
{'sample_size': 790, 'difference': 0, 'noise': 0.001, 'n': 79, 'shap_error': 0.006653534801301217, 'shap_norm_sq': 8.267981718114838}
{'sample_size': 790, 'difference': 0, 'noise': 0.005, 'n': 79, 'shap_error': 0.005383859494164477, 'shap_norm_sq': 8.267981718114838}
{'sample_size': 790, 'difference': 0, 'noise': 0.01, 'n': 79, 'shap_error': 0.0060891087760929045, 'shap_norm_sq': 8.267981718114838}
{'sample_size': 790, 'difference': 0, 'noise': 0.05, 'n': 79, 'shap_error': 0.006466786807569392, 'shap_norm_sq': 8.267981718114838}
{'sample_size': 790, 'difference': 0, 'noise': 0.1, 'n': 79, 'shap_error': 0.009259552252552315, 'shap_norm_sq': 8.267981718114838}
{'sample_size': 790, 'difference': 0, 'noise': 0.5, 'n': 79, 'shap_error': 0.04052913915492809, 'shap_norm_sq': 8.267981718114838}
{'sample_size': 790, 'difference': 0, 'noise': 1, 'n': 79, 'shap_error': 0.2699157934396771, 'shap_norm_sq': 8.267981718114838}
{'sample_size': 790, 'difference': 0, 'noise': 0.0005, 'n': 79, 'shap_error': 0.00257957219766888, 'shap_norm_sq': 137.97079552077298}
{'sample_size': 790, 'difference': 0, 'noise': 0.001, 'n': 79, 'shap_error': 0.0016908895351151973, 'shap_norm_sq': 137.97079552077298}
{'sample_size': 790, 'difference': 0, 'noise': 0.005, 'n': 79, 'shap_error': 0.0031559720254152514, 'shap_norm_sq': 137.97079552077298}
{'sample_size': 790, 'difference': 0, 'noise': 0.01, 'n': 79, 'shap_error': 0.002447661795974907, 'shap_norm_sq': 137.97079552077298}
{'sample_size': 790, 'difference': 0, 'noise': 0.05, 'n': 79, 'shap_error': 0.0031068632581553648, 'shap_norm_sq': 137.97079552077298}
{'sample_size': 790, 'difference': 0, 'noise': 0.1, 'n': 79, 'shap_error': 0.0024662101207141925, 'shap_norm_sq': 137.97079552077298}
{'sample_size': 790, 'difference': 0, 'noise': 0.5, 'n': 79, 'shap_error': 0.003663395170414412, 'shap_norm_sq': 137.97079552077298}
{'sample_size': 790, 'difference': 0, 'noise': 1, 'n': 79, 'shap_error': 0.010359137687036342, 'shap_norm_sq': 137.97079552077298}
{'sample_size': 790, 'difference': 0, 'noise': 0.0005, 'n': 79, 'shap_error': 0.010016258389211604, 'shap_norm_sq': 38.069153253841534}
{'sample_size': 790, 'difference': 0, 'noise': 0.001, 'n': 79, 'shap_error': 0.011289838712490266, 'shap_norm_sq': 38.069153253841534}
{'sample_size': 790, 'difference': 0, 'noise': 0.005, 'n': 79, 'shap_error': 0.011026081303321607, 'shap_norm_sq': 38.069153253841534}
{'sample_size': 790, 'difference': 0, 'noise': 0.01, 'n': 79, 'shap_error': 0.009102900987364184, 'shap_norm_sq': 38.069153253841534}
{'sample_size': 790, 'difference': 0, 'noise': 0.05, 'n': 79, 'shap_error': 0.013089506834684071, 'shap_norm_sq': 38.069153253841534}
{'sample_size': 790, 'difference': 0, 'noise': 0.1, 'n': 79, 'shap_error': 0.010237604333073533, 'shap_norm_sq': 38.069153253841534}
{'sample_size': 790, 'difference': 0, 'noise': 0.5, 'n': 79, 'shap_error': 0.01706846810594161, 'shap_norm_sq': 38.069153253841534}
{'sample_size': 790, 'difference': 0, 'noise': 1, 'n': 79, 'shap_error': 0.05237735576087476, 'shap_norm_sq': 38.069153253841534}
{'sample_size': 790, 'difference': 0, 'noise': 0.0005, 'n': 79, 'shap_error': 0.002965135917896763, 'shap_norm_sq': 7.395873394416008}
{'sample_size': 790, 'difference': 0, 'noise': 0.001, 'n': 79, 'shap_error': 0.0034702001167302298, 'shap_norm_sq': 7.395873394416008}
{'sample_size': 790, 'difference': 0, 'noise': 0.005, 'n': 79, 'shap_error': 0.002707627743406905, 'shap_norm_sq': 7.395873394416008}
{'sample_size': 790, 'difference': 0, 'noise': 0.01, 'n': 79, 'shap_error': 0.00295851727729392, 'shap_norm_sq': 7.395873394416008}
{'sample_size': 790, 'difference': 0, 'noise': 0.05, 'n': 79, 'shap_error': 0.0038594772368418895, 'shap_norm_sq': 7.395873394416008}
{'sample_size': 790, 'difference': 0, 'noise': 0.1, 'n': 79, 'shap_error': 0.007654481805780221, 'shap_norm_sq': 7.395873394416008}
{'sample_size': 790, 'difference': 0, 'noise': 0.5, 'n': 79, 'shap_error': 0.11443284884797851, 'shap_norm_sq': 7.395873394416008}
{'sample_size': 790, 'difference': 0, 'noise': 1, 'n': 79, 'shap_error': 0.33428174108221587, 'shap_norm_sq': 7.395873394416008}
{'sample_size': 790, 'difference': 0, 'noise': 0.0005, 'n': 79, 'shap_error': 0.012458616842135234, 'shap_norm_sq': 27.240661245642713}
{'sample_size': 790, 'difference': 0, 'noise': 0.001, 'n': 79, 'shap_error': 0.011509505485435521, 'shap_norm_sq': 27.240661245642713}
{'sample_size': 790, 'difference': 0, 'noise': 0.005, 'n': 79, 'shap_error': 0.012061300345987137, 'shap_norm_sq': 27.240661245642713}
{'sample_size': 790, 'difference': 0, 'noise': 0.01, 'n': 79, 'shap_error': 0.010265169556736694, 'shap_norm_sq': 27.240661245642713}
{'sample_size': 790, 'difference': 0, 'noise': 0.05, 'n': 79, 'shap_error': 0.007799374503745555, 'shap_norm_sq': 27.240661245642713}
{'sample_size': 790, 'difference': 0, 'noise': 0.1, 'n': 79, 'shap_error': 0.009747681070303781, 'shap_norm_sq': 27.240661245642713}
{'sample_size': 790, 'difference': 0, 'noise': 0.5, 'n': 79, 'shap_error': 0.033602479316852556, 'shap_norm_sq': 27.240661245642713}
{'sample_size': 790, 'difference': 0, 'noise': 1, 'n': 79, 'shap_error': 0.06032109512776868, 'shap_norm_sq': 27.240661245642713}
{'sample_size': 790, 'difference': 0, 'noise': 0.0005, 'n': 79, 'shap_error': 0.00303161338547164, 'shap_norm_sq': 18.594602876752948}
{'sample_size': 790, 'difference': 0, 'noise': 0.001, 'n': 79, 'shap_error': 0.0032203267309080363, 'shap_norm_sq': 18.594602876752948}
{'sample_size': 790, 'difference': 0, 'noise': 0.005, 'n': 79, 'shap_error': 0.003944577012022094, 'shap_norm_sq': 18.594602876752948}
{'sample_size': 790, 'difference': 0, 'noise': 0.01, 'n': 79, 'shap_error': 0.0034045889142728437, 'shap_norm_sq': 18.594602876752948}
{'sample_size': 790, 'difference': 0, 'noise': 0.05, 'n': 79, 'shap_error': 0.003966426254620507, 'shap_norm_sq': 18.594602876752948}
{'sample_size': 790, 'difference': 0, 'noise': 0.1, 'n': 79, 'shap_error': 0.004092134071252457, 'shap_norm_sq': 18.594602876752948}
{'sample_size': 790, 'difference': 0, 'noise': 0.5, 'n': 79, 'shap_error': 0.02574551619724796, 'shap_norm_sq': 18.594602876752948}
{'sample_size': 790, 'difference': 0, 'noise': 1, 'n': 79, 'shap_error': 0.08407451594209384, 'shap_norm_sq': 18.594602876752948}
{'sample_size': 790, 'difference': 0, 'noise': 0.0005, 'n': 79, 'shap_error': 0.0003408604104721697, 'shap_norm_sq': 14.200401372548487}
{'sample_size': 790, 'difference': 0, 'noise': 0.001, 'n': 79, 'shap_error': 0.0003302758124886078, 'shap_norm_sq': 14.200401372548487}
{'sample_size': 790, 'difference': 0, 'noise': 0.005, 'n': 79, 'shap_error': 0.0004082947614913109, 'shap_norm_sq': 14.200401372548487}
{'sample_size': 790, 'difference': 0, 'noise': 0.01, 'n': 79, 'shap_error': 0.0003900814144007332, 'shap_norm_sq': 14.200401372548487}
{'sample_size': 790, 'difference': 0, 'noise': 0.05, 'n': 79, 'shap_error': 0.0008885972590291645, 'shap_norm_sq': 14.200401372548487}
{'sample_size': 790, 'difference': 0, 'noise': 0.1, 'n': 79, 'shap_error': 0.001600567051138504, 'shap_norm_sq': 14.200401372548487}
{'sample_size': 790, 'difference': 0, 'noise': 0.5, 'n': 79, 'shap_error': 0.02914736440442135, 'shap_norm_sq': 14.200401372548487}
{'sample_size': 790, 'difference': 0, 'noise': 1, 'n': 79, 'shap_error': 0.10886110205710096, 'shap_norm_sq': 14.200401372548487}
{'sample_size': 790, 'difference': 0, 'noise': 0.0005, 'n': 79, 'shap_error': 0.0014395078587609823, 'shap_norm_sq': 267.8485691590223}
{'sample_size': 790, 'difference': 0, 'noise': 0.001, 'n': 79, 'shap_error': 0.0018541275479658627, 'shap_norm_sq': 267.8485691590223}
{'sample_size': 790, 'difference': 0, 'noise': 0.005, 'n': 79, 'shap_error': 0.00161154941989999, 'shap_norm_sq': 267.8485691590223}
{'sample_size': 790, 'difference': 0, 'noise': 0.01, 'n': 79, 'shap_error': 0.0014316287260210964, 'shap_norm_sq': 267.8485691590223}
{'sample_size': 790, 'difference': 0, 'noise': 0.05, 'n': 79, 'shap_error': 0.001604375366193183, 'shap_norm_sq': 267.8485691590223}
{'sample_size': 790, 'difference': 0, 'noise': 0.1, 'n': 79, 'shap_error': 0.0012111116264047841, 'shap_norm_sq': 267.8485691590223}
{'sample_size': 790, 'difference': 0, 'noise': 0.5, 'n': 79, 'shap_error': 0.003414953472618125, 'shap_norm_sq': 267.8485691590223}
{'sample_size': 790, 'difference': 0, 'noise': 1, 'n': 79, 'shap_error': 0.0072777446993639566, 'shap_norm_sq': 267.8485691590223}
{'sample_size': 790, 'difference': 0, 'noise': 0.0005, 'n': 79, 'shap_error': 0.0017674558967651216, 'shap_norm_sq': 10.899291280782567}
{'sample_size': 790, 'difference': 0, 'noise': 0.001, 'n': 79, 'shap_error': 0.0015435430555089224, 'shap_norm_sq': 10.899291280782567}
{'sample_size': 790, 'difference': 0, 'noise': 0.005, 'n': 79, 'shap_error': 0.001301917384133206, 'shap_norm_sq': 10.899291280782567}
{'sample_size': 790, 'difference': 0, 'noise': 0.01, 'n': 79, 'shap_error': 0.0023860550104992987, 'shap_norm_sq': 10.899291280782567}
{'sample_size': 790, 'difference': 0, 'noise': 0.05, 'n': 79, 'shap_error': 0.0020968650113219853, 'shap_norm_sq': 10.899291280782567}
{'sample_size': 790, 'difference': 0, 'noise': 0.1, 'n': 79, 'shap_error': 0.005014793960475959, 'shap_norm_sq': 10.899291280782567}
{'sample_size': 790, 'difference': 0, 'noise': 0.5, 'n': 79, 'shap_error': 0.07291481113459417, 'shap_norm_sq': 10.899291280782567}
{'sample_size': 790, 'difference': 0, 'noise': 1, 'n': 79, 'shap_error': 0.25550565938306424, 'shap_norm_sq': 10.899291280782567}
{'sample_size': 790, 'difference': 0, 'noise': 0.0005, 'n': 79, 'shap_error': 0.002469892426635257, 'shap_norm_sq': 53.62727347241663}
{'sample_size': 790, 'difference': 0, 'noise': 0.001, 'n': 79, 'shap_error': 0.003025848551024848, 'shap_norm_sq': 53.62727347241663}
{'sample_size': 790, 'difference': 0, 'noise': 0.005, 'n': 79, 'shap_error': 0.003408076074724284, 'shap_norm_sq': 53.62727347241663}
{'sample_size': 790, 'difference': 0, 'noise': 0.01, 'n': 79, 'shap_error': 0.00252071649938057, 'shap_norm_sq': 53.62727347241663}
{'sample_size': 790, 'difference': 0, 'noise': 0.05, 'n': 79, 'shap_error': 0.001791900266648449, 'shap_norm_sq': 53.62727347241663}
{'sample_size': 790, 'difference': 0, 'noise': 0.1, 'n': 79, 'shap_error': 0.0035927911273484995, 'shap_norm_sq': 53.62727347241663}
{'sample_size': 790, 'difference': 0, 'noise': 0.5, 'n': 79, 'shap_error': 0.011232595051916308, 'shap_norm_sq': 53.62727347241663}
{'sample_size': 790, 'difference': 0, 'noise': 1, 'n': 79, 'shap_error': 0.049263881360062343, 'shap_norm_sq': 53.62727347241663}
{'sample_size': 790, 'difference': 0, 'noise': 0.0005, 'n': 79, 'shap_error': 0.0023888497628354595, 'shap_norm_sq': 17.237921310588675}
{'sample_size': 790, 'difference': 0, 'noise': 0.001, 'n': 79, 'shap_error': 0.0018724314591152752, 'shap_norm_sq': 17.237921310588675}
{'sample_size': 790, 'difference': 0, 'noise': 0.005, 'n': 79, 'shap_error': 0.0017100852340429726, 'shap_norm_sq': 17.237921310588675}
{'sample_size': 790, 'difference': 0, 'noise': 0.01, 'n': 79, 'shap_error': 0.0018030198774933932, 'shap_norm_sq': 17.237921310588675}
{'sample_size': 790, 'difference': 0, 'noise': 0.05, 'n': 79, 'shap_error': 0.0020543037185234, 'shap_norm_sq': 17.237921310588675}
{'sample_size': 790, 'difference': 0, 'noise': 0.1, 'n': 79, 'shap_error': 0.0038201472096797235, 'shap_norm_sq': 17.237921310588675}
{'sample_size': 790, 'difference': 0, 'noise': 0.5, 'n': 79, 'shap_error': 0.030838645936966173, 'shap_norm_sq': 17.237921310588675}
{'sample_size': 790, 'difference': 0, 'noise': 1, 'n': 79, 'shap_error': 0.11868806093050013, 'shap_norm_sq': 17.237921310588675}
{'sample_size': 790, 'difference': 0, 'noise': 0.0005, 'n': 79, 'shap_error': 0.0012829678923958034, 'shap_norm_sq': 64.03103352314389}
{'sample_size': 790, 'difference': 0, 'noise': 0.001, 'n': 79, 'shap_error': 0.0014000555611951633, 'shap_norm_sq': 64.03103352314389}
{'sample_size': 790, 'difference': 0, 'noise': 0.005, 'n': 79, 'shap_error': 0.0016415336671509891, 'shap_norm_sq': 64.03103352314389}
{'sample_size': 790, 'difference': 0, 'noise': 0.01, 'n': 79, 'shap_error': 0.001966037891843359, 'shap_norm_sq': 64.03103352314389}
{'sample_size': 790, 'difference': 0, 'noise': 0.05, 'n': 79, 'shap_error': 0.0016005151179836242, 'shap_norm_sq': 64.03103352314389}
{'sample_size': 790, 'difference': 0, 'noise': 0.1, 'n': 79, 'shap_error': 0.0016027586443252777, 'shap_norm_sq': 64.03103352314389}
{'sample_size': 790, 'difference': 0, 'noise': 0.5, 'n': 79, 'shap_error': 0.008946362464887177, 'shap_norm_sq': 64.03103352314389}
{'sample_size': 790, 'difference': 0, 'noise': 1, 'n': 79, 'shap_error': 0.022035009394425018, 'shap_norm_sq': 64.03103352314389}
{'sample_size': 790, 'difference': 0, 'noise': 0.0005, 'n': 79, 'shap_error': 0.017283821848690706, 'shap_norm_sq': 16.432595461674634}
{'sample_size': 790, 'difference': 0, 'noise': 0.001, 'n': 79, 'shap_error': 0.010425942901566006, 'shap_norm_sq': 16.432595461674634}
{'sample_size': 790, 'difference': 0, 'noise': 0.005, 'n': 79, 'shap_error': 0.01764333732969965, 'shap_norm_sq': 16.432595461674634}
{'sample_size': 790, 'difference': 0, 'noise': 0.01, 'n': 79, 'shap_error': 0.012716498501447487, 'shap_norm_sq': 16.432595461674634}
{'sample_size': 790, 'difference': 0, 'noise': 0.05, 'n': 79, 'shap_error': 0.00974321969331273, 'shap_norm_sq': 16.432595461674634}
{'sample_size': 790, 'difference': 0, 'noise': 0.1, 'n': 79, 'shap_error': 0.017722529764353824, 'shap_norm_sq': 16.432595461674634}
{'sample_size': 790, 'difference': 0, 'noise': 0.5, 'n': 79, 'shap_error': 0.04284322003978558, 'shap_norm_sq': 16.432595461674634}
{'sample_size': 790, 'difference': 0, 'noise': 1, 'n': 79, 'shap_error': 0.10981475010182834, 'shap_norm_sq': 16.432595461674634}
{'sample_size': 790, 'difference': 0, 'noise': 0.0005, 'n': 79, 'shap_error': 0.003676324885443461, 'shap_norm_sq': 23.674530760321304}
{'sample_size': 790, 'difference': 0, 'noise': 0.001, 'n': 79, 'shap_error': 0.004157677309291545, 'shap_norm_sq': 23.674530760321304}
{'sample_size': 790, 'difference': 0, 'noise': 0.005, 'n': 79, 'shap_error': 0.0025442471015501926, 'shap_norm_sq': 23.674530760321304}
{'sample_size': 790, 'difference': 0, 'noise': 0.01, 'n': 79, 'shap_error': 0.0030765843845119976, 'shap_norm_sq': 23.674530760321304}
{'sample_size': 790, 'difference': 0, 'noise': 0.05, 'n': 79, 'shap_error': 0.003457845507064659, 'shap_norm_sq': 23.674530760321304}
{'sample_size': 790, 'difference': 0, 'noise': 0.1, 'n': 79, 'shap_error': 0.005837160988173102, 'shap_norm_sq': 23.674530760321304}
{'sample_size': 790, 'difference': 0, 'noise': 0.5, 'n': 79, 'shap_error': 0.020437841842614473, 'shap_norm_sq': 23.674530760321304}
{'sample_size': 790, 'difference': 0, 'noise': 1, 'n': 79, 'shap_error': 0.06554720025454089, 'shap_norm_sq': 23.674530760321304}
{'sample_size': 790, 'difference': 0, 'noise': 0.0005, 'n': 79, 'shap_error': 0.0003847421942150575, 'shap_norm_sq': 18.46458961757078}
{'sample_size': 790, 'difference': 0, 'noise': 0.001, 'n': 79, 'shap_error': 0.0005764360268490593, 'shap_norm_sq': 18.46458961757078}
{'sample_size': 790, 'difference': 0, 'noise': 0.005, 'n': 79, 'shap_error': 0.0005668252038303041, 'shap_norm_sq': 18.46458961757078}
{'sample_size': 790, 'difference': 0, 'noise': 0.01, 'n': 79, 'shap_error': 0.0006990183851939202, 'shap_norm_sq': 18.46458961757078}
{'sample_size': 790, 'difference': 0, 'noise': 0.05, 'n': 79, 'shap_error': 0.0007614451946360005, 'shap_norm_sq': 18.46458961757078}
{'sample_size': 790, 'difference': 0, 'noise': 0.1, 'n': 79, 'shap_error': 0.0012000462303937331, 'shap_norm_sq': 18.46458961757078}
{'sample_size': 790, 'difference': 0, 'noise': 0.5, 'n': 79, 'shap_error': 0.02055113261898749, 'shap_norm_sq': 18.46458961757078}
{'sample_size': 790, 'difference': 0, 'noise': 1, 'n': 79, 'shap_error': 0.08116081013677943, 'shap_norm_sq': 18.46458961757078}
{'sample_size': 790, 'difference': 0, 'noise': 0.0005, 'n': 79, 'shap_error': 0.0031139410451243507, 'shap_norm_sq': 234.91135371423638}
{'sample_size': 790, 'difference': 0, 'noise': 0.001, 'n': 79, 'shap_error': 0.0037238056660785293, 'shap_norm_sq': 234.91135371423638}
{'sample_size': 790, 'difference': 0, 'noise': 0.005, 'n': 79, 'shap_error': 0.003259983638346402, 'shap_norm_sq': 234.91135371423638}
{'sample_size': 790, 'difference': 0, 'noise': 0.01, 'n': 79, 'shap_error': 0.003675007356244755, 'shap_norm_sq': 234.91135371423638}
{'sample_size': 790, 'difference': 0, 'noise': 0.05, 'n': 79, 'shap_error': 0.00364602930575501, 'shap_norm_sq': 234.91135371423638}
{'sample_size': 790, 'difference': 0, 'noise': 0.1, 'n': 79, 'shap_error': 0.003585601990505893, 'shap_norm_sq': 234.91135371423638}
{'sample_size': 790, 'difference': 0, 'noise': 0.5, 'n': 79, 'shap_error': 0.005923397628033604, 'shap_norm_sq': 234.91135371423638}
{'sample_size': 790, 'difference': 0, 'noise': 1, 'n': 79, 'shap_error': 0.008807666876199528, 'shap_norm_sq': 234.91135371423638}
{'sample_size': 790, 'difference': 0, 'noise': 0.0005, 'n': 79, 'shap_error': 0.0006091946222942768, 'shap_norm_sq': 170.4287067676861}
{'sample_size': 790, 'difference': 0, 'noise': 0.001, 'n': 79, 'shap_error': 0.0007946732626171734, 'shap_norm_sq': 170.4287067676861}
{'sample_size': 790, 'difference': 0, 'noise': 0.005, 'n': 79, 'shap_error': 0.0007713333793226533, 'shap_norm_sq': 170.4287067676861}
{'sample_size': 790, 'difference': 0, 'noise': 0.01, 'n': 79, 'shap_error': 0.0008068957149613398, 'shap_norm_sq': 170.4287067676861}
{'sample_size': 790, 'difference': 0, 'noise': 0.05, 'n': 79, 'shap_error': 0.0006308944267596209, 'shap_norm_sq': 170.4287067676861}
{'sample_size': 790, 'difference': 0, 'noise': 0.1, 'n': 79, 'shap_error': 0.0007697641886906047, 'shap_norm_sq': 170.4287067676861}
{'sample_size': 790, 'difference': 0, 'noise': 0.5, 'n': 79, 'shap_error': 0.00515568010971844, 'shap_norm_sq': 170.4287067676861}
{'sample_size': 790, 'difference': 0, 'noise': 1, 'n': 79, 'shap_error': 0.019126379997789114, 'shap_norm_sq': 170.4287067676861}
