{'sample_size': 500, 'difference': 0, 'noise': 0, 'n': 12, 'alpha': 0.2, 'shap_error': 0.010944380883645261, 'shap_norm_sq': 7.680000000000017, 'weighted_error': 1.001498983027212, 'gamma': 0.06249999999999987}
{'sample_size': 500, 'difference': 0, 'noise': 0, 'n': 12, 'alpha': 0.3, 'shap_error': 0.014315633288959927, 'shap_norm_sq': 5.880000000000017, 'weighted_error': 1.0007801763016209, 'gamma': 0.1836734693877546}
{'sample_size': 500, 'difference': 0, 'noise': 0, 'n': 12, 'alpha': 0.4, 'shap_error': 0.020453634251212636, 'shap_norm_sq': 4.319999999999995, 'weighted_error': 1.0026178992874502, 'gamma': 0.4444444444444451}
{'sample_size': 500, 'difference': 0, 'noise': 0, 'n': 12, 'alpha': 0.5, 'shap_error': 0.0294006358007532, 'shap_norm_sq': 3.000000000000004, 'weighted_error': 1.0016228580229753, 'gamma': 0.9999999999999984}
{'sample_size': 500, 'difference': 0, 'noise': 0, 'n': 12, 'alpha': 0.6, 'shap_error': 0.04523045911070166, 'shap_norm_sq': 1.920000000000003, 'weighted_error': 1.000812302814633, 'gamma': 2.249999999999996}
{'sample_size': 500, 'difference': 0, 'noise': 0, 'n': 12, 'alpha': 0.7, 'shap_error': 0.08860618313739062, 'shap_norm_sq': 1.0800000000000078, 'weighted_error': 1.0021022694651442, 'gamma': 5.444444444444405}
{'sample_size': 500, 'difference': 0, 'noise': 0, 'n': 12, 'alpha': 0.8, 'shap_error': 0.19322898032277583, 'shap_norm_sq': 0.4800000000000006, 'weighted_error': 1.0012261168257288, 'gamma': 15.99999999999999}
{'sample_size': 500, 'difference': 0, 'noise': 0, 'n': 12, 'alpha': 0.2, 'shap_error': 0.010903589104048105, 'shap_norm_sq': 7.680000000000017, 'weighted_error': 1.0008463145536568, 'gamma': 0.06249999999999987}
{'sample_size': 500, 'difference': 0, 'noise': 0, 'n': 12, 'alpha': 0.3, 'shap_error': 0.01480561149209801, 'shap_norm_sq': 5.880000000000017, 'weighted_error': 1.0034478354075953, 'gamma': 0.1836734693877546}
{'sample_size': 500, 'difference': 0, 'noise': 0, 'n': 12, 'alpha': 0.4, 'shap_error': 0.019957021572953815, 'shap_norm_sq': 4.319999999999995, 'weighted_error': 1.0015005207613679, 'gamma': 0.4444444444444451}
{'sample_size': 500, 'difference': 0, 'noise': 0, 'n': 12, 'alpha': 0.5, 'shap_error': 0.030239633834677575, 'shap_norm_sq': 3.000000000000004, 'weighted_error': 1.0024618560568994, 'gamma': 0.9999999999999984}
{'sample_size': 500, 'difference': 0, 'noise': 0, 'n': 12, 'alpha': 0.6, 'shap_error': 0.0474167345478579, 'shap_norm_sq': 1.920000000000003, 'weighted_error': 1.0017839807867022, 'gamma': 2.249999999999996}
{'sample_size': 500, 'difference': 0, 'noise': 0, 'n': 12, 'alpha': 0.7, 'shap_error': 0.07963687247938135, 'shap_norm_sq': 1.0800000000000078, 'weighted_error': 1.0004548450585713, 'gamma': 5.444444444444405}
{'sample_size': 500, 'difference': 0, 'noise': 0, 'n': 12, 'alpha': 0.8, 'shap_error': 0.19031536587268225, 'shap_norm_sq': 0.4800000000000006, 'weighted_error': 1.0010440159225982, 'gamma': 15.99999999999999}
{'sample_size': 500, 'difference': 0, 'noise': 0, 'n': 12, 'alpha': 0.2, 'shap_error': 0.010911655327532977, 'shap_norm_sq': 7.680000000000017, 'weighted_error': 1.0009753741294147, 'gamma': 0.06249999999999987}
{'sample_size': 500, 'difference': 0, 'noise': 0, 'n': 12, 'alpha': 0.3, 'shap_error': 0.014268546039404945, 'shap_norm_sq': 5.880000000000017, 'weighted_error': 1.0005238123873772, 'gamma': 0.1836734693877546}
{'sample_size': 500, 'difference': 0, 'noise': 0, 'n': 12, 'alpha': 0.4, 'shap_error': 0.019933386881068587, 'shap_norm_sq': 4.319999999999995, 'weighted_error': 1.0014473427046258, 'gamma': 0.4444444444444451}
{'sample_size': 500, 'difference': 0, 'noise': 0, 'n': 12, 'alpha': 0.5, 'shap_error': 0.028239563682955746, 'shap_norm_sq': 3.000000000000004, 'weighted_error': 1.000461785905178, 'gamma': 0.9999999999999984}
{'sample_size': 500, 'difference': 0, 'noise': 0, 'n': 12, 'alpha': 0.6, 'shap_error': 0.04679179670173066, 'shap_norm_sq': 1.920000000000003, 'weighted_error': 1.0015062306328684, 'gamma': 2.249999999999996}
{'sample_size': 500, 'difference': 0, 'noise': 0, 'n': 12, 'alpha': 0.7, 'shap_error': 0.0836254882641608, 'shap_norm_sq': 1.0800000000000078, 'weighted_error': 1.0011874479578164, 'gamma': 5.444444444444405}
{'sample_size': 500, 'difference': 0, 'noise': 0, 'n': 12, 'alpha': 0.8, 'shap_error': 0.1988002746164399, 'shap_norm_sq': 0.4800000000000006, 'weighted_error': 1.001574322719083, 'gamma': 15.99999999999999}
{'sample_size': 500, 'difference': 0, 'noise': 0, 'n': 12, 'alpha': 0.2, 'shap_error': 0.011080688604690322, 'shap_norm_sq': 7.680000000000017, 'weighted_error': 1.0036799065639326, 'gamma': 0.06249999999999987}
{'sample_size': 500, 'difference': 0, 'noise': 0, 'n': 12, 'alpha': 0.3, 'shap_error': 0.014280991464564017, 'shap_norm_sq': 5.880000000000017, 'weighted_error': 1.0005915708132431, 'gamma': 0.1836734693877546}
{'sample_size': 500, 'difference': 0, 'noise': 0, 'n': 12, 'alpha': 0.4, 'shap_error': 0.019703485309054188, 'shap_norm_sq': 4.319999999999995, 'weighted_error': 1.0009300641675936, 'gamma': 0.4444444444444451}
{'sample_size': 500, 'difference': 0, 'noise': 0, 'n': 12, 'alpha': 0.5, 'shap_error': 0.02968973762230392, 'shap_norm_sq': 3.000000000000004, 'weighted_error': 1.0019119598445263, 'gamma': 0.9999999999999984}
{'sample_size': 500, 'difference': 0, 'noise': 0, 'n': 12, 'alpha': 0.6, 'shap_error': 0.045938802246975975, 'shap_norm_sq': 1.920000000000003, 'weighted_error': 1.0011271219863105, 'gamma': 2.249999999999996}
{'sample_size': 500, 'difference': 0, 'noise': 0, 'n': 12, 'alpha': 0.7, 'shap_error': 0.0808927894004496, 'shap_norm_sq': 1.0800000000000078, 'weighted_error': 1.0006855236767265, 'gamma': 5.444444444444405}
{'sample_size': 500, 'difference': 0, 'noise': 0, 'n': 12, 'alpha': 0.8, 'shap_error': 0.18768351528542682, 'shap_norm_sq': 0.4800000000000006, 'weighted_error': 1.0008795252608946, 'gamma': 15.99999999999999}
{'sample_size': 500, 'difference': 0, 'noise': 0, 'n': 12, 'alpha': 0.2, 'shap_error': 0.010993962021582619, 'shap_norm_sq': 7.680000000000017, 'weighted_error': 1.0022922812342094, 'gamma': 0.06249999999999987}
{'sample_size': 500, 'difference': 0, 'noise': 0, 'n': 12, 'alpha': 0.3, 'shap_error': 0.0144704063932144, 'shap_norm_sq': 5.880000000000017, 'weighted_error': 1.0016228298692282, 'gamma': 0.1836734693877546}
{'sample_size': 500, 'difference': 0, 'noise': 0, 'n': 12, 'alpha': 0.4, 'shap_error': 0.019971472006551846, 'shap_norm_sq': 4.319999999999995, 'weighted_error': 1.0015330342369633, 'gamma': 0.4444444444444451}
{'sample_size': 500, 'difference': 0, 'noise': 0, 'n': 12, 'alpha': 0.5, 'shap_error': 0.029932991144126335, 'shap_norm_sq': 3.000000000000004, 'weighted_error': 1.0021552133663483, 'gamma': 0.9999999999999984}
{'sample_size': 500, 'difference': 0, 'noise': 0, 'n': 12, 'alpha': 0.6, 'shap_error': 0.04812723075734092, 'shap_norm_sq': 1.920000000000003, 'weighted_error': 1.0020997568798058, 'gamma': 2.249999999999996}
{'sample_size': 500, 'difference': 0, 'noise': 0, 'n': 12, 'alpha': 0.7, 'shap_error': 0.08749640171450272, 'shap_norm_sq': 1.0800000000000078, 'weighted_error': 1.0018984320609405, 'gamma': 5.444444444444405}
{'sample_size': 500, 'difference': 0, 'noise': 0, 'n': 12, 'alpha': 0.8, 'shap_error': 0.2096565639433631, 'shap_norm_sq': 0.4800000000000006, 'weighted_error': 1.0022528408020157, 'gamma': 15.99999999999999}
{'sample_size': 500, 'difference': 0, 'noise': 0, 'n': 12, 'alpha': 0.2, 'shap_error': 0.01098240684227282, 'shap_norm_sq': 7.680000000000017, 'weighted_error': 1.0021073983652518, 'gamma': 0.06249999999999987}
{'sample_size': 500, 'difference': 0, 'noise': 0, 'n': 12, 'alpha': 0.3, 'shap_error': 0.014543602190813824, 'shap_norm_sq': 5.880000000000017, 'weighted_error': 1.0020213403228253, 'gamma': 0.1836734693877546}
{'sample_size': 500, 'difference': 0, 'noise': 0, 'n': 12, 'alpha': 0.4, 'shap_error': 0.020139573909120963, 'shap_norm_sq': 4.319999999999995, 'weighted_error': 1.0019112635177436, 'gamma': 0.4444444444444451}
{'sample_size': 500, 'difference': 0, 'noise': 0, 'n': 12, 'alpha': 0.5, 'shap_error': 0.030305960257005368, 'shap_norm_sq': 3.000000000000004, 'weighted_error': 1.0025281824792271, 'gamma': 0.9999999999999984}
{'sample_size': 500, 'difference': 0, 'noise': 0, 'n': 12, 'alpha': 0.6, 'shap_error': 0.04536303977882101, 'shap_norm_sq': 1.920000000000003, 'weighted_error': 1.000871227556019, 'gamma': 2.249999999999996}
{'sample_size': 500, 'difference': 0, 'noise': 0, 'n': 12, 'alpha': 0.7, 'shap_error': 0.08009335402014932, 'shap_norm_sq': 1.0800000000000078, 'weighted_error': 1.0005386886068757, 'gamma': 5.444444444444405}
{'sample_size': 500, 'difference': 0, 'noise': 0, 'n': 12, 'alpha': 0.8, 'shap_error': 0.21744709011984817, 'shap_norm_sq': 0.4800000000000006, 'weighted_error': 1.002739748688046, 'gamma': 15.99999999999999}
{'sample_size': 500, 'difference': 0, 'noise': 0, 'n': 12, 'alpha': 0.2, 'shap_error': 0.011001950953617013, 'shap_norm_sq': 7.680000000000017, 'weighted_error': 1.0024201041467597, 'gamma': 0.06249999999999987}
{'sample_size': 500, 'difference': 0, 'noise': 0, 'n': 12, 'alpha': 0.3, 'shap_error': 0.01455218952163378, 'shap_norm_sq': 5.880000000000017, 'weighted_error': 1.0020680935684012, 'gamma': 0.1836734693877546}
{'sample_size': 500, 'difference': 0, 'noise': 0, 'n': 12, 'alpha': 0.4, 'shap_error': 0.019819632577096676, 'shap_norm_sq': 4.319999999999995, 'weighted_error': 1.0011913955206895, 'gamma': 0.4444444444444451}
{'sample_size': 500, 'difference': 0, 'noise': 0, 'n': 12, 'alpha': 0.5, 'shap_error': 0.02903444389083766, 'shap_norm_sq': 3.000000000000004, 'weighted_error': 1.00125666611306, 'gamma': 0.9999999999999984}
{'sample_size': 500, 'difference': 0, 'noise': 0, 'n': 12, 'alpha': 0.6, 'shap_error': 0.04579687778875141, 'shap_norm_sq': 1.920000000000003, 'weighted_error': 1.0010640444493215, 'gamma': 2.249999999999996}
{'sample_size': 500, 'difference': 0, 'noise': 0, 'n': 12, 'alpha': 0.7, 'shap_error': 0.09220075126120121, 'shap_norm_sq': 1.0800000000000078, 'weighted_error': 1.0027624962633952, 'gamma': 5.444444444444405}
{'sample_size': 500, 'difference': 0, 'noise': 0, 'n': 12, 'alpha': 0.8, 'shap_error': 0.20343464599047156, 'shap_norm_sq': 0.4800000000000006, 'weighted_error': 1.00186397092996, 'gamma': 15.99999999999999}
{'sample_size': 500, 'difference': 0, 'noise': 0, 'n': 12, 'alpha': 0.2, 'shap_error': 0.010923266845594493, 'shap_norm_sq': 7.680000000000017, 'weighted_error': 1.0011611584183988, 'gamma': 0.06249999999999987}
{'sample_size': 500, 'difference': 0, 'noise': 0, 'n': 12, 'alpha': 0.3, 'shap_error': 0.014671174385264971, 'shap_norm_sq': 5.880000000000017, 'weighted_error': 1.0027159000481702, 'gamma': 0.1836734693877546}
{'sample_size': 500, 'difference': 0, 'noise': 0, 'n': 12, 'alpha': 0.4, 'shap_error': 0.019826866930229038, 'shap_norm_sq': 4.319999999999995, 'weighted_error': 1.0012076728152366, 'gamma': 0.4444444444444451}
{'sample_size': 500, 'difference': 0, 'noise': 0, 'n': 12, 'alpha': 0.5, 'shap_error': 0.031349097999053104, 'shap_norm_sq': 3.000000000000004, 'weighted_error': 1.0035713202212753, 'gamma': 0.9999999999999984}
{'sample_size': 500, 'difference': 0, 'noise': 0, 'n': 12, 'alpha': 0.6, 'shap_error': 0.04634392238543956, 'shap_norm_sq': 1.920000000000003, 'weighted_error': 1.0013071753811829, 'gamma': 2.249999999999996}
{'sample_size': 500, 'difference': 0, 'noise': 0, 'n': 12, 'alpha': 0.7, 'shap_error': 0.08606839900421649, 'shap_norm_sq': 1.0800000000000078, 'weighted_error': 1.001636145848847, 'gamma': 5.444444444444405}
{'sample_size': 500, 'difference': 0, 'noise': 0, 'n': 12, 'alpha': 0.8, 'shap_error': 0.1918791474123003, 'shap_norm_sq': 0.4800000000000006, 'weighted_error': 1.0011417522688244, 'gamma': 15.99999999999999}
{'sample_size': 500, 'difference': 0, 'noise': 0, 'n': 12, 'alpha': 0.2, 'shap_error': 0.011034218962175626, 'shap_norm_sq': 7.680000000000017, 'weighted_error': 1.0029363922836974, 'gamma': 0.06249999999999987}
{'sample_size': 500, 'difference': 0, 'noise': 0, 'n': 12, 'alpha': 0.3, 'shap_error': 0.014522787911877532, 'shap_norm_sq': 5.880000000000017, 'weighted_error': 1.001908018137506, 'gamma': 0.1836734693877546}
{'sample_size': 500, 'difference': 0, 'noise': 0, 'n': 12, 'alpha': 0.4, 'shap_error': 0.01977131923261041, 'shap_norm_sq': 4.319999999999995, 'weighted_error': 1.0010826904955952, 'gamma': 0.4444444444444451}
{'sample_size': 500, 'difference': 0, 'noise': 0, 'n': 12, 'alpha': 0.5, 'shap_error': 0.02965176180794087, 'shap_norm_sq': 3.000000000000004, 'weighted_error': 1.001873984030163, 'gamma': 0.9999999999999984}
{'sample_size': 500, 'difference': 0, 'noise': 0, 'n': 12, 'alpha': 0.6, 'shap_error': 0.047023473014494284, 'shap_norm_sq': 1.920000000000003, 'weighted_error': 1.001609197882985, 'gamma': 2.249999999999996}
{'sample_size': 500, 'difference': 0, 'noise': 0, 'n': 12, 'alpha': 0.7, 'shap_error': 0.09828674079019888, 'shap_norm_sq': 1.0800000000000078, 'weighted_error': 1.0038803310748436, 'gamma': 5.444444444444405}
{'sample_size': 500, 'difference': 0, 'noise': 0, 'n': 12, 'alpha': 0.8, 'shap_error': 0.1930416425874897, 'shap_norm_sq': 0.4800000000000006, 'weighted_error': 1.0012144082172736, 'gamma': 15.99999999999999}
{'sample_size': 500, 'difference': 0, 'noise': 0, 'n': 12, 'alpha': 0.2, 'shap_error': 0.010946999628641546, 'shap_norm_sq': 7.680000000000017, 'weighted_error': 1.001540882947152, 'gamma': 0.06249999999999987}
{'sample_size': 500, 'difference': 0, 'noise': 0, 'n': 12, 'alpha': 0.3, 'shap_error': 0.014426867016877426, 'shap_norm_sq': 5.880000000000017, 'weighted_error': 1.001385782153616, 'gamma': 0.1836734693877546}
{'sample_size': 500, 'difference': 0, 'noise': 0, 'n': 12, 'alpha': 0.4, 'shap_error': 0.020838832400218638, 'shap_norm_sq': 4.319999999999995, 'weighted_error': 1.0034845951227136, 'gamma': 0.4444444444444451}
{'sample_size': 500, 'difference': 0, 'noise': 0, 'n': 12, 'alpha': 0.5, 'shap_error': 0.029672260647091032, 'shap_norm_sq': 3.000000000000004, 'weighted_error': 1.001894482869313, 'gamma': 0.9999999999999984}
{'sample_size': 500, 'difference': 0, 'noise': 0, 'n': 12, 'alpha': 0.6, 'shap_error': 0.04553270558642144, 'shap_norm_sq': 1.920000000000003, 'weighted_error': 1.0009466345816198, 'gamma': 2.249999999999996}
{'sample_size': 500, 'difference': 0, 'noise': 0, 'n': 12, 'alpha': 0.7, 'shap_error': 0.08378336876859661, 'shap_norm_sq': 1.0800000000000078, 'weighted_error': 1.0012164464178146, 'gamma': 5.444444444444405}
{'sample_size': 500, 'difference': 0, 'noise': 0, 'n': 12, 'alpha': 0.8, 'shap_error': 0.20083071153427326, 'shap_norm_sq': 0.4800000000000006, 'weighted_error': 1.0017012250264474, 'gamma': 15.99999999999999}
{'sample_size': 500, 'difference': 0, 'noise': 0, 'n': 12, 'alpha': 0.2, 'shap_error': 0.01105169428965181, 'shap_norm_sq': 7.680000000000017, 'weighted_error': 1.0032159975233161, 'gamma': 0.06249999999999987}
{'sample_size': 500, 'difference': 0, 'noise': 0, 'n': 12, 'alpha': 0.3, 'shap_error': 0.014729747803364822, 'shap_norm_sq': 5.880000000000017, 'weighted_error': 1.0030347997689362, 'gamma': 0.1836734693877546}
{'sample_size': 500, 'difference': 0, 'noise': 0, 'n': 12, 'alpha': 0.4, 'shap_error': 0.019831614593967924, 'shap_norm_sq': 4.319999999999995, 'weighted_error': 1.0012183550586498, 'gamma': 0.4444444444444451}
{'sample_size': 500, 'difference': 0, 'noise': 0, 'n': 12, 'alpha': 0.5, 'shap_error': 0.02879735802001968, 'shap_norm_sq': 3.000000000000004, 'weighted_error': 1.0010195802422417, 'gamma': 0.9999999999999984}
{'sample_size': 500, 'difference': 0, 'noise': 0, 'n': 12, 'alpha': 0.6, 'shap_error': 0.04828192537212629, 'shap_norm_sq': 1.920000000000003, 'weighted_error': 1.0021685100419326, 'gamma': 2.249999999999996}
{'sample_size': 500, 'difference': 0, 'noise': 0, 'n': 12, 'alpha': 0.7, 'shap_error': 0.0872821562232633, 'shap_norm_sq': 1.0800000000000078, 'weighted_error': 1.001859080848264, 'gamma': 5.444444444444405}
{'sample_size': 500, 'difference': 0, 'noise': 0, 'n': 12, 'alpha': 0.8, 'shap_error': 0.20326628390389317, 'shap_norm_sq': 0.4800000000000006, 'weighted_error': 1.0018534482995487, 'gamma': 15.99999999999999}
{'sample_size': 500, 'difference': 0, 'noise': 0, 'n': 12, 'alpha': 0.2, 'shap_error': 0.010981047372130657, 'shap_norm_sq': 7.680000000000017, 'weighted_error': 1.0020856468429788, 'gamma': 0.06249999999999987}
{'sample_size': 500, 'difference': 0, 'noise': 0, 'n': 12, 'alpha': 0.3, 'shap_error': 0.014577099675465655, 'shap_norm_sq': 5.880000000000017, 'weighted_error': 1.0022037155170413, 'gamma': 0.1836734693877546}
{'sample_size': 500, 'difference': 0, 'noise': 0, 'n': 12, 'alpha': 0.4, 'shap_error': 0.02029723848727692, 'shap_norm_sq': 4.319999999999995, 'weighted_error': 1.002266008818595, 'gamma': 0.4444444444444451}
{'sample_size': 500, 'difference': 0, 'noise': 0, 'n': 12, 'alpha': 0.5, 'shap_error': 0.029743740847151996, 'shap_norm_sq': 3.000000000000004, 'weighted_error': 1.001965963069374, 'gamma': 0.9999999999999984}
{'sample_size': 500, 'difference': 0, 'noise': 0, 'n': 12, 'alpha': 0.6, 'shap_error': 0.04800918523943806, 'shap_norm_sq': 1.920000000000003, 'weighted_error': 1.0020472922051824, 'gamma': 2.249999999999996}
{'sample_size': 500, 'difference': 0, 'noise': 0, 'n': 12, 'alpha': 0.7, 'shap_error': 0.08945903182966695, 'shap_norm_sq': 1.0800000000000078, 'weighted_error': 1.002258915143318, 'gamma': 5.444444444444405}
{'sample_size': 500, 'difference': 0, 'noise': 0, 'n': 12, 'alpha': 0.8, 'shap_error': 0.1986456605858889, 'shap_norm_sq': 0.4800000000000006, 'weighted_error': 1.0015646593421736, 'gamma': 15.99999999999999}
{'sample_size': 500, 'difference': 0, 'noise': 0, 'n': 12, 'alpha': 0.2, 'shap_error': 0.010926969014589102, 'shap_norm_sq': 7.680000000000017, 'weighted_error': 1.0012203931223116, 'gamma': 0.06249999999999987}
{'sample_size': 500, 'difference': 0, 'noise': 0, 'n': 12, 'alpha': 0.3, 'shap_error': 0.014231651100780241, 'shap_norm_sq': 5.880000000000017, 'weighted_error': 1.0003229399437534, 'gamma': 0.1836734693877546}
{'sample_size': 500, 'difference': 0, 'noise': 0, 'n': 12, 'alpha': 0.4, 'shap_error': 0.019619002042769486, 'shap_norm_sq': 4.319999999999995, 'weighted_error': 1.000739976818453, 'gamma': 0.4444444444444451}
{'sample_size': 500, 'difference': 0, 'noise': 0, 'n': 12, 'alpha': 0.5, 'shap_error': 0.030243177598499496, 'shap_norm_sq': 3.000000000000004, 'weighted_error': 1.0024653998207216, 'gamma': 0.9999999999999984}
{'sample_size': 500, 'difference': 0, 'noise': 0, 'n': 12, 'alpha': 0.6, 'shap_error': 0.05016601917732992, 'shap_norm_sq': 1.920000000000003, 'weighted_error': 1.0030058850664678, 'gamma': 2.249999999999996}
{'sample_size': 500, 'difference': 0, 'noise': 0, 'n': 12, 'alpha': 0.7, 'shap_error': 0.09835046374338184, 'shap_norm_sq': 1.0800000000000078, 'weighted_error': 1.0038920352907343, 'gamma': 5.444444444444405}
{'sample_size': 500, 'difference': 0, 'noise': 0, 'n': 12, 'alpha': 0.8, 'shap_error': 0.19011002902000315, 'shap_norm_sq': 0.4800000000000006, 'weighted_error': 1.001031182369306, 'gamma': 15.99999999999999}
{'sample_size': 500, 'difference': 0, 'noise': 0, 'n': 12, 'alpha': 0.2, 'shap_error': 0.01094529623913511, 'shap_norm_sq': 7.680000000000017, 'weighted_error': 1.0015136287150481, 'gamma': 0.06249999999999987}
{'sample_size': 500, 'difference': 0, 'noise': 0, 'n': 12, 'alpha': 0.3, 'shap_error': 0.014567986539872296, 'shap_norm_sq': 5.880000000000017, 'weighted_error': 1.0021540995565883, 'gamma': 0.1836734693877546}
{'sample_size': 500, 'difference': 0, 'noise': 0, 'n': 12, 'alpha': 0.4, 'shap_error': 0.01963991583003905, 'shap_norm_sq': 4.319999999999995, 'weighted_error': 1.0007870328398096, 'gamma': 0.4444444444444451}
{'sample_size': 500, 'difference': 0, 'noise': 0, 'n': 12, 'alpha': 0.5, 'shap_error': 0.02912986913941808, 'shap_norm_sq': 3.000000000000004, 'weighted_error': 1.00135209136164, 'gamma': 0.9999999999999984}
{'sample_size': 500, 'difference': 0, 'noise': 0, 'n': 12, 'alpha': 0.6, 'shap_error': 0.04722448580676338, 'shap_norm_sq': 1.920000000000003, 'weighted_error': 1.0016985369017717, 'gamma': 2.249999999999996}
{'sample_size': 500, 'difference': 0, 'noise': 0, 'n': 12, 'alpha': 0.7, 'shap_error': 0.09374868097636715, 'shap_norm_sq': 1.0800000000000078, 'weighted_error': 1.0030468098845478, 'gamma': 5.444444444444405}
{'sample_size': 500, 'difference': 0, 'noise': 0, 'n': 12, 'alpha': 0.8, 'shap_error': 0.21554430484292117, 'shap_norm_sq': 0.4800000000000006, 'weighted_error': 1.0026208246082375, 'gamma': 15.99999999999999}
{'sample_size': 500, 'difference': 0, 'noise': 0, 'n': 12, 'alpha': 0.2, 'shap_error': 0.010967151262046686, 'shap_norm_sq': 7.680000000000017, 'weighted_error': 1.0018633090816338, 'gamma': 0.06249999999999987}
{'sample_size': 500, 'difference': 0, 'noise': 0, 'n': 12, 'alpha': 0.3, 'shap_error': 0.014278631248180552, 'shap_norm_sq': 5.880000000000017, 'weighted_error': 1.0005787207462666, 'gamma': 0.1836734693877546}
{'sample_size': 500, 'difference': 0, 'noise': 0, 'n': 12, 'alpha': 0.4, 'shap_error': 0.019882465345041223, 'shap_norm_sq': 4.319999999999995, 'weighted_error': 1.0013327692485645, 'gamma': 0.4444444444444451}
{'sample_size': 500, 'difference': 0, 'noise': 0, 'n': 12, 'alpha': 0.5, 'shap_error': 0.02894666966562743, 'shap_norm_sq': 3.000000000000004, 'weighted_error': 1.0011688918878494, 'gamma': 0.9999999999999984}
{'sample_size': 500, 'difference': 0, 'noise': 0, 'n': 12, 'alpha': 0.6, 'shap_error': 0.048519905160897624, 'shap_norm_sq': 1.920000000000003, 'weighted_error': 1.002274278836942, 'gamma': 2.249999999999996}
{'sample_size': 500, 'difference': 0, 'noise': 0, 'n': 12, 'alpha': 0.7, 'shap_error': 0.08242044913010296, 'shap_norm_sq': 1.0800000000000078, 'weighted_error': 1.000966114239316, 'gamma': 5.444444444444405}
{'sample_size': 500, 'difference': 0, 'noise': 0, 'n': 12, 'alpha': 0.8, 'shap_error': 0.2097230815653519, 'shap_norm_sq': 0.4800000000000006, 'weighted_error': 1.00225699815339, 'gamma': 15.99999999999999}
{'sample_size': 500, 'difference': 0, 'noise': 0, 'n': 12, 'alpha': 0.2, 'shap_error': 0.010923523253447484, 'shap_norm_sq': 7.680000000000017, 'weighted_error': 1.0011652609440467, 'gamma': 0.06249999999999987}
{'sample_size': 500, 'difference': 0, 'noise': 0, 'n': 12, 'alpha': 0.3, 'shap_error': 0.014483893260405488, 'shap_norm_sq': 5.880000000000017, 'weighted_error': 1.00169625836838, 'gamma': 0.1836734693877546}
{'sample_size': 500, 'difference': 0, 'noise': 0, 'n': 12, 'alpha': 0.4, 'shap_error': 0.01981640678729982, 'shap_norm_sq': 4.319999999999995, 'weighted_error': 1.0011841374936463, 'gamma': 0.4444444444444451}
{'sample_size': 500, 'difference': 0, 'noise': 0, 'n': 12, 'alpha': 0.5, 'shap_error': 0.028781619694328534, 'shap_norm_sq': 3.000000000000004, 'weighted_error': 1.0010038419165508, 'gamma': 0.9999999999999984}
{'sample_size': 500, 'difference': 0, 'noise': 0, 'n': 12, 'alpha': 0.6, 'shap_error': 0.05395111099613589, 'shap_norm_sq': 1.920000000000003, 'weighted_error': 1.004688148097048, 'gamma': 2.249999999999996}
{'sample_size': 500, 'difference': 0, 'noise': 0, 'n': 12, 'alpha': 0.7, 'shap_error': 0.08919457274450557, 'shap_norm_sq': 1.0800000000000078, 'weighted_error': 1.0022103410256349, 'gamma': 5.444444444444405}
{'sample_size': 500, 'difference': 0, 'noise': 0, 'n': 12, 'alpha': 0.8, 'shap_error': 0.21543595725003792, 'shap_norm_sq': 0.4800000000000006, 'weighted_error': 1.0026140528836827, 'gamma': 15.99999999999999}
{'sample_size': 500, 'difference': 0, 'noise': 0, 'n': 12, 'alpha': 0.2, 'shap_error': 0.010949775986631985, 'shap_norm_sq': 7.680000000000017, 'weighted_error': 1.001585304674999, 'gamma': 0.06249999999999987}
{'sample_size': 500, 'difference': 0, 'noise': 0, 'n': 12, 'alpha': 0.3, 'shap_error': 0.014312717626592607, 'shap_norm_sq': 5.880000000000017, 'weighted_error': 1.0007643021398436, 'gamma': 0.1836734693877546}
{'sample_size': 500, 'difference': 0, 'noise': 0, 'n': 12, 'alpha': 0.4, 'shap_error': 0.021483593154163313, 'shap_norm_sq': 4.319999999999995, 'weighted_error': 1.004935306819089, 'gamma': 0.4444444444444451}
{'sample_size': 500, 'difference': 0, 'noise': 0, 'n': 12, 'alpha': 0.5, 'shap_error': 0.029635423703030718, 'shap_norm_sq': 3.000000000000004, 'weighted_error': 1.0018576459252528, 'gamma': 0.9999999999999984}
{'sample_size': 500, 'difference': 0, 'noise': 0, 'n': 12, 'alpha': 0.6, 'shap_error': 0.046877149505864114, 'shap_norm_sq': 1.920000000000003, 'weighted_error': 1.001544165212483, 'gamma': 2.249999999999996}
{'sample_size': 500, 'difference': 0, 'noise': 0, 'n': 12, 'alpha': 0.7, 'shap_error': 0.08432793383416676, 'shap_norm_sq': 1.0800000000000078, 'weighted_error': 1.0013164685727152, 'gamma': 5.444444444444405}
{'sample_size': 500, 'difference': 0, 'noise': 0, 'n': 12, 'alpha': 0.8, 'shap_error': 0.2036331762572789, 'shap_norm_sq': 0.4800000000000006, 'weighted_error': 1.0018763790716354, 'gamma': 15.99999999999999}
{'sample_size': 500, 'difference': 0, 'noise': 0, 'n': 12, 'alpha': 0.2, 'shap_error': 0.010922706623291764, 'shap_norm_sq': 7.680000000000017, 'weighted_error': 1.0011521948615558, 'gamma': 0.06249999999999987}
{'sample_size': 500, 'difference': 0, 'noise': 0, 'n': 12, 'alpha': 0.3, 'shap_error': 0.01437624304189539, 'shap_norm_sq': 5.880000000000017, 'weighted_error': 1.0011101627342698, 'gamma': 0.1836734693877546}
{'sample_size': 500, 'difference': 0, 'noise': 0, 'n': 12, 'alpha': 0.4, 'shap_error': 0.019492830313034393, 'shap_norm_sq': 4.319999999999995, 'weighted_error': 1.000456090426549, 'gamma': 0.4444444444444451}
{'sample_size': 500, 'difference': 0, 'noise': 0, 'n': 12, 'alpha': 0.5, 'shap_error': 0.029906595034601764, 'shap_norm_sq': 3.000000000000004, 'weighted_error': 1.0021288172568237, 'gamma': 0.9999999999999984}
{'sample_size': 500, 'difference': 0, 'noise': 0, 'n': 12, 'alpha': 0.6, 'shap_error': 0.047703931386001625, 'shap_norm_sq': 1.920000000000003, 'weighted_error': 1.0019116238258774, 'gamma': 2.249999999999996}
{'sample_size': 500, 'difference': 0, 'noise': 0, 'n': 12, 'alpha': 0.7, 'shap_error': 0.0897504672701349, 'shap_norm_sq': 1.0800000000000078, 'weighted_error': 1.0023124441017708, 'gamma': 5.444444444444405}
{'sample_size': 500, 'difference': 0, 'noise': 0, 'n': 12, 'alpha': 0.8, 'shap_error': 0.191014120117974, 'shap_norm_sq': 0.4800000000000006, 'weighted_error': 1.001087688062929, 'gamma': 15.99999999999999}
{'sample_size': 500, 'difference': 0, 'noise': 0, 'n': 12, 'alpha': 0.2, 'shap_error': 0.011052267766179711, 'shap_norm_sq': 7.680000000000017, 'weighted_error': 1.0032251731477622, 'gamma': 0.06249999999999987}
{'sample_size': 500, 'difference': 0, 'noise': 0, 'n': 12, 'alpha': 0.3, 'shap_error': 0.014530693063700044, 'shap_norm_sq': 5.880000000000017, 'weighted_error': 1.0019510572974284, 'gamma': 0.1836734693877546}
{'sample_size': 500, 'difference': 0, 'noise': 0, 'n': 12, 'alpha': 0.4, 'shap_error': 0.019726297562974112, 'shap_norm_sq': 4.319999999999995, 'weighted_error': 1.0009813917389134, 'gamma': 0.4444444444444451}
{'sample_size': 500, 'difference': 0, 'noise': 0, 'n': 12, 'alpha': 0.5, 'shap_error': 0.03071942626546661, 'shap_norm_sq': 3.000000000000004, 'weighted_error': 1.002941648487689, 'gamma': 0.9999999999999984}
{'sample_size': 500, 'difference': 0, 'noise': 0, 'n': 12, 'alpha': 0.6, 'shap_error': 0.049145761159660115, 'shap_norm_sq': 1.920000000000003, 'weighted_error': 1.002552437058614, 'gamma': 2.249999999999996}
{'sample_size': 500, 'difference': 0, 'noise': 0, 'n': 12, 'alpha': 0.7, 'shap_error': 0.08148353792267327, 'shap_norm_sq': 1.0800000000000078, 'weighted_error': 1.0007940285073391, 'gamma': 5.444444444444405}
{'sample_size': 500, 'difference': 0, 'noise': 0, 'n': 12, 'alpha': 0.8, 'shap_error': 0.19004968602133585, 'shap_norm_sq': 0.4800000000000006, 'weighted_error': 1.001027410931889, 'gamma': 15.99999999999999}
{'sample_size': 500, 'difference': 0, 'noise': 0, 'n': 12, 'alpha': 0.2, 'shap_error': 0.01091179984029303, 'shap_norm_sq': 7.680000000000017, 'weighted_error': 1.0009776863335749, 'gamma': 0.06249999999999987}
{'sample_size': 500, 'difference': 0, 'noise': 0, 'n': 12, 'alpha': 0.3, 'shap_error': 0.014600579387004113, 'shap_norm_sq': 5.880000000000017, 'weighted_error': 1.0023315495020844, 'gamma': 0.1836734693877546}
{'sample_size': 500, 'difference': 0, 'noise': 0, 'n': 12, 'alpha': 0.4, 'shap_error': 0.019735328861239132, 'shap_norm_sq': 4.319999999999995, 'weighted_error': 1.00100171216001, 'gamma': 0.4444444444444451}
{'sample_size': 500, 'difference': 0, 'noise': 0, 'n': 12, 'alpha': 0.5, 'shap_error': 0.032285882608534495, 'shap_norm_sq': 3.000000000000004, 'weighted_error': 1.004508104830757, 'gamma': 0.9999999999999984}
{'sample_size': 500, 'difference': 0, 'noise': 0, 'n': 12, 'alpha': 0.6, 'shap_error': 0.04607120582131743, 'shap_norm_sq': 1.920000000000003, 'weighted_error': 1.001185968019351, 'gamma': 2.249999999999996}
{'sample_size': 500, 'difference': 0, 'noise': 0, 'n': 12, 'alpha': 0.7, 'shap_error': 0.08542995256118896, 'shap_norm_sq': 1.0800000000000078, 'weighted_error': 1.0015188801756376, 'gamma': 5.444444444444405}
{'sample_size': 500, 'difference': 0, 'noise': 0, 'n': 12, 'alpha': 0.8, 'shap_error': 0.19125887551309967, 'shap_norm_sq': 0.4800000000000006, 'weighted_error': 1.001102985275124, 'gamma': 15.99999999999999}
{'sample_size': 500, 'difference': 0, 'noise': 0, 'n': 12, 'alpha': 0.2, 'shap_error': 0.010957144120065841, 'shap_norm_sq': 7.680000000000017, 'weighted_error': 1.0017031948099397, 'gamma': 0.06249999999999987}
{'sample_size': 500, 'difference': 0, 'noise': 0, 'n': 12, 'alpha': 0.3, 'shap_error': 0.014427418619631035, 'shap_norm_sq': 5.880000000000017, 'weighted_error': 1.001388785324164, 'gamma': 0.1836734693877546}
{'sample_size': 500, 'difference': 0, 'noise': 0, 'n': 12, 'alpha': 0.4, 'shap_error': 0.020766303945053115, 'shap_norm_sq': 4.319999999999995, 'weighted_error': 1.0033214060985918, 'gamma': 0.4444444444444451}
{'sample_size': 500, 'difference': 0, 'noise': 0, 'n': 12, 'alpha': 0.5, 'shap_error': 0.02930722489370516, 'shap_norm_sq': 3.000000000000004, 'weighted_error': 1.0015294471159275, 'gamma': 0.9999999999999984}
{'sample_size': 500, 'difference': 0, 'noise': 0, 'n': 12, 'alpha': 0.6, 'shap_error': 0.047748376130149914, 'shap_norm_sq': 1.920000000000003, 'weighted_error': 1.0019313770454985, 'gamma': 2.249999999999996}
{'sample_size': 500, 'difference': 0, 'noise': 0, 'n': 12, 'alpha': 0.7, 'shap_error': 0.09039276802450047, 'shap_norm_sq': 1.0800000000000078, 'weighted_error': 1.0024304177097152, 'gamma': 5.444444444444405}
{'sample_size': 500, 'difference': 0, 'noise': 0, 'n': 12, 'alpha': 0.8, 'shap_error': 0.19013058293552526, 'shap_norm_sq': 0.4800000000000006, 'weighted_error': 1.0010324669890256, 'gamma': 15.99999999999999}
{'sample_size': 500, 'difference': 0, 'noise': 0, 'n': 12, 'alpha': 0.2, 'shap_error': 0.011038279884641476, 'shap_norm_sq': 7.680000000000017, 'weighted_error': 1.0030013670431508, 'gamma': 0.06249999999999987}
{'sample_size': 500, 'difference': 0, 'noise': 0, 'n': 12, 'alpha': 0.3, 'shap_error': 0.014368509714263901, 'shap_norm_sq': 5.880000000000017, 'weighted_error': 1.0010680590616094, 'gamma': 0.1836734693877546}
{'sample_size': 500, 'difference': 0, 'noise': 0, 'n': 12, 'alpha': 0.4, 'shap_error': 0.019975533643745574, 'shap_norm_sq': 4.319999999999995, 'weighted_error': 1.0015421729206493, 'gamma': 0.4444444444444451}
{'sample_size': 500, 'difference': 0, 'noise': 0, 'n': 12, 'alpha': 0.5, 'shap_error': 0.028565143902337976, 'shap_norm_sq': 3.000000000000004, 'weighted_error': 1.00078736612456, 'gamma': 0.9999999999999984}
{'sample_size': 500, 'difference': 0, 'noise': 0, 'n': 12, 'alpha': 0.6, 'shap_error': 0.046414084124694145, 'shap_norm_sq': 1.920000000000003, 'weighted_error': 1.0013383583764073, 'gamma': 2.249999999999996}
{'sample_size': 500, 'difference': 0, 'noise': 0, 'n': 12, 'alpha': 0.7, 'shap_error': 0.08451162811840009, 'shap_norm_sq': 1.0800000000000078, 'weighted_error': 1.0013502083392074, 'gamma': 5.444444444444405}
{'sample_size': 500, 'difference': 0, 'noise': 0, 'n': 12, 'alpha': 0.8, 'shap_error': 0.20091711904272752, 'shap_norm_sq': 0.4800000000000006, 'weighted_error': 1.0017066254957259, 'gamma': 15.99999999999999}
{'sample_size': 500, 'difference': 0, 'noise': 0, 'n': 12, 'alpha': 0.2, 'shap_error': 0.010989831113990293, 'shap_norm_sq': 7.680000000000017, 'weighted_error': 1.0022261867127318, 'gamma': 0.06249999999999987}
{'sample_size': 500, 'difference': 0, 'noise': 0, 'n': 12, 'alpha': 0.3, 'shap_error': 0.014370498301582737, 'shap_norm_sq': 5.880000000000017, 'weighted_error': 1.0010788858147899, 'gamma': 0.1836734693877546}
{'sample_size': 500, 'difference': 0, 'noise': 0, 'n': 12, 'alpha': 0.4, 'shap_error': 0.019518082338160755, 'shap_norm_sq': 4.319999999999995, 'weighted_error': 1.0005129074830836, 'gamma': 0.4444444444444451}
{'sample_size': 500, 'difference': 0, 'noise': 0, 'n': 12, 'alpha': 0.5, 'shap_error': 0.030167299969446944, 'shap_norm_sq': 3.000000000000004, 'weighted_error': 1.002389522191669, 'gamma': 0.9999999999999984}
{'sample_size': 500, 'difference': 0, 'noise': 0, 'n': 12, 'alpha': 0.6, 'shap_error': 0.04479906764005939, 'shap_norm_sq': 1.920000000000003, 'weighted_error': 1.0006205732721252, 'gamma': 2.249999999999996}
{'sample_size': 500, 'difference': 0, 'noise': 0, 'n': 12, 'alpha': 0.7, 'shap_error': 0.08728344057800397, 'shap_norm_sq': 1.0800000000000078, 'weighted_error': 1.0018593167501553, 'gamma': 5.444444444444405}
{'sample_size': 500, 'difference': 0, 'noise': 0, 'n': 12, 'alpha': 0.8, 'shap_error': 0.18887238055280064, 'shap_norm_sq': 0.4800000000000006, 'weighted_error': 1.0009538293401057, 'gamma': 15.99999999999999}
{'sample_size': 500, 'difference': 0, 'noise': 0, 'n': 12, 'alpha': 0.2, 'shap_error': 0.010896282730303929, 'shap_norm_sq': 7.680000000000017, 'weighted_error': 1.0007294125737503, 'gamma': 0.06249999999999987}
{'sample_size': 500, 'difference': 0, 'noise': 0, 'n': 12, 'alpha': 0.3, 'shap_error': 0.014330658873676412, 'shap_norm_sq': 5.880000000000017, 'weighted_error': 1.0008619822628548, 'gamma': 0.1836734693877546}
{'sample_size': 500, 'difference': 0, 'noise': 0, 'n': 12, 'alpha': 0.4, 'shap_error': 0.020177325437217272, 'shap_norm_sq': 4.319999999999995, 'weighted_error': 1.0019962044559607, 'gamma': 0.4444444444444451}
{'sample_size': 500, 'difference': 0, 'noise': 0, 'n': 12, 'alpha': 0.5, 'shap_error': 0.02912076050758542, 'shap_norm_sq': 3.000000000000004, 'weighted_error': 1.0013429827298073, 'gamma': 0.9999999999999984}
{'sample_size': 500, 'difference': 0, 'noise': 0, 'n': 12, 'alpha': 0.6, 'shap_error': 0.046514223655177184, 'shap_norm_sq': 1.920000000000003, 'weighted_error': 1.0013828648344, 'gamma': 2.249999999999996}
{'sample_size': 500, 'difference': 0, 'noise': 0, 'n': 12, 'alpha': 0.7, 'shap_error': 0.08076067975259635, 'shap_norm_sq': 1.0800000000000078, 'weighted_error': 1.0006612586393657, 'gamma': 5.444444444444405}
{'sample_size': 500, 'difference': 0, 'noise': 0, 'n': 12, 'alpha': 0.8, 'shap_error': 0.1888424567802022, 'shap_norm_sq': 0.4800000000000006, 'weighted_error': 1.0009519591043181, 'gamma': 15.99999999999999}
{'sample_size': 500, 'difference': 0, 'noise': 0, 'n': 12, 'alpha': 0.2, 'shap_error': 0.010914199886289859, 'shap_norm_sq': 7.680000000000017, 'weighted_error': 1.001016087069525, 'gamma': 0.06249999999999987}
{'sample_size': 500, 'difference': 0, 'noise': 0, 'n': 12, 'alpha': 0.3, 'shap_error': 0.01450519288071159, 'shap_norm_sq': 5.880000000000017, 'weighted_error': 1.0018122229678244, 'gamma': 0.1836734693877546}
{'sample_size': 500, 'difference': 0, 'noise': 0, 'n': 12, 'alpha': 0.4, 'shap_error': 0.02030541611694402, 'shap_norm_sq': 4.319999999999995, 'weighted_error': 1.0022844084853455, 'gamma': 0.4444444444444451}
{'sample_size': 500, 'difference': 0, 'noise': 0, 'n': 12, 'alpha': 0.5, 'shap_error': 0.029130796193477543, 'shap_norm_sq': 3.000000000000004, 'weighted_error': 1.0013530184156998, 'gamma': 0.9999999999999984}
{'sample_size': 500, 'difference': 0, 'noise': 0, 'n': 12, 'alpha': 0.6, 'shap_error': 0.04588322127211177, 'shap_norm_sq': 1.920000000000003, 'weighted_error': 1.0011024193308151, 'gamma': 2.249999999999996}
{'sample_size': 500, 'difference': 0, 'noise': 0, 'n': 12, 'alpha': 0.7, 'shap_error': 0.08533129559337356, 'shap_norm_sq': 1.0800000000000078, 'weighted_error': 1.0015007595080803, 'gamma': 5.444444444444405}
{'sample_size': 500, 'difference': 0, 'noise': 0, 'n': 12, 'alpha': 0.8, 'shap_error': 0.202856154092793, 'shap_norm_sq': 0.4800000000000006, 'weighted_error': 1.001827815186355, 'gamma': 15.99999999999999}
{'sample_size': 500, 'difference': 0, 'noise': 0, 'n': 12, 'alpha': 0.2, 'shap_error': 0.010903624600719997, 'shap_norm_sq': 7.680000000000017, 'weighted_error': 1.0008468825004064, 'gamma': 0.06249999999999987}
{'sample_size': 500, 'difference': 0, 'noise': 0, 'n': 12, 'alpha': 0.3, 'shap_error': 0.014311476447871306, 'shap_norm_sq': 5.880000000000017, 'weighted_error': 1.0007575446112495, 'gamma': 0.1836734693877546}
{'sample_size': 500, 'difference': 0, 'noise': 0, 'n': 12, 'alpha': 0.4, 'shap_error': 0.020383337051046294, 'shap_norm_sq': 4.319999999999995, 'weighted_error': 1.0024597305870757, 'gamma': 0.4444444444444451}
{'sample_size': 500, 'difference': 0, 'noise': 0, 'n': 12, 'alpha': 0.5, 'shap_error': 0.02895009349751685, 'shap_norm_sq': 3.000000000000004, 'weighted_error': 1.0011723157197387, 'gamma': 0.9999999999999984}
{'sample_size': 500, 'difference': 0, 'noise': 0, 'n': 12, 'alpha': 0.6, 'shap_error': 0.04908895803693971, 'shap_norm_sq': 1.920000000000003, 'weighted_error': 1.002527191226294, 'gamma': 2.249999999999996}
{'sample_size': 500, 'difference': 0, 'noise': 0, 'n': 12, 'alpha': 0.7, 'shap_error': 0.08064447864325136, 'shap_norm_sq': 1.0800000000000078, 'weighted_error': 1.0006399155784655, 'gamma': 5.444444444444405}
{'sample_size': 500, 'difference': 0, 'noise': 0, 'n': 12, 'alpha': 0.8, 'shap_error': 0.22197320598103354, 'shap_norm_sq': 0.4800000000000006, 'weighted_error': 1.00302263092937, 'gamma': 15.99999999999999}
{'sample_size': 500, 'difference': 0, 'noise': 0, 'n': 12, 'alpha': 0.2, 'shap_error': 0.010932396231092217, 'shap_norm_sq': 7.680000000000017, 'weighted_error': 1.0013072285863625, 'gamma': 0.06249999999999987}
{'sample_size': 500, 'difference': 0, 'noise': 0, 'n': 12, 'alpha': 0.3, 'shap_error': 0.014478326993934502, 'shap_norm_sq': 5.880000000000017, 'weighted_error': 1.001665953139816, 'gamma': 0.1836734693877546}
{'sample_size': 500, 'difference': 0, 'noise': 0, 'n': 12, 'alpha': 0.4, 'shap_error': 0.020252923301272627, 'shap_norm_sq': 4.319999999999995, 'weighted_error': 1.0021662996500849, 'gamma': 0.4444444444444451}
{'sample_size': 500, 'difference': 0, 'noise': 0, 'n': 12, 'alpha': 0.5, 'shap_error': 0.030433397288105617, 'shap_norm_sq': 3.000000000000004, 'weighted_error': 1.002655619510328, 'gamma': 0.9999999999999984}
{'sample_size': 500, 'difference': 0, 'noise': 0, 'n': 12, 'alpha': 0.6, 'shap_error': 0.04717914704357724, 'shap_norm_sq': 1.920000000000003, 'weighted_error': 1.0016783863403556, 'gamma': 2.249999999999996}
{'sample_size': 500, 'difference': 0, 'noise': 0, 'n': 12, 'alpha': 0.7, 'shap_error': 0.08352814799950131, 'shap_norm_sq': 1.0800000000000078, 'weighted_error': 1.0011695691336948, 'gamma': 5.444444444444405}
{'sample_size': 500, 'difference': 0, 'noise': 0, 'n': 12, 'alpha': 0.8, 'shap_error': 0.2187870924308596, 'shap_norm_sq': 0.4800000000000006, 'weighted_error': 1.0028234988324845, 'gamma': 15.99999999999999}
{'sample_size': 500, 'difference': 0, 'noise': 0, 'n': 12, 'alpha': 0.2, 'shap_error': 0.010908075246510602, 'shap_norm_sq': 7.680000000000017, 'weighted_error': 1.0009180928330572, 'gamma': 0.06249999999999987}
{'sample_size': 500, 'difference': 0, 'noise': 0, 'n': 12, 'alpha': 0.3, 'shap_error': 0.014333206841664215, 'shap_norm_sq': 5.880000000000017, 'weighted_error': 1.0008758545330112, 'gamma': 0.1836734693877546}
{'sample_size': 500, 'difference': 0, 'noise': 0, 'n': 12, 'alpha': 0.4, 'shap_error': 0.019900853247966067, 'shap_norm_sq': 4.319999999999995, 'weighted_error': 1.0013741420301454, 'gamma': 0.4444444444444451}
{'sample_size': 500, 'difference': 0, 'noise': 0, 'n': 12, 'alpha': 0.5, 'shap_error': 0.030643392110472782, 'shap_norm_sq': 3.000000000000004, 'weighted_error': 1.0028656143326944, 'gamma': 0.9999999999999984}
{'sample_size': 500, 'difference': 0, 'noise': 0, 'n': 12, 'alpha': 0.6, 'shap_error': 0.045215293629664574, 'shap_norm_sq': 1.920000000000003, 'weighted_error': 1.0008055626008385, 'gamma': 2.249999999999996}
{'sample_size': 500, 'difference': 0, 'noise': 0, 'n': 12, 'alpha': 0.7, 'shap_error': 0.08702627154364727, 'shap_norm_sq': 1.0800000000000078, 'weighted_error': 1.0018120816213958, 'gamma': 5.444444444444405}
{'sample_size': 500, 'difference': 0, 'noise': 0, 'n': 12, 'alpha': 0.8, 'shap_error': 0.20758481244051702, 'shap_norm_sq': 0.4800000000000006, 'weighted_error': 1.0021233563330876, 'gamma': 15.99999999999999}
{'sample_size': 500, 'difference': 0, 'noise': 0, 'n': 12, 'alpha': 0.2, 'shap_error': 0.010961330676282008, 'shap_norm_sq': 7.680000000000017, 'weighted_error': 1.0017701797093985, 'gamma': 0.06249999999999987}
{'sample_size': 500, 'difference': 0, 'noise': 0, 'n': 12, 'alpha': 0.3, 'shap_error': 0.014499961049893696, 'shap_norm_sq': 5.880000000000017, 'weighted_error': 1.001783738555594, 'gamma': 0.1836734693877546}
{'sample_size': 500, 'difference': 0, 'noise': 0, 'n': 12, 'alpha': 0.4, 'shap_error': 0.01991559229453996, 'shap_norm_sq': 4.319999999999995, 'weighted_error': 1.0014073048849368, 'gamma': 0.4444444444444451}
{'sample_size': 500, 'difference': 0, 'noise': 0, 'n': 12, 'alpha': 0.5, 'shap_error': 0.029533582113631125, 'shap_norm_sq': 3.000000000000004, 'weighted_error': 1.001755804335853, 'gamma': 0.9999999999999984}
{'sample_size': 500, 'difference': 0, 'noise': 0, 'n': 12, 'alpha': 0.6, 'shap_error': 0.04626719327814606, 'shap_norm_sq': 1.920000000000003, 'weighted_error': 1.0012730735557194, 'gamma': 2.249999999999996}
{'sample_size': 500, 'difference': 0, 'noise': 0, 'n': 12, 'alpha': 0.7, 'shap_error': 0.09357947823452799, 'shap_norm_sq': 1.0800000000000078, 'weighted_error': 1.0030157318299244, 'gamma': 5.444444444444405}
{'sample_size': 500, 'difference': 0, 'noise': 0, 'n': 12, 'alpha': 0.8, 'shap_error': 0.18227422211206795, 'shap_norm_sq': 0.4800000000000006, 'weighted_error': 1.0005414444375595, 'gamma': 15.99999999999999}
{'sample_size': 500, 'difference': 0, 'noise': 0, 'n': 12, 'alpha': 0.2, 'shap_error': 0.01090509363777191, 'shap_norm_sq': 7.680000000000017, 'weighted_error': 1.0008703870932378, 'gamma': 0.06249999999999987}
{'sample_size': 500, 'difference': 0, 'noise': 0, 'n': 12, 'alpha': 0.3, 'shap_error': 0.014393936682531435, 'shap_norm_sq': 5.880000000000017, 'weighted_error': 1.0012064947777317, 'gamma': 0.1836734693877546}
{'sample_size': 500, 'difference': 0, 'noise': 0, 'n': 12, 'alpha': 0.4, 'shap_error': 0.01969283661126548, 'shap_norm_sq': 4.319999999999995, 'weighted_error': 1.0009061045975691, 'gamma': 0.4444444444444451}
{'sample_size': 500, 'difference': 0, 'noise': 0, 'n': 12, 'alpha': 0.5, 'shap_error': 0.030118810671180742, 'shap_norm_sq': 3.000000000000004, 'weighted_error': 1.0023410328934024, 'gamma': 0.9999999999999984}
{'sample_size': 500, 'difference': 0, 'noise': 0, 'n': 12, 'alpha': 0.6, 'shap_error': 0.04694488645091936, 'shap_norm_sq': 1.920000000000003, 'weighted_error': 1.0015742705213966, 'gamma': 2.249999999999996}
{'sample_size': 500, 'difference': 0, 'noise': 0, 'n': 12, 'alpha': 0.7, 'shap_error': 0.09042758440115159, 'shap_norm_sq': 1.0800000000000078, 'weighted_error': 1.002436812554407, 'gamma': 5.444444444444405}
{'sample_size': 500, 'difference': 0, 'noise': 0, 'n': 12, 'alpha': 0.8, 'shap_error': 0.1862189684192831, 'shap_norm_sq': 0.4800000000000006, 'weighted_error': 1.0007879910817608, 'gamma': 15.99999999999999}
{'sample_size': 500, 'difference': 0, 'noise': 0, 'n': 12, 'alpha': 0.2, 'shap_error': 0.010930251686360798, 'shap_norm_sq': 7.680000000000017, 'weighted_error': 1.0012729158706595, 'gamma': 0.06249999999999987}
{'sample_size': 500, 'difference': 0, 'noise': 0, 'n': 12, 'alpha': 0.3, 'shap_error': 0.014566934345095364, 'shap_norm_sq': 5.880000000000017, 'weighted_error': 1.0021483709405803, 'gamma': 0.1836734693877546}
{'sample_size': 500, 'difference': 0, 'noise': 0, 'n': 12, 'alpha': 0.4, 'shap_error': 0.020050838858649007, 'shap_norm_sq': 4.319999999999995, 'weighted_error': 1.0017116096541818, 'gamma': 0.4444444444444451}
{'sample_size': 500, 'difference': 0, 'noise': 0, 'n': 12, 'alpha': 0.5, 'shap_error': 0.030769958293198393, 'shap_norm_sq': 3.000000000000004, 'weighted_error': 1.0029921805154207, 'gamma': 0.9999999999999984}
{'sample_size': 500, 'difference': 0, 'noise': 0, 'n': 12, 'alpha': 0.6, 'shap_error': 0.04555625086579272, 'shap_norm_sq': 1.920000000000003, 'weighted_error': 1.0009570991502286, 'gamma': 2.249999999999996}
{'sample_size': 500, 'difference': 0, 'noise': 0, 'n': 12, 'alpha': 0.7, 'shap_error': 0.09421103622247866, 'shap_norm_sq': 1.0800000000000078, 'weighted_error': 1.003131732276691, 'gamma': 5.444444444444405}
{'sample_size': 500, 'difference': 0, 'noise': 0, 'n': 12, 'alpha': 0.8, 'shap_error': 0.20225194481516073, 'shap_norm_sq': 0.4800000000000006, 'weighted_error': 1.0017900521065028, 'gamma': 15.99999999999999}
{'sample_size': 500, 'difference': 0, 'noise': 0, 'n': 12, 'alpha': 0.2, 'shap_error': 0.010957924262574074, 'shap_norm_sq': 7.680000000000017, 'weighted_error': 1.001715677090073, 'gamma': 0.06249999999999987}
{'sample_size': 500, 'difference': 0, 'noise': 0, 'n': 12, 'alpha': 0.3, 'shap_error': 0.014396904410196856, 'shap_norm_sq': 5.880000000000017, 'weighted_error': 1.0012226524061325, 'gamma': 0.1836734693877546}
{'sample_size': 500, 'difference': 0, 'noise': 0, 'n': 12, 'alpha': 0.4, 'shap_error': 0.019785804367335312, 'shap_norm_sq': 4.319999999999995, 'weighted_error': 1.001115282048726, 'gamma': 0.4444444444444451}
{'sample_size': 500, 'difference': 0, 'noise': 0, 'n': 12, 'alpha': 0.5, 'shap_error': 0.029594080099581067, 'shap_norm_sq': 3.000000000000004, 'weighted_error': 1.0018163023218034, 'gamma': 0.9999999999999984}
{'sample_size': 500, 'difference': 0, 'noise': 0, 'n': 12, 'alpha': 0.6, 'shap_error': 0.049512385319265065, 'shap_norm_sq': 1.920000000000003, 'weighted_error': 1.0027153811295502, 'gamma': 2.249999999999996}
{'sample_size': 500, 'difference': 0, 'noise': 0, 'n': 12, 'alpha': 0.7, 'shap_error': 0.08284452451786699, 'shap_norm_sq': 1.0800000000000078, 'weighted_error': 1.0010440056370686, 'gamma': 5.444444444444405}
{'sample_size': 500, 'difference': 0, 'noise': 0, 'n': 12, 'alpha': 0.8, 'shap_error': 0.20001426250448426, 'shap_norm_sq': 0.4800000000000006, 'weighted_error': 1.001650196962086, 'gamma': 15.99999999999999}
{'sample_size': 500, 'difference': 0, 'noise': 0, 'n': 12, 'alpha': 0.2, 'shap_error': 0.010955270332044983, 'shap_norm_sq': 7.680000000000017, 'weighted_error': 1.001673214201607, 'gamma': 0.06249999999999987}
{'sample_size': 500, 'difference': 0, 'noise': 0, 'n': 12, 'alpha': 0.3, 'shap_error': 0.014380095016879216, 'shap_norm_sq': 5.880000000000017, 'weighted_error': 1.0011311345980705, 'gamma': 0.1836734693877546}
{'sample_size': 500, 'difference': 0, 'noise': 0, 'n': 12, 'alpha': 0.4, 'shap_error': 0.020049567368813748, 'shap_norm_sq': 4.319999999999995, 'weighted_error': 1.0017087488020524, 'gamma': 0.4444444444444451}
{'sample_size': 500, 'difference': 0, 'noise': 0, 'n': 12, 'alpha': 0.5, 'shap_error': 0.03087967097446576, 'shap_norm_sq': 3.000000000000004, 'weighted_error': 1.003101893196688, 'gamma': 0.9999999999999984}
{'sample_size': 500, 'difference': 0, 'noise': 0, 'n': 12, 'alpha': 0.6, 'shap_error': 0.045857892171212, 'shap_norm_sq': 1.920000000000003, 'weighted_error': 1.0010911619526375, 'gamma': 2.249999999999996}
{'sample_size': 500, 'difference': 0, 'noise': 0, 'n': 12, 'alpha': 0.7, 'shap_error': 0.08717070744885269, 'shap_norm_sq': 1.0800000000000078, 'weighted_error': 1.0018386106652086, 'gamma': 5.444444444444405}
{'sample_size': 500, 'difference': 0, 'noise': 0, 'n': 12, 'alpha': 0.8, 'shap_error': 0.18941975365716193, 'shap_norm_sq': 0.4800000000000006, 'weighted_error': 1.000988040159128, 'gamma': 15.99999999999999}
{'sample_size': 500, 'difference': 0, 'noise': 0, 'n': 12, 'alpha': 0.2, 'shap_error': 0.010931167669111364, 'shap_norm_sq': 7.680000000000017, 'weighted_error': 1.0012875715946685, 'gamma': 0.06249999999999987}
{'sample_size': 500, 'difference': 0, 'noise': 0, 'n': 12, 'alpha': 0.3, 'shap_error': 0.01441025971178472, 'shap_norm_sq': 5.880000000000017, 'weighted_error': 1.0012953646036669, 'gamma': 0.1836734693877546}
{'sample_size': 500, 'difference': 0, 'noise': 0, 'n': 12, 'alpha': 0.4, 'shap_error': 0.02068512629574388, 'shap_norm_sq': 4.319999999999995, 'weighted_error': 1.0031387563876453, 'gamma': 0.4444444444444451}
{'sample_size': 500, 'difference': 0, 'noise': 0, 'n': 12, 'alpha': 0.5, 'shap_error': 0.029421644387046374, 'shap_norm_sq': 3.000000000000004, 'weighted_error': 1.0016438666092684, 'gamma': 0.9999999999999984}
{'sample_size': 500, 'difference': 0, 'noise': 0, 'n': 12, 'alpha': 0.6, 'shap_error': 0.0449568217404899, 'shap_norm_sq': 1.920000000000003, 'weighted_error': 1.0006906862056497, 'gamma': 2.249999999999996}
{'sample_size': 500, 'difference': 0, 'noise': 0, 'n': 12, 'alpha': 0.7, 'shap_error': 0.08187267190457655, 'shap_norm_sq': 1.0800000000000078, 'weighted_error': 1.0008655020958521, 'gamma': 5.444444444444405}
{'sample_size': 500, 'difference': 0, 'noise': 0, 'n': 12, 'alpha': 0.8, 'shap_error': 0.2004943951352403, 'shap_norm_sq': 0.4800000000000006, 'weighted_error': 1.001680205251508, 'gamma': 15.99999999999999}
{'sample_size': 500, 'difference': 0, 'noise': 0, 'n': 12, 'alpha': 0.2, 'shap_error': 0.011022452409987461, 'shap_norm_sq': 7.680000000000017, 'weighted_error': 1.0027481274486856, 'gamma': 0.06249999999999987}
{'sample_size': 500, 'difference': 0, 'noise': 0, 'n': 12, 'alpha': 0.3, 'shap_error': 0.014290422110432452, 'shap_norm_sq': 5.880000000000017, 'weighted_error': 1.0006429154407492, 'gamma': 0.1836734693877546}
{'sample_size': 500, 'difference': 0, 'noise': 0, 'n': 12, 'alpha': 0.4, 'shap_error': 0.019770029390893184, 'shap_norm_sq': 4.319999999999995, 'weighted_error': 1.0010797883517315, 'gamma': 0.4444444444444451}
{'sample_size': 500, 'difference': 0, 'noise': 0, 'n': 12, 'alpha': 0.5, 'shap_error': 0.028147442750539663, 'shap_norm_sq': 3.000000000000004, 'weighted_error': 1.0003696649727616, 'gamma': 0.9999999999999984}
{'sample_size': 500, 'difference': 0, 'noise': 0, 'n': 12, 'alpha': 0.6, 'shap_error': 0.049984130035872355, 'shap_norm_sq': 1.920000000000003, 'weighted_error': 1.0029250454480423, 'gamma': 2.249999999999996}
{'sample_size': 500, 'difference': 0, 'noise': 0, 'n': 12, 'alpha': 0.7, 'shap_error': 0.0858254033061073, 'shap_norm_sq': 1.0800000000000078, 'weighted_error': 1.001591513985929, 'gamma': 5.444444444444405}
{'sample_size': 500, 'difference': 0, 'noise': 0, 'n': 12, 'alpha': 0.8, 'shap_error': 0.20000954203514262, 'shap_norm_sq': 0.4800000000000006, 'weighted_error': 1.0016499019327514, 'gamma': 15.99999999999999}
{'sample_size': 500, 'difference': 0, 'noise': 0, 'n': 12, 'alpha': 0.2, 'shap_error': 0.011177148815194472, 'shap_norm_sq': 7.680000000000017, 'weighted_error': 1.0052232699319987, 'gamma': 0.06249999999999987}
{'sample_size': 500, 'difference': 0, 'noise': 0, 'n': 12, 'alpha': 0.3, 'shap_error': 0.014730948784097374, 'shap_norm_sq': 5.880000000000017, 'weighted_error': 1.0030413384418142, 'gamma': 0.1836734693877546}
{'sample_size': 500, 'difference': 0, 'noise': 0, 'n': 12, 'alpha': 0.4, 'shap_error': 0.019814339405309262, 'shap_norm_sq': 4.319999999999995, 'weighted_error': 1.0011794858841676, 'gamma': 0.4444444444444451}
{'sample_size': 500, 'difference': 0, 'noise': 0, 'n': 12, 'alpha': 0.5, 'shap_error': 0.028996013292060824, 'shap_norm_sq': 3.000000000000004, 'weighted_error': 1.0012182355142831, 'gamma': 0.9999999999999984}
{'sample_size': 500, 'difference': 0, 'noise': 0, 'n': 12, 'alpha': 0.6, 'shap_error': 0.051137963057099105, 'shap_norm_sq': 1.920000000000003, 'weighted_error': 1.0034378601241432, 'gamma': 2.249999999999996}
{'sample_size': 500, 'difference': 0, 'noise': 0, 'n': 12, 'alpha': 0.7, 'shap_error': 0.08281384913122106, 'shap_norm_sq': 1.0800000000000078, 'weighted_error': 1.0010383713823785, 'gamma': 5.444444444444405}
{'sample_size': 500, 'difference': 0, 'noise': 0, 'n': 12, 'alpha': 0.8, 'shap_error': 0.1966633992985499, 'shap_norm_sq': 0.4800000000000006, 'weighted_error': 1.001440768011715, 'gamma': 15.99999999999999}
{'sample_size': 500, 'difference': 0, 'noise': 0, 'n': 12, 'alpha': 0.2, 'shap_error': 0.010940295454526301, 'shap_norm_sq': 7.680000000000017, 'weighted_error': 1.001433616161308, 'gamma': 0.06249999999999987}
{'sample_size': 500, 'difference': 0, 'noise': 0, 'n': 12, 'alpha': 0.3, 'shap_error': 0.014473714343180321, 'shap_norm_sq': 5.880000000000017, 'weighted_error': 1.0016408398190435, 'gamma': 0.1836734693877546}
{'sample_size': 500, 'difference': 0, 'noise': 0, 'n': 12, 'alpha': 0.4, 'shap_error': 0.019769626456542223, 'shap_norm_sq': 4.319999999999995, 'weighted_error': 1.0010788817494416, 'gamma': 0.4444444444444451}
{'sample_size': 500, 'difference': 0, 'noise': 0, 'n': 12, 'alpha': 0.5, 'shap_error': 0.02825559446477409, 'shap_norm_sq': 3.000000000000004, 'weighted_error': 1.0004778166869959, 'gamma': 0.9999999999999984}
{'sample_size': 500, 'difference': 0, 'noise': 0, 'n': 12, 'alpha': 0.6, 'shap_error': 0.048145257544916144, 'shap_norm_sq': 1.920000000000003, 'weighted_error': 1.0021077687853952, 'gamma': 2.249999999999996}
{'sample_size': 500, 'difference': 0, 'noise': 0, 'n': 12, 'alpha': 0.7, 'shap_error': 0.08248473575634423, 'shap_norm_sq': 1.0800000000000078, 'weighted_error': 1.000977921986993, 'gamma': 5.444444444444405}
{'sample_size': 500, 'difference': 0, 'noise': 0, 'n': 12, 'alpha': 0.8, 'shap_error': 0.24579169215367466, 'shap_norm_sq': 0.4800000000000006, 'weighted_error': 1.00451128631516, 'gamma': 15.99999999999999}
{'sample_size': 500, 'difference': 0, 'noise': 0, 'n': 12, 'alpha': 0.2, 'shap_error': 0.0109735359916528, 'shap_norm_sq': 7.680000000000017, 'weighted_error': 1.0019654647553318, 'gamma': 0.06249999999999987}
{'sample_size': 500, 'difference': 0, 'noise': 0, 'n': 12, 'alpha': 0.3, 'shap_error': 0.014464906233987402, 'shap_norm_sq': 5.880000000000017, 'weighted_error': 1.0015928845578814, 'gamma': 0.1836734693877546}
{'sample_size': 500, 'difference': 0, 'noise': 0, 'n': 12, 'alpha': 0.4, 'shap_error': 0.019827027339740854, 'shap_norm_sq': 4.319999999999995, 'weighted_error': 1.0012080337366387, 'gamma': 0.4444444444444451}
{'sample_size': 500, 'difference': 0, 'noise': 0, 'n': 12, 'alpha': 0.5, 'shap_error': 0.029548252389778977, 'shap_norm_sq': 3.000000000000004, 'weighted_error': 1.001770474612001, 'gamma': 0.9999999999999984}
{'sample_size': 500, 'difference': 0, 'noise': 0, 'n': 12, 'alpha': 0.6, 'shap_error': 0.04558997576917536, 'shap_norm_sq': 1.920000000000003, 'weighted_error': 1.0009720879961768, 'gamma': 2.249999999999996}
{'sample_size': 500, 'difference': 0, 'noise': 0, 'n': 12, 'alpha': 0.7, 'shap_error': 0.09116373263185693, 'shap_norm_sq': 1.0800000000000078, 'weighted_error': 1.002572023453924, 'gamma': 5.444444444444405}
{'sample_size': 500, 'difference': 0, 'noise': 0, 'n': 12, 'alpha': 0.8, 'shap_error': 0.19270072194523227, 'shap_norm_sq': 0.4800000000000006, 'weighted_error': 1.0011931006771322, 'gamma': 15.99999999999999}
{'sample_size': 500, 'difference': 0, 'noise': 0, 'n': 12, 'alpha': 0.2, 'shap_error': 0.010918612722206289, 'shap_norm_sq': 7.680000000000017, 'weighted_error': 1.0010866924441866, 'gamma': 0.06249999999999987}
{'sample_size': 500, 'difference': 0, 'noise': 0, 'n': 12, 'alpha': 0.3, 'shap_error': 0.014407263159241557, 'shap_norm_sq': 5.880000000000017, 'weighted_error': 1.001279050039821, 'gamma': 0.1836734693877546}
{'sample_size': 500, 'difference': 0, 'noise': 0, 'n': 12, 'alpha': 0.4, 'shap_error': 0.01972245725622588, 'shap_norm_sq': 4.319999999999995, 'weighted_error': 1.00097275104873, 'gamma': 0.4444444444444451}
{'sample_size': 500, 'difference': 0, 'noise': 0, 'n': 12, 'alpha': 0.5, 'shap_error': 0.030581631326163036, 'shap_norm_sq': 3.000000000000004, 'weighted_error': 1.0028038535483852, 'gamma': 0.9999999999999984}
{'sample_size': 500, 'difference': 0, 'noise': 0, 'n': 12, 'alpha': 0.6, 'shap_error': 0.048333089202130634, 'shap_norm_sq': 1.920000000000003, 'weighted_error': 1.0021912495219345, 'gamma': 2.249999999999996}
{'sample_size': 500, 'difference': 0, 'noise': 0, 'n': 12, 'alpha': 0.7, 'shap_error': 0.08050151195790455, 'shap_norm_sq': 1.0800000000000078, 'weighted_error': 1.0006136563913612, 'gamma': 5.444444444444405}
{'sample_size': 500, 'difference': 0, 'noise': 0, 'n': 12, 'alpha': 0.8, 'shap_error': 0.18537098015928652, 'shap_norm_sq': 0.4800000000000006, 'weighted_error': 1.0007349918155106, 'gamma': 15.99999999999999}
{'sample_size': 500, 'difference': 0, 'noise': 0, 'n': 12, 'alpha': 0.2, 'shap_error': 0.010889526667550569, 'shap_norm_sq': 7.680000000000017, 'weighted_error': 1.0006213155696968, 'gamma': 0.06249999999999987}
{'sample_size': 500, 'difference': 0, 'noise': 0, 'n': 12, 'alpha': 0.3, 'shap_error': 0.014557315959131156, 'shap_norm_sq': 5.880000000000017, 'weighted_error': 1.0020960041725528, 'gamma': 0.1836734693877546}
{'sample_size': 500, 'difference': 0, 'noise': 0, 'n': 12, 'alpha': 0.4, 'shap_error': 0.019900595598048396, 'shap_norm_sq': 4.319999999999995, 'weighted_error': 1.0013735623178306, 'gamma': 0.4444444444444451}
{'sample_size': 500, 'difference': 0, 'noise': 0, 'n': 12, 'alpha': 0.5, 'shap_error': 0.030936070951400624, 'shap_norm_sq': 3.000000000000004, 'weighted_error': 1.0031582931736225, 'gamma': 0.9999999999999984}
{'sample_size': 500, 'difference': 0, 'noise': 0, 'n': 12, 'alpha': 0.6, 'shap_error': 0.05117384057315612, 'shap_norm_sq': 1.920000000000003, 'weighted_error': 1.003453805686835, 'gamma': 2.249999999999996}
{'sample_size': 500, 'difference': 0, 'noise': 0, 'n': 12, 'alpha': 0.7, 'shap_error': 0.09802295961206432, 'shap_norm_sq': 1.0800000000000078, 'weighted_error': 1.0038318814706966, 'gamma': 5.444444444444405}
{'sample_size': 500, 'difference': 0, 'noise': 0, 'n': 12, 'alpha': 0.8, 'shap_error': 0.19229272753751359, 'shap_norm_sq': 0.4800000000000006, 'weighted_error': 1.0011676010266493, 'gamma': 15.99999999999999}
{'sample_size': 500, 'difference': 0, 'noise': 0, 'n': 12, 'alpha': 0.2, 'shap_error': 0.010910399755536817, 'shap_norm_sq': 7.680000000000017, 'weighted_error': 1.0009552849774765, 'gamma': 0.06249999999999987}
{'sample_size': 500, 'difference': 0, 'noise': 0, 'n': 12, 'alpha': 0.3, 'shap_error': 0.0143561739169409, 'shap_norm_sq': 5.880000000000017, 'weighted_error': 1.001000897498406, 'gamma': 0.1836734693877546}
{'sample_size': 500, 'difference': 0, 'noise': 0, 'n': 12, 'alpha': 0.4, 'shap_error': 0.019678221861335086, 'shap_norm_sq': 4.319999999999995, 'weighted_error': 1.0008732214102258, 'gamma': 0.4444444444444451}
{'sample_size': 500, 'difference': 0, 'noise': 0, 'n': 12, 'alpha': 0.5, 'shap_error': 0.02940137428132674, 'shap_norm_sq': 3.000000000000004, 'weighted_error': 1.0016235965035485, 'gamma': 0.9999999999999984}
{'sample_size': 500, 'difference': 0, 'noise': 0, 'n': 12, 'alpha': 0.6, 'shap_error': 0.046617492865434415, 'shap_norm_sq': 1.920000000000003, 'weighted_error': 1.0014287622611808, 'gamma': 2.249999999999996}
{'sample_size': 500, 'difference': 0, 'noise': 0, 'n': 12, 'alpha': 0.7, 'shap_error': 0.08607553532122454, 'shap_norm_sq': 1.0800000000000078, 'weighted_error': 1.0016374566009505, 'gamma': 5.444444444444405}
{'sample_size': 500, 'difference': 0, 'noise': 0, 'n': 12, 'alpha': 0.8, 'shap_error': 0.19630017630793256, 'shap_norm_sq': 0.4800000000000006, 'weighted_error': 1.0014180665748016, 'gamma': 15.99999999999999}
{'sample_size': 500, 'difference': 0, 'noise': 0, 'n': 12, 'alpha': 0.2, 'shap_error': 0.010945750311984264, 'shap_norm_sq': 7.680000000000017, 'weighted_error': 1.0015208938806361, 'gamma': 0.06249999999999987}
{'sample_size': 500, 'difference': 0, 'noise': 0, 'n': 12, 'alpha': 0.3, 'shap_error': 0.014453664445906423, 'shap_norm_sq': 5.880000000000017, 'weighted_error': 1.0015316792672189, 'gamma': 0.1836734693877546}
{'sample_size': 500, 'difference': 0, 'noise': 0, 'n': 12, 'alpha': 0.4, 'shap_error': 0.020128865775668418, 'shap_norm_sq': 4.319999999999995, 'weighted_error': 1.0018871702174759, 'gamma': 0.4444444444444451}
{'sample_size': 500, 'difference': 0, 'noise': 0, 'n': 12, 'alpha': 0.5, 'shap_error': 0.030202759654813872, 'shap_norm_sq': 3.000000000000004, 'weighted_error': 1.002424981877036, 'gamma': 0.9999999999999984}
{'sample_size': 500, 'difference': 0, 'noise': 0, 'n': 12, 'alpha': 0.6, 'shap_error': 0.049157896892511266, 'shap_norm_sq': 1.920000000000003, 'weighted_error': 1.0025578307176595, 'gamma': 2.249999999999996}
{'sample_size': 500, 'difference': 0, 'noise': 0, 'n': 12, 'alpha': 0.7, 'shap_error': 0.0846279969351512, 'shap_norm_sq': 1.0800000000000078, 'weighted_error': 1.0013715822035083, 'gamma': 5.444444444444405}
{'sample_size': 500, 'difference': 0, 'noise': 0, 'n': 12, 'alpha': 0.8, 'shap_error': 0.18582162482589146, 'shap_norm_sq': 0.4800000000000006, 'weighted_error': 1.0007631571071738, 'gamma': 15.99999999999999}
{'sample_size': 500, 'difference': 0, 'noise': 0, 'n': 12, 'alpha': 0.2, 'shap_error': 0.010917312268132709, 'shap_norm_sq': 7.680000000000017, 'weighted_error': 1.0010658851790106, 'gamma': 0.06249999999999987}
{'sample_size': 500, 'difference': 0, 'noise': 0, 'n': 12, 'alpha': 0.3, 'shap_error': 0.014477212884059138, 'shap_norm_sq': 5.880000000000017, 'weighted_error': 1.0016598874304943, 'gamma': 0.1836734693877546}
{'sample_size': 500, 'difference': 0, 'noise': 0, 'n': 12, 'alpha': 0.4, 'shap_error': 0.019612747557639584, 'shap_norm_sq': 4.319999999999995, 'weighted_error': 1.000725904226911, 'gamma': 0.4444444444444451}
{'sample_size': 500, 'difference': 0, 'noise': 0, 'n': 12, 'alpha': 0.5, 'shap_error': 0.030671823914973872, 'shap_norm_sq': 3.000000000000004, 'weighted_error': 1.0028940461371962, 'gamma': 0.9999999999999984}
{'sample_size': 500, 'difference': 0, 'noise': 0, 'n': 12, 'alpha': 0.6, 'shap_error': 0.0468530774237402, 'shap_norm_sq': 1.920000000000003, 'weighted_error': 1.0015334665093165, 'gamma': 2.249999999999996}
{'sample_size': 500, 'difference': 0, 'noise': 0, 'n': 12, 'alpha': 0.7, 'shap_error': 0.08083672101487266, 'shap_norm_sq': 1.0800000000000078, 'weighted_error': 1.0006752254018243, 'gamma': 5.444444444444405}
{'sample_size': 500, 'difference': 0, 'noise': 0, 'n': 12, 'alpha': 0.8, 'shap_error': 0.1886341171375788, 'shap_norm_sq': 0.4800000000000006, 'weighted_error': 1.0009389378766542, 'gamma': 15.99999999999999}
{'sample_size': 500, 'difference': 0, 'noise': 0, 'n': 12, 'alpha': 0.2, 'shap_error': 0.010896579278325068, 'shap_norm_sq': 7.680000000000017, 'weighted_error': 1.000734157342088, 'gamma': 0.06249999999999987}
{'sample_size': 500, 'difference': 0, 'noise': 0, 'n': 12, 'alpha': 0.3, 'shap_error': 0.014581410528171551, 'shap_norm_sq': 5.880000000000017, 'weighted_error': 1.0022271857151068, 'gamma': 0.1836734693877546}
{'sample_size': 500, 'difference': 0, 'noise': 0, 'n': 12, 'alpha': 0.4, 'shap_error': 0.020026213853137315, 'shap_norm_sq': 4.319999999999995, 'weighted_error': 1.0016562033917806, 'gamma': 0.4444444444444451}
{'sample_size': 500, 'difference': 0, 'noise': 0, 'n': 12, 'alpha': 0.5, 'shap_error': 0.028792076194794115, 'shap_norm_sq': 3.000000000000004, 'weighted_error': 1.001014298417016, 'gamma': 0.9999999999999984}
{'sample_size': 500, 'difference': 0, 'noise': 0, 'n': 12, 'alpha': 0.6, 'shap_error': 0.053389779168561496, 'shap_norm_sq': 1.920000000000003, 'weighted_error': 1.0044386672847927, 'gamma': 2.249999999999996}
{'sample_size': 500, 'difference': 0, 'noise': 0, 'n': 12, 'alpha': 0.7, 'shap_error': 0.08949849388023934, 'shap_norm_sq': 1.0800000000000078, 'weighted_error': 1.0022661632750551, 'gamma': 5.444444444444405}
{'sample_size': 500, 'difference': 0, 'noise': 0, 'n': 12, 'alpha': 0.8, 'shap_error': 0.18806460862007346, 'shap_norm_sq': 0.4800000000000006, 'weighted_error': 1.0009033435943102, 'gamma': 15.99999999999999}
{'sample_size': 500, 'difference': 0, 'noise': 0, 'n': 12, 'alpha': 0.2, 'shap_error': 0.011084457518976866, 'shap_norm_sq': 7.680000000000017, 'weighted_error': 1.0037402091925163, 'gamma': 0.06249999999999987}
{'sample_size': 500, 'difference': 0, 'noise': 0, 'n': 12, 'alpha': 0.3, 'shap_error': 0.01449476869567925, 'shap_norm_sq': 5.880000000000017, 'weighted_error': 1.0017554690715367, 'gamma': 0.1836734693877546}
{'sample_size': 500, 'difference': 0, 'noise': 0, 'n': 12, 'alpha': 0.4, 'shap_error': 0.020100839643911173, 'shap_norm_sq': 4.319999999999995, 'weighted_error': 1.001824111421022, 'gamma': 0.4444444444444451}
{'sample_size': 500, 'difference': 0, 'noise': 0, 'n': 12, 'alpha': 0.5, 'shap_error': 0.029022564521842383, 'shap_norm_sq': 3.000000000000004, 'weighted_error': 1.0012447867440648, 'gamma': 0.9999999999999984}
{'sample_size': 500, 'difference': 0, 'noise': 0, 'n': 12, 'alpha': 0.6, 'shap_error': 0.04705565753068695, 'shap_norm_sq': 1.920000000000003, 'weighted_error': 1.001623502112404, 'gamma': 2.249999999999996}
{'sample_size': 500, 'difference': 0, 'noise': 0, 'n': 12, 'alpha': 0.7, 'shap_error': 0.09850478463148969, 'shap_norm_sq': 1.0800000000000078, 'weighted_error': 1.0039203799436525, 'gamma': 5.444444444444405}
{'sample_size': 500, 'difference': 0, 'noise': 0, 'n': 12, 'alpha': 0.8, 'shap_error': 0.1858594328507336, 'shap_norm_sq': 0.4800000000000006, 'weighted_error': 1.0007655201087262, 'gamma': 15.99999999999999}
{'sample_size': 500, 'difference': 0, 'noise': 0, 'n': 12, 'alpha': 0.2, 'shap_error': 0.010945849004647651, 'shap_norm_sq': 7.680000000000017, 'weighted_error': 1.0015224729632497, 'gamma': 0.06249999999999987}
{'sample_size': 500, 'difference': 0, 'noise': 0, 'n': 12, 'alpha': 0.3, 'shap_error': 0.01446854551619565, 'shap_norm_sq': 5.880000000000017, 'weighted_error': 1.0016126984276819, 'gamma': 0.1836734693877546}
{'sample_size': 500, 'difference': 0, 'noise': 0, 'n': 12, 'alpha': 0.4, 'shap_error': 0.02023792867371785, 'shap_norm_sq': 4.319999999999995, 'weighted_error': 1.0021325617380867, 'gamma': 0.4444444444444451}
{'sample_size': 500, 'difference': 0, 'noise': 0, 'n': 12, 'alpha': 0.5, 'shap_error': 0.030526233756183158, 'shap_norm_sq': 3.000000000000004, 'weighted_error': 1.0027484559784052, 'gamma': 0.9999999999999984}
{'sample_size': 500, 'difference': 0, 'noise': 0, 'n': 12, 'alpha': 0.6, 'shap_error': 0.04554551279698783, 'shap_norm_sq': 1.920000000000003, 'weighted_error': 1.0009523266752045, 'gamma': 2.249999999999996}
{'sample_size': 500, 'difference': 0, 'noise': 0, 'n': 12, 'alpha': 0.7, 'shap_error': 0.08049594477922223, 'shap_norm_sq': 1.0800000000000078, 'weighted_error': 1.000612633848338, 'gamma': 5.444444444444405}
{'sample_size': 500, 'difference': 0, 'noise': 0, 'n': 12, 'alpha': 0.8, 'shap_error': 0.22758499963904527, 'shap_norm_sq': 0.4800000000000006, 'weighted_error': 1.003373368032996, 'gamma': 15.99999999999999}
{'sample_size': 500, 'difference': 0, 'noise': 0, 'n': 12, 'alpha': 0.2, 'shap_error': 0.010901772828752026, 'shap_norm_sq': 7.680000000000017, 'weighted_error': 1.0008172541489186, 'gamma': 0.06249999999999987}
{'sample_size': 500, 'difference': 0, 'noise': 0, 'n': 12, 'alpha': 0.3, 'shap_error': 0.014412320498217722, 'shap_norm_sq': 5.880000000000017, 'weighted_error': 1.0013065844409132, 'gamma': 0.1836734693877546}
{'sample_size': 500, 'difference': 0, 'noise': 0, 'n': 12, 'alpha': 0.4, 'shap_error': 0.020168078330838172, 'shap_norm_sq': 4.319999999999995, 'weighted_error': 1.0019753984666075, 'gamma': 0.4444444444444451}
{'sample_size': 500, 'difference': 0, 'noise': 0, 'n': 12, 'alpha': 0.5, 'shap_error': 0.03031124166644272, 'shap_norm_sq': 3.000000000000004, 'weighted_error': 1.0025334638886647, 'gamma': 0.9999999999999984}
{'sample_size': 500, 'difference': 0, 'noise': 0, 'n': 12, 'alpha': 0.6, 'shap_error': 0.04779701124397098, 'shap_norm_sq': 1.920000000000003, 'weighted_error': 1.0019529926516415, 'gamma': 2.249999999999996}
{'sample_size': 500, 'difference': 0, 'noise': 0, 'n': 12, 'alpha': 0.7, 'shap_error': 0.08398084654846999, 'shap_norm_sq': 1.0800000000000078, 'weighted_error': 1.0012527178467712, 'gamma': 5.444444444444405}
{'sample_size': 500, 'difference': 0, 'noise': 0, 'n': 12, 'alpha': 0.8, 'shap_error': 0.22488285615078463, 'shap_norm_sq': 0.4800000000000006, 'weighted_error': 1.0032044840649799, 'gamma': 15.99999999999999}
{'sample_size': 500, 'difference': 0, 'noise': 0, 'n': 12, 'alpha': 0.2, 'shap_error': 0.011035873630380139, 'shap_norm_sq': 7.680000000000017, 'weighted_error': 1.0029628669749684, 'gamma': 0.06249999999999987}
{'sample_size': 500, 'difference': 0, 'noise': 0, 'n': 12, 'alpha': 0.3, 'shap_error': 0.014461323447288768, 'shap_norm_sq': 5.880000000000017, 'weighted_error': 1.001573378274745, 'gamma': 0.1836734693877546}
{'sample_size': 500, 'difference': 0, 'noise': 0, 'n': 12, 'alpha': 0.4, 'shap_error': 0.020307242397060606, 'shap_norm_sq': 4.319999999999995, 'weighted_error': 1.0022885176156078, 'gamma': 0.4444444444444451}
{'sample_size': 500, 'difference': 0, 'noise': 0, 'n': 12, 'alpha': 0.5, 'shap_error': 0.03034630153099093, 'shap_norm_sq': 3.000000000000004, 'weighted_error': 1.0025685237532134, 'gamma': 0.9999999999999984}
{'sample_size': 500, 'difference': 0, 'noise': 0, 'n': 12, 'alpha': 0.6, 'shap_error': 0.04606917066050059, 'shap_norm_sq': 1.920000000000003, 'weighted_error': 1.0011850635034323, 'gamma': 2.249999999999996}
{'sample_size': 500, 'difference': 0, 'noise': 0, 'n': 12, 'alpha': 0.7, 'shap_error': 0.08545006120938123, 'shap_norm_sq': 1.0800000000000078, 'weighted_error': 1.0015225736008164, 'gamma': 5.444444444444405}
{'sample_size': 500, 'difference': 0, 'noise': 0, 'n': 12, 'alpha': 0.8, 'shap_error': 0.2147207321218452, 'shap_norm_sq': 0.4800000000000006, 'weighted_error': 1.0025693513131704, 'gamma': 15.99999999999999}
{'sample_size': 500, 'difference': 0, 'noise': 0, 'n': 12, 'alpha': 0.2, 'shap_error': 0.01089478156720097, 'shap_norm_sq': 7.680000000000017, 'weighted_error': 1.0007053939641035, 'gamma': 0.06249999999999987}
{'sample_size': 500, 'difference': 0, 'noise': 0, 'n': 12, 'alpha': 0.3, 'shap_error': 0.014555126720335584, 'shap_norm_sq': 5.880000000000017, 'weighted_error': 1.0020840849835546, 'gamma': 0.1836734693877546}
{'sample_size': 500, 'difference': 0, 'noise': 0, 'n': 12, 'alpha': 0.4, 'shap_error': 0.020120372618588917, 'shap_norm_sq': 4.319999999999995, 'weighted_error': 1.0018680606140469, 'gamma': 0.4444444444444451}
{'sample_size': 500, 'difference': 0, 'noise': 0, 'n': 12, 'alpha': 0.5, 'shap_error': 0.028824478871438106, 'shap_norm_sq': 3.000000000000004, 'weighted_error': 1.00104670109366, 'gamma': 0.9999999999999984}
{'sample_size': 500, 'difference': 0, 'noise': 0, 'n': 12, 'alpha': 0.6, 'shap_error': 0.04530589045309926, 'shap_norm_sq': 1.920000000000003, 'weighted_error': 1.0008458278556986, 'gamma': 2.249999999999996}
{'sample_size': 500, 'difference': 0, 'noise': 0, 'n': 12, 'alpha': 0.7, 'shap_error': 0.08870949686409366, 'shap_norm_sq': 1.0800000000000078, 'weighted_error': 1.002121245455763, 'gamma': 5.444444444444405}
{'sample_size': 500, 'difference': 0, 'noise': 0, 'n': 12, 'alpha': 0.8, 'shap_error': 0.1907501534575993, 'shap_norm_sq': 0.4800000000000006, 'weighted_error': 1.0010711901466554, 'gamma': 15.99999999999999}
{'sample_size': 500, 'difference': 0, 'noise': 0, 'n': 12, 'alpha': 0.2, 'shap_error': 0.010894684984498214, 'shap_norm_sq': 7.680000000000017, 'weighted_error': 1.00070384864086, 'gamma': 0.06249999999999987}
{'sample_size': 500, 'difference': 0, 'noise': 0, 'n': 12, 'alpha': 0.3, 'shap_error': 0.014463592783475468, 'shap_norm_sq': 5.880000000000017, 'weighted_error': 1.0015857335495393, 'gamma': 0.1836734693877546}
{'sample_size': 500, 'difference': 0, 'noise': 0, 'n': 12, 'alpha': 0.4, 'shap_error': 0.020236289480447218, 'shap_norm_sq': 4.319999999999995, 'weighted_error': 1.0021288735532283, 'gamma': 0.4444444444444451}
{'sample_size': 500, 'difference': 0, 'noise': 0, 'n': 12, 'alpha': 0.5, 'shap_error': 0.028954884931996955, 'shap_norm_sq': 3.000000000000004, 'weighted_error': 1.0011771071542188, 'gamma': 0.9999999999999984}
{'sample_size': 500, 'difference': 0, 'noise': 0, 'n': 12, 'alpha': 0.6, 'shap_error': 0.04756565180929362, 'shap_norm_sq': 1.920000000000003, 'weighted_error': 1.0018501662362296, 'gamma': 2.249999999999996}
{'sample_size': 500, 'difference': 0, 'noise': 0, 'n': 12, 'alpha': 0.7, 'shap_error': 0.09058967161087127, 'shap_norm_sq': 1.0800000000000078, 'weighted_error': 1.002466583674559, 'gamma': 5.444444444444405}
{'sample_size': 500, 'difference': 0, 'noise': 0, 'n': 12, 'alpha': 0.8, 'shap_error': 0.2057739629815555, 'shap_norm_sq': 0.4800000000000006, 'weighted_error': 1.0020101782419029, 'gamma': 15.99999999999999}
{'sample_size': 500, 'difference': 0, 'noise': 0, 'n': 12, 'alpha': 0.2, 'shap_error': 0.01097119516637149, 'shap_norm_sq': 7.680000000000017, 'weighted_error': 1.0019280115508298, 'gamma': 0.06249999999999987}
{'sample_size': 500, 'difference': 0, 'noise': 0, 'n': 12, 'alpha': 0.3, 'shap_error': 0.014720262105873145, 'shap_norm_sq': 5.880000000000017, 'weighted_error': 1.0029831554159259, 'gamma': 0.1836734693877546}
{'sample_size': 500, 'difference': 0, 'noise': 0, 'n': 12, 'alpha': 0.4, 'shap_error': 0.020612001481128676, 'shap_norm_sq': 4.319999999999995, 'weighted_error': 1.0029742255547611, 'gamma': 0.4444444444444451}
{'sample_size': 500, 'difference': 0, 'noise': 0, 'n': 12, 'alpha': 0.5, 'shap_error': 0.029730424030742615, 'shap_norm_sq': 3.000000000000004, 'weighted_error': 1.0019526462529649, 'gamma': 0.9999999999999984}
{'sample_size': 500, 'difference': 0, 'noise': 0, 'n': 12, 'alpha': 0.6, 'shap_error': 0.04444405670842916, 'shap_norm_sq': 1.920000000000003, 'weighted_error': 1.000462790635845, 'gamma': 2.249999999999996}
{'sample_size': 500, 'difference': 0, 'noise': 0, 'n': 12, 'alpha': 0.7, 'shap_error': 0.10249208232791733, 'shap_norm_sq': 1.0800000000000078, 'weighted_error': 1.0046527407450367, 'gamma': 5.444444444444405}
{'sample_size': 500, 'difference': 0, 'noise': 0, 'n': 12, 'alpha': 0.8, 'shap_error': 0.19038720685591817, 'shap_norm_sq': 0.4800000000000006, 'weighted_error': 1.0010485059840502, 'gamma': 15.99999999999999}
{'sample_size': 500, 'difference': 0, 'noise': 0, 'n': 12, 'alpha': 0.2, 'shap_error': 0.010912485814746697, 'shap_norm_sq': 7.680000000000017, 'weighted_error': 1.000988661924834, 'gamma': 0.06249999999999987}
{'sample_size': 500, 'difference': 0, 'noise': 0, 'n': 12, 'alpha': 0.3, 'shap_error': 0.014433164851734438, 'shap_norm_sq': 5.880000000000017, 'weighted_error': 1.0014200703656155, 'gamma': 0.1836734693877546}
{'sample_size': 500, 'difference': 0, 'noise': 0, 'n': 12, 'alpha': 0.4, 'shap_error': 0.0210524684626977, 'shap_norm_sq': 4.319999999999995, 'weighted_error': 1.0039652762632918, 'gamma': 0.4444444444444451}
{'sample_size': 500, 'difference': 0, 'noise': 0, 'n': 12, 'alpha': 0.5, 'shap_error': 0.030128193573961064, 'shap_norm_sq': 3.000000000000004, 'weighted_error': 1.0023504157961831, 'gamma': 0.9999999999999984}
{'sample_size': 500, 'difference': 0, 'noise': 0, 'n': 12, 'alpha': 0.6, 'shap_error': 0.0504541710862157, 'shap_norm_sq': 1.920000000000003, 'weighted_error': 1.0031339525815282, 'gamma': 2.249999999999996}
{'sample_size': 500, 'difference': 0, 'noise': 0, 'n': 12, 'alpha': 0.7, 'shap_error': 0.08182127166148205, 'shap_norm_sq': 1.0800000000000078, 'weighted_error': 1.0008560612348756, 'gamma': 5.444444444444405}
{'sample_size': 500, 'difference': 0, 'noise': 0, 'n': 12, 'alpha': 0.8, 'shap_error': 0.1964628794430789, 'shap_norm_sq': 0.4800000000000006, 'weighted_error': 1.0014282355207478, 'gamma': 15.99999999999999}
{'sample_size': 500, 'difference': 0, 'noise': 0, 'n': 12, 'alpha': 0.2, 'shap_error': 0.010957365543796673, 'shap_norm_sq': 7.680000000000017, 'weighted_error': 1.0017067375896327, 'gamma': 0.06249999999999987}
{'sample_size': 500, 'difference': 0, 'noise': 0, 'n': 12, 'alpha': 0.3, 'shap_error': 0.0143352891336378, 'shap_norm_sq': 5.880000000000017, 'weighted_error': 1.0008871914559783, 'gamma': 0.1836734693877546}
{'sample_size': 500, 'difference': 0, 'noise': 0, 'n': 12, 'alpha': 0.4, 'shap_error': 0.019530121198553036, 'shap_norm_sq': 4.319999999999995, 'weighted_error': 1.0005399949189657, 'gamma': 0.4444444444444451}
{'sample_size': 500, 'difference': 0, 'noise': 0, 'n': 12, 'alpha': 0.5, 'shap_error': 0.028609625620513675, 'shap_norm_sq': 3.000000000000004, 'weighted_error': 1.0008318478427356, 'gamma': 0.9999999999999984}
{'sample_size': 500, 'difference': 0, 'noise': 0, 'n': 12, 'alpha': 0.6, 'shap_error': 0.04703900674568643, 'shap_norm_sq': 1.920000000000003, 'weighted_error': 1.001616101763515, 'gamma': 2.249999999999996}
{'sample_size': 500, 'difference': 0, 'noise': 0, 'n': 12, 'alpha': 0.7, 'shap_error': 0.08599112329072117, 'shap_norm_sq': 1.0800000000000078, 'weighted_error': 1.0016219523504504, 'gamma': 5.444444444444405}
{'sample_size': 500, 'difference': 0, 'noise': 0, 'n': 12, 'alpha': 0.8, 'shap_error': 0.21347939728558404, 'shap_norm_sq': 0.4800000000000006, 'weighted_error': 1.0024917678859044, 'gamma': 15.99999999999999}
{'sample_size': 500, 'difference': 0, 'noise': 0, 'n': 12, 'alpha': 0.2, 'shap_error': 0.010963929678107923, 'shap_norm_sq': 7.680000000000017, 'weighted_error': 1.0018117637386137, 'gamma': 0.06249999999999987}
{'sample_size': 500, 'difference': 0, 'noise': 0, 'n': 12, 'alpha': 0.3, 'shap_error': 0.014330882367474753, 'shap_norm_sq': 5.880000000000017, 'weighted_error': 1.0008631990624242, 'gamma': 0.1836734693877546}
{'sample_size': 500, 'difference': 0, 'noise': 0, 'n': 12, 'alpha': 0.4, 'shap_error': 0.01977771733077433, 'shap_norm_sq': 4.319999999999995, 'weighted_error': 1.0010970862164643, 'gamma': 0.4444444444444451}
{'sample_size': 500, 'difference': 0, 'noise': 0, 'n': 12, 'alpha': 0.5, 'shap_error': 0.029184682554434023, 'shap_norm_sq': 3.000000000000004, 'weighted_error': 1.0014069047766563, 'gamma': 0.9999999999999984}
{'sample_size': 500, 'difference': 0, 'noise': 0, 'n': 12, 'alpha': 0.6, 'shap_error': 0.048308502727655835, 'shap_norm_sq': 1.920000000000003, 'weighted_error': 1.002180322199946, 'gamma': 2.249999999999996}
{'sample_size': 500, 'difference': 0, 'noise': 0, 'n': 12, 'alpha': 0.7, 'shap_error': 0.08798481153739213, 'shap_norm_sq': 1.0800000000000078, 'weighted_error': 1.0019881399875936, 'gamma': 5.444444444444405}
{'sample_size': 500, 'difference': 0, 'noise': 0, 'n': 12, 'alpha': 0.8, 'shap_error': 0.19739628891573444, 'shap_norm_sq': 0.4800000000000006, 'weighted_error': 1.001486573612789, 'gamma': 15.99999999999999}
{'sample_size': 500, 'difference': 0, 'noise': 0, 'n': 12, 'alpha': 0.2, 'shap_error': 0.011022484206299926, 'shap_norm_sq': 7.680000000000017, 'weighted_error': 1.0027486361896871, 'gamma': 0.06249999999999987}
{'sample_size': 500, 'difference': 0, 'noise': 0, 'n': 12, 'alpha': 0.3, 'shap_error': 0.014604939705820138, 'shap_norm_sq': 5.880000000000017, 'weighted_error': 1.0023552890156382, 'gamma': 0.1836734693877546}
{'sample_size': 500, 'difference': 0, 'noise': 0, 'n': 12, 'alpha': 0.4, 'shap_error': 0.020006539626025808, 'shap_norm_sq': 4.319999999999995, 'weighted_error': 1.0016119363807803, 'gamma': 0.4444444444444451}
{'sample_size': 500, 'difference': 0, 'noise': 0, 'n': 12, 'alpha': 0.5, 'shap_error': 0.0298264134876531, 'shap_norm_sq': 3.000000000000004, 'weighted_error': 1.002048635709875, 'gamma': 0.9999999999999984}
{'sample_size': 500, 'difference': 0, 'noise': 0, 'n': 12, 'alpha': 0.6, 'shap_error': 0.050274367727913265, 'shap_norm_sq': 1.920000000000003, 'weighted_error': 1.0030540399778383, 'gamma': 2.249999999999996}
{'sample_size': 500, 'difference': 0, 'noise': 0, 'n': 12, 'alpha': 0.7, 'shap_error': 0.08634800807692178, 'shap_norm_sq': 1.0800000000000078, 'weighted_error': 1.001687502617303, 'gamma': 5.444444444444405}
{'sample_size': 500, 'difference': 0, 'noise': 0, 'n': 12, 'alpha': 0.8, 'shap_error': 0.1928473831375705, 'shap_norm_sq': 0.4800000000000006, 'weighted_error': 1.0012022670016538, 'gamma': 15.99999999999999}
{'sample_size': 500, 'difference': 0, 'noise': 0, 'n': 12, 'alpha': 0.2, 'shap_error': 0.01093612856578156, 'shap_norm_sq': 7.680000000000017, 'weighted_error': 1.0013669459413916, 'gamma': 0.06249999999999987}
{'sample_size': 500, 'difference': 0, 'noise': 0, 'n': 12, 'alpha': 0.3, 'shap_error': 0.014371917306191456, 'shap_norm_sq': 5.880000000000017, 'weighted_error': 1.0010866115065482, 'gamma': 0.1836734693877546}
{'sample_size': 500, 'difference': 0, 'noise': 0, 'n': 12, 'alpha': 0.4, 'shap_error': 0.021032581750984814, 'shap_norm_sq': 4.319999999999995, 'weighted_error': 1.0039205311619377, 'gamma': 0.4444444444444451}
{'sample_size': 500, 'difference': 0, 'noise': 0, 'n': 12, 'alpha': 0.5, 'shap_error': 0.029117455492958445, 'shap_norm_sq': 3.000000000000004, 'weighted_error': 1.0013396777151806, 'gamma': 0.9999999999999984}
{'sample_size': 500, 'difference': 0, 'noise': 0, 'n': 12, 'alpha': 0.6, 'shap_error': 0.050638962496356216, 'shap_norm_sq': 1.920000000000003, 'weighted_error': 1.0032160820971465, 'gamma': 2.249999999999996}
{'sample_size': 500, 'difference': 0, 'noise': 0, 'n': 12, 'alpha': 0.7, 'shap_error': 0.08700808454630111, 'shap_norm_sq': 1.0800000000000078, 'weighted_error': 1.001808741152495, 'gamma': 5.444444444444405}
{'sample_size': 500, 'difference': 0, 'noise': 0, 'n': 12, 'alpha': 0.8, 'shap_error': 0.20993818433938585, 'shap_norm_sq': 0.4800000000000006, 'weighted_error': 1.0022704420767672, 'gamma': 15.99999999999999}
{'sample_size': 500, 'difference': 0, 'noise': 0, 'n': 12, 'alpha': 0.2, 'shap_error': 0.010921627008868173, 'shap_norm_sq': 7.680000000000017, 'weighted_error': 1.0011349210307776, 'gamma': 0.06249999999999987}
{'sample_size': 500, 'difference': 0, 'noise': 0, 'n': 12, 'alpha': 0.3, 'shap_error': 0.014550347432838341, 'shap_norm_sq': 5.880000000000017, 'weighted_error': 1.0020580644182921, 'gamma': 0.1836734693877546}
{'sample_size': 500, 'difference': 0, 'noise': 0, 'n': 12, 'alpha': 0.4, 'shap_error': 0.020743663471345798, 'shap_norm_sq': 4.319999999999995, 'weighted_error': 1.0032704650327497, 'gamma': 0.4444444444444451}
{'sample_size': 500, 'difference': 0, 'noise': 0, 'n': 12, 'alpha': 0.5, 'shap_error': 0.029296775597840444, 'shap_norm_sq': 3.000000000000004, 'weighted_error': 1.0015189978200623, 'gamma': 0.9999999999999984}
{'sample_size': 500, 'difference': 0, 'noise': 0, 'n': 12, 'alpha': 0.6, 'shap_error': 0.044853479631110145, 'shap_norm_sq': 1.920000000000003, 'weighted_error': 1.000644756379259, 'gamma': 2.249999999999996}
{'sample_size': 500, 'difference': 0, 'noise': 0, 'n': 12, 'alpha': 0.7, 'shap_error': 0.09619926652890406, 'shap_norm_sq': 1.0800000000000078, 'weighted_error': 1.0034969174350141, 'gamma': 5.444444444444405}
{'sample_size': 500, 'difference': 0, 'noise': 0, 'n': 12, 'alpha': 0.8, 'shap_error': 0.20486368057840498, 'shap_norm_sq': 0.4800000000000006, 'weighted_error': 1.001953285591706, 'gamma': 15.99999999999999}
{'sample_size': 500, 'difference': 0, 'noise': 0, 'n': 12, 'alpha': 0.2, 'shap_error': 0.01092785102068645, 'shap_norm_sq': 7.680000000000017, 'weighted_error': 1.0012345052198703, 'gamma': 0.06249999999999987}
{'sample_size': 500, 'difference': 0, 'noise': 0, 'n': 12, 'alpha': 0.3, 'shap_error': 0.014486213642143139, 'shap_norm_sq': 5.880000000000017, 'weighted_error': 1.0017088915578407, 'gamma': 0.1836734693877546}
{'sample_size': 500, 'difference': 0, 'noise': 0, 'n': 12, 'alpha': 0.4, 'shap_error': 0.021252465373515737, 'shap_norm_sq': 4.319999999999995, 'weighted_error': 1.0044152693126316, 'gamma': 0.4444444444444451}
{'sample_size': 500, 'difference': 0, 'noise': 0, 'n': 12, 'alpha': 0.5, 'shap_error': 0.030556275674382873, 'shap_norm_sq': 3.000000000000004, 'weighted_error': 1.0027784978966048, 'gamma': 0.9999999999999984}
{'sample_size': 500, 'difference': 0, 'noise': 0, 'n': 12, 'alpha': 0.6, 'shap_error': 0.046549449264340015, 'shap_norm_sq': 1.920000000000003, 'weighted_error': 1.0013985206606946, 'gamma': 2.249999999999996}
{'sample_size': 500, 'difference': 0, 'noise': 0, 'n': 12, 'alpha': 0.7, 'shap_error': 0.08787746601194568, 'shap_norm_sq': 1.0800000000000078, 'weighted_error': 1.0019684234625117, 'gamma': 5.444444444444405}
{'sample_size': 500, 'difference': 0, 'noise': 0, 'n': 12, 'alpha': 0.8, 'shap_error': 0.22331369931313777, 'shap_norm_sq': 0.4800000000000006, 'weighted_error': 1.0031064117626267, 'gamma': 15.99999999999999}
{'sample_size': 500, 'difference': 0, 'noise': 0, 'n': 12, 'alpha': 0.2, 'shap_error': 0.010967513705046535, 'shap_norm_sq': 7.680000000000017, 'weighted_error': 1.001869108169632, 'gamma': 0.06249999999999987}
{'sample_size': 500, 'difference': 0, 'noise': 0, 'n': 12, 'alpha': 0.3, 'shap_error': 0.014409566910347182, 'shap_norm_sq': 5.880000000000017, 'weighted_error': 1.0012915926847294, 'gamma': 0.1836734693877546}
{'sample_size': 500, 'difference': 0, 'noise': 0, 'n': 12, 'alpha': 0.4, 'shap_error': 0.02044983828118401, 'shap_norm_sq': 4.319999999999995, 'weighted_error': 1.002609358354886, 'gamma': 0.4444444444444451}
{'sample_size': 500, 'difference': 0, 'noise': 0, 'n': 12, 'alpha': 0.5, 'shap_error': 0.029815814156691583, 'shap_norm_sq': 3.000000000000004, 'weighted_error': 1.0020380363789136, 'gamma': 0.9999999999999984}
{'sample_size': 500, 'difference': 0, 'noise': 0, 'n': 12, 'alpha': 0.6, 'shap_error': 0.046767144130401506, 'shap_norm_sq': 1.920000000000003, 'weighted_error': 1.0014952739344998, 'gamma': 2.249999999999996}
{'sample_size': 500, 'difference': 0, 'noise': 0, 'n': 12, 'alpha': 0.7, 'shap_error': 0.08918073059293286, 'shap_norm_sq': 1.0800000000000078, 'weighted_error': 1.0022077985896314, 'gamma': 5.444444444444405}
{'sample_size': 500, 'difference': 0, 'noise': 0, 'n': 12, 'alpha': 0.8, 'shap_error': 0.2320611211457586, 'shap_norm_sq': 0.4800000000000006, 'weighted_error': 1.0036531256271648, 'gamma': 15.99999999999999}
{'sample_size': 500, 'difference': 0, 'noise': 0, 'n': 12, 'alpha': 0.2, 'shap_error': 0.01097987270293009, 'shap_norm_sq': 7.680000000000017, 'weighted_error': 1.0020668521357678, 'gamma': 0.06249999999999987}
{'sample_size': 500, 'difference': 0, 'noise': 0, 'n': 12, 'alpha': 0.3, 'shap_error': 0.0144914821291796, 'shap_norm_sq': 5.880000000000017, 'weighted_error': 1.0017375755428164, 'gamma': 0.1836734693877546}
{'sample_size': 500, 'difference': 0, 'noise': 0, 'n': 12, 'alpha': 0.4, 'shap_error': 0.019819394794074855, 'shap_norm_sq': 4.319999999999995, 'weighted_error': 1.00119086050889, 'gamma': 0.4444444444444451}
{'sample_size': 500, 'difference': 0, 'noise': 0, 'n': 12, 'alpha': 0.5, 'shap_error': 0.029286321319668636, 'shap_norm_sq': 3.000000000000004, 'weighted_error': 1.0015085435418911, 'gamma': 0.9999999999999984}
{'sample_size': 500, 'difference': 0, 'noise': 0, 'n': 12, 'alpha': 0.6, 'shap_error': 0.04733536765577713, 'shap_norm_sq': 1.920000000000003, 'weighted_error': 1.0017478177235555, 'gamma': 2.249999999999996}
{'sample_size': 500, 'difference': 0, 'noise': 0, 'n': 12, 'alpha': 0.7, 'shap_error': 0.08682300647708333, 'shap_norm_sq': 1.0800000000000078, 'weighted_error': 1.0017747472214142, 'gamma': 5.444444444444405}
{'sample_size': 500, 'difference': 0, 'noise': 0, 'n': 12, 'alpha': 0.8, 'shap_error': 0.20565661962753892, 'shap_norm_sq': 0.4800000000000006, 'weighted_error': 1.0020028442822768, 'gamma': 15.99999999999999}
{'sample_size': 500, 'difference': 0, 'noise': 0, 'n': 12, 'alpha': 0.2, 'shap_error': 0.011029428822153036, 'shap_norm_sq': 7.680000000000017, 'weighted_error': 1.002859750043336, 'gamma': 0.06249999999999987}
{'sample_size': 500, 'difference': 0, 'noise': 0, 'n': 12, 'alpha': 0.3, 'shap_error': 0.014331314197826643, 'shap_norm_sq': 5.880000000000017, 'weighted_error': 1.0008655501387842, 'gamma': 0.1836734693877546}
{'sample_size': 500, 'difference': 0, 'noise': 0, 'n': 12, 'alpha': 0.4, 'shap_error': 0.02002563942807794, 'shap_norm_sq': 4.319999999999995, 'weighted_error': 1.0016549109353972, 'gamma': 0.4444444444444451}
{'sample_size': 500, 'difference': 0, 'noise': 0, 'n': 12, 'alpha': 0.5, 'shap_error': 0.02847044316242009, 'shap_norm_sq': 3.000000000000004, 'weighted_error': 1.000692665384642, 'gamma': 0.9999999999999984}
{'sample_size': 500, 'difference': 0, 'noise': 0, 'n': 12, 'alpha': 0.6, 'shap_error': 0.054955528117676726, 'shap_norm_sq': 1.920000000000003, 'weighted_error': 1.0051345557066222, 'gamma': 2.249999999999996}
{'sample_size': 500, 'difference': 0, 'noise': 0, 'n': 12, 'alpha': 0.7, 'shap_error': 0.08497967414201293, 'shap_norm_sq': 1.0800000000000078, 'weighted_error': 1.0014361759761972, 'gamma': 5.444444444444405}
{'sample_size': 500, 'difference': 0, 'noise': 0, 'n': 12, 'alpha': 0.8, 'shap_error': 0.1944788891348302, 'shap_norm_sq': 0.4800000000000006, 'weighted_error': 1.001304236126482, 'gamma': 15.99999999999999}
{'sample_size': 500, 'difference': 0, 'noise': 0, 'n': 12, 'alpha': 0.2, 'shap_error': 0.010923199074980246, 'shap_norm_sq': 7.680000000000017, 'weighted_error': 1.001160074088571, 'gamma': 0.06249999999999987}
{'sample_size': 500, 'difference': 0, 'noise': 0, 'n': 12, 'alpha': 0.3, 'shap_error': 0.014656273920611414, 'shap_norm_sq': 5.880000000000017, 'weighted_error': 1.0026347752961682, 'gamma': 0.1836734693877546}
{'sample_size': 500, 'difference': 0, 'noise': 0, 'n': 12, 'alpha': 0.4, 'shap_error': 0.01986874606751529, 'shap_norm_sq': 4.319999999999995, 'weighted_error': 1.0013019008741313, 'gamma': 0.4444444444444451}
{'sample_size': 500, 'difference': 0, 'noise': 0, 'n': 12, 'alpha': 0.5, 'shap_error': 0.02977832832700044, 'shap_norm_sq': 3.000000000000004, 'weighted_error': 1.0020005505492222, 'gamma': 0.9999999999999984}
{'sample_size': 500, 'difference': 0, 'noise': 0, 'n': 12, 'alpha': 0.6, 'shap_error': 0.04730100055277206, 'shap_norm_sq': 1.920000000000003, 'weighted_error': 1.0017325434555528, 'gamma': 2.249999999999996}
{'sample_size': 500, 'difference': 0, 'noise': 0, 'n': 12, 'alpha': 0.7, 'shap_error': 0.09261945326260619, 'shap_norm_sq': 1.0800000000000078, 'weighted_error': 1.0028394007126331, 'gamma': 5.444444444444405}
{'sample_size': 500, 'difference': 0, 'noise': 0, 'n': 12, 'alpha': 0.8, 'shap_error': 0.2584355854490972, 'shap_norm_sq': 0.4800000000000006, 'weighted_error': 1.0053015296461245, 'gamma': 15.99999999999999}
{'sample_size': 500, 'difference': 0, 'noise': 0, 'n': 12, 'alpha': 0.2, 'shap_error': 0.010924175966205344, 'shap_norm_sq': 7.680000000000017, 'weighted_error': 1.0011757043481724, 'gamma': 0.06249999999999987}
{'sample_size': 500, 'difference': 0, 'noise': 0, 'n': 12, 'alpha': 0.3, 'shap_error': 0.01468544664846042, 'shap_norm_sq': 5.880000000000017, 'weighted_error': 1.002793604592235, 'gamma': 0.1836734693877546}
{'sample_size': 500, 'difference': 0, 'noise': 0, 'n': 12, 'alpha': 0.4, 'shap_error': 0.019860514181584084, 'shap_norm_sq': 4.319999999999995, 'weighted_error': 1.001283379130786, 'gamma': 0.4444444444444451}
{'sample_size': 500, 'difference': 0, 'noise': 0, 'n': 12, 'alpha': 0.5, 'shap_error': 0.02918725202262407, 'shap_norm_sq': 3.000000000000004, 'weighted_error': 1.0014094742448463, 'gamma': 0.9999999999999984}
{'sample_size': 500, 'difference': 0, 'noise': 0, 'n': 12, 'alpha': 0.6, 'shap_error': 0.04811541243139769, 'shap_norm_sq': 1.920000000000003, 'weighted_error': 1.002094504290498, 'gamma': 2.249999999999996}
{'sample_size': 500, 'difference': 0, 'noise': 0, 'n': 12, 'alpha': 0.7, 'shap_error': 0.09041474612699775, 'shap_norm_sq': 1.0800000000000078, 'weighted_error': 1.0024344545040518, 'gamma': 5.444444444444405}
{'sample_size': 500, 'difference': 0, 'noise': 0, 'n': 12, 'alpha': 0.8, 'shap_error': 0.2186919941443893, 'shap_norm_sq': 0.4800000000000006, 'weighted_error': 1.0028175551895802, 'gamma': 15.99999999999999}
{'sample_size': 500, 'difference': 0, 'noise': 0, 'n': 12, 'alpha': 0.2, 'shap_error': 0.010906779949538306, 'shap_norm_sq': 7.680000000000017, 'weighted_error': 1.0008973680814996, 'gamma': 0.06249999999999987}
{'sample_size': 500, 'difference': 0, 'noise': 0, 'n': 12, 'alpha': 0.3, 'shap_error': 0.014408845597540609, 'shap_norm_sq': 5.880000000000017, 'weighted_error': 1.0012876655372267, 'gamma': 0.1836734693877546}
{'sample_size': 500, 'difference': 0, 'noise': 0, 'n': 12, 'alpha': 0.4, 'shap_error': 0.020030509362070254, 'shap_norm_sq': 4.319999999999995, 'weighted_error': 1.0016658682868802, 'gamma': 0.4444444444444451}
{'sample_size': 500, 'difference': 0, 'noise': 0, 'n': 12, 'alpha': 0.5, 'shap_error': 0.032136755588493535, 'shap_norm_sq': 3.000000000000004, 'weighted_error': 1.0043589778107154, 'gamma': 0.9999999999999984}
{'sample_size': 500, 'difference': 0, 'noise': 0, 'n': 12, 'alpha': 0.6, 'shap_error': 0.04889778841874279, 'shap_norm_sq': 1.920000000000003, 'weighted_error': 1.0024422269515398, 'gamma': 2.249999999999996}
{'sample_size': 500, 'difference': 0, 'noise': 0, 'n': 12, 'alpha': 0.7, 'shap_error': 0.08304555985219872, 'shap_norm_sq': 1.0800000000000078, 'weighted_error': 1.0010809304943948, 'gamma': 5.444444444444405}
{'sample_size': 500, 'difference': 0, 'noise': 0, 'n': 12, 'alpha': 0.8, 'shap_error': 0.18747762431421372, 'shap_norm_sq': 0.4800000000000006, 'weighted_error': 1.0008666570751938, 'gamma': 15.99999999999999}
{'sample_size': 500, 'difference': 0, 'noise': 0, 'n': 12, 'alpha': 0.2, 'shap_error': 0.01095706966469673, 'shap_norm_sq': 7.680000000000017, 'weighted_error': 1.0017020035240352, 'gamma': 0.06249999999999987}
{'sample_size': 500, 'difference': 0, 'noise': 0, 'n': 12, 'alpha': 0.3, 'shap_error': 0.014463361663875485, 'shap_norm_sq': 5.880000000000017, 'weighted_error': 1.0015844752317165, 'gamma': 0.1836734693877546}
{'sample_size': 500, 'difference': 0, 'noise': 0, 'n': 12, 'alpha': 0.4, 'shap_error': 0.019834107698204637, 'shap_norm_sq': 4.319999999999995, 'weighted_error': 1.0012239645431822, 'gamma': 0.4444444444444451}
{'sample_size': 500, 'difference': 0, 'noise': 0, 'n': 12, 'alpha': 0.5, 'shap_error': 0.03221967067364471, 'shap_norm_sq': 3.000000000000004, 'weighted_error': 1.004441892895867, 'gamma': 0.9999999999999984}
{'sample_size': 500, 'difference': 0, 'noise': 0, 'n': 12, 'alpha': 0.6, 'shap_error': 0.04573650541129737, 'shap_norm_sq': 1.920000000000003, 'weighted_error': 1.0010372122815645, 'gamma': 2.249999999999996}
{'sample_size': 500, 'difference': 0, 'noise': 0, 'n': 12, 'alpha': 0.7, 'shap_error': 0.08748829822480167, 'shap_norm_sq': 1.0800000000000078, 'weighted_error': 1.001896943664873, 'gamma': 5.444444444444405}
{'sample_size': 500, 'difference': 0, 'noise': 0, 'n': 12, 'alpha': 0.8, 'shap_error': 0.19826895264514904, 'shap_norm_sq': 0.4800000000000006, 'weighted_error': 1.0015411150958775, 'gamma': 15.99999999999999}
{'sample_size': 500, 'difference': 0, 'noise': 0, 'n': 12, 'alpha': 0.2, 'shap_error': 0.010910982045793077, 'shap_norm_sq': 7.680000000000017, 'weighted_error': 1.000964601621576, 'gamma': 0.06249999999999987}
{'sample_size': 500, 'difference': 0, 'noise': 0, 'n': 12, 'alpha': 0.3, 'shap_error': 0.014290424606610265, 'shap_norm_sq': 5.880000000000017, 'weighted_error': 1.0006429290310506, 'gamma': 0.1836734693877546}
{'sample_size': 500, 'difference': 0, 'noise': 0, 'n': 12, 'alpha': 0.4, 'shap_error': 0.01944942049783204, 'shap_norm_sq': 4.319999999999995, 'weighted_error': 1.0003584183423437, 'gamma': 0.4444444444444451}
{'sample_size': 500, 'difference': 0, 'noise': 0, 'n': 12, 'alpha': 0.5, 'shap_error': 0.03163665849410535, 'shap_norm_sq': 3.000000000000004, 'weighted_error': 1.0038588807163276, 'gamma': 0.9999999999999984}
{'sample_size': 500, 'difference': 0, 'noise': 0, 'n': 12, 'alpha': 0.6, 'shap_error': 0.05017696992265252, 'shap_norm_sq': 1.920000000000003, 'weighted_error': 1.0030107520643892, 'gamma': 2.249999999999996}
{'sample_size': 500, 'difference': 0, 'noise': 0, 'n': 12, 'alpha': 0.7, 'shap_error': 0.09123665976934167, 'shap_norm_sq': 1.0800000000000078, 'weighted_error': 1.0025854182342786, 'gamma': 5.444444444444405}
{'sample_size': 500, 'difference': 0, 'noise': 0, 'n': 12, 'alpha': 0.8, 'shap_error': 0.18864740034154412, 'shap_norm_sq': 0.4800000000000006, 'weighted_error': 1.000939768076902, 'gamma': 15.99999999999999}
{'sample_size': 500, 'difference': 0, 'noise': 0, 'n': 12, 'alpha': 0.2, 'shap_error': 0.010947020897535253, 'shap_norm_sq': 7.680000000000017, 'weighted_error': 1.0015412232494516, 'gamma': 0.06249999999999987}
{'sample_size': 500, 'difference': 0, 'noise': 0, 'n': 12, 'alpha': 0.3, 'shap_error': 0.014413357695263161, 'shap_norm_sq': 5.880000000000017, 'weighted_error': 1.0013122314026044, 'gamma': 0.1836734693877546}
{'sample_size': 500, 'difference': 0, 'noise': 0, 'n': 12, 'alpha': 0.4, 'shap_error': 0.01984003469788618, 'shap_norm_sq': 4.319999999999995, 'weighted_error': 1.0012373002924655, 'gamma': 0.4444444444444451}
{'sample_size': 500, 'difference': 0, 'noise': 0, 'n': 12, 'alpha': 0.5, 'shap_error': 0.03117570621991331, 'shap_norm_sq': 3.000000000000004, 'weighted_error': 1.0033979284421357, 'gamma': 0.9999999999999984}
{'sample_size': 500, 'difference': 0, 'noise': 0, 'n': 12, 'alpha': 0.6, 'shap_error': 0.04688206717245003, 'shap_norm_sq': 1.920000000000003, 'weighted_error': 1.0015463508420768, 'gamma': 2.249999999999996}
{'sample_size': 500, 'difference': 0, 'noise': 0, 'n': 12, 'alpha': 0.7, 'shap_error': 0.08115686242516203, 'shap_norm_sq': 1.0800000000000078, 'weighted_error': 1.0007340268853475, 'gamma': 5.444444444444405}
{'sample_size': 500, 'difference': 0, 'noise': 0, 'n': 12, 'alpha': 0.8, 'shap_error': 0.20583197442436396, 'shap_norm_sq': 0.4800000000000006, 'weighted_error': 1.0020138039570783, 'gamma': 15.99999999999999}
{'sample_size': 500, 'difference': 0, 'noise': 0, 'n': 12, 'alpha': 0.2, 'shap_error': 0.010957304689128476, 'shap_norm_sq': 7.680000000000017, 'weighted_error': 1.0017057639149427, 'gamma': 0.06249999999999987}
{'sample_size': 500, 'difference': 0, 'noise': 0, 'n': 12, 'alpha': 0.3, 'shap_error': 0.01433714317865588, 'shap_norm_sq': 5.880000000000017, 'weighted_error': 1.0008972857010772, 'gamma': 0.1836734693877546}
{'sample_size': 500, 'difference': 0, 'noise': 0, 'n': 12, 'alpha': 0.4, 'shap_error': 0.020073528418973526, 'shap_norm_sq': 4.319999999999995, 'weighted_error': 1.0017626611649122, 'gamma': 0.4444444444444451}
{'sample_size': 500, 'difference': 0, 'noise': 0, 'n': 12, 'alpha': 0.5, 'shap_error': 0.02857341732040876, 'shap_norm_sq': 3.000000000000004, 'weighted_error': 1.0007956395426303, 'gamma': 0.9999999999999984}
{'sample_size': 500, 'difference': 0, 'noise': 0, 'n': 12, 'alpha': 0.6, 'shap_error': 0.048151742653615756, 'shap_norm_sq': 1.920000000000003, 'weighted_error': 1.0021106510559281, 'gamma': 2.249999999999996}
{'sample_size': 500, 'difference': 0, 'noise': 0, 'n': 12, 'alpha': 0.7, 'shap_error': 0.08061035502677208, 'shap_norm_sq': 1.0800000000000078, 'weighted_error': 1.0006336479754387, 'gamma': 5.444444444444405}
{'sample_size': 500, 'difference': 0, 'noise': 0, 'n': 12, 'alpha': 0.8, 'shap_error': 0.18540849884956465, 'shap_norm_sq': 0.4800000000000006, 'weighted_error': 1.0007373367336534, 'gamma': 15.99999999999999}
{'sample_size': 500, 'difference': 0, 'noise': 0, 'n': 12, 'alpha': 0.2, 'shap_error': 0.010992116994942056, 'shap_norm_sq': 7.680000000000017, 'weighted_error': 1.0022627608079608, 'gamma': 0.06249999999999987}
{'sample_size': 500, 'difference': 0, 'noise': 0, 'n': 12, 'alpha': 0.3, 'shap_error': 0.014849631078847828, 'shap_norm_sq': 5.880000000000017, 'weighted_error': 1.0036874976021222, 'gamma': 0.1836734693877546}
{'sample_size': 500, 'difference': 0, 'noise': 0, 'n': 12, 'alpha': 0.4, 'shap_error': 0.019649146152275844, 'shap_norm_sq': 4.319999999999995, 'weighted_error': 1.0008078010648427, 'gamma': 0.4444444444444451}
{'sample_size': 500, 'difference': 0, 'noise': 0, 'n': 12, 'alpha': 0.5, 'shap_error': 0.030420559859240914, 'shap_norm_sq': 3.000000000000004, 'weighted_error': 1.0026427820814634, 'gamma': 0.9999999999999984}
{'sample_size': 500, 'difference': 0, 'noise': 0, 'n': 12, 'alpha': 0.6, 'shap_error': 0.04521753592931948, 'shap_norm_sq': 1.920000000000003, 'weighted_error': 1.0008065591784627, 'gamma': 2.249999999999996}
{'sample_size': 500, 'difference': 0, 'noise': 0, 'n': 12, 'alpha': 0.7, 'shap_error': 0.08563878832004984, 'shap_norm_sq': 1.0800000000000078, 'weighted_error': 1.0015572377640003, 'gamma': 5.444444444444405}
{'sample_size': 500, 'difference': 0, 'noise': 0, 'n': 12, 'alpha': 0.8, 'shap_error': 0.1911445178183955, 'shap_norm_sq': 0.4800000000000006, 'weighted_error': 1.001095837919205, 'gamma': 15.99999999999999}
{'sample_size': 500, 'difference': 0, 'noise': 0, 'n': 12, 'alpha': 0.2, 'shap_error': 0.011023343094990406, 'shap_norm_sq': 7.680000000000017, 'weighted_error': 1.0027623784087332, 'gamma': 0.06249999999999987}
{'sample_size': 500, 'difference': 0, 'noise': 0, 'n': 12, 'alpha': 0.3, 'shap_error': 0.014509941567529447, 'shap_norm_sq': 5.880000000000017, 'weighted_error': 1.0018380769293882, 'gamma': 0.1836734693877546}
{'sample_size': 500, 'difference': 0, 'noise': 0, 'n': 12, 'alpha': 0.4, 'shap_error': 0.020923647682916064, 'shap_norm_sq': 4.319999999999995, 'weighted_error': 1.0036754295087829, 'gamma': 0.4444444444444451}
{'sample_size': 500, 'difference': 0, 'noise': 0, 'n': 12, 'alpha': 0.5, 'shap_error': 0.029083838720307387, 'shap_norm_sq': 3.000000000000004, 'weighted_error': 1.001306060942529, 'gamma': 0.9999999999999984}
{'sample_size': 500, 'difference': 0, 'noise': 0, 'n': 12, 'alpha': 0.6, 'shap_error': 0.05383123609090712, 'shap_norm_sq': 1.920000000000003, 'weighted_error': 1.004634870361391, 'gamma': 2.249999999999996}
{'sample_size': 500, 'difference': 0, 'noise': 0, 'n': 12, 'alpha': 0.7, 'shap_error': 0.08048665214387536, 'shap_norm_sq': 1.0800000000000078, 'weighted_error': 1.0006109270377639, 'gamma': 5.444444444444405}
{'sample_size': 500, 'difference': 0, 'noise': 0, 'n': 12, 'alpha': 0.8, 'shap_error': 0.19585509715263785, 'shap_norm_sq': 0.4800000000000006, 'weighted_error': 1.0013902491275954, 'gamma': 15.99999999999999}
{'sample_size': 500, 'difference': 0, 'noise': 0, 'n': 12, 'alpha': 0.2, 'shap_error': 0.011037535631884142, 'shap_norm_sq': 7.680000000000017, 'weighted_error': 1.0029894589990331, 'gamma': 0.06249999999999987}
{'sample_size': 500, 'difference': 0, 'noise': 0, 'n': 12, 'alpha': 0.3, 'shap_error': 0.01463995738767268, 'shap_norm_sq': 5.880000000000017, 'weighted_error': 1.0025459408390567, 'gamma': 0.1836734693877546}
{'sample_size': 500, 'difference': 0, 'noise': 0, 'n': 12, 'alpha': 0.4, 'shap_error': 0.019747814178688417, 'shap_norm_sq': 4.319999999999995, 'weighted_error': 1.0010298041242705, 'gamma': 0.4444444444444451}
{'sample_size': 500, 'difference': 0, 'noise': 0, 'n': 12, 'alpha': 0.5, 'shap_error': 0.028819178764364933, 'shap_norm_sq': 3.000000000000004, 'weighted_error': 1.0010414009865871, 'gamma': 0.9999999999999984}
{'sample_size': 500, 'difference': 0, 'noise': 0, 'n': 12, 'alpha': 0.6, 'shap_error': 0.04592697853574568, 'shap_norm_sq': 1.920000000000003, 'weighted_error': 1.0011218670035418, 'gamma': 2.249999999999996}
{'sample_size': 500, 'difference': 0, 'noise': 0, 'n': 12, 'alpha': 0.7, 'shap_error': 0.08093435168455514, 'shap_norm_sq': 1.0800000000000078, 'weighted_error': 1.0006931575656441, 'gamma': 5.444444444444405}
{'sample_size': 500, 'difference': 0, 'noise': 0, 'n': 12, 'alpha': 0.8, 'shap_error': 0.19886855965842354, 'shap_norm_sq': 0.4800000000000006, 'weighted_error': 1.001578590534207, 'gamma': 15.99999999999999}
{'sample_size': 500, 'difference': 0, 'noise': 0, 'n': 12, 'alpha': 0.2, 'shap_error': 0.010994485721225576, 'shap_norm_sq': 7.680000000000017, 'weighted_error': 1.0023006604284967, 'gamma': 0.06249999999999987}
{'sample_size': 500, 'difference': 0, 'noise': 0, 'n': 12, 'alpha': 0.3, 'shap_error': 0.014443282620446148, 'shap_norm_sq': 5.880000000000017, 'weighted_error': 1.0014751559952682, 'gamma': 0.1836734693877546}
{'sample_size': 500, 'difference': 0, 'noise': 0, 'n': 12, 'alpha': 0.4, 'shap_error': 0.020032911269073986, 'shap_norm_sq': 4.319999999999995, 'weighted_error': 1.0016712725776382, 'gamma': 0.4444444444444451}
{'sample_size': 500, 'difference': 0, 'noise': 0, 'n': 12, 'alpha': 0.5, 'shap_error': 0.030277491086585142, 'shap_norm_sq': 3.000000000000004, 'weighted_error': 1.0024997133088072, 'gamma': 0.9999999999999984}
{'sample_size': 500, 'difference': 0, 'noise': 0, 'n': 12, 'alpha': 0.6, 'shap_error': 0.04845228934350021, 'shap_norm_sq': 1.920000000000003, 'weighted_error': 1.0022442273625436, 'gamma': 2.249999999999996}
{'sample_size': 500, 'difference': 0, 'noise': 0, 'n': 12, 'alpha': 0.7, 'shap_error': 0.08361093279033316, 'shap_norm_sq': 1.0800000000000078, 'weighted_error': 1.00118477450344, 'gamma': 5.444444444444405}
{'sample_size': 500, 'difference': 0, 'noise': 0, 'n': 12, 'alpha': 0.8, 'shap_error': 0.18948142608536386, 'shap_norm_sq': 0.4800000000000006, 'weighted_error': 1.0009918946858902, 'gamma': 15.99999999999999}
{'sample_size': 500, 'difference': 0, 'noise': 0, 'n': 12, 'alpha': 0.2, 'shap_error': 0.010925963799473946, 'shap_norm_sq': 7.680000000000017, 'weighted_error': 1.0012043096804712, 'gamma': 0.06249999999999987}
{'sample_size': 500, 'difference': 0, 'noise': 0, 'n': 12, 'alpha': 0.3, 'shap_error': 0.014620485811471209, 'shap_norm_sq': 5.880000000000017, 'weighted_error': 1.0024399289241823, 'gamma': 0.1836734693877546}
{'sample_size': 500, 'difference': 0, 'noise': 0, 'n': 12, 'alpha': 0.4, 'shap_error': 0.020411548220302052, 'shap_norm_sq': 4.319999999999995, 'weighted_error': 1.0025232057179014, 'gamma': 0.4444444444444451}
{'sample_size': 500, 'difference': 0, 'noise': 0, 'n': 12, 'alpha': 0.5, 'shap_error': 0.030409410229147386, 'shap_norm_sq': 3.000000000000004, 'weighted_error': 1.0026316324513693, 'gamma': 0.9999999999999984}
{'sample_size': 500, 'difference': 0, 'noise': 0, 'n': 12, 'alpha': 0.6, 'shap_error': 0.04615044089316293, 'shap_norm_sq': 1.920000000000003, 'weighted_error': 1.0012211836068383, 'gamma': 2.249999999999996}
{'sample_size': 500, 'difference': 0, 'noise': 0, 'n': 12, 'alpha': 0.7, 'shap_error': 0.08388329433212666, 'shap_norm_sq': 1.0800000000000078, 'weighted_error': 1.0012348000927487, 'gamma': 5.444444444444405}
{'sample_size': 500, 'difference': 0, 'noise': 0, 'n': 12, 'alpha': 0.8, 'shap_error': 0.2094758790475042, 'shap_norm_sq': 0.4800000000000006, 'weighted_error': 1.0022415479960247, 'gamma': 15.99999999999999}
{'sample_size': 500, 'difference': 0, 'noise': 0, 'n': 12, 'alpha': 0.2, 'shap_error': 0.011035543306456204, 'shap_norm_sq': 7.680000000000017, 'weighted_error': 1.0029575817921863, 'gamma': 0.06249999999999987}
{'sample_size': 500, 'difference': 0, 'noise': 0, 'n': 12, 'alpha': 0.3, 'shap_error': 0.01429663473095691, 'shap_norm_sq': 5.880000000000017, 'weighted_error': 1.0006767397080487, 'gamma': 0.1836734693877546}
{'sample_size': 500, 'difference': 0, 'noise': 0, 'n': 12, 'alpha': 0.4, 'shap_error': 0.02021701858788726, 'shap_norm_sq': 4.319999999999995, 'weighted_error': 1.0020855140449683, 'gamma': 0.4444444444444451}
{'sample_size': 500, 'difference': 0, 'noise': 0, 'n': 12, 'alpha': 0.5, 'shap_error': 0.029348331781989753, 'shap_norm_sq': 3.000000000000004, 'weighted_error': 1.0015705540042124, 'gamma': 0.9999999999999984}
{'sample_size': 500, 'difference': 0, 'noise': 0, 'n': 12, 'alpha': 0.6, 'shap_error': 0.050419233450773863, 'shap_norm_sq': 1.920000000000003, 'weighted_error': 1.0031184247435538, 'gamma': 2.249999999999996}
{'sample_size': 500, 'difference': 0, 'noise': 0, 'n': 12, 'alpha': 0.7, 'shap_error': 0.08777356268939951, 'shap_norm_sq': 1.0800000000000078, 'weighted_error': 1.0019493391787784, 'gamma': 5.444444444444405}
{'sample_size': 500, 'difference': 0, 'noise': 0, 'n': 12, 'alpha': 0.8, 'shap_error': 0.21101428391394686, 'shap_norm_sq': 0.4800000000000006, 'weighted_error': 1.0023376983001768, 'gamma': 15.99999999999999}
{'sample_size': 500, 'difference': 0, 'noise': 0, 'n': 12, 'alpha': 0.2, 'shap_error': 0.010933003080874424, 'shap_norm_sq': 7.680000000000017, 'weighted_error': 1.0013169381828788, 'gamma': 0.06249999999999987}
{'sample_size': 500, 'difference': 0, 'noise': 0, 'n': 12, 'alpha': 0.3, 'shap_error': 0.01448539557323471, 'shap_norm_sq': 5.880000000000017, 'weighted_error': 1.0017044376271165, 'gamma': 0.1836734693877546}
{'sample_size': 500, 'difference': 0, 'noise': 0, 'n': 12, 'alpha': 0.4, 'shap_error': 0.019683401331802967, 'shap_norm_sq': 4.319999999999995, 'weighted_error': 1.0008848752187782, 'gamma': 0.4444444444444451}
{'sample_size': 500, 'difference': 0, 'noise': 0, 'n': 12, 'alpha': 0.5, 'shap_error': 0.02943953767789912, 'shap_norm_sq': 3.000000000000004, 'weighted_error': 1.0016617599001214, 'gamma': 0.9999999999999984}
{'sample_size': 500, 'difference': 0, 'noise': 0, 'n': 12, 'alpha': 0.6, 'shap_error': 0.04754176961781706, 'shap_norm_sq': 1.920000000000003, 'weighted_error': 1.0018395519289065, 'gamma': 2.249999999999996}
{'sample_size': 500, 'difference': 0, 'noise': 0, 'n': 12, 'alpha': 0.7, 'shap_error': 0.08287643695669135, 'shap_norm_sq': 1.0800000000000078, 'weighted_error': 1.0010498671054242, 'gamma': 5.444444444444405}
{'sample_size': 500, 'difference': 0, 'noise': 0, 'n': 12, 'alpha': 0.8, 'shap_error': 0.24044832813453104, 'shap_norm_sq': 0.4800000000000006, 'weighted_error': 1.004177326063964, 'gamma': 15.99999999999999}
{'sample_size': 500, 'difference': 0, 'noise': 0, 'n': 12, 'alpha': 0.2, 'shap_error': 0.010988961196835269, 'shap_norm_sq': 7.680000000000017, 'weighted_error': 1.0022122680382517, 'gamma': 0.06249999999999987}
{'sample_size': 500, 'difference': 0, 'noise': 0, 'n': 12, 'alpha': 0.3, 'shap_error': 0.014369699867641894, 'shap_norm_sq': 5.880000000000017, 'weighted_error': 1.0010745387855557, 'gamma': 0.1836734693877546}
{'sample_size': 500, 'difference': 0, 'noise': 0, 'n': 12, 'alpha': 0.4, 'shap_error': 0.019880486000166623, 'shap_norm_sq': 4.319999999999995, 'weighted_error': 1.0013283157225965, 'gamma': 0.4444444444444451}
{'sample_size': 500, 'difference': 0, 'noise': 0, 'n': 12, 'alpha': 0.5, 'shap_error': 0.02854761991386644, 'shap_norm_sq': 3.000000000000004, 'weighted_error': 1.0007698421360884, 'gamma': 0.9999999999999984}
{'sample_size': 500, 'difference': 0, 'noise': 0, 'n': 12, 'alpha': 0.6, 'shap_error': 0.04922805930206873, 'shap_norm_sq': 1.920000000000003, 'weighted_error': 1.0025890140107958, 'gamma': 2.249999999999996}
{'sample_size': 500, 'difference': 0, 'noise': 0, 'n': 12, 'alpha': 0.7, 'shap_error': 0.08277033221463787, 'shap_norm_sq': 1.0800000000000078, 'weighted_error': 1.0010303784793326, 'gamma': 5.444444444444405}
{'sample_size': 500, 'difference': 0, 'noise': 0, 'n': 12, 'alpha': 0.8, 'shap_error': 0.21245455115811, 'shap_norm_sq': 0.4800000000000006, 'weighted_error': 1.0024277150029373, 'gamma': 15.99999999999999}
{'sample_size': 500, 'difference': 0, 'noise': 0, 'n': 12, 'alpha': 0.2, 'shap_error': 0.010938594416600137, 'shap_norm_sq': 7.680000000000017, 'weighted_error': 1.001406399554489, 'gamma': 0.06249999999999987}
{'sample_size': 500, 'difference': 0, 'noise': 0, 'n': 12, 'alpha': 0.3, 'shap_error': 0.014583001599453525, 'shap_norm_sq': 5.880000000000017, 'weighted_error': 1.0022358482143077, 'gamma': 0.1836734693877546}
{'sample_size': 500, 'difference': 0, 'noise': 0, 'n': 12, 'alpha': 0.4, 'shap_error': 0.020568289785040227, 'shap_norm_sq': 4.319999999999995, 'weighted_error': 1.002875874238562, 'gamma': 0.4444444444444451}
{'sample_size': 500, 'difference': 0, 'noise': 0, 'n': 12, 'alpha': 0.5, 'shap_error': 0.030699390168796845, 'shap_norm_sq': 3.000000000000004, 'weighted_error': 1.0029216123910192, 'gamma': 0.9999999999999984}
{'sample_size': 500, 'difference': 0, 'noise': 0, 'n': 12, 'alpha': 0.6, 'shap_error': 0.04869966209944448, 'shap_norm_sq': 1.920000000000003, 'weighted_error': 1.00235417080963, 'gamma': 2.249999999999996}
{'sample_size': 500, 'difference': 0, 'noise': 0, 'n': 12, 'alpha': 0.7, 'shap_error': 0.08960824292140505, 'shap_norm_sq': 1.0800000000000078, 'weighted_error': 1.0022863212622082, 'gamma': 5.444444444444405}
{'sample_size': 500, 'difference': 0, 'noise': 0, 'n': 12, 'alpha': 0.8, 'shap_error': 0.2520266485317773, 'shap_norm_sq': 0.4800000000000006, 'weighted_error': 1.0049009710887913, 'gamma': 15.99999999999999}
{'sample_size': 500, 'difference': 0, 'noise': 0, 'n': 12, 'alpha': 0.2, 'shap_error': 0.01103473420180675, 'shap_norm_sq': 7.680000000000017, 'weighted_error': 1.0029446361177947, 'gamma': 0.06249999999999987}
{'sample_size': 500, 'difference': 0, 'noise': 0, 'n': 12, 'alpha': 0.3, 'shap_error': 0.014466844889959243, 'shap_norm_sq': 5.880000000000017, 'weighted_error': 1.001603439462617, 'gamma': 0.1836734693877546}
{'sample_size': 500, 'difference': 0, 'noise': 0, 'n': 12, 'alpha': 0.4, 'shap_error': 0.020074787904253075, 'shap_norm_sq': 4.319999999999995, 'weighted_error': 1.0017654950067911, 'gamma': 0.4444444444444451}
{'sample_size': 500, 'difference': 0, 'noise': 0, 'n': 12, 'alpha': 0.5, 'shap_error': 0.029032519688562873, 'shap_norm_sq': 3.000000000000004, 'weighted_error': 1.0012547419107853, 'gamma': 0.9999999999999984}
{'sample_size': 500, 'difference': 0, 'noise': 0, 'n': 12, 'alpha': 0.6, 'shap_error': 0.04727094280474256, 'shap_norm_sq': 1.920000000000003, 'weighted_error': 1.0017191844564286, 'gamma': 2.249999999999996}
{'sample_size': 500, 'difference': 0, 'noise': 0, 'n': 12, 'alpha': 0.7, 'shap_error': 0.09654659914376282, 'shap_norm_sq': 1.0800000000000078, 'weighted_error': 1.0035607132214168, 'gamma': 5.444444444444405}
{'sample_size': 500, 'difference': 0, 'noise': 0, 'n': 12, 'alpha': 0.8, 'shap_error': 0.20650775140650046, 'shap_norm_sq': 0.4800000000000006, 'weighted_error': 1.0020560400184615, 'gamma': 15.99999999999999}
{'sample_size': 500, 'difference': 0, 'noise': 0, 'n': 12, 'alpha': 0.2, 'shap_error': 0.010908634623005228, 'shap_norm_sq': 7.680000000000017, 'weighted_error': 1.0009270428569705, 'gamma': 0.06249999999999987}
{'sample_size': 500, 'difference': 0, 'noise': 0, 'n': 12, 'alpha': 0.3, 'shap_error': 0.014633798849632422, 'shap_norm_sq': 5.880000000000017, 'weighted_error': 1.0025124110208379, 'gamma': 0.1836734693877546}
{'sample_size': 500, 'difference': 0, 'noise': 0, 'n': 12, 'alpha': 0.4, 'shap_error': 0.019703243635406802, 'shap_norm_sq': 4.319999999999995, 'weighted_error': 1.0009295204018869, 'gamma': 0.4444444444444451}
{'sample_size': 500, 'difference': 0, 'noise': 0, 'n': 12, 'alpha': 0.5, 'shap_error': 0.031126555486440503, 'shap_norm_sq': 3.000000000000004, 'weighted_error': 1.003348777708663, 'gamma': 0.9999999999999984}
{'sample_size': 500, 'difference': 0, 'noise': 0, 'n': 12, 'alpha': 0.6, 'shap_error': 0.05147470623109439, 'shap_norm_sq': 1.920000000000003, 'weighted_error': 1.00358752375703, 'gamma': 2.249999999999996}
{'sample_size': 500, 'difference': 0, 'noise': 0, 'n': 12, 'alpha': 0.7, 'shap_error': 0.0857745423818227, 'shap_norm_sq': 1.0800000000000078, 'weighted_error': 1.0015821721835096, 'gamma': 5.444444444444405}
{'sample_size': 500, 'difference': 0, 'noise': 0, 'n': 12, 'alpha': 0.8, 'shap_error': 0.21998729943592973, 'shap_norm_sq': 0.4800000000000006, 'weighted_error': 1.0028985117703013, 'gamma': 15.99999999999999}
{'sample_size': 500, 'difference': 0, 'noise': 0, 'n': 12, 'alpha': 0.2, 'shap_error': 0.010966028050013454, 'shap_norm_sq': 7.680000000000017, 'weighted_error': 1.0018453376891026, 'gamma': 0.06249999999999987}
{'sample_size': 500, 'difference': 0, 'noise': 0, 'n': 12, 'alpha': 0.3, 'shap_error': 0.01437983984927861, 'shap_norm_sq': 5.880000000000017, 'weighted_error': 1.0011297453522447, 'gamma': 0.1836734693877546}
{'sample_size': 500, 'difference': 0, 'noise': 0, 'n': 12, 'alpha': 0.4, 'shap_error': 0.02008596189331946, 'shap_norm_sq': 4.319999999999995, 'weighted_error': 1.0017906364821902, 'gamma': 0.4444444444444451}
{'sample_size': 500, 'difference': 0, 'noise': 0, 'n': 12, 'alpha': 0.5, 'shap_error': 0.029884661192221492, 'shap_norm_sq': 3.000000000000004, 'weighted_error': 1.0021068834144438, 'gamma': 0.9999999999999984}
{'sample_size': 500, 'difference': 0, 'noise': 0, 'n': 12, 'alpha': 0.6, 'shap_error': 0.04731308456250075, 'shap_norm_sq': 1.920000000000003, 'weighted_error': 1.0017379141265434, 'gamma': 2.249999999999996}
{'sample_size': 500, 'difference': 0, 'noise': 0, 'n': 12, 'alpha': 0.7, 'shap_error': 0.08241131931869732, 'shap_norm_sq': 1.0800000000000078, 'weighted_error': 1.0009644373351803, 'gamma': 5.444444444444405}
{'sample_size': 500, 'difference': 0, 'noise': 0, 'n': 12, 'alpha': 0.8, 'shap_error': 0.19218148109732067, 'shap_norm_sq': 0.4800000000000006, 'weighted_error': 1.0011606481241377, 'gamma': 15.99999999999999}
{'sample_size': 500, 'difference': 0, 'noise': 0, 'n': 12, 'alpha': 0.2, 'shap_error': 0.01095450628460279, 'shap_norm_sq': 7.680000000000017, 'weighted_error': 1.0016609894425321, 'gamma': 0.06249999999999987}
{'sample_size': 500, 'difference': 0, 'noise': 0, 'n': 12, 'alpha': 0.3, 'shap_error': 0.014359957501625492, 'shap_norm_sq': 5.880000000000017, 'weighted_error': 1.0010214970150224, 'gamma': 0.1836734693877546}
{'sample_size': 500, 'difference': 0, 'noise': 0, 'n': 12, 'alpha': 0.4, 'shap_error': 0.020764963761156822, 'shap_norm_sq': 4.319999999999995, 'weighted_error': 1.0033183906848242, 'gamma': 0.4444444444444451}
{'sample_size': 500, 'difference': 0, 'noise': 0, 'n': 12, 'alpha': 0.5, 'shap_error': 0.0312990871610752, 'shap_norm_sq': 3.000000000000004, 'weighted_error': 1.003521309383297, 'gamma': 0.9999999999999984}
{'sample_size': 500, 'difference': 0, 'noise': 0, 'n': 12, 'alpha': 0.6, 'shap_error': 0.047926551550120884, 'shap_norm_sq': 1.920000000000003, 'weighted_error': 1.0020105661210414, 'gamma': 2.249999999999996}
{'sample_size': 500, 'difference': 0, 'noise': 0, 'n': 12, 'alpha': 0.7, 'shap_error': 0.08193584415582131, 'shap_norm_sq': 1.0800000000000078, 'weighted_error': 1.0008771051624072, 'gamma': 5.444444444444405}
{'sample_size': 500, 'difference': 0, 'noise': 0, 'n': 12, 'alpha': 0.8, 'shap_error': 0.197728540640497, 'shap_norm_sq': 0.4800000000000006, 'weighted_error': 1.0015073393455864, 'gamma': 15.99999999999999}
{'sample_size': 500, 'difference': 0, 'noise': 0, 'n': 12, 'alpha': 0.2, 'shap_error': 0.01092955343968672, 'shap_norm_sq': 7.680000000000017, 'weighted_error': 1.001261743923874, 'gamma': 0.06249999999999987}
{'sample_size': 500, 'difference': 0, 'noise': 0, 'n': 12, 'alpha': 0.3, 'shap_error': 0.01458489405474519, 'shap_norm_sq': 5.880000000000017, 'weighted_error': 1.002246151582008, 'gamma': 0.1836734693877546}
{'sample_size': 500, 'difference': 0, 'noise': 0, 'n': 12, 'alpha': 0.4, 'shap_error': 0.0196446443535418, 'shap_norm_sq': 4.319999999999995, 'weighted_error': 1.000797672017691, 'gamma': 0.4444444444444451}
{'sample_size': 500, 'difference': 0, 'noise': 0, 'n': 12, 'alpha': 0.5, 'shap_error': 0.029166997459615384, 'shap_norm_sq': 3.000000000000004, 'weighted_error': 1.0013892196818373, 'gamma': 0.9999999999999984}
{'sample_size': 500, 'difference': 0, 'noise': 0, 'n': 12, 'alpha': 0.6, 'shap_error': 0.046210170474054, 'shap_norm_sq': 1.920000000000003, 'weighted_error': 1.001247730087234, 'gamma': 2.249999999999996}
{'sample_size': 500, 'difference': 0, 'noise': 0, 'n': 12, 'alpha': 0.7, 'shap_error': 0.08925171215583175, 'shap_norm_sq': 1.0800000000000078, 'weighted_error': 1.0022208360195517, 'gamma': 5.444444444444405}
{'sample_size': 500, 'difference': 0, 'noise': 0, 'n': 12, 'alpha': 0.8, 'shap_error': 0.19925368528766121, 'shap_norm_sq': 0.4800000000000006, 'weighted_error': 1.0016026608860342, 'gamma': 15.99999999999999}
{'sample_size': 500, 'difference': 0, 'noise': 0, 'n': 12, 'alpha': 0.2, 'shap_error': 0.011007709880159542, 'shap_norm_sq': 7.680000000000017, 'weighted_error': 1.0025122469714396, 'gamma': 0.06249999999999987}
{'sample_size': 500, 'difference': 0, 'noise': 0, 'n': 12, 'alpha': 0.3, 'shap_error': 0.014617593217030957, 'shap_norm_sq': 5.880000000000017, 'weighted_error': 1.002424180354452, 'gamma': 0.1836734693877546}
{'sample_size': 500, 'difference': 0, 'noise': 0, 'n': 12, 'alpha': 0.4, 'shap_error': 0.020386471761963284, 'shap_norm_sq': 4.319999999999995, 'weighted_error': 1.002466783686639, 'gamma': 0.4444444444444451}
{'sample_size': 500, 'difference': 0, 'noise': 0, 'n': 12, 'alpha': 0.5, 'shap_error': 0.029341401525194332, 'shap_norm_sq': 3.000000000000004, 'weighted_error': 1.0015636237474164, 'gamma': 0.9999999999999984}
{'sample_size': 500, 'difference': 0, 'noise': 0, 'n': 12, 'alpha': 0.6, 'shap_error': 0.04663289077555295, 'shap_norm_sq': 1.920000000000003, 'weighted_error': 1.001435605776789, 'gamma': 2.249999999999996}
{'sample_size': 500, 'difference': 0, 'noise': 0, 'n': 12, 'alpha': 0.7, 'shap_error': 0.09488791560116559, 'shap_norm_sq': 1.0800000000000078, 'weighted_error': 1.0032560570605316, 'gamma': 5.444444444444405}
{'sample_size': 500, 'difference': 0, 'noise': 0, 'n': 12, 'alpha': 0.8, 'shap_error': 0.22044431765554048, 'shap_norm_sq': 0.4800000000000006, 'weighted_error': 1.0029270754090263, 'gamma': 15.99999999999999}
{'sample_size': 500, 'difference': 0, 'noise': 0, 'n': 12, 'alpha': 0.2, 'shap_error': 0.010917812233756562, 'shap_norm_sq': 7.680000000000017, 'weighted_error': 1.0010738846289926, 'gamma': 0.06249999999999987}
{'sample_size': 500, 'difference': 0, 'noise': 0, 'n': 12, 'alpha': 0.3, 'shap_error': 0.014598984528537974, 'shap_norm_sq': 5.880000000000017, 'weighted_error': 1.0023228663837673, 'gamma': 0.1836734693877546}
{'sample_size': 500, 'difference': 0, 'noise': 0, 'n': 12, 'alpha': 0.4, 'shap_error': 0.02005741732303186, 'shap_norm_sq': 4.319999999999995, 'weighted_error': 1.0017264111990434, 'gamma': 0.4444444444444451}
{'sample_size': 500, 'difference': 0, 'noise': 0, 'n': 12, 'alpha': 0.5, 'shap_error': 0.02877650602720554, 'shap_norm_sq': 3.000000000000004, 'weighted_error': 1.0009987282494277, 'gamma': 0.9999999999999984}
{'sample_size': 500, 'difference': 0, 'noise': 0, 'n': 12, 'alpha': 0.6, 'shap_error': 0.046055894329380856, 'shap_norm_sq': 1.920000000000003, 'weighted_error': 1.0011791629118234, 'gamma': 2.249999999999996}
{'sample_size': 500, 'difference': 0, 'noise': 0, 'n': 12, 'alpha': 0.7, 'shap_error': 0.08209729408674975, 'shap_norm_sq': 1.0800000000000078, 'weighted_error': 1.0009067592313534, 'gamma': 5.444444444444405}
{'sample_size': 500, 'difference': 0, 'noise': 0, 'n': 12, 'alpha': 0.8, 'shap_error': 0.19769176512880976, 'shap_norm_sq': 0.4800000000000006, 'weighted_error': 1.001505040876106, 'gamma': 15.99999999999999}
{'sample_size': 500, 'difference': 0, 'noise': 0, 'n': 12, 'alpha': 0.2, 'shap_error': 0.011054171587655764, 'shap_norm_sq': 7.680000000000017, 'weighted_error': 1.003255634291379, 'gamma': 0.06249999999999987}
{'sample_size': 500, 'difference': 0, 'noise': 0, 'n': 12, 'alpha': 0.3, 'shap_error': 0.014654028954320978, 'shap_norm_sq': 5.880000000000017, 'weighted_error': 1.0026225527019201, 'gamma': 0.1836734693877546}
{'sample_size': 500, 'difference': 0, 'noise': 0, 'n': 12, 'alpha': 0.4, 'shap_error': 0.019847948871142485, 'shap_norm_sq': 4.319999999999995, 'weighted_error': 1.0012551071822924, 'gamma': 0.4444444444444451}
{'sample_size': 500, 'difference': 0, 'noise': 0, 'n': 12, 'alpha': 0.5, 'shap_error': 0.029588879488284692, 'shap_norm_sq': 3.000000000000004, 'weighted_error': 1.001811101710507, 'gamma': 0.9999999999999984}
{'sample_size': 500, 'difference': 0, 'noise': 0, 'n': 12, 'alpha': 0.6, 'shap_error': 0.04620378681678094, 'shap_norm_sq': 1.920000000000003, 'weighted_error': 1.0012448929062236, 'gamma': 2.249999999999996}
{'sample_size': 500, 'difference': 0, 'noise': 0, 'n': 12, 'alpha': 0.7, 'shap_error': 0.08666843871804279, 'shap_norm_sq': 1.0800000000000078, 'weighted_error': 1.0017463572248562, 'gamma': 5.444444444444405}
{'sample_size': 500, 'difference': 0, 'noise': 0, 'n': 12, 'alpha': 0.8, 'shap_error': 0.246179705134998, 'shap_norm_sq': 0.4800000000000006, 'weighted_error': 1.0045355371264928, 'gamma': 15.99999999999999}
{'sample_size': 500, 'difference': 0, 'noise': 0, 'n': 12, 'alpha': 0.2, 'shap_error': 0.011017534969552401, 'shap_norm_sq': 7.680000000000017, 'weighted_error': 1.0026694484017245, 'gamma': 0.06249999999999987}
{'sample_size': 500, 'difference': 0, 'noise': 0, 'n': 12, 'alpha': 0.3, 'shap_error': 0.014659633528353259, 'shap_norm_sq': 5.880000000000017, 'weighted_error': 1.0026530664938738, 'gamma': 0.1836734693877546}
{'sample_size': 500, 'difference': 0, 'noise': 0, 'n': 12, 'alpha': 0.4, 'shap_error': 0.01970681220722306, 'shap_norm_sq': 4.319999999999995, 'weighted_error': 1.0009375496884738, 'gamma': 0.4444444444444451}
{'sample_size': 500, 'difference': 0, 'noise': 0, 'n': 12, 'alpha': 0.5, 'shap_error': 0.03132221189512016, 'shap_norm_sq': 3.000000000000004, 'weighted_error': 1.0035444341173423, 'gamma': 0.9999999999999984}
{'sample_size': 500, 'difference': 0, 'noise': 0, 'n': 12, 'alpha': 0.6, 'shap_error': 0.04843090417986452, 'shap_norm_sq': 1.920000000000003, 'weighted_error': 1.0022347228453716, 'gamma': 2.249999999999996}
{'sample_size': 500, 'difference': 0, 'noise': 0, 'n': 12, 'alpha': 0.7, 'shap_error': 0.08569549732601923, 'shap_norm_sq': 1.0800000000000078, 'weighted_error': 1.0015676537038722, 'gamma': 5.444444444444405}
{'sample_size': 500, 'difference': 0, 'noise': 0, 'n': 12, 'alpha': 0.8, 'shap_error': 0.1898158729152927, 'shap_norm_sq': 0.4800000000000006, 'weighted_error': 1.0010127976127612, 'gamma': 15.99999999999999}
{'sample_size': 500, 'difference': 0, 'noise': 0, 'n': 12, 'alpha': 0.2, 'shap_error': 0.010939685725832454, 'shap_norm_sq': 7.680000000000017, 'weighted_error': 1.001423860502207, 'gamma': 0.06249999999999987}
{'sample_size': 500, 'difference': 0, 'noise': 0, 'n': 12, 'alpha': 0.3, 'shap_error': 0.014546220112994852, 'shap_norm_sq': 5.880000000000017, 'weighted_error': 1.0020355934547, 'gamma': 0.1836734693877546}
{'sample_size': 500, 'difference': 0, 'noise': 0, 'n': 12, 'alpha': 0.4, 'shap_error': 0.020119703292858643, 'shap_norm_sq': 4.319999999999995, 'weighted_error': 1.0018665546311536, 'gamma': 0.4444444444444451}
{'sample_size': 500, 'difference': 0, 'noise': 0, 'n': 12, 'alpha': 0.5, 'shap_error': 0.029070835456563172, 'shap_norm_sq': 3.000000000000004, 'weighted_error': 1.0012930576787853, 'gamma': 0.9999999999999984}
{'sample_size': 500, 'difference': 0, 'noise': 0, 'n': 12, 'alpha': 0.6, 'shap_error': 0.047845493755510095, 'shap_norm_sq': 1.920000000000003, 'weighted_error': 1.001974540434548, 'gamma': 2.249999999999996}
{'sample_size': 500, 'difference': 0, 'noise': 0, 'n': 12, 'alpha': 0.7, 'shap_error': 0.0907514678080109, 'shap_norm_sq': 1.0800000000000078, 'weighted_error': 1.0024963013434218, 'gamma': 5.444444444444405}
{'sample_size': 500, 'difference': 0, 'noise': 0, 'n': 12, 'alpha': 0.8, 'shap_error': 0.22091963068775952, 'shap_norm_sq': 0.4800000000000006, 'weighted_error': 1.0029567824735404, 'gamma': 15.99999999999999}
{'sample_size': 500, 'difference': 0, 'noise': 0, 'n': 12, 'alpha': 0.2, 'shap_error': 0.010961521830381543, 'shap_norm_sq': 7.680000000000017, 'weighted_error': 1.0017732381749918, 'gamma': 0.06249999999999987}
{'sample_size': 500, 'difference': 0, 'noise': 0, 'n': 12, 'alpha': 0.3, 'shap_error': 0.014561943541748164, 'shap_norm_sq': 5.880000000000017, 'weighted_error': 1.0021211987890237, 'gamma': 0.1836734693877546}
{'sample_size': 500, 'difference': 0, 'noise': 0, 'n': 12, 'alpha': 0.4, 'shap_error': 0.020368997630432904, 'shap_norm_sq': 4.319999999999995, 'weighted_error': 1.0024274668906956, 'gamma': 0.4444444444444451}
{'sample_size': 500, 'difference': 0, 'noise': 0, 'n': 12, 'alpha': 0.5, 'shap_error': 0.028988342798958698, 'shap_norm_sq': 3.000000000000004, 'weighted_error': 1.0012105650211809, 'gamma': 0.9999999999999984}
{'sample_size': 500, 'difference': 0, 'noise': 0, 'n': 12, 'alpha': 0.6, 'shap_error': 0.05097537217709689, 'shap_norm_sq': 1.920000000000003, 'weighted_error': 1.0033655975108084, 'gamma': 2.249999999999996}
{'sample_size': 500, 'difference': 0, 'noise': 0, 'n': 12, 'alpha': 0.7, 'shap_error': 0.10482116483864108, 'shap_norm_sq': 1.0800000000000078, 'weighted_error': 1.0050805314102715, 'gamma': 5.444444444444405}
{'sample_size': 500, 'difference': 0, 'noise': 0, 'n': 12, 'alpha': 0.8, 'shap_error': 0.21112771948560888, 'shap_norm_sq': 0.4800000000000006, 'weighted_error': 1.0023447880234058, 'gamma': 15.99999999999999}
{'sample_size': 500, 'difference': 0, 'noise': 0, 'n': 12, 'alpha': 0.2, 'shap_error': 0.010904866409373014, 'shap_norm_sq': 7.680000000000017, 'weighted_error': 1.000866751438856, 'gamma': 0.06249999999999987}
{'sample_size': 500, 'difference': 0, 'noise': 0, 'n': 12, 'alpha': 0.3, 'shap_error': 0.01446332121773974, 'shap_norm_sq': 5.880000000000017, 'weighted_error': 1.0015842550249778, 'gamma': 0.1836734693877546}
{'sample_size': 500, 'difference': 0, 'noise': 0, 'n': 12, 'alpha': 0.4, 'shap_error': 0.02005580868805594, 'shap_norm_sq': 4.319999999999995, 'weighted_error': 1.0017227917703477, 'gamma': 0.4444444444444451}
{'sample_size': 500, 'difference': 0, 'noise': 0, 'n': 12, 'alpha': 0.5, 'shap_error': 0.02912377732492722, 'shap_norm_sq': 3.000000000000004, 'weighted_error': 1.0013459995471492, 'gamma': 0.9999999999999984}
{'sample_size': 500, 'difference': 0, 'noise': 0, 'n': 12, 'alpha': 0.6, 'shap_error': 0.04668727875482062, 'shap_norm_sq': 1.920000000000003, 'weighted_error': 1.0014597782120194, 'gamma': 2.249999999999996}
{'sample_size': 500, 'difference': 0, 'noise': 0, 'n': 12, 'alpha': 0.7, 'shap_error': 0.08605168216505016, 'shap_norm_sq': 1.0800000000000078, 'weighted_error': 1.001633075409, 'gamma': 5.444444444444405}
{'sample_size': 500, 'difference': 0, 'noise': 0, 'n': 12, 'alpha': 0.8, 'shap_error': 0.18387862953325104, 'shap_norm_sq': 0.4800000000000006, 'weighted_error': 1.0006417199013837, 'gamma': 15.99999999999999}
{'sample_size': 500, 'difference': 0, 'noise': 0, 'n': 12, 'alpha': 0.2, 'shap_error': 0.010902744859046087, 'shap_norm_sq': 7.680000000000017, 'weighted_error': 1.000832806633625, 'gamma': 0.06249999999999987}
{'sample_size': 500, 'difference': 0, 'noise': 0, 'n': 12, 'alpha': 0.3, 'shap_error': 0.014368783403712403, 'shap_norm_sq': 5.880000000000017, 'weighted_error': 1.0010695491486066, 'gamma': 0.1836734693877546}
{'sample_size': 500, 'difference': 0, 'noise': 0, 'n': 12, 'alpha': 0.4, 'shap_error': 0.020230828997881888, 'shap_norm_sq': 4.319999999999995, 'weighted_error': 1.0021165874674562, 'gamma': 0.4444444444444451}
{'sample_size': 500, 'difference': 0, 'noise': 0, 'n': 12, 'alpha': 0.5, 'shap_error': 0.029762043457033167, 'shap_norm_sq': 3.000000000000004, 'weighted_error': 1.001984265679255, 'gamma': 0.9999999999999984}
{'sample_size': 500, 'difference': 0, 'noise': 0, 'n': 12, 'alpha': 0.6, 'shap_error': 0.04773005785808527, 'shap_norm_sq': 1.920000000000003, 'weighted_error': 1.0019232355912477, 'gamma': 2.249999999999996}
{'sample_size': 500, 'difference': 0, 'noise': 0, 'n': 12, 'alpha': 0.7, 'shap_error': 0.09330459679329563, 'shap_norm_sq': 1.0800000000000078, 'weighted_error': 1.0029652434019432, 'gamma': 5.444444444444405}
{'sample_size': 500, 'difference': 0, 'noise': 0, 'n': 12, 'alpha': 0.8, 'shap_error': 0.20566330695874266, 'shap_norm_sq': 0.4800000000000006, 'weighted_error': 1.0020032622404764, 'gamma': 15.99999999999999}
{'sample_size': 500, 'difference': 0, 'noise': 0, 'n': 12, 'alpha': 0.2, 'shap_error': 0.010952010179452958, 'shap_norm_sq': 7.680000000000017, 'weighted_error': 1.0016210517601345, 'gamma': 0.06249999999999987}
{'sample_size': 500, 'difference': 0, 'noise': 0, 'n': 12, 'alpha': 0.3, 'shap_error': 0.014243140227148317, 'shap_norm_sq': 5.880000000000017, 'weighted_error': 1.0003854918539798, 'gamma': 0.1836734693877546}
{'sample_size': 500, 'difference': 0, 'noise': 0, 'n': 12, 'alpha': 0.4, 'shap_error': 0.020992299803448227, 'shap_norm_sq': 4.319999999999995, 'weighted_error': 1.0038298967799804, 'gamma': 0.4444444444444451}
{'sample_size': 500, 'difference': 0, 'noise': 0, 'n': 12, 'alpha': 0.5, 'shap_error': 0.02900755560343902, 'shap_norm_sq': 3.000000000000004, 'weighted_error': 1.0012297778256611, 'gamma': 0.9999999999999984}
{'sample_size': 500, 'difference': 0, 'noise': 0, 'n': 12, 'alpha': 0.6, 'shap_error': 0.04933651056855695, 'shap_norm_sq': 1.920000000000003, 'weighted_error': 1.0026372145736795, 'gamma': 2.249999999999996}
{'sample_size': 500, 'difference': 0, 'noise': 0, 'n': 12, 'alpha': 0.7, 'shap_error': 0.085591032763133, 'shap_norm_sq': 1.0800000000000078, 'weighted_error': 1.0015484663351788, 'gamma': 5.444444444444405}
{'sample_size': 500, 'difference': 0, 'noise': 0, 'n': 12, 'alpha': 0.8, 'shap_error': 0.1960857817594592, 'shap_norm_sq': 0.4800000000000006, 'weighted_error': 1.0014046669155217, 'gamma': 15.99999999999999}
{'sample_size': 500, 'difference': 0, 'noise': 0, 'n': 12, 'alpha': 0.2, 'shap_error': 0.011038018316198444, 'shap_norm_sq': 7.680000000000017, 'weighted_error': 1.0029971819480616, 'gamma': 0.06249999999999987}
{'sample_size': 500, 'difference': 0, 'noise': 0, 'n': 12, 'alpha': 0.3, 'shap_error': 0.014287749344766773, 'shap_norm_sq': 5.880000000000017, 'weighted_error': 1.0006283637165694, 'gamma': 0.1836734693877546}
{'sample_size': 500, 'difference': 0, 'noise': 0, 'n': 12, 'alpha': 0.4, 'shap_error': 0.019777694530158225, 'shap_norm_sq': 4.319999999999995, 'weighted_error': 1.0010970349150776, 'gamma': 0.4444444444444451}
{'sample_size': 500, 'difference': 0, 'noise': 0, 'n': 12, 'alpha': 0.5, 'shap_error': 0.030066222904880258, 'shap_norm_sq': 3.000000000000004, 'weighted_error': 1.0022884451271024, 'gamma': 0.9999999999999984}
{'sample_size': 500, 'difference': 0, 'noise': 0, 'n': 12, 'alpha': 0.6, 'shap_error': 0.04680608801695177, 'shap_norm_sq': 1.920000000000003, 'weighted_error': 1.0015125823285216, 'gamma': 2.249999999999996}
{'sample_size': 500, 'difference': 0, 'noise': 0, 'n': 12, 'alpha': 0.7, 'shap_error': 0.08099704564647925, 'shap_norm_sq': 1.0800000000000078, 'weighted_error': 1.0007046727831401, 'gamma': 5.444444444444405}
{'sample_size': 500, 'difference': 0, 'noise': 0, 'n': 12, 'alpha': 0.8, 'shap_error': 0.1989013056317209, 'shap_norm_sq': 0.4800000000000006, 'weighted_error': 1.001580637157538, 'gamma': 15.99999999999999}
{'sample_size': 500, 'difference': 0, 'noise': 0, 'n': 12, 'alpha': 0.2, 'shap_error': 0.010929431169225474, 'shap_norm_sq': 7.680000000000017, 'weighted_error': 1.0012597875964941, 'gamma': 0.06249999999999987}
{'sample_size': 500, 'difference': 0, 'noise': 0, 'n': 12, 'alpha': 0.3, 'shap_error': 0.014559420749998954, 'shap_norm_sq': 5.880000000000017, 'weighted_error': 1.0021074635895, 'gamma': 0.1836734693877546}
{'sample_size': 500, 'difference': 0, 'noise': 0, 'n': 12, 'alpha': 0.4, 'shap_error': 0.019921847543752196, 'shap_norm_sq': 4.319999999999995, 'weighted_error': 1.0014213791956639, 'gamma': 0.4444444444444451}
{'sample_size': 500, 'difference': 0, 'noise': 0, 'n': 12, 'alpha': 0.5, 'shap_error': 0.029146565233976452, 'shap_norm_sq': 3.000000000000004, 'weighted_error': 1.0013687874561985, 'gamma': 0.9999999999999984}
{'sample_size': 500, 'difference': 0, 'noise': 0, 'n': 12, 'alpha': 0.6, 'shap_error': 0.04521237817433048, 'shap_norm_sq': 1.920000000000003, 'weighted_error': 1.0008042668429125, 'gamma': 2.249999999999996}
{'sample_size': 500, 'difference': 0, 'noise': 0, 'n': 12, 'alpha': 0.7, 'shap_error': 0.08726957360157503, 'shap_norm_sq': 1.0800000000000078, 'weighted_error': 1.0018567697544842, 'gamma': 5.444444444444405}
{'sample_size': 500, 'difference': 0, 'noise': 0, 'n': 12, 'alpha': 0.8, 'shap_error': 0.2343929611983846, 'shap_norm_sq': 0.4800000000000006, 'weighted_error': 1.0037988656304544, 'gamma': 15.99999999999999}
{'sample_size': 500, 'difference': 0, 'noise': 0, 'n': 12, 'alpha': 0.2, 'shap_error': 0.010974342843314609, 'shap_norm_sq': 7.680000000000017, 'weighted_error': 1.0019783743819208, 'gamma': 0.06249999999999987}
{'sample_size': 500, 'difference': 0, 'noise': 0, 'n': 12, 'alpha': 0.3, 'shap_error': 0.014408568893515774, 'shap_norm_sq': 5.880000000000017, 'weighted_error': 1.0012861590375364, 'gamma': 0.1836734693877546}
{'sample_size': 500, 'difference': 0, 'noise': 0, 'n': 12, 'alpha': 0.4, 'shap_error': 0.019509240491103617, 'shap_norm_sq': 4.319999999999995, 'weighted_error': 1.0004930133272043, 'gamma': 0.4444444444444451}
{'sample_size': 500, 'difference': 0, 'noise': 0, 'n': 12, 'alpha': 0.5, 'shap_error': 0.029585097136810182, 'shap_norm_sq': 3.000000000000004, 'weighted_error': 1.0018073193590324, 'gamma': 0.9999999999999984}
{'sample_size': 500, 'difference': 0, 'noise': 0, 'n': 12, 'alpha': 0.6, 'shap_error': 0.04555546465974684, 'shap_norm_sq': 1.920000000000003, 'weighted_error': 1.00095674972532, 'gamma': 2.249999999999996}
{'sample_size': 500, 'difference': 0, 'noise': 0, 'n': 12, 'alpha': 0.7, 'shap_error': 0.09795428813537896, 'shap_norm_sq': 1.0800000000000078, 'weighted_error': 1.0038192683423262, 'gamma': 5.444444444444405}
{'sample_size': 500, 'difference': 0, 'noise': 0, 'n': 12, 'alpha': 0.8, 'shap_error': 0.17964667494151498, 'shap_norm_sq': 0.4800000000000006, 'weighted_error': 1.0003772227394003, 'gamma': 15.99999999999999}
{'sample_size': 500, 'difference': 0, 'noise': 0, 'n': 12, 'alpha': 0.2, 'shap_error': 0.01096799026382497, 'shap_norm_sq': 7.680000000000017, 'weighted_error': 1.0018767331100862, 'gamma': 0.06249999999999987}
{'sample_size': 500, 'difference': 0, 'noise': 0, 'n': 12, 'alpha': 0.3, 'shap_error': 0.014300750166259042, 'shap_norm_sq': 5.880000000000017, 'weighted_error': 1.0006991459669161, 'gamma': 0.1836734693877546}
{'sample_size': 500, 'difference': 0, 'noise': 0, 'n': 12, 'alpha': 0.4, 'shap_error': 0.01946630397948112, 'shap_norm_sq': 4.319999999999995, 'weighted_error': 1.0003964061760542, 'gamma': 0.4444444444444451}
{'sample_size': 500, 'difference': 0, 'noise': 0, 'n': 12, 'alpha': 0.5, 'shap_error': 0.028303386534944273, 'shap_norm_sq': 3.000000000000004, 'weighted_error': 1.0005256087571663, 'gamma': 0.9999999999999984}
{'sample_size': 500, 'difference': 0, 'noise': 0, 'n': 12, 'alpha': 0.6, 'shap_error': 0.045535475892923186, 'shap_norm_sq': 1.920000000000003, 'weighted_error': 1.0009478658289535, 'gamma': 2.249999999999996}
{'sample_size': 500, 'difference': 0, 'noise': 0, 'n': 12, 'alpha': 0.7, 'shap_error': 0.08110816311472102, 'shap_norm_sq': 1.0800000000000078, 'weighted_error': 1.0007250821140417, 'gamma': 5.444444444444405}
{'sample_size': 500, 'difference': 0, 'noise': 0, 'n': 12, 'alpha': 0.8, 'shap_error': 0.1969933737409444, 'shap_norm_sq': 0.4800000000000006, 'weighted_error': 1.0014613914143646, 'gamma': 15.99999999999999}
{'sample_size': 500, 'difference': 0, 'noise': 0, 'n': 12, 'alpha': 0.2, 'shap_error': 0.010895430250576125, 'shap_norm_sq': 7.680000000000017, 'weighted_error': 1.0007157728981049, 'gamma': 0.06249999999999987}
{'sample_size': 500, 'difference': 0, 'noise': 0, 'n': 12, 'alpha': 0.3, 'shap_error': 0.014523958698260906, 'shap_norm_sq': 5.880000000000017, 'weighted_error': 1.0019143924189262, 'gamma': 0.1836734693877546}
{'sample_size': 500, 'difference': 0, 'noise': 0, 'n': 12, 'alpha': 0.4, 'shap_error': 0.019990942714278835, 'shap_norm_sq': 4.319999999999995, 'weighted_error': 1.001576843329349, 'gamma': 0.4444444444444451}
{'sample_size': 500, 'difference': 0, 'noise': 0, 'n': 12, 'alpha': 0.5, 'shap_error': 0.03006643388470797, 'shap_norm_sq': 3.000000000000004, 'weighted_error': 1.0022886561069302, 'gamma': 0.9999999999999984}
{'sample_size': 500, 'difference': 0, 'noise': 0, 'n': 12, 'alpha': 0.6, 'shap_error': 0.052682525485742454, 'shap_norm_sq': 1.920000000000003, 'weighted_error': 1.0041243323146507, 'gamma': 2.249999999999996}
{'sample_size': 500, 'difference': 0, 'noise': 0, 'n': 12, 'alpha': 0.7, 'shap_error': 0.08212689985920119, 'shap_norm_sq': 1.0800000000000078, 'weighted_error': 1.0009121970262935, 'gamma': 5.444444444444405}
{'sample_size': 500, 'difference': 0, 'noise': 0, 'n': 12, 'alpha': 0.8, 'shap_error': 0.20871373507604893, 'shap_norm_sq': 0.4800000000000006, 'weighted_error': 1.0021939139978082, 'gamma': 15.99999999999999}
{'sample_size': 500, 'difference': 0, 'noise': 0, 'n': 12, 'alpha': 0.2, 'shap_error': 0.011006881502658458, 'shap_norm_sq': 7.680000000000017, 'weighted_error': 1.0024989929314216, 'gamma': 0.06249999999999987}
{'sample_size': 500, 'difference': 0, 'noise': 0, 'n': 12, 'alpha': 0.3, 'shap_error': 0.014432759771788232, 'shap_norm_sq': 5.880000000000017, 'weighted_error': 1.0014178649303533, 'gamma': 0.1836734693877546}
{'sample_size': 500, 'difference': 0, 'noise': 0, 'n': 12, 'alpha': 0.4, 'shap_error': 0.019952211170351612, 'shap_norm_sq': 4.319999999999995, 'weighted_error': 1.0014896973555125, 'gamma': 0.4444444444444451}
{'sample_size': 500, 'difference': 0, 'noise': 0, 'n': 12, 'alpha': 0.5, 'shap_error': 0.030473114976043835, 'shap_norm_sq': 3.000000000000004, 'weighted_error': 1.0026953371982659, 'gamma': 0.9999999999999984}
{'sample_size': 500, 'difference': 0, 'noise': 0, 'n': 12, 'alpha': 0.6, 'shap_error': 0.05167504038300263, 'shap_norm_sq': 1.920000000000003, 'weighted_error': 1.003676561157878, 'gamma': 2.249999999999996}
{'sample_size': 500, 'difference': 0, 'noise': 0, 'n': 12, 'alpha': 0.7, 'shap_error': 0.0825725585765989, 'shap_norm_sq': 1.0800000000000078, 'weighted_error': 1.0009940527090808, 'gamma': 5.444444444444405}
{'sample_size': 500, 'difference': 0, 'noise': 0, 'n': 12, 'alpha': 0.8, 'shap_error': 0.18275970847204767, 'shap_norm_sq': 0.4800000000000006, 'weighted_error': 1.0005717873350584, 'gamma': 15.99999999999999}
{'sample_size': 500, 'difference': 0, 'noise': 0, 'n': 12, 'alpha': 0.2, 'shap_error': 0.010970906140899217, 'shap_norm_sq': 7.680000000000017, 'weighted_error': 1.0019233871432738, 'gamma': 0.06249999999999987}
{'sample_size': 500, 'difference': 0, 'noise': 0, 'n': 12, 'alpha': 0.3, 'shap_error': 0.014360476851173925, 'shap_norm_sq': 5.880000000000017, 'weighted_error': 1.0010243245847865, 'gamma': 0.1836734693877546}
{'sample_size': 500, 'difference': 0, 'noise': 0, 'n': 12, 'alpha': 0.4, 'shap_error': 0.020231292126231124, 'shap_norm_sq': 4.319999999999995, 'weighted_error': 1.0021176295062413, 'gamma': 0.4444444444444451}
{'sample_size': 500, 'difference': 0, 'noise': 0, 'n': 12, 'alpha': 0.5, 'shap_error': 0.029481882591360486, 'shap_norm_sq': 3.000000000000004, 'weighted_error': 1.0017041048135826, 'gamma': 0.9999999999999984}
{'sample_size': 500, 'difference': 0, 'noise': 0, 'n': 12, 'alpha': 0.6, 'shap_error': 0.04951237124747919, 'shap_norm_sq': 1.920000000000003, 'weighted_error': 1.0027153748754227, 'gamma': 2.249999999999996}
{'sample_size': 500, 'difference': 0, 'noise': 0, 'n': 12, 'alpha': 0.7, 'shap_error': 0.08519794715418402, 'shap_norm_sq': 1.0800000000000078, 'weighted_error': 1.0014762669376165, 'gamma': 5.444444444444405}
{'sample_size': 500, 'difference': 0, 'noise': 0, 'n': 12, 'alpha': 0.8, 'shap_error': 0.19711701505497378, 'shap_norm_sq': 0.4800000000000006, 'weighted_error': 1.001469118996491, 'gamma': 15.99999999999999}
{'sample_size': 500, 'difference': 0, 'noise': 0, 'n': 12, 'alpha': 0.2, 'shap_error': 0.011016371690420357, 'shap_norm_sq': 7.680000000000017, 'weighted_error': 1.0026508359356123, 'gamma': 0.06249999999999987}
{'sample_size': 500, 'difference': 0, 'noise': 0, 'n': 12, 'alpha': 0.3, 'shap_error': 0.014536681714799491, 'shap_norm_sq': 5.880000000000017, 'weighted_error': 1.0019836621756362, 'gamma': 0.1836734693877546}
{'sample_size': 500, 'difference': 0, 'noise': 0, 'n': 12, 'alpha': 0.4, 'shap_error': 0.020235056189915942, 'shap_norm_sq': 4.319999999999995, 'weighted_error': 1.0021260986495324, 'gamma': 0.4444444444444451}
{'sample_size': 500, 'difference': 0, 'noise': 0, 'n': 12, 'alpha': 0.5, 'shap_error': 0.0314437219863781, 'shap_norm_sq': 3.000000000000004, 'weighted_error': 1.0036659442086, 'gamma': 0.9999999999999984}
{'sample_size': 500, 'difference': 0, 'noise': 0, 'n': 12, 'alpha': 0.6, 'shap_error': 0.04640970329874119, 'shap_norm_sq': 1.920000000000003, 'weighted_error': 1.0013364113426506, 'gamma': 2.249999999999996}
{'sample_size': 500, 'difference': 0, 'noise': 0, 'n': 12, 'alpha': 0.7, 'shap_error': 0.08691438611274695, 'shap_norm_sq': 1.0800000000000078, 'weighted_error': 1.0017915312361279, 'gamma': 5.444444444444405}
{'sample_size': 500, 'difference': 0, 'noise': 0, 'n': 12, 'alpha': 0.8, 'shap_error': 0.19752820861996948, 'shap_norm_sq': 0.4800000000000006, 'weighted_error': 1.0014948185943036, 'gamma': 15.99999999999999}
{'sample_size': 500, 'difference': 0, 'noise': 0, 'n': 12, 'alpha': 0.2, 'shap_error': 0.010956729206646035, 'shap_norm_sq': 7.680000000000017, 'weighted_error': 1.0016965561952225, 'gamma': 0.06249999999999987}
{'sample_size': 500, 'difference': 0, 'noise': 0, 'n': 12, 'alpha': 0.3, 'shap_error': 0.014446506314123657, 'shap_norm_sq': 5.880000000000017, 'weighted_error': 1.0014927072164017, 'gamma': 0.1836734693877546}
{'sample_size': 500, 'difference': 0, 'noise': 0, 'n': 12, 'alpha': 0.4, 'shap_error': 0.02087134443413618, 'shap_norm_sq': 4.319999999999995, 'weighted_error': 1.0035577471990282, 'gamma': 0.4444444444444451}
{'sample_size': 500, 'difference': 0, 'noise': 0, 'n': 12, 'alpha': 0.5, 'shap_error': 0.03044086320282636, 'shap_norm_sq': 3.000000000000004, 'weighted_error': 1.0026630854250482, 'gamma': 0.9999999999999984}
{'sample_size': 500, 'difference': 0, 'noise': 0, 'n': 12, 'alpha': 0.6, 'shap_error': 0.04779689352341038, 'shap_norm_sq': 1.920000000000003, 'weighted_error': 1.0019529403313923, 'gamma': 2.249999999999996}
{'sample_size': 500, 'difference': 0, 'noise': 0, 'n': 12, 'alpha': 0.7, 'shap_error': 0.08125542223928495, 'shap_norm_sq': 1.0800000000000078, 'weighted_error': 1.000752129708349, 'gamma': 5.444444444444405}
{'sample_size': 500, 'difference': 0, 'noise': 0, 'n': 12, 'alpha': 0.8, 'shap_error': 0.21424634569479437, 'shap_norm_sq': 0.4800000000000006, 'weighted_error': 1.0025397021614801, 'gamma': 15.99999999999999}
