{'sample_size': 500, 'difference': 0, 'noise': 0, 'n': 14, 'alpha': 0.2, 'shap_error': 0.008827276282024335, 'shap_norm_sq': 8.959999999999997, 'weighted_error': 1.0136854001042235, 'gamma': 0.0625000000000001}
{'sample_size': 500, 'difference': 0, 'noise': 0, 'n': 14, 'alpha': 0.3, 'shap_error': 0.011941596289213792, 'shap_norm_sq': 6.859999999999986, 'weighted_error': 1.0083260151709792, 'gamma': 0.18367346938775558}
{'sample_size': 500, 'difference': 0, 'noise': 0, 'n': 14, 'alpha': 0.4, 'shap_error': 0.016427964654430083, 'shap_norm_sq': 5.04, 'weighted_error': 1.0050751653704266, 'gamma': 0.44444444444444486}
{'sample_size': 500, 'difference': 0, 'noise': 0, 'n': 14, 'alpha': 0.5, 'shap_error': 0.03762954984553112, 'shap_norm_sq': 3.4999999999999964, 'weighted_error': 1.0172213865802249, 'gamma': 1.0000000000000018}
{'sample_size': 500, 'difference': 0, 'noise': 0, 'n': 14, 'alpha': 0.6, 'shap_error': 0.07345927450983113, 'shap_norm_sq': 2.2399999999999967, 'weighted_error': 1.0184762308479067, 'gamma': 2.250000000000004}
{'sample_size': 500, 'difference': 0, 'noise': 0, 'n': 14, 'alpha': 0.7, 'shap_error': 0.10249716658406056, 'shap_norm_sq': 1.2599999999999971, 'weighted_error': 1.0084136819923235, 'gamma': 5.444444444444458}
{'sample_size': 500, 'difference': 0, 'noise': 0, 'n': 14, 'alpha': 0.8, 'shap_error': 0.31615776118542643, 'shap_norm_sq': 0.5599999999999967, 'weighted_error': 1.0117879212985785, 'gamma': 16.000000000000096}
{'sample_size': 500, 'difference': 0, 'noise': 0, 'n': 14, 'alpha': 0.2, 'shap_error': 0.009272635470495935, 'shap_norm_sq': 8.959999999999997, 'weighted_error': 1.0208111471197692, 'gamma': 0.0625000000000001}
{'sample_size': 500, 'difference': 0, 'noise': 0, 'n': 14, 'alpha': 0.3, 'shap_error': 0.012917890503536382, 'shap_norm_sq': 6.859999999999986, 'weighted_error': 1.0136413947822904, 'gamma': 0.18367346938775558}
{'sample_size': 500, 'difference': 0, 'noise': 0, 'n': 14, 'alpha': 0.4, 'shap_error': 0.017609543193039603, 'shap_norm_sq': 5.04, 'weighted_error': 1.0077337170822984, 'gamma': 0.44444444444444486}
{'sample_size': 500, 'difference': 0, 'noise': 0, 'n': 14, 'alpha': 0.5, 'shap_error': 0.033337936228907385, 'shap_norm_sq': 3.4999999999999964, 'weighted_error': 1.0129297729636, 'gamma': 1.0000000000000018}
{'sample_size': 500, 'difference': 0, 'noise': 0, 'n': 14, 'alpha': 0.6, 'shap_error': 0.06309853407149857, 'shap_norm_sq': 2.2399999999999967, 'weighted_error': 1.0138714573197583, 'gamma': 2.250000000000004}
{'sample_size': 500, 'difference': 0, 'noise': 0, 'n': 14, 'alpha': 0.7, 'shap_error': 0.1170542978432264, 'shap_norm_sq': 1.2599999999999971, 'weighted_error': 1.0110874407950277, 'gamma': 5.444444444444458}
{'sample_size': 500, 'difference': 0, 'noise': 0, 'n': 14, 'alpha': 0.8, 'shap_error': 0.3462587604332206, 'shap_norm_sq': 0.5599999999999967, 'weighted_error': 1.013669233751566, 'gamma': 16.000000000000096}
{'sample_size': 500, 'difference': 0, 'noise': 0, 'n': 14, 'alpha': 0.2, 'shap_error': 0.009483585825872318, 'shap_norm_sq': 8.959999999999997, 'weighted_error': 1.0241863528057915, 'gamma': 0.0625000000000001}
{'sample_size': 500, 'difference': 0, 'noise': 0, 'n': 14, 'alpha': 0.3, 'shap_error': 0.017842006142288664, 'shap_norm_sq': 6.859999999999986, 'weighted_error': 1.0404504688154992, 'gamma': 0.18367346938775558}
{'sample_size': 500, 'difference': 0, 'noise': 0, 'n': 14, 'alpha': 0.4, 'shap_error': 0.020095654711465946, 'shap_norm_sq': 5.04, 'weighted_error': 1.0133274679987563, 'gamma': 0.44444444444444486}
{'sample_size': 500, 'difference': 0, 'noise': 0, 'n': 14, 'alpha': 0.5, 'shap_error': 0.032659312785391685, 'shap_norm_sq': 3.4999999999999964, 'weighted_error': 1.0122511495200848, 'gamma': 1.0000000000000018}
{'sample_size': 500, 'difference': 0, 'noise': 0, 'n': 14, 'alpha': 0.6, 'shap_error': 0.1167308402823787, 'shap_norm_sq': 2.2399999999999967, 'weighted_error': 1.0377080378579278, 'gamma': 2.250000000000004}
{'sample_size': 500, 'difference': 0, 'noise': 0, 'n': 14, 'alpha': 0.7, 'shap_error': 0.12020823820478115, 'shap_norm_sq': 1.2599999999999971, 'weighted_error': 1.0116667359634768, 'gamma': 5.444444444444458}
{'sample_size': 500, 'difference': 0, 'noise': 0, 'n': 14, 'alpha': 0.8, 'shap_error': 0.2857283021919067, 'shap_norm_sq': 0.5599999999999967, 'weighted_error': 1.0098860801114833, 'gamma': 16.000000000000096}
{'sample_size': 500, 'difference': 0, 'noise': 0, 'n': 14, 'alpha': 0.2, 'shap_error': 0.008524569934944432, 'shap_norm_sq': 8.959999999999997, 'weighted_error': 1.0088420985509459, 'gamma': 0.0625000000000001}
{'sample_size': 500, 'difference': 0, 'noise': 0, 'n': 14, 'alpha': 0.3, 'shap_error': 0.012729057591423471, 'shap_norm_sq': 6.859999999999986, 'weighted_error': 1.012613304483009, 'gamma': 0.18367346938775558}
{'sample_size': 500, 'difference': 0, 'noise': 0, 'n': 14, 'alpha': 0.4, 'shap_error': 0.016175845607854823, 'shap_norm_sq': 5.04, 'weighted_error': 1.0045078975156325, 'gamma': 0.44444444444444486}
{'sample_size': 500, 'difference': 0, 'noise': 0, 'n': 14, 'alpha': 0.5, 'shap_error': 0.02685271531618929, 'shap_norm_sq': 3.4999999999999964, 'weighted_error': 1.006444552050883, 'gamma': 1.0000000000000018}
{'sample_size': 500, 'difference': 0, 'noise': 0, 'n': 14, 'alpha': 0.6, 'shap_error': 0.08380648356608568, 'shap_norm_sq': 2.2399999999999967, 'weighted_error': 1.0230749904284635, 'gamma': 2.250000000000004}
{'sample_size': 500, 'difference': 0, 'noise': 0, 'n': 14, 'alpha': 0.7, 'shap_error': 0.11202575046814843, 'shap_norm_sq': 1.2599999999999971, 'weighted_error': 1.0101638300526663, 'gamma': 5.444444444444458}
{'sample_size': 500, 'difference': 0, 'noise': 0, 'n': 14, 'alpha': 0.8, 'shap_error': 0.27822965057373517, 'shap_norm_sq': 0.5599999999999967, 'weighted_error': 1.0094174143853483, 'gamma': 16.000000000000096}
{'sample_size': 500, 'difference': 0, 'noise': 0, 'n': 14, 'alpha': 0.2, 'shap_error': 0.008632671748316265, 'shap_norm_sq': 8.959999999999997, 'weighted_error': 1.010571727564894, 'gamma': 0.0625000000000001}
{'sample_size': 500, 'difference': 0, 'noise': 0, 'n': 14, 'alpha': 0.3, 'shap_error': 0.01212018064461847, 'shap_norm_sq': 6.859999999999986, 'weighted_error': 1.0092983077726267, 'gamma': 0.18367346938775558}
{'sample_size': 500, 'difference': 0, 'noise': 0, 'n': 14, 'alpha': 0.4, 'shap_error': 0.017731760728478475, 'shap_norm_sq': 5.04, 'weighted_error': 1.0080087065370351, 'gamma': 0.44444444444444486}
{'sample_size': 500, 'difference': 0, 'noise': 0, 'n': 14, 'alpha': 0.5, 'shap_error': 0.02703247831144592, 'shap_norm_sq': 3.4999999999999964, 'weighted_error': 1.0066243150461394, 'gamma': 1.0000000000000018}
{'sample_size': 500, 'difference': 0, 'noise': 0, 'n': 14, 'alpha': 0.6, 'shap_error': 0.06099179119330687, 'shap_norm_sq': 2.2399999999999967, 'weighted_error': 1.0129351271516736, 'gamma': 2.250000000000004}
{'sample_size': 500, 'difference': 0, 'noise': 0, 'n': 14, 'alpha': 0.7, 'shap_error': 0.11839407083494805, 'shap_norm_sq': 1.2599999999999971, 'weighted_error': 1.0113335215486094, 'gamma': 5.444444444444458}
{'sample_size': 500, 'difference': 0, 'noise': 0, 'n': 14, 'alpha': 0.8, 'shap_error': 0.25383766784016276, 'shap_norm_sq': 0.5599999999999967, 'weighted_error': 1.0078929154644993, 'gamma': 16.000000000000096}
{'sample_size': 500, 'difference': 0, 'noise': 0, 'n': 14, 'alpha': 0.2, 'shap_error': 0.008445041201134562, 'shap_norm_sq': 8.959999999999997, 'weighted_error': 1.0075696388099882, 'gamma': 0.0625000000000001}
{'sample_size': 500, 'difference': 0, 'noise': 0, 'n': 14, 'alpha': 0.3, 'shap_error': 0.013209547253859297, 'shap_norm_sq': 6.859999999999986, 'weighted_error': 1.0152293037562716, 'gamma': 0.18367346938775558}
{'sample_size': 500, 'difference': 0, 'noise': 0, 'n': 14, 'alpha': 0.4, 'shap_error': 0.01839906233783583, 'shap_norm_sq': 5.04, 'weighted_error': 1.009510135158089, 'gamma': 0.44444444444444486}
{'sample_size': 500, 'difference': 0, 'noise': 0, 'n': 14, 'alpha': 0.5, 'shap_error': 0.038546956630258866, 'shap_norm_sq': 3.4999999999999964, 'weighted_error': 1.0181387933649524, 'gamma': 1.0000000000000018}
{'sample_size': 500, 'difference': 0, 'noise': 0, 'n': 14, 'alpha': 0.6, 'shap_error': 0.05701391456065942, 'shap_norm_sq': 2.2399999999999967, 'weighted_error': 1.0111671819816075, 'gamma': 2.250000000000004}
{'sample_size': 500, 'difference': 0, 'noise': 0, 'n': 14, 'alpha': 0.7, 'shap_error': 0.09789743902122096, 'shap_norm_sq': 1.2599999999999971, 'weighted_error': 1.0075688340726185, 'gamma': 5.444444444444458}
{'sample_size': 500, 'difference': 0, 'noise': 0, 'n': 14, 'alpha': 0.8, 'shap_error': 0.3859710941218967, 'shap_norm_sq': 0.5599999999999967, 'weighted_error': 1.0161512546071083, 'gamma': 16.000000000000096}
{'sample_size': 500, 'difference': 0, 'noise': 0, 'n': 14, 'alpha': 0.2, 'shap_error': 0.008477478466766554, 'shap_norm_sq': 8.959999999999997, 'weighted_error': 1.0080886350600993, 'gamma': 0.0625000000000001}
{'sample_size': 500, 'difference': 0, 'noise': 0, 'n': 14, 'alpha': 0.3, 'shap_error': 0.01130274516915519, 'shap_norm_sq': 6.859999999999986, 'weighted_error': 1.004847825739549, 'gamma': 0.18367346938775558}
{'sample_size': 500, 'difference': 0, 'noise': 0, 'n': 14, 'alpha': 0.4, 'shap_error': 0.02475807568718487, 'shap_norm_sq': 5.04, 'weighted_error': 1.0238179151941247, 'gamma': 0.44444444444444486}
{'sample_size': 500, 'difference': 0, 'noise': 0, 'n': 14, 'alpha': 0.5, 'shap_error': 0.027903248715001352, 'shap_norm_sq': 3.4999999999999964, 'weighted_error': 1.0074950854496945, 'gamma': 1.0000000000000018}
{'sample_size': 500, 'difference': 0, 'noise': 0, 'n': 14, 'alpha': 0.6, 'shap_error': 0.0584148857969443, 'shap_norm_sq': 2.2399999999999967, 'weighted_error': 1.011789835864401, 'gamma': 2.250000000000004}
{'sample_size': 500, 'difference': 0, 'noise': 0, 'n': 14, 'alpha': 0.7, 'shap_error': 0.14121087687871153, 'shap_norm_sq': 1.2599999999999971, 'weighted_error': 1.0155243634750155, 'gamma': 5.444444444444458}
{'sample_size': 500, 'difference': 0, 'noise': 0, 'n': 14, 'alpha': 0.8, 'shap_error': 0.3561140647118159, 'shap_norm_sq': 0.5599999999999967, 'weighted_error': 1.0142851902689782, 'gamma': 16.000000000000096}
{'sample_size': 500, 'difference': 0, 'noise': 0, 'n': 14, 'alpha': 0.2, 'shap_error': 0.00862471256467347, 'shap_norm_sq': 8.959999999999997, 'weighted_error': 1.0104443806266104, 'gamma': 0.0625000000000001}
{'sample_size': 500, 'difference': 0, 'noise': 0, 'n': 14, 'alpha': 0.3, 'shap_error': 0.012166143314176685, 'shap_norm_sq': 6.859999999999986, 'weighted_error': 1.0095485489735538, 'gamma': 0.18367346938775558}
{'sample_size': 500, 'difference': 0, 'noise': 0, 'n': 14, 'alpha': 0.4, 'shap_error': 0.018924088756582188, 'shap_norm_sq': 5.04, 'weighted_error': 1.0106914446002688, 'gamma': 0.44444444444444486}
{'sample_size': 500, 'difference': 0, 'noise': 0, 'n': 14, 'alpha': 0.5, 'shap_error': 0.03210764593203092, 'shap_norm_sq': 3.4999999999999964, 'weighted_error': 1.0116994826667247, 'gamma': 1.0000000000000018}
{'sample_size': 500, 'difference': 0, 'noise': 0, 'n': 14, 'alpha': 0.6, 'shap_error': 0.10900971528934734, 'shap_norm_sq': 2.2399999999999967, 'weighted_error': 1.0342764267499147, 'gamma': 2.250000000000004}
{'sample_size': 500, 'difference': 0, 'noise': 0, 'n': 14, 'alpha': 0.7, 'shap_error': 0.09690065380137398, 'shap_norm_sq': 1.2599999999999971, 'weighted_error': 1.007385751073055, 'gamma': 5.444444444444458}
{'sample_size': 500, 'difference': 0, 'noise': 0, 'n': 14, 'alpha': 0.8, 'shap_error': 0.4903037949085317, 'shap_norm_sq': 0.5599999999999967, 'weighted_error': 1.0226720484062732, 'gamma': 16.000000000000096}
{'sample_size': 500, 'difference': 0, 'noise': 0, 'n': 14, 'alpha': 0.2, 'shap_error': 0.008645112550478756, 'shap_norm_sq': 8.959999999999997, 'weighted_error': 1.010770780399495, 'gamma': 0.0625000000000001}
{'sample_size': 500, 'difference': 0, 'noise': 0, 'n': 14, 'alpha': 0.3, 'shap_error': 0.01262939330292543, 'shap_norm_sq': 6.859999999999986, 'weighted_error': 1.0120706878011876, 'gamma': 0.18367346938775558}
{'sample_size': 500, 'difference': 0, 'noise': 0, 'n': 14, 'alpha': 0.4, 'shap_error': 0.023368632458159497, 'shap_norm_sq': 5.04, 'weighted_error': 1.0206916679288172, 'gamma': 0.44444444444444486}
{'sample_size': 500, 'difference': 0, 'noise': 0, 'n': 14, 'alpha': 0.5, 'shap_error': 0.046744035431028015, 'shap_norm_sq': 3.4999999999999964, 'weighted_error': 1.0263358721657219, 'gamma': 1.0000000000000018}
{'sample_size': 500, 'difference': 0, 'noise': 0, 'n': 14, 'alpha': 0.6, 'shap_error': 0.09841778524935534, 'shap_norm_sq': 2.2399999999999967, 'weighted_error': 1.0295689022876957, 'gamma': 2.250000000000004}
{'sample_size': 500, 'difference': 0, 'noise': 0, 'n': 14, 'alpha': 0.7, 'shap_error': 0.15381279885446067, 'shap_norm_sq': 1.2599999999999971, 'weighted_error': 1.0178390022052546, 'gamma': 5.444444444444458}
{'sample_size': 500, 'difference': 0, 'noise': 0, 'n': 14, 'alpha': 0.8, 'shap_error': 0.6518073570032533, 'shap_norm_sq': 0.5599999999999967, 'weighted_error': 1.0327660210371923, 'gamma': 16.000000000000096}
{'sample_size': 500, 'difference': 0, 'noise': 0, 'n': 14, 'alpha': 0.2, 'shap_error': 0.01029909104172468, 'shap_norm_sq': 8.959999999999997, 'weighted_error': 1.0372344362594306, 'gamma': 0.0625000000000001}
{'sample_size': 500, 'difference': 0, 'noise': 0, 'n': 14, 'alpha': 0.3, 'shap_error': 0.011880387361984894, 'shap_norm_sq': 6.859999999999986, 'weighted_error': 1.0079927665671768, 'gamma': 0.18367346938775558}
{'sample_size': 500, 'difference': 0, 'noise': 0, 'n': 14, 'alpha': 0.4, 'shap_error': 0.020190562910813857, 'shap_norm_sq': 5.04, 'weighted_error': 1.0135410114472896, 'gamma': 0.44444444444444486}
{'sample_size': 500, 'difference': 0, 'noise': 0, 'n': 14, 'alpha': 0.5, 'shap_error': 0.035004939491908735, 'shap_norm_sq': 3.4999999999999964, 'weighted_error': 1.0145967762266017, 'gamma': 1.0000000000000018}
{'sample_size': 500, 'difference': 0, 'noise': 0, 'n': 14, 'alpha': 0.6, 'shap_error': 0.07765552835423907, 'shap_norm_sq': 2.2399999999999967, 'weighted_error': 1.0203412325565324, 'gamma': 2.250000000000004}
{'sample_size': 500, 'difference': 0, 'noise': 0, 'n': 14, 'alpha': 0.7, 'shap_error': 0.09704236254533335, 'shap_norm_sq': 1.2599999999999971, 'weighted_error': 1.007411779209701, 'gamma': 5.444444444444458}
{'sample_size': 500, 'difference': 0, 'noise': 0, 'n': 14, 'alpha': 0.8, 'shap_error': 0.427283168534901, 'shap_norm_sq': 0.5599999999999967, 'weighted_error': 1.0187332592579208, 'gamma': 16.000000000000096}
{'sample_size': 500, 'difference': 0, 'noise': 0, 'n': 14, 'alpha': 0.2, 'shap_error': 0.008914342692517806, 'shap_norm_sq': 8.959999999999997, 'weighted_error': 1.0150784626721192, 'gamma': 0.0625000000000001}
{'sample_size': 500, 'difference': 0, 'noise': 0, 'n': 14, 'alpha': 0.3, 'shap_error': 0.014568079303483132, 'shap_norm_sq': 6.859999999999986, 'weighted_error': 1.0226257560264451, 'gamma': 0.18367346938775558}
{'sample_size': 500, 'difference': 0, 'noise': 0, 'n': 14, 'alpha': 0.4, 'shap_error': 0.020383975107985848, 'shap_norm_sq': 5.04, 'weighted_error': 1.0139761888909264, 'gamma': 0.44444444444444486}
{'sample_size': 500, 'difference': 0, 'noise': 0, 'n': 14, 'alpha': 0.5, 'shap_error': 0.03431087382721958, 'shap_norm_sq': 3.4999999999999964, 'weighted_error': 1.0139027105619134, 'gamma': 1.0000000000000018}
{'sample_size': 500, 'difference': 0, 'noise': 0, 'n': 14, 'alpha': 0.6, 'shap_error': 0.05894856316691654, 'shap_norm_sq': 2.2399999999999967, 'weighted_error': 1.0120270258066115, 'gamma': 2.250000000000004}
{'sample_size': 500, 'difference': 0, 'noise': 0, 'n': 14, 'alpha': 0.7, 'shap_error': 0.32503003169986966, 'shap_norm_sq': 1.2599999999999971, 'weighted_error': 1.0492870653809419, 'gamma': 5.444444444444458}
{'sample_size': 500, 'difference': 0, 'noise': 0, 'n': 14, 'alpha': 0.8, 'shap_error': 0.360944677388557, 'shap_norm_sq': 0.5599999999999967, 'weighted_error': 1.0145871035612741, 'gamma': 16.000000000000096}
{'sample_size': 500, 'difference': 0, 'noise': 0, 'n': 14, 'alpha': 0.2, 'shap_error': 0.010003965998827833, 'shap_norm_sq': 8.959999999999997, 'weighted_error': 1.0325124355730808, 'gamma': 0.0625000000000001}
{'sample_size': 500, 'difference': 0, 'noise': 0, 'n': 14, 'alpha': 0.3, 'shap_error': 0.016249410009777674, 'shap_norm_sq': 6.859999999999986, 'weighted_error': 1.031779667649605, 'gamma': 0.18367346938775558}
{'sample_size': 500, 'difference': 0, 'noise': 0, 'n': 14, 'alpha': 0.4, 'shap_error': 0.02748864288181786, 'shap_norm_sq': 5.04, 'weighted_error': 1.0299616913820493, 'gamma': 0.44444444444444486}
{'sample_size': 500, 'difference': 0, 'noise': 0, 'n': 14, 'alpha': 0.5, 'shap_error': 0.03969241578534015, 'shap_norm_sq': 3.4999999999999964, 'weighted_error': 1.0192842525200343, 'gamma': 1.0000000000000018}
{'sample_size': 500, 'difference': 0, 'noise': 0, 'n': 14, 'alpha': 0.6, 'shap_error': 0.06962991115940696, 'shap_norm_sq': 2.2399999999999967, 'weighted_error': 1.0167742915810518, 'gamma': 2.250000000000004}
{'sample_size': 500, 'difference': 0, 'noise': 0, 'n': 14, 'alpha': 0.7, 'shap_error': 0.10945286501780341, 'shap_norm_sq': 1.2599999999999971, 'weighted_error': 1.0096912592556642, 'gamma': 5.444444444444458}
{'sample_size': 500, 'difference': 0, 'noise': 0, 'n': 14, 'alpha': 0.8, 'shap_error': 0.2957615978696444, 'shap_norm_sq': 0.5599999999999967, 'weighted_error': 1.0105131610913431, 'gamma': 16.000000000000096}
{'sample_size': 500, 'difference': 0, 'noise': 0, 'n': 14, 'alpha': 0.2, 'shap_error': 0.00875611303865657, 'shap_norm_sq': 8.959999999999997, 'weighted_error': 1.01254678821034, 'gamma': 0.0625000000000001}
{'sample_size': 500, 'difference': 0, 'noise': 0, 'n': 14, 'alpha': 0.3, 'shap_error': 0.011149667298004784, 'shap_norm_sq': 6.859999999999986, 'weighted_error': 1.0040144017743968, 'gamma': 0.18367346938775558}
{'sample_size': 500, 'difference': 0, 'noise': 0, 'n': 14, 'alpha': 0.4, 'shap_error': 0.021026930876881, 'shap_norm_sq': 5.04, 'weighted_error': 1.0154228393709404, 'gamma': 0.44444444444444486}
{'sample_size': 500, 'difference': 0, 'noise': 0, 'n': 14, 'alpha': 0.5, 'shap_error': 0.04672144198063587, 'shap_norm_sq': 3.4999999999999964, 'weighted_error': 1.0263132787153293, 'gamma': 1.0000000000000018}
{'sample_size': 500, 'difference': 0, 'noise': 0, 'n': 14, 'alpha': 0.6, 'shap_error': 0.050517122604592804, 'shap_norm_sq': 2.2399999999999967, 'weighted_error': 1.008279718890023, 'gamma': 2.250000000000004}
{'sample_size': 500, 'difference': 0, 'noise': 0, 'n': 14, 'alpha': 0.7, 'shap_error': 0.08970191183122535, 'shap_norm_sq': 1.2599999999999971, 'weighted_error': 1.0060635331601708, 'gamma': 5.444444444444458}
{'sample_size': 500, 'difference': 0, 'noise': 0, 'n': 14, 'alpha': 0.8, 'shap_error': 0.25815337412688066, 'shap_norm_sq': 0.5599999999999967, 'weighted_error': 1.0081626471074199, 'gamma': 16.000000000000096}
{'sample_size': 500, 'difference': 0, 'noise': 0, 'n': 14, 'alpha': 0.2, 'shap_error': 0.009336509914788777, 'shap_norm_sq': 8.959999999999997, 'weighted_error': 1.0218331382284538, 'gamma': 0.0625000000000001}
{'sample_size': 500, 'difference': 0, 'noise': 0, 'n': 14, 'alpha': 0.3, 'shap_error': 0.011935057890225389, 'shap_norm_sq': 6.859999999999986, 'weighted_error': 1.00829041722093, 'gamma': 0.18367346938775558}
{'sample_size': 500, 'difference': 0, 'noise': 0, 'n': 14, 'alpha': 0.4, 'shap_error': 0.017674217052848492, 'shap_norm_sq': 5.04, 'weighted_error': 1.0078792332668682, 'gamma': 0.44444444444444486}
{'sample_size': 500, 'difference': 0, 'noise': 0, 'n': 14, 'alpha': 0.5, 'shap_error': 0.037075568858161954, 'shap_norm_sq': 3.4999999999999964, 'weighted_error': 1.016667405592856, 'gamma': 1.0000000000000018}
{'sample_size': 500, 'difference': 0, 'noise': 0, 'n': 14, 'alpha': 0.6, 'shap_error': 0.053087058035557376, 'shap_norm_sq': 2.2399999999999967, 'weighted_error': 1.009421912414895, 'gamma': 2.250000000000004}
{'sample_size': 500, 'difference': 0, 'noise': 0, 'n': 14, 'alpha': 0.7, 'shap_error': 0.18280600398750066, 'shap_norm_sq': 1.2599999999999971, 'weighted_error': 1.0231642847807108, 'gamma': 5.444444444444458}
{'sample_size': 500, 'difference': 0, 'noise': 0, 'n': 14, 'alpha': 0.8, 'shap_error': 0.3162968558456915, 'shap_norm_sq': 0.5599999999999967, 'weighted_error': 1.0117966147148447, 'gamma': 16.000000000000096}
{'sample_size': 500, 'difference': 0, 'noise': 0, 'n': 14, 'alpha': 0.2, 'shap_error': 0.008851366322472989, 'shap_norm_sq': 8.959999999999997, 'weighted_error': 1.0140708407514025, 'gamma': 0.0625000000000001}
{'sample_size': 500, 'difference': 0, 'noise': 0, 'n': 14, 'alpha': 0.3, 'shap_error': 0.016673212834137443, 'shap_norm_sq': 6.859999999999986, 'weighted_error': 1.0340870385822307, 'gamma': 0.18367346938775558}
{'sample_size': 500, 'difference': 0, 'noise': 0, 'n': 14, 'alpha': 0.4, 'shap_error': 0.024447330913867783, 'shap_norm_sq': 5.04, 'weighted_error': 1.0231187394541605, 'gamma': 0.44444444444444486}
{'sample_size': 500, 'difference': 0, 'noise': 0, 'n': 14, 'alpha': 0.5, 'shap_error': 0.02907966007833253, 'shap_norm_sq': 3.4999999999999964, 'weighted_error': 1.0086714968130264, 'gamma': 1.0000000000000018}
{'sample_size': 500, 'difference': 0, 'noise': 0, 'n': 14, 'alpha': 0.6, 'shap_error': 0.044585743815962496, 'shap_norm_sq': 2.2399999999999967, 'weighted_error': 1.0056435505395205, 'gamma': 2.250000000000004}
{'sample_size': 500, 'difference': 0, 'noise': 0, 'n': 14, 'alpha': 0.7, 'shap_error': 0.3172335928605418, 'shap_norm_sq': 1.2599999999999971, 'weighted_error': 1.0478550664104538, 'gamma': 5.444444444444458}
{'sample_size': 500, 'difference': 0, 'noise': 0, 'n': 14, 'alpha': 0.8, 'shap_error': 0.7159489420493673, 'shap_norm_sq': 0.5599999999999967, 'weighted_error': 1.0367748701025747, 'gamma': 16.000000000000096}
{'sample_size': 500, 'difference': 0, 'noise': 0, 'n': 14, 'alpha': 0.2, 'shap_error': 0.008987936944175896, 'shap_norm_sq': 8.959999999999997, 'weighted_error': 1.0162559706986496, 'gamma': 0.0625000000000001}
{'sample_size': 500, 'difference': 0, 'noise': 0, 'n': 14, 'alpha': 0.3, 'shap_error': 0.011352741896053736, 'shap_norm_sq': 6.859999999999986, 'weighted_error': 1.0051200301415524, 'gamma': 0.18367346938775558}
{'sample_size': 500, 'difference': 0, 'noise': 0, 'n': 14, 'alpha': 0.4, 'shap_error': 0.02258547625853305, 'shap_norm_sq': 5.04, 'weighted_error': 1.0189295664796578, 'gamma': 0.44444444444444486}
{'sample_size': 500, 'difference': 0, 'noise': 0, 'n': 14, 'alpha': 0.5, 'shap_error': 0.0307258177185128, 'shap_norm_sq': 3.4999999999999964, 'weighted_error': 1.0103176544532066, 'gamma': 1.0000000000000018}
{'sample_size': 500, 'difference': 0, 'noise': 0, 'n': 14, 'alpha': 0.6, 'shap_error': 0.0504387536073252, 'shap_norm_sq': 2.2399999999999967, 'weighted_error': 1.0082448882245703, 'gamma': 2.250000000000004}
{'sample_size': 500, 'difference': 0, 'noise': 0, 'n': 14, 'alpha': 0.7, 'shap_error': 0.1071703213124074, 'shap_norm_sq': 1.2599999999999971, 'weighted_error': 1.009272016534265, 'gamma': 5.444444444444458}
{'sample_size': 500, 'difference': 0, 'noise': 0, 'n': 14, 'alpha': 0.8, 'shap_error': 0.5494860913816196, 'shap_norm_sq': 0.5599999999999967, 'weighted_error': 1.0263709419358413, 'gamma': 16.000000000000096}
{'sample_size': 500, 'difference': 0, 'noise': 0, 'n': 14, 'alpha': 0.2, 'shap_error': 0.008268386141060806, 'shap_norm_sq': 8.959999999999997, 'weighted_error': 1.0047431578488066, 'gamma': 0.0625000000000001}
{'sample_size': 500, 'difference': 0, 'noise': 0, 'n': 14, 'alpha': 0.3, 'shap_error': 0.0130917747291746, 'shap_norm_sq': 6.859999999999986, 'weighted_error': 1.0145880977885442, 'gamma': 0.18367346938775558}
{'sample_size': 500, 'difference': 0, 'noise': 0, 'n': 14, 'alpha': 0.4, 'shap_error': 0.021740505153502523, 'shap_norm_sq': 5.04, 'weighted_error': 1.0170283814933387, 'gamma': 0.44444444444444486}
{'sample_size': 500, 'difference': 0, 'noise': 0, 'n': 14, 'alpha': 0.5, 'shap_error': 0.03755373606137124, 'shap_norm_sq': 3.4999999999999964, 'weighted_error': 1.0171455727960652, 'gamma': 1.0000000000000018}
{'sample_size': 500, 'difference': 0, 'noise': 0, 'n': 14, 'alpha': 0.6, 'shap_error': 0.07930941321377066, 'shap_norm_sq': 2.2399999999999967, 'weighted_error': 1.021076292494102, 'gamma': 2.250000000000004}
{'sample_size': 500, 'difference': 0, 'noise': 0, 'n': 14, 'alpha': 0.7, 'shap_error': 0.23266264727993116, 'shap_norm_sq': 1.2599999999999971, 'weighted_error': 1.0323216274262592, 'gamma': 5.444444444444458}
{'sample_size': 500, 'difference': 0, 'noise': 0, 'n': 14, 'alpha': 0.8, 'shap_error': 0.2644957453888305, 'shap_norm_sq': 0.5599999999999967, 'weighted_error': 1.0085590453112916, 'gamma': 16.000000000000096}
{'sample_size': 500, 'difference': 0, 'noise': 0, 'n': 14, 'alpha': 0.2, 'shap_error': 0.008812249419598094, 'shap_norm_sq': 8.959999999999997, 'weighted_error': 1.013444970305404, 'gamma': 0.0625000000000001}
{'sample_size': 500, 'difference': 0, 'noise': 0, 'n': 14, 'alpha': 0.3, 'shap_error': 0.013510486534867762, 'shap_norm_sq': 6.859999999999986, 'weighted_error': 1.016867750952873, 'gamma': 0.18367346938775558}
{'sample_size': 500, 'difference': 0, 'noise': 0, 'n': 14, 'alpha': 0.4, 'shap_error': 0.025967927746860756, 'shap_norm_sq': 5.04, 'weighted_error': 1.0265400823283948, 'gamma': 0.44444444444444486}
{'sample_size': 500, 'difference': 0, 'noise': 0, 'n': 14, 'alpha': 0.5, 'shap_error': 0.032147303111780906, 'shap_norm_sq': 3.4999999999999964, 'weighted_error': 1.0117391398464748, 'gamma': 1.0000000000000018}
{'sample_size': 500, 'difference': 0, 'noise': 0, 'n': 14, 'alpha': 0.6, 'shap_error': 0.04632855284934012, 'shap_norm_sq': 2.2399999999999967, 'weighted_error': 1.0064181323321328, 'gamma': 2.250000000000004}
{'sample_size': 500, 'difference': 0, 'noise': 0, 'n': 14, 'alpha': 0.7, 'shap_error': 0.13750410636305, 'shap_norm_sq': 1.2599999999999971, 'weighted_error': 1.0148435280741785, 'gamma': 5.444444444444458}
{'sample_size': 500, 'difference': 0, 'noise': 0, 'n': 14, 'alpha': 0.8, 'shap_error': 0.27921733626160145, 'shap_norm_sq': 0.5599999999999967, 'weighted_error': 1.00947914474084, 'gamma': 16.000000000000096}
{'sample_size': 500, 'difference': 0, 'noise': 0, 'n': 14, 'alpha': 0.2, 'shap_error': 0.009033685688261224, 'shap_norm_sq': 8.959999999999997, 'weighted_error': 1.016987950604015, 'gamma': 0.0625000000000001}
{'sample_size': 500, 'difference': 0, 'noise': 0, 'n': 14, 'alpha': 0.3, 'shap_error': 0.013583524900007192, 'shap_norm_sq': 6.859999999999986, 'weighted_error': 1.017265404274187, 'gamma': 0.18367346938775558}
{'sample_size': 500, 'difference': 0, 'noise': 0, 'n': 14, 'alpha': 0.4, 'shap_error': 0.02200019794227735, 'shap_norm_sq': 5.04, 'weighted_error': 1.0176126902680829, 'gamma': 0.44444444444444486}
{'sample_size': 500, 'difference': 0, 'noise': 0, 'n': 14, 'alpha': 0.5, 'shap_error': 0.03193485711957994, 'shap_norm_sq': 3.4999999999999964, 'weighted_error': 1.0115266938542735, 'gamma': 1.0000000000000018}
{'sample_size': 500, 'difference': 0, 'noise': 0, 'n': 14, 'alpha': 0.6, 'shap_error': 0.08237007953102703, 'shap_norm_sq': 2.2399999999999967, 'weighted_error': 1.0224365886351052, 'gamma': 2.250000000000004}
{'sample_size': 500, 'difference': 0, 'noise': 0, 'n': 14, 'alpha': 0.7, 'shap_error': 0.09298793452895515, 'shap_norm_sq': 1.2599999999999971, 'weighted_error': 1.00666708834955, 'gamma': 5.444444444444458}
{'sample_size': 500, 'difference': 0, 'noise': 0, 'n': 14, 'alpha': 0.8, 'shap_error': 0.39448213351773853, 'shap_norm_sq': 0.5599999999999967, 'weighted_error': 1.0166831945693486, 'gamma': 16.000000000000096}
{'sample_size': 500, 'difference': 0, 'noise': 0, 'n': 14, 'alpha': 0.2, 'shap_error': 0.008696670540607437, 'shap_norm_sq': 8.959999999999997, 'weighted_error': 1.0115957082415536, 'gamma': 0.0625000000000001}
{'sample_size': 500, 'difference': 0, 'noise': 0, 'n': 14, 'alpha': 0.3, 'shap_error': 0.012226026195382109, 'shap_norm_sq': 6.859999999999986, 'weighted_error': 1.0098745779934508, 'gamma': 0.18367346938775558}
{'sample_size': 500, 'difference': 0, 'noise': 0, 'n': 14, 'alpha': 0.4, 'shap_error': 0.019652980732496834, 'shap_norm_sq': 5.04, 'weighted_error': 1.0123314515460766, 'gamma': 0.44444444444444486}
{'sample_size': 500, 'difference': 0, 'noise': 0, 'n': 14, 'alpha': 0.5, 'shap_error': 0.06005164549763777, 'shap_norm_sq': 3.4999999999999964, 'weighted_error': 1.0396434822323308, 'gamma': 1.0000000000000018}
{'sample_size': 500, 'difference': 0, 'noise': 0, 'n': 14, 'alpha': 0.6, 'shap_error': 0.05981497207928517, 'shap_norm_sq': 2.2399999999999967, 'weighted_error': 1.0124120964343304, 'gamma': 2.250000000000004}
{'sample_size': 500, 'difference': 0, 'noise': 0, 'n': 14, 'alpha': 0.7, 'shap_error': 0.09807838081799929, 'shap_norm_sq': 1.2599999999999971, 'weighted_error': 1.0076020682801903, 'gamma': 5.444444444444458}
{'sample_size': 500, 'difference': 0, 'noise': 0, 'n': 14, 'alpha': 0.8, 'shap_error': 0.22458978633398544, 'shap_norm_sq': 0.5599999999999967, 'weighted_error': 1.0060649228703638, 'gamma': 16.000000000000096}
{'sample_size': 500, 'difference': 0, 'noise': 0, 'n': 14, 'alpha': 0.2, 'shap_error': 0.009512796671215882, 'shap_norm_sq': 8.959999999999997, 'weighted_error': 1.024653726331289, 'gamma': 0.0625000000000001}
{'sample_size': 500, 'difference': 0, 'noise': 0, 'n': 14, 'alpha': 0.3, 'shap_error': 0.014782461335820318, 'shap_norm_sq': 6.859999999999986, 'weighted_error': 1.0237929470913925, 'gamma': 0.18367346938775558}
{'sample_size': 500, 'difference': 0, 'noise': 0, 'n': 14, 'alpha': 0.4, 'shap_error': 0.017054097630197516, 'shap_norm_sq': 5.04, 'weighted_error': 1.006483964565903, 'gamma': 0.44444444444444486}
{'sample_size': 500, 'difference': 0, 'noise': 0, 'n': 14, 'alpha': 0.5, 'shap_error': 0.031518796880669046, 'shap_norm_sq': 3.4999999999999964, 'weighted_error': 1.0111106336153626, 'gamma': 1.0000000000000018}
{'sample_size': 500, 'difference': 0, 'noise': 0, 'n': 14, 'alpha': 0.6, 'shap_error': 0.06736500112312535, 'shap_norm_sq': 2.2399999999999967, 'weighted_error': 1.0157676648982594, 'gamma': 2.250000000000004}
{'sample_size': 500, 'difference': 0, 'noise': 0, 'n': 14, 'alpha': 0.7, 'shap_error': 0.07363638250413272, 'shap_norm_sq': 1.2599999999999971, 'weighted_error': 1.0031127216511129, 'gamma': 5.444444444444458}
{'sample_size': 500, 'difference': 0, 'noise': 0, 'n': 14, 'alpha': 0.8, 'shap_error': 0.4615837716735283, 'shap_norm_sq': 0.5599999999999967, 'weighted_error': 1.0208770469540853, 'gamma': 16.000000000000096}
{'sample_size': 500, 'difference': 0, 'noise': 0, 'n': 14, 'alpha': 0.2, 'shap_error': 0.008611466369781454, 'shap_norm_sq': 8.959999999999997, 'weighted_error': 1.0102324415083386, 'gamma': 0.0625000000000001}
{'sample_size': 500, 'difference': 0, 'noise': 0, 'n': 14, 'alpha': 0.3, 'shap_error': 0.012621763825202574, 'shap_norm_sq': 6.859999999999986, 'weighted_error': 1.012029149533584, 'gamma': 0.18367346938775558}
{'sample_size': 500, 'difference': 0, 'noise': 0, 'n': 14, 'alpha': 0.4, 'shap_error': 0.01834551486430416, 'shap_norm_sq': 5.04, 'weighted_error': 1.009389653342643, 'gamma': 0.44444444444444486}
{'sample_size': 500, 'difference': 0, 'noise': 0, 'n': 14, 'alpha': 0.5, 'shap_error': 0.03229320579520077, 'shap_norm_sq': 3.4999999999999964, 'weighted_error': 1.0118850425298942, 'gamma': 1.0000000000000018}
{'sample_size': 500, 'difference': 0, 'noise': 0, 'n': 14, 'alpha': 0.6, 'shap_error': 0.10098714877046845, 'shap_norm_sq': 2.2399999999999967, 'weighted_error': 1.0307108416304127, 'gamma': 2.250000000000004}
{'sample_size': 500, 'difference': 0, 'noise': 0, 'n': 14, 'alpha': 0.7, 'shap_error': 0.11532952038155274, 'shap_norm_sq': 1.2599999999999971, 'weighted_error': 1.0107706449347207, 'gamma': 5.444444444444458}
{'sample_size': 500, 'difference': 0, 'noise': 0, 'n': 14, 'alpha': 0.8, 'shap_error': 0.37953778504625235, 'shap_norm_sq': 0.5599999999999967, 'weighted_error': 1.0157491727898804, 'gamma': 16.000000000000096}
{'sample_size': 500, 'difference': 0, 'noise': 0, 'n': 14, 'alpha': 0.2, 'shap_error': 0.009562811856230874, 'shap_norm_sq': 8.959999999999997, 'weighted_error': 1.0254539692915283, 'gamma': 0.0625000000000001}
{'sample_size': 500, 'difference': 0, 'noise': 0, 'n': 14, 'alpha': 0.3, 'shap_error': 0.01182675238330158, 'shap_norm_sq': 6.859999999999986, 'weighted_error': 1.0077007539054574, 'gamma': 0.18367346938775558}
{'sample_size': 500, 'difference': 0, 'noise': 0, 'n': 14, 'alpha': 0.4, 'shap_error': 0.026639150775129, 'shap_norm_sq': 5.04, 'weighted_error': 1.0280503341419989, 'gamma': 0.44444444444444486}
{'sample_size': 500, 'difference': 0, 'noise': 0, 'n': 14, 'alpha': 0.5, 'shap_error': 0.038139610806726384, 'shap_norm_sq': 3.4999999999999964, 'weighted_error': 1.0177314475414205, 'gamma': 1.0000000000000018}
{'sample_size': 500, 'difference': 0, 'noise': 0, 'n': 14, 'alpha': 0.6, 'shap_error': 0.06799473598734025, 'shap_norm_sq': 2.2399999999999967, 'weighted_error': 1.0160475470601331, 'gamma': 2.250000000000004}
{'sample_size': 500, 'difference': 0, 'noise': 0, 'n': 14, 'alpha': 0.7, 'shap_error': 0.24476283624872294, 'shap_norm_sq': 1.2599999999999971, 'weighted_error': 1.0345441111144054, 'gamma': 5.444444444444458}
{'sample_size': 500, 'difference': 0, 'noise': 0, 'n': 14, 'alpha': 0.8, 'shap_error': 0.27155116346875774, 'shap_norm_sq': 0.5599999999999967, 'weighted_error': 1.0090000089412872, 'gamma': 16.000000000000096}
{'sample_size': 500, 'difference': 0, 'noise': 0, 'n': 14, 'alpha': 0.2, 'shap_error': 0.008538567352682347, 'shap_norm_sq': 8.959999999999997, 'weighted_error': 1.009066057234751, 'gamma': 0.0625000000000001}
{'sample_size': 500, 'difference': 0, 'noise': 0, 'n': 14, 'alpha': 0.3, 'shap_error': 0.012183667829503047, 'shap_norm_sq': 6.859999999999986, 'weighted_error': 1.0096439602236646, 'gamma': 0.18367346938775558}
{'sample_size': 500, 'difference': 0, 'noise': 0, 'n': 14, 'alpha': 0.4, 'shap_error': 0.022682687588423657, 'shap_norm_sq': 5.04, 'weighted_error': 1.019148291971912, 'gamma': 0.44444444444444486}
{'sample_size': 500, 'difference': 0, 'noise': 0, 'n': 14, 'alpha': 0.5, 'shap_error': 0.04374358129236774, 'shap_norm_sq': 3.4999999999999964, 'weighted_error': 1.023335418027061, 'gamma': 1.0000000000000018}
{'sample_size': 500, 'difference': 0, 'noise': 0, 'n': 14, 'alpha': 0.6, 'shap_error': 0.053603319200068875, 'shap_norm_sq': 2.2399999999999967, 'weighted_error': 1.0096513618213456, 'gamma': 2.250000000000004}
{'sample_size': 500, 'difference': 0, 'noise': 0, 'n': 14, 'alpha': 0.7, 'shap_error': 0.2326275013510372, 'shap_norm_sq': 1.2599999999999971, 'weighted_error': 1.032315172051565, 'gamma': 5.444444444444458}
{'sample_size': 500, 'difference': 0, 'noise': 0, 'n': 14, 'alpha': 0.8, 'shap_error': 0.45272504352872234, 'shap_norm_sq': 0.5599999999999967, 'weighted_error': 1.0203233764450348, 'gamma': 16.000000000000096}
{'sample_size': 500, 'difference': 0, 'noise': 0, 'n': 14, 'alpha': 0.2, 'shap_error': 0.008660565676323537, 'shap_norm_sq': 8.959999999999997, 'weighted_error': 1.0110180304130107, 'gamma': 0.0625000000000001}
{'sample_size': 500, 'difference': 0, 'noise': 0, 'n': 14, 'alpha': 0.3, 'shap_error': 0.012797677393169098, 'shap_norm_sq': 6.859999999999986, 'weighted_error': 1.0129869011814026, 'gamma': 0.18367346938775558}
{'sample_size': 500, 'difference': 0, 'noise': 0, 'n': 14, 'alpha': 0.4, 'shap_error': 0.020874355609092298, 'shap_norm_sq': 5.04, 'weighted_error': 1.015079545018416, 'gamma': 0.44444444444444486}
{'sample_size': 500, 'difference': 0, 'noise': 0, 'n': 14, 'alpha': 0.5, 'shap_error': 0.03890596258788137, 'shap_norm_sq': 3.4999999999999964, 'weighted_error': 1.0184977993225757, 'gamma': 1.0000000000000018}
{'sample_size': 500, 'difference': 0, 'noise': 0, 'n': 14, 'alpha': 0.6, 'shap_error': 0.0764174032226233, 'shap_norm_sq': 2.2399999999999967, 'weighted_error': 1.0197909547202584, 'gamma': 2.250000000000004}
{'sample_size': 500, 'difference': 0, 'noise': 0, 'n': 14, 'alpha': 0.7, 'shap_error': 0.09595164964156958, 'shap_norm_sq': 1.2599999999999971, 'weighted_error': 1.0072114441865605, 'gamma': 5.444444444444458}
{'sample_size': 500, 'difference': 0, 'noise': 0, 'n': 14, 'alpha': 0.8, 'shap_error': 0.34406356221901924, 'shap_norm_sq': 0.5599999999999967, 'weighted_error': 1.0135320338631781, 'gamma': 16.000000000000096}
{'sample_size': 500, 'difference': 0, 'noise': 0, 'n': 14, 'alpha': 0.2, 'shap_error': 0.00842624659982319, 'shap_norm_sq': 8.959999999999997, 'weighted_error': 1.007268925189005, 'gamma': 0.0625000000000001}
{'sample_size': 500, 'difference': 0, 'noise': 0, 'n': 14, 'alpha': 0.3, 'shap_error': 0.011736084347839154, 'shap_norm_sq': 6.859999999999986, 'weighted_error': 1.0072071168234944, 'gamma': 0.18367346938775558}
{'sample_size': 500, 'difference': 0, 'noise': 0, 'n': 14, 'alpha': 0.4, 'shap_error': 0.019958615873649336, 'shap_norm_sq': 5.04, 'weighted_error': 1.0130191306136698, 'gamma': 0.44444444444444486}
{'sample_size': 500, 'difference': 0, 'noise': 0, 'n': 14, 'alpha': 0.5, 'shap_error': 0.03391887482113174, 'shap_norm_sq': 3.4999999999999964, 'weighted_error': 1.013510711555825, 'gamma': 1.0000000000000018}
{'sample_size': 500, 'difference': 0, 'noise': 0, 'n': 14, 'alpha': 0.6, 'shap_error': 0.059320608056296395, 'shap_norm_sq': 2.2399999999999967, 'weighted_error': 1.0121923790907794, 'gamma': 2.250000000000004}
{'sample_size': 500, 'difference': 0, 'noise': 0, 'n': 14, 'alpha': 0.7, 'shap_error': 0.13816710384485742, 'shap_norm_sq': 1.2599999999999971, 'weighted_error': 1.0149653031218577, 'gamma': 5.444444444444458}
{'sample_size': 500, 'difference': 0, 'noise': 0, 'n': 14, 'alpha': 0.8, 'shap_error': 0.4478090673873781, 'shap_norm_sq': 0.5599999999999967, 'weighted_error': 1.0200161279362006, 'gamma': 16.000000000000096}
{'sample_size': 500, 'difference': 0, 'noise': 0, 'n': 14, 'alpha': 0.2, 'shap_error': 0.009171655879870632, 'shap_norm_sq': 8.959999999999997, 'weighted_error': 1.019195473669763, 'gamma': 0.0625000000000001}
{'sample_size': 500, 'difference': 0, 'noise': 0, 'n': 14, 'alpha': 0.3, 'shap_error': 0.013421169295582907, 'shap_norm_sq': 6.859999999999986, 'weighted_error': 1.0163814682056564, 'gamma': 0.18367346938775558}
{'sample_size': 500, 'difference': 0, 'noise': 0, 'n': 14, 'alpha': 0.4, 'shap_error': 0.022829549265008707, 'shap_norm_sq': 5.04, 'weighted_error': 1.0194787307442288, 'gamma': 0.44444444444444486}
{'sample_size': 500, 'difference': 0, 'noise': 0, 'n': 14, 'alpha': 0.5, 'shap_error': 0.03003806914263357, 'shap_norm_sq': 3.4999999999999964, 'weighted_error': 1.0096299058773273, 'gamma': 1.0000000000000018}
{'sample_size': 500, 'difference': 0, 'noise': 0, 'n': 14, 'alpha': 0.6, 'shap_error': 0.08000805774650288, 'shap_norm_sq': 2.2399999999999967, 'weighted_error': 1.021386801175316, 'gamma': 2.250000000000004}
{'sample_size': 500, 'difference': 0, 'noise': 0, 'n': 14, 'alpha': 0.7, 'shap_error': 0.1080234638470608, 'shap_norm_sq': 1.2599999999999971, 'weighted_error': 1.0094287161834876, 'gamma': 5.444444444444458}
{'sample_size': 500, 'difference': 0, 'noise': 0, 'n': 14, 'alpha': 0.8, 'shap_error': 0.2692402806636582, 'shap_norm_sq': 0.5599999999999967, 'weighted_error': 1.0088555787659685, 'gamma': 16.000000000000096}
{'sample_size': 500, 'difference': 0, 'noise': 0, 'n': 14, 'alpha': 0.2, 'shap_error': 0.009885201479069806, 'shap_norm_sq': 8.959999999999997, 'weighted_error': 1.0306122032569531, 'gamma': 0.0625000000000001}
{'sample_size': 500, 'difference': 0, 'noise': 0, 'n': 14, 'alpha': 0.3, 'shap_error': 0.011172366967495942, 'shap_norm_sq': 6.859999999999986, 'weighted_error': 1.0041379888638484, 'gamma': 0.18367346938775558}
{'sample_size': 500, 'difference': 0, 'noise': 0, 'n': 14, 'alpha': 0.4, 'shap_error': 0.021659592583813583, 'shap_norm_sq': 5.04, 'weighted_error': 1.016846328211539, 'gamma': 0.44444444444444486}
{'sample_size': 500, 'difference': 0, 'noise': 0, 'n': 14, 'alpha': 0.5, 'shap_error': 0.047329157487301855, 'shap_norm_sq': 3.4999999999999964, 'weighted_error': 1.0269209942219952, 'gamma': 1.0000000000000018}
{'sample_size': 500, 'difference': 0, 'noise': 0, 'n': 14, 'alpha': 0.6, 'shap_error': 0.09156475053399808, 'shap_norm_sq': 2.2399999999999967, 'weighted_error': 1.0265231090808695, 'gamma': 2.250000000000004}
{'sample_size': 500, 'difference': 0, 'noise': 0, 'n': 14, 'alpha': 0.7, 'shap_error': 0.12904234561368874, 'shap_norm_sq': 1.2599999999999971, 'weighted_error': 1.0132893271202148, 'gamma': 5.444444444444458}
{'sample_size': 500, 'difference': 0, 'noise': 0, 'n': 14, 'alpha': 0.8, 'shap_error': 0.24425063678095402, 'shap_norm_sq': 0.5599999999999967, 'weighted_error': 1.0072937260232993, 'gamma': 16.000000000000096}
{'sample_size': 500, 'difference': 0, 'noise': 0, 'n': 14, 'alpha': 0.2, 'shap_error': 0.009116019163426472, 'shap_norm_sq': 8.959999999999997, 'weighted_error': 1.0183052862066584, 'gamma': 0.0625000000000001}
{'sample_size': 500, 'difference': 0, 'noise': 0, 'n': 14, 'alpha': 0.3, 'shap_error': 0.012434997092329895, 'shap_norm_sq': 6.859999999999986, 'weighted_error': 1.0110123084323883, 'gamma': 0.18367346938775558}
{'sample_size': 500, 'difference': 0, 'noise': 0, 'n': 14, 'alpha': 0.4, 'shap_error': 0.02262550474296709, 'shap_norm_sq': 5.04, 'weighted_error': 1.0190196305696353, 'gamma': 0.44444444444444486}
{'sample_size': 500, 'difference': 0, 'noise': 0, 'n': 14, 'alpha': 0.5, 'shap_error': 0.05779345101782129, 'shap_norm_sq': 3.4999999999999964, 'weighted_error': 1.0373852877525158, 'gamma': 1.0000000000000018}
{'sample_size': 500, 'difference': 0, 'noise': 0, 'n': 14, 'alpha': 0.6, 'shap_error': 0.08096327367062109, 'shap_norm_sq': 2.2399999999999967, 'weighted_error': 1.0218113415860357, 'gamma': 2.250000000000004}
{'sample_size': 500, 'difference': 0, 'noise': 0, 'n': 14, 'alpha': 0.7, 'shap_error': 0.10936351343225073, 'shap_norm_sq': 1.2599999999999971, 'weighted_error': 1.0096748477399504, 'gamma': 5.444444444444458}
{'sample_size': 500, 'difference': 0, 'noise': 0, 'n': 14, 'alpha': 0.8, 'shap_error': 0.3264668292677041, 'shap_norm_sq': 0.5599999999999967, 'weighted_error': 1.0124322380537214, 'gamma': 16.000000000000096}
{'sample_size': 500, 'difference': 0, 'noise': 0, 'n': 14, 'alpha': 0.2, 'shap_error': 0.010847055121964308, 'shap_norm_sq': 8.959999999999997, 'weighted_error': 1.0460018615432631, 'gamma': 0.0625000000000001}
{'sample_size': 500, 'difference': 0, 'noise': 0, 'n': 14, 'alpha': 0.3, 'shap_error': 0.0141446705220094, 'shap_norm_sq': 6.859999999999986, 'weighted_error': 1.0203205304384209, 'gamma': 0.18367346938775558}
{'sample_size': 500, 'difference': 0, 'noise': 0, 'n': 14, 'alpha': 0.4, 'shap_error': 0.021513352035340702, 'shap_norm_sq': 5.04, 'weighted_error': 1.0165172869774761, 'gamma': 0.44444444444444486}
{'sample_size': 500, 'difference': 0, 'noise': 0, 'n': 14, 'alpha': 0.5, 'shap_error': 0.03555915315027842, 'shap_norm_sq': 3.4999999999999964, 'weighted_error': 1.015150989884972, 'gamma': 1.0000000000000018}
{'sample_size': 500, 'difference': 0, 'noise': 0, 'n': 14, 'alpha': 0.6, 'shap_error': 0.04302821247082469, 'shap_norm_sq': 2.2399999999999967, 'weighted_error': 1.0049513143861257, 'gamma': 2.250000000000004}
{'sample_size': 500, 'difference': 0, 'noise': 0, 'n': 14, 'alpha': 0.7, 'shap_error': 0.09981768455743983, 'shap_norm_sq': 1.2599999999999971, 'weighted_error': 1.0079215322323327, 'gamma': 5.444444444444458}
{'sample_size': 500, 'difference': 0, 'noise': 0, 'n': 14, 'alpha': 0.8, 'shap_error': 0.5193326676570236, 'shap_norm_sq': 0.5599999999999967, 'weighted_error': 1.024486352953054, 'gamma': 16.000000000000096}
{'sample_size': 500, 'difference': 0, 'noise': 0, 'n': 14, 'alpha': 0.2, 'shap_error': 0.008672174528919047, 'shap_norm_sq': 8.959999999999997, 'weighted_error': 1.0112037720545382, 'gamma': 0.0625000000000001}
{'sample_size': 500, 'difference': 0, 'noise': 0, 'n': 14, 'alpha': 0.3, 'shap_error': 0.012397609020610371, 'shap_norm_sq': 6.859999999999986, 'weighted_error': 1.010808751153026, 'gamma': 0.18367346938775558}
{'sample_size': 500, 'difference': 0, 'noise': 0, 'n': 14, 'alpha': 0.4, 'shap_error': 0.022632252844214277, 'shap_norm_sq': 5.04, 'weighted_error': 1.0190348137974417, 'gamma': 0.44444444444444486}
{'sample_size': 500, 'difference': 0, 'noise': 0, 'n': 14, 'alpha': 0.5, 'shap_error': 0.03198369029880989, 'shap_norm_sq': 3.4999999999999964, 'weighted_error': 1.011575527033503, 'gamma': 1.0000000000000018}
{'sample_size': 500, 'difference': 0, 'noise': 0, 'n': 14, 'alpha': 0.6, 'shap_error': 0.10743812225111661, 'shap_norm_sq': 2.2399999999999967, 'weighted_error': 1.0335779409551449, 'gamma': 2.250000000000004}
{'sample_size': 500, 'difference': 0, 'noise': 0, 'n': 14, 'alpha': 0.7, 'shap_error': 0.17149341078568217, 'shap_norm_sq': 1.2599999999999971, 'weighted_error': 1.021086461539561, 'gamma': 5.444444444444458}
{'sample_size': 500, 'difference': 0, 'noise': 0, 'n': 14, 'alpha': 0.8, 'shap_error': 0.4116073937477536, 'shap_norm_sq': 0.5599999999999967, 'weighted_error': 1.0177535233337238, 'gamma': 16.000000000000096}
{'sample_size': 500, 'difference': 0, 'noise': 0, 'n': 14, 'alpha': 0.2, 'shap_error': 0.009015562674319227, 'shap_norm_sq': 8.959999999999997, 'weighted_error': 1.0166979823809423, 'gamma': 0.0625000000000001}
{'sample_size': 500, 'difference': 0, 'noise': 0, 'n': 14, 'alpha': 0.3, 'shap_error': 0.014810315845907395, 'shap_norm_sq': 6.859999999999986, 'weighted_error': 1.023944599424088, 'gamma': 0.18367346938775558}
{'sample_size': 500, 'difference': 0, 'noise': 0, 'n': 14, 'alpha': 0.4, 'shap_error': 0.02929066120898041, 'shap_norm_sq': 5.04, 'weighted_error': 1.0340162326181659, 'gamma': 0.44444444444444486}
{'sample_size': 500, 'difference': 0, 'noise': 0, 'n': 14, 'alpha': 0.5, 'shap_error': 0.030319284697879402, 'shap_norm_sq': 3.4999999999999964, 'weighted_error': 1.0099111214325731, 'gamma': 1.0000000000000018}
{'sample_size': 500, 'difference': 0, 'noise': 0, 'n': 14, 'alpha': 0.6, 'shap_error': 0.04741945739406098, 'shap_norm_sq': 2.2399999999999967, 'weighted_error': 1.0069029787964534, 'gamma': 2.250000000000004}
{'sample_size': 500, 'difference': 0, 'noise': 0, 'n': 14, 'alpha': 0.7, 'shap_error': 0.10423647892494052, 'shap_norm_sq': 1.2599999999999971, 'weighted_error': 1.008733147524322, 'gamma': 5.444444444444458}
{'sample_size': 500, 'difference': 0, 'noise': 0, 'n': 14, 'alpha': 0.8, 'shap_error': 0.58822882324333, 'shap_norm_sq': 0.5599999999999967, 'weighted_error': 1.0287923626771975, 'gamma': 16.000000000000096}
{'sample_size': 500, 'difference': 0, 'noise': 0, 'n': 14, 'alpha': 0.2, 'shap_error': 0.009329601574142147, 'shap_norm_sq': 8.959999999999997, 'weighted_error': 1.0217226047781074, 'gamma': 0.0625000000000001}
{'sample_size': 500, 'difference': 0, 'noise': 0, 'n': 14, 'alpha': 0.3, 'shap_error': 0.012357402523763402, 'shap_norm_sq': 6.859999999999986, 'weighted_error': 1.0105898491146388, 'gamma': 0.18367346938775558}
{'sample_size': 500, 'difference': 0, 'noise': 0, 'n': 14, 'alpha': 0.4, 'shap_error': 0.028200565066478937, 'shap_norm_sq': 5.04, 'weighted_error': 1.0315635162975374, 'gamma': 0.44444444444444486}
{'sample_size': 500, 'difference': 0, 'noise': 0, 'n': 14, 'alpha': 0.5, 'shap_error': 0.028102027352127548, 'shap_norm_sq': 3.4999999999999964, 'weighted_error': 1.007693864086821, 'gamma': 1.0000000000000018}
{'sample_size': 500, 'difference': 0, 'noise': 0, 'n': 14, 'alpha': 0.6, 'shap_error': 0.06654246937568721, 'shap_norm_sq': 2.2399999999999967, 'weighted_error': 1.0154020952327318, 'gamma': 2.250000000000004}
{'sample_size': 500, 'difference': 0, 'noise': 0, 'n': 14, 'alpha': 0.7, 'shap_error': 0.1574274184252328, 'shap_norm_sq': 1.2599999999999971, 'weighted_error': 1.0185029119223352, 'gamma': 5.444444444444458}
{'sample_size': 500, 'difference': 0, 'noise': 0, 'n': 14, 'alpha': 0.8, 'shap_error': 0.32762323076070754, 'shap_norm_sq': 0.5599999999999967, 'weighted_error': 1.0125045131470336, 'gamma': 16.000000000000096}
{'sample_size': 500, 'difference': 0, 'noise': 0, 'n': 14, 'alpha': 0.2, 'shap_error': 0.008995105373819, 'shap_norm_sq': 8.959999999999997, 'weighted_error': 1.0163706655729396, 'gamma': 0.0625000000000001}
{'sample_size': 500, 'difference': 0, 'noise': 0, 'n': 14, 'alpha': 0.3, 'shap_error': 0.013989972320899508, 'shap_norm_sq': 6.859999999999986, 'weighted_error': 1.0194782846768233, 'gamma': 0.18367346938775558}
{'sample_size': 500, 'difference': 0, 'noise': 0, 'n': 14, 'alpha': 0.4, 'shap_error': 0.03334700392725653, 'shap_norm_sq': 5.04, 'weighted_error': 1.0431430037342866, 'gamma': 0.44444444444444486}
{'sample_size': 500, 'difference': 0, 'noise': 0, 'n': 14, 'alpha': 0.5, 'shap_error': 0.03313824626668633, 'shap_norm_sq': 3.4999999999999964, 'weighted_error': 1.01273008300138, 'gamma': 1.0000000000000018}
{'sample_size': 500, 'difference': 0, 'noise': 0, 'n': 14, 'alpha': 0.6, 'shap_error': 0.04721261168899934, 'shap_norm_sq': 2.2399999999999967, 'weighted_error': 1.0068110473719813, 'gamma': 2.250000000000004}
{'sample_size': 500, 'difference': 0, 'noise': 0, 'n': 14, 'alpha': 0.7, 'shap_error': 0.1618958457145126, 'shap_norm_sq': 1.2599999999999971, 'weighted_error': 1.0193236434652642, 'gamma': 5.444444444444458}
{'sample_size': 500, 'difference': 0, 'noise': 0, 'n': 14, 'alpha': 0.8, 'shap_error': 0.26198105746350075, 'shap_norm_sq': 0.5599999999999967, 'weighted_error': 1.008401877315958, 'gamma': 16.000000000000096}
{'sample_size': 500, 'difference': 0, 'noise': 0, 'n': 14, 'alpha': 0.2, 'shap_error': 0.008522427627498948, 'shap_norm_sq': 8.959999999999997, 'weighted_error': 1.0088078216318184, 'gamma': 0.0625000000000001}
{'sample_size': 500, 'difference': 0, 'noise': 0, 'n': 14, 'alpha': 0.3, 'shap_error': 0.01390768789108442, 'shap_norm_sq': 6.859999999999986, 'weighted_error': 1.0190302916700522, 'gamma': 0.18367346938775558}
{'sample_size': 500, 'difference': 0, 'noise': 0, 'n': 14, 'alpha': 0.4, 'shap_error': 0.02324602156563707, 'shap_norm_sq': 5.04, 'weighted_error': 1.0204157934206424, 'gamma': 0.44444444444444486}
{'sample_size': 500, 'difference': 0, 'noise': 0, 'n': 14, 'alpha': 0.5, 'shap_error': 0.030522797053648895, 'shap_norm_sq': 3.4999999999999964, 'weighted_error': 1.0101146337883415, 'gamma': 1.0000000000000018}
{'sample_size': 500, 'difference': 0, 'noise': 0, 'n': 14, 'alpha': 0.6, 'shap_error': 0.10430015023117338, 'shap_norm_sq': 2.2399999999999967, 'weighted_error': 1.0321832867240577, 'gamma': 2.250000000000004}
{'sample_size': 500, 'difference': 0, 'noise': 0, 'n': 14, 'alpha': 0.7, 'shap_error': 0.07901751624477107, 'shap_norm_sq': 1.2599999999999971, 'weighted_error': 1.0041010931544951, 'gamma': 5.444444444444458}
{'sample_size': 500, 'difference': 0, 'noise': 0, 'n': 14, 'alpha': 0.8, 'shap_error': 0.3566585428912757, 'shap_norm_sq': 0.5599999999999967, 'weighted_error': 1.0143192201551945, 'gamma': 16.000000000000096}
{'sample_size': 500, 'difference': 0, 'noise': 0, 'n': 14, 'alpha': 0.2, 'shap_error': 0.008972158394028618, 'shap_norm_sq': 8.959999999999997, 'weighted_error': 1.0160035138962924, 'gamma': 0.0625000000000001}
{'sample_size': 500, 'difference': 0, 'noise': 0, 'n': 14, 'alpha': 0.3, 'shap_error': 0.012948248757507176, 'shap_norm_sq': 6.859999999999986, 'weighted_error': 1.0138066786094653, 'gamma': 0.18367346938775558}
{'sample_size': 500, 'difference': 0, 'noise': 0, 'n': 14, 'alpha': 0.4, 'shap_error': 0.020298670291635908, 'shap_norm_sq': 5.04, 'weighted_error': 1.0137842530541399, 'gamma': 0.44444444444444486}
{'sample_size': 500, 'difference': 0, 'noise': 0, 'n': 14, 'alpha': 0.5, 'shap_error': 0.031132441258631686, 'shap_norm_sq': 3.4999999999999964, 'weighted_error': 1.010724277993325, 'gamma': 1.0000000000000018}
{'sample_size': 500, 'difference': 0, 'noise': 0, 'n': 14, 'alpha': 0.6, 'shap_error': 0.09530400351423045, 'shap_norm_sq': 2.2399999999999967, 'weighted_error': 1.0281849992943062, 'gamma': 2.250000000000004}
{'sample_size': 500, 'difference': 0, 'noise': 0, 'n': 14, 'alpha': 0.7, 'shap_error': 0.18734021052984537, 'shap_norm_sq': 1.2599999999999971, 'weighted_error': 1.0239970982272646, 'gamma': 5.444444444444458}
{'sample_size': 500, 'difference': 0, 'noise': 0, 'n': 14, 'alpha': 0.8, 'shap_error': 0.31928116230545633, 'shap_norm_sq': 0.5599999999999967, 'weighted_error': 1.0119831338685805, 'gamma': 16.000000000000096}
{'sample_size': 500, 'difference': 0, 'noise': 0, 'n': 14, 'alpha': 0.2, 'shap_error': 0.00853365819787185, 'shap_norm_sq': 8.959999999999997, 'weighted_error': 1.0089875107577855, 'gamma': 0.0625000000000001}
{'sample_size': 500, 'difference': 0, 'noise': 0, 'n': 14, 'alpha': 0.3, 'shap_error': 0.014325937325201153, 'shap_norm_sq': 6.859999999999986, 'weighted_error': 1.0213074274780218, 'gamma': 0.18367346938775558}
{'sample_size': 500, 'difference': 0, 'noise': 0, 'n': 14, 'alpha': 0.4, 'shap_error': 0.01740768125941287, 'shap_norm_sq': 5.04, 'weighted_error': 1.0072795277316382, 'gamma': 0.44444444444444486}
{'sample_size': 500, 'difference': 0, 'noise': 0, 'n': 14, 'alpha': 0.5, 'shap_error': 0.033049734929390166, 'shap_norm_sq': 3.4999999999999964, 'weighted_error': 1.0126415716640844, 'gamma': 1.0000000000000018}
{'sample_size': 500, 'difference': 0, 'noise': 0, 'n': 14, 'alpha': 0.6, 'shap_error': 0.0646542669744891, 'shap_norm_sq': 2.2399999999999967, 'weighted_error': 1.0145628941655318, 'gamma': 2.250000000000004}
{'sample_size': 500, 'difference': 0, 'noise': 0, 'n': 14, 'alpha': 0.7, 'shap_error': 0.10606656261989116, 'shap_norm_sq': 1.2599999999999971, 'weighted_error': 1.0090692853458434, 'gamma': 5.444444444444458}
{'sample_size': 500, 'difference': 0, 'noise': 0, 'n': 14, 'alpha': 0.8, 'shap_error': 0.3710800712728452, 'shap_norm_sq': 0.5599999999999967, 'weighted_error': 1.015220565679043, 'gamma': 16.000000000000096}
{'sample_size': 500, 'difference': 0, 'noise': 0, 'n': 14, 'alpha': 0.2, 'shap_error': 0.00970498205435493, 'shap_norm_sq': 8.959999999999997, 'weighted_error': 1.0277286924615114, 'gamma': 0.0625000000000001}
{'sample_size': 500, 'difference': 0, 'noise': 0, 'n': 14, 'alpha': 0.3, 'shap_error': 0.011734601937204705, 'shap_norm_sq': 6.859999999999986, 'weighted_error': 1.0071990459211522, 'gamma': 0.18367346938775558}
{'sample_size': 500, 'difference': 0, 'noise': 0, 'n': 14, 'alpha': 0.4, 'shap_error': 0.024895585059122736, 'shap_norm_sq': 5.04, 'weighted_error': 1.0241273112809859, 'gamma': 0.44444444444444486}
{'sample_size': 500, 'difference': 0, 'noise': 0, 'n': 14, 'alpha': 0.5, 'shap_error': 0.03968212423726301, 'shap_norm_sq': 3.4999999999999964, 'weighted_error': 1.019273960971957, 'gamma': 1.0000000000000018}
{'sample_size': 500, 'difference': 0, 'noise': 0, 'n': 14, 'alpha': 0.6, 'shap_error': 0.06421120481761267, 'shap_norm_sq': 2.2399999999999967, 'weighted_error': 1.0143659776513652, 'gamma': 2.250000000000004}
{'sample_size': 500, 'difference': 0, 'noise': 0, 'n': 14, 'alpha': 0.7, 'shap_error': 0.13922935672533432, 'shap_norm_sq': 1.2599999999999971, 'weighted_error': 1.0151604107937824, 'gamma': 5.444444444444458}
{'sample_size': 500, 'difference': 0, 'noise': 0, 'n': 14, 'alpha': 0.8, 'shap_error': 0.33441382070540215, 'shap_norm_sq': 0.5599999999999967, 'weighted_error': 1.0129289250185773, 'gamma': 16.000000000000096}
{'sample_size': 500, 'difference': 0, 'noise': 0, 'n': 14, 'alpha': 0.2, 'shap_error': 0.009088122058037985, 'shap_norm_sq': 8.959999999999997, 'weighted_error': 1.0178589325204423, 'gamma': 0.0625000000000001}
{'sample_size': 500, 'difference': 0, 'noise': 0, 'n': 14, 'alpha': 0.3, 'shap_error': 0.012319940830782031, 'shap_norm_sq': 6.859999999999986, 'weighted_error': 1.0103858910084058, 'gamma': 0.18367346938775558}
{'sample_size': 500, 'difference': 0, 'noise': 0, 'n': 14, 'alpha': 0.4, 'shap_error': 0.024021460472020716, 'shap_norm_sq': 5.04, 'weighted_error': 1.0221605309600057, 'gamma': 0.44444444444444486}
{'sample_size': 500, 'difference': 0, 'noise': 0, 'n': 14, 'alpha': 0.5, 'shap_error': 0.025566373667650837, 'shap_norm_sq': 3.4999999999999964, 'weighted_error': 1.0051582104023442, 'gamma': 1.0000000000000018}
{'sample_size': 500, 'difference': 0, 'noise': 0, 'n': 14, 'alpha': 0.6, 'shap_error': 0.06439170259978401, 'shap_norm_sq': 2.2399999999999967, 'weighted_error': 1.0144461988878852, 'gamma': 2.250000000000004}
{'sample_size': 500, 'difference': 0, 'noise': 0, 'n': 14, 'alpha': 0.7, 'shap_error': 0.15636709198368878, 'shap_norm_sq': 1.2599999999999971, 'weighted_error': 1.0183081580861335, 'gamma': 5.444444444444458}
{'sample_size': 500, 'difference': 0, 'noise': 0, 'n': 14, 'alpha': 0.8, 'shap_error': 0.7157831745624181, 'shap_norm_sq': 0.5599999999999967, 'weighted_error': 1.0367645096346414, 'gamma': 16.000000000000096}
{'sample_size': 500, 'difference': 0, 'noise': 0, 'n': 14, 'alpha': 0.2, 'shap_error': 0.008916438712544448, 'shap_norm_sq': 8.959999999999997, 'weighted_error': 1.0151119989925461, 'gamma': 0.0625000000000001}
{'sample_size': 500, 'difference': 0, 'noise': 0, 'n': 14, 'alpha': 0.3, 'shap_error': 0.01175226965779427, 'shap_norm_sq': 6.859999999999986, 'weighted_error': 1.007295236844361, 'gamma': 0.18367346938775558}
{'sample_size': 500, 'difference': 0, 'noise': 0, 'n': 14, 'alpha': 0.4, 'shap_error': 0.027490618424478287, 'shap_norm_sq': 5.04, 'weighted_error': 1.0299661363530355, 'gamma': 0.44444444444444486}
{'sample_size': 500, 'difference': 0, 'noise': 0, 'n': 14, 'alpha': 0.5, 'shap_error': 0.040148819793582084, 'shap_norm_sq': 3.4999999999999964, 'weighted_error': 1.0197406565282765, 'gamma': 1.0000000000000018}
{'sample_size': 500, 'difference': 0, 'noise': 0, 'n': 14, 'alpha': 0.6, 'shap_error': 0.04712797118215355, 'shap_norm_sq': 2.2399999999999967, 'weighted_error': 1.006773429368939, 'gamma': 2.250000000000004}
{'sample_size': 500, 'difference': 0, 'noise': 0, 'n': 14, 'alpha': 0.7, 'shap_error': 0.11741813055498798, 'shap_norm_sq': 1.2599999999999971, 'weighted_error': 1.0111542672114737, 'gamma': 5.444444444444458}
{'sample_size': 500, 'difference': 0, 'noise': 0, 'n': 14, 'alpha': 0.8, 'shap_error': 0.26446619097535434, 'shap_norm_sq': 0.5599999999999967, 'weighted_error': 1.0085571981604484, 'gamma': 16.000000000000096}
{'sample_size': 500, 'difference': 0, 'noise': 0, 'n': 14, 'alpha': 0.2, 'shap_error': 0.008546114095418172, 'shap_norm_sq': 8.959999999999997, 'weighted_error': 1.0091868051185242, 'gamma': 0.0625000000000001}
{'sample_size': 500, 'difference': 0, 'noise': 0, 'n': 14, 'alpha': 0.3, 'shap_error': 0.013247322571789994, 'shap_norm_sq': 6.859999999999986, 'weighted_error': 1.015434969376116, 'gamma': 0.18367346938775558}
{'sample_size': 500, 'difference': 0, 'noise': 0, 'n': 14, 'alpha': 0.4, 'shap_error': 0.020754914975002734, 'shap_norm_sq': 5.04, 'weighted_error': 1.0148108035917156, 'gamma': 0.44444444444444486}
{'sample_size': 500, 'difference': 0, 'noise': 0, 'n': 14, 'alpha': 0.5, 'shap_error': 0.039858178134053665, 'shap_norm_sq': 3.4999999999999964, 'weighted_error': 1.0194500148687464, 'gamma': 1.0000000000000018}
{'sample_size': 500, 'difference': 0, 'noise': 0, 'n': 14, 'alpha': 0.6, 'shap_error': 0.06650233121434736, 'shap_norm_sq': 2.2399999999999967, 'weighted_error': 1.0153842560499138, 'gamma': 2.250000000000004}
{'sample_size': 500, 'difference': 0, 'noise': 0, 'n': 14, 'alpha': 0.7, 'shap_error': 0.12998351034218006, 'shap_norm_sq': 1.2599999999999971, 'weighted_error': 1.0134621941111628, 'gamma': 5.444444444444458}
{'sample_size': 500, 'difference': 0, 'noise': 0, 'n': 14, 'alpha': 0.8, 'shap_error': 0.3290987205132984, 'shap_norm_sq': 0.5599999999999967, 'weighted_error': 1.0125967312565705, 'gamma': 16.000000000000096}
{'sample_size': 500, 'difference': 0, 'noise': 0, 'n': 14, 'alpha': 0.2, 'shap_error': 0.008609983214512605, 'shap_norm_sq': 8.959999999999997, 'weighted_error': 1.0102087110240368, 'gamma': 0.0625000000000001}
{'sample_size': 500, 'difference': 0, 'noise': 0, 'n': 14, 'alpha': 0.3, 'shap_error': 0.014866608263673255, 'shap_norm_sq': 6.859999999999986, 'weighted_error': 1.0242510803652578, 'gamma': 0.18367346938775558}
{'sample_size': 500, 'difference': 0, 'noise': 0, 'n': 14, 'alpha': 0.4, 'shap_error': 0.021809980152078173, 'shap_norm_sq': 5.04, 'weighted_error': 1.017184700240134, 'gamma': 0.44444444444444486}
{'sample_size': 500, 'difference': 0, 'noise': 0, 'n': 14, 'alpha': 0.5, 'shap_error': 0.02842666173930377, 'shap_norm_sq': 3.4999999999999964, 'weighted_error': 1.008018498473997, 'gamma': 1.0000000000000018}
{'sample_size': 500, 'difference': 0, 'noise': 0, 'n': 14, 'alpha': 0.6, 'shap_error': 0.07850420684494135, 'shap_norm_sq': 2.2399999999999967, 'weighted_error': 1.0207184229968438, 'gamma': 2.250000000000004}
{'sample_size': 500, 'difference': 0, 'noise': 0, 'n': 14, 'alpha': 0.7, 'shap_error': 0.09817066929319211, 'shap_norm_sq': 1.2599999999999971, 'weighted_error': 1.0076190192246128, 'gamma': 5.444444444444458}
{'sample_size': 500, 'difference': 0, 'noise': 0, 'n': 14, 'alpha': 0.8, 'shap_error': 0.27828617869474276, 'shap_norm_sq': 0.5599999999999967, 'weighted_error': 1.0094209473929119, 'gamma': 16.000000000000096}
{'sample_size': 500, 'difference': 0, 'noise': 0, 'n': 14, 'alpha': 0.2, 'shap_error': 0.008759270151883686, 'shap_norm_sq': 8.959999999999997, 'weighted_error': 1.0125973020219736, 'gamma': 0.0625000000000001}
{'sample_size': 500, 'difference': 0, 'noise': 0, 'n': 14, 'alpha': 0.3, 'shap_error': 0.01383485416812582, 'shap_norm_sq': 6.859999999999986, 'weighted_error': 1.0186337525117235, 'gamma': 0.18367346938775558}
{'sample_size': 500, 'difference': 0, 'noise': 0, 'n': 14, 'alpha': 0.4, 'shap_error': 0.018779619184458498, 'shap_norm_sq': 5.04, 'weighted_error': 1.0103663880629905, 'gamma': 0.44444444444444486}
{'sample_size': 500, 'difference': 0, 'noise': 0, 'n': 14, 'alpha': 0.5, 'shap_error': 0.0290096300790962, 'shap_norm_sq': 3.4999999999999964, 'weighted_error': 1.0086014668137895, 'gamma': 1.0000000000000018}
{'sample_size': 500, 'difference': 0, 'noise': 0, 'n': 14, 'alpha': 0.6, 'shap_error': 0.07426701616930415, 'shap_norm_sq': 2.2399999999999967, 'weighted_error': 1.018835227141005, 'gamma': 2.250000000000004}
{'sample_size': 500, 'difference': 0, 'noise': 0, 'n': 14, 'alpha': 0.7, 'shap_error': 0.14558554537678028, 'shap_norm_sq': 1.2599999999999971, 'weighted_error': 1.0163278740154775, 'gamma': 5.444444444444458}
{'sample_size': 500, 'difference': 0, 'noise': 0, 'n': 14, 'alpha': 0.8, 'shap_error': 0.19699961251382087, 'shap_norm_sq': 0.5599999999999967, 'weighted_error': 1.0043405370066028, 'gamma': 16.000000000000096}
{'sample_size': 500, 'difference': 0, 'noise': 0, 'n': 14, 'alpha': 0.2, 'shap_error': 0.008619822369106656, 'shap_norm_sq': 8.959999999999997, 'weighted_error': 1.0103661374975412, 'gamma': 0.0625000000000001}
{'sample_size': 500, 'difference': 0, 'noise': 0, 'n': 14, 'alpha': 0.3, 'shap_error': 0.01263800343982494, 'shap_norm_sq': 6.859999999999986, 'weighted_error': 1.0121175652131955, 'gamma': 0.18367346938775558}
{'sample_size': 500, 'difference': 0, 'noise': 0, 'n': 14, 'alpha': 0.4, 'shap_error': 0.015640506965562982, 'shap_norm_sq': 5.04, 'weighted_error': 1.0033033855704752, 'gamma': 0.44444444444444486}
{'sample_size': 500, 'difference': 0, 'noise': 0, 'n': 14, 'alpha': 0.5, 'shap_error': 0.028982493533734423, 'shap_norm_sq': 3.4999999999999964, 'weighted_error': 1.0085743302684278, 'gamma': 1.0000000000000018}
{'sample_size': 500, 'difference': 0, 'noise': 0, 'n': 14, 'alpha': 0.6, 'shap_error': 0.04423168880823476, 'shap_norm_sq': 2.2399999999999967, 'weighted_error': 1.005486192758308, 'gamma': 2.250000000000004}
{'sample_size': 500, 'difference': 0, 'noise': 0, 'n': 14, 'alpha': 0.7, 'shap_error': 0.15012428750646048, 'shap_norm_sq': 1.2599999999999971, 'weighted_error': 1.017161520529092, 'gamma': 5.444444444444458}
{'sample_size': 500, 'difference': 0, 'noise': 0, 'n': 14, 'alpha': 0.8, 'shap_error': 0.44707331339772666, 'shap_norm_sq': 0.5599999999999967, 'weighted_error': 1.0199701433118478, 'gamma': 16.000000000000096}
{'sample_size': 500, 'difference': 0, 'noise': 0, 'n': 14, 'alpha': 0.2, 'shap_error': 0.008483970325497067, 'shap_norm_sq': 8.959999999999997, 'weighted_error': 1.0081925047997882, 'gamma': 0.0625000000000001}
{'sample_size': 500, 'difference': 0, 'noise': 0, 'n': 14, 'alpha': 0.3, 'shap_error': 0.012375702383780437, 'shap_norm_sq': 6.859999999999986, 'weighted_error': 1.0106894816858416, 'gamma': 0.18367346938775558}
{'sample_size': 500, 'difference': 0, 'noise': 0, 'n': 14, 'alpha': 0.4, 'shap_error': 0.018817511776395204, 'shap_norm_sq': 5.04, 'weighted_error': 1.010451646394848, 'gamma': 0.44444444444444486}
{'sample_size': 500, 'difference': 0, 'noise': 0, 'n': 14, 'alpha': 0.5, 'shap_error': 0.04929561776544054, 'shap_norm_sq': 3.4999999999999964, 'weighted_error': 1.0288874545001343, 'gamma': 1.0000000000000018}
{'sample_size': 500, 'difference': 0, 'noise': 0, 'n': 14, 'alpha': 0.6, 'shap_error': 0.1043753769058134, 'shap_norm_sq': 2.2399999999999967, 'weighted_error': 1.0322167208016757, 'gamma': 2.250000000000004}
{'sample_size': 500, 'difference': 0, 'noise': 0, 'n': 14, 'alpha': 0.7, 'shap_error': 0.15297661078379535, 'shap_norm_sq': 1.2599999999999971, 'weighted_error': 1.0176854166412552, 'gamma': 5.444444444444458}
{'sample_size': 500, 'difference': 0, 'noise': 0, 'n': 14, 'alpha': 0.8, 'shap_error': 0.3097805212337451, 'shap_norm_sq': 0.5599999999999967, 'weighted_error': 1.0113893438015984, 'gamma': 16.000000000000096}
{'sample_size': 500, 'difference': 0, 'noise': 0, 'n': 14, 'alpha': 0.2, 'shap_error': 0.00873435410511512, 'shap_norm_sq': 8.959999999999997, 'weighted_error': 1.012198645273678, 'gamma': 0.0625000000000001}
{'sample_size': 500, 'difference': 0, 'noise': 0, 'n': 14, 'alpha': 0.3, 'shap_error': 0.013479568332437353, 'shap_norm_sq': 6.859999999999986, 'weighted_error': 1.0166994185174176, 'gamma': 0.18367346938775558}
{'sample_size': 500, 'difference': 0, 'noise': 0, 'n': 14, 'alpha': 0.4, 'shap_error': 0.018948192869988004, 'shap_norm_sq': 5.04, 'weighted_error': 1.010745678855431, 'gamma': 0.44444444444444486}
{'sample_size': 500, 'difference': 0, 'noise': 0, 'n': 14, 'alpha': 0.5, 'shap_error': 0.040675714931460424, 'shap_norm_sq': 3.4999999999999964, 'weighted_error': 1.0202675516661548, 'gamma': 1.0000000000000018}
{'sample_size': 500, 'difference': 0, 'noise': 0, 'n': 14, 'alpha': 0.6, 'shap_error': 0.07075125990568763, 'shap_norm_sq': 2.2399999999999967, 'weighted_error': 1.0172726688016203, 'gamma': 2.250000000000004}
{'sample_size': 500, 'difference': 0, 'noise': 0, 'n': 14, 'alpha': 0.7, 'shap_error': 0.15319330046609464, 'shap_norm_sq': 1.2599999999999971, 'weighted_error': 1.0177252167869844, 'gamma': 5.444444444444458}
{'sample_size': 500, 'difference': 0, 'noise': 0, 'n': 14, 'alpha': 0.8, 'shap_error': 0.39059031197702465, 'shap_norm_sq': 0.5599999999999967, 'weighted_error': 1.0164399557230532, 'gamma': 16.000000000000096}
{'sample_size': 500, 'difference': 0, 'noise': 0, 'n': 14, 'alpha': 0.2, 'shap_error': 0.008999680160984888, 'shap_norm_sq': 8.959999999999997, 'weighted_error': 1.0164438621675929, 'gamma': 0.0625000000000001}
{'sample_size': 500, 'difference': 0, 'noise': 0, 'n': 14, 'alpha': 0.3, 'shap_error': 0.012342377178574615, 'shap_norm_sq': 6.859999999999986, 'weighted_error': 1.0105080444574985, 'gamma': 0.18367346938775558}
{'sample_size': 500, 'difference': 0, 'noise': 0, 'n': 14, 'alpha': 0.4, 'shap_error': 0.016091743358463664, 'shap_norm_sq': 5.04, 'weighted_error': 1.0043186674545024, 'gamma': 0.44444444444444486}
{'sample_size': 500, 'difference': 0, 'noise': 0, 'n': 14, 'alpha': 0.5, 'shap_error': 0.0535462905809605, 'shap_norm_sq': 3.4999999999999964, 'weighted_error': 1.033138127315655, 'gamma': 1.0000000000000018}
{'sample_size': 500, 'difference': 0, 'noise': 0, 'n': 14, 'alpha': 0.6, 'shap_error': 0.05796807753888217, 'shap_norm_sq': 2.2399999999999967, 'weighted_error': 1.0115912544163739, 'gamma': 2.250000000000004}
{'sample_size': 500, 'difference': 0, 'noise': 0, 'n': 14, 'alpha': 0.7, 'shap_error': 0.1778801316541239, 'shap_norm_sq': 1.2599999999999971, 'weighted_error': 1.0222595327194783, 'gamma': 5.444444444444458}
{'sample_size': 500, 'difference': 0, 'noise': 0, 'n': 14, 'alpha': 0.8, 'shap_error': 0.37398069338353673, 'shap_norm_sq': 0.5599999999999967, 'weighted_error': 1.0154018545609613, 'gamma': 16.000000000000096}
{'sample_size': 500, 'difference': 0, 'noise': 0, 'n': 14, 'alpha': 0.2, 'shap_error': 0.010492087693743055, 'shap_norm_sq': 8.959999999999997, 'weighted_error': 1.0403223826917238, 'gamma': 0.0625000000000001}
{'sample_size': 500, 'difference': 0, 'noise': 0, 'n': 14, 'alpha': 0.3, 'shap_error': 0.013070390697979124, 'shap_norm_sq': 6.859999999999986, 'weighted_error': 1.014471673618701, 'gamma': 0.18367346938775558}
{'sample_size': 500, 'difference': 0, 'noise': 0, 'n': 14, 'alpha': 0.4, 'shap_error': 0.019558853879745316, 'shap_norm_sq': 5.04, 'weighted_error': 1.012119666127386, 'gamma': 0.44444444444444486}
{'sample_size': 500, 'difference': 0, 'noise': 0, 'n': 14, 'alpha': 0.5, 'shap_error': 0.02546197807816381, 'shap_norm_sq': 3.4999999999999964, 'weighted_error': 1.0050538148128574, 'gamma': 1.0000000000000018}
{'sample_size': 500, 'difference': 0, 'noise': 0, 'n': 14, 'alpha': 0.6, 'shap_error': 0.06783409550406082, 'shap_norm_sq': 2.2399999999999967, 'weighted_error': 1.0159761512897865, 'gamma': 2.250000000000004}
{'sample_size': 500, 'difference': 0, 'noise': 0, 'n': 14, 'alpha': 0.7, 'shap_error': 0.14489464025390106, 'shap_norm_sq': 1.2599999999999971, 'weighted_error': 1.0162009730745398, 'gamma': 5.444444444444458}
{'sample_size': 500, 'difference': 0, 'noise': 0, 'n': 14, 'alpha': 0.8, 'shap_error': 0.43832955503573834, 'shap_norm_sq': 0.5599999999999967, 'weighted_error': 1.0194236584142227, 'gamma': 16.000000000000096}
{'sample_size': 500, 'difference': 0, 'noise': 0, 'n': 14, 'alpha': 0.2, 'shap_error': 0.008801316445841164, 'shap_norm_sq': 8.959999999999997, 'weighted_error': 1.0132700427252943, 'gamma': 0.0625000000000001}
{'sample_size': 500, 'difference': 0, 'noise': 0, 'n': 14, 'alpha': 0.3, 'shap_error': 0.012783192392191872, 'shap_norm_sq': 6.859999999999986, 'weighted_error': 1.012908038398305, 'gamma': 0.18367346938775558}
{'sample_size': 500, 'difference': 0, 'noise': 0, 'n': 14, 'alpha': 0.4, 'shap_error': 0.01920369328234577, 'shap_norm_sq': 5.04, 'weighted_error': 1.0113205547832367, 'gamma': 0.44444444444444486}
{'sample_size': 500, 'difference': 0, 'noise': 0, 'n': 14, 'alpha': 0.5, 'shap_error': 0.03647104928412917, 'shap_norm_sq': 3.4999999999999964, 'weighted_error': 1.0160628860188226, 'gamma': 1.0000000000000018}
{'sample_size': 500, 'difference': 0, 'noise': 0, 'n': 14, 'alpha': 0.6, 'shap_error': 0.04486434871471596, 'shap_norm_sq': 2.2399999999999967, 'weighted_error': 1.0057673749389664, 'gamma': 2.250000000000004}
{'sample_size': 500, 'difference': 0, 'noise': 0, 'n': 14, 'alpha': 0.7, 'shap_error': 0.14927877778383128, 'shap_norm_sq': 1.2599999999999971, 'weighted_error': 1.0170062228249355, 'gamma': 5.444444444444458}
{'sample_size': 500, 'difference': 0, 'noise': 0, 'n': 14, 'alpha': 0.8, 'shap_error': 0.643489338765394, 'shap_norm_sq': 0.5599999999999967, 'weighted_error': 1.0322461448973264, 'gamma': 16.000000000000096}
{'sample_size': 500, 'difference': 0, 'noise': 0, 'n': 14, 'alpha': 0.2, 'shap_error': 0.00970262918571504, 'shap_norm_sq': 8.959999999999997, 'weighted_error': 1.0276910465632736, 'gamma': 0.0625000000000001}
{'sample_size': 500, 'difference': 0, 'noise': 0, 'n': 14, 'alpha': 0.3, 'shap_error': 0.011436585263778422, 'shap_norm_sq': 6.859999999999986, 'weighted_error': 1.005576510699164, 'gamma': 0.18367346938775558}
{'sample_size': 500, 'difference': 0, 'noise': 0, 'n': 14, 'alpha': 0.4, 'shap_error': 0.01870364710963078, 'shap_norm_sq': 5.04, 'weighted_error': 1.0101954508946283, 'gamma': 0.44444444444444486}
{'sample_size': 500, 'difference': 0, 'noise': 0, 'n': 14, 'alpha': 0.5, 'shap_error': 0.02750040038919845, 'shap_norm_sq': 3.4999999999999964, 'weighted_error': 1.0070922371238926, 'gamma': 1.0000000000000018}
{'sample_size': 500, 'difference': 0, 'noise': 0, 'n': 14, 'alpha': 0.6, 'shap_error': 0.05005300672617721, 'shap_norm_sq': 2.2399999999999967, 'weighted_error': 1.008073445166282, 'gamma': 2.250000000000004}
{'sample_size': 500, 'difference': 0, 'noise': 0, 'n': 14, 'alpha': 0.7, 'shap_error': 0.21059814427785783, 'shap_norm_sq': 1.2599999999999971, 'weighted_error': 1.0282689636095521, 'gamma': 5.444444444444458}
{'sample_size': 500, 'difference': 0, 'noise': 0, 'n': 14, 'alpha': 0.8, 'shap_error': 0.2781616402107758, 'shap_norm_sq': 0.5599999999999967, 'weighted_error': 1.0094131637376638, 'gamma': 16.000000000000096}
{'sample_size': 500, 'difference': 0, 'noise': 0, 'n': 14, 'alpha': 0.2, 'shap_error': 0.00867666342581755, 'shap_norm_sq': 8.959999999999997, 'weighted_error': 1.011275594404916, 'gamma': 0.0625000000000001}
{'sample_size': 500, 'difference': 0, 'noise': 0, 'n': 14, 'alpha': 0.3, 'shap_error': 0.01570848878613674, 'shap_norm_sq': 6.859999999999986, 'weighted_error': 1.028834652098671, 'gamma': 0.18367346938775558}
{'sample_size': 500, 'difference': 0, 'noise': 0, 'n': 14, 'alpha': 0.4, 'shap_error': 0.01621488882604999, 'shap_norm_sq': 5.04, 'weighted_error': 1.0045957447565714, 'gamma': 0.44444444444444486}
{'sample_size': 500, 'difference': 0, 'noise': 0, 'n': 14, 'alpha': 0.5, 'shap_error': 0.037403211905837695, 'shap_norm_sq': 3.4999999999999964, 'weighted_error': 1.016995048640531, 'gamma': 1.0000000000000018}
{'sample_size': 500, 'difference': 0, 'noise': 0, 'n': 14, 'alpha': 0.6, 'shap_error': 0.06398852840477783, 'shap_norm_sq': 2.2399999999999967, 'weighted_error': 1.0142670103567721, 'gamma': 2.250000000000004}
{'sample_size': 500, 'difference': 0, 'noise': 0, 'n': 14, 'alpha': 0.7, 'shap_error': 0.17552043496381942, 'shap_norm_sq': 1.2599999999999971, 'weighted_error': 1.0218261190416675, 'gamma': 5.444444444444458}
{'sample_size': 500, 'difference': 0, 'noise': 0, 'n': 14, 'alpha': 0.8, 'shap_error': 0.496676538346243, 'shap_norm_sq': 0.5599999999999967, 'weighted_error': 1.0230703448711294, 'gamma': 16.000000000000096}
{'sample_size': 500, 'difference': 0, 'noise': 0, 'n': 14, 'alpha': 0.2, 'shap_error': 0.008499098905580817, 'shap_norm_sq': 8.959999999999997, 'weighted_error': 1.0084345620811281, 'gamma': 0.0625000000000001}
{'sample_size': 500, 'difference': 0, 'noise': 0, 'n': 14, 'alpha': 0.3, 'shap_error': 0.01322615139409312, 'shap_norm_sq': 6.859999999999986, 'weighted_error': 1.015319704075321, 'gamma': 0.18367346938775558}
{'sample_size': 500, 'difference': 0, 'noise': 0, 'n': 14, 'alpha': 0.4, 'shap_error': 0.01854926232441561, 'shap_norm_sq': 5.04, 'weighted_error': 1.0098480851278937, 'gamma': 0.44444444444444486}
{'sample_size': 500, 'difference': 0, 'noise': 0, 'n': 14, 'alpha': 0.5, 'shap_error': 0.04063956270979923, 'shap_norm_sq': 3.4999999999999964, 'weighted_error': 1.0202313994444925, 'gamma': 1.0000000000000018}
{'sample_size': 500, 'difference': 0, 'noise': 0, 'n': 14, 'alpha': 0.6, 'shap_error': 0.07502783112151427, 'shap_norm_sq': 2.2399999999999967, 'weighted_error': 1.0191733671197651, 'gamma': 2.250000000000004}
{'sample_size': 500, 'difference': 0, 'noise': 0, 'n': 14, 'alpha': 0.7, 'shap_error': 0.12585148469122248, 'shap_norm_sq': 1.2599999999999971, 'weighted_error': 1.0127032506242521, 'gamma': 5.444444444444458}
{'sample_size': 500, 'difference': 0, 'noise': 0, 'n': 14, 'alpha': 0.8, 'shap_error': 0.2838663684079202, 'shap_norm_sq': 0.5599999999999967, 'weighted_error': 1.009769709249984, 'gamma': 16.000000000000096}
{'sample_size': 500, 'difference': 0, 'noise': 0, 'n': 14, 'alpha': 0.2, 'shap_error': 0.008761816274066222, 'shap_norm_sq': 8.959999999999997, 'weighted_error': 1.0126380399768935, 'gamma': 0.0625000000000001}
{'sample_size': 500, 'difference': 0, 'noise': 0, 'n': 14, 'alpha': 0.3, 'shap_error': 0.013379044381599975, 'shap_norm_sq': 6.859999999999986, 'weighted_error': 1.0161521214517482, 'gamma': 0.18367346938775558}
{'sample_size': 500, 'difference': 0, 'noise': 0, 'n': 14, 'alpha': 0.4, 'shap_error': 0.018433380139406992, 'shap_norm_sq': 5.04, 'weighted_error': 1.0095873502116246, 'gamma': 0.44444444444444486}
{'sample_size': 500, 'difference': 0, 'noise': 0, 'n': 14, 'alpha': 0.5, 'shap_error': 0.028478125614285858, 'shap_norm_sq': 3.4999999999999964, 'weighted_error': 1.0080699623489797, 'gamma': 1.0000000000000018}
{'sample_size': 500, 'difference': 0, 'noise': 0, 'n': 14, 'alpha': 0.6, 'shap_error': 0.11772198420686895, 'shap_norm_sq': 2.2399999999999967, 'weighted_error': 1.038148546268812, 'gamma': 2.250000000000004}
{'sample_size': 500, 'difference': 0, 'noise': 0, 'n': 14, 'alpha': 0.7, 'shap_error': 0.11700627775917088, 'shap_norm_sq': 1.2599999999999971, 'weighted_error': 1.0110786207795885, 'gamma': 5.444444444444458}
{'sample_size': 500, 'difference': 0, 'noise': 0, 'n': 14, 'alpha': 0.8, 'shap_error': 0.25765613816350336, 'shap_norm_sq': 0.5599999999999967, 'weighted_error': 1.0081315698597084, 'gamma': 16.000000000000096}
{'sample_size': 500, 'difference': 0, 'noise': 0, 'n': 14, 'alpha': 0.2, 'shap_error': 0.008695923318398763, 'shap_norm_sq': 8.959999999999997, 'weighted_error': 1.0115837526862144, 'gamma': 0.0625000000000001}
{'sample_size': 500, 'difference': 0, 'noise': 0, 'n': 14, 'alpha': 0.3, 'shap_error': 0.017911951281636054, 'shap_norm_sq': 6.859999999999986, 'weighted_error': 1.0408312812408345, 'gamma': 0.18367346938775558}
{'sample_size': 500, 'difference': 0, 'noise': 0, 'n': 14, 'alpha': 0.4, 'shap_error': 0.017142368607185206, 'shap_norm_sq': 5.04, 'weighted_error': 1.006682574264126, 'gamma': 0.44444444444444486}
{'sample_size': 500, 'difference': 0, 'noise': 0, 'n': 14, 'alpha': 0.5, 'shap_error': 0.03776095736621198, 'shap_norm_sq': 3.4999999999999964, 'weighted_error': 1.0173527941009055, 'gamma': 1.0000000000000018}
{'sample_size': 500, 'difference': 0, 'noise': 0, 'n': 14, 'alpha': 0.6, 'shap_error': 0.05488509632083081, 'shap_norm_sq': 2.2399999999999967, 'weighted_error': 1.0102210405416836, 'gamma': 2.250000000000004}
{'sample_size': 500, 'difference': 0, 'noise': 0, 'n': 14, 'alpha': 0.7, 'shap_error': 0.10198158036527126, 'shap_norm_sq': 1.2599999999999971, 'weighted_error': 1.0083189824827503, 'gamma': 5.444444444444458}
{'sample_size': 500, 'difference': 0, 'noise': 0, 'n': 14, 'alpha': 0.8, 'shap_error': 0.23655590153612516, 'shap_norm_sq': 0.5599999999999967, 'weighted_error': 1.0068128050704976, 'gamma': 16.000000000000096}
{'sample_size': 500, 'difference': 0, 'noise': 0, 'n': 14, 'alpha': 0.2, 'shap_error': 0.008519813049380286, 'shap_norm_sq': 8.959999999999997, 'weighted_error': 1.0087659883819189, 'gamma': 0.0625000000000001}
{'sample_size': 500, 'difference': 0, 'noise': 0, 'n': 14, 'alpha': 0.3, 'shap_error': 0.014737932453453654, 'shap_norm_sq': 6.859999999999986, 'weighted_error': 1.0235505120651727, 'gamma': 0.18367346938775558}
{'sample_size': 500, 'difference': 0, 'noise': 0, 'n': 14, 'alpha': 0.4, 'shap_error': 0.017078207008219003, 'shap_norm_sq': 5.04, 'weighted_error': 1.0065382106664518, 'gamma': 0.44444444444444486}
{'sample_size': 500, 'difference': 0, 'noise': 0, 'n': 14, 'alpha': 0.5, 'shap_error': 0.029589039537620942, 'shap_norm_sq': 3.4999999999999964, 'weighted_error': 1.0091808762723153, 'gamma': 1.0000000000000018}
{'sample_size': 500, 'difference': 0, 'noise': 0, 'n': 14, 'alpha': 0.6, 'shap_error': 0.051270495897375506, 'shap_norm_sq': 2.2399999999999967, 'weighted_error': 1.0086145514645923, 'gamma': 2.250000000000004}
{'sample_size': 500, 'difference': 0, 'noise': 0, 'n': 14, 'alpha': 0.7, 'shap_error': 0.11725259010516038, 'shap_norm_sq': 1.2599999999999971, 'weighted_error': 1.0111238618227305, 'gamma': 5.444444444444458}
{'sample_size': 500, 'difference': 0, 'noise': 0, 'n': 14, 'alpha': 0.8, 'shap_error': 0.39367384357403956, 'shap_norm_sq': 0.5599999999999967, 'weighted_error': 1.0166326764478675, 'gamma': 16.000000000000096}
{'sample_size': 500, 'difference': 0, 'noise': 0, 'n': 14, 'alpha': 0.2, 'shap_error': 0.009233192329964907, 'shap_norm_sq': 8.959999999999997, 'weighted_error': 1.0201800568712724, 'gamma': 0.0625000000000001}
{'sample_size': 500, 'difference': 0, 'noise': 0, 'n': 14, 'alpha': 0.3, 'shap_error': 0.011262107423136642, 'shap_norm_sq': 6.859999999999986, 'weighted_error': 1.0046265757890036, 'gamma': 0.18367346938775558}
{'sample_size': 500, 'difference': 0, 'noise': 0, 'n': 14, 'alpha': 0.4, 'shap_error': 0.018464131763114847, 'shap_norm_sq': 5.04, 'weighted_error': 1.009656541364967, 'gamma': 0.44444444444444486}
{'sample_size': 500, 'difference': 0, 'noise': 0, 'n': 14, 'alpha': 0.5, 'shap_error': 0.0287351073077584, 'shap_norm_sq': 3.4999999999999964, 'weighted_error': 1.0083269440424523, 'gamma': 1.0000000000000018}
{'sample_size': 500, 'difference': 0, 'noise': 0, 'n': 14, 'alpha': 0.6, 'shap_error': 0.06438817767467109, 'shap_norm_sq': 2.2399999999999967, 'weighted_error': 1.014444632254502, 'gamma': 2.250000000000004}
{'sample_size': 500, 'difference': 0, 'noise': 0, 'n': 14, 'alpha': 0.7, 'shap_error': 0.09269560722219494, 'shap_norm_sq': 1.2599999999999971, 'weighted_error': 1.0066133955789205, 'gamma': 5.444444444444458}
{'sample_size': 500, 'difference': 0, 'noise': 0, 'n': 14, 'alpha': 0.8, 'shap_error': 0.36050124628862756, 'shap_norm_sq': 0.5599999999999967, 'weighted_error': 1.0145593891175282, 'gamma': 16.000000000000096}
{'sample_size': 500, 'difference': 0, 'noise': 0, 'n': 14, 'alpha': 0.2, 'shap_error': 0.009187887527246912, 'shap_norm_sq': 8.959999999999997, 'weighted_error': 1.0194551800277853, 'gamma': 0.0625000000000001}
{'sample_size': 500, 'difference': 0, 'noise': 0, 'n': 14, 'alpha': 0.3, 'shap_error': 0.02044993150473555, 'shap_norm_sq': 6.859999999999986, 'weighted_error': 1.0546491735665982, 'gamma': 0.18367346938775558}
{'sample_size': 500, 'difference': 0, 'noise': 0, 'n': 14, 'alpha': 0.4, 'shap_error': 0.018341497131950737, 'shap_norm_sq': 5.04, 'weighted_error': 1.0093806134448486, 'gamma': 0.44444444444444486}
{'sample_size': 500, 'difference': 0, 'noise': 0, 'n': 14, 'alpha': 0.5, 'shap_error': 0.025128482696832835, 'shap_norm_sq': 3.4999999999999964, 'weighted_error': 1.0047203194315264, 'gamma': 1.0000000000000018}
{'sample_size': 500, 'difference': 0, 'noise': 0, 'n': 14, 'alpha': 0.6, 'shap_error': 0.050424399798417355, 'shap_norm_sq': 2.2399999999999967, 'weighted_error': 1.008238508753945, 'gamma': 2.250000000000004}
{'sample_size': 500, 'difference': 0, 'noise': 0, 'n': 14, 'alpha': 0.7, 'shap_error': 0.19091147593821076, 'shap_norm_sq': 1.2599999999999971, 'weighted_error': 1.0246530449349232, 'gamma': 5.444444444444458}
{'sample_size': 500, 'difference': 0, 'noise': 0, 'n': 14, 'alpha': 0.8, 'shap_error': 0.44654482212459873, 'shap_norm_sq': 0.5599999999999967, 'weighted_error': 1.0199371126072772, 'gamma': 16.000000000000096}
{'sample_size': 500, 'difference': 0, 'noise': 0, 'n': 14, 'alpha': 0.2, 'shap_error': 0.009587691706098588, 'shap_norm_sq': 8.959999999999997, 'weighted_error': 1.0258520468894108, 'gamma': 0.0625000000000001}
{'sample_size': 500, 'difference': 0, 'noise': 0, 'n': 14, 'alpha': 0.3, 'shap_error': 0.011806156031648172, 'shap_norm_sq': 6.859999999999986, 'weighted_error': 1.007588618213122, 'gamma': 0.18367346938775558}
{'sample_size': 500, 'difference': 0, 'noise': 0, 'n': 14, 'alpha': 0.4, 'shap_error': 0.017893951408558973, 'shap_norm_sq': 5.04, 'weighted_error': 1.0083736355672164, 'gamma': 0.44444444444444486}
{'sample_size': 500, 'difference': 0, 'noise': 0, 'n': 14, 'alpha': 0.5, 'shap_error': 0.032207261573376444, 'shap_norm_sq': 3.4999999999999964, 'weighted_error': 1.0117990983080696, 'gamma': 1.0000000000000018}
{'sample_size': 500, 'difference': 0, 'noise': 0, 'n': 14, 'alpha': 0.6, 'shap_error': 0.08198895791754299, 'shap_norm_sq': 2.2399999999999967, 'weighted_error': 1.0222672012513336, 'gamma': 2.250000000000004}
{'sample_size': 500, 'difference': 0, 'noise': 0, 'n': 14, 'alpha': 0.7, 'shap_error': 0.103581816369197, 'shap_norm_sq': 1.2599999999999971, 'weighted_error': 1.0086129033814308, 'gamma': 5.444444444444458}
{'sample_size': 500, 'difference': 0, 'noise': 0, 'n': 14, 'alpha': 0.8, 'shap_error': 0.4742723254742836, 'shap_norm_sq': 0.5599999999999967, 'weighted_error': 1.021670081566633, 'gamma': 16.000000000000096}
{'sample_size': 500, 'difference': 0, 'noise': 0, 'n': 14, 'alpha': 0.2, 'shap_error': 0.008939764159339808, 'shap_norm_sq': 8.959999999999997, 'weighted_error': 1.0154852061412711, 'gamma': 0.0625000000000001}
{'sample_size': 500, 'difference': 0, 'noise': 0, 'n': 14, 'alpha': 0.3, 'shap_error': 0.016537800042408683, 'shap_norm_sq': 6.859999999999986, 'weighted_error': 1.0333497911605969, 'gamma': 0.18367346938775558}
{'sample_size': 500, 'difference': 0, 'noise': 0, 'n': 14, 'alpha': 0.4, 'shap_error': 0.016777712808736626, 'shap_norm_sq': 5.04, 'weighted_error': 1.005862098717616, 'gamma': 0.44444444444444486}
{'sample_size': 500, 'difference': 0, 'noise': 0, 'n': 14, 'alpha': 0.5, 'shap_error': 0.031061441062916577, 'shap_norm_sq': 3.4999999999999964, 'weighted_error': 1.0106532777976103, 'gamma': 1.0000000000000018}
{'sample_size': 500, 'difference': 0, 'noise': 0, 'n': 14, 'alpha': 0.6, 'shap_error': 0.0801089070414864, 'shap_norm_sq': 2.2399999999999967, 'weighted_error': 1.0214316230841982, 'gamma': 2.250000000000004}
{'sample_size': 500, 'difference': 0, 'noise': 0, 'n': 14, 'alpha': 0.7, 'shap_error': 0.17960954200929552, 'shap_norm_sq': 1.2599999999999971, 'weighted_error': 1.0225771795194087, 'gamma': 5.444444444444458}
{'sample_size': 500, 'difference': 0, 'noise': 0, 'n': 14, 'alpha': 0.8, 'shap_error': 0.2489601331439718, 'shap_norm_sq': 0.5599999999999967, 'weighted_error': 1.0075880695459873, 'gamma': 16.000000000000096}
{'sample_size': 500, 'difference': 0, 'noise': 0, 'n': 14, 'alpha': 0.2, 'shap_error': 0.008247845614810524, 'shap_norm_sq': 8.959999999999997, 'weighted_error': 1.0044145094288035, 'gamma': 0.0625000000000001}
{'sample_size': 500, 'difference': 0, 'noise': 0, 'n': 14, 'alpha': 0.3, 'shap_error': 0.0123409868581933, 'shap_norm_sq': 6.859999999999986, 'weighted_error': 1.0105004749354238, 'gamma': 0.18367346938775558}
{'sample_size': 500, 'difference': 0, 'noise': 0, 'n': 14, 'alpha': 0.4, 'shap_error': 0.020210607032264342, 'shap_norm_sq': 5.04, 'weighted_error': 1.013586110720554, 'gamma': 0.44444444444444486}
{'sample_size': 500, 'difference': 0, 'noise': 0, 'n': 14, 'alpha': 0.5, 'shap_error': 0.04742083830245783, 'shap_norm_sq': 3.4999999999999964, 'weighted_error': 1.027012675037152, 'gamma': 1.0000000000000018}
{'sample_size': 500, 'difference': 0, 'noise': 0, 'n': 14, 'alpha': 0.6, 'shap_error': 0.07004014811815434, 'shap_norm_sq': 2.2399999999999967, 'weighted_error': 1.0169566191182722, 'gamma': 2.250000000000004}
{'sample_size': 500, 'difference': 0, 'noise': 0, 'n': 14, 'alpha': 0.7, 'shap_error': 0.18798095357723502, 'shap_norm_sq': 1.2599999999999971, 'weighted_error': 1.0241147857257644, 'gamma': 5.444444444444458}
{'sample_size': 500, 'difference': 0, 'noise': 0, 'n': 14, 'alpha': 0.8, 'shap_error': 0.5701458665506534, 'shap_norm_sq': 0.5599999999999967, 'weighted_error': 1.0276621778839066, 'gamma': 16.000000000000096}
{'sample_size': 500, 'difference': 0, 'noise': 0, 'n': 14, 'alpha': 0.2, 'shap_error': 0.008823238948085588, 'shap_norm_sq': 8.959999999999997, 'weighted_error': 1.013620802761205, 'gamma': 0.0625000000000001}
{'sample_size': 500, 'difference': 0, 'noise': 0, 'n': 14, 'alpha': 0.3, 'shap_error': 0.013553643113581957, 'shap_norm_sq': 6.859999999999986, 'weighted_error': 1.0171027145480942, 'gamma': 0.18367346938775558}
{'sample_size': 500, 'difference': 0, 'noise': 0, 'n': 14, 'alpha': 0.4, 'shap_error': 0.01734994172123149, 'shap_norm_sq': 5.04, 'weighted_error': 1.0071496137707299, 'gamma': 0.44444444444444486}
{'sample_size': 500, 'difference': 0, 'noise': 0, 'n': 14, 'alpha': 0.5, 'shap_error': 0.0415563447591958, 'shap_norm_sq': 3.4999999999999964, 'weighted_error': 1.0211481814938894, 'gamma': 1.0000000000000018}
{'sample_size': 500, 'difference': 0, 'noise': 0, 'n': 14, 'alpha': 0.6, 'shap_error': 0.06465005754460118, 'shap_norm_sq': 2.2399999999999967, 'weighted_error': 1.0145610233078037, 'gamma': 2.250000000000004}
{'sample_size': 500, 'difference': 0, 'noise': 0, 'n': 14, 'alpha': 0.7, 'shap_error': 0.11761916014871107, 'shap_norm_sq': 1.2599999999999971, 'weighted_error': 1.0111911910144027, 'gamma': 5.444444444444458}
{'sample_size': 500, 'difference': 0, 'noise': 0, 'n': 14, 'alpha': 0.8, 'shap_error': 0.37882889594886415, 'shap_norm_sq': 0.5599999999999967, 'weighted_error': 1.0157048672212934, 'gamma': 16.000000000000096}
{'sample_size': 500, 'difference': 0, 'noise': 0, 'n': 14, 'alpha': 0.2, 'shap_error': 0.008841036124084111, 'shap_norm_sq': 8.959999999999997, 'weighted_error': 1.0139055575771803, 'gamma': 0.0625000000000001}
{'sample_size': 500, 'difference': 0, 'noise': 0, 'n': 14, 'alpha': 0.3, 'shap_error': 0.012245484699683083, 'shap_norm_sq': 6.859999999999986, 'weighted_error': 1.0099805187390898, 'gamma': 0.18367346938775558}
{'sample_size': 500, 'difference': 0, 'noise': 0, 'n': 14, 'alpha': 0.4, 'shap_error': 0.016876349962865505, 'shap_norm_sq': 5.04, 'weighted_error': 1.0060840323144062, 'gamma': 0.44444444444444486}
{'sample_size': 500, 'difference': 0, 'noise': 0, 'n': 14, 'alpha': 0.5, 'shap_error': 0.06308497110158319, 'shap_norm_sq': 3.4999999999999964, 'weighted_error': 1.0426768078362776, 'gamma': 1.0000000000000018}
{'sample_size': 500, 'difference': 0, 'noise': 0, 'n': 14, 'alpha': 0.6, 'shap_error': 0.05351960136373821, 'shap_norm_sq': 2.2399999999999967, 'weighted_error': 1.0096141538940875, 'gamma': 2.250000000000004}
{'sample_size': 500, 'difference': 0, 'noise': 0, 'n': 14, 'alpha': 0.7, 'shap_error': 0.09009734425663024, 'shap_norm_sq': 1.2599999999999971, 'weighted_error': 1.006136163605653, 'gamma': 5.444444444444458}
{'sample_size': 500, 'difference': 0, 'noise': 0, 'n': 14, 'alpha': 0.8, 'shap_error': 0.279551485080451, 'shap_norm_sq': 0.5599999999999967, 'weighted_error': 1.0095000290420177, 'gamma': 16.000000000000096}
{'sample_size': 500, 'difference': 0, 'noise': 0, 'n': 14, 'alpha': 0.2, 'shap_error': 0.008837148371973821, 'shap_norm_sq': 8.959999999999997, 'weighted_error': 1.0138433535434155, 'gamma': 0.0625000000000001}
{'sample_size': 500, 'difference': 0, 'noise': 0, 'n': 14, 'alpha': 0.3, 'shap_error': 0.014877777571388221, 'shap_norm_sq': 6.859999999999986, 'weighted_error': 1.0243118910405953, 'gamma': 0.18367346938775558}
{'sample_size': 500, 'difference': 0, 'noise': 0, 'n': 14, 'alpha': 0.4, 'shap_error': 0.02087012966023538, 'shap_norm_sq': 5.04, 'weighted_error': 1.0150700366334886, 'gamma': 0.44444444444444486}
{'sample_size': 500, 'difference': 0, 'noise': 0, 'n': 14, 'alpha': 0.5, 'shap_error': 0.0350934051928669, 'shap_norm_sq': 3.4999999999999964, 'weighted_error': 1.01468524192756, 'gamma': 1.0000000000000018}
{'sample_size': 500, 'difference': 0, 'noise': 0, 'n': 14, 'alpha': 0.6, 'shap_error': 0.04817406094955009, 'shap_norm_sq': 2.2399999999999967, 'weighted_error': 1.007238358154448, 'gamma': 2.250000000000004}
{'sample_size': 500, 'difference': 0, 'noise': 0, 'n': 14, 'alpha': 0.7, 'shap_error': 0.10649068515685114, 'shap_norm_sq': 1.2599999999999971, 'weighted_error': 1.009147185403653, 'gamma': 5.444444444444458}
{'sample_size': 500, 'difference': 0, 'noise': 0, 'n': 14, 'alpha': 0.8, 'shap_error': 0.5281110794638894, 'shap_norm_sq': 0.5599999999999967, 'weighted_error': 1.025035003690983, 'gamma': 16.000000000000096}
{'sample_size': 500, 'difference': 0, 'noise': 0, 'n': 14, 'alpha': 0.2, 'shap_error': 0.008578682989057465, 'shap_norm_sq': 8.959999999999997, 'weighted_error': 1.009707907416754, 'gamma': 0.0625000000000001}
{'sample_size': 500, 'difference': 0, 'noise': 0, 'n': 14, 'alpha': 0.3, 'shap_error': 0.01286269440989816, 'shap_norm_sq': 6.859999999999986, 'weighted_error': 1.0133408827169266, 'gamma': 0.18367346938775558}
{'sample_size': 500, 'difference': 0, 'noise': 0, 'n': 14, 'alpha': 0.4, 'shap_error': 0.02404324737576261, 'shap_norm_sq': 5.04, 'weighted_error': 1.0222095514934246, 'gamma': 0.44444444444444486}
{'sample_size': 500, 'difference': 0, 'noise': 0, 'n': 14, 'alpha': 0.5, 'shap_error': 0.03235332748256324, 'shap_norm_sq': 3.4999999999999964, 'weighted_error': 1.0119451642172566, 'gamma': 1.0000000000000018}
{'sample_size': 500, 'difference': 0, 'noise': 0, 'n': 14, 'alpha': 0.6, 'shap_error': 0.0721401621701347, 'shap_norm_sq': 2.2399999999999967, 'weighted_error': 1.0178899586969306, 'gamma': 2.250000000000004}
{'sample_size': 500, 'difference': 0, 'noise': 0, 'n': 14, 'alpha': 0.7, 'shap_error': 0.16165110175824302, 'shap_norm_sq': 1.2599999999999971, 'weighted_error': 1.0192786904937048, 'gamma': 5.444444444444458}
{'sample_size': 500, 'difference': 0, 'noise': 0, 'n': 14, 'alpha': 0.8, 'shap_error': 0.33692979842753684, 'shap_norm_sq': 0.5599999999999967, 'weighted_error': 1.0130861736262105, 'gamma': 16.000000000000096}
{'sample_size': 500, 'difference': 0, 'noise': 0, 'n': 14, 'alpha': 0.2, 'shap_error': 0.008955600214649197, 'shap_norm_sq': 8.959999999999997, 'weighted_error': 1.015738583026221, 'gamma': 0.0625000000000001}
{'sample_size': 500, 'difference': 0, 'noise': 0, 'n': 14, 'alpha': 0.3, 'shap_error': 0.013710143316110254, 'shap_norm_sq': 6.859999999999986, 'weighted_error': 1.0179547712063053, 'gamma': 0.18367346938775558}
{'sample_size': 500, 'difference': 0, 'noise': 0, 'n': 14, 'alpha': 0.4, 'shap_error': 0.020546006599802498, 'shap_norm_sq': 5.04, 'weighted_error': 1.0143407597475143, 'gamma': 0.44444444444444486}
{'sample_size': 500, 'difference': 0, 'noise': 0, 'n': 14, 'alpha': 0.5, 'shap_error': 0.05069282949427568, 'shap_norm_sq': 3.4999999999999964, 'weighted_error': 1.0302846662289695, 'gamma': 1.0000000000000018}
{'sample_size': 500, 'difference': 0, 'noise': 0, 'n': 14, 'alpha': 0.6, 'shap_error': 0.048715222034361905, 'shap_norm_sq': 2.2399999999999967, 'weighted_error': 1.007478874192142, 'gamma': 2.250000000000004}
{'sample_size': 500, 'difference': 0, 'noise': 0, 'n': 14, 'alpha': 0.7, 'shap_error': 0.21984894306798378, 'shap_norm_sq': 1.2599999999999971, 'weighted_error': 1.0299680899179426, 'gamma': 5.444444444444458}
{'sample_size': 500, 'difference': 0, 'noise': 0, 'n': 14, 'alpha': 0.8, 'shap_error': 0.5255563206351126, 'shap_norm_sq': 0.5599999999999967, 'weighted_error': 1.0248753312641845, 'gamma': 16.000000000000096}
{'sample_size': 500, 'difference': 0, 'noise': 0, 'n': 14, 'alpha': 0.2, 'shap_error': 0.009181941513138869, 'shap_norm_sq': 8.959999999999997, 'weighted_error': 1.0193600438020574, 'gamma': 0.0625000000000001}
{'sample_size': 500, 'difference': 0, 'noise': 0, 'n': 14, 'alpha': 0.3, 'shap_error': 0.012287453375473647, 'shap_norm_sq': 6.859999999999986, 'weighted_error': 1.0102090148628373, 'gamma': 0.18367346938775558}
{'sample_size': 500, 'difference': 0, 'noise': 0, 'n': 14, 'alpha': 0.4, 'shap_error': 0.023842288966081863, 'shap_norm_sq': 5.04, 'weighted_error': 1.0217573950716434, 'gamma': 0.44444444444444486}
{'sample_size': 500, 'difference': 0, 'noise': 0, 'n': 14, 'alpha': 0.5, 'shap_error': 0.02790058398907629, 'shap_norm_sq': 3.4999999999999964, 'weighted_error': 1.00749242072377, 'gamma': 1.0000000000000018}
{'sample_size': 500, 'difference': 0, 'noise': 0, 'n': 14, 'alpha': 0.6, 'shap_error': 0.05647246511301247, 'shap_norm_sq': 2.2399999999999967, 'weighted_error': 1.0109265377826544, 'gamma': 2.250000000000004}
{'sample_size': 500, 'difference': 0, 'noise': 0, 'n': 14, 'alpha': 0.7, 'shap_error': 0.18108910450529012, 'shap_norm_sq': 1.2599999999999971, 'weighted_error': 1.0228489358962232, 'gamma': 5.444444444444458}
{'sample_size': 500, 'difference': 0, 'noise': 0, 'n': 14, 'alpha': 0.8, 'shap_error': 0.3168434691251279, 'shap_norm_sq': 0.5599999999999967, 'weighted_error': 1.0118307780448095, 'gamma': 16.000000000000096}
{'sample_size': 500, 'difference': 0, 'noise': 0, 'n': 14, 'alpha': 0.2, 'shap_error': 0.00872393895408051, 'shap_norm_sq': 8.959999999999997, 'weighted_error': 1.0120320028571226, 'gamma': 0.0625000000000001}
{'sample_size': 500, 'difference': 0, 'noise': 0, 'n': 14, 'alpha': 0.3, 'shap_error': 0.01319750477828483, 'shap_norm_sq': 6.859999999999986, 'weighted_error': 1.0151637391670323, 'gamma': 0.18367346938775558}
{'sample_size': 500, 'difference': 0, 'noise': 0, 'n': 14, 'alpha': 0.4, 'shap_error': 0.01881616007661434, 'shap_norm_sq': 5.04, 'weighted_error': 1.0104486050703416, 'gamma': 0.44444444444444486}
{'sample_size': 500, 'difference': 0, 'noise': 0, 'n': 14, 'alpha': 0.5, 'shap_error': 0.05356286593197093, 'shap_norm_sq': 3.4999999999999964, 'weighted_error': 1.033154702666665, 'gamma': 1.0000000000000018}
{'sample_size': 500, 'difference': 0, 'noise': 0, 'n': 14, 'alpha': 0.6, 'shap_error': 0.08692167537244705, 'shap_norm_sq': 2.2399999999999967, 'weighted_error': 1.0244595201201796, 'gamma': 2.250000000000004}
{'sample_size': 500, 'difference': 0, 'noise': 0, 'n': 14, 'alpha': 0.7, 'shap_error': 0.08824751597677209, 'shap_norm_sq': 1.2599999999999971, 'weighted_error': 1.00579639922772, 'gamma': 5.444444444444458}
{'sample_size': 500, 'difference': 0, 'noise': 0, 'n': 14, 'alpha': 0.8, 'shap_error': 0.2917458862333755, 'shap_norm_sq': 0.5599999999999967, 'weighted_error': 1.0102621791140758, 'gamma': 16.000000000000096}
{'sample_size': 500, 'difference': 0, 'noise': 0, 'n': 14, 'alpha': 0.2, 'shap_error': 0.008787077721272149, 'shap_norm_sq': 8.959999999999997, 'weighted_error': 1.0130422231321894, 'gamma': 0.0625000000000001}
{'sample_size': 500, 'difference': 0, 'noise': 0, 'n': 14, 'alpha': 0.3, 'shap_error': 0.012713938461636104, 'shap_norm_sq': 6.859999999999986, 'weighted_error': 1.0125309892208338, 'gamma': 0.18367346938775558}
{'sample_size': 500, 'difference': 0, 'noise': 0, 'n': 14, 'alpha': 0.4, 'shap_error': 0.021029872118240225, 'shap_norm_sq': 5.04, 'weighted_error': 1.0154294571640001, 'gamma': 0.44444444444444486}
{'sample_size': 500, 'difference': 0, 'noise': 0, 'n': 14, 'alpha': 0.5, 'shap_error': 0.045298270187198925, 'shap_norm_sq': 3.4999999999999964, 'weighted_error': 1.0248901069218928, 'gamma': 1.0000000000000018}
{'sample_size': 500, 'difference': 0, 'noise': 0, 'n': 14, 'alpha': 0.6, 'shap_error': 0.08358128491975018, 'shap_norm_sq': 2.2399999999999967, 'weighted_error': 1.022974902141204, 'gamma': 2.250000000000004}
{'sample_size': 500, 'difference': 0, 'noise': 0, 'n': 14, 'alpha': 0.7, 'shap_error': 0.1314972237261436, 'shap_norm_sq': 1.2599999999999971, 'weighted_error': 1.0137402231000532, 'gamma': 5.444444444444458}
{'sample_size': 500, 'difference': 0, 'noise': 0, 'n': 14, 'alpha': 0.8, 'shap_error': 0.2241034350509728, 'shap_norm_sq': 0.5599999999999967, 'weighted_error': 1.0060345259151748, 'gamma': 16.000000000000096}
{'sample_size': 500, 'difference': 0, 'noise': 0, 'n': 14, 'alpha': 0.2, 'shap_error': 0.008469319268957356, 'shap_norm_sq': 8.959999999999997, 'weighted_error': 1.007958087895152, 'gamma': 0.0625000000000001}
{'sample_size': 500, 'difference': 0, 'noise': 0, 'n': 14, 'alpha': 0.3, 'shap_error': 0.011944776753575186, 'shap_norm_sq': 6.859999999999986, 'weighted_error': 1.0083433310325012, 'gamma': 0.18367346938775558}
{'sample_size': 500, 'difference': 0, 'noise': 0, 'n': 14, 'alpha': 0.4, 'shap_error': 0.020398112400855633, 'shap_norm_sq': 5.04, 'weighted_error': 1.0140079977998842, 'gamma': 0.44444444444444486}
{'sample_size': 500, 'difference': 0, 'noise': 0, 'n': 14, 'alpha': 0.5, 'shap_error': 0.03749446708095059, 'shap_norm_sq': 3.4999999999999964, 'weighted_error': 1.017086303815644, 'gamma': 1.0000000000000018}
{'sample_size': 500, 'difference': 0, 'noise': 0, 'n': 14, 'alpha': 0.6, 'shap_error': 0.05384939915295316, 'shap_norm_sq': 2.2399999999999967, 'weighted_error': 1.0097607306892942, 'gamma': 2.250000000000004}
{'sample_size': 500, 'difference': 0, 'noise': 0, 'n': 14, 'alpha': 0.7, 'shap_error': 0.13265343155181114, 'shap_norm_sq': 1.2599999999999971, 'weighted_error': 1.0139525878027273, 'gamma': 5.444444444444458}
{'sample_size': 500, 'difference': 0, 'noise': 0, 'n': 14, 'alpha': 0.8, 'shap_error': 0.3230693628399111, 'shap_norm_sq': 0.5599999999999967, 'weighted_error': 1.0122198964019835, 'gamma': 16.000000000000096}
{'sample_size': 500, 'difference': 0, 'noise': 0, 'n': 14, 'alpha': 0.2, 'shap_error': 0.009003321739865882, 'shap_norm_sq': 8.959999999999997, 'weighted_error': 1.0165021274296886, 'gamma': 0.0625000000000001}
{'sample_size': 500, 'difference': 0, 'noise': 0, 'n': 14, 'alpha': 0.3, 'shap_error': 0.011830344989731248, 'shap_norm_sq': 6.859999999999986, 'weighted_error': 1.0077203136515747, 'gamma': 0.18367346938775558}
{'sample_size': 500, 'difference': 0, 'noise': 0, 'n': 14, 'alpha': 0.4, 'shap_error': 0.020946999926820142, 'shap_norm_sq': 5.04, 'weighted_error': 1.0152429947333048, 'gamma': 0.44444444444444486}
{'sample_size': 500, 'difference': 0, 'noise': 0, 'n': 14, 'alpha': 0.5, 'shap_error': 0.050751620345207644, 'shap_norm_sq': 3.4999999999999964, 'weighted_error': 1.0303434570799013, 'gamma': 1.0000000000000018}
{'sample_size': 500, 'difference': 0, 'noise': 0, 'n': 14, 'alpha': 0.6, 'shap_error': 0.05611144363230956, 'shap_norm_sq': 2.2399999999999967, 'weighted_error': 1.0107660837912302, 'gamma': 2.250000000000004}
{'sample_size': 500, 'difference': 0, 'noise': 0, 'n': 14, 'alpha': 0.7, 'shap_error': 0.1963187419019192, 'shap_norm_sq': 1.2599999999999971, 'weighted_error': 1.02564621623438, 'gamma': 5.444444444444458}
{'sample_size': 500, 'difference': 0, 'noise': 0, 'n': 14, 'alpha': 0.8, 'shap_error': 0.21982975968627425, 'shap_norm_sq': 0.5599999999999967, 'weighted_error': 1.005767421204882, 'gamma': 16.000000000000096}
{'sample_size': 500, 'difference': 0, 'noise': 0, 'n': 14, 'alpha': 0.2, 'shap_error': 0.009611404281943297, 'shap_norm_sq': 8.959999999999997, 'weighted_error': 1.026231448102926, 'gamma': 0.0625000000000001}
{'sample_size': 500, 'difference': 0, 'noise': 0, 'n': 14, 'alpha': 0.3, 'shap_error': 0.015427557729170479, 'shap_norm_sq': 6.859999999999986, 'weighted_error': 1.0273051385662997, 'gamma': 0.18367346938775558}
{'sample_size': 500, 'difference': 0, 'noise': 0, 'n': 14, 'alpha': 0.4, 'shap_error': 0.018497600427803716, 'shap_norm_sq': 5.04, 'weighted_error': 1.0097318458605173, 'gamma': 0.44444444444444486}
{'sample_size': 500, 'difference': 0, 'noise': 0, 'n': 14, 'alpha': 0.5, 'shap_error': 0.03520917475069483, 'shap_norm_sq': 3.4999999999999964, 'weighted_error': 1.0148010114853885, 'gamma': 1.0000000000000018}
{'sample_size': 500, 'difference': 0, 'noise': 0, 'n': 14, 'alpha': 0.6, 'shap_error': 0.09094950194227364, 'shap_norm_sq': 2.2399999999999967, 'weighted_error': 1.026249665262325, 'gamma': 2.250000000000004}
{'sample_size': 500, 'difference': 0, 'noise': 0, 'n': 14, 'alpha': 0.7, 'shap_error': 0.14769583348405355, 'shap_norm_sq': 1.2599999999999971, 'weighted_error': 1.0167154779535474, 'gamma': 5.444444444444458}
{'sample_size': 500, 'difference': 0, 'noise': 0, 'n': 14, 'alpha': 0.8, 'shap_error': 0.3287025020529547, 'shap_norm_sq': 0.5599999999999967, 'weighted_error': 1.012571967602799, 'gamma': 16.000000000000096}
{'sample_size': 500, 'difference': 0, 'noise': 0, 'n': 14, 'alpha': 0.2, 'shap_error': 0.008569316860844466, 'shap_norm_sq': 8.959999999999997, 'weighted_error': 1.0095580493653447, 'gamma': 0.0625000000000001}
{'sample_size': 500, 'difference': 0, 'noise': 0, 'n': 14, 'alpha': 0.3, 'shap_error': 0.011316715585591166, 'shap_norm_sq': 6.859999999999986, 'weighted_error': 1.0049238868957, 'gamma': 0.18367346938775558}
{'sample_size': 500, 'difference': 0, 'noise': 0, 'n': 14, 'alpha': 0.4, 'shap_error': 0.020713955025009487, 'shap_norm_sq': 5.04, 'weighted_error': 1.0147186437042308, 'gamma': 0.44444444444444486}
{'sample_size': 500, 'difference': 0, 'noise': 0, 'n': 14, 'alpha': 0.5, 'shap_error': 0.030120893780792038, 'shap_norm_sq': 3.4999999999999964, 'weighted_error': 1.0097127305154856, 'gamma': 1.0000000000000018}
{'sample_size': 500, 'difference': 0, 'noise': 0, 'n': 14, 'alpha': 0.6, 'shap_error': 0.05615877864299486, 'shap_norm_sq': 2.2399999999999967, 'weighted_error': 1.0107871215737574, 'gamma': 2.250000000000004}
{'sample_size': 500, 'difference': 0, 'noise': 0, 'n': 14, 'alpha': 0.7, 'shap_error': 0.12710589627316424, 'shap_norm_sq': 1.2599999999999971, 'weighted_error': 1.0129336527515473, 'gamma': 5.444444444444458}
{'sample_size': 500, 'difference': 0, 'noise': 0, 'n': 14, 'alpha': 0.8, 'shap_error': 0.39470413276238, 'shap_norm_sq': 0.5599999999999967, 'weighted_error': 1.0166970695221385, 'gamma': 16.000000000000096}
{'sample_size': 500, 'difference': 0, 'noise': 0, 'n': 14, 'alpha': 0.2, 'shap_error': 0.008357672135652958, 'shap_norm_sq': 8.959999999999997, 'weighted_error': 1.0061717337622822, 'gamma': 0.0625000000000001}
{'sample_size': 500, 'difference': 0, 'noise': 0, 'n': 14, 'alpha': 0.3, 'shap_error': 0.014000705838763344, 'shap_norm_sq': 6.859999999999986, 'weighted_error': 1.019536722718527, 'gamma': 0.18367346938775558}
{'sample_size': 500, 'difference': 0, 'noise': 0, 'n': 14, 'alpha': 0.4, 'shap_error': 0.022298324092886696, 'shap_norm_sq': 5.04, 'weighted_error': 1.0182834741069535, 'gamma': 0.44444444444444486}
{'sample_size': 500, 'difference': 0, 'noise': 0, 'n': 14, 'alpha': 0.5, 'shap_error': 0.03648047277911769, 'shap_norm_sq': 3.4999999999999964, 'weighted_error': 1.0160723095138113, 'gamma': 1.0000000000000018}
{'sample_size': 500, 'difference': 0, 'noise': 0, 'n': 14, 'alpha': 0.6, 'shap_error': 0.061925520616384115, 'shap_norm_sq': 2.2399999999999967, 'weighted_error': 1.0133501180063744, 'gamma': 2.250000000000004}
{'sample_size': 500, 'difference': 0, 'noise': 0, 'n': 14, 'alpha': 0.7, 'shap_error': 0.11751755575175915, 'shap_norm_sq': 1.2599999999999971, 'weighted_error': 1.0111725289823095, 'gamma': 5.444444444444458}
{'sample_size': 500, 'difference': 0, 'noise': 0, 'n': 14, 'alpha': 0.8, 'shap_error': 0.45155439937330594, 'shap_norm_sq': 0.5599999999999967, 'weighted_error': 1.0202502111853207, 'gamma': 16.000000000000096}
{'sample_size': 500, 'difference': 0, 'noise': 0, 'n': 14, 'alpha': 0.2, 'shap_error': 0.008865789676642637, 'shap_norm_sq': 8.959999999999997, 'weighted_error': 1.0143016144181174, 'gamma': 0.0625000000000001}
{'sample_size': 500, 'difference': 0, 'noise': 0, 'n': 14, 'alpha': 0.3, 'shap_error': 0.014644436033135921, 'shap_norm_sq': 6.859999999999986, 'weighted_error': 1.0230414759989994, 'gamma': 0.18367346938775558}
{'sample_size': 500, 'difference': 0, 'noise': 0, 'n': 14, 'alpha': 0.4, 'shap_error': 0.019111019375457165, 'shap_norm_sq': 5.04, 'weighted_error': 1.0111120384927375, 'gamma': 0.44444444444444486}
{'sample_size': 500, 'difference': 0, 'noise': 0, 'n': 14, 'alpha': 0.5, 'shap_error': 0.028820568060203767, 'shap_norm_sq': 3.4999999999999964, 'weighted_error': 1.008412404794897, 'gamma': 1.0000000000000018}
{'sample_size': 500, 'difference': 0, 'noise': 0, 'n': 14, 'alpha': 0.6, 'shap_error': 0.05535139213784111, 'shap_norm_sq': 2.2399999999999967, 'weighted_error': 1.0104282831270217, 'gamma': 2.250000000000004}
{'sample_size': 500, 'difference': 0, 'noise': 0, 'n': 14, 'alpha': 0.7, 'shap_error': 0.1371413532251116, 'shap_norm_sq': 1.2599999999999971, 'weighted_error': 1.0147768999468034, 'gamma': 5.444444444444458}
{'sample_size': 500, 'difference': 0, 'noise': 0, 'n': 14, 'alpha': 0.8, 'shap_error': 0.34973220148416795, 'shap_norm_sq': 0.5599999999999967, 'weighted_error': 1.0138863238172502, 'gamma': 16.000000000000096}
{'sample_size': 500, 'difference': 0, 'noise': 0, 'n': 14, 'alpha': 0.2, 'shap_error': 0.009970950038637337, 'shap_norm_sq': 8.959999999999997, 'weighted_error': 1.0319841802100311, 'gamma': 0.0625000000000001}
{'sample_size': 500, 'difference': 0, 'noise': 0, 'n': 14, 'alpha': 0.3, 'shap_error': 0.01239560709769482, 'shap_norm_sq': 6.859999999999986, 'weighted_error': 1.0107978517949305, 'gamma': 0.18367346938775558}
{'sample_size': 500, 'difference': 0, 'noise': 0, 'n': 14, 'alpha': 0.4, 'shap_error': 0.021868791358496124, 'shap_norm_sq': 5.04, 'weighted_error': 1.0173170254545754, 'gamma': 0.44444444444444486}
{'sample_size': 500, 'difference': 0, 'noise': 0, 'n': 14, 'alpha': 0.5, 'shap_error': 0.037031967449070925, 'shap_norm_sq': 3.4999999999999964, 'weighted_error': 1.016623804183765, 'gamma': 1.0000000000000018}
{'sample_size': 500, 'difference': 0, 'noise': 0, 'n': 14, 'alpha': 0.6, 'shap_error': 0.07815222343601817, 'shap_norm_sq': 2.2399999999999967, 'weighted_error': 1.0205619859262125, 'gamma': 2.250000000000004}
{'sample_size': 500, 'difference': 0, 'noise': 0, 'n': 14, 'alpha': 0.7, 'shap_error': 0.13089001559876157, 'shap_norm_sq': 1.2599999999999971, 'weighted_error': 1.0136286950766566, 'gamma': 5.444444444444458}
{'sample_size': 500, 'difference': 0, 'noise': 0, 'n': 14, 'alpha': 0.8, 'shap_error': 0.27133035827729246, 'shap_norm_sq': 0.5599999999999967, 'weighted_error': 1.00898620861682, 'gamma': 16.000000000000096}
{'sample_size': 500, 'difference': 0, 'noise': 0, 'n': 14, 'alpha': 0.2, 'shap_error': 0.009159624741421925, 'shap_norm_sq': 8.959999999999997, 'weighted_error': 1.0190029754545853, 'gamma': 0.0625000000000001}
{'sample_size': 500, 'difference': 0, 'noise': 0, 'n': 14, 'alpha': 0.3, 'shap_error': 0.016205259726167168, 'shap_norm_sq': 6.859999999999986, 'weighted_error': 1.0315392938832806, 'gamma': 0.18367346938775558}
{'sample_size': 500, 'difference': 0, 'noise': 0, 'n': 14, 'alpha': 0.4, 'shap_error': 0.02076452019548934, 'shap_norm_sq': 5.04, 'weighted_error': 1.01483241533781, 'gamma': 0.44444444444444486}
{'sample_size': 500, 'difference': 0, 'noise': 0, 'n': 14, 'alpha': 0.5, 'shap_error': 0.04811743053058536, 'shap_norm_sq': 3.4999999999999964, 'weighted_error': 1.0277092672652797, 'gamma': 1.0000000000000018}
{'sample_size': 500, 'difference': 0, 'noise': 0, 'n': 14, 'alpha': 0.6, 'shap_error': 0.06235948093357879, 'shap_norm_sq': 2.2399999999999967, 'weighted_error': 1.0135429892584604, 'gamma': 2.250000000000004}
{'sample_size': 500, 'difference': 0, 'noise': 0, 'n': 14, 'alpha': 0.7, 'shap_error': 0.13255482050348638, 'shap_norm_sq': 1.2599999999999971, 'weighted_error': 1.0139344755693611, 'gamma': 5.444444444444458}
{'sample_size': 500, 'difference': 0, 'noise': 0, 'n': 14, 'alpha': 0.8, 'shap_error': 0.527489676042516, 'shap_norm_sq': 0.5599999999999967, 'weighted_error': 1.0249961659771476, 'gamma': 16.000000000000096}
{'sample_size': 500, 'difference': 0, 'noise': 0, 'n': 14, 'alpha': 0.2, 'shap_error': 0.009817751943932366, 'shap_norm_sq': 8.959999999999997, 'weighted_error': 1.0295330106947538, 'gamma': 0.0625000000000001}
{'sample_size': 500, 'difference': 0, 'noise': 0, 'n': 14, 'alpha': 0.3, 'shap_error': 0.012000808639661142, 'shap_norm_sq': 6.859999999999986, 'weighted_error': 1.0086483935234143, 'gamma': 0.18367346938775558}
{'sample_size': 500, 'difference': 0, 'noise': 0, 'n': 14, 'alpha': 0.4, 'shap_error': 0.019898940184257616, 'shap_norm_sq': 5.04, 'weighted_error': 1.0128848603125384, 'gamma': 0.44444444444444486}
{'sample_size': 500, 'difference': 0, 'noise': 0, 'n': 14, 'alpha': 0.5, 'shap_error': 0.026667615084397266, 'shap_norm_sq': 3.4999999999999964, 'weighted_error': 1.0062594518190902, 'gamma': 1.0000000000000018}
{'sample_size': 500, 'difference': 0, 'noise': 0, 'n': 14, 'alpha': 0.6, 'shap_error': 0.04538700625327874, 'shap_norm_sq': 2.2399999999999967, 'weighted_error': 1.0059996671783271, 'gamma': 2.250000000000004}
{'sample_size': 500, 'difference': 0, 'noise': 0, 'n': 14, 'alpha': 0.7, 'shap_error': 0.20910619468425143, 'shap_norm_sq': 1.2599999999999971, 'weighted_error': 1.0279949320515422, 'gamma': 5.444444444444458}
{'sample_size': 500, 'difference': 0, 'noise': 0, 'n': 14, 'alpha': 0.8, 'shap_error': 0.2575035242649246, 'shap_norm_sq': 0.5599999999999967, 'weighted_error': 1.0081220314910473, 'gamma': 16.000000000000096}
{'sample_size': 500, 'difference': 0, 'noise': 0, 'n': 14, 'alpha': 0.2, 'shap_error': 0.008453009646708918, 'shap_norm_sq': 8.959999999999997, 'weighted_error': 1.0076971339391771, 'gamma': 0.0625000000000001}
{'sample_size': 500, 'difference': 0, 'noise': 0, 'n': 14, 'alpha': 0.3, 'shap_error': 0.016650141884144765, 'shap_norm_sq': 6.859999999999986, 'weighted_error': 1.0339614300767153, 'gamma': 0.18367346938775558}
{'sample_size': 500, 'difference': 0, 'noise': 0, 'n': 14, 'alpha': 0.4, 'shap_error': 0.03128194749862953, 'shap_norm_sq': 5.04, 'weighted_error': 1.0384966267698756, 'gamma': 0.44444444444444486}
{'sample_size': 500, 'difference': 0, 'noise': 0, 'n': 14, 'alpha': 0.5, 'shap_error': 0.03467406188535357, 'shap_norm_sq': 3.4999999999999964, 'weighted_error': 1.0142658986200468, 'gamma': 1.0000000000000018}
{'sample_size': 500, 'difference': 0, 'noise': 0, 'n': 14, 'alpha': 0.6, 'shap_error': 0.04918420936335789, 'shap_norm_sq': 2.2399999999999967, 'weighted_error': 1.0076873130050292, 'gamma': 2.250000000000004}
{'sample_size': 500, 'difference': 0, 'noise': 0, 'n': 14, 'alpha': 0.7, 'shap_error': 0.12119613646769462, 'shap_norm_sq': 1.2599999999999971, 'weighted_error': 1.0118481866648283, 'gamma': 5.444444444444458}
{'sample_size': 500, 'difference': 0, 'noise': 0, 'n': 14, 'alpha': 0.8, 'shap_error': 0.3503737519695069, 'shap_norm_sq': 0.5599999999999967, 'weighted_error': 1.0139264207225835, 'gamma': 16.000000000000096}
{'sample_size': 500, 'difference': 0, 'noise': 0, 'n': 14, 'alpha': 0.2, 'shap_error': 0.009108858186985204, 'shap_norm_sq': 8.959999999999997, 'weighted_error': 1.0181907105835974, 'gamma': 0.0625000000000001}
{'sample_size': 500, 'difference': 0, 'noise': 0, 'n': 14, 'alpha': 0.3, 'shap_error': 0.014219723478877053, 'shap_norm_sq': 6.859999999999986, 'weighted_error': 1.020729152092478, 'gamma': 0.18367346938775558}
{'sample_size': 500, 'difference': 0, 'noise': 0, 'n': 14, 'alpha': 0.4, 'shap_error': 0.022291986609736397, 'shap_norm_sq': 5.04, 'weighted_error': 1.018269214769865, 'gamma': 0.44444444444444486}
{'sample_size': 500, 'difference': 0, 'noise': 0, 'n': 14, 'alpha': 0.5, 'shap_error': 0.05364354310312322, 'shap_norm_sq': 3.4999999999999964, 'weighted_error': 1.0332353798378175, 'gamma': 1.0000000000000018}
{'sample_size': 500, 'difference': 0, 'noise': 0, 'n': 14, 'alpha': 0.6, 'shap_error': 0.05374390605961977, 'shap_norm_sq': 2.2399999999999967, 'weighted_error': 1.009713844870035, 'gamma': 2.250000000000004}
{'sample_size': 500, 'difference': 0, 'noise': 0, 'n': 14, 'alpha': 0.7, 'shap_error': 0.15906304869339472, 'shap_norm_sq': 1.2599999999999971, 'weighted_error': 1.0188033338083242, 'gamma': 5.444444444444458}
{'sample_size': 500, 'difference': 0, 'noise': 0, 'n': 14, 'alpha': 0.8, 'shap_error': 0.22317788392767263, 'shap_norm_sq': 0.5599999999999967, 'weighted_error': 1.0059766789699693, 'gamma': 16.000000000000096}
{'sample_size': 500, 'difference': 0, 'noise': 0, 'n': 14, 'alpha': 0.2, 'shap_error': 0.009177371066616001, 'shap_norm_sq': 8.959999999999997, 'weighted_error': 1.0192869166576897, 'gamma': 0.0625000000000001}
{'sample_size': 500, 'difference': 0, 'noise': 0, 'n': 14, 'alpha': 0.3, 'shap_error': 0.014518295941361357, 'shap_norm_sq': 6.859999999999986, 'weighted_error': 1.0223547132771158, 'gamma': 0.18367346938775558}
{'sample_size': 500, 'difference': 0, 'noise': 0, 'n': 14, 'alpha': 0.4, 'shap_error': 0.018120154003101786, 'shap_norm_sq': 5.04, 'weighted_error': 1.0088825914049386, 'gamma': 0.44444444444444486}
{'sample_size': 500, 'difference': 0, 'noise': 0, 'n': 14, 'alpha': 0.5, 'shap_error': 0.0357670233612446, 'shap_norm_sq': 3.4999999999999964, 'weighted_error': 1.0153588600959382, 'gamma': 1.0000000000000018}
{'sample_size': 500, 'difference': 0, 'noise': 0, 'n': 14, 'alpha': 0.6, 'shap_error': 0.05460524065687674, 'shap_norm_sq': 2.2399999999999967, 'weighted_error': 1.0100966602465933, 'gamma': 2.250000000000004}
{'sample_size': 500, 'difference': 0, 'noise': 0, 'n': 14, 'alpha': 0.7, 'shap_error': 0.10887619213366365, 'shap_norm_sq': 1.2599999999999971, 'weighted_error': 1.009585339746334, 'gamma': 5.444444444444458}
{'sample_size': 500, 'difference': 0, 'noise': 0, 'n': 14, 'alpha': 0.8, 'shap_error': 0.26848896519315224, 'shap_norm_sq': 0.5599999999999967, 'weighted_error': 1.0088086215490617, 'gamma': 16.000000000000096}
{'sample_size': 500, 'difference': 0, 'noise': 0, 'n': 14, 'alpha': 0.2, 'shap_error': 0.00868304142285376, 'shap_norm_sq': 8.959999999999997, 'weighted_error': 1.0113776423574943, 'gamma': 0.0625000000000001}
{'sample_size': 500, 'difference': 0, 'noise': 0, 'n': 14, 'alpha': 0.3, 'shap_error': 0.013089820807417813, 'shap_norm_sq': 6.859999999999986, 'weighted_error': 1.0145774597700898, 'gamma': 0.18367346938775558}
{'sample_size': 500, 'difference': 0, 'noise': 0, 'n': 14, 'alpha': 0.4, 'shap_error': 0.02369088818648832, 'shap_norm_sq': 5.04, 'weighted_error': 1.0214167433175574, 'gamma': 0.44444444444444486}
{'sample_size': 500, 'difference': 0, 'noise': 0, 'n': 14, 'alpha': 0.5, 'shap_error': 0.04911037628637777, 'shap_norm_sq': 3.4999999999999964, 'weighted_error': 1.0287022130210715, 'gamma': 1.0000000000000018}
{'sample_size': 500, 'difference': 0, 'noise': 0, 'n': 14, 'alpha': 0.6, 'shap_error': 0.08154816628612846, 'shap_norm_sq': 2.2399999999999967, 'weighted_error': 1.0220712938595944, 'gamma': 2.250000000000004}
{'sample_size': 500, 'difference': 0, 'noise': 0, 'n': 14, 'alpha': 0.7, 'shap_error': 0.1522643460085546, 'shap_norm_sq': 1.2599999999999971, 'weighted_error': 1.0175545924988636, 'gamma': 5.444444444444458}
{'sample_size': 500, 'difference': 0, 'noise': 0, 'n': 14, 'alpha': 0.8, 'shap_error': 0.35172192981643413, 'shap_norm_sq': 0.5599999999999967, 'weighted_error': 1.0140106818380166, 'gamma': 16.000000000000096}
{'sample_size': 500, 'difference': 0, 'noise': 0, 'n': 14, 'alpha': 0.2, 'shap_error': 0.009601696387909673, 'shap_norm_sq': 8.959999999999997, 'weighted_error': 1.0260761217983896, 'gamma': 0.0625000000000001}
{'sample_size': 500, 'difference': 0, 'noise': 0, 'n': 14, 'alpha': 0.3, 'shap_error': 0.01386087033958791, 'shap_norm_sq': 6.859999999999986, 'weighted_error': 1.0187753961119048, 'gamma': 0.18367346938775558}
{'sample_size': 500, 'difference': 0, 'noise': 0, 'n': 14, 'alpha': 0.4, 'shap_error': 0.01948183396908442, 'shap_norm_sq': 5.04, 'weighted_error': 1.0119463713283992, 'gamma': 0.44444444444444486}
{'sample_size': 500, 'difference': 0, 'noise': 0, 'n': 14, 'alpha': 0.5, 'shap_error': 0.04548896199979231, 'shap_norm_sq': 3.4999999999999964, 'weighted_error': 1.025080798734486, 'gamma': 1.0000000000000018}
{'sample_size': 500, 'difference': 0, 'noise': 0, 'n': 14, 'alpha': 0.6, 'shap_error': 0.07490746664089348, 'shap_norm_sq': 2.2399999999999967, 'weighted_error': 1.0191198717950452, 'gamma': 2.250000000000004}
{'sample_size': 500, 'difference': 0, 'noise': 0, 'n': 14, 'alpha': 0.7, 'shap_error': 0.07946179869250238, 'shap_norm_sq': 1.2599999999999971, 'weighted_error': 1.0041826960530584, 'gamma': 5.444444444444458}
{'sample_size': 500, 'difference': 0, 'noise': 0, 'n': 14, 'alpha': 0.8, 'shap_error': 0.3651393386749843, 'shap_norm_sq': 0.5599999999999967, 'weighted_error': 1.0148492698916762, 'gamma': 16.000000000000096}
{'sample_size': 500, 'difference': 0, 'noise': 0, 'n': 14, 'alpha': 0.2, 'shap_error': 0.00887471674280457, 'shap_norm_sq': 8.959999999999997, 'weighted_error': 1.0144444474767076, 'gamma': 0.0625000000000001}
{'sample_size': 500, 'difference': 0, 'noise': 0, 'n': 14, 'alpha': 0.3, 'shap_error': 0.011908385294526992, 'shap_norm_sq': 6.859999999999986, 'weighted_error': 1.0081451997554618, 'gamma': 0.18367346938775558}
{'sample_size': 500, 'difference': 0, 'noise': 0, 'n': 14, 'alpha': 0.4, 'shap_error': 0.02076162314485419, 'shap_norm_sq': 5.04, 'weighted_error': 1.0148258969738817, 'gamma': 0.44444444444444486}
{'sample_size': 500, 'difference': 0, 'noise': 0, 'n': 14, 'alpha': 0.5, 'shap_error': 0.03603390202358853, 'shap_norm_sq': 3.4999999999999964, 'weighted_error': 1.0156257387582825, 'gamma': 1.0000000000000018}
{'sample_size': 500, 'difference': 0, 'noise': 0, 'n': 14, 'alpha': 0.6, 'shap_error': 0.0970339703034137, 'shap_norm_sq': 2.2399999999999967, 'weighted_error': 1.0289538734228316, 'gamma': 2.250000000000004}
{'sample_size': 500, 'difference': 0, 'noise': 0, 'n': 14, 'alpha': 0.7, 'shap_error': 0.0936865513401214, 'shap_norm_sq': 1.2599999999999971, 'weighted_error': 1.0067954057230295, 'gamma': 5.444444444444458}
{'sample_size': 500, 'difference': 0, 'noise': 0, 'n': 14, 'alpha': 0.8, 'shap_error': 0.3949970643302535, 'shap_norm_sq': 0.5599999999999967, 'weighted_error': 1.016715377745131, 'gamma': 16.000000000000096}
{'sample_size': 500, 'difference': 0, 'noise': 0, 'n': 14, 'alpha': 0.2, 'shap_error': 0.008809001252756885, 'shap_norm_sq': 8.959999999999997, 'weighted_error': 1.0133929996359448, 'gamma': 0.0625000000000001}
{'sample_size': 500, 'difference': 0, 'noise': 0, 'n': 14, 'alpha': 0.3, 'shap_error': 0.012515511828530331, 'shap_norm_sq': 6.859999999999986, 'weighted_error': 1.011450666440591, 'gamma': 0.18367346938775558}
{'sample_size': 500, 'difference': 0, 'noise': 0, 'n': 14, 'alpha': 0.4, 'shap_error': 0.019118458609555, 'shap_norm_sq': 5.04, 'weighted_error': 1.011128776769458, 'gamma': 0.44444444444444486}
{'sample_size': 500, 'difference': 0, 'noise': 0, 'n': 14, 'alpha': 0.5, 'shap_error': 0.0335168300730059, 'shap_norm_sq': 3.4999999999999964, 'weighted_error': 1.0131086668076996, 'gamma': 1.0000000000000018}
{'sample_size': 500, 'difference': 0, 'noise': 0, 'n': 14, 'alpha': 0.6, 'shap_error': 0.07474243596941177, 'shap_norm_sq': 2.2399999999999967, 'weighted_error': 1.0190465248299427, 'gamma': 2.250000000000004}
{'sample_size': 500, 'difference': 0, 'noise': 0, 'n': 14, 'alpha': 0.7, 'shap_error': 0.10807242954892725, 'shap_norm_sq': 1.2599999999999971, 'weighted_error': 1.00943770988383, 'gamma': 5.444444444444458}
{'sample_size': 500, 'difference': 0, 'noise': 0, 'n': 14, 'alpha': 0.8, 'shap_error': 0.3533677197257627, 'shap_norm_sq': 0.5599999999999967, 'weighted_error': 1.0141135437073492, 'gamma': 16.000000000000096}
{'sample_size': 500, 'difference': 0, 'noise': 0, 'n': 14, 'alpha': 0.2, 'shap_error': 0.008991934188039577, 'shap_norm_sq': 8.959999999999997, 'weighted_error': 1.0163199266004685, 'gamma': 0.0625000000000001}
{'sample_size': 500, 'difference': 0, 'noise': 0, 'n': 14, 'alpha': 0.3, 'shap_error': 0.01370956350422941, 'shap_norm_sq': 6.859999999999986, 'weighted_error': 1.0179516144527312, 'gamma': 0.18367346938775558}
{'sample_size': 500, 'difference': 0, 'noise': 0, 'n': 14, 'alpha': 0.4, 'shap_error': 0.019131750142067434, 'shap_norm_sq': 5.04, 'weighted_error': 1.0111586827176107, 'gamma': 0.44444444444444486}
{'sample_size': 500, 'difference': 0, 'noise': 0, 'n': 14, 'alpha': 0.5, 'shap_error': 0.04015101524809794, 'shap_norm_sq': 3.4999999999999964, 'weighted_error': 1.019742851982792, 'gamma': 1.0000000000000018}
{'sample_size': 500, 'difference': 0, 'noise': 0, 'n': 14, 'alpha': 0.6, 'shap_error': 0.07592898002901612, 'shap_norm_sq': 2.2399999999999967, 'weighted_error': 1.0195738777453216, 'gamma': 2.250000000000004}
{'sample_size': 500, 'difference': 0, 'noise': 0, 'n': 14, 'alpha': 0.7, 'shap_error': 0.11629891095002612, 'shap_norm_sq': 1.2599999999999971, 'weighted_error': 1.0109486962636238, 'gamma': 5.444444444444458}
{'sample_size': 500, 'difference': 0, 'noise': 0, 'n': 14, 'alpha': 0.8, 'shap_error': 0.6345691185296505, 'shap_norm_sq': 0.5599999999999967, 'weighted_error': 1.031688631132593, 'gamma': 16.000000000000096}
{'sample_size': 500, 'difference': 0, 'noise': 0, 'n': 14, 'alpha': 0.2, 'shap_error': 0.008911860234303591, 'shap_norm_sq': 8.959999999999997, 'weighted_error': 1.015038743340692, 'gamma': 0.0625000000000001}
{'sample_size': 500, 'difference': 0, 'noise': 0, 'n': 14, 'alpha': 0.3, 'shap_error': 0.01626161578580871, 'shap_norm_sq': 6.859999999999986, 'weighted_error': 1.0318461213191068, 'gamma': 0.18367346938775558}
{'sample_size': 500, 'difference': 0, 'noise': 0, 'n': 14, 'alpha': 0.4, 'shap_error': 0.01736218011620223, 'shap_norm_sq': 5.04, 'weighted_error': 1.0071771501594136, 'gamma': 0.44444444444444486}
{'sample_size': 500, 'difference': 0, 'noise': 0, 'n': 14, 'alpha': 0.5, 'shap_error': 0.036477645425772275, 'shap_norm_sq': 3.4999999999999964, 'weighted_error': 1.0160694821604663, 'gamma': 1.0000000000000018}
{'sample_size': 500, 'difference': 0, 'noise': 0, 'n': 14, 'alpha': 0.6, 'shap_error': 0.05970883412919925, 'shap_norm_sq': 2.2399999999999967, 'weighted_error': 1.0123649240120698, 'gamma': 2.250000000000004}
{'sample_size': 500, 'difference': 0, 'noise': 0, 'n': 14, 'alpha': 0.7, 'shap_error': 0.1145525471405707, 'shap_norm_sq': 1.2599999999999971, 'weighted_error': 1.0106279355639283, 'gamma': 5.444444444444458}
{'sample_size': 500, 'difference': 0, 'noise': 0, 'n': 14, 'alpha': 0.8, 'shap_error': 0.3152047537863274, 'shap_norm_sq': 0.5599999999999967, 'weighted_error': 1.011728358336135, 'gamma': 16.000000000000096}
{'sample_size': 500, 'difference': 0, 'noise': 0, 'n': 14, 'alpha': 0.2, 'shap_error': 0.009627846962932217, 'shap_norm_sq': 8.959999999999997, 'weighted_error': 1.0264945309987503, 'gamma': 0.0625000000000001}
{'sample_size': 500, 'difference': 0, 'noise': 0, 'n': 14, 'alpha': 0.3, 'shap_error': 0.012580507927197821, 'shap_norm_sq': 6.859999999999986, 'weighted_error': 1.011804534088893, 'gamma': 0.18367346938775558}
{'sample_size': 500, 'difference': 0, 'noise': 0, 'n': 14, 'alpha': 0.4, 'shap_error': 0.02687417484860869, 'shap_norm_sq': 5.04, 'weighted_error': 1.0285791383073288, 'gamma': 0.44444444444444486}
{'sample_size': 500, 'difference': 0, 'noise': 0, 'n': 14, 'alpha': 0.5, 'shap_error': 0.03749016089205699, 'shap_norm_sq': 3.4999999999999964, 'weighted_error': 1.0170819976267504, 'gamma': 1.0000000000000018}
{'sample_size': 500, 'difference': 0, 'noise': 0, 'n': 14, 'alpha': 0.6, 'shap_error': 0.07180224954826644, 'shap_norm_sq': 2.2399999999999967, 'weighted_error': 1.0177397753094335, 'gamma': 2.250000000000004}
{'sample_size': 500, 'difference': 0, 'noise': 0, 'n': 14, 'alpha': 0.7, 'shap_error': 0.10367205684765955, 'shap_norm_sq': 1.2599999999999971, 'weighted_error': 1.008629478163189, 'gamma': 5.444444444444458}
{'sample_size': 500, 'difference': 0, 'noise': 0, 'n': 14, 'alpha': 0.8, 'shap_error': 0.2811756143013825, 'shap_norm_sq': 0.5599999999999967, 'weighted_error': 1.009601537118326, 'gamma': 16.000000000000096}
{'sample_size': 500, 'difference': 0, 'noise': 0, 'n': 14, 'alpha': 0.2, 'shap_error': 0.008826183942983595, 'shap_norm_sq': 8.959999999999997, 'weighted_error': 1.0136679226795722, 'gamma': 0.0625000000000001}
{'sample_size': 500, 'difference': 0, 'noise': 0, 'n': 14, 'alpha': 0.3, 'shap_error': 0.012488933110158466, 'shap_norm_sq': 6.859999999999986, 'weighted_error': 1.0113059600850107, 'gamma': 0.18367346938775558}
{'sample_size': 500, 'difference': 0, 'noise': 0, 'n': 14, 'alpha': 0.4, 'shap_error': 0.028503180079609343, 'shap_norm_sq': 5.04, 'weighted_error': 1.032244400077079, 'gamma': 0.44444444444444486}
{'sample_size': 500, 'difference': 0, 'noise': 0, 'n': 14, 'alpha': 0.5, 'shap_error': 0.03906276688777144, 'shap_norm_sq': 3.4999999999999964, 'weighted_error': 1.0186546036224655, 'gamma': 1.0000000000000018}
{'sample_size': 500, 'difference': 0, 'noise': 0, 'n': 14, 'alpha': 0.6, 'shap_error': 0.060912034450025014, 'shap_norm_sq': 2.2399999999999967, 'weighted_error': 1.012899679710214, 'gamma': 2.250000000000004}
{'sample_size': 500, 'difference': 0, 'noise': 0, 'n': 14, 'alpha': 0.7, 'shap_error': 0.14325923048820147, 'shap_norm_sq': 1.2599999999999971, 'weighted_error': 1.015900591689003, 'gamma': 5.444444444444458}
{'sample_size': 500, 'difference': 0, 'noise': 0, 'n': 14, 'alpha': 0.8, 'shap_error': 0.2575837126381744, 'shap_norm_sq': 0.5599999999999967, 'weighted_error': 1.008127043264375, 'gamma': 16.000000000000096}
{'sample_size': 500, 'difference': 0, 'noise': 0, 'n': 14, 'alpha': 0.2, 'shap_error': 0.008682853453020965, 'shap_norm_sq': 8.959999999999997, 'weighted_error': 1.011374634840169, 'gamma': 0.0625000000000001}
{'sample_size': 500, 'difference': 0, 'noise': 0, 'n': 14, 'alpha': 0.3, 'shap_error': 0.013636076134844377, 'shap_norm_sq': 6.859999999999986, 'weighted_error': 1.0175515165527451, 'gamma': 0.18367346938775558}
{'sample_size': 500, 'difference': 0, 'noise': 0, 'n': 14, 'alpha': 0.4, 'shap_error': 0.029454145508052986, 'shap_norm_sq': 5.04, 'weighted_error': 1.0343840722910778, 'gamma': 0.44444444444444486}
{'sample_size': 500, 'difference': 0, 'noise': 0, 'n': 14, 'alpha': 0.5, 'shap_error': 0.03398353075579984, 'shap_norm_sq': 3.4999999999999964, 'weighted_error': 1.0135753674904937, 'gamma': 1.0000000000000018}
{'sample_size': 500, 'difference': 0, 'noise': 0, 'n': 14, 'alpha': 0.6, 'shap_error': 0.05240533539373155, 'shap_norm_sq': 2.2399999999999967, 'weighted_error': 1.0091189245740846, 'gamma': 2.250000000000004}
{'sample_size': 500, 'difference': 0, 'noise': 0, 'n': 14, 'alpha': 0.7, 'shap_error': 0.12673783323005094, 'shap_norm_sq': 1.2599999999999971, 'weighted_error': 1.0128660493354646, 'gamma': 5.444444444444458}
{'sample_size': 500, 'difference': 0, 'noise': 0, 'n': 14, 'alpha': 0.8, 'shap_error': 0.38716006939528314, 'shap_norm_sq': 0.5599999999999967, 'weighted_error': 1.0162255655616945, 'gamma': 16.000000000000096}
{'sample_size': 500, 'difference': 0, 'noise': 0, 'n': 14, 'alpha': 0.2, 'shap_error': 0.00959083589637513, 'shap_norm_sq': 8.959999999999997, 'weighted_error': 1.025902353933835, 'gamma': 0.0625000000000001}
{'sample_size': 500, 'difference': 0, 'noise': 0, 'n': 14, 'alpha': 0.3, 'shap_error': 0.013874643723537246, 'shap_norm_sq': 6.859999999999986, 'weighted_error': 1.0188503845356285, 'gamma': 0.18367346938775558}
{'sample_size': 500, 'difference': 0, 'noise': 0, 'n': 14, 'alpha': 0.4, 'shap_error': 0.020881801855888775, 'shap_norm_sq': 5.04, 'weighted_error': 1.015096299073708, 'gamma': 0.44444444444444486}
{'sample_size': 500, 'difference': 0, 'noise': 0, 'n': 14, 'alpha': 0.5, 'shap_error': 0.03890308941515464, 'shap_norm_sq': 3.4999999999999964, 'weighted_error': 1.018494926149848, 'gamma': 1.0000000000000018}
{'sample_size': 500, 'difference': 0, 'noise': 0, 'n': 14, 'alpha': 0.6, 'shap_error': 0.04553312865323216, 'shap_norm_sq': 2.2399999999999967, 'weighted_error': 1.0060646104671958, 'gamma': 2.250000000000004}
{'sample_size': 500, 'difference': 0, 'noise': 0, 'n': 14, 'alpha': 0.7, 'shap_error': 0.20304307566409938, 'shap_norm_sq': 1.2599999999999971, 'weighted_error': 1.0268812979458013, 'gamma': 5.444444444444458}
{'sample_size': 500, 'difference': 0, 'noise': 0, 'n': 14, 'alpha': 0.8, 'shap_error': 0.2200532618894022, 'shap_norm_sq': 0.5599999999999967, 'weighted_error': 1.0057813900925767, 'gamma': 16.000000000000096}
{'sample_size': 500, 'difference': 0, 'noise': 0, 'n': 14, 'alpha': 0.2, 'shap_error': 0.008550307703854175, 'shap_norm_sq': 8.959999999999997, 'weighted_error': 1.0092539028535006, 'gamma': 0.0625000000000001}
{'sample_size': 500, 'difference': 0, 'noise': 0, 'n': 14, 'alpha': 0.3, 'shap_error': 0.012523623757408094, 'shap_norm_sq': 6.859999999999986, 'weighted_error': 1.0114948313867036, 'gamma': 0.18367346938775558}
{'sample_size': 500, 'difference': 0, 'noise': 0, 'n': 14, 'alpha': 0.4, 'shap_error': 0.026684072922699566, 'shap_norm_sq': 5.04, 'weighted_error': 1.0281514089740336, 'gamma': 0.44444444444444486}
{'sample_size': 500, 'difference': 0, 'noise': 0, 'n': 14, 'alpha': 0.5, 'shap_error': 0.03078907906241538, 'shap_norm_sq': 3.4999999999999964, 'weighted_error': 1.0103809157971093, 'gamma': 1.0000000000000018}
{'sample_size': 500, 'difference': 0, 'noise': 0, 'n': 14, 'alpha': 0.6, 'shap_error': 0.0626084767054295, 'shap_norm_sq': 2.2399999999999967, 'weighted_error': 1.0136536540459502, 'gamma': 2.250000000000004}
{'sample_size': 500, 'difference': 0, 'noise': 0, 'n': 14, 'alpha': 0.7, 'shap_error': 0.1520105926817853, 'shap_norm_sq': 1.2599999999999971, 'weighted_error': 1.0175079847449668, 'gamma': 5.444444444444458}
{'sample_size': 500, 'difference': 0, 'noise': 0, 'n': 14, 'alpha': 0.8, 'shap_error': 0.18432684197664942, 'shap_norm_sq': 0.5599999999999967, 'weighted_error': 1.0035484888480304, 'gamma': 16.000000000000096}
{'sample_size': 500, 'difference': 0, 'noise': 0, 'n': 14, 'alpha': 0.2, 'shap_error': 0.008682967719631937, 'shap_norm_sq': 8.959999999999997, 'weighted_error': 1.011376463105945, 'gamma': 0.0625000000000001}
{'sample_size': 500, 'difference': 0, 'noise': 0, 'n': 14, 'alpha': 0.3, 'shap_error': 0.01307351498659094, 'shap_norm_sq': 6.859999999999986, 'weighted_error': 1.0144886836344773, 'gamma': 0.18367346938775558}
{'sample_size': 500, 'difference': 0, 'noise': 0, 'n': 14, 'alpha': 0.4, 'shap_error': 0.02527291523966256, 'shap_norm_sq': 5.04, 'weighted_error': 1.0249763041872004, 'gamma': 0.44444444444444486}
{'sample_size': 500, 'difference': 0, 'noise': 0, 'n': 14, 'alpha': 0.5, 'shap_error': 0.03433347453516136, 'shap_norm_sq': 3.4999999999999964, 'weighted_error': 1.0139253112698554, 'gamma': 1.0000000000000018}
{'sample_size': 500, 'difference': 0, 'noise': 0, 'n': 14, 'alpha': 0.6, 'shap_error': 0.06478129136339465, 'shap_norm_sq': 2.2399999999999967, 'weighted_error': 1.0146193494494906, 'gamma': 2.250000000000004}
{'sample_size': 500, 'difference': 0, 'noise': 0, 'n': 14, 'alpha': 0.7, 'shap_error': 0.1249361285257905, 'shap_norm_sq': 1.2599999999999971, 'weighted_error': 1.012535123981621, 'gamma': 5.444444444444458}
{'sample_size': 500, 'difference': 0, 'noise': 0, 'n': 14, 'alpha': 0.8, 'shap_error': 0.3734765690506325, 'shap_norm_sq': 0.5599999999999967, 'weighted_error': 1.0153703467901538, 'gamma': 16.000000000000096}
{'sample_size': 500, 'difference': 0, 'noise': 0, 'n': 14, 'alpha': 0.2, 'shap_error': 0.008536107636125586, 'shap_norm_sq': 8.959999999999997, 'weighted_error': 1.0090267017698442, 'gamma': 0.0625000000000001}
{'sample_size': 500, 'difference': 0, 'noise': 0, 'n': 14, 'alpha': 0.3, 'shap_error': 0.011963246604757337, 'shap_norm_sq': 6.859999999999986, 'weighted_error': 1.0084438891111607, 'gamma': 0.18367346938775558}
{'sample_size': 500, 'difference': 0, 'noise': 0, 'n': 14, 'alpha': 0.4, 'shap_error': 0.021284238384539352, 'shap_norm_sq': 5.04, 'weighted_error': 1.0160017812631723, 'gamma': 0.44444444444444486}
{'sample_size': 500, 'difference': 0, 'noise': 0, 'n': 14, 'alpha': 0.5, 'shap_error': 0.032458801460905295, 'shap_norm_sq': 3.4999999999999964, 'weighted_error': 1.012050638195599, 'gamma': 1.0000000000000018}
{'sample_size': 500, 'difference': 0, 'noise': 0, 'n': 14, 'alpha': 0.6, 'shap_error': 0.06434697546175164, 'shap_norm_sq': 2.2399999999999967, 'weighted_error': 1.0144263201598718, 'gamma': 2.250000000000004}
{'sample_size': 500, 'difference': 0, 'noise': 0, 'n': 14, 'alpha': 0.7, 'shap_error': 0.1209550027597969, 'shap_norm_sq': 1.2599999999999971, 'weighted_error': 1.0118038968001124, 'gamma': 5.444444444444458}
{'sample_size': 500, 'difference': 0, 'noise': 0, 'n': 14, 'alpha': 0.8, 'shap_error': 0.39615445181708375, 'shap_norm_sq': 0.5599999999999967, 'weighted_error': 1.016787714463057, 'gamma': 16.000000000000096}
{'sample_size': 500, 'difference': 0, 'noise': 0, 'n': 14, 'alpha': 0.2, 'shap_error': 0.008162247555711991, 'shap_norm_sq': 8.959999999999997, 'weighted_error': 1.0030449404832267, 'gamma': 0.0625000000000001}
{'sample_size': 500, 'difference': 0, 'noise': 0, 'n': 14, 'alpha': 0.3, 'shap_error': 0.012878320930838363, 'shap_norm_sq': 6.859999999999986, 'weighted_error': 1.0134259604420466, 'gamma': 0.18367346938775558}
{'sample_size': 500, 'difference': 0, 'noise': 0, 'n': 14, 'alpha': 0.4, 'shap_error': 0.0216197171337509, 'shap_norm_sq': 5.04, 'weighted_error': 1.0167566084488984, 'gamma': 0.44444444444444486}
{'sample_size': 500, 'difference': 0, 'noise': 0, 'n': 14, 'alpha': 0.5, 'shap_error': 0.04161149390893873, 'shap_norm_sq': 3.4999999999999964, 'weighted_error': 1.0212033306436332, 'gamma': 1.0000000000000018}
{'sample_size': 500, 'difference': 0, 'noise': 0, 'n': 14, 'alpha': 0.6, 'shap_error': 0.044834503527100125, 'shap_norm_sq': 2.2399999999999967, 'weighted_error': 1.0057541104111376, 'gamma': 2.250000000000004}
{'sample_size': 500, 'difference': 0, 'noise': 0, 'n': 14, 'alpha': 0.7, 'shap_error': 0.12124383913083564, 'shap_norm_sq': 1.2599999999999971, 'weighted_error': 1.0118569483784658, 'gamma': 5.444444444444458}
{'sample_size': 500, 'difference': 0, 'noise': 0, 'n': 14, 'alpha': 0.8, 'shap_error': 0.8861329376823843, 'shap_norm_sq': 0.5599999999999967, 'weighted_error': 1.0474113698296388, 'gamma': 16.000000000000096}
{'sample_size': 500, 'difference': 0, 'noise': 0, 'n': 14, 'alpha': 0.2, 'shap_error': 0.008596733962550037, 'shap_norm_sq': 8.959999999999997, 'weighted_error': 1.009996722992634, 'gamma': 0.0625000000000001}
{'sample_size': 500, 'difference': 0, 'noise': 0, 'n': 14, 'alpha': 0.3, 'shap_error': 0.014515857653808611, 'shap_norm_sq': 6.859999999999986, 'weighted_error': 1.022341438155995, 'gamma': 0.18367346938775558}
{'sample_size': 500, 'difference': 0, 'noise': 0, 'n': 14, 'alpha': 0.4, 'shap_error': 0.01881314126079645, 'shap_norm_sq': 5.04, 'weighted_error': 1.0104418127347503, 'gamma': 0.44444444444444486}
{'sample_size': 500, 'difference': 0, 'noise': 0, 'n': 14, 'alpha': 0.5, 'shap_error': 0.03769464209491209, 'shap_norm_sq': 3.4999999999999964, 'weighted_error': 1.0172864788296057, 'gamma': 1.0000000000000018}
{'sample_size': 500, 'difference': 0, 'noise': 0, 'n': 14, 'alpha': 0.6, 'shap_error': 0.04017516023883115, 'shap_norm_sq': 2.2399999999999967, 'weighted_error': 1.0036832911719067, 'gamma': 2.250000000000004}
{'sample_size': 500, 'difference': 0, 'noise': 0, 'n': 14, 'alpha': 0.7, 'shap_error': 0.10251718185066054, 'shap_norm_sq': 1.2599999999999971, 'weighted_error': 1.0084173582657812, 'gamma': 5.444444444444458}
{'sample_size': 500, 'difference': 0, 'noise': 0, 'n': 14, 'alpha': 0.8, 'shap_error': 0.28147544876984465, 'shap_norm_sq': 0.5599999999999967, 'weighted_error': 1.0096202767726044, 'gamma': 16.000000000000096}
{'sample_size': 500, 'difference': 0, 'noise': 0, 'n': 14, 'alpha': 0.2, 'shap_error': 0.00907484353688176, 'shap_norm_sq': 8.959999999999997, 'weighted_error': 1.017646476181943, 'gamma': 0.0625000000000001}
{'sample_size': 500, 'difference': 0, 'noise': 0, 'n': 14, 'alpha': 0.3, 'shap_error': 0.014515833669406017, 'shap_norm_sq': 6.859999999999986, 'weighted_error': 1.0223413075742482, 'gamma': 0.18367346938775558}
{'sample_size': 500, 'difference': 0, 'noise': 0, 'n': 14, 'alpha': 0.4, 'shap_error': 0.019823177979850764, 'shap_norm_sq': 5.04, 'weighted_error': 1.0127143953526236, 'gamma': 0.44444444444444486}
{'sample_size': 500, 'difference': 0, 'noise': 0, 'n': 14, 'alpha': 0.5, 'shap_error': 0.038127558777785224, 'shap_norm_sq': 3.4999999999999964, 'weighted_error': 1.0177193955124788, 'gamma': 1.0000000000000018}
{'sample_size': 500, 'difference': 0, 'noise': 0, 'n': 14, 'alpha': 0.6, 'shap_error': 0.08275133665745163, 'shap_norm_sq': 2.2399999999999967, 'weighted_error': 1.0226060362468485, 'gamma': 2.250000000000004}
{'sample_size': 500, 'difference': 0, 'noise': 0, 'n': 14, 'alpha': 0.7, 'shap_error': 0.11347532605835128, 'shap_norm_sq': 1.2599999999999971, 'weighted_error': 1.0104300786304588, 'gamma': 5.444444444444458}
{'sample_size': 500, 'difference': 0, 'noise': 0, 'n': 14, 'alpha': 0.8, 'shap_error': 0.2482817335294869, 'shap_norm_sq': 0.5599999999999967, 'weighted_error': 1.0075456695700824, 'gamma': 16.000000000000096}
{'sample_size': 500, 'difference': 0, 'noise': 0, 'n': 14, 'alpha': 0.2, 'shap_error': 0.00866654710937862, 'shap_norm_sq': 8.959999999999997, 'weighted_error': 1.0111137333418918, 'gamma': 0.0625000000000001}
{'sample_size': 500, 'difference': 0, 'noise': 0, 'n': 14, 'alpha': 0.3, 'shap_error': 0.014550908629427031, 'shap_norm_sq': 6.859999999999986, 'weighted_error': 1.0225322712454736, 'gamma': 0.18367346938775558}
{'sample_size': 500, 'difference': 0, 'noise': 0, 'n': 14, 'alpha': 0.4, 'shap_error': 0.019088542785129097, 'shap_norm_sq': 5.04, 'weighted_error': 1.0110614661644994, 'gamma': 0.44444444444444486}
{'sample_size': 500, 'difference': 0, 'noise': 0, 'n': 14, 'alpha': 0.5, 'shap_error': 0.027448322776580415, 'shap_norm_sq': 3.4999999999999964, 'weighted_error': 1.0070401595112737, 'gamma': 1.0000000000000018}
{'sample_size': 500, 'difference': 0, 'noise': 0, 'n': 14, 'alpha': 0.6, 'shap_error': 0.049410190223531415, 'shap_norm_sq': 2.2399999999999967, 'weighted_error': 1.0077877489428848, 'gamma': 2.250000000000004}
{'sample_size': 500, 'difference': 0, 'noise': 0, 'n': 14, 'alpha': 0.7, 'shap_error': 0.13251341547498832, 'shap_norm_sq': 1.2599999999999971, 'weighted_error': 1.013926870564127, 'gamma': 5.444444444444458}
{'sample_size': 500, 'difference': 0, 'noise': 0, 'n': 14, 'alpha': 0.8, 'shap_error': 0.504620929651552, 'shap_norm_sq': 0.5599999999999967, 'weighted_error': 1.0235668693277125, 'gamma': 16.000000000000096}
{'sample_size': 500, 'difference': 0, 'noise': 0, 'n': 14, 'alpha': 0.2, 'shap_error': 0.008801475694993474, 'shap_norm_sq': 8.959999999999997, 'weighted_error': 1.0132725907117297, 'gamma': 0.0625000000000001}
{'sample_size': 500, 'difference': 0, 'noise': 0, 'n': 14, 'alpha': 0.3, 'shap_error': 0.015791668921071287, 'shap_norm_sq': 6.859999999999986, 'weighted_error': 1.029287521722204, 'gamma': 0.18367346938775558}
{'sample_size': 500, 'difference': 0, 'noise': 0, 'n': 14, 'alpha': 0.4, 'shap_error': 0.03444173697893484, 'shap_norm_sq': 5.04, 'weighted_error': 1.045606153100563, 'gamma': 0.44444444444444486}
{'sample_size': 500, 'difference': 0, 'noise': 0, 'n': 14, 'alpha': 0.5, 'shap_error': 0.03598280566089832, 'shap_norm_sq': 3.4999999999999964, 'weighted_error': 1.0155746423955918, 'gamma': 1.0000000000000018}
{'sample_size': 500, 'difference': 0, 'noise': 0, 'n': 14, 'alpha': 0.6, 'shap_error': 0.0475995573454573, 'shap_norm_sq': 2.2399999999999967, 'weighted_error': 1.0069830232192964, 'gamma': 2.250000000000004}
{'sample_size': 500, 'difference': 0, 'noise': 0, 'n': 14, 'alpha': 0.7, 'shap_error': 0.12409057970576805, 'shap_norm_sq': 1.2599999999999971, 'weighted_error': 1.0123798190963111, 'gamma': 5.444444444444458}
{'sample_size': 500, 'difference': 0, 'noise': 0, 'n': 14, 'alpha': 0.8, 'shap_error': 0.41448410728990476, 'shap_norm_sq': 0.5599999999999967, 'weighted_error': 1.0179333179301093, 'gamma': 16.000000000000096}
{'sample_size': 500, 'difference': 0, 'noise': 0, 'n': 14, 'alpha': 0.2, 'shap_error': 0.008953253135681778, 'shap_norm_sq': 8.959999999999997, 'weighted_error': 1.0157010297627427, 'gamma': 0.0625000000000001}
{'sample_size': 500, 'difference': 0, 'noise': 0, 'n': 14, 'alpha': 0.3, 'shap_error': 0.01335730794892926, 'shap_norm_sq': 6.859999999999986, 'weighted_error': 1.0160337786516522, 'gamma': 0.18367346938775558}
{'sample_size': 500, 'difference': 0, 'noise': 0, 'n': 14, 'alpha': 0.4, 'shap_error': 0.019428226920750035, 'shap_norm_sq': 5.04, 'weighted_error': 1.0118257554696466, 'gamma': 0.44444444444444486}
{'sample_size': 500, 'difference': 0, 'noise': 0, 'n': 14, 'alpha': 0.5, 'shap_error': 0.031347862265383344, 'shap_norm_sq': 3.4999999999999964, 'weighted_error': 1.010939699000077, 'gamma': 1.0000000000000018}
{'sample_size': 500, 'difference': 0, 'noise': 0, 'n': 14, 'alpha': 0.6, 'shap_error': 0.08883824954815213, 'shap_norm_sq': 2.2399999999999967, 'weighted_error': 1.0253113308649384, 'gamma': 2.250000000000004}
{'sample_size': 500, 'difference': 0, 'noise': 0, 'n': 14, 'alpha': 0.7, 'shap_error': 0.1722110928542948, 'shap_norm_sq': 1.2599999999999971, 'weighted_error': 1.0212182806950199, 'gamma': 5.444444444444458}
{'sample_size': 500, 'difference': 0, 'noise': 0, 'n': 14, 'alpha': 0.8, 'shap_error': 0.47304699855177545, 'shap_norm_sq': 0.5599999999999967, 'weighted_error': 1.0215934986339759, 'gamma': 16.000000000000096}
{'sample_size': 500, 'difference': 0, 'noise': 0, 'n': 14, 'alpha': 0.2, 'shap_error': 0.008586908979562267, 'shap_norm_sq': 8.959999999999997, 'weighted_error': 1.0098395232648305, 'gamma': 0.0625000000000001}
{'sample_size': 500, 'difference': 0, 'noise': 0, 'n': 14, 'alpha': 0.3, 'shap_error': 0.013756959449585474, 'shap_norm_sq': 6.859999999999986, 'weighted_error': 1.0182096590441139, 'gamma': 0.18367346938775558}
{'sample_size': 500, 'difference': 0, 'noise': 0, 'n': 14, 'alpha': 0.4, 'shap_error': 0.01988847929828032, 'shap_norm_sq': 5.04, 'weighted_error': 1.0128613233190893, 'gamma': 0.44444444444444486}
{'sample_size': 500, 'difference': 0, 'noise': 0, 'n': 14, 'alpha': 0.5, 'shap_error': 0.030150078622113687, 'shap_norm_sq': 3.4999999999999964, 'weighted_error': 1.0097419153568072, 'gamma': 1.0000000000000018}
{'sample_size': 500, 'difference': 0, 'noise': 0, 'n': 14, 'alpha': 0.6, 'shap_error': 0.04588583182462093, 'shap_norm_sq': 2.2399999999999967, 'weighted_error': 1.0062213674322573, 'gamma': 2.250000000000004}
{'sample_size': 500, 'difference': 0, 'noise': 0, 'n': 14, 'alpha': 0.7, 'shap_error': 0.15923587962919422, 'shap_norm_sq': 1.2599999999999971, 'weighted_error': 1.01883507826592, 'gamma': 5.444444444444458}
{'sample_size': 500, 'difference': 0, 'noise': 0, 'n': 14, 'alpha': 0.8, 'shap_error': 0.3594660749527416, 'shap_norm_sq': 0.5599999999999967, 'weighted_error': 1.0144946909090358, 'gamma': 16.000000000000096}
