{'sample_size': 500, 'difference': 0, 'noise': 0, 'n': 14, 'alpha': 0.2, 'shap_error': 0.010015203261416644, 'shap_norm_sq': 8.959999999999997, 'weighted_error': 1.0326922317745013, 'gamma': 0.0625000000000001}
{'sample_size': 500, 'difference': 0, 'noise': 0, 'n': 14, 'alpha': 0.3, 'shap_error': 0.011357605976045874, 'shap_norm_sq': 6.859999999999986, 'weighted_error': 1.0051465123548424, 'gamma': 0.18367346938775558}
{'sample_size': 500, 'difference': 0, 'noise': 0, 'n': 14, 'alpha': 0.4, 'shap_error': 0.02253359680680762, 'shap_norm_sq': 5.04, 'weighted_error': 1.0188128377132752, 'gamma': 0.44444444444444486}
{'sample_size': 500, 'difference': 0, 'noise': 0, 'n': 14, 'alpha': 0.5, 'shap_error': 0.034742398548042355, 'shap_norm_sq': 3.4999999999999964, 'weighted_error': 1.0143342352827363, 'gamma': 1.0000000000000018}
{'sample_size': 500, 'difference': 0, 'noise': 0, 'n': 14, 'alpha': 0.6, 'shap_error': 0.07557133198685298, 'shap_norm_sq': 2.2399999999999967, 'weighted_error': 1.019414923059916, 'gamma': 2.250000000000004}
{'sample_size': 500, 'difference': 0, 'noise': 0, 'n': 14, 'alpha': 0.7, 'shap_error': 0.19994632966696654, 'shap_norm_sq': 1.2599999999999971, 'weighted_error': 1.0263125078646942, 'gamma': 5.444444444444458}
{'sample_size': 500, 'difference': 0, 'noise': 0, 'n': 14, 'alpha': 0.8, 'shap_error': 0.7109995891023573, 'shap_norm_sq': 0.5599999999999967, 'weighted_error': 1.0364655355433867, 'gamma': 16.000000000000096}
{'sample_size': 500, 'difference': 0, 'noise': 0, 'n': 14, 'alpha': 0.2, 'shap_error': 0.008155321256103744, 'shap_norm_sq': 8.959999999999997, 'weighted_error': 1.0029341196894943, 'gamma': 0.0625000000000001}
{'sample_size': 500, 'difference': 0, 'noise': 0, 'n': 14, 'alpha': 0.3, 'shap_error': 0.01400720388111478, 'shap_norm_sq': 6.859999999999986, 'weighted_error': 1.0195721009491063, 'gamma': 0.18367346938775558}
{'sample_size': 500, 'difference': 0, 'noise': 0, 'n': 14, 'alpha': 0.4, 'shap_error': 0.023322754677946356, 'shap_norm_sq': 5.04, 'weighted_error': 1.0205884429233374, 'gamma': 0.44444444444444486}
{'sample_size': 500, 'difference': 0, 'noise': 0, 'n': 14, 'alpha': 0.5, 'shap_error': 0.038973644703693536, 'shap_norm_sq': 3.4999999999999964, 'weighted_error': 1.018565481438388, 'gamma': 1.0000000000000018}
{'sample_size': 500, 'difference': 0, 'noise': 0, 'n': 14, 'alpha': 0.6, 'shap_error': 0.09758369458949079, 'shap_norm_sq': 2.2399999999999967, 'weighted_error': 1.0291981953277556, 'gamma': 2.250000000000004}
{'sample_size': 500, 'difference': 0, 'noise': 0, 'n': 14, 'alpha': 0.7, 'shap_error': 0.1614474098107777, 'shap_norm_sq': 1.2599999999999971, 'weighted_error': 1.0192412776870274, 'gamma': 5.444444444444458}
{'sample_size': 500, 'difference': 0, 'noise': 0, 'n': 14, 'alpha': 0.8, 'shap_error': 0.3201249561041346, 'shap_norm_sq': 0.5599999999999967, 'weighted_error': 1.0120358709809978, 'gamma': 16.000000000000096}
{'sample_size': 500, 'difference': 0, 'noise': 0, 'n': 14, 'alpha': 0.2, 'shap_error': 0.011333960883522905, 'shap_norm_sq': 8.959999999999997, 'weighted_error': 1.0537923537282001, 'gamma': 0.0625000000000001}
{'sample_size': 500, 'difference': 0, 'noise': 0, 'n': 14, 'alpha': 0.3, 'shap_error': 0.011271385740331444, 'shap_norm_sq': 6.859999999999986, 'weighted_error': 1.0046770910715088, 'gamma': 0.18367346938775558}
{'sample_size': 500, 'difference': 0, 'noise': 0, 'n': 14, 'alpha': 0.4, 'shap_error': 0.02637547551990803, 'shap_norm_sq': 5.04, 'weighted_error': 1.0274570648177521, 'gamma': 0.44444444444444486}
{'sample_size': 500, 'difference': 0, 'noise': 0, 'n': 14, 'alpha': 0.5, 'shap_error': 0.029652758621105644, 'shap_norm_sq': 3.4999999999999964, 'weighted_error': 1.009244595355799, 'gamma': 1.0000000000000018}
{'sample_size': 500, 'difference': 0, 'noise': 0, 'n': 14, 'alpha': 0.6, 'shap_error': 0.06015008084534681, 'shap_norm_sq': 2.2399999999999967, 'weighted_error': 1.0125610336636917, 'gamma': 2.250000000000004}
{'sample_size': 500, 'difference': 0, 'noise': 0, 'n': 14, 'alpha': 0.7, 'shap_error': 0.35433242258610037, 'shap_norm_sq': 1.2599999999999971, 'weighted_error': 1.0546691371763717, 'gamma': 5.444444444444458}
{'sample_size': 500, 'difference': 0, 'noise': 0, 'n': 14, 'alpha': 0.8, 'shap_error': 0.29926973721078903, 'shap_norm_sq': 0.5599999999999967, 'weighted_error': 1.010732419800163, 'gamma': 16.000000000000096}
{'sample_size': 500, 'difference': 0, 'noise': 0, 'n': 14, 'alpha': 0.2, 'shap_error': 0.009511446149887673, 'shap_norm_sq': 8.959999999999997, 'weighted_error': 1.0246321179900377, 'gamma': 0.0625000000000001}
{'sample_size': 500, 'difference': 0, 'noise': 0, 'n': 14, 'alpha': 0.3, 'shap_error': 0.012335291754031823, 'shap_norm_sq': 6.859999999999986, 'weighted_error': 1.0104694682572095, 'gamma': 0.18367346938775558}
{'sample_size': 500, 'difference': 0, 'noise': 0, 'n': 14, 'alpha': 0.4, 'shap_error': 0.03104333890169578, 'shap_norm_sq': 5.04, 'weighted_error': 1.037959757426775, 'gamma': 0.44444444444444486}
{'sample_size': 500, 'difference': 0, 'noise': 0, 'n': 14, 'alpha': 0.5, 'shap_error': 0.02460558297062084, 'shap_norm_sq': 3.4999999999999964, 'weighted_error': 1.004197419705314, 'gamma': 1.0000000000000018}
{'sample_size': 500, 'difference': 0, 'noise': 0, 'n': 14, 'alpha': 0.6, 'shap_error': 0.05581550968892257, 'shap_norm_sq': 2.2399999999999967, 'weighted_error': 1.0106345575941698, 'gamma': 2.250000000000004}
{'sample_size': 500, 'difference': 0, 'noise': 0, 'n': 14, 'alpha': 0.7, 'shap_error': 0.11876664532499241, 'shap_norm_sq': 1.2599999999999971, 'weighted_error': 1.0114019535978012, 'gamma': 5.444444444444458}
{'sample_size': 500, 'difference': 0, 'noise': 0, 'n': 14, 'alpha': 0.8, 'shap_error': 0.23836234205983858, 'shap_norm_sq': 0.5599999999999967, 'weighted_error': 1.0069257076032294, 'gamma': 16.000000000000096}
{'sample_size': 500, 'difference': 0, 'noise': 0, 'n': 14, 'alpha': 0.2, 'shap_error': 0.009238673206075325, 'shap_norm_sq': 8.959999999999997, 'weighted_error': 1.0202677508890385, 'gamma': 0.0625000000000001}
{'sample_size': 500, 'difference': 0, 'noise': 0, 'n': 14, 'alpha': 0.3, 'shap_error': 0.014336194505291408, 'shap_norm_sq': 6.859999999999986, 'weighted_error': 1.0213632721251793, 'gamma': 0.18367346938775558}
{'sample_size': 500, 'difference': 0, 'noise': 0, 'n': 14, 'alpha': 0.4, 'shap_error': 0.01948718576831535, 'shap_norm_sq': 5.04, 'weighted_error': 1.0119584128766688, 'gamma': 0.44444444444444486}
{'sample_size': 500, 'difference': 0, 'noise': 0, 'n': 14, 'alpha': 0.5, 'shap_error': 0.048187143293653145, 'shap_norm_sq': 3.4999999999999964, 'weighted_error': 1.0277789800283463, 'gamma': 1.0000000000000018}
{'sample_size': 500, 'difference': 0, 'noise': 0, 'n': 14, 'alpha': 0.6, 'shap_error': 0.062153382085357825, 'shap_norm_sq': 2.2399999999999967, 'weighted_error': 1.0134513897703634, 'gamma': 2.250000000000004}
{'sample_size': 500, 'difference': 0, 'noise': 0, 'n': 14, 'alpha': 0.7, 'shap_error': 0.14544178712161468, 'shap_norm_sq': 1.2599999999999971, 'weighted_error': 1.016301469437997, 'gamma': 5.444444444444458}
{'sample_size': 500, 'difference': 0, 'noise': 0, 'n': 14, 'alpha': 0.8, 'shap_error': 0.7248807577838893, 'shap_norm_sq': 0.5599999999999967, 'weighted_error': 1.0373331085859832, 'gamma': 16.000000000000096}
{'sample_size': 500, 'difference': 0, 'noise': 0, 'n': 14, 'alpha': 0.2, 'shap_error': 0.00908368131524088, 'shap_norm_sq': 8.959999999999997, 'weighted_error': 1.0177878806356873, 'gamma': 0.0625000000000001}
{'sample_size': 500, 'difference': 0, 'noise': 0, 'n': 14, 'alpha': 0.3, 'shap_error': 0.014340808610464115, 'shap_norm_sq': 6.859999999999986, 'weighted_error': 1.0213883933644532, 'gamma': 0.18367346938775558}
{'sample_size': 500, 'difference': 0, 'noise': 0, 'n': 14, 'alpha': 0.4, 'shap_error': 0.025831816373341362, 'shap_norm_sq': 5.04, 'weighted_error': 1.0262338317379776, 'gamma': 0.44444444444444486}
{'sample_size': 500, 'difference': 0, 'noise': 0, 'n': 14, 'alpha': 0.5, 'shap_error': 0.04096321778918653, 'shap_norm_sq': 3.4999999999999964, 'weighted_error': 1.02055505452388, 'gamma': 1.0000000000000018}
{'sample_size': 500, 'difference': 0, 'noise': 0, 'n': 14, 'alpha': 0.6, 'shap_error': 0.14846192053080282, 'shap_norm_sq': 2.2399999999999967, 'weighted_error': 1.0518107401905608, 'gamma': 2.250000000000004}
{'sample_size': 500, 'difference': 0, 'noise': 0, 'n': 14, 'alpha': 0.7, 'shap_error': 0.1102592064886425, 'shap_norm_sq': 1.2599999999999971, 'weighted_error': 1.009839362791125, 'gamma': 5.444444444444458}
{'sample_size': 500, 'difference': 0, 'noise': 0, 'n': 14, 'alpha': 0.8, 'shap_error': 0.551721476708572, 'shap_norm_sq': 0.5599999999999967, 'weighted_error': 1.0265106535187751, 'gamma': 16.000000000000096}
{'sample_size': 500, 'difference': 0, 'noise': 0, 'n': 14, 'alpha': 0.2, 'shap_error': 0.008831413751180307, 'shap_norm_sq': 8.959999999999997, 'weighted_error': 1.0137515996107187, 'gamma': 0.0625000000000001}
{'sample_size': 500, 'difference': 0, 'noise': 0, 'n': 14, 'alpha': 0.3, 'shap_error': 0.012547600414583832, 'shap_norm_sq': 6.859999999999986, 'weighted_error': 1.0116253709646605, 'gamma': 0.18367346938775558}
{'sample_size': 500, 'difference': 0, 'noise': 0, 'n': 14, 'alpha': 0.4, 'shap_error': 0.02639552942100763, 'shap_norm_sq': 5.04, 'weighted_error': 1.0275021860952254, 'gamma': 0.44444444444444486}
{'sample_size': 500, 'difference': 0, 'noise': 0, 'n': 14, 'alpha': 0.5, 'shap_error': 0.03563508583192528, 'shap_norm_sq': 3.4999999999999964, 'weighted_error': 1.0152269225666188, 'gamma': 1.0000000000000018}
{'sample_size': 500, 'difference': 0, 'noise': 0, 'n': 14, 'alpha': 0.6, 'shap_error': 0.06289640874031516, 'shap_norm_sq': 2.2399999999999967, 'weighted_error': 1.0137816238392323, 'gamma': 2.250000000000004}
{'sample_size': 500, 'difference': 0, 'noise': 0, 'n': 14, 'alpha': 0.7, 'shap_error': 0.30278321449791673, 'shap_norm_sq': 1.2599999999999971, 'weighted_error': 1.0452009152826243, 'gamma': 5.444444444444458}
{'sample_size': 500, 'difference': 0, 'noise': 0, 'n': 14, 'alpha': 0.8, 'shap_error': 0.5156345939754753, 'shap_norm_sq': 0.5599999999999967, 'weighted_error': 1.0242552233479565, 'gamma': 16.000000000000096}
{'sample_size': 500, 'difference': 0, 'noise': 0, 'n': 14, 'alpha': 0.2, 'shap_error': 0.008475100817559457, 'shap_norm_sq': 8.959999999999997, 'weighted_error': 1.0080505926727863, 'gamma': 0.0625000000000001}
{'sample_size': 500, 'difference': 0, 'noise': 0, 'n': 14, 'alpha': 0.3, 'shap_error': 0.014475876227706031, 'shap_norm_sq': 6.859999999999986, 'weighted_error': 1.0221237615027696, 'gamma': 0.18367346938775558}
{'sample_size': 500, 'difference': 0, 'noise': 0, 'n': 14, 'alpha': 0.4, 'shap_error': 0.020515511287354453, 'shap_norm_sq': 5.04, 'weighted_error': 1.0142721452945056, 'gamma': 0.44444444444444486}
{'sample_size': 500, 'difference': 0, 'noise': 0, 'n': 14, 'alpha': 0.5, 'shap_error': 0.03726418349067019, 'shap_norm_sq': 3.4999999999999964, 'weighted_error': 1.0168560202253638, 'gamma': 1.0000000000000018}
{'sample_size': 500, 'difference': 0, 'noise': 0, 'n': 14, 'alpha': 0.6, 'shap_error': 0.07278842544667384, 'shap_norm_sq': 2.2399999999999967, 'weighted_error': 1.0181780757087249, 'gamma': 2.250000000000004}
{'sample_size': 500, 'difference': 0, 'noise': 0, 'n': 14, 'alpha': 0.7, 'shap_error': 0.20482617084296875, 'shap_norm_sq': 1.2599999999999971, 'weighted_error': 1.0272088052235524, 'gamma': 5.444444444444458}
{'sample_size': 500, 'difference': 0, 'noise': 0, 'n': 14, 'alpha': 0.8, 'shap_error': 1.454753144789972, 'shap_norm_sq': 0.5599999999999967, 'weighted_error': 1.0829501327738629, 'gamma': 16.000000000000096}
{'sample_size': 500, 'difference': 0, 'noise': 0, 'n': 14, 'alpha': 0.2, 'shap_error': 0.00991858849579397, 'shap_norm_sq': 8.959999999999997, 'weighted_error': 1.0311463955245372, 'gamma': 0.0625000000000001}
{'sample_size': 500, 'difference': 0, 'noise': 0, 'n': 14, 'alpha': 0.3, 'shap_error': 0.012089741700302765, 'shap_norm_sq': 6.859999999999986, 'weighted_error': 1.0091325846313528, 'gamma': 0.18367346938775558}
{'sample_size': 500, 'difference': 0, 'noise': 0, 'n': 14, 'alpha': 0.4, 'shap_error': 0.02510722570502212, 'shap_norm_sq': 5.04, 'weighted_error': 1.0246035027342582, 'gamma': 0.44444444444444486}
{'sample_size': 500, 'difference': 0, 'noise': 0, 'n': 14, 'alpha': 0.5, 'shap_error': 0.04407199222112375, 'shap_norm_sq': 3.4999999999999964, 'weighted_error': 1.0236638289558184, 'gamma': 1.0000000000000018}
{'sample_size': 500, 'difference': 0, 'noise': 0, 'n': 14, 'alpha': 0.6, 'shap_error': 0.06954547313035957, 'shap_norm_sq': 2.2399999999999967, 'weighted_error': 1.016736763568141, 'gamma': 2.250000000000004}
{'sample_size': 500, 'difference': 0, 'noise': 0, 'n': 14, 'alpha': 0.7, 'shap_error': 0.17481042789866255, 'shap_norm_sq': 1.2599999999999971, 'weighted_error': 1.0216957095807204, 'gamma': 5.444444444444458}
{'sample_size': 500, 'difference': 0, 'noise': 0, 'n': 14, 'alpha': 0.8, 'shap_error': 0.3796667034248798, 'shap_norm_sq': 0.5599999999999967, 'weighted_error': 1.0157572301885445, 'gamma': 16.000000000000096}
{'sample_size': 500, 'difference': 0, 'noise': 0, 'n': 14, 'alpha': 0.2, 'shap_error': 0.008735858317349833, 'shap_norm_sq': 8.959999999999997, 'weighted_error': 1.0122227126694319, 'gamma': 0.0625000000000001}
{'sample_size': 500, 'difference': 0, 'noise': 0, 'n': 14, 'alpha': 0.3, 'shap_error': 0.011636811695657659, 'shap_norm_sq': 6.859999999999986, 'weighted_error': 1.0066666323838396, 'gamma': 0.18367346938775558}
{'sample_size': 500, 'difference': 0, 'noise': 0, 'n': 14, 'alpha': 0.4, 'shap_error': 0.018296026682925983, 'shap_norm_sq': 5.04, 'weighted_error': 1.009278304934542, 'gamma': 0.44444444444444486}
{'sample_size': 500, 'difference': 0, 'noise': 0, 'n': 14, 'alpha': 0.5, 'shap_error': 0.03883089011959727, 'shap_norm_sq': 3.4999999999999964, 'weighted_error': 1.0184227268542911, 'gamma': 1.0000000000000018}
{'sample_size': 500, 'difference': 0, 'noise': 0, 'n': 14, 'alpha': 0.6, 'shap_error': 0.05659052060211329, 'shap_norm_sq': 2.2399999999999967, 'weighted_error': 1.0109790068889206, 'gamma': 2.250000000000004}
{'sample_size': 500, 'difference': 0, 'noise': 0, 'n': 14, 'alpha': 0.7, 'shap_error': 0.19164700515980346, 'shap_norm_sq': 1.2599999999999971, 'weighted_error': 1.0247881421388887, 'gamma': 5.444444444444458}
{'sample_size': 500, 'difference': 0, 'noise': 0, 'n': 14, 'alpha': 0.8, 'shap_error': 0.6557782500292644, 'shap_norm_sq': 0.5599999999999967, 'weighted_error': 1.0330142018513186, 'gamma': 16.000000000000096}
{'sample_size': 500, 'difference': 0, 'noise': 0, 'n': 14, 'alpha': 0.2, 'shap_error': 0.009432215184855078, 'shap_norm_sq': 8.959999999999997, 'weighted_error': 1.023364422549516, 'gamma': 0.0625000000000001}
{'sample_size': 500, 'difference': 0, 'noise': 0, 'n': 14, 'alpha': 0.3, 'shap_error': 0.011285978421125574, 'shap_norm_sq': 6.859999999999986, 'weighted_error': 1.0047565401113878, 'gamma': 0.18367346938775558}
{'sample_size': 500, 'difference': 0, 'noise': 0, 'n': 14, 'alpha': 0.4, 'shap_error': 0.020589444058872183, 'shap_norm_sq': 5.04, 'weighted_error': 1.0144384940304216, 'gamma': 0.44444444444444486}
{'sample_size': 500, 'difference': 0, 'noise': 0, 'n': 14, 'alpha': 0.5, 'shap_error': 0.0545080677223277, 'shap_norm_sq': 3.4999999999999964, 'weighted_error': 1.034099904457022, 'gamma': 1.0000000000000018}
{'sample_size': 500, 'difference': 0, 'noise': 0, 'n': 14, 'alpha': 0.6, 'shap_error': 0.08662533109860428, 'shap_norm_sq': 2.2399999999999967, 'weighted_error': 1.0243278115540275, 'gamma': 2.250000000000004}
{'sample_size': 500, 'difference': 0, 'noise': 0, 'n': 14, 'alpha': 0.7, 'shap_error': 0.2149904080359075, 'shap_norm_sq': 1.2599999999999971, 'weighted_error': 1.0290757059324591, 'gamma': 5.444444444444458}
{'sample_size': 500, 'difference': 0, 'noise': 0, 'n': 14, 'alpha': 0.8, 'shap_error': 0.4917638228622565, 'shap_norm_sq': 0.5599999999999967, 'weighted_error': 1.0227633001533807, 'gamma': 16.000000000000096}
{'sample_size': 500, 'difference': 0, 'noise': 0, 'n': 14, 'alpha': 0.2, 'shap_error': 0.008958974056996836, 'shap_norm_sq': 8.959999999999997, 'weighted_error': 1.015792564503784, 'gamma': 0.0625000000000001}
{'sample_size': 500, 'difference': 0, 'noise': 0, 'n': 14, 'alpha': 0.3, 'shap_error': 0.012144310612877943, 'shap_norm_sq': 6.859999999999986, 'weighted_error': 1.009429682044261, 'gamma': 0.18367346938775558}
{'sample_size': 500, 'difference': 0, 'noise': 0, 'n': 14, 'alpha': 0.4, 'shap_error': 0.021732239675423388, 'shap_norm_sq': 5.04, 'weighted_error': 1.0170097841676613, 'gamma': 0.44444444444444486}
{'sample_size': 500, 'difference': 0, 'noise': 0, 'n': 14, 'alpha': 0.5, 'shap_error': 0.037436895860737764, 'shap_norm_sq': 3.4999999999999964, 'weighted_error': 1.0170287325954317, 'gamma': 1.0000000000000018}
{'sample_size': 500, 'difference': 0, 'noise': 0, 'n': 14, 'alpha': 0.6, 'shap_error': 0.11142864301793369, 'shap_norm_sq': 2.2399999999999967, 'weighted_error': 1.035351505740396, 'gamma': 2.250000000000004}
{'sample_size': 500, 'difference': 0, 'noise': 0, 'n': 14, 'alpha': 0.7, 'shap_error': 0.20011017501582737, 'shap_norm_sq': 1.2599999999999971, 'weighted_error': 1.0263426019083621, 'gamma': 5.444444444444458}
{'sample_size': 500, 'difference': 0, 'noise': 0, 'n': 14, 'alpha': 0.8, 'shap_error': 0.552909813137431, 'shap_norm_sq': 0.5599999999999967, 'weighted_error': 1.026584924545579, 'gamma': 16.000000000000096}
{'sample_size': 500, 'difference': 0, 'noise': 0, 'n': 14, 'alpha': 0.2, 'shap_error': 0.009634672615738223, 'shap_norm_sq': 8.959999999999997, 'weighted_error': 1.0266037414436453, 'gamma': 0.0625000000000001}
{'sample_size': 500, 'difference': 0, 'noise': 0, 'n': 14, 'alpha': 0.3, 'shap_error': 0.013300453980486814, 'shap_norm_sq': 6.859999999999986, 'weighted_error': 1.0157242403790203, 'gamma': 0.18367346938775558}
{'sample_size': 500, 'difference': 0, 'noise': 0, 'n': 14, 'alpha': 0.4, 'shap_error': 0.020149516638894208, 'shap_norm_sq': 5.04, 'weighted_error': 1.0134486573354702, 'gamma': 0.44444444444444486}
{'sample_size': 500, 'difference': 0, 'noise': 0, 'n': 14, 'alpha': 0.5, 'shap_error': 0.034573094397187885, 'shap_norm_sq': 3.4999999999999964, 'weighted_error': 1.0141649311318823, 'gamma': 1.0000000000000018}
{'sample_size': 500, 'difference': 0, 'noise': 0, 'n': 14, 'alpha': 0.6, 'shap_error': 0.07928890607504373, 'shap_norm_sq': 2.2399999999999967, 'weighted_error': 1.021067178210223, 'gamma': 2.250000000000004}
{'sample_size': 500, 'difference': 0, 'noise': 0, 'n': 14, 'alpha': 0.7, 'shap_error': 0.18490545724312216, 'shap_norm_sq': 1.2599999999999971, 'weighted_error': 1.0235498986439882, 'gamma': 5.444444444444458}
{'sample_size': 500, 'difference': 0, 'noise': 0, 'n': 14, 'alpha': 0.8, 'shap_error': 0.39447904982487353, 'shap_norm_sq': 0.5599999999999967, 'weighted_error': 1.0166830018385438, 'gamma': 16.000000000000096}
{'sample_size': 500, 'difference': 0, 'noise': 0, 'n': 14, 'alpha': 0.2, 'shap_error': 0.00914110240556009, 'shap_norm_sq': 8.959999999999997, 'weighted_error': 1.0187066180807967, 'gamma': 0.0625000000000001}
{'sample_size': 500, 'difference': 0, 'noise': 0, 'n': 14, 'alpha': 0.3, 'shap_error': 0.01289280540331676, 'shap_norm_sq': 6.859999999999986, 'weighted_error': 1.013504820347761, 'gamma': 0.18367346938775558}
{'sample_size': 500, 'difference': 0, 'noise': 0, 'n': 14, 'alpha': 0.4, 'shap_error': 0.018016858967806408, 'shap_norm_sq': 5.04, 'weighted_error': 1.008650177575523, 'gamma': 0.44444444444444486}
{'sample_size': 500, 'difference': 0, 'noise': 0, 'n': 14, 'alpha': 0.5, 'shap_error': 0.04916504911026847, 'shap_norm_sq': 3.4999999999999964, 'weighted_error': 1.0287568858449623, 'gamma': 1.0000000000000018}
{'sample_size': 500, 'difference': 0, 'noise': 0, 'n': 14, 'alpha': 0.6, 'shap_error': 0.05776819770651287, 'shap_norm_sq': 2.2399999999999967, 'weighted_error': 1.0115024189353203, 'gamma': 2.250000000000004}
{'sample_size': 500, 'difference': 0, 'noise': 0, 'n': 14, 'alpha': 0.7, 'shap_error': 0.14934816110970103, 'shap_norm_sq': 1.2599999999999971, 'weighted_error': 1.0170189667011147, 'gamma': 5.444444444444458}
{'sample_size': 500, 'difference': 0, 'noise': 0, 'n': 14, 'alpha': 0.8, 'shap_error': 0.49265783494466303, 'shap_norm_sq': 0.5599999999999967, 'weighted_error': 1.0228191759085319, 'gamma': 16.000000000000096}
{'sample_size': 500, 'difference': 0, 'noise': 0, 'n': 14, 'alpha': 0.2, 'shap_error': 0.008413883671914906, 'shap_norm_sq': 8.959999999999997, 'weighted_error': 1.0070711183424732, 'gamma': 0.0625000000000001}
{'sample_size': 500, 'difference': 0, 'noise': 0, 'n': 14, 'alpha': 0.3, 'shap_error': 0.013047873619420027, 'shap_norm_sq': 6.859999999999986, 'weighted_error': 1.0143490806354358, 'gamma': 0.18367346938775558}
{'sample_size': 500, 'difference': 0, 'noise': 0, 'n': 14, 'alpha': 0.4, 'shap_error': 0.02206466270681059, 'shap_norm_sq': 5.04, 'weighted_error': 1.017757735988282, 'gamma': 0.44444444444444486}
{'sample_size': 500, 'difference': 0, 'noise': 0, 'n': 14, 'alpha': 0.5, 'shap_error': 0.05759596173576257, 'shap_norm_sq': 3.4999999999999964, 'weighted_error': 1.0371877984704563, 'gamma': 1.0000000000000018}
{'sample_size': 500, 'difference': 0, 'noise': 0, 'n': 14, 'alpha': 0.6, 'shap_error': 0.057169382257214886, 'shap_norm_sq': 2.2399999999999967, 'weighted_error': 1.0112362787356326, 'gamma': 2.250000000000004}
{'sample_size': 500, 'difference': 0, 'noise': 0, 'n': 14, 'alpha': 0.7, 'shap_error': 0.09198292475036675, 'shap_norm_sq': 1.2599999999999971, 'weighted_error': 1.0064824947167472, 'gamma': 5.444444444444458}
{'sample_size': 500, 'difference': 0, 'noise': 0, 'n': 14, 'alpha': 0.8, 'shap_error': 0.464371855795, 'shap_norm_sq': 0.5599999999999967, 'weighted_error': 1.0210513022116772, 'gamma': 16.000000000000096}
{'sample_size': 500, 'difference': 0, 'noise': 0, 'n': 14, 'alpha': 0.2, 'shap_error': 0.009493202865054303, 'shap_norm_sq': 8.959999999999997, 'weighted_error': 1.0243402254327034, 'gamma': 0.0625000000000001}
{'sample_size': 500, 'difference': 0, 'noise': 0, 'n': 14, 'alpha': 0.3, 'shap_error': 0.014412183762298365, 'shap_norm_sq': 6.859999999999986, 'weighted_error': 1.0217769914133294, 'gamma': 0.18367346938775558}
{'sample_size': 500, 'difference': 0, 'noise': 0, 'n': 14, 'alpha': 0.4, 'shap_error': 0.02238742551956922, 'shap_norm_sq': 5.04, 'weighted_error': 1.0184839523169886, 'gamma': 0.44444444444444486}
{'sample_size': 500, 'difference': 0, 'noise': 0, 'n': 14, 'alpha': 0.5, 'shap_error': 0.07606744178033224, 'shap_norm_sq': 3.4999999999999964, 'weighted_error': 1.0556592785150263, 'gamma': 1.0000000000000018}
{'sample_size': 500, 'difference': 0, 'noise': 0, 'n': 14, 'alpha': 0.6, 'shap_error': 0.05316639129070191, 'shap_norm_sq': 2.2399999999999967, 'weighted_error': 1.0094571716394047, 'gamma': 2.250000000000004}
{'sample_size': 500, 'difference': 0, 'noise': 0, 'n': 14, 'alpha': 0.7, 'shap_error': 0.1459318438876311, 'shap_norm_sq': 1.2599999999999971, 'weighted_error': 1.0163914798644087, 'gamma': 5.444444444444458}
{'sample_size': 500, 'difference': 0, 'noise': 0, 'n': 14, 'alpha': 0.8, 'shap_error': 0.7577360804607343, 'shap_norm_sq': 0.5599999999999967, 'weighted_error': 1.0393865662532842, 'gamma': 16.000000000000096}
{'sample_size': 500, 'difference': 0, 'noise': 0, 'n': 14, 'alpha': 0.2, 'shap_error': 0.008710823011198276, 'shap_norm_sq': 8.959999999999997, 'weighted_error': 1.0118221477710065, 'gamma': 0.0625000000000001}
{'sample_size': 500, 'difference': 0, 'noise': 0, 'n': 14, 'alpha': 0.3, 'shap_error': 0.012081937259776984, 'shap_norm_sq': 6.859999999999986, 'weighted_error': 1.00909009378849, 'gamma': 0.18367346938775558}
{'sample_size': 500, 'difference': 0, 'noise': 0, 'n': 14, 'alpha': 0.4, 'shap_error': 0.032058825982612275, 'shap_norm_sq': 5.04, 'weighted_error': 1.0402446033588368, 'gamma': 0.44444444444444486}
{'sample_size': 500, 'difference': 0, 'noise': 0, 'n': 14, 'alpha': 0.5, 'shap_error': 0.029864134944246376, 'shap_norm_sq': 3.4999999999999964, 'weighted_error': 1.0094559716789402, 'gamma': 1.0000000000000018}
{'sample_size': 500, 'difference': 0, 'noise': 0, 'n': 14, 'alpha': 0.6, 'shap_error': 0.110094404430771, 'shap_norm_sq': 2.2399999999999967, 'weighted_error': 1.0347585108127684, 'gamma': 2.250000000000004}
{'sample_size': 500, 'difference': 0, 'noise': 0, 'n': 14, 'alpha': 0.7, 'shap_error': 0.19636349702073966, 'shap_norm_sq': 1.2599999999999971, 'weighted_error': 1.0256544365623261, 'gamma': 5.444444444444458}
{'sample_size': 500, 'difference': 0, 'noise': 0, 'n': 14, 'alpha': 0.8, 'shap_error': 0.3561045315288816, 'shap_norm_sq': 0.5599999999999967, 'weighted_error': 1.0142845944450445, 'gamma': 16.000000000000096}
{'sample_size': 500, 'difference': 0, 'noise': 0, 'n': 14, 'alpha': 0.2, 'shap_error': 0.011204774581879408, 'shap_norm_sq': 8.959999999999997, 'weighted_error': 1.0517253729019063, 'gamma': 0.0625000000000001}
{'sample_size': 500, 'difference': 0, 'noise': 0, 'n': 14, 'alpha': 0.3, 'shap_error': 0.013872693615147215, 'shap_norm_sq': 6.859999999999986, 'weighted_error': 1.018839767278839, 'gamma': 0.18367346938775558}
{'sample_size': 500, 'difference': 0, 'noise': 0, 'n': 14, 'alpha': 0.4, 'shap_error': 0.02306928733860157, 'shap_norm_sq': 5.04, 'weighted_error': 1.0200181414098122, 'gamma': 0.44444444444444486}
{'sample_size': 500, 'difference': 0, 'noise': 0, 'n': 14, 'alpha': 0.5, 'shap_error': 0.03452851401388948, 'shap_norm_sq': 3.4999999999999964, 'weighted_error': 1.014120350748583, 'gamma': 1.0000000000000018}
{'sample_size': 500, 'difference': 0, 'noise': 0, 'n': 14, 'alpha': 0.6, 'shap_error': 0.07130714120843681, 'shap_norm_sq': 2.2399999999999967, 'weighted_error': 1.0175197271583982, 'gamma': 2.250000000000004}
{'sample_size': 500, 'difference': 0, 'noise': 0, 'n': 14, 'alpha': 0.7, 'shap_error': 0.09501044921635395, 'shap_norm_sq': 1.2599999999999971, 'weighted_error': 1.007038570639072, 'gamma': 5.444444444444458}
{'sample_size': 500, 'difference': 0, 'noise': 0, 'n': 14, 'alpha': 0.8, 'shap_error': 0.3947054402133174, 'shap_norm_sq': 0.5599999999999967, 'weighted_error': 1.0166971512378216, 'gamma': 16.000000000000096}
{'sample_size': 500, 'difference': 0, 'noise': 0, 'n': 14, 'alpha': 0.2, 'shap_error': 0.00884729746760709, 'shap_norm_sq': 8.959999999999997, 'weighted_error': 1.0140057390735473, 'gamma': 0.0625000000000001}
{'sample_size': 500, 'difference': 0, 'noise': 0, 'n': 14, 'alpha': 0.3, 'shap_error': 0.013483978246919798, 'shap_norm_sq': 6.859999999999986, 'weighted_error': 1.016723428051822, 'gamma': 0.18367346938775558}
{'sample_size': 500, 'difference': 0, 'noise': 0, 'n': 14, 'alpha': 0.4, 'shap_error': 0.018894528216229906, 'shap_norm_sq': 5.04, 'weighted_error': 1.0106249333844763, 'gamma': 0.44444444444444486}
{'sample_size': 500, 'difference': 0, 'noise': 0, 'n': 14, 'alpha': 0.5, 'shap_error': 0.025749605716481497, 'shap_norm_sq': 3.4999999999999964, 'weighted_error': 1.0053414424511748, 'gamma': 1.0000000000000018}
{'sample_size': 500, 'difference': 0, 'noise': 0, 'n': 14, 'alpha': 0.6, 'shap_error': 0.051244851881021534, 'shap_norm_sq': 2.2399999999999967, 'weighted_error': 1.008603154123991, 'gamma': 2.250000000000004}
{'sample_size': 500, 'difference': 0, 'noise': 0, 'n': 14, 'alpha': 0.7, 'shap_error': 0.19582736769002754, 'shap_norm_sq': 1.2599999999999971, 'weighted_error': 1.0255559638281135, 'gamma': 5.444444444444458}
{'sample_size': 500, 'difference': 0, 'noise': 0, 'n': 14, 'alpha': 0.8, 'shap_error': 0.41097209900918463, 'shap_norm_sq': 0.5599999999999967, 'weighted_error': 1.0177138174125633, 'gamma': 16.000000000000096}
{'sample_size': 500, 'difference': 0, 'noise': 0, 'n': 14, 'alpha': 0.2, 'shap_error': 0.008860182368155951, 'shap_norm_sq': 8.959999999999997, 'weighted_error': 1.0142118974823287, 'gamma': 0.0625000000000001}
{'sample_size': 500, 'difference': 0, 'noise': 0, 'n': 14, 'alpha': 0.3, 'shap_error': 0.012839766356716619, 'shap_norm_sq': 6.859999999999986, 'weighted_error': 1.0132160522051612, 'gamma': 0.18367346938775558}
{'sample_size': 500, 'difference': 0, 'noise': 0, 'n': 14, 'alpha': 0.4, 'shap_error': 0.016501338743322335, 'shap_norm_sq': 5.04, 'weighted_error': 1.0052402570704337, 'gamma': 0.44444444444444486}
{'sample_size': 500, 'difference': 0, 'noise': 0, 'n': 14, 'alpha': 0.5, 'shap_error': 0.03455834022768063, 'shap_norm_sq': 3.4999999999999964, 'weighted_error': 1.014150176962374, 'gamma': 1.0000000000000018}
{'sample_size': 500, 'difference': 0, 'noise': 0, 'n': 14, 'alpha': 0.6, 'shap_error': 0.06796445375076747, 'shap_norm_sq': 2.2399999999999967, 'weighted_error': 1.0160340882883219, 'gamma': 2.250000000000004}
{'sample_size': 500, 'difference': 0, 'noise': 0, 'n': 14, 'alpha': 0.7, 'shap_error': 0.1055231531380161, 'shap_norm_sq': 1.2599999999999971, 'weighted_error': 1.0089694754410101, 'gamma': 5.444444444444458}
{'sample_size': 500, 'difference': 0, 'noise': 0, 'n': 14, 'alpha': 0.8, 'shap_error': 0.53968385505292, 'shap_norm_sq': 0.5599999999999967, 'weighted_error': 1.0257583021652963, 'gamma': 16.000000000000096}
{'sample_size': 500, 'difference': 0, 'noise': 0, 'n': 14, 'alpha': 0.2, 'shap_error': 0.008830933877881935, 'shap_norm_sq': 8.959999999999997, 'weighted_error': 1.0137439216379447, 'gamma': 0.0625000000000001}
{'sample_size': 500, 'difference': 0, 'noise': 0, 'n': 14, 'alpha': 0.3, 'shap_error': 0.02219712409230592, 'shap_norm_sq': 6.859999999999986, 'weighted_error': 1.0641616665433706, 'gamma': 0.18367346938775558}
{'sample_size': 500, 'difference': 0, 'noise': 0, 'n': 14, 'alpha': 0.4, 'shap_error': 0.020343153666558478, 'shap_norm_sq': 5.04, 'weighted_error': 1.0138843406477156, 'gamma': 0.44444444444444486}
{'sample_size': 500, 'difference': 0, 'noise': 0, 'n': 14, 'alpha': 0.5, 'shap_error': 0.03487095350314543, 'shap_norm_sq': 3.4999999999999964, 'weighted_error': 1.0144627902378387, 'gamma': 1.0000000000000018}
{'sample_size': 500, 'difference': 0, 'noise': 0, 'n': 14, 'alpha': 0.6, 'shap_error': 0.05885469001747648, 'shap_norm_sq': 2.2399999999999967, 'weighted_error': 1.0119853044068594, 'gamma': 2.250000000000004}
{'sample_size': 500, 'difference': 0, 'noise': 0, 'n': 14, 'alpha': 0.7, 'shap_error': 0.19908734479853718, 'shap_norm_sq': 1.2599999999999971, 'weighted_error': 1.0261547351337594, 'gamma': 5.444444444444458}
{'sample_size': 500, 'difference': 0, 'noise': 0, 'n': 14, 'alpha': 0.8, 'shap_error': 0.33704533540455406, 'shap_norm_sq': 0.5599999999999967, 'weighted_error': 1.0130933946872738, 'gamma': 16.000000000000096}
{'sample_size': 500, 'difference': 0, 'noise': 0, 'n': 14, 'alpha': 0.2, 'shap_error': 0.008825244765914512, 'shap_norm_sq': 8.959999999999997, 'weighted_error': 1.0136528958464668, 'gamma': 0.0625000000000001}
{'sample_size': 500, 'difference': 0, 'noise': 0, 'n': 14, 'alpha': 0.3, 'shap_error': 0.021046264636450283, 'shap_norm_sq': 6.859999999999986, 'weighted_error': 1.0578958761725983, 'gamma': 0.18367346938775558}
{'sample_size': 500, 'difference': 0, 'noise': 0, 'n': 14, 'alpha': 0.4, 'shap_error': 0.027353857672726998, 'shap_norm_sq': 5.04, 'weighted_error': 1.029658424661595, 'gamma': 0.44444444444444486}
{'sample_size': 500, 'difference': 0, 'noise': 0, 'n': 14, 'alpha': 0.5, 'shap_error': 0.028020507307797846, 'shap_norm_sq': 3.4999999999999964, 'weighted_error': 1.007612344042491, 'gamma': 1.0000000000000018}
{'sample_size': 500, 'difference': 0, 'noise': 0, 'n': 14, 'alpha': 0.6, 'shap_error': 0.04447136923811869, 'shap_norm_sq': 2.2399999999999967, 'weighted_error': 1.0055927173938128, 'gamma': 2.250000000000004}
{'sample_size': 500, 'difference': 0, 'noise': 0, 'n': 14, 'alpha': 0.7, 'shap_error': 0.10757391723851104, 'shap_norm_sq': 1.2599999999999971, 'weighted_error': 1.0093461463982432, 'gamma': 5.444444444444458}
{'sample_size': 500, 'difference': 0, 'noise': 0, 'n': 14, 'alpha': 0.8, 'shap_error': 0.3760892684309123, 'shap_norm_sq': 0.5599999999999967, 'weighted_error': 1.0155336405014213, 'gamma': 16.000000000000096}
{'sample_size': 500, 'difference': 0, 'noise': 0, 'n': 14, 'alpha': 0.2, 'shap_error': 0.008607073680622298, 'shap_norm_sq': 8.959999999999997, 'weighted_error': 1.0101621584817908, 'gamma': 0.0625000000000001}
{'sample_size': 500, 'difference': 0, 'noise': 0, 'n': 14, 'alpha': 0.3, 'shap_error': 0.013355506471157555, 'shap_norm_sq': 6.859999999999986, 'weighted_error': 1.0160239706060068, 'gamma': 0.18367346938775558}
{'sample_size': 500, 'difference': 0, 'noise': 0, 'n': 14, 'alpha': 0.4, 'shap_error': 0.02056775988834615, 'shap_norm_sq': 5.04, 'weighted_error': 1.0143897046467372, 'gamma': 0.44444444444444486}
{'sample_size': 500, 'difference': 0, 'noise': 0, 'n': 14, 'alpha': 0.5, 'shap_error': 0.031840693796856424, 'shap_norm_sq': 3.4999999999999964, 'weighted_error': 1.01143253053155, 'gamma': 1.0000000000000018}
{'sample_size': 500, 'difference': 0, 'noise': 0, 'n': 14, 'alpha': 0.6, 'shap_error': 0.08405942689575098, 'shap_norm_sq': 2.2399999999999967, 'weighted_error': 1.0231874096860938, 'gamma': 2.250000000000004}
{'sample_size': 500, 'difference': 0, 'noise': 0, 'n': 14, 'alpha': 0.7, 'shap_error': 0.3341641707003022, 'shap_norm_sq': 1.2599999999999971, 'weighted_error': 1.050964764381022, 'gamma': 5.444444444444458}
{'sample_size': 500, 'difference': 0, 'noise': 0, 'n': 14, 'alpha': 0.8, 'shap_error': 0.39146380834004896, 'shap_norm_sq': 0.5599999999999967, 'weighted_error': 1.0164945492457427, 'gamma': 16.000000000000096}
{'sample_size': 500, 'difference': 0, 'noise': 0, 'n': 14, 'alpha': 0.2, 'shap_error': 0.009299320959742959, 'shap_norm_sq': 8.959999999999997, 'weighted_error': 1.0212381149477219, 'gamma': 0.0625000000000001}
{'sample_size': 500, 'difference': 0, 'noise': 0, 'n': 14, 'alpha': 0.3, 'shap_error': 0.01491163489109524, 'shap_norm_sq': 6.859999999999986, 'weighted_error': 1.0244962253367786, 'gamma': 0.18367346938775558}
{'sample_size': 500, 'difference': 0, 'noise': 0, 'n': 14, 'alpha': 0.4, 'shap_error': 0.021846872025075282, 'shap_norm_sq': 5.04, 'weighted_error': 1.0172677069543787, 'gamma': 0.44444444444444486}
{'sample_size': 500, 'difference': 0, 'noise': 0, 'n': 14, 'alpha': 0.5, 'shap_error': 0.03919758193070698, 'shap_norm_sq': 3.4999999999999964, 'weighted_error': 1.0187894186654012, 'gamma': 1.0000000000000018}
{'sample_size': 500, 'difference': 0, 'noise': 0, 'n': 14, 'alpha': 0.6, 'shap_error': 0.06007259681764081, 'shap_norm_sq': 2.2399999999999967, 'weighted_error': 1.0125265963180439, 'gamma': 2.250000000000004}
{'sample_size': 500, 'difference': 0, 'noise': 0, 'n': 14, 'alpha': 0.7, 'shap_error': 0.19175668624306505, 'shap_norm_sq': 1.2599999999999971, 'weighted_error': 1.0248082876439781, 'gamma': 5.444444444444458}
{'sample_size': 500, 'difference': 0, 'noise': 0, 'n': 14, 'alpha': 0.8, 'shap_error': 0.3335873740809134, 'shap_norm_sq': 0.5599999999999967, 'weighted_error': 1.0128772721045474, 'gamma': 16.000000000000096}
{'sample_size': 500, 'difference': 0, 'noise': 0, 'n': 14, 'alpha': 0.2, 'shap_error': 0.01110901809311242, 'shap_norm_sq': 8.959999999999997, 'weighted_error': 1.0501932690816336, 'gamma': 0.0625000000000001}
{'sample_size': 500, 'difference': 0, 'noise': 0, 'n': 14, 'alpha': 0.3, 'shap_error': 0.013948414377982866, 'shap_norm_sq': 6.859999999999986, 'weighted_error': 1.019252024765389, 'gamma': 0.18367346938775558}
{'sample_size': 500, 'difference': 0, 'noise': 0, 'n': 14, 'alpha': 0.4, 'shap_error': 0.02466587740052814, 'shap_norm_sq': 5.04, 'weighted_error': 1.0236104690491477, 'gamma': 0.44444444444444486}
{'sample_size': 500, 'difference': 0, 'noise': 0, 'n': 14, 'alpha': 0.5, 'shap_error': 0.09255868788349425, 'shap_norm_sq': 3.4999999999999964, 'weighted_error': 1.0721505246181884, 'gamma': 1.0000000000000018}
{'sample_size': 500, 'difference': 0, 'noise': 0, 'n': 14, 'alpha': 0.6, 'shap_error': 0.060235414723478445, 'shap_norm_sq': 2.2399999999999967, 'weighted_error': 1.012598959831749, 'gamma': 2.250000000000004}
{'sample_size': 500, 'difference': 0, 'noise': 0, 'n': 14, 'alpha': 0.7, 'shap_error': 0.4890018374444304, 'shap_norm_sq': 1.2599999999999971, 'weighted_error': 1.0794043358238208, 'gamma': 5.444444444444458}
{'sample_size': 500, 'difference': 0, 'noise': 0, 'n': 14, 'alpha': 0.8, 'shap_error': 0.4289937875197402, 'shap_norm_sq': 0.5599999999999967, 'weighted_error': 1.0188401729444727, 'gamma': 16.000000000000096}
{'sample_size': 500, 'difference': 0, 'noise': 0, 'n': 14, 'alpha': 0.2, 'shap_error': 0.009758414736011075, 'shap_norm_sq': 8.959999999999997, 'weighted_error': 1.0285836153680115, 'gamma': 0.0625000000000001}
{'sample_size': 500, 'difference': 0, 'noise': 0, 'n': 14, 'alpha': 0.3, 'shap_error': 0.013343752920890004, 'shap_norm_sq': 6.859999999999986, 'weighted_error': 1.01595997905455, 'gamma': 0.18367346938775558}
{'sample_size': 500, 'difference': 0, 'noise': 0, 'n': 14, 'alpha': 0.4, 'shap_error': 0.020441796083406568, 'shap_norm_sq': 5.04, 'weighted_error': 1.0141062860856238, 'gamma': 0.44444444444444486}
{'sample_size': 500, 'difference': 0, 'noise': 0, 'n': 14, 'alpha': 0.5, 'shap_error': 0.0353224406457956, 'shap_norm_sq': 3.4999999999999964, 'weighted_error': 1.014914277380489, 'gamma': 1.0000000000000018}
{'sample_size': 500, 'difference': 0, 'noise': 0, 'n': 14, 'alpha': 0.6, 'shap_error': 0.06835906072079262, 'shap_norm_sq': 2.2399999999999967, 'weighted_error': 1.0162094691638899, 'gamma': 2.250000000000004}
{'sample_size': 500, 'difference': 0, 'noise': 0, 'n': 14, 'alpha': 0.7, 'shap_error': 0.2215577591289353, 'shap_norm_sq': 1.2599999999999971, 'weighted_error': 1.0302819540924033, 'gamma': 5.444444444444458}
{'sample_size': 500, 'difference': 0, 'noise': 0, 'n': 14, 'alpha': 0.8, 'shap_error': 0.242386600044505, 'shap_norm_sq': 0.5599999999999967, 'weighted_error': 1.0071772237272711, 'gamma': 16.000000000000096}
{'sample_size': 500, 'difference': 0, 'noise': 0, 'n': 14, 'alpha': 0.2, 'shap_error': 0.009168996304714525, 'shap_norm_sq': 8.959999999999997, 'weighted_error': 1.0191529204672654, 'gamma': 0.0625000000000001}
{'sample_size': 500, 'difference': 0, 'noise': 0, 'n': 14, 'alpha': 0.3, 'shap_error': 0.01310424354226251, 'shap_norm_sq': 6.859999999999986, 'weighted_error': 1.014655983548689, 'gamma': 0.18367346938775558}
{'sample_size': 500, 'difference': 0, 'noise': 0, 'n': 14, 'alpha': 0.4, 'shap_error': 0.024332089862322877, 'shap_norm_sq': 5.04, 'weighted_error': 1.0228594470881855, 'gamma': 0.44444444444444486}
{'sample_size': 500, 'difference': 0, 'noise': 0, 'n': 14, 'alpha': 0.5, 'shap_error': 0.04068586313230057, 'shap_norm_sq': 3.4999999999999964, 'weighted_error': 1.0202776998669942, 'gamma': 1.0000000000000018}
{'sample_size': 500, 'difference': 0, 'noise': 0, 'n': 14, 'alpha': 0.6, 'shap_error': 0.08979638715136684, 'shap_norm_sq': 2.2399999999999967, 'weighted_error': 1.0257371697997, 'gamma': 2.250000000000004}
{'sample_size': 500, 'difference': 0, 'noise': 0, 'n': 14, 'alpha': 0.7, 'shap_error': 0.1498460420089932, 'shap_norm_sq': 1.2599999999999971, 'weighted_error': 1.0171104142132295, 'gamma': 5.444444444444458}
{'sample_size': 500, 'difference': 0, 'noise': 0, 'n': 14, 'alpha': 0.8, 'shap_error': 0.32156806013797234, 'shap_norm_sq': 0.5599999999999967, 'weighted_error': 1.0121260649831125, 'gamma': 16.000000000000096}
{'sample_size': 500, 'difference': 0, 'noise': 0, 'n': 14, 'alpha': 0.2, 'shap_error': 0.01030535796012108, 'shap_norm_sq': 8.959999999999997, 'weighted_error': 1.0373347069537726, 'gamma': 0.0625000000000001}
{'sample_size': 500, 'difference': 0, 'noise': 0, 'n': 14, 'alpha': 0.3, 'shap_error': 0.011943645183280479, 'shap_norm_sq': 6.859999999999986, 'weighted_error': 1.0083371702608968, 'gamma': 0.18367346938775558}
{'sample_size': 500, 'difference': 0, 'noise': 0, 'n': 14, 'alpha': 0.4, 'shap_error': 0.03482022534860162, 'shap_norm_sq': 5.04, 'weighted_error': 1.0464577519323133, 'gamma': 0.44444444444444486}
{'sample_size': 500, 'difference': 0, 'noise': 0, 'n': 14, 'alpha': 0.5, 'shap_error': 0.03344007276438002, 'shap_norm_sq': 3.4999999999999964, 'weighted_error': 1.0130319094990738, 'gamma': 1.0000000000000018}
{'sample_size': 500, 'difference': 0, 'noise': 0, 'n': 14, 'alpha': 0.6, 'shap_error': 0.13559256324875063, 'shap_norm_sq': 2.2399999999999967, 'weighted_error': 1.0460910258429805, 'gamma': 2.250000000000004}
{'sample_size': 500, 'difference': 0, 'noise': 0, 'n': 14, 'alpha': 0.7, 'shap_error': 0.08443342538961071, 'shap_norm_sq': 1.2599999999999971, 'weighted_error': 1.0050958519770166, 'gamma': 5.444444444444458}
{'sample_size': 500, 'difference': 0, 'noise': 0, 'n': 14, 'alpha': 0.8, 'shap_error': 0.38883372829453117, 'shap_norm_sq': 0.5599999999999967, 'weighted_error': 1.016330169242898, 'gamma': 16.000000000000096}
{'sample_size': 500, 'difference': 0, 'noise': 0, 'n': 14, 'alpha': 0.2, 'shap_error': 0.008690787900057893, 'shap_norm_sq': 8.959999999999997, 'weighted_error': 1.0115015859927592, 'gamma': 0.0625000000000001}
{'sample_size': 500, 'difference': 0, 'noise': 0, 'n': 14, 'alpha': 0.3, 'shap_error': 0.012666584376117862, 'shap_norm_sq': 6.859999999999986, 'weighted_error': 1.0122731725330119, 'gamma': 0.18367346938775558}
{'sample_size': 500, 'difference': 0, 'noise': 0, 'n': 14, 'alpha': 0.4, 'shap_error': 0.02022749659406169, 'shap_norm_sq': 5.04, 'weighted_error': 1.0136241122345977, 'gamma': 0.44444444444444486}
{'sample_size': 500, 'difference': 0, 'noise': 0, 'n': 14, 'alpha': 0.5, 'shap_error': 0.0277652379939929, 'shap_norm_sq': 3.4999999999999964, 'weighted_error': 1.0073570747286862, 'gamma': 1.0000000000000018}
{'sample_size': 500, 'difference': 0, 'noise': 0, 'n': 14, 'alpha': 0.6, 'shap_error': 0.05074398676517455, 'shap_norm_sq': 2.2399999999999967, 'weighted_error': 1.0083805474058374, 'gamma': 2.250000000000004}
{'sample_size': 500, 'difference': 0, 'noise': 0, 'n': 14, 'alpha': 0.7, 'shap_error': 0.2189198329105821, 'shap_norm_sq': 1.2599999999999971, 'weighted_error': 1.0297974370318888, 'gamma': 5.444444444444458}
{'sample_size': 500, 'difference': 0, 'noise': 0, 'n': 14, 'alpha': 0.8, 'shap_error': 0.37141498354881797, 'shap_norm_sq': 0.5599999999999967, 'weighted_error': 1.015241497696291, 'gamma': 16.000000000000096}
{'sample_size': 500, 'difference': 0, 'noise': 0, 'n': 14, 'alpha': 0.2, 'shap_error': 0.008980050702201722, 'shap_norm_sq': 8.959999999999997, 'weighted_error': 1.0161297908270626, 'gamma': 0.0625000000000001}
{'sample_size': 500, 'difference': 0, 'noise': 0, 'n': 14, 'alpha': 0.3, 'shap_error': 0.014774579524515623, 'shap_norm_sq': 6.859999999999986, 'weighted_error': 1.0237500350076225, 'gamma': 0.18367346938775558}
{'sample_size': 500, 'difference': 0, 'noise': 0, 'n': 14, 'alpha': 0.4, 'shap_error': 0.02625570610159087, 'shap_norm_sq': 5.04, 'weighted_error': 1.0271875836265378, 'gamma': 0.44444444444444486}
{'sample_size': 500, 'difference': 0, 'noise': 0, 'n': 14, 'alpha': 0.5, 'shap_error': 0.03120921469529075, 'shap_norm_sq': 3.4999999999999964, 'weighted_error': 1.0108010514299846, 'gamma': 1.0000000000000018}
{'sample_size': 500, 'difference': 0, 'noise': 0, 'n': 14, 'alpha': 0.6, 'shap_error': 0.060386781535048, 'shap_norm_sq': 2.2399999999999967, 'weighted_error': 1.0126662339702253, 'gamma': 2.250000000000004}
{'sample_size': 500, 'difference': 0, 'noise': 0, 'n': 14, 'alpha': 0.7, 'shap_error': 0.20361585712499317, 'shap_norm_sq': 1.2599999999999971, 'weighted_error': 1.0269865027039233, 'gamma': 5.444444444444458}
{'sample_size': 500, 'difference': 0, 'noise': 0, 'n': 14, 'alpha': 0.8, 'shap_error': 0.289771541289606, 'shap_norm_sq': 0.5599999999999967, 'weighted_error': 1.0101387825550894, 'gamma': 16.000000000000096}
{'sample_size': 500, 'difference': 0, 'noise': 0, 'n': 14, 'alpha': 0.2, 'shap_error': 0.009706396909617894, 'shap_norm_sq': 8.959999999999997, 'weighted_error': 1.0277513301457202, 'gamma': 0.0625000000000001}
{'sample_size': 500, 'difference': 0, 'noise': 0, 'n': 14, 'alpha': 0.3, 'shap_error': 0.01189598916541047, 'shap_norm_sq': 6.859999999999986, 'weighted_error': 1.008077709719161, 'gamma': 0.18367346938775558}
{'sample_size': 500, 'difference': 0, 'noise': 0, 'n': 14, 'alpha': 0.4, 'shap_error': 0.027596340601483627, 'shap_norm_sq': 5.04, 'weighted_error': 1.0302040112512976, 'gamma': 0.44444444444444486}
{'sample_size': 500, 'difference': 0, 'noise': 0, 'n': 14, 'alpha': 0.5, 'shap_error': 0.03706941683900381, 'shap_norm_sq': 3.4999999999999964, 'weighted_error': 1.0166612535736967, 'gamma': 1.0000000000000018}
{'sample_size': 500, 'difference': 0, 'noise': 0, 'n': 14, 'alpha': 0.6, 'shap_error': 0.08247721565385492, 'shap_norm_sq': 2.2399999999999967, 'weighted_error': 1.0224842046896947, 'gamma': 2.250000000000004}
{'sample_size': 500, 'difference': 0, 'noise': 0, 'n': 14, 'alpha': 0.7, 'shap_error': 0.12367678363476674, 'shap_norm_sq': 1.2599999999999971, 'weighted_error': 1.0123038157363315, 'gamma': 5.444444444444458}
{'sample_size': 500, 'difference': 0, 'noise': 0, 'n': 14, 'alpha': 0.8, 'shap_error': 0.508596772588214, 'shap_norm_sq': 0.5599999999999967, 'weighted_error': 1.023815359511253, 'gamma': 16.000000000000096}
{'sample_size': 500, 'difference': 0, 'noise': 0, 'n': 14, 'alpha': 0.2, 'shap_error': 0.008796296367667959, 'shap_norm_sq': 8.959999999999997, 'weighted_error': 1.0131897214745216, 'gamma': 0.0625000000000001}
{'sample_size': 500, 'difference': 0, 'noise': 0, 'n': 14, 'alpha': 0.3, 'shap_error': 0.011685875202494483, 'shap_norm_sq': 6.859999999999986, 'weighted_error': 1.0069337559210627, 'gamma': 0.18367346938775558}
{'sample_size': 500, 'difference': 0, 'noise': 0, 'n': 14, 'alpha': 0.4, 'shap_error': 0.023423581447531015, 'shap_norm_sq': 5.04, 'weighted_error': 1.0208153031549039, 'gamma': 0.44444444444444486}
{'sample_size': 500, 'difference': 0, 'noise': 0, 'n': 14, 'alpha': 0.5, 'shap_error': 0.03414590427408847, 'shap_norm_sq': 3.4999999999999964, 'weighted_error': 1.0137377410087827, 'gamma': 1.0000000000000018}
{'sample_size': 500, 'difference': 0, 'noise': 0, 'n': 14, 'alpha': 0.6, 'shap_error': 0.07623837923573923, 'shap_norm_sq': 2.2399999999999967, 'weighted_error': 1.0197113885038651, 'gamma': 2.250000000000004}
{'sample_size': 500, 'difference': 0, 'noise': 0, 'n': 14, 'alpha': 0.7, 'shap_error': 0.1264299528872084, 'shap_norm_sq': 1.2599999999999971, 'weighted_error': 1.0128094998847388, 'gamma': 5.444444444444458}
{'sample_size': 500, 'difference': 0, 'noise': 0, 'n': 14, 'alpha': 0.8, 'shap_error': 0.7523130121142956, 'shap_norm_sq': 0.5599999999999967, 'weighted_error': 1.0390476244816333, 'gamma': 16.000000000000096}
{'sample_size': 500, 'difference': 0, 'noise': 0, 'n': 14, 'alpha': 0.2, 'shap_error': 0.00842763039900583, 'shap_norm_sq': 8.959999999999997, 'weighted_error': 1.007291065975928, 'gamma': 0.0625000000000001}
{'sample_size': 500, 'difference': 0, 'noise': 0, 'n': 14, 'alpha': 0.3, 'shap_error': 0.012836656524843304, 'shap_norm_sq': 6.859999999999986, 'weighted_error': 1.0131991208982958, 'gamma': 0.18367346938775558}
{'sample_size': 500, 'difference': 0, 'noise': 0, 'n': 14, 'alpha': 0.4, 'shap_error': 0.029676732037951594, 'shap_norm_sq': 5.04, 'weighted_error': 1.0348848919833507, 'gamma': 0.44444444444444486}
{'sample_size': 500, 'difference': 0, 'noise': 0, 'n': 14, 'alpha': 0.5, 'shap_error': 0.03088389443573615, 'shap_norm_sq': 3.4999999999999964, 'weighted_error': 1.01047573117043, 'gamma': 1.0000000000000018}
{'sample_size': 500, 'difference': 0, 'noise': 0, 'n': 14, 'alpha': 0.6, 'shap_error': 0.07740362537781612, 'shap_norm_sq': 2.2399999999999967, 'weighted_error': 1.020229275678122, 'gamma': 2.250000000000004}
{'sample_size': 500, 'difference': 0, 'noise': 0, 'n': 14, 'alpha': 0.7, 'shap_error': 0.3253968365206773, 'shap_norm_sq': 1.2599999999999971, 'weighted_error': 1.0493544376949682, 'gamma': 5.444444444444458}
{'sample_size': 500, 'difference': 0, 'noise': 0, 'n': 14, 'alpha': 0.8, 'shap_error': 0.49361540551848787, 'shap_norm_sq': 0.5599999999999967, 'weighted_error': 1.0228790240693952, 'gamma': 16.000000000000096}
{'sample_size': 500, 'difference': 0, 'noise': 0, 'n': 14, 'alpha': 0.2, 'shap_error': 0.009368712271180638, 'shap_norm_sq': 8.959999999999997, 'weighted_error': 1.0223483759307255, 'gamma': 0.0625000000000001}
{'sample_size': 500, 'difference': 0, 'noise': 0, 'n': 14, 'alpha': 0.3, 'shap_error': 0.014104871191452095, 'shap_norm_sq': 6.859999999999986, 'weighted_error': 1.0201038451942768, 'gamma': 0.18367346938775558}
{'sample_size': 500, 'difference': 0, 'noise': 0, 'n': 14, 'alpha': 0.4, 'shap_error': 0.02077107202628427, 'shap_norm_sq': 5.04, 'weighted_error': 1.014847156957099, 'gamma': 0.44444444444444486}
{'sample_size': 500, 'difference': 0, 'noise': 0, 'n': 14, 'alpha': 0.5, 'shap_error': 0.040820864047061096, 'shap_norm_sq': 3.4999999999999964, 'weighted_error': 1.0204127007817547, 'gamma': 1.0000000000000018}
{'sample_size': 500, 'difference': 0, 'noise': 0, 'n': 14, 'alpha': 0.6, 'shap_error': 0.05249337937452507, 'shap_norm_sq': 2.2399999999999967, 'weighted_error': 1.0091580552322155, 'gamma': 2.250000000000004}
{'sample_size': 500, 'difference': 0, 'noise': 0, 'n': 14, 'alpha': 0.7, 'shap_error': 0.10267568305515826, 'shap_norm_sq': 1.2599999999999971, 'weighted_error': 1.0084464707319134, 'gamma': 5.444444444444458}
{'sample_size': 500, 'difference': 0, 'noise': 0, 'n': 14, 'alpha': 0.8, 'shap_error': 0.7074438985641226, 'shap_norm_sq': 0.5599999999999967, 'weighted_error': 1.0362433048847473, 'gamma': 16.000000000000096}
{'sample_size': 500, 'difference': 0, 'noise': 0, 'n': 14, 'alpha': 0.2, 'shap_error': 0.00874939227592374, 'shap_norm_sq': 8.959999999999997, 'weighted_error': 1.0124392560066133, 'gamma': 0.0625000000000001}
{'sample_size': 500, 'difference': 0, 'noise': 0, 'n': 14, 'alpha': 0.3, 'shap_error': 0.012591547746846898, 'shap_norm_sq': 6.859999999999986, 'weighted_error': 1.0118646397736477, 'gamma': 0.18367346938775558}
{'sample_size': 500, 'difference': 0, 'noise': 0, 'n': 14, 'alpha': 0.4, 'shap_error': 0.01933898669175193, 'shap_norm_sq': 5.04, 'weighted_error': 1.0116249649544007, 'gamma': 0.44444444444444486}
{'sample_size': 500, 'difference': 0, 'noise': 0, 'n': 14, 'alpha': 0.5, 'shap_error': 0.035581965888184894, 'shap_norm_sq': 3.4999999999999964, 'weighted_error': 1.0151738026228792, 'gamma': 1.0000000000000018}
{'sample_size': 500, 'difference': 0, 'noise': 0, 'n': 14, 'alpha': 0.6, 'shap_error': 0.057747310358898844, 'shap_norm_sq': 2.2399999999999967, 'weighted_error': 1.0114931356697143, 'gamma': 2.250000000000004}
{'sample_size': 500, 'difference': 0, 'noise': 0, 'n': 14, 'alpha': 0.7, 'shap_error': 0.1905987736497484, 'shap_norm_sq': 1.2599999999999971, 'weighted_error': 1.0245956098207156, 'gamma': 5.444444444444458}
{'sample_size': 500, 'difference': 0, 'noise': 0, 'n': 14, 'alpha': 0.8, 'shap_error': 0.6375992657934166, 'shap_norm_sq': 0.5599999999999967, 'weighted_error': 1.031878015336578, 'gamma': 16.000000000000096}
{'sample_size': 500, 'difference': 0, 'noise': 0, 'n': 14, 'alpha': 0.2, 'shap_error': 0.008899084576318455, 'shap_norm_sq': 8.959999999999997, 'weighted_error': 1.01483433281293, 'gamma': 0.0625000000000001}
{'sample_size': 500, 'difference': 0, 'noise': 0, 'n': 14, 'alpha': 0.3, 'shap_error': 0.013697308735047315, 'shap_norm_sq': 6.859999999999986, 'weighted_error': 1.0178848940427396, 'gamma': 0.18367346938775558}
{'sample_size': 500, 'difference': 0, 'noise': 0, 'n': 14, 'alpha': 0.4, 'shap_error': 0.030800225251799485, 'shap_norm_sq': 5.04, 'weighted_error': 1.037412751714508, 'gamma': 0.44444444444444486}
{'sample_size': 500, 'difference': 0, 'noise': 0, 'n': 14, 'alpha': 0.5, 'shap_error': 0.06800430134324235, 'shap_norm_sq': 3.4999999999999964, 'weighted_error': 1.0475961380779362, 'gamma': 1.0000000000000018}
{'sample_size': 500, 'difference': 0, 'noise': 0, 'n': 14, 'alpha': 0.6, 'shap_error': 0.1026831188291942, 'shap_norm_sq': 2.2399999999999967, 'weighted_error': 1.031464606100957, 'gamma': 2.250000000000004}
{'sample_size': 500, 'difference': 0, 'noise': 0, 'n': 14, 'alpha': 0.7, 'shap_error': 0.15010082997897883, 'shap_norm_sq': 1.2599999999999971, 'weighted_error': 1.0171572120036356, 'gamma': 5.444444444444458}
{'sample_size': 500, 'difference': 0, 'noise': 0, 'n': 14, 'alpha': 0.8, 'shap_error': 1.3992094175940268, 'shap_norm_sq': 0.5599999999999967, 'weighted_error': 1.0794786498241167, 'gamma': 16.000000000000096}
{'sample_size': 500, 'difference': 0, 'noise': 0, 'n': 14, 'alpha': 0.2, 'shap_error': 0.010317943836092861, 'shap_norm_sq': 8.959999999999997, 'weighted_error': 1.037536080969321, 'gamma': 0.0625000000000001}
{'sample_size': 500, 'difference': 0, 'noise': 0, 'n': 14, 'alpha': 0.3, 'shap_error': 0.012517669832925606, 'shap_norm_sq': 6.859999999999986, 'weighted_error': 1.011462415575632, 'gamma': 0.18367346938775558}
{'sample_size': 500, 'difference': 0, 'noise': 0, 'n': 14, 'alpha': 0.4, 'shap_error': 0.021740707791157162, 'shap_norm_sq': 5.04, 'weighted_error': 1.017028837428062, 'gamma': 0.44444444444444486}
{'sample_size': 500, 'difference': 0, 'noise': 0, 'n': 14, 'alpha': 0.5, 'shap_error': 0.035367951715397215, 'shap_norm_sq': 3.4999999999999964, 'weighted_error': 1.0149597884500916, 'gamma': 1.0000000000000018}
{'sample_size': 500, 'difference': 0, 'noise': 0, 'n': 14, 'alpha': 0.6, 'shap_error': 0.07965452682158419, 'shap_norm_sq': 2.2399999999999967, 'weighted_error': 1.0212296763197959, 'gamma': 2.250000000000004}
{'sample_size': 500, 'difference': 0, 'noise': 0, 'n': 14, 'alpha': 0.7, 'shap_error': 0.1839386479523209, 'shap_norm_sq': 1.2599999999999971, 'weighted_error': 1.0233723214273107, 'gamma': 5.444444444444458}
{'sample_size': 500, 'difference': 0, 'noise': 0, 'n': 14, 'alpha': 0.8, 'shap_error': 0.3235642199892237, 'shap_norm_sq': 0.5599999999999967, 'weighted_error': 1.012250824973816, 'gamma': 16.000000000000096}
{'sample_size': 500, 'difference': 0, 'noise': 0, 'n': 14, 'alpha': 0.2, 'shap_error': 0.01088528951008001, 'shap_norm_sq': 8.959999999999997, 'weighted_error': 1.0466136117531133, 'gamma': 0.0625000000000001}
{'sample_size': 500, 'difference': 0, 'noise': 0, 'n': 14, 'alpha': 0.3, 'shap_error': 0.011663596524188427, 'shap_norm_sq': 6.859999999999986, 'weighted_error': 1.0068124608947302, 'gamma': 0.18367346938775558}
{'sample_size': 500, 'difference': 0, 'noise': 0, 'n': 14, 'alpha': 0.4, 'shap_error': 0.028004312032214894, 'shap_norm_sq': 5.04, 'weighted_error': 1.0311219469704422, 'gamma': 0.44444444444444486}
{'sample_size': 500, 'difference': 0, 'noise': 0, 'n': 14, 'alpha': 0.5, 'shap_error': 0.05068037178595239, 'shap_norm_sq': 3.4999999999999964, 'weighted_error': 1.0302722085206466, 'gamma': 1.0000000000000018}
{'sample_size': 500, 'difference': 0, 'noise': 0, 'n': 14, 'alpha': 0.6, 'shap_error': 0.06624547258833391, 'shap_norm_sq': 2.2399999999999967, 'weighted_error': 1.0152700966605737, 'gamma': 2.250000000000004}
{'sample_size': 500, 'difference': 0, 'noise': 0, 'n': 14, 'alpha': 0.7, 'shap_error': 0.10594989725990038, 'shap_norm_sq': 1.2599999999999971, 'weighted_error': 1.0090478570144175, 'gamma': 5.444444444444458}
{'sample_size': 500, 'difference': 0, 'noise': 0, 'n': 14, 'alpha': 0.8, 'shap_error': 0.26085903349986644, 'shap_norm_sq': 0.5599999999999967, 'weighted_error': 1.0083317508182312, 'gamma': 16.000000000000096}
{'sample_size': 500, 'difference': 0, 'noise': 0, 'n': 14, 'alpha': 0.2, 'shap_error': 0.009256529812782898, 'shap_norm_sq': 8.959999999999997, 'weighted_error': 1.0205534565963605, 'gamma': 0.0625000000000001}
{'sample_size': 500, 'difference': 0, 'noise': 0, 'n': 14, 'alpha': 0.3, 'shap_error': 0.012431068209848377, 'shap_norm_sq': 6.859999999999986, 'weighted_error': 1.0109909178499898, 'gamma': 0.18367346938775558}
{'sample_size': 500, 'difference': 0, 'noise': 0, 'n': 14, 'alpha': 0.4, 'shap_error': 0.018927905728977967, 'shap_norm_sq': 5.04, 'weighted_error': 1.0107000327881592, 'gamma': 0.44444444444444486}
{'sample_size': 500, 'difference': 0, 'noise': 0, 'n': 14, 'alpha': 0.5, 'shap_error': 0.03643781750443966, 'shap_norm_sq': 3.4999999999999964, 'weighted_error': 1.016029654239133, 'gamma': 1.0000000000000018}
{'sample_size': 500, 'difference': 0, 'noise': 0, 'n': 14, 'alpha': 0.6, 'shap_error': 0.1876731689540513, 'shap_norm_sq': 2.2399999999999967, 'weighted_error': 1.0692379617120051, 'gamma': 2.250000000000004}
{'sample_size': 500, 'difference': 0, 'noise': 0, 'n': 14, 'alpha': 0.7, 'shap_error': 0.152596651199116, 'shap_norm_sq': 1.2599999999999971, 'weighted_error': 1.0176156281461097, 'gamma': 5.444444444444458}
{'sample_size': 500, 'difference': 0, 'noise': 0, 'n': 14, 'alpha': 0.8, 'shap_error': 0.22517026522032987, 'shap_norm_sq': 0.5599999999999967, 'weighted_error': 1.00610120280076, 'gamma': 16.000000000000096}
{'sample_size': 500, 'difference': 0, 'noise': 0, 'n': 14, 'alpha': 0.2, 'shap_error': 0.009626267702769893, 'shap_norm_sq': 8.959999999999997, 'weighted_error': 1.0264692628361538, 'gamma': 0.0625000000000001}
{'sample_size': 500, 'difference': 0, 'noise': 0, 'n': 14, 'alpha': 0.3, 'shap_error': 0.012487662575671549, 'shap_norm_sq': 6.859999999999986, 'weighted_error': 1.011299042730582, 'gamma': 0.18367346938775558}
{'sample_size': 500, 'difference': 0, 'noise': 0, 'n': 14, 'alpha': 0.4, 'shap_error': 0.015598662306084053, 'shap_norm_sq': 5.04, 'weighted_error': 1.003209235086648, 'gamma': 0.44444444444444486}
{'sample_size': 500, 'difference': 0, 'noise': 0, 'n': 14, 'alpha': 0.5, 'shap_error': 0.02806607144001707, 'shap_norm_sq': 3.4999999999999964, 'weighted_error': 1.0076579081747106, 'gamma': 1.0000000000000018}
{'sample_size': 500, 'difference': 0, 'noise': 0, 'n': 14, 'alpha': 0.6, 'shap_error': 0.05874503315196395, 'shap_norm_sq': 2.2399999999999967, 'weighted_error': 1.0119365680221881, 'gamma': 2.250000000000004}
{'sample_size': 500, 'difference': 0, 'noise': 0, 'n': 14, 'alpha': 0.7, 'shap_error': 0.11991816121789177, 'shap_norm_sq': 1.2599999999999971, 'weighted_error': 1.011613456516906, 'gamma': 5.444444444444458}
{'sample_size': 500, 'difference': 0, 'noise': 0, 'n': 14, 'alpha': 0.8, 'shap_error': 0.35462206648417904, 'shap_norm_sq': 0.5599999999999967, 'weighted_error': 1.0141919403797512, 'gamma': 16.000000000000096}
{'sample_size': 500, 'difference': 0, 'noise': 0, 'n': 14, 'alpha': 0.2, 'shap_error': 0.009324395263160682, 'shap_norm_sq': 8.959999999999997, 'weighted_error': 1.021639303802406, 'gamma': 0.0625000000000001}
{'sample_size': 500, 'difference': 0, 'noise': 0, 'n': 14, 'alpha': 0.3, 'shap_error': 0.012176882912785155, 'shap_norm_sq': 6.859999999999986, 'weighted_error': 1.009607020121534, 'gamma': 0.18367346938775558}
{'sample_size': 500, 'difference': 0, 'noise': 0, 'n': 14, 'alpha': 0.4, 'shap_error': 0.023827946205120857, 'shap_norm_sq': 5.04, 'weighted_error': 1.021725123859481, 'gamma': 0.44444444444444486}
{'sample_size': 500, 'difference': 0, 'noise': 0, 'n': 14, 'alpha': 0.5, 'shap_error': 0.04778849465222829, 'shap_norm_sq': 3.4999999999999964, 'weighted_error': 1.0273803313869214, 'gamma': 1.0000000000000018}
{'sample_size': 500, 'difference': 0, 'noise': 0, 'n': 14, 'alpha': 0.6, 'shap_error': 0.05572316138065078, 'shap_norm_sq': 2.2399999999999967, 'weighted_error': 1.0105935139016042, 'gamma': 2.250000000000004}
{'sample_size': 500, 'difference': 0, 'noise': 0, 'n': 14, 'alpha': 0.7, 'shap_error': 0.1816148164641996, 'shap_norm_sq': 1.2599999999999971, 'weighted_error': 1.0229454952356147, 'gamma': 5.444444444444458}
{'sample_size': 500, 'difference': 0, 'noise': 0, 'n': 14, 'alpha': 0.8, 'shap_error': 0.2591738572358021, 'shap_norm_sq': 0.5599999999999967, 'weighted_error': 1.0082264273017272, 'gamma': 16.000000000000096}
{'sample_size': 500, 'difference': 0, 'noise': 0, 'n': 14, 'alpha': 0.2, 'shap_error': 0.008746658267725495, 'shap_norm_sq': 8.959999999999997, 'weighted_error': 1.0123955118754424, 'gamma': 0.0625000000000001}
{'sample_size': 500, 'difference': 0, 'noise': 0, 'n': 14, 'alpha': 0.3, 'shap_error': 0.013219223080051029, 'shap_norm_sq': 6.859999999999986, 'weighted_error': 1.0152819832544258, 'gamma': 0.18367346938775558}
{'sample_size': 500, 'difference': 0, 'noise': 0, 'n': 14, 'alpha': 0.4, 'shap_error': 0.02303566620201114, 'shap_norm_sq': 5.04, 'weighted_error': 1.019942493852484, 'gamma': 0.44444444444444486}
{'sample_size': 500, 'difference': 0, 'noise': 0, 'n': 14, 'alpha': 0.5, 'shap_error': 0.029092664298236374, 'shap_norm_sq': 3.4999999999999964, 'weighted_error': 1.00868450103293, 'gamma': 1.0000000000000018}
{'sample_size': 500, 'difference': 0, 'noise': 0, 'n': 14, 'alpha': 0.6, 'shap_error': 0.09723509897359138, 'shap_norm_sq': 2.2399999999999967, 'weighted_error': 1.0290432639429115, 'gamma': 2.250000000000004}
{'sample_size': 500, 'difference': 0, 'noise': 0, 'n': 14, 'alpha': 0.7, 'shap_error': 0.07413483784672964, 'shap_norm_sq': 1.2599999999999971, 'weighted_error': 1.0032042746732228, 'gamma': 5.444444444444458}
{'sample_size': 500, 'difference': 0, 'noise': 0, 'n': 14, 'alpha': 0.8, 'shap_error': 0.36246685774484744, 'shap_norm_sq': 0.5599999999999967, 'weighted_error': 1.0146822398335429, 'gamma': 16.000000000000096}
{'sample_size': 500, 'difference': 0, 'noise': 0, 'n': 14, 'alpha': 0.2, 'shap_error': 0.008604757015991123, 'shap_norm_sq': 8.959999999999997, 'weighted_error': 1.0101250918476927, 'gamma': 0.0625000000000001}
{'sample_size': 500, 'difference': 0, 'noise': 0, 'n': 14, 'alpha': 0.3, 'shap_error': 0.014619055509958455, 'shap_norm_sq': 6.859999999999986, 'weighted_error': 1.0229032931505873, 'gamma': 0.18367346938775558}
{'sample_size': 500, 'difference': 0, 'noise': 0, 'n': 14, 'alpha': 0.4, 'shap_error': 0.028485233455098444, 'shap_norm_sq': 5.04, 'weighted_error': 1.0322040201719302, 'gamma': 0.44444444444444486}
{'sample_size': 500, 'difference': 0, 'noise': 0, 'n': 14, 'alpha': 0.5, 'shap_error': 0.04059339358391644, 'shap_norm_sq': 3.4999999999999964, 'weighted_error': 1.0201852303186094, 'gamma': 1.0000000000000018}
{'sample_size': 500, 'difference': 0, 'noise': 0, 'n': 14, 'alpha': 0.6, 'shap_error': 0.04995161579741059, 'shap_norm_sq': 2.2399999999999967, 'weighted_error': 1.0080283825312748, 'gamma': 2.250000000000004}
{'sample_size': 500, 'difference': 0, 'noise': 0, 'n': 14, 'alpha': 0.7, 'shap_error': 0.12706365314258147, 'shap_norm_sq': 1.2599999999999971, 'weighted_error': 1.012925893809195, 'gamma': 5.444444444444458}
{'sample_size': 500, 'difference': 0, 'noise': 0, 'n': 14, 'alpha': 0.8, 'shap_error': 0.2572425105935027, 'shap_norm_sq': 0.5599999999999967, 'weighted_error': 1.0081057181365842, 'gamma': 16.000000000000096}
{'sample_size': 500, 'difference': 0, 'noise': 0, 'n': 14, 'alpha': 0.2, 'shap_error': 0.008375457010673795, 'shap_norm_sq': 8.959999999999997, 'weighted_error': 1.006456291762615, 'gamma': 0.0625000000000001}
{'sample_size': 500, 'difference': 0, 'noise': 0, 'n': 14, 'alpha': 0.3, 'shap_error': 0.012685752430840976, 'shap_norm_sq': 6.859999999999986, 'weighted_error': 1.0123775319420603, 'gamma': 0.18367346938775558}
{'sample_size': 500, 'difference': 0, 'noise': 0, 'n': 14, 'alpha': 0.4, 'shap_error': 0.01894710374598522, 'shap_norm_sq': 5.04, 'weighted_error': 1.0107432283264253, 'gamma': 0.44444444444444486}
{'sample_size': 500, 'difference': 0, 'noise': 0, 'n': 14, 'alpha': 0.5, 'shap_error': 0.042872945094686296, 'shap_norm_sq': 3.4999999999999964, 'weighted_error': 1.0224647818293788, 'gamma': 1.0000000000000018}
{'sample_size': 500, 'difference': 0, 'noise': 0, 'n': 14, 'alpha': 0.6, 'shap_error': 0.05664617384908862, 'shap_norm_sq': 2.2399999999999967, 'weighted_error': 1.0110037416653543, 'gamma': 2.250000000000004}
{'sample_size': 500, 'difference': 0, 'noise': 0, 'n': 14, 'alpha': 0.7, 'shap_error': 0.15503030523900166, 'shap_norm_sq': 1.2599999999999971, 'weighted_error': 1.0180626258269045, 'gamma': 5.444444444444458}
{'sample_size': 500, 'difference': 0, 'noise': 0, 'n': 14, 'alpha': 0.8, 'shap_error': 0.6480592123097761, 'shap_norm_sq': 0.5599999999999967, 'weighted_error': 1.0325317619938508, 'gamma': 16.000000000000096}
{'sample_size': 500, 'difference': 0, 'noise': 0, 'n': 14, 'alpha': 0.2, 'shap_error': 0.008460520638760098, 'shap_norm_sq': 8.959999999999997, 'weighted_error': 1.0078173098119971, 'gamma': 0.0625000000000001}
{'sample_size': 500, 'difference': 0, 'noise': 0, 'n': 14, 'alpha': 0.3, 'shap_error': 0.01517489476040432, 'shap_norm_sq': 6.859999999999986, 'weighted_error': 1.0259295290696817, 'gamma': 0.18367346938775558}
{'sample_size': 500, 'difference': 0, 'noise': 0, 'n': 14, 'alpha': 0.4, 'shap_error': 0.03435971065717853, 'shap_norm_sq': 5.04, 'weighted_error': 1.0454215938766112, 'gamma': 0.44444444444444486}
{'sample_size': 500, 'difference': 0, 'noise': 0, 'n': 14, 'alpha': 0.5, 'shap_error': 0.0358967126713237, 'shap_norm_sq': 3.4999999999999964, 'weighted_error': 1.0154885494060166, 'gamma': 1.0000000000000018}
{'sample_size': 500, 'difference': 0, 'noise': 0, 'n': 14, 'alpha': 0.6, 'shap_error': 0.0980751615172975, 'shap_norm_sq': 2.2399999999999967, 'weighted_error': 1.0294166250734471, 'gamma': 2.250000000000004}
{'sample_size': 500, 'difference': 0, 'noise': 0, 'n': 14, 'alpha': 0.7, 'shap_error': 0.2876247156877662, 'shap_norm_sq': 1.2599999999999971, 'weighted_error': 1.042416701215454, 'gamma': 5.444444444444458}
{'sample_size': 500, 'difference': 0, 'noise': 0, 'n': 14, 'alpha': 0.8, 'shap_error': 0.42998871874598266, 'shap_norm_sq': 0.5599999999999967, 'weighted_error': 1.0189023561461137, 'gamma': 16.000000000000096}
{'sample_size': 500, 'difference': 0, 'noise': 0, 'n': 14, 'alpha': 0.2, 'shap_error': 0.010276632305171228, 'shap_norm_sq': 8.959999999999997, 'weighted_error': 1.0368750964745752, 'gamma': 0.0625000000000001}
{'sample_size': 500, 'difference': 0, 'noise': 0, 'n': 14, 'alpha': 0.3, 'shap_error': 0.015519290350302204, 'shap_norm_sq': 6.859999999999986, 'weighted_error': 1.0278045717257938, 'gamma': 0.18367346938775558}
{'sample_size': 500, 'difference': 0, 'noise': 0, 'n': 14, 'alpha': 0.4, 'shap_error': 0.030108657828897767, 'shap_norm_sq': 5.04, 'weighted_error': 1.0358567250129793, 'gamma': 0.44444444444444486}
{'sample_size': 500, 'difference': 0, 'noise': 0, 'n': 14, 'alpha': 0.5, 'shap_error': 0.03743107791779332, 'shap_norm_sq': 3.4999999999999964, 'weighted_error': 1.017022914652487, 'gamma': 1.0000000000000018}
{'sample_size': 500, 'difference': 0, 'noise': 0, 'n': 14, 'alpha': 0.6, 'shap_error': 0.11098156676748011, 'shap_norm_sq': 2.2399999999999967, 'weighted_error': 1.0351528051846384, 'gamma': 2.250000000000004}
{'sample_size': 500, 'difference': 0, 'noise': 0, 'n': 14, 'alpha': 0.7, 'shap_error': 0.10156811125338801, 'shap_norm_sq': 1.2599999999999971, 'weighted_error': 1.008243039176486, 'gamma': 5.444444444444458}
{'sample_size': 500, 'difference': 0, 'noise': 0, 'n': 14, 'alpha': 0.8, 'shap_error': 0.35957316428105834, 'shap_norm_sq': 0.5599999999999967, 'weighted_error': 1.0145013839920551, 'gamma': 16.000000000000096}
{'sample_size': 500, 'difference': 0, 'noise': 0, 'n': 14, 'alpha': 0.2, 'shap_error': 0.008824857792280033, 'shap_norm_sq': 8.959999999999997, 'weighted_error': 1.0136467042683153, 'gamma': 0.0625000000000001}
{'sample_size': 500, 'difference': 0, 'noise': 0, 'n': 14, 'alpha': 0.3, 'shap_error': 0.016804486606675186, 'shap_norm_sq': 6.859999999999986, 'weighted_error': 1.0348017513438241, 'gamma': 0.18367346938775558}
{'sample_size': 500, 'difference': 0, 'noise': 0, 'n': 14, 'alpha': 0.4, 'shap_error': 0.019943752324561408, 'shap_norm_sq': 5.04, 'weighted_error': 1.0129856876282228, 'gamma': 0.44444444444444486}
{'sample_size': 500, 'difference': 0, 'noise': 0, 'n': 14, 'alpha': 0.5, 'shap_error': 0.029261147503339534, 'shap_norm_sq': 3.4999999999999964, 'weighted_error': 1.008852984238033, 'gamma': 1.0000000000000018}
{'sample_size': 500, 'difference': 0, 'noise': 0, 'n': 14, 'alpha': 0.6, 'shap_error': 0.0956941437952823, 'shap_norm_sq': 2.2399999999999967, 'weighted_error': 1.0283583949747737, 'gamma': 2.250000000000004}
{'sample_size': 500, 'difference': 0, 'noise': 0, 'n': 14, 'alpha': 0.7, 'shap_error': 0.13041442919954427, 'shap_norm_sq': 1.2599999999999971, 'weighted_error': 1.0135413424727195, 'gamma': 5.444444444444458}
{'sample_size': 500, 'difference': 0, 'noise': 0, 'n': 14, 'alpha': 0.8, 'shap_error': 0.24565826245879174, 'shap_norm_sq': 0.5599999999999967, 'weighted_error': 1.0073817026281637, 'gamma': 16.000000000000096}
{'sample_size': 500, 'difference': 0, 'noise': 0, 'n': 14, 'alpha': 0.2, 'shap_error': 0.00993705636581086, 'shap_norm_sq': 8.959999999999997, 'weighted_error': 1.0314418814448092, 'gamma': 0.0625000000000001}
{'sample_size': 500, 'difference': 0, 'noise': 0, 'n': 14, 'alpha': 0.3, 'shap_error': 0.012836019899722486, 'shap_norm_sq': 6.859999999999986, 'weighted_error': 1.013195654828193, 'gamma': 0.18367346938775558}
{'sample_size': 500, 'difference': 0, 'noise': 0, 'n': 14, 'alpha': 0.4, 'shap_error': 0.020041099060470725, 'shap_norm_sq': 5.04, 'weighted_error': 1.0132047177840178, 'gamma': 0.44444444444444486}
{'sample_size': 500, 'difference': 0, 'noise': 0, 'n': 14, 'alpha': 0.5, 'shap_error': 0.036910320419941134, 'shap_norm_sq': 3.4999999999999964, 'weighted_error': 1.016502157154635, 'gamma': 1.0000000000000018}
{'sample_size': 500, 'difference': 0, 'noise': 0, 'n': 14, 'alpha': 0.6, 'shap_error': 0.10402852670869402, 'shap_norm_sq': 2.2399999999999967, 'weighted_error': 1.032062565158512, 'gamma': 2.250000000000004}
{'sample_size': 500, 'difference': 0, 'noise': 0, 'n': 14, 'alpha': 0.7, 'shap_error': 0.13825805810410652, 'shap_norm_sq': 1.2599999999999971, 'weighted_error': 1.01498200900621, 'gamma': 5.444444444444458}
{'sample_size': 500, 'difference': 0, 'noise': 0, 'n': 14, 'alpha': 0.8, 'shap_error': 0.3664726611708166, 'shap_norm_sq': 0.5599999999999967, 'weighted_error': 1.014932602547665, 'gamma': 16.000000000000096}
{'sample_size': 500, 'difference': 0, 'noise': 0, 'n': 14, 'alpha': 0.2, 'shap_error': 0.008900191003115955, 'shap_norm_sq': 8.959999999999997, 'weighted_error': 1.0148520356416897, 'gamma': 0.0625000000000001}
{'sample_size': 500, 'difference': 0, 'noise': 0, 'n': 14, 'alpha': 0.3, 'shap_error': 0.01256848983531468, 'shap_norm_sq': 6.859999999999986, 'weighted_error': 1.0117391022553062, 'gamma': 0.18367346938775558}
{'sample_size': 500, 'difference': 0, 'noise': 0, 'n': 14, 'alpha': 0.4, 'shap_error': 0.02344730644097549, 'shap_norm_sq': 5.04, 'weighted_error': 1.0208686843901544, 'gamma': 0.44444444444444486}
{'sample_size': 500, 'difference': 0, 'noise': 0, 'n': 14, 'alpha': 0.5, 'shap_error': 0.03520909745578535, 'shap_norm_sq': 3.4999999999999964, 'weighted_error': 1.0148009341904782, 'gamma': 1.0000000000000018}
{'sample_size': 500, 'difference': 0, 'noise': 0, 'n': 14, 'alpha': 0.6, 'shap_error': 0.15814222406066067, 'shap_norm_sq': 2.2399999999999967, 'weighted_error': 1.0561130973149406, 'gamma': 2.250000000000004}
{'sample_size': 500, 'difference': 0, 'noise': 0, 'n': 14, 'alpha': 0.7, 'shap_error': 0.14579746395923243, 'shap_norm_sq': 1.2599999999999971, 'weighted_error': 1.0163667978367439, 'gamma': 5.444444444444458}
{'sample_size': 500, 'difference': 0, 'noise': 0, 'n': 14, 'alpha': 0.8, 'shap_error': 0.4084161592269907, 'shap_norm_sq': 0.5599999999999967, 'weighted_error': 1.017554071176177, 'gamma': 16.000000000000096}
{'sample_size': 500, 'difference': 0, 'noise': 0, 'n': 14, 'alpha': 0.2, 'shap_error': 0.008507014267306661, 'shap_norm_sq': 8.959999999999997, 'weighted_error': 1.0085612078687407, 'gamma': 0.0625000000000001}
{'sample_size': 500, 'difference': 0, 'noise': 0, 'n': 14, 'alpha': 0.3, 'shap_error': 0.01566296533851956, 'shap_norm_sq': 6.859999999999986, 'weighted_error': 1.0285868022171993, 'gamma': 0.18367346938775558}
{'sample_size': 500, 'difference': 0, 'noise': 0, 'n': 14, 'alpha': 0.4, 'shap_error': 0.02190941321495457, 'shap_norm_sq': 5.04, 'weighted_error': 1.0174084246316066, 'gamma': 0.44444444444444486}
{'sample_size': 500, 'difference': 0, 'noise': 0, 'n': 14, 'alpha': 0.5, 'shap_error': 0.04153894712507945, 'shap_norm_sq': 3.4999999999999964, 'weighted_error': 1.021130783859773, 'gamma': 1.0000000000000018}
{'sample_size': 500, 'difference': 0, 'noise': 0, 'n': 14, 'alpha': 0.6, 'shap_error': 0.07480418879326385, 'shap_norm_sq': 2.2399999999999967, 'weighted_error': 1.0190739705294312, 'gamma': 2.250000000000004}
{'sample_size': 500, 'difference': 0, 'noise': 0, 'n': 14, 'alpha': 0.7, 'shap_error': 0.2905588203231105, 'shap_norm_sq': 1.2599999999999971, 'weighted_error': 1.0429556183933746, 'gamma': 5.444444444444458}
{'sample_size': 500, 'difference': 0, 'noise': 0, 'n': 14, 'alpha': 0.8, 'shap_error': 1.3763492460794289, 'shap_norm_sq': 0.5599999999999967, 'weighted_error': 1.0780498891044552, 'gamma': 16.000000000000096}
{'sample_size': 500, 'difference': 0, 'noise': 0, 'n': 14, 'alpha': 0.2, 'shap_error': 0.009500540202502501, 'shap_norm_sq': 8.959999999999997, 'weighted_error': 1.0244576228318754, 'gamma': 0.0625000000000001}
{'sample_size': 500, 'difference': 0, 'noise': 0, 'n': 14, 'alpha': 0.3, 'shap_error': 0.014969229596593539, 'shap_norm_sq': 6.859999999999986, 'weighted_error': 1.024809796511158, 'gamma': 0.18367346938775558}
{'sample_size': 500, 'difference': 0, 'noise': 0, 'n': 14, 'alpha': 0.4, 'shap_error': 0.017232215958100486, 'shap_norm_sq': 5.04, 'weighted_error': 1.0068847308036857, 'gamma': 0.44444444444444486}
{'sample_size': 500, 'difference': 0, 'noise': 0, 'n': 14, 'alpha': 0.5, 'shap_error': 0.031241002420614863, 'shap_norm_sq': 3.4999999999999964, 'weighted_error': 1.0108328391553085, 'gamma': 1.0000000000000018}
{'sample_size': 500, 'difference': 0, 'noise': 0, 'n': 14, 'alpha': 0.6, 'shap_error': 0.09324031060206751, 'shap_norm_sq': 2.2399999999999967, 'weighted_error': 1.0272678024444555, 'gamma': 2.250000000000004}
{'sample_size': 500, 'difference': 0, 'noise': 0, 'n': 14, 'alpha': 0.7, 'shap_error': 0.27120886511577647, 'shap_norm_sq': 1.2599999999999971, 'weighted_error': 1.0394015449879452, 'gamma': 5.444444444444458}
{'sample_size': 500, 'difference': 0, 'noise': 0, 'n': 14, 'alpha': 0.8, 'shap_error': 0.6544742720459267, 'shap_norm_sq': 0.5599999999999967, 'weighted_error': 1.0329327032273605, 'gamma': 16.000000000000096}
{'sample_size': 500, 'difference': 0, 'noise': 0, 'n': 14, 'alpha': 0.2, 'shap_error': 0.008828150521565598, 'shap_norm_sq': 8.959999999999997, 'weighted_error': 1.0136993879368832, 'gamma': 0.0625000000000001}
{'sample_size': 500, 'difference': 0, 'noise': 0, 'n': 14, 'alpha': 0.3, 'shap_error': 0.017433641512373473, 'shap_norm_sq': 6.859999999999986, 'weighted_error': 1.03822715027485, 'gamma': 0.18367346938775558}
{'sample_size': 500, 'difference': 0, 'noise': 0, 'n': 14, 'alpha': 0.4, 'shap_error': 0.02936133445721888, 'shap_norm_sq': 5.04, 'weighted_error': 1.034175247426702, 'gamma': 0.44444444444444486}
{'sample_size': 500, 'difference': 0, 'noise': 0, 'n': 14, 'alpha': 0.5, 'shap_error': 0.03798638469515544, 'shap_norm_sq': 3.4999999999999964, 'weighted_error': 1.0175782214298488, 'gamma': 1.0000000000000018}
{'sample_size': 500, 'difference': 0, 'noise': 0, 'n': 14, 'alpha': 0.6, 'shap_error': 0.08899494860155778, 'shap_norm_sq': 2.2399999999999967, 'weighted_error': 1.0253809748886742, 'gamma': 2.250000000000004}
{'sample_size': 500, 'difference': 0, 'noise': 0, 'n': 14, 'alpha': 0.7, 'shap_error': 0.1500188692461055, 'shap_norm_sq': 1.2599999999999971, 'weighted_error': 1.0171421579914752, 'gamma': 5.444444444444458}
{'sample_size': 500, 'difference': 0, 'noise': 0, 'n': 14, 'alpha': 0.8, 'shap_error': 0.3820396590078685, 'shap_norm_sq': 0.5599999999999967, 'weighted_error': 1.0159055399124812, 'gamma': 16.000000000000096}
{'sample_size': 500, 'difference': 0, 'noise': 0, 'n': 14, 'alpha': 0.2, 'shap_error': 0.010745757009365512, 'shap_norm_sq': 8.959999999999997, 'weighted_error': 1.0443810917416827, 'gamma': 0.0625000000000001}
{'sample_size': 500, 'difference': 0, 'noise': 0, 'n': 14, 'alpha': 0.3, 'shap_error': 0.012019758055017095, 'shap_norm_sq': 6.859999999999986, 'weighted_error': 1.0087515625625745, 'gamma': 0.18367346938775558}
{'sample_size': 500, 'difference': 0, 'noise': 0, 'n': 14, 'alpha': 0.4, 'shap_error': 0.027128165960327612, 'shap_norm_sq': 5.04, 'weighted_error': 1.0291506183086967, 'gamma': 0.44444444444444486}
{'sample_size': 500, 'difference': 0, 'noise': 0, 'n': 14, 'alpha': 0.5, 'shap_error': 0.05919708348936438, 'shap_norm_sq': 3.4999999999999964, 'weighted_error': 1.0387889202240572, 'gamma': 1.0000000000000018}
{'sample_size': 500, 'difference': 0, 'noise': 0, 'n': 14, 'alpha': 0.6, 'shap_error': 0.0827960370446148, 'shap_norm_sq': 2.2399999999999967, 'weighted_error': 1.0226259030855878, 'gamma': 2.250000000000004}
{'sample_size': 500, 'difference': 0, 'noise': 0, 'n': 14, 'alpha': 0.7, 'shap_error': 0.13880407787817559, 'shap_norm_sq': 1.2599999999999971, 'weighted_error': 1.0150822983524674, 'gamma': 5.444444444444458}
{'sample_size': 500, 'difference': 0, 'noise': 0, 'n': 14, 'alpha': 0.8, 'shap_error': 0.354228188355809, 'shap_norm_sq': 0.5599999999999967, 'weighted_error': 1.014167322996728, 'gamma': 16.000000000000096}
{'sample_size': 500, 'difference': 0, 'noise': 0, 'n': 14, 'alpha': 0.2, 'shap_error': 0.01096000087653338, 'shap_norm_sq': 8.959999999999997, 'weighted_error': 1.047808993616367, 'gamma': 0.0625000000000001}
{'sample_size': 500, 'difference': 0, 'noise': 0, 'n': 14, 'alpha': 0.3, 'shap_error': 0.01942458737465149, 'shap_norm_sq': 6.859999999999986, 'weighted_error': 1.0490667444139186, 'gamma': 0.18367346938775558}
{'sample_size': 500, 'difference': 0, 'noise': 0, 'n': 14, 'alpha': 0.4, 'shap_error': 0.029030230423917974, 'shap_norm_sq': 5.04, 'weighted_error': 1.033430263351775, 'gamma': 0.44444444444444486}
{'sample_size': 500, 'difference': 0, 'noise': 0, 'n': 14, 'alpha': 0.5, 'shap_error': 0.02898925300419684, 'shap_norm_sq': 3.4999999999999964, 'weighted_error': 1.008581089738891, 'gamma': 1.0000000000000018}
{'sample_size': 500, 'difference': 0, 'noise': 0, 'n': 14, 'alpha': 0.6, 'shap_error': 0.09038637281488869, 'shap_norm_sq': 2.2399999999999967, 'weighted_error': 1.0259993856501544, 'gamma': 2.250000000000004}
{'sample_size': 500, 'difference': 0, 'noise': 0, 'n': 14, 'alpha': 0.7, 'shap_error': 0.1774579561704689, 'shap_norm_sq': 1.2599999999999971, 'weighted_error': 1.022181990283705, 'gamma': 5.444444444444458}
{'sample_size': 500, 'difference': 0, 'noise': 0, 'n': 14, 'alpha': 0.8, 'shap_error': 0.5748072994517741, 'shap_norm_sq': 0.5599999999999967, 'weighted_error': 1.0279535174402246, 'gamma': 16.000000000000096}
{'sample_size': 500, 'difference': 0, 'noise': 0, 'n': 14, 'alpha': 0.2, 'shap_error': 0.012149753694693025, 'shap_norm_sq': 8.959999999999997, 'weighted_error': 1.0668450387069255, 'gamma': 0.0625000000000001}
{'sample_size': 500, 'difference': 0, 'noise': 0, 'n': 14, 'alpha': 0.3, 'shap_error': 0.014484933377050176, 'shap_norm_sq': 6.859999999999986, 'weighted_error': 1.022173072649199, 'gamma': 0.18367346938775558}
{'sample_size': 500, 'difference': 0, 'noise': 0, 'n': 14, 'alpha': 0.4, 'shap_error': 0.01776339686649466, 'shap_norm_sq': 5.04, 'weighted_error': 1.0080798878475719, 'gamma': 0.44444444444444486}
{'sample_size': 500, 'difference': 0, 'noise': 0, 'n': 14, 'alpha': 0.5, 'shap_error': 0.058539977870701664, 'shap_norm_sq': 3.4999999999999964, 'weighted_error': 1.0381318146053948, 'gamma': 1.0000000000000018}
{'sample_size': 500, 'difference': 0, 'noise': 0, 'n': 14, 'alpha': 0.6, 'shap_error': 0.11532498381255757, 'shap_norm_sq': 2.2399999999999967, 'weighted_error': 1.0370832127602299, 'gamma': 2.250000000000004}
{'sample_size': 500, 'difference': 0, 'noise': 0, 'n': 14, 'alpha': 0.7, 'shap_error': 0.09406560495504149, 'shap_norm_sq': 1.2599999999999971, 'weighted_error': 1.006865027815566, 'gamma': 5.444444444444458}
{'sample_size': 500, 'difference': 0, 'noise': 0, 'n': 14, 'alpha': 0.8, 'shap_error': 0.44785105373541173, 'shap_norm_sq': 0.5599999999999967, 'weighted_error': 1.0200187520829536, 'gamma': 16.000000000000096}
{'sample_size': 500, 'difference': 0, 'noise': 0, 'n': 14, 'alpha': 0.2, 'shap_error': 0.01042474458364816, 'shap_norm_sq': 8.959999999999997, 'weighted_error': 1.0392448929302065, 'gamma': 0.0625000000000001}
{'sample_size': 500, 'difference': 0, 'noise': 0, 'n': 14, 'alpha': 0.3, 'shap_error': 0.014921665637521033, 'shap_norm_sq': 6.859999999999986, 'weighted_error': 1.0245508371784293, 'gamma': 0.18367346938775558}
{'sample_size': 500, 'difference': 0, 'noise': 0, 'n': 14, 'alpha': 0.4, 'shap_error': 0.025850162980698504, 'shap_norm_sq': 5.04, 'weighted_error': 1.0262751116045314, 'gamma': 0.44444444444444486}
{'sample_size': 500, 'difference': 0, 'noise': 0, 'n': 14, 'alpha': 0.5, 'shap_error': 0.05385030051908724, 'shap_norm_sq': 3.4999999999999964, 'weighted_error': 1.0334421372537816, 'gamma': 1.0000000000000018}
{'sample_size': 500, 'difference': 0, 'noise': 0, 'n': 14, 'alpha': 0.6, 'shap_error': 0.03689916403439825, 'shap_norm_sq': 2.2399999999999967, 'weighted_error': 1.002227292858825, 'gamma': 2.250000000000004}
{'sample_size': 500, 'difference': 0, 'noise': 0, 'n': 14, 'alpha': 0.7, 'shap_error': 0.179574590967482, 'shap_norm_sq': 1.2599999999999971, 'weighted_error': 1.0225707599402996, 'gamma': 5.444444444444458}
{'sample_size': 500, 'difference': 0, 'noise': 0, 'n': 14, 'alpha': 0.8, 'shap_error': 0.6625559804282585, 'shap_norm_sq': 0.5599999999999967, 'weighted_error': 1.0334378100012558, 'gamma': 16.000000000000096}
{'sample_size': 500, 'difference': 0, 'noise': 0, 'n': 14, 'alpha': 0.2, 'shap_error': 0.008440793643397717, 'shap_norm_sq': 8.959999999999997, 'weighted_error': 1.007501677886199, 'gamma': 0.0625000000000001}
{'sample_size': 500, 'difference': 0, 'noise': 0, 'n': 14, 'alpha': 0.3, 'shap_error': 0.011994550699563018, 'shap_norm_sq': 6.859999999999986, 'weighted_error': 1.008614322516214, 'gamma': 0.18367346938775558}
{'sample_size': 500, 'difference': 0, 'noise': 0, 'n': 14, 'alpha': 0.4, 'shap_error': 0.018310129982561374, 'shap_norm_sq': 5.04, 'weighted_error': 1.0093100373587218, 'gamma': 0.44444444444444486}
{'sample_size': 500, 'difference': 0, 'noise': 0, 'n': 14, 'alpha': 0.5, 'shap_error': 0.029458647961468395, 'shap_norm_sq': 3.4999999999999964, 'weighted_error': 1.0090504846961614, 'gamma': 1.0000000000000018}
{'sample_size': 500, 'difference': 0, 'noise': 0, 'n': 14, 'alpha': 0.6, 'shap_error': 0.052418308228636586, 'shap_norm_sq': 2.2399999999999967, 'weighted_error': 1.0091246902784867, 'gamma': 2.250000000000004}
{'sample_size': 500, 'difference': 0, 'noise': 0, 'n': 14, 'alpha': 0.7, 'shap_error': 0.15084383108477492, 'shap_norm_sq': 1.2599999999999971, 'weighted_error': 1.0172936815944962, 'gamma': 5.444444444444458}
{'sample_size': 500, 'difference': 0, 'noise': 0, 'n': 14, 'alpha': 0.8, 'shap_error': 0.44596618956907824, 'shap_norm_sq': 0.5599999999999967, 'weighted_error': 1.0199009480725572, 'gamma': 16.000000000000096}
{'sample_size': 500, 'difference': 0, 'noise': 0, 'n': 14, 'alpha': 0.2, 'shap_error': 0.008521578162425545, 'shap_norm_sq': 8.959999999999997, 'weighted_error': 1.0087942301906432, 'gamma': 0.0625000000000001}
{'sample_size': 500, 'difference': 0, 'noise': 0, 'n': 14, 'alpha': 0.3, 'shap_error': 0.015858839673222866, 'shap_norm_sq': 6.859999999999986, 'weighted_error': 1.029653229150584, 'gamma': 0.18367346938775558}
{'sample_size': 500, 'difference': 0, 'noise': 0, 'n': 14, 'alpha': 0.4, 'shap_error': 0.021181937554879317, 'shap_norm_sq': 5.04, 'weighted_error': 1.0157716043964369, 'gamma': 0.44444444444444486}
{'sample_size': 500, 'difference': 0, 'noise': 0, 'n': 14, 'alpha': 0.5, 'shap_error': 0.04581904180283007, 'shap_norm_sq': 3.4999999999999964, 'weighted_error': 1.0254108785375244, 'gamma': 1.0000000000000018}
{'sample_size': 500, 'difference': 0, 'noise': 0, 'n': 14, 'alpha': 0.6, 'shap_error': 0.05098193769150829, 'shap_norm_sq': 2.2399999999999967, 'weighted_error': 1.0084863033730964, 'gamma': 2.250000000000004}
{'sample_size': 500, 'difference': 0, 'noise': 0, 'n': 14, 'alpha': 0.7, 'shap_error': 0.11048014535452388, 'shap_norm_sq': 1.2599999999999971, 'weighted_error': 1.0098799433991434, 'gamma': 5.444444444444458}
{'sample_size': 500, 'difference': 0, 'noise': 0, 'n': 14, 'alpha': 0.8, 'shap_error': 0.3517668824295011, 'shap_norm_sq': 0.5599999999999967, 'weighted_error': 1.0140134913763332, 'gamma': 16.000000000000096}
{'sample_size': 500, 'difference': 0, 'noise': 0, 'n': 14, 'alpha': 0.2, 'shap_error': 0.008314650357829915, 'shap_norm_sq': 8.959999999999997, 'weighted_error': 1.0054833853171135, 'gamma': 0.0625000000000001}
{'sample_size': 500, 'difference': 0, 'noise': 0, 'n': 14, 'alpha': 0.3, 'shap_error': 0.0176710167049175, 'shap_norm_sq': 6.859999999999986, 'weighted_error': 1.0395195263231438, 'gamma': 0.18367346938775558}
{'sample_size': 500, 'difference': 0, 'noise': 0, 'n': 14, 'alpha': 0.4, 'shap_error': 0.02158044201723079, 'shap_norm_sq': 5.04, 'weighted_error': 1.016668239436728, 'gamma': 0.44444444444444486}
{'sample_size': 500, 'difference': 0, 'noise': 0, 'n': 14, 'alpha': 0.5, 'shap_error': 0.05356682735173165, 'shap_norm_sq': 3.4999999999999964, 'weighted_error': 1.0331586640864256, 'gamma': 1.0000000000000018}
{'sample_size': 500, 'difference': 0, 'noise': 0, 'n': 14, 'alpha': 0.6, 'shap_error': 0.08424118985245088, 'shap_norm_sq': 2.2399999999999967, 'weighted_error': 1.023268193222404, 'gamma': 2.250000000000004}
{'sample_size': 500, 'difference': 0, 'noise': 0, 'n': 14, 'alpha': 0.7, 'shap_error': 0.24296930391217123, 'shap_norm_sq': 1.2599999999999971, 'weighted_error': 1.0342146868076905, 'gamma': 5.444444444444458}
{'sample_size': 500, 'difference': 0, 'noise': 0, 'n': 14, 'alpha': 0.8, 'shap_error': 0.4994742060370395, 'shap_norm_sq': 0.5599999999999967, 'weighted_error': 1.0232451991018041, 'gamma': 16.000000000000096}
{'sample_size': 500, 'difference': 0, 'noise': 0, 'n': 14, 'alpha': 0.2, 'shap_error': 0.009567395913280896, 'shap_norm_sq': 8.959999999999997, 'weighted_error': 1.0255273142043286, 'gamma': 0.0625000000000001}
{'sample_size': 500, 'difference': 0, 'noise': 0, 'n': 14, 'alpha': 0.3, 'shap_error': 0.01729653343743188, 'shap_norm_sq': 6.859999999999986, 'weighted_error': 1.037480672977946, 'gamma': 0.18367346938775558}
{'sample_size': 500, 'difference': 0, 'noise': 0, 'n': 14, 'alpha': 0.4, 'shap_error': 0.025784508742542782, 'shap_norm_sq': 5.04, 'weighted_error': 1.02612738956868, 'gamma': 0.44444444444444486}
{'sample_size': 500, 'difference': 0, 'noise': 0, 'n': 14, 'alpha': 0.5, 'shap_error': 0.032862067185638055, 'shap_norm_sq': 3.4999999999999964, 'weighted_error': 1.0124539039203322, 'gamma': 1.0000000000000018}
{'sample_size': 500, 'difference': 0, 'noise': 0, 'n': 14, 'alpha': 0.6, 'shap_error': 0.08912092063045828, 'shap_norm_sq': 2.2399999999999967, 'weighted_error': 1.0254369624570745, 'gamma': 2.250000000000004}
{'sample_size': 500, 'difference': 0, 'noise': 0, 'n': 14, 'alpha': 0.7, 'shap_error': 0.11791458021687312, 'shap_norm_sq': 1.2599999999999971, 'weighted_error': 1.0112454518432488, 'gamma': 5.444444444444458}
{'sample_size': 500, 'difference': 0, 'noise': 0, 'n': 14, 'alpha': 0.8, 'shap_error': 0.689265607279699, 'shap_norm_sq': 0.5599999999999967, 'weighted_error': 1.0351071616794711, 'gamma': 16.000000000000096}
{'sample_size': 500, 'difference': 0, 'noise': 0, 'n': 14, 'alpha': 0.2, 'shap_error': 0.010001372453918383, 'shap_norm_sq': 8.959999999999997, 'weighted_error': 1.0324709388545288, 'gamma': 0.0625000000000001}
{'sample_size': 500, 'difference': 0, 'noise': 0, 'n': 14, 'alpha': 0.3, 'shap_error': 0.014744879828043622, 'shap_norm_sq': 6.859999999999986, 'weighted_error': 1.0235883366601628, 'gamma': 0.18367346938775558}
{'sample_size': 500, 'difference': 0, 'noise': 0, 'n': 14, 'alpha': 0.4, 'shap_error': 0.026344542858512388, 'shap_norm_sq': 5.04, 'weighted_error': 1.0273874663296116, 'gamma': 0.44444444444444486}
{'sample_size': 500, 'difference': 0, 'noise': 0, 'n': 14, 'alpha': 0.5, 'shap_error': 0.02967996680442427, 'shap_norm_sq': 3.4999999999999964, 'weighted_error': 1.0092718035391173, 'gamma': 1.0000000000000018}
{'sample_size': 500, 'difference': 0, 'noise': 0, 'n': 14, 'alpha': 0.6, 'shap_error': 0.06431199585454511, 'shap_norm_sq': 2.2399999999999967, 'weighted_error': 1.0144107736677797, 'gamma': 2.250000000000004}
{'sample_size': 500, 'difference': 0, 'noise': 0, 'n': 14, 'alpha': 0.7, 'shap_error': 0.1974098229733028, 'shap_norm_sq': 1.2599999999999971, 'weighted_error': 1.0258466188801436, 'gamma': 5.444444444444458}
{'sample_size': 500, 'difference': 0, 'noise': 0, 'n': 14, 'alpha': 0.8, 'shap_error': 0.2880829903939506, 'shap_norm_sq': 0.5599999999999967, 'weighted_error': 1.0100332481241117, 'gamma': 16.000000000000096}
{'sample_size': 500, 'difference': 0, 'noise': 0, 'n': 14, 'alpha': 0.2, 'shap_error': 0.008813904140789123, 'shap_norm_sq': 8.959999999999997, 'weighted_error': 1.0134714458444603, 'gamma': 0.0625000000000001}
{'sample_size': 500, 'difference': 0, 'noise': 0, 'n': 14, 'alpha': 0.3, 'shap_error': 0.014231149295913887, 'shap_norm_sq': 6.859999999999986, 'weighted_error': 1.0207913593185682, 'gamma': 0.18367346938775558}
{'sample_size': 500, 'difference': 0, 'noise': 0, 'n': 14, 'alpha': 0.4, 'shap_error': 0.020850112526414128, 'shap_norm_sq': 5.04, 'weighted_error': 1.0150249980823907, 'gamma': 0.44444444444444486}
{'sample_size': 500, 'difference': 0, 'noise': 0, 'n': 14, 'alpha': 0.5, 'shap_error': 0.052155120297472234, 'shap_norm_sq': 3.4999999999999964, 'weighted_error': 1.0317469570321656, 'gamma': 1.0000000000000018}
{'sample_size': 500, 'difference': 0, 'noise': 0, 'n': 14, 'alpha': 0.6, 'shap_error': 0.04767872484057943, 'shap_norm_sq': 2.2399999999999967, 'weighted_error': 1.0070182087726829, 'gamma': 2.250000000000004}
{'sample_size': 500, 'difference': 0, 'noise': 0, 'n': 14, 'alpha': 0.7, 'shap_error': 0.13267416886636477, 'shap_norm_sq': 1.2599999999999971, 'weighted_error': 1.013956396697237, 'gamma': 5.444444444444458}
{'sample_size': 500, 'difference': 0, 'noise': 0, 'n': 14, 'alpha': 0.8, 'shap_error': 0.41595449662889383, 'shap_norm_sq': 0.5599999999999967, 'weighted_error': 1.0180252172637954, 'gamma': 16.000000000000096}
{'sample_size': 500, 'difference': 0, 'noise': 0, 'n': 14, 'alpha': 0.2, 'shap_error': 0.009050868512552719, 'shap_norm_sq': 8.959999999999997, 'weighted_error': 1.017262875792678, 'gamma': 0.0625000000000001}
{'sample_size': 500, 'difference': 0, 'noise': 0, 'n': 14, 'alpha': 0.3, 'shap_error': 0.01973265431579691, 'shap_norm_sq': 6.859999999999986, 'weighted_error': 1.0507439977601545, 'gamma': 0.18367346938775558}
{'sample_size': 500, 'difference': 0, 'noise': 0, 'n': 14, 'alpha': 0.4, 'shap_error': 0.021139284680937048, 'shap_norm_sq': 5.04, 'weighted_error': 1.0156756354300676, 'gamma': 0.44444444444444486}
{'sample_size': 500, 'difference': 0, 'noise': 0, 'n': 14, 'alpha': 0.5, 'shap_error': 0.038499435075566524, 'shap_norm_sq': 3.4999999999999964, 'weighted_error': 1.0180912718102602, 'gamma': 1.0000000000000018}
{'sample_size': 500, 'difference': 0, 'noise': 0, 'n': 14, 'alpha': 0.6, 'shap_error': 0.04829985606096983, 'shap_norm_sq': 2.2399999999999967, 'weighted_error': 1.0072942670928569, 'gamma': 2.250000000000004}
{'sample_size': 500, 'difference': 0, 'noise': 0, 'n': 14, 'alpha': 0.7, 'shap_error': 0.3400766881882081, 'shap_norm_sq': 1.2599999999999971, 'weighted_error': 1.0520507369808414, 'gamma': 5.444444444444458}
{'sample_size': 500, 'difference': 0, 'noise': 0, 'n': 14, 'alpha': 0.8, 'shap_error': 0.3631961761399708, 'shap_norm_sq': 0.5599999999999967, 'weighted_error': 1.0147278222332377, 'gamma': 16.000000000000096}
{'sample_size': 500, 'difference': 0, 'noise': 0, 'n': 14, 'alpha': 0.2, 'shap_error': 0.00874252263756549, 'shap_norm_sq': 8.959999999999997, 'weighted_error': 1.0123293417928827, 'gamma': 0.0625000000000001}
{'sample_size': 500, 'difference': 0, 'noise': 0, 'n': 14, 'alpha': 0.3, 'shap_error': 0.016520391805313422, 'shap_norm_sq': 6.859999999999986, 'weighted_error': 1.0332550129808555, 'gamma': 0.18367346938775558}
{'sample_size': 500, 'difference': 0, 'noise': 0, 'n': 14, 'alpha': 0.4, 'shap_error': 0.024357653088466893, 'shap_norm_sq': 5.04, 'weighted_error': 1.0229169643470104, 'gamma': 0.44444444444444486}
{'sample_size': 500, 'difference': 0, 'noise': 0, 'n': 14, 'alpha': 0.5, 'shap_error': 0.02782430484878097, 'shap_norm_sq': 3.4999999999999964, 'weighted_error': 1.0074161415834744, 'gamma': 1.0000000000000018}
{'sample_size': 500, 'difference': 0, 'noise': 0, 'n': 14, 'alpha': 0.6, 'shap_error': 0.06429888635371718, 'shap_norm_sq': 2.2399999999999967, 'weighted_error': 1.0144049472229673, 'gamma': 2.250000000000004}
{'sample_size': 500, 'difference': 0, 'noise': 0, 'n': 14, 'alpha': 0.7, 'shap_error': 0.2721701174746747, 'shap_norm_sq': 1.2599999999999971, 'weighted_error': 1.0395781015436618, 'gamma': 5.444444444444458}
{'sample_size': 500, 'difference': 0, 'noise': 0, 'n': 14, 'alpha': 0.8, 'shap_error': 0.22354464972991858, 'shap_norm_sq': 0.5599999999999967, 'weighted_error': 1.0059996018326098, 'gamma': 16.000000000000096}
{'sample_size': 500, 'difference': 0, 'noise': 0, 'n': 14, 'alpha': 0.2, 'shap_error': 0.010015109810438265, 'shap_norm_sq': 8.959999999999997, 'weighted_error': 1.032690736558847, 'gamma': 0.0625000000000001}
{'sample_size': 500, 'difference': 0, 'noise': 0, 'n': 14, 'alpha': 0.3, 'shap_error': 0.013769866597869475, 'shap_norm_sq': 6.859999999999986, 'weighted_error': 1.0182799312958821, 'gamma': 0.18367346938775558}
{'sample_size': 500, 'difference': 0, 'noise': 0, 'n': 14, 'alpha': 0.4, 'shap_error': 0.0226932854843502, 'shap_norm_sq': 5.04, 'weighted_error': 1.0191721372377454, 'gamma': 0.44444444444444486}
{'sample_size': 500, 'difference': 0, 'noise': 0, 'n': 14, 'alpha': 0.5, 'shap_error': 0.0491075174584526, 'shap_norm_sq': 3.4999999999999964, 'weighted_error': 1.0286993541931453, 'gamma': 1.0000000000000018}
{'sample_size': 500, 'difference': 0, 'noise': 0, 'n': 14, 'alpha': 0.6, 'shap_error': 0.05346137781633938, 'shap_norm_sq': 2.2399999999999967, 'weighted_error': 1.0095882767619107, 'gamma': 2.250000000000004}
{'sample_size': 500, 'difference': 0, 'noise': 0, 'n': 14, 'alpha': 0.7, 'shap_error': 0.18503440094047593, 'shap_norm_sq': 1.2599999999999971, 'weighted_error': 1.023573582180237, 'gamma': 5.444444444444458}
{'sample_size': 500, 'difference': 0, 'noise': 0, 'n': 14, 'alpha': 0.8, 'shap_error': 0.2233110755672436, 'shap_norm_sq': 0.5599999999999967, 'weighted_error': 1.0059850034474418, 'gamma': 16.000000000000096}
{'sample_size': 500, 'difference': 0, 'noise': 0, 'n': 14, 'alpha': 0.2, 'shap_error': 0.008417425989567438, 'shap_norm_sq': 8.959999999999997, 'weighted_error': 1.0071277954249143, 'gamma': 0.0625000000000001}
{'sample_size': 500, 'difference': 0, 'noise': 0, 'n': 14, 'alpha': 0.3, 'shap_error': 0.01620739033559533, 'shap_norm_sq': 6.859999999999986, 'weighted_error': 1.031550893867945, 'gamma': 0.18367346938775558}
{'sample_size': 500, 'difference': 0, 'noise': 0, 'n': 14, 'alpha': 0.4, 'shap_error': 0.019129947402646945, 'shap_norm_sq': 5.04, 'weighted_error': 1.0111546265539144, 'gamma': 0.44444444444444486}
{'sample_size': 500, 'difference': 0, 'noise': 0, 'n': 14, 'alpha': 0.5, 'shap_error': 0.027152411692973118, 'shap_norm_sq': 3.4999999999999964, 'weighted_error': 1.0067442484276665, 'gamma': 1.0000000000000018}
{'sample_size': 500, 'difference': 0, 'noise': 0, 'n': 14, 'alpha': 0.6, 'shap_error': 0.05683945088725008, 'shap_norm_sq': 2.2399999999999967, 'weighted_error': 1.0110896425712037, 'gamma': 2.250000000000004}
{'sample_size': 500, 'difference': 0, 'noise': 0, 'n': 14, 'alpha': 0.7, 'shap_error': 0.1419608302052328, 'shap_norm_sq': 1.2599999999999971, 'weighted_error': 1.015662110004376, 'gamma': 5.444444444444458}
{'sample_size': 500, 'difference': 0, 'noise': 0, 'n': 14, 'alpha': 0.8, 'shap_error': 0.810393292051358, 'shap_norm_sq': 0.5599999999999967, 'weighted_error': 1.0426776419776995, 'gamma': 16.000000000000096}
{'sample_size': 500, 'difference': 0, 'noise': 0, 'n': 14, 'alpha': 0.2, 'shap_error': 0.008473712562136885, 'shap_norm_sq': 8.959999999999997, 'weighted_error': 1.0080283805860253, 'gamma': 0.0625000000000001}
{'sample_size': 500, 'difference': 0, 'noise': 0, 'n': 14, 'alpha': 0.3, 'shap_error': 0.017359046383465266, 'shap_norm_sq': 6.859999999999986, 'weighted_error': 1.037821021239681, 'gamma': 0.18367346938775558}
{'sample_size': 500, 'difference': 0, 'noise': 0, 'n': 14, 'alpha': 0.4, 'shap_error': 0.020465679917665028, 'shap_norm_sq': 5.04, 'weighted_error': 1.014160024712706, 'gamma': 0.44444444444444486}
{'sample_size': 500, 'difference': 0, 'noise': 0, 'n': 14, 'alpha': 0.5, 'shap_error': 0.06025530642032935, 'shap_norm_sq': 3.4999999999999964, 'weighted_error': 1.0398471431550236, 'gamma': 1.0000000000000018}
{'sample_size': 500, 'difference': 0, 'noise': 0, 'n': 14, 'alpha': 0.6, 'shap_error': 0.07085621861188815, 'shap_norm_sq': 2.2399999999999967, 'weighted_error': 1.017319317115487, 'gamma': 2.250000000000004}
{'sample_size': 500, 'difference': 0, 'noise': 0, 'n': 14, 'alpha': 0.7, 'shap_error': 0.10472337375763108, 'shap_norm_sq': 1.2599999999999971, 'weighted_error': 1.0088225771874697, 'gamma': 5.444444444444458}
{'sample_size': 500, 'difference': 0, 'noise': 0, 'n': 14, 'alpha': 0.8, 'shap_error': 0.4368175707073025, 'shap_norm_sq': 0.5599999999999967, 'weighted_error': 1.019329159393696, 'gamma': 16.000000000000096}
{'sample_size': 500, 'difference': 0, 'noise': 0, 'n': 14, 'alpha': 0.2, 'shap_error': 0.009227545755945575, 'shap_norm_sq': 8.959999999999997, 'weighted_error': 1.0200897116869638, 'gamma': 0.0625000000000001}
{'sample_size': 500, 'difference': 0, 'noise': 0, 'n': 14, 'alpha': 0.3, 'shap_error': 0.01184268241913366, 'shap_norm_sq': 6.859999999999986, 'weighted_error': 1.0077874841005425, 'gamma': 0.18367346938775558}
{'sample_size': 500, 'difference': 0, 'noise': 0, 'n': 14, 'alpha': 0.4, 'shap_error': 0.020374099828017272, 'shap_norm_sq': 5.04, 'weighted_error': 1.013953969510998, 'gamma': 0.44444444444444486}
{'sample_size': 500, 'difference': 0, 'noise': 0, 'n': 14, 'alpha': 0.5, 'shap_error': 0.045465101303405274, 'shap_norm_sq': 3.4999999999999964, 'weighted_error': 1.025056938038099, 'gamma': 1.0000000000000018}
{'sample_size': 500, 'difference': 0, 'noise': 0, 'n': 14, 'alpha': 0.6, 'shap_error': 0.09551602247448, 'shap_norm_sq': 2.2399999999999967, 'weighted_error': 1.0282792299433052, 'gamma': 2.250000000000004}
{'sample_size': 500, 'difference': 0, 'noise': 0, 'n': 14, 'alpha': 0.7, 'shap_error': 0.3430629459818192, 'shap_norm_sq': 1.2599999999999971, 'weighted_error': 1.0525992333102798, 'gamma': 5.444444444444458}
{'sample_size': 500, 'difference': 0, 'noise': 0, 'n': 14, 'alpha': 0.8, 'shap_error': 0.573579154185354, 'shap_norm_sq': 0.5599999999999967, 'weighted_error': 1.0278767583610744, 'gamma': 16.000000000000096}
{'sample_size': 500, 'difference': 0, 'noise': 0, 'n': 14, 'alpha': 0.2, 'shap_error': 0.009614651740257687, 'shap_norm_sq': 8.959999999999997, 'weighted_error': 1.0262834074359575, 'gamma': 0.0625000000000001}
{'sample_size': 500, 'difference': 0, 'noise': 0, 'n': 14, 'alpha': 0.3, 'shap_error': 0.014737939556994204, 'shap_norm_sq': 6.859999999999986, 'weighted_error': 1.0235505507400062, 'gamma': 0.18367346938775558}
{'sample_size': 500, 'difference': 0, 'noise': 0, 'n': 14, 'alpha': 0.4, 'shap_error': 0.021573375652161664, 'shap_norm_sq': 5.04, 'weighted_error': 1.0166523401153222, 'gamma': 0.44444444444444486}
{'sample_size': 500, 'difference': 0, 'noise': 0, 'n': 14, 'alpha': 0.5, 'shap_error': 0.03598294591510328, 'shap_norm_sq': 3.4999999999999964, 'weighted_error': 1.0155747826497972, 'gamma': 1.0000000000000018}
{'sample_size': 500, 'difference': 0, 'noise': 0, 'n': 14, 'alpha': 0.6, 'shap_error': 0.07372026014360743, 'shap_norm_sq': 2.2399999999999967, 'weighted_error': 1.0185922244629182, 'gamma': 2.250000000000004}
{'sample_size': 500, 'difference': 0, 'noise': 0, 'n': 14, 'alpha': 0.7, 'shap_error': 0.10600874883430385, 'shap_norm_sq': 1.2599999999999971, 'weighted_error': 1.0090586664872663, 'gamma': 5.444444444444458}
{'sample_size': 500, 'difference': 0, 'noise': 0, 'n': 14, 'alpha': 0.8, 'shap_error': 0.6607398572940526, 'shap_norm_sq': 0.5599999999999967, 'weighted_error': 1.0333243023053673, 'gamma': 16.000000000000096}
{'sample_size': 500, 'difference': 0, 'noise': 0, 'n': 14, 'alpha': 0.2, 'shap_error': 0.008206845627589917, 'shap_norm_sq': 8.959999999999997, 'weighted_error': 1.0037585096332733, 'gamma': 0.0625000000000001}
{'sample_size': 500, 'difference': 0, 'noise': 0, 'n': 14, 'alpha': 0.3, 'shap_error': 0.017290157386712957, 'shap_norm_sq': 6.859999999999986, 'weighted_error': 1.037445958924032, 'gamma': 0.18367346938775558}
{'sample_size': 500, 'difference': 0, 'noise': 0, 'n': 14, 'alpha': 0.4, 'shap_error': 0.017416043052750574, 'shap_norm_sq': 5.04, 'weighted_error': 1.007298341766648, 'gamma': 0.44444444444444486}
{'sample_size': 500, 'difference': 0, 'noise': 0, 'n': 14, 'alpha': 0.5, 'shap_error': 0.027040360279285965, 'shap_norm_sq': 3.4999999999999964, 'weighted_error': 1.0066321970139793, 'gamma': 1.0000000000000018}
{'sample_size': 500, 'difference': 0, 'noise': 0, 'n': 14, 'alpha': 0.6, 'shap_error': 0.05225526312051413, 'shap_norm_sq': 2.2399999999999967, 'weighted_error': 1.0090522257859875, 'gamma': 2.250000000000004}
{'sample_size': 500, 'difference': 0, 'noise': 0, 'n': 14, 'alpha': 0.7, 'shap_error': 0.13601321595827215, 'shap_norm_sq': 1.2599999999999971, 'weighted_error': 1.0145696910610575, 'gamma': 5.444444444444458}
{'sample_size': 500, 'difference': 0, 'noise': 0, 'n': 14, 'alpha': 0.8, 'shap_error': 0.23638716162101225, 'shap_norm_sq': 0.5599999999999967, 'weighted_error': 1.006802258825803, 'gamma': 16.000000000000096}
{'sample_size': 500, 'difference': 0, 'noise': 0, 'n': 14, 'alpha': 0.2, 'shap_error': 0.008964611788526883, 'shap_norm_sq': 8.959999999999997, 'weighted_error': 1.0158827682082652, 'gamma': 0.0625000000000001}
{'sample_size': 500, 'difference': 0, 'noise': 0, 'n': 14, 'alpha': 0.3, 'shap_error': 0.011824920775174221, 'shap_norm_sq': 6.859999999999986, 'weighted_error': 1.0076907818167637, 'gamma': 0.18367346938775558}
{'sample_size': 500, 'difference': 0, 'noise': 0, 'n': 14, 'alpha': 0.4, 'shap_error': 0.02463944465164751, 'shap_norm_sq': 5.04, 'weighted_error': 1.0235509953641668, 'gamma': 0.44444444444444486}
{'sample_size': 500, 'difference': 0, 'noise': 0, 'n': 14, 'alpha': 0.5, 'shap_error': 0.02699430377531155, 'shap_norm_sq': 3.4999999999999964, 'weighted_error': 1.0065861405100047, 'gamma': 1.0000000000000018}
{'sample_size': 500, 'difference': 0, 'noise': 0, 'n': 14, 'alpha': 0.6, 'shap_error': 0.06357460460523517, 'shap_norm_sq': 2.2399999999999967, 'weighted_error': 1.0140830442236413, 'gamma': 2.250000000000004}
{'sample_size': 500, 'difference': 0, 'noise': 0, 'n': 14, 'alpha': 0.7, 'shap_error': 0.1844926074315281, 'shap_norm_sq': 1.2599999999999971, 'weighted_error': 1.0234740690867568, 'gamma': 5.444444444444458}
{'sample_size': 500, 'difference': 0, 'noise': 0, 'n': 14, 'alpha': 0.8, 'shap_error': 0.5243405296408137, 'shap_norm_sq': 0.5599999999999967, 'weighted_error': 1.02479934432704, 'gamma': 16.000000000000096}
{'sample_size': 500, 'difference': 0, 'noise': 0, 'n': 14, 'alpha': 0.2, 'shap_error': 0.009124399360163314, 'shap_norm_sq': 8.959999999999997, 'weighted_error': 1.018439369354447, 'gamma': 0.0625000000000001}
{'sample_size': 500, 'difference': 0, 'noise': 0, 'n': 14, 'alpha': 0.3, 'shap_error': 0.014130218477041231, 'shap_norm_sq': 6.859999999999986, 'weighted_error': 1.0202418470824832, 'gamma': 0.18367346938775558}
{'sample_size': 500, 'difference': 0, 'noise': 0, 'n': 14, 'alpha': 0.4, 'shap_error': 0.01872747137630404, 'shap_norm_sq': 5.04, 'weighted_error': 1.0102490554946433, 'gamma': 0.44444444444444486}
{'sample_size': 500, 'difference': 0, 'noise': 0, 'n': 14, 'alpha': 0.5, 'shap_error': 0.03690007753361344, 'shap_norm_sq': 3.4999999999999964, 'weighted_error': 1.0164919142683069, 'gamma': 1.0000000000000018}
{'sample_size': 500, 'difference': 0, 'noise': 0, 'n': 14, 'alpha': 0.6, 'shap_error': 0.14324203986543083, 'shap_norm_sq': 2.2399999999999967, 'weighted_error': 1.0494907932281743, 'gamma': 2.250000000000004}
{'sample_size': 500, 'difference': 0, 'noise': 0, 'n': 14, 'alpha': 0.7, 'shap_error': 0.10700757411762543, 'shap_norm_sq': 1.2599999999999971, 'weighted_error': 1.0092421241923666, 'gamma': 5.444444444444458}
{'sample_size': 500, 'difference': 0, 'noise': 0, 'n': 14, 'alpha': 0.8, 'shap_error': 0.3570092566461031, 'shap_norm_sq': 0.5599999999999967, 'weighted_error': 1.0143411397648703, 'gamma': 16.000000000000096}
{'sample_size': 500, 'difference': 0, 'noise': 0, 'n': 14, 'alpha': 0.2, 'shap_error': 0.009178677748150711, 'shap_norm_sq': 8.959999999999997, 'weighted_error': 1.0193078235622455, 'gamma': 0.0625000000000001}
{'sample_size': 500, 'difference': 0, 'noise': 0, 'n': 14, 'alpha': 0.3, 'shap_error': 0.014625249677012904, 'shap_norm_sq': 6.859999999999986, 'weighted_error': 1.022937016948996, 'gamma': 0.18367346938775558}
{'sample_size': 500, 'difference': 0, 'noise': 0, 'n': 14, 'alpha': 0.4, 'shap_error': 0.01769551801103295, 'shap_norm_sq': 5.04, 'weighted_error': 1.0079271604227829, 'gamma': 0.44444444444444486}
{'sample_size': 500, 'difference': 0, 'noise': 0, 'n': 14, 'alpha': 0.5, 'shap_error': 0.056773201709658716, 'shap_norm_sq': 3.4999999999999964, 'weighted_error': 1.0363650384443535, 'gamma': 1.0000000000000018}
{'sample_size': 500, 'difference': 0, 'noise': 0, 'n': 14, 'alpha': 0.6, 'shap_error': 0.09118340421365347, 'shap_norm_sq': 2.2399999999999967, 'weighted_error': 1.0263536218273823, 'gamma': 2.250000000000004}
{'sample_size': 500, 'difference': 0, 'noise': 0, 'n': 14, 'alpha': 0.7, 'shap_error': 0.14486098435845865, 'shap_norm_sq': 1.2599999999999971, 'weighted_error': 1.0161947913794585, 'gamma': 5.444444444444458}
{'sample_size': 500, 'difference': 0, 'noise': 0, 'n': 14, 'alpha': 0.8, 'shap_error': 0.705546221645162, 'shap_norm_sq': 0.5599999999999967, 'weighted_error': 1.0361247000773124, 'gamma': 16.000000000000096}
{'sample_size': 500, 'difference': 0, 'noise': 0, 'n': 14, 'alpha': 0.2, 'shap_error': 0.008971451976717669, 'shap_norm_sq': 8.959999999999997, 'weighted_error': 1.0159922112193174, 'gamma': 0.0625000000000001}
{'sample_size': 500, 'difference': 0, 'noise': 0, 'n': 14, 'alpha': 0.3, 'shap_error': 0.013344830044424261, 'shap_norm_sq': 6.859999999999986, 'weighted_error': 1.0159658433937924, 'gamma': 0.18367346938775558}
{'sample_size': 500, 'difference': 0, 'noise': 0, 'n': 14, 'alpha': 0.4, 'shap_error': 0.021668209072289456, 'shap_norm_sq': 5.04, 'weighted_error': 1.0168657153106104, 'gamma': 0.44444444444444486}
{'sample_size': 500, 'difference': 0, 'noise': 0, 'n': 14, 'alpha': 0.5, 'shap_error': 0.03424869437310839, 'shap_norm_sq': 3.4999999999999964, 'weighted_error': 1.0138405311078018, 'gamma': 1.0000000000000018}
{'sample_size': 500, 'difference': 0, 'noise': 0, 'n': 14, 'alpha': 0.6, 'shap_error': 0.061644878288326814, 'shap_norm_sq': 2.2399999999999967, 'weighted_error': 1.013225388082793, 'gamma': 2.250000000000004}
{'sample_size': 500, 'difference': 0, 'noise': 0, 'n': 14, 'alpha': 0.7, 'shap_error': 0.27108472416893403, 'shap_norm_sq': 1.2599999999999971, 'weighted_error': 1.0393787435895463, 'gamma': 5.444444444444458}
{'sample_size': 500, 'difference': 0, 'noise': 0, 'n': 14, 'alpha': 0.8, 'shap_error': 0.4844676872534243, 'shap_norm_sq': 0.5599999999999967, 'weighted_error': 1.022307291677829, 'gamma': 16.000000000000096}
{'sample_size': 500, 'difference': 0, 'noise': 0, 'n': 14, 'alpha': 0.2, 'shap_error': 0.00863647088494304, 'shap_norm_sq': 8.959999999999997, 'weighted_error': 1.0106325137509238, 'gamma': 0.0625000000000001}
{'sample_size': 500, 'difference': 0, 'noise': 0, 'n': 14, 'alpha': 0.3, 'shap_error': 0.011551710007030286, 'shap_norm_sq': 6.859999999999986, 'weighted_error': 1.0062033009679803, 'gamma': 0.18367346938775558}
{'sample_size': 500, 'difference': 0, 'noise': 0, 'n': 14, 'alpha': 0.4, 'shap_error': 0.03625866956748354, 'shap_norm_sq': 5.04, 'weighted_error': 1.0496942514247967, 'gamma': 0.44444444444444486}
{'sample_size': 500, 'difference': 0, 'noise': 0, 'n': 14, 'alpha': 0.5, 'shap_error': 0.04348389100820084, 'shap_norm_sq': 3.4999999999999964, 'weighted_error': 1.0230757277428952, 'gamma': 1.0000000000000018}
{'sample_size': 500, 'difference': 0, 'noise': 0, 'n': 14, 'alpha': 0.6, 'shap_error': 0.06448495361380192, 'shap_norm_sq': 2.2399999999999967, 'weighted_error': 1.014487643783004, 'gamma': 2.250000000000004}
{'sample_size': 500, 'difference': 0, 'noise': 0, 'n': 14, 'alpha': 0.7, 'shap_error': 0.11140052388194081, 'shap_norm_sq': 1.2599999999999971, 'weighted_error': 1.0100489925164242, 'gamma': 5.444444444444458}
{'sample_size': 500, 'difference': 0, 'noise': 0, 'n': 14, 'alpha': 0.8, 'shap_error': 0.5911664234170632, 'shap_norm_sq': 0.5599999999999967, 'weighted_error': 1.0289759626880564, 'gamma': 16.000000000000096}
{'sample_size': 500, 'difference': 0, 'noise': 0, 'n': 14, 'alpha': 0.2, 'shap_error': 0.00860496453726517, 'shap_norm_sq': 8.959999999999997, 'weighted_error': 1.0101284121880767, 'gamma': 0.0625000000000001}
{'sample_size': 500, 'difference': 0, 'noise': 0, 'n': 14, 'alpha': 0.3, 'shap_error': 0.015137386845250901, 'shap_norm_sq': 6.859999999999986, 'weighted_error': 1.025725319309403, 'gamma': 0.18367346938775558}
{'sample_size': 500, 'difference': 0, 'noise': 0, 'n': 14, 'alpha': 0.4, 'shap_error': 0.02009739388165093, 'shap_norm_sq': 5.04, 'weighted_error': 1.0133313811316724, 'gamma': 0.44444444444444486}
{'sample_size': 500, 'difference': 0, 'noise': 0, 'n': 14, 'alpha': 0.5, 'shap_error': 0.07806298844825506, 'shap_norm_sq': 3.4999999999999964, 'weighted_error': 1.057654825182949, 'gamma': 1.0000000000000018}
{'sample_size': 500, 'difference': 0, 'noise': 0, 'n': 14, 'alpha': 0.6, 'shap_error': 0.07173567193185369, 'shap_norm_sq': 2.2399999999999967, 'weighted_error': 1.017710185257694, 'gamma': 2.250000000000004}
{'sample_size': 500, 'difference': 0, 'noise': 0, 'n': 14, 'alpha': 0.7, 'shap_error': 0.11710991996621363, 'shap_norm_sq': 1.2599999999999971, 'weighted_error': 1.0110976571033319, 'gamma': 5.444444444444458}
{'sample_size': 500, 'difference': 0, 'noise': 0, 'n': 14, 'alpha': 0.8, 'shap_error': 0.31546201354319287, 'shap_norm_sq': 0.5599999999999967, 'weighted_error': 1.0117444370709388, 'gamma': 16.000000000000096}
{'sample_size': 500, 'difference': 0, 'noise': 0, 'n': 14, 'alpha': 0.2, 'shap_error': 0.011115864418219544, 'shap_norm_sq': 8.959999999999997, 'weighted_error': 1.0503028102833483, 'gamma': 0.0625000000000001}
{'sample_size': 500, 'difference': 0, 'noise': 0, 'n': 14, 'alpha': 0.3, 'shap_error': 0.012883898599745541, 'shap_norm_sq': 6.859999999999986, 'weighted_error': 1.013456327750541, 'gamma': 0.18367346938775558}
{'sample_size': 500, 'difference': 0, 'noise': 0, 'n': 14, 'alpha': 0.4, 'shap_error': 0.0244932716884244, 'shap_norm_sq': 5.04, 'weighted_error': 1.0232221061969138, 'gamma': 0.44444444444444486}
{'sample_size': 500, 'difference': 0, 'noise': 0, 'n': 14, 'alpha': 0.5, 'shap_error': 0.03857231273404743, 'shap_norm_sq': 3.4999999999999964, 'weighted_error': 1.0181641494687401, 'gamma': 1.0000000000000018}
{'sample_size': 500, 'difference': 0, 'noise': 0, 'n': 14, 'alpha': 0.6, 'shap_error': 0.09264135099835913, 'shap_norm_sq': 2.2399999999999967, 'weighted_error': 1.027001598176141, 'gamma': 2.250000000000004}
{'sample_size': 500, 'difference': 0, 'noise': 0, 'n': 14, 'alpha': 0.7, 'shap_error': 0.23704180833245755, 'shap_norm_sq': 1.2599999999999971, 'weighted_error': 1.0331259631297847, 'gamma': 5.444444444444458}
{'sample_size': 500, 'difference': 0, 'noise': 0, 'n': 14, 'alpha': 0.8, 'shap_error': 0.7257181688579234, 'shap_norm_sq': 0.5599999999999967, 'weighted_error': 1.0373854467781096, 'gamma': 16.000000000000096}
{'sample_size': 500, 'difference': 0, 'noise': 0, 'n': 14, 'alpha': 0.2, 'shap_error': 0.008315614787704964, 'shap_norm_sq': 8.959999999999997, 'weighted_error': 1.0054988161951133, 'gamma': 0.0625000000000001}
{'sample_size': 500, 'difference': 0, 'noise': 0, 'n': 14, 'alpha': 0.3, 'shap_error': 0.014347663705653227, 'shap_norm_sq': 6.859999999999986, 'weighted_error': 1.021425715549371, 'gamma': 0.18367346938775558}
{'sample_size': 500, 'difference': 0, 'noise': 0, 'n': 14, 'alpha': 0.4, 'shap_error': 0.02512328192752353, 'shap_norm_sq': 5.04, 'weighted_error': 1.024639629234886, 'gamma': 0.44444444444444486}
{'sample_size': 500, 'difference': 0, 'noise': 0, 'n': 14, 'alpha': 0.5, 'shap_error': 0.04591644939114032, 'shap_norm_sq': 3.4999999999999964, 'weighted_error': 1.0255082861258336, 'gamma': 1.0000000000000018}
{'sample_size': 500, 'difference': 0, 'noise': 0, 'n': 14, 'alpha': 0.6, 'shap_error': 0.0649812103494156, 'shap_norm_sq': 2.2399999999999967, 'weighted_error': 1.0147082023321665, 'gamma': 2.250000000000004}
{'sample_size': 500, 'difference': 0, 'noise': 0, 'n': 14, 'alpha': 0.7, 'shap_error': 0.1226724654717244, 'shap_norm_sq': 1.2599999999999971, 'weighted_error': 1.0121193491349567, 'gamma': 5.444444444444458}
{'sample_size': 500, 'difference': 0, 'noise': 0, 'n': 14, 'alpha': 0.8, 'shap_error': 1.0094730943351833, 'shap_norm_sq': 0.5599999999999967, 'weighted_error': 1.0551201296204389, 'gamma': 16.000000000000096}
{'sample_size': 500, 'difference': 0, 'noise': 0, 'n': 14, 'alpha': 0.2, 'shap_error': 0.009758311559719346, 'shap_norm_sq': 8.959999999999997, 'weighted_error': 1.028581964547345, 'gamma': 0.0625000000000001}
{'sample_size': 500, 'difference': 0, 'noise': 0, 'n': 14, 'alpha': 0.3, 'shap_error': 0.012874954715765533, 'shap_norm_sq': 6.859999999999986, 'weighted_error': 1.013407633271094, 'gamma': 0.18367346938775558}
{'sample_size': 500, 'difference': 0, 'noise': 0, 'n': 14, 'alpha': 0.4, 'shap_error': 0.03365817385063219, 'shap_norm_sq': 5.04, 'weighted_error': 1.0438431360618823, 'gamma': 0.44444444444444486}
{'sample_size': 500, 'difference': 0, 'noise': 0, 'n': 14, 'alpha': 0.5, 'shap_error': 0.03249496786810974, 'shap_norm_sq': 3.4999999999999964, 'weighted_error': 1.012086804602804, 'gamma': 1.0000000000000018}
{'sample_size': 500, 'difference': 0, 'noise': 0, 'n': 14, 'alpha': 0.6, 'shap_error': 0.08791793849655867, 'shap_norm_sq': 2.2399999999999967, 'weighted_error': 1.0249023037308962, 'gamma': 2.250000000000004}
{'sample_size': 500, 'difference': 0, 'noise': 0, 'n': 14, 'alpha': 0.7, 'shap_error': 0.1999960633241955, 'shap_norm_sq': 1.2599999999999971, 'weighted_error': 1.0263216426180626, 'gamma': 5.444444444444458}
{'sample_size': 500, 'difference': 0, 'noise': 0, 'n': 14, 'alpha': 0.8, 'shap_error': 0.3453389065424666, 'shap_norm_sq': 0.5599999999999967, 'weighted_error': 1.013611742883394, 'gamma': 16.000000000000096}
{'sample_size': 500, 'difference': 0, 'noise': 0, 'n': 14, 'alpha': 0.2, 'shap_error': 0.0086528286157331, 'shap_norm_sq': 8.959999999999997, 'weighted_error': 1.0108942374435648, 'gamma': 0.0625000000000001}
{'sample_size': 500, 'difference': 0, 'noise': 0, 'n': 14, 'alpha': 0.3, 'shap_error': 0.014250033988482524, 'shap_norm_sq': 6.859999999999986, 'weighted_error': 1.0208941759781085, 'gamma': 0.18367346938775558}
{'sample_size': 500, 'difference': 0, 'noise': 0, 'n': 14, 'alpha': 0.4, 'shap_error': 0.015429651398349882, 'shap_norm_sq': 5.04, 'weighted_error': 1.0028289605442458, 'gamma': 0.44444444444444486}
{'sample_size': 500, 'difference': 0, 'noise': 0, 'n': 14, 'alpha': 0.5, 'shap_error': 0.031902576457449906, 'shap_norm_sq': 3.4999999999999964, 'weighted_error': 1.011494413192144, 'gamma': 1.0000000000000018}
{'sample_size': 500, 'difference': 0, 'noise': 0, 'n': 14, 'alpha': 0.6, 'shap_error': 0.0872595874126746, 'shap_norm_sq': 2.2399999999999967, 'weighted_error': 1.0246097032491708, 'gamma': 2.250000000000004}
{'sample_size': 500, 'difference': 0, 'noise': 0, 'n': 14, 'alpha': 0.7, 'shap_error': 0.17743363620886904, 'shap_norm_sq': 1.2599999999999971, 'weighted_error': 1.022177523351982, 'gamma': 5.444444444444458}
{'sample_size': 500, 'difference': 0, 'noise': 0, 'n': 14, 'alpha': 0.8, 'shap_error': 0.4787030426875705, 'shap_norm_sq': 0.5599999999999967, 'weighted_error': 1.0219470013924632, 'gamma': 16.000000000000096}
{'sample_size': 500, 'difference': 0, 'noise': 0, 'n': 14, 'alpha': 0.2, 'shap_error': 0.012574842199182545, 'shap_norm_sq': 8.959999999999997, 'weighted_error': 1.073646454778758, 'gamma': 0.0625000000000001}
{'sample_size': 500, 'difference': 0, 'noise': 0, 'n': 14, 'alpha': 0.3, 'shap_error': 0.013068800264752914, 'shap_norm_sq': 6.859999999999986, 'weighted_error': 1.0144630145933584, 'gamma': 0.18367346938775558}
{'sample_size': 500, 'difference': 0, 'noise': 0, 'n': 14, 'alpha': 0.4, 'shap_error': 0.024845165337977, 'shap_norm_sq': 5.04, 'weighted_error': 1.0240138669084065, 'gamma': 0.44444444444444486}
{'sample_size': 500, 'difference': 0, 'noise': 0, 'n': 14, 'alpha': 0.5, 'shap_error': 0.05523638560165603, 'shap_norm_sq': 3.4999999999999964, 'weighted_error': 1.0348282223363503, 'gamma': 1.0000000000000018}
{'sample_size': 500, 'difference': 0, 'noise': 0, 'n': 14, 'alpha': 0.6, 'shap_error': 0.09883145183298629, 'shap_norm_sq': 2.2399999999999967, 'weighted_error': 1.029752754102643, 'gamma': 2.250000000000004}
{'sample_size': 500, 'difference': 0, 'noise': 0, 'n': 14, 'alpha': 0.7, 'shap_error': 0.19438558949308973, 'shap_norm_sq': 1.2599999999999971, 'weighted_error': 1.0252911474245947, 'gamma': 5.444444444444458}
{'sample_size': 500, 'difference': 0, 'noise': 0, 'n': 14, 'alpha': 0.8, 'shap_error': 0.40442879647987695, 'shap_norm_sq': 0.5599999999999967, 'weighted_error': 1.0173048610044821, 'gamma': 16.000000000000096}
{'sample_size': 500, 'difference': 0, 'noise': 0, 'n': 14, 'alpha': 0.2, 'shap_error': 0.009068982366367929, 'shap_norm_sq': 8.959999999999997, 'weighted_error': 1.0175526974537212, 'gamma': 0.0625000000000001}
{'sample_size': 500, 'difference': 0, 'noise': 0, 'n': 14, 'alpha': 0.3, 'shap_error': 0.013306207882288696, 'shap_norm_sq': 6.859999999999986, 'weighted_error': 1.0157555671777203, 'gamma': 0.18367346938775558}
{'sample_size': 500, 'difference': 0, 'noise': 0, 'n': 14, 'alpha': 0.4, 'shap_error': 0.019659774888450054, 'shap_norm_sq': 5.04, 'weighted_error': 1.012346738396972, 'gamma': 0.44444444444444486}
{'sample_size': 500, 'difference': 0, 'noise': 0, 'n': 14, 'alpha': 0.5, 'shap_error': 0.04775759147181162, 'shap_norm_sq': 3.4999999999999964, 'weighted_error': 1.0273494282065052, 'gamma': 1.0000000000000018}
{'sample_size': 500, 'difference': 0, 'noise': 0, 'n': 14, 'alpha': 0.6, 'shap_error': 0.061331883304618216, 'shap_norm_sq': 2.2399999999999967, 'weighted_error': 1.0130862792011448, 'gamma': 2.250000000000004}
{'sample_size': 500, 'difference': 0, 'noise': 0, 'n': 14, 'alpha': 0.7, 'shap_error': 0.30497485412074954, 'shap_norm_sq': 1.2599999999999971, 'weighted_error': 1.0456034613357976, 'gamma': 5.444444444444458}
{'sample_size': 500, 'difference': 0, 'noise': 0, 'n': 14, 'alpha': 0.8, 'shap_error': 0.31317763919678165, 'shap_norm_sq': 0.5599999999999967, 'weighted_error': 1.0116016636742888, 'gamma': 16.000000000000096}
{'sample_size': 500, 'difference': 0, 'noise': 0, 'n': 14, 'alpha': 0.2, 'shap_error': 0.008830528836148854, 'shap_norm_sq': 8.959999999999997, 'weighted_error': 1.0137374409702167, 'gamma': 0.0625000000000001}
{'sample_size': 500, 'difference': 0, 'noise': 0, 'n': 14, 'alpha': 0.3, 'shap_error': 0.01256568390951419, 'shap_norm_sq': 6.859999999999986, 'weighted_error': 1.0117238255481704, 'gamma': 0.18367346938775558}
{'sample_size': 500, 'difference': 0, 'noise': 0, 'n': 14, 'alpha': 0.4, 'shap_error': 0.021286656795858977, 'shap_norm_sq': 5.04, 'weighted_error': 1.016007222688642, 'gamma': 0.44444444444444486}
{'sample_size': 500, 'difference': 0, 'noise': 0, 'n': 14, 'alpha': 0.5, 'shap_error': 0.039062865881168383, 'shap_norm_sq': 3.4999999999999964, 'weighted_error': 1.0186547026158614, 'gamma': 1.0000000000000018}
{'sample_size': 500, 'difference': 0, 'noise': 0, 'n': 14, 'alpha': 0.6, 'shap_error': 0.10236991841952461, 'shap_norm_sq': 2.2399999999999967, 'weighted_error': 1.031325405918882, 'gamma': 2.250000000000004}
{'sample_size': 500, 'difference': 0, 'noise': 0, 'n': 14, 'alpha': 0.7, 'shap_error': 0.1438756370690054, 'shap_norm_sq': 1.2599999999999971, 'weighted_error': 1.0160138092242528, 'gamma': 5.444444444444458}
{'sample_size': 500, 'difference': 0, 'noise': 0, 'n': 14, 'alpha': 0.8, 'shap_error': 0.8312971950203389, 'shap_norm_sq': 0.5599999999999967, 'weighted_error': 1.043984135913261, 'gamma': 16.000000000000096}
{'sample_size': 500, 'difference': 0, 'noise': 0, 'n': 14, 'alpha': 0.2, 'shap_error': 0.009164642000139993, 'shap_norm_sq': 8.959999999999997, 'weighted_error': 1.019083251594075, 'gamma': 0.0625000000000001}
{'sample_size': 500, 'difference': 0, 'noise': 0, 'n': 14, 'alpha': 0.3, 'shap_error': 0.01569683145072357, 'shap_norm_sq': 6.859999999999986, 'weighted_error': 1.028771184383644, 'gamma': 0.18367346938775558}
{'sample_size': 500, 'difference': 0, 'noise': 0, 'n': 14, 'alpha': 0.4, 'shap_error': 0.019088829478977134, 'shap_norm_sq': 5.04, 'weighted_error': 1.0110621112256575, 'gamma': 0.44444444444444486}
{'sample_size': 500, 'difference': 0, 'noise': 0, 'n': 14, 'alpha': 0.5, 'shap_error': 0.04873837029649436, 'shap_norm_sq': 3.4999999999999964, 'weighted_error': 1.0283302070311886, 'gamma': 1.0000000000000018}
{'sample_size': 500, 'difference': 0, 'noise': 0, 'n': 14, 'alpha': 0.6, 'shap_error': 0.13009723842526108, 'shap_norm_sq': 2.2399999999999967, 'weighted_error': 1.043648659254765, 'gamma': 2.250000000000004}
{'sample_size': 500, 'difference': 0, 'noise': 0, 'n': 14, 'alpha': 0.7, 'shap_error': 0.10671928232921643, 'shap_norm_sq': 1.2599999999999971, 'weighted_error': 1.0091891726393938, 'gamma': 5.444444444444458}
{'sample_size': 500, 'difference': 0, 'noise': 0, 'n': 14, 'alpha': 0.8, 'shap_error': 0.3198709969050364, 'shap_norm_sq': 0.5599999999999967, 'weighted_error': 1.0120199985310547, 'gamma': 16.000000000000096}
{'sample_size': 500, 'difference': 0, 'noise': 0, 'n': 14, 'alpha': 0.2, 'shap_error': 0.0099388285035105, 'shap_norm_sq': 8.959999999999997, 'weighted_error': 1.0314702356480034, 'gamma': 0.0625000000000001}
{'sample_size': 500, 'difference': 0, 'noise': 0, 'n': 14, 'alpha': 0.3, 'shap_error': 0.012935730483331756, 'shap_norm_sq': 6.859999999999986, 'weighted_error': 1.013738523561176, 'gamma': 0.18367346938775558}
{'sample_size': 500, 'difference': 0, 'noise': 0, 'n': 14, 'alpha': 0.4, 'shap_error': 0.019452364334981678, 'shap_norm_sq': 5.04, 'weighted_error': 1.0118800646516672, 'gamma': 0.44444444444444486}
{'sample_size': 500, 'difference': 0, 'noise': 0, 'n': 14, 'alpha': 0.5, 'shap_error': 0.04039774944263591, 'shap_norm_sq': 3.4999999999999964, 'weighted_error': 1.0199895861773305, 'gamma': 1.0000000000000018}
{'sample_size': 500, 'difference': 0, 'noise': 0, 'n': 14, 'alpha': 0.6, 'shap_error': 0.11225232447059316, 'shap_norm_sq': 2.2399999999999967, 'weighted_error': 1.0357175863860224, 'gamma': 2.250000000000004}
{'sample_size': 500, 'difference': 0, 'noise': 0, 'n': 14, 'alpha': 0.7, 'shap_error': 0.11600375980157106, 'shap_norm_sq': 1.2599999999999971, 'weighted_error': 1.0108944848281933, 'gamma': 5.444444444444458}
{'sample_size': 500, 'difference': 0, 'noise': 0, 'n': 14, 'alpha': 0.8, 'shap_error': 0.6942576040065255, 'shap_norm_sq': 0.5599999999999967, 'weighted_error': 1.0354191614748975, 'gamma': 16.000000000000096}
{'sample_size': 500, 'difference': 0, 'noise': 0, 'n': 14, 'alpha': 0.2, 'shap_error': 0.009910041942569276, 'shap_norm_sq': 8.959999999999997, 'weighted_error': 1.031009650672943, 'gamma': 0.0625000000000001}
{'sample_size': 500, 'difference': 0, 'noise': 0, 'n': 14, 'alpha': 0.3, 'shap_error': 0.01207077962716898, 'shap_norm_sq': 6.859999999999986, 'weighted_error': 1.0090293466776246, 'gamma': 0.18367346938775558}
{'sample_size': 500, 'difference': 0, 'noise': 0, 'n': 14, 'alpha': 0.4, 'shap_error': 0.025080550506776243, 'shap_norm_sq': 5.04, 'weighted_error': 1.0245434835382057, 'gamma': 0.44444444444444486}
{'sample_size': 500, 'difference': 0, 'noise': 0, 'n': 14, 'alpha': 0.5, 'shap_error': 0.028070841436817925, 'shap_norm_sq': 3.4999999999999964, 'weighted_error': 1.0076626781715117, 'gamma': 1.0000000000000018}
{'sample_size': 500, 'difference': 0, 'noise': 0, 'n': 14, 'alpha': 0.6, 'shap_error': 0.06965369588882137, 'shap_norm_sq': 2.2399999999999967, 'weighted_error': 1.0167848625719018, 'gamma': 2.250000000000004}
{'sample_size': 500, 'difference': 0, 'noise': 0, 'n': 14, 'alpha': 0.7, 'shap_error': 0.16077306018215373, 'shap_norm_sq': 1.2599999999999971, 'weighted_error': 1.0191174175511581, 'gamma': 5.444444444444458}
{'sample_size': 500, 'difference': 0, 'noise': 0, 'n': 14, 'alpha': 0.8, 'shap_error': 0.4472519346563548, 'shap_norm_sq': 0.5599999999999967, 'weighted_error': 1.0199813071405122, 'gamma': 16.000000000000096}
{'sample_size': 500, 'difference': 0, 'noise': 0, 'n': 14, 'alpha': 0.2, 'shap_error': 0.008739978956029744, 'shap_norm_sq': 8.959999999999997, 'weighted_error': 1.0122886428883098, 'gamma': 0.0625000000000001}
{'sample_size': 500, 'difference': 0, 'noise': 0, 'n': 14, 'alpha': 0.3, 'shap_error': 0.011420558401952682, 'shap_norm_sq': 6.859999999999986, 'weighted_error': 1.0054892533403346, 'gamma': 0.18367346938775558}
{'sample_size': 500, 'difference': 0, 'noise': 0, 'n': 14, 'alpha': 0.4, 'shap_error': 0.017902250704626466, 'shap_norm_sq': 5.04, 'weighted_error': 1.0083923089833686, 'gamma': 0.44444444444444486}
{'sample_size': 500, 'difference': 0, 'noise': 0, 'n': 14, 'alpha': 0.5, 'shap_error': 0.030491291173463587, 'shap_norm_sq': 3.4999999999999964, 'weighted_error': 1.0100831279081577, 'gamma': 1.0000000000000018}
{'sample_size': 500, 'difference': 0, 'noise': 0, 'n': 14, 'alpha': 0.6, 'shap_error': 0.10325572118371161, 'shap_norm_sq': 2.2399999999999967, 'weighted_error': 1.0317190960362979, 'gamma': 2.250000000000004}
{'sample_size': 500, 'difference': 0, 'noise': 0, 'n': 14, 'alpha': 0.7, 'shap_error': 0.11738291433402501, 'shap_norm_sq': 1.2599999999999971, 'weighted_error': 1.0111477989259907, 'gamma': 5.444444444444458}
{'sample_size': 500, 'difference': 0, 'noise': 0, 'n': 14, 'alpha': 0.8, 'shap_error': 0.42301460104246535, 'shap_norm_sq': 0.5599999999999967, 'weighted_error': 1.0184664737896432, 'gamma': 16.000000000000096}
{'sample_size': 500, 'difference': 0, 'noise': 0, 'n': 14, 'alpha': 0.2, 'shap_error': 0.008712416857686455, 'shap_norm_sq': 8.959999999999997, 'weighted_error': 1.0118476493148176, 'gamma': 0.0625000000000001}
{'sample_size': 500, 'difference': 0, 'noise': 0, 'n': 14, 'alpha': 0.3, 'shap_error': 0.012956820217519139, 'shap_norm_sq': 6.859999999999986, 'weighted_error': 1.0138533454473078, 'gamma': 0.18367346938775558}
{'sample_size': 500, 'difference': 0, 'noise': 0, 'n': 14, 'alpha': 0.4, 'shap_error': 0.02139041132912339, 'shap_norm_sq': 5.04, 'weighted_error': 1.0162406703884863, 'gamma': 0.44444444444444486}
{'sample_size': 500, 'difference': 0, 'noise': 0, 'n': 14, 'alpha': 0.5, 'shap_error': 0.06981451526470153, 'shap_norm_sq': 3.4999999999999964, 'weighted_error': 1.0494063519993952, 'gamma': 1.0000000000000018}
{'sample_size': 500, 'difference': 0, 'noise': 0, 'n': 14, 'alpha': 0.6, 'shap_error': 0.09004438000748222, 'shap_norm_sq': 2.2399999999999967, 'weighted_error': 1.025847388846862, 'gamma': 2.250000000000004}
{'sample_size': 500, 'difference': 0, 'noise': 0, 'n': 14, 'alpha': 0.7, 'shap_error': 0.20148738205370084, 'shap_norm_sq': 1.2599999999999971, 'weighted_error': 1.026595558303074, 'gamma': 5.444444444444458}
{'sample_size': 500, 'difference': 0, 'noise': 0, 'n': 14, 'alpha': 0.8, 'shap_error': 0.3638632734949311, 'shap_norm_sq': 0.5599999999999967, 'weighted_error': 1.0147695158179222, 'gamma': 16.000000000000096}
{'sample_size': 500, 'difference': 0, 'noise': 0, 'n': 14, 'alpha': 0.2, 'shap_error': 0.009122761339799246, 'shap_norm_sq': 8.959999999999997, 'weighted_error': 1.0184131610286224, 'gamma': 0.0625000000000001}
{'sample_size': 500, 'difference': 0, 'noise': 0, 'n': 14, 'alpha': 0.3, 'shap_error': 0.015491928868765168, 'shap_norm_sq': 6.859999999999986, 'weighted_error': 1.0276556036596471, 'gamma': 0.18367346938775558}
{'sample_size': 500, 'difference': 0, 'noise': 0, 'n': 14, 'alpha': 0.4, 'shap_error': 0.02095142289095193, 'shap_norm_sq': 5.04, 'weighted_error': 1.0152529464026006, 'gamma': 0.44444444444444486}
{'sample_size': 500, 'difference': 0, 'noise': 0, 'n': 14, 'alpha': 0.5, 'shap_error': 0.056479993221382606, 'shap_norm_sq': 3.4999999999999964, 'weighted_error': 1.0360718299560754, 'gamma': 1.0000000000000018}
{'sample_size': 500, 'difference': 0, 'noise': 0, 'n': 14, 'alpha': 0.6, 'shap_error': 0.09088990537144417, 'shap_norm_sq': 2.2399999999999967, 'weighted_error': 1.0262231778975122, 'gamma': 2.250000000000004}
{'sample_size': 500, 'difference': 0, 'noise': 0, 'n': 14, 'alpha': 0.7, 'shap_error': 0.18451530155106685, 'shap_norm_sq': 1.2599999999999971, 'weighted_error': 1.0234782373944278, 'gamma': 5.444444444444458}
{'sample_size': 500, 'difference': 0, 'noise': 0, 'n': 14, 'alpha': 0.8, 'shap_error': 0.37285816500677005, 'shap_norm_sq': 0.5599999999999967, 'weighted_error': 1.015331696537413, 'gamma': 16.000000000000096}
{'sample_size': 500, 'difference': 0, 'noise': 0, 'n': 14, 'alpha': 0.2, 'shap_error': 0.008823034943996992, 'shap_norm_sq': 8.959999999999997, 'weighted_error': 1.0136175386957857, 'gamma': 0.0625000000000001}
{'sample_size': 500, 'difference': 0, 'noise': 0, 'n': 14, 'alpha': 0.3, 'shap_error': 0.01618681319591964, 'shap_norm_sq': 6.859999999999986, 'weighted_error': 1.031438862774155, 'gamma': 0.18367346938775558}
{'sample_size': 500, 'difference': 0, 'noise': 0, 'n': 14, 'alpha': 0.4, 'shap_error': 0.020697445925511943, 'shap_norm_sq': 5.04, 'weighted_error': 1.014681498230361, 'gamma': 0.44444444444444486}
{'sample_size': 500, 'difference': 0, 'noise': 0, 'n': 14, 'alpha': 0.5, 'shap_error': 0.037371705997405476, 'shap_norm_sq': 3.4999999999999964, 'weighted_error': 1.0169635427320984, 'gamma': 1.0000000000000018}
{'sample_size': 500, 'difference': 0, 'noise': 0, 'n': 14, 'alpha': 0.6, 'shap_error': 0.0636298717150543, 'shap_norm_sq': 2.2399999999999967, 'weighted_error': 1.0141076073835613, 'gamma': 2.250000000000004}
{'sample_size': 500, 'difference': 0, 'noise': 0, 'n': 14, 'alpha': 0.7, 'shap_error': 0.18686008636462312, 'shap_norm_sq': 1.2599999999999971, 'weighted_error': 1.0239089121561005, 'gamma': 5.444444444444458}
{'sample_size': 500, 'difference': 0, 'noise': 0, 'n': 14, 'alpha': 0.8, 'shap_error': 0.3739572352334075, 'shap_norm_sq': 0.5599999999999967, 'weighted_error': 1.0154003884265776, 'gamma': 16.000000000000096}
{'sample_size': 500, 'difference': 0, 'noise': 0, 'n': 14, 'alpha': 0.2, 'shap_error': 0.009160090252443917, 'shap_norm_sq': 8.959999999999997, 'weighted_error': 1.0190104236309365, 'gamma': 0.0625000000000001}
{'sample_size': 500, 'difference': 0, 'noise': 0, 'n': 14, 'alpha': 0.3, 'shap_error': 0.012934983839013394, 'shap_norm_sq': 6.859999999999986, 'weighted_error': 1.0137344584976655, 'gamma': 0.18367346938775558}
{'sample_size': 500, 'difference': 0, 'noise': 0, 'n': 14, 'alpha': 0.4, 'shap_error': 0.020221178188847343, 'shap_norm_sq': 5.04, 'weighted_error': 1.0136098958228656, 'gamma': 0.44444444444444486}
{'sample_size': 500, 'difference': 0, 'noise': 0, 'n': 14, 'alpha': 0.5, 'shap_error': 0.02806460281653097, 'shap_norm_sq': 3.4999999999999964, 'weighted_error': 1.0076564395512244, 'gamma': 1.0000000000000018}
{'sample_size': 500, 'difference': 0, 'noise': 0, 'n': 14, 'alpha': 0.6, 'shap_error': 0.08580929708277157, 'shap_norm_sq': 2.2399999999999967, 'weighted_error': 1.0239651297692134, 'gamma': 2.250000000000004}
{'sample_size': 500, 'difference': 0, 'noise': 0, 'n': 14, 'alpha': 0.7, 'shap_error': 0.3920302744378001, 'shap_norm_sq': 1.2599999999999971, 'weighted_error': 1.06159323241444, 'gamma': 5.444444444444458}
{'sample_size': 500, 'difference': 0, 'noise': 0, 'n': 14, 'alpha': 0.8, 'shap_error': 0.26651094125125124, 'shap_norm_sq': 0.5599999999999967, 'weighted_error': 1.008684995052693, 'gamma': 16.000000000000096}
{'sample_size': 500, 'difference': 0, 'noise': 0, 'n': 14, 'alpha': 0.2, 'shap_error': 0.009282872051638443, 'shap_norm_sq': 8.959999999999997, 'weighted_error': 1.0209749324180504, 'gamma': 0.0625000000000001}
{'sample_size': 500, 'difference': 0, 'noise': 0, 'n': 14, 'alpha': 0.3, 'shap_error': 0.014093347729106108, 'shap_norm_sq': 6.859999999999986, 'weighted_error': 1.0200411063437254, 'gamma': 0.18367346938775558}
{'sample_size': 500, 'difference': 0, 'noise': 0, 'n': 14, 'alpha': 0.4, 'shap_error': 0.030964187665942652, 'shap_norm_sq': 5.04, 'weighted_error': 1.03778166714633, 'gamma': 0.44444444444444486}
{'sample_size': 500, 'difference': 0, 'noise': 0, 'n': 14, 'alpha': 0.5, 'shap_error': 0.03456000401175752, 'shap_norm_sq': 3.4999999999999964, 'weighted_error': 1.014151840746452, 'gamma': 1.0000000000000018}
{'sample_size': 500, 'difference': 0, 'noise': 0, 'n': 14, 'alpha': 0.6, 'shap_error': 0.09856089009119948, 'shap_norm_sq': 2.2399999999999967, 'weighted_error': 1.0296325044396257, 'gamma': 2.250000000000004}
{'sample_size': 500, 'difference': 0, 'noise': 0, 'n': 14, 'alpha': 0.7, 'shap_error': 0.1983468000061186, 'shap_norm_sq': 1.2599999999999971, 'weighted_error': 1.0260187167024983, 'gamma': 5.444444444444458}
{'sample_size': 500, 'difference': 0, 'noise': 0, 'n': 14, 'alpha': 0.8, 'shap_error': 0.3628143020400285, 'shap_norm_sq': 0.5599999999999967, 'weighted_error': 1.0147039551019914, 'gamma': 16.000000000000096}
{'sample_size': 500, 'difference': 0, 'noise': 0, 'n': 14, 'alpha': 0.2, 'shap_error': 0.010463810568412526, 'shap_norm_sq': 8.959999999999997, 'weighted_error': 1.0398699486864338, 'gamma': 0.0625000000000001}
{'sample_size': 500, 'difference': 0, 'noise': 0, 'n': 14, 'alpha': 0.3, 'shap_error': 0.013207131321096181, 'shap_norm_sq': 6.859999999999986, 'weighted_error': 1.0152161503445611, 'gamma': 0.18367346938775558}
{'sample_size': 500, 'difference': 0, 'noise': 0, 'n': 14, 'alpha': 0.4, 'shap_error': 0.022091047278159522, 'shap_norm_sq': 5.04, 'weighted_error': 1.0178171012738177, 'gamma': 0.44444444444444486}
{'sample_size': 500, 'difference': 0, 'noise': 0, 'n': 14, 'alpha': 0.5, 'shap_error': 0.02574743507272933, 'shap_norm_sq': 3.4999999999999964, 'weighted_error': 1.0053392718074228, 'gamma': 1.0000000000000018}
{'sample_size': 500, 'difference': 0, 'noise': 0, 'n': 14, 'alpha': 0.6, 'shap_error': 0.04780565665498332, 'shap_norm_sq': 2.2399999999999967, 'weighted_error': 1.0070746229124181, 'gamma': 2.250000000000004}
{'sample_size': 500, 'difference': 0, 'noise': 0, 'n': 14, 'alpha': 0.7, 'shap_error': 0.2409445410353985, 'shap_norm_sq': 1.2599999999999971, 'weighted_error': 1.033842791585427, 'gamma': 5.444444444444458}
{'sample_size': 500, 'difference': 0, 'noise': 0, 'n': 14, 'alpha': 0.8, 'shap_error': 0.4758653172375252, 'shap_norm_sq': 0.5599999999999967, 'weighted_error': 1.0217696435518344, 'gamma': 16.000000000000096}
{'sample_size': 500, 'difference': 0, 'noise': 0, 'n': 14, 'alpha': 0.2, 'shap_error': 0.008831651214484924, 'shap_norm_sq': 8.959999999999997, 'weighted_error': 1.0137553990235944, 'gamma': 0.0625000000000001}
{'sample_size': 500, 'difference': 0, 'noise': 0, 'n': 14, 'alpha': 0.3, 'shap_error': 0.01847753425720826, 'shap_norm_sq': 6.859999999999986, 'weighted_error': 1.04391056633006, 'gamma': 0.18367346938775558}
{'sample_size': 500, 'difference': 0, 'noise': 0, 'n': 14, 'alpha': 0.4, 'shap_error': 0.02842081696884035, 'shap_norm_sq': 5.04, 'weighted_error': 1.0320590830778504, 'gamma': 0.44444444444444486}
{'sample_size': 500, 'difference': 0, 'noise': 0, 'n': 14, 'alpha': 0.5, 'shap_error': 0.03071046908514657, 'shap_norm_sq': 3.4999999999999964, 'weighted_error': 1.01030230581984, 'gamma': 1.0000000000000018}
{'sample_size': 500, 'difference': 0, 'noise': 0, 'n': 14, 'alpha': 0.6, 'shap_error': 0.10745496077687543, 'shap_norm_sq': 2.2399999999999967, 'weighted_error': 1.0335854247443703, 'gamma': 2.250000000000004}
{'sample_size': 500, 'difference': 0, 'noise': 0, 'n': 14, 'alpha': 0.7, 'shap_error': 0.12214934729399143, 'shap_norm_sq': 1.2599999999999971, 'weighted_error': 1.0120232662043522, 'gamma': 5.444444444444458}
{'sample_size': 500, 'difference': 0, 'noise': 0, 'n': 14, 'alpha': 0.8, 'shap_error': 0.2708770554483785, 'shap_norm_sq': 0.5599999999999967, 'weighted_error': 1.0089578771900132, 'gamma': 16.000000000000096}
{'sample_size': 500, 'difference': 0, 'noise': 0, 'n': 14, 'alpha': 0.2, 'shap_error': 0.010134483688586453, 'shap_norm_sq': 8.959999999999997, 'weighted_error': 1.034600718609218, 'gamma': 0.0625000000000001}
{'sample_size': 500, 'difference': 0, 'noise': 0, 'n': 14, 'alpha': 0.3, 'shap_error': 0.018365593417030878, 'shap_norm_sq': 6.859999999999986, 'weighted_error': 1.0433011106446493, 'gamma': 0.18367346938775558}
{'sample_size': 500, 'difference': 0, 'noise': 0, 'n': 14, 'alpha': 0.4, 'shap_error': 0.02858511776759762, 'shap_norm_sq': 5.04, 'weighted_error': 1.032428759875053, 'gamma': 0.44444444444444486}
{'sample_size': 500, 'difference': 0, 'noise': 0, 'n': 14, 'alpha': 0.5, 'shap_error': 0.04207592698838419, 'shap_norm_sq': 3.4999999999999964, 'weighted_error': 1.021667763723078, 'gamma': 1.0000000000000018}
{'sample_size': 500, 'difference': 0, 'noise': 0, 'n': 14, 'alpha': 0.6, 'shap_error': 0.04678386534367624, 'shap_norm_sq': 2.2399999999999967, 'weighted_error': 1.0066204934407266, 'gamma': 2.250000000000004}
{'sample_size': 500, 'difference': 0, 'noise': 0, 'n': 14, 'alpha': 0.7, 'shap_error': 0.11595994371234226, 'shap_norm_sq': 1.2599999999999971, 'weighted_error': 1.0108864369750696, 'gamma': 5.444444444444458}
{'sample_size': 500, 'difference': 0, 'noise': 0, 'n': 14, 'alpha': 0.8, 'shap_error': 0.46688997985928155, 'shap_norm_sq': 0.5599999999999967, 'weighted_error': 1.0212086849656943, 'gamma': 16.000000000000096}
{'sample_size': 500, 'difference': 0, 'noise': 0, 'n': 14, 'alpha': 0.2, 'shap_error': 0.009462134538919009, 'shap_norm_sq': 8.959999999999997, 'weighted_error': 1.023843132214539, 'gamma': 0.0625000000000001}
{'sample_size': 500, 'difference': 0, 'noise': 0, 'n': 14, 'alpha': 0.3, 'shap_error': 0.015422508522423195, 'shap_norm_sq': 6.859999999999986, 'weighted_error': 1.0272776484406745, 'gamma': 0.18367346938775558}
{'sample_size': 500, 'difference': 0, 'noise': 0, 'n': 14, 'alpha': 0.4, 'shap_error': 0.016412833644789192, 'shap_norm_sq': 5.04, 'weighted_error': 1.0050411205987346, 'gamma': 0.44444444444444486}
{'sample_size': 500, 'difference': 0, 'noise': 0, 'n': 14, 'alpha': 0.5, 'shap_error': 0.07771633322972618, 'shap_norm_sq': 3.4999999999999964, 'weighted_error': 1.0573081699644196, 'gamma': 1.0000000000000018}
{'sample_size': 500, 'difference': 0, 'noise': 0, 'n': 14, 'alpha': 0.6, 'shap_error': 0.07215845701262667, 'shap_norm_sq': 2.2399999999999967, 'weighted_error': 1.0178980897380385, 'gamma': 2.250000000000004}
{'sample_size': 500, 'difference': 0, 'noise': 0, 'n': 14, 'alpha': 0.7, 'shap_error': 0.17960184501634543, 'shap_norm_sq': 1.2599999999999971, 'weighted_error': 1.0225757657860093, 'gamma': 5.444444444444458}
{'sample_size': 500, 'difference': 0, 'noise': 0, 'n': 14, 'alpha': 0.8, 'shap_error': 0.721653551535702, 'shap_norm_sq': 0.5599999999999967, 'weighted_error': 1.037131408195472, 'gamma': 16.000000000000096}
{'sample_size': 500, 'difference': 0, 'noise': 0, 'n': 14, 'alpha': 0.2, 'shap_error': 0.008864620646752969, 'shap_norm_sq': 8.959999999999997, 'weighted_error': 1.0142829099398813, 'gamma': 0.0625000000000001}
{'sample_size': 500, 'difference': 0, 'noise': 0, 'n': 14, 'alpha': 0.3, 'shap_error': 0.012346545913548777, 'shap_norm_sq': 6.859999999999986, 'weighted_error': 1.0105307409034696, 'gamma': 0.18367346938775558}
{'sample_size': 500, 'difference': 0, 'noise': 0, 'n': 14, 'alpha': 0.4, 'shap_error': 0.018331720937075226, 'shap_norm_sq': 5.04, 'weighted_error': 1.0093586170063786, 'gamma': 0.44444444444444486}
{'sample_size': 500, 'difference': 0, 'noise': 0, 'n': 14, 'alpha': 0.5, 'shap_error': 0.059899757344341796, 'shap_norm_sq': 3.4999999999999964, 'weighted_error': 1.0394915940790357, 'gamma': 1.0000000000000018}
{'sample_size': 500, 'difference': 0, 'noise': 0, 'n': 14, 'alpha': 0.6, 'shap_error': 0.07071242986742597, 'shap_norm_sq': 2.2399999999999967, 'weighted_error': 1.017255411006838, 'gamma': 2.250000000000004}
{'sample_size': 500, 'difference': 0, 'noise': 0, 'n': 14, 'alpha': 0.7, 'shap_error': 0.17158040013047107, 'shap_norm_sq': 1.2599999999999971, 'weighted_error': 1.021102439174318, 'gamma': 5.444444444444458}
{'sample_size': 500, 'difference': 0, 'noise': 0, 'n': 14, 'alpha': 0.8, 'shap_error': 0.3987642987605449, 'shap_norm_sq': 0.5599999999999967, 'weighted_error': 1.0169508298970238, 'gamma': 16.000000000000096}
{'sample_size': 500, 'difference': 0, 'noise': 0, 'n': 14, 'alpha': 0.2, 'shap_error': 0.009802856605117425, 'shap_norm_sq': 8.959999999999997, 'weighted_error': 1.0292946852737137, 'gamma': 0.0625000000000001}
{'sample_size': 500, 'difference': 0, 'noise': 0, 'n': 14, 'alpha': 0.3, 'shap_error': 0.013849202719572493, 'shap_norm_sq': 6.859999999999986, 'weighted_error': 1.018711872402931, 'gamma': 0.18367346938775558}
{'sample_size': 500, 'difference': 0, 'noise': 0, 'n': 14, 'alpha': 0.4, 'shap_error': 0.0214023796676334, 'shap_norm_sq': 5.04, 'weighted_error': 1.0162675991501338, 'gamma': 0.44444444444444486}
{'sample_size': 500, 'difference': 0, 'noise': 0, 'n': 14, 'alpha': 0.5, 'shap_error': 0.03109383250602061, 'shap_norm_sq': 3.4999999999999964, 'weighted_error': 1.0106856692407147, 'gamma': 1.0000000000000018}
{'sample_size': 500, 'difference': 0, 'noise': 0, 'n': 14, 'alpha': 0.6, 'shap_error': 0.11301420888971858, 'shap_norm_sq': 2.2399999999999967, 'weighted_error': 1.0360562016834125, 'gamma': 2.250000000000004}
{'sample_size': 500, 'difference': 0, 'noise': 0, 'n': 14, 'alpha': 0.7, 'shap_error': 0.18244711847802142, 'shap_norm_sq': 1.2599999999999971, 'weighted_error': 1.023098367034072, 'gamma': 5.444444444444458}
{'sample_size': 500, 'difference': 0, 'noise': 0, 'n': 14, 'alpha': 0.8, 'shap_error': 0.3353998638825022, 'shap_norm_sq': 0.5599999999999967, 'weighted_error': 1.0129905527171454, 'gamma': 16.000000000000096}
{'sample_size': 500, 'difference': 0, 'noise': 0, 'n': 14, 'alpha': 0.2, 'shap_error': 0.008771087841926024, 'shap_norm_sq': 8.959999999999997, 'weighted_error': 1.0127863850626515, 'gamma': 0.0625000000000001}
{'sample_size': 500, 'difference': 0, 'noise': 0, 'n': 14, 'alpha': 0.3, 'shap_error': 0.014619902049181732, 'shap_norm_sq': 6.859999999999986, 'weighted_error': 1.0229079020863594, 'gamma': 0.18367346938775558}
{'sample_size': 500, 'difference': 0, 'noise': 0, 'n': 14, 'alpha': 0.4, 'shap_error': 0.021836843581430752, 'shap_norm_sq': 5.04, 'weighted_error': 1.0172451429561782, 'gamma': 0.44444444444444486}
{'sample_size': 500, 'difference': 0, 'noise': 0, 'n': 14, 'alpha': 0.5, 'shap_error': 0.037808395055900945, 'shap_norm_sq': 3.4999999999999964, 'weighted_error': 1.0174002317905944, 'gamma': 1.0000000000000018}
{'sample_size': 500, 'difference': 0, 'noise': 0, 'n': 14, 'alpha': 0.6, 'shap_error': 0.08034812597825627, 'shap_norm_sq': 2.2399999999999967, 'weighted_error': 1.021537942611651, 'gamma': 2.250000000000004}
{'sample_size': 500, 'difference': 0, 'noise': 0, 'n': 14, 'alpha': 0.7, 'shap_error': 0.11858624012315576, 'shap_norm_sq': 1.2599999999999971, 'weighted_error': 1.011368817948484, 'gamma': 5.444444444444458}
{'sample_size': 500, 'difference': 0, 'noise': 0, 'n': 14, 'alpha': 0.8, 'shap_error': 0.2601609842003446, 'shap_norm_sq': 0.5599999999999967, 'weighted_error': 1.0082881227370113, 'gamma': 16.000000000000096}
{'sample_size': 500, 'difference': 0, 'noise': 0, 'n': 14, 'alpha': 0.2, 'shap_error': 0.00980339398690282, 'shap_norm_sq': 8.959999999999997, 'weighted_error': 1.0293032833822797, 'gamma': 0.0625000000000001}
{'sample_size': 500, 'difference': 0, 'noise': 0, 'n': 14, 'alpha': 0.3, 'shap_error': 0.013226649360319684, 'shap_norm_sq': 6.859999999999986, 'weighted_error': 1.015322415224778, 'gamma': 0.18367346938775558}
{'sample_size': 500, 'difference': 0, 'noise': 0, 'n': 14, 'alpha': 0.4, 'shap_error': 0.01667937102174376, 'shap_norm_sq': 5.04, 'weighted_error': 1.0056408296968828, 'gamma': 0.44444444444444486}
{'sample_size': 500, 'difference': 0, 'noise': 0, 'n': 14, 'alpha': 0.5, 'shap_error': 0.0597588849625517, 'shap_norm_sq': 3.4999999999999964, 'weighted_error': 1.0393507216972457, 'gamma': 1.0000000000000018}
{'sample_size': 500, 'difference': 0, 'noise': 0, 'n': 14, 'alpha': 0.6, 'shap_error': 0.06907728870623449, 'shap_norm_sq': 2.2399999999999967, 'weighted_error': 1.0165286816018637, 'gamma': 2.250000000000004}
{'sample_size': 500, 'difference': 0, 'noise': 0, 'n': 14, 'alpha': 0.7, 'shap_error': 0.1543799358170014, 'shap_norm_sq': 1.2599999999999971, 'weighted_error': 1.017943170218783, 'gamma': 5.444444444444458}
{'sample_size': 500, 'difference': 0, 'noise': 0, 'n': 14, 'alpha': 0.8, 'shap_error': 0.330583891201931, 'shap_norm_sq': 0.5599999999999967, 'weighted_error': 1.0126895544246104, 'gamma': 16.000000000000096}
