{'sample_size': 500, 'difference': 2, 'noise': 0, 'n': 12, 'alpha': 0.2, 'shap_error': 0.010911215607911168, 'shap_norm_sq': 7.680000000000017, 'weighted_error': 1.0009683386154657, 'gamma': 0.06249999999999987}
{'sample_size': 500, 'difference': 2, 'noise': 0, 'n': 12, 'alpha': 0.3, 'shap_error': 0.014647114645193476, 'shap_norm_sq': 5.880000000000017, 'weighted_error': 1.0025849081300038, 'gamma': 0.1836734693877546}
{'sample_size': 500, 'difference': 2, 'noise': 0, 'n': 12, 'alpha': 0.4, 'shap_error': 0.01978036325308319, 'shap_norm_sq': 4.319999999999995, 'weighted_error': 1.001103039541659, 'gamma': 0.4444444444444451}
{'sample_size': 500, 'difference': 2, 'noise': 0, 'n': 12, 'alpha': 0.5, 'shap_error': 0.02920843154640682, 'shap_norm_sq': 3.000000000000004, 'weighted_error': 1.001430653768629, 'gamma': 0.9999999999999984}
{'sample_size': 500, 'difference': 2, 'noise': 0, 'n': 12, 'alpha': 0.6, 'shap_error': 0.04763507150047715, 'shap_norm_sq': 1.920000000000003, 'weighted_error': 1.001881019432311, 'gamma': 2.249999999999996}
{'sample_size': 500, 'difference': 2, 'noise': 0, 'n': 12, 'alpha': 0.7, 'shap_error': 0.08645422063826404, 'shap_norm_sq': 1.0800000000000078, 'weighted_error': 1.0017070110469375, 'gamma': 5.444444444444405}
{'sample_size': 500, 'difference': 2, 'noise': 0, 'n': 12, 'alpha': 0.8, 'shap_error': 0.21023573928869924, 'shap_norm_sq': 0.4800000000000006, 'weighted_error': 1.0022890392610986, 'gamma': 15.99999999999999}
{'sample_size': 500, 'difference': 2, 'noise': 0, 'n': 12, 'alpha': 0.2, 'shap_error': 0.011039037810319048, 'shap_norm_sq': 7.680000000000017, 'weighted_error': 1.0030134938539916, 'gamma': 0.06249999999999987}
{'sample_size': 500, 'difference': 2, 'noise': 0, 'n': 12, 'alpha': 0.3, 'shap_error': 0.01451267114839106, 'shap_norm_sq': 5.880000000000017, 'weighted_error': 1.001852937980746, 'gamma': 0.1836734693877546}
{'sample_size': 500, 'difference': 2, 'noise': 0, 'n': 12, 'alpha': 0.4, 'shap_error': 0.02037473587281322, 'shap_norm_sq': 4.319999999999995, 'weighted_error': 1.0024403779360511, 'gamma': 0.4444444444444451}
{'sample_size': 500, 'difference': 2, 'noise': 0, 'n': 12, 'alpha': 0.5, 'shap_error': 0.029362429973988795, 'shap_norm_sq': 3.000000000000004, 'weighted_error': 1.0015846521962106, 'gamma': 0.9999999999999984}
{'sample_size': 500, 'difference': 2, 'noise': 0, 'n': 12, 'alpha': 0.6, 'shap_error': 0.046676418653195016, 'shap_norm_sq': 1.920000000000003, 'weighted_error': 1.0014549515001854, 'gamma': 2.249999999999996}
{'sample_size': 500, 'difference': 2, 'noise': 0, 'n': 12, 'alpha': 0.7, 'shap_error': 0.08117725992861359, 'shap_norm_sq': 1.0800000000000078, 'weighted_error': 1.0007377733655733, 'gamma': 5.444444444444405}
{'sample_size': 500, 'difference': 2, 'noise': 0, 'n': 12, 'alpha': 0.8, 'shap_error': 0.21014853276619178, 'shap_norm_sq': 0.4800000000000006, 'weighted_error': 1.0022835888534425, 'gamma': 15.99999999999999}
{'sample_size': 500, 'difference': 2, 'noise': 0, 'n': 12, 'alpha': 0.2, 'shap_error': 0.010964735704358616, 'shap_norm_sq': 7.680000000000017, 'weighted_error': 1.0018246601586247, 'gamma': 0.06249999999999987}
{'sample_size': 500, 'difference': 2, 'noise': 0, 'n': 12, 'alpha': 0.3, 'shap_error': 0.014506064889692602, 'shap_norm_sq': 5.880000000000017, 'weighted_error': 1.0018169705722766, 'gamma': 0.1836734693877546}
{'sample_size': 500, 'difference': 2, 'noise': 0, 'n': 12, 'alpha': 0.4, 'shap_error': 0.019480845407086323, 'shap_norm_sq': 4.319999999999995, 'weighted_error': 1.0004291243881656, 'gamma': 0.4444444444444451}
{'sample_size': 500, 'difference': 2, 'noise': 0, 'n': 12, 'alpha': 0.5, 'shap_error': 0.02844601165249938, 'shap_norm_sq': 3.000000000000004, 'weighted_error': 1.0006682338747213, 'gamma': 0.9999999999999984}
{'sample_size': 500, 'difference': 2, 'noise': 0, 'n': 12, 'alpha': 0.6, 'shap_error': 0.04866575720779333, 'shap_norm_sq': 1.920000000000003, 'weighted_error': 1.0023391019688956, 'gamma': 2.249999999999996}
{'sample_size': 500, 'difference': 2, 'noise': 0, 'n': 12, 'alpha': 0.7, 'shap_error': 0.09009306563660467, 'shap_norm_sq': 1.0800000000000078, 'weighted_error': 1.0023753703323472, 'gamma': 5.444444444444405}
{'sample_size': 500, 'difference': 2, 'noise': 0, 'n': 12, 'alpha': 0.8, 'shap_error': 0.21015817317174373, 'shap_norm_sq': 0.4800000000000006, 'weighted_error': 1.0022841913787894, 'gamma': 15.99999999999999}
{'sample_size': 500, 'difference': 2, 'noise': 0, 'n': 12, 'alpha': 0.2, 'shap_error': 0.010977059701113283, 'shap_norm_sq': 7.680000000000017, 'weighted_error': 1.0020218441066997, 'gamma': 0.06249999999999987}
{'sample_size': 500, 'difference': 2, 'noise': 0, 'n': 12, 'alpha': 0.3, 'shap_error': 0.014734586832329644, 'shap_norm_sq': 5.880000000000017, 'weighted_error': 1.0030611455933003, 'gamma': 0.1836734693877546}
{'sample_size': 500, 'difference': 2, 'noise': 0, 'n': 12, 'alpha': 0.4, 'shap_error': 0.021025993268474638, 'shap_norm_sq': 4.319999999999995, 'weighted_error': 1.0039057070762896, 'gamma': 0.4444444444444451}
{'sample_size': 500, 'difference': 2, 'noise': 0, 'n': 12, 'alpha': 0.5, 'shap_error': 0.029583461354126667, 'shap_norm_sq': 3.000000000000004, 'weighted_error': 1.001805683576349, 'gamma': 0.9999999999999984}
{'sample_size': 500, 'difference': 2, 'noise': 0, 'n': 12, 'alpha': 0.6, 'shap_error': 0.04510075160881472, 'shap_norm_sq': 1.920000000000003, 'weighted_error': 1.0007546550360165, 'gamma': 2.249999999999996}
{'sample_size': 500, 'difference': 2, 'noise': 0, 'n': 12, 'alpha': 0.7, 'shap_error': 0.0853529786278439, 'shap_norm_sq': 1.0800000000000078, 'weighted_error': 1.001504742106248, 'gamma': 5.444444444444405}
{'sample_size': 500, 'difference': 2, 'noise': 0, 'n': 12, 'alpha': 0.8, 'shap_error': 0.1923300779911321, 'shap_norm_sq': 0.4800000000000006, 'weighted_error': 1.001169935430001, 'gamma': 15.99999999999999}
{'sample_size': 500, 'difference': 2, 'noise': 0, 'n': 12, 'alpha': 0.2, 'shap_error': 0.010929179698347731, 'shap_norm_sq': 7.680000000000017, 'weighted_error': 1.0012557640624506, 'gamma': 0.06249999999999987}
{'sample_size': 500, 'difference': 2, 'noise': 0, 'n': 12, 'alpha': 0.3, 'shap_error': 0.014510310997533511, 'shap_norm_sq': 5.880000000000017, 'weighted_error': 1.001840088270521, 'gamma': 0.1836734693877546}
{'sample_size': 500, 'difference': 2, 'noise': 0, 'n': 12, 'alpha': 0.4, 'shap_error': 0.02025451271967247, 'shap_norm_sq': 4.319999999999995, 'weighted_error': 1.0021698758414845, 'gamma': 0.4444444444444451}
{'sample_size': 500, 'difference': 2, 'noise': 0, 'n': 12, 'alpha': 0.5, 'shap_error': 0.029962874604233886, 'shap_norm_sq': 3.000000000000004, 'weighted_error': 1.0021850968264558, 'gamma': 0.9999999999999984}
{'sample_size': 500, 'difference': 2, 'noise': 0, 'n': 12, 'alpha': 0.6, 'shap_error': 0.04654839766994099, 'shap_norm_sq': 1.920000000000003, 'weighted_error': 1.001398053285406, 'gamma': 2.249999999999996}
{'sample_size': 500, 'difference': 2, 'noise': 0, 'n': 12, 'alpha': 0.7, 'shap_error': 0.09679018802693075, 'shap_norm_sq': 1.0800000000000078, 'weighted_error': 1.0036054540366923, 'gamma': 5.444444444444405}
{'sample_size': 500, 'difference': 2, 'noise': 0, 'n': 12, 'alpha': 0.8, 'shap_error': 0.1979625855758751, 'shap_norm_sq': 0.4800000000000006, 'weighted_error': 1.0015219671540476, 'gamma': 15.99999999999999}
{'sample_size': 500, 'difference': 2, 'noise': 0, 'n': 12, 'alpha': 0.2, 'shap_error': 0.011056742576175593, 'shap_norm_sq': 7.680000000000017, 'weighted_error': 1.0032967701076967, 'gamma': 0.06249999999999987}
{'sample_size': 500, 'difference': 2, 'noise': 0, 'n': 12, 'alpha': 0.3, 'shap_error': 0.014619080099189207, 'shap_norm_sq': 5.880000000000017, 'weighted_error': 1.002432275601758, 'gamma': 0.1836734693877546}
{'sample_size': 500, 'difference': 2, 'noise': 0, 'n': 12, 'alpha': 0.4, 'shap_error': 0.019819009369493275, 'shap_norm_sq': 4.319999999999995, 'weighted_error': 1.0011899933035813, 'gamma': 0.4444444444444451}
{'sample_size': 500, 'difference': 2, 'noise': 0, 'n': 12, 'alpha': 0.5, 'shap_error': 0.0314460692198282, 'shap_norm_sq': 3.000000000000004, 'weighted_error': 1.00366829144205, 'gamma': 0.9999999999999984}
{'sample_size': 500, 'difference': 2, 'noise': 0, 'n': 12, 'alpha': 0.6, 'shap_error': 0.051779813686506845, 'shap_norm_sq': 1.920000000000003, 'weighted_error': 1.0037231270705462, 'gamma': 2.249999999999996}
{'sample_size': 500, 'difference': 2, 'noise': 0, 'n': 12, 'alpha': 0.7, 'shap_error': 0.09499291158308865, 'shap_norm_sq': 1.0800000000000078, 'weighted_error': 1.0032753420368035, 'gamma': 5.444444444444405}
{'sample_size': 500, 'difference': 2, 'noise': 0, 'n': 12, 'alpha': 0.8, 'shap_error': 0.19503267912976818, 'shap_norm_sq': 0.4800000000000006, 'weighted_error': 1.001338848001166, 'gamma': 15.99999999999999}
{'sample_size': 500, 'difference': 2, 'noise': 0, 'n': 12, 'alpha': 0.2, 'shap_error': 0.011040892312425415, 'shap_norm_sq': 7.680000000000017, 'weighted_error': 1.0030431658876935, 'gamma': 0.06249999999999987}
{'sample_size': 500, 'difference': 2, 'noise': 0, 'n': 12, 'alpha': 0.3, 'shap_error': 0.014487557226424032, 'shap_norm_sq': 5.880000000000017, 'weighted_error': 1.0017162066278147, 'gamma': 0.1836734693877546}
{'sample_size': 500, 'difference': 2, 'noise': 0, 'n': 12, 'alpha': 0.4, 'shap_error': 0.01979252486096815, 'shap_norm_sq': 4.319999999999995, 'weighted_error': 1.0011304031594, 'gamma': 0.4444444444444451}
{'sample_size': 500, 'difference': 2, 'noise': 0, 'n': 12, 'alpha': 0.5, 'shap_error': 0.03081707620384255, 'shap_norm_sq': 3.000000000000004, 'weighted_error': 1.003039298426065, 'gamma': 0.9999999999999984}
{'sample_size': 500, 'difference': 2, 'noise': 0, 'n': 12, 'alpha': 0.6, 'shap_error': 0.045804119591151056, 'shap_norm_sq': 1.920000000000003, 'weighted_error': 1.0010672630281663, 'gamma': 2.249999999999996}
{'sample_size': 500, 'difference': 2, 'noise': 0, 'n': 12, 'alpha': 0.7, 'shap_error': 0.08405169403622965, 'shap_norm_sq': 1.0800000000000078, 'weighted_error': 1.0012657306506456, 'gamma': 5.444444444444405}
{'sample_size': 500, 'difference': 2, 'noise': 0, 'n': 12, 'alpha': 0.8, 'shap_error': 0.1880534235352103, 'shap_norm_sq': 0.4800000000000006, 'weighted_error': 1.000902644526506, 'gamma': 15.99999999999999}
{'sample_size': 500, 'difference': 2, 'noise': 0, 'n': 12, 'alpha': 0.2, 'shap_error': 0.010956865115595018, 'shap_norm_sq': 7.680000000000017, 'weighted_error': 1.0016987307384075, 'gamma': 0.06249999999999987}
{'sample_size': 500, 'difference': 2, 'noise': 0, 'n': 12, 'alpha': 0.3, 'shap_error': 0.01440027230378219, 'shap_norm_sq': 5.880000000000017, 'weighted_error': 1.001240988715653, 'gamma': 0.1836734693877546}
{'sample_size': 500, 'difference': 2, 'noise': 0, 'n': 12, 'alpha': 0.4, 'shap_error': 0.019806883010077405, 'shap_norm_sq': 4.319999999999995, 'weighted_error': 1.0011627089948962, 'gamma': 0.4444444444444451}
{'sample_size': 500, 'difference': 2, 'noise': 0, 'n': 12, 'alpha': 0.5, 'shap_error': 0.02934273347449457, 'shap_norm_sq': 3.000000000000004, 'weighted_error': 1.0015649556967168, 'gamma': 0.9999999999999984}
{'sample_size': 500, 'difference': 2, 'noise': 0, 'n': 12, 'alpha': 0.6, 'shap_error': 0.04608114942285259, 'shap_norm_sq': 1.920000000000003, 'weighted_error': 1.001190387397811, 'gamma': 2.249999999999996}
{'sample_size': 500, 'difference': 2, 'noise': 0, 'n': 12, 'alpha': 0.7, 'shap_error': 0.08990446068967628, 'shap_norm_sq': 1.0800000000000078, 'weighted_error': 1.0023407286074006, 'gamma': 5.444444444444405}
{'sample_size': 500, 'difference': 2, 'noise': 0, 'n': 12, 'alpha': 0.8, 'shap_error': 0.19971217363550028, 'shap_norm_sq': 0.4800000000000006, 'weighted_error': 1.0016313164077741, 'gamma': 15.99999999999999}
{'sample_size': 500, 'difference': 2, 'noise': 0, 'n': 12, 'alpha': 0.2, 'shap_error': 0.010928647671343378, 'shap_norm_sq': 7.680000000000017, 'weighted_error': 1.0012472516303812, 'gamma': 0.06249999999999987}
{'sample_size': 500, 'difference': 2, 'noise': 0, 'n': 12, 'alpha': 0.3, 'shap_error': 0.014341928037476708, 'shap_norm_sq': 5.880000000000017, 'weighted_error': 1.0009233365991015, 'gamma': 0.1836734693877546}
{'sample_size': 500, 'difference': 2, 'noise': 0, 'n': 12, 'alpha': 0.4, 'shap_error': 0.01972363695324994, 'shap_norm_sq': 4.319999999999995, 'weighted_error': 1.0009754053670346, 'gamma': 0.4444444444444451}
{'sample_size': 500, 'difference': 2, 'noise': 0, 'n': 12, 'alpha': 0.5, 'shap_error': 0.02924816092638403, 'shap_norm_sq': 3.000000000000004, 'weighted_error': 1.001470383148606, 'gamma': 0.9999999999999984}
{'sample_size': 500, 'difference': 2, 'noise': 0, 'n': 12, 'alpha': 0.6, 'shap_error': 0.05017211789588484, 'shap_norm_sq': 1.920000000000003, 'weighted_error': 1.0030085956080477, 'gamma': 2.249999999999996}
{'sample_size': 500, 'difference': 2, 'noise': 0, 'n': 12, 'alpha': 0.7, 'shap_error': 0.0868992031655985, 'shap_norm_sq': 1.0800000000000078, 'weighted_error': 1.0017887425315497, 'gamma': 5.444444444444405}
{'sample_size': 500, 'difference': 2, 'noise': 0, 'n': 12, 'alpha': 0.8, 'shap_error': 0.2002293277882862, 'shap_norm_sq': 0.4800000000000006, 'weighted_error': 1.0016636385423234, 'gamma': 15.99999999999999}
{'sample_size': 500, 'difference': 2, 'noise': 0, 'n': 12, 'alpha': 0.2, 'shap_error': 0.010947764609181534, 'shap_norm_sq': 7.680000000000017, 'weighted_error': 1.0015531226357917, 'gamma': 0.06249999999999987}
{'sample_size': 500, 'difference': 2, 'noise': 0, 'n': 12, 'alpha': 0.3, 'shap_error': 0.014641376482920593, 'shap_norm_sq': 5.880000000000017, 'weighted_error': 1.0025536670242954, 'gamma': 0.1836734693877546}
{'sample_size': 500, 'difference': 2, 'noise': 0, 'n': 12, 'alpha': 0.4, 'shap_error': 0.021497298935210008, 'shap_norm_sq': 4.319999999999995, 'weighted_error': 1.0049661448264442, 'gamma': 0.4444444444444451}
{'sample_size': 500, 'difference': 2, 'noise': 0, 'n': 12, 'alpha': 0.5, 'shap_error': 0.031021751013689893, 'shap_norm_sq': 3.000000000000004, 'weighted_error': 1.003243973235912, 'gamma': 0.9999999999999984}
{'sample_size': 500, 'difference': 2, 'noise': 0, 'n': 12, 'alpha': 0.6, 'shap_error': 0.04680857426928697, 'shap_norm_sq': 1.920000000000003, 'weighted_error': 1.0015136873295598, 'gamma': 2.249999999999996}
{'sample_size': 500, 'difference': 2, 'noise': 0, 'n': 12, 'alpha': 0.7, 'shap_error': 0.08276614392858192, 'shap_norm_sq': 1.0800000000000078, 'weighted_error': 1.001029609202302, 'gamma': 5.444444444444405}
{'sample_size': 500, 'difference': 2, 'noise': 0, 'n': 12, 'alpha': 0.8, 'shap_error': 0.20526191346587896, 'shap_norm_sq': 0.4800000000000006, 'weighted_error': 1.0019781751471728, 'gamma': 15.99999999999999}
{'sample_size': 500, 'difference': 2, 'noise': 0, 'n': 12, 'alpha': 0.2, 'shap_error': 0.011110804087198264, 'shap_norm_sq': 7.680000000000017, 'weighted_error': 1.0041617542840595, 'gamma': 0.06249999999999987}
{'sample_size': 500, 'difference': 2, 'noise': 0, 'n': 12, 'alpha': 0.3, 'shap_error': 0.015014514182217461, 'shap_norm_sq': 5.880000000000017, 'weighted_error': 1.0045851944982458, 'gamma': 0.1836734693877546}
{'sample_size': 500, 'difference': 2, 'noise': 0, 'n': 12, 'alpha': 0.4, 'shap_error': 0.020488934841737024, 'shap_norm_sq': 4.319999999999995, 'weighted_error': 1.00269732561613, 'gamma': 0.4444444444444451}
{'sample_size': 500, 'difference': 2, 'noise': 0, 'n': 12, 'alpha': 0.5, 'shap_error': 0.02985064566660801, 'shap_norm_sq': 3.000000000000004, 'weighted_error': 1.0020728678888298, 'gamma': 0.9999999999999984}
{'sample_size': 500, 'difference': 2, 'noise': 0, 'n': 12, 'alpha': 0.6, 'shap_error': 0.04818069709607278, 'shap_norm_sq': 1.920000000000003, 'weighted_error': 1.00212351969702, 'gamma': 2.249999999999996}
{'sample_size': 500, 'difference': 2, 'noise': 0, 'n': 12, 'alpha': 0.7, 'shap_error': 0.09405293491612479, 'shap_norm_sq': 1.0800000000000078, 'weighted_error': 1.0031026932612386, 'gamma': 5.444444444444405}
{'sample_size': 500, 'difference': 2, 'noise': 0, 'n': 12, 'alpha': 0.8, 'shap_error': 0.18329929290370117, 'shap_norm_sq': 0.4800000000000006, 'weighted_error': 1.000605511362037, 'gamma': 15.99999999999999}
{'sample_size': 500, 'difference': 2, 'noise': 0, 'n': 12, 'alpha': 0.2, 'shap_error': 0.0109426040352231, 'shap_norm_sq': 7.680000000000017, 'weighted_error': 1.0014705534524564, 'gamma': 0.06249999999999987}
{'sample_size': 500, 'difference': 2, 'noise': 0, 'n': 12, 'alpha': 0.3, 'shap_error': 0.014419213502382023, 'shap_norm_sq': 5.880000000000017, 'weighted_error': 1.0013441130191414, 'gamma': 0.1836734693877546}
{'sample_size': 500, 'difference': 2, 'noise': 0, 'n': 12, 'alpha': 0.4, 'shap_error': 0.01996236805650837, 'shap_norm_sq': 4.319999999999995, 'weighted_error': 1.0015125503493654, 'gamma': 0.4444444444444451}
{'sample_size': 500, 'difference': 2, 'noise': 0, 'n': 12, 'alpha': 0.5, 'shap_error': 0.02904192492251531, 'shap_norm_sq': 3.000000000000004, 'weighted_error': 1.0012641471447372, 'gamma': 0.9999999999999984}
{'sample_size': 500, 'difference': 2, 'noise': 0, 'n': 12, 'alpha': 0.6, 'shap_error': 0.046728753901329266, 'shap_norm_sq': 1.920000000000003, 'weighted_error': 1.0014782116104672, 'gamma': 2.249999999999996}
{'sample_size': 500, 'difference': 2, 'noise': 0, 'n': 12, 'alpha': 0.7, 'shap_error': 0.08960970998866584, 'shap_norm_sq': 1.0800000000000078, 'weighted_error': 1.0022865907235416, 'gamma': 5.444444444444405}
{'sample_size': 500, 'difference': 2, 'noise': 0, 'n': 12, 'alpha': 0.8, 'shap_error': 0.18902795802685016, 'shap_norm_sq': 0.4800000000000006, 'weighted_error': 1.0009635529322332, 'gamma': 15.99999999999999}
{'sample_size': 500, 'difference': 2, 'noise': 0, 'n': 12, 'alpha': 0.2, 'shap_error': 0.010930891879594111, 'shap_norm_sq': 7.680000000000017, 'weighted_error': 1.001283158962393, 'gamma': 0.06249999999999987}
{'sample_size': 500, 'difference': 2, 'noise': 0, 'n': 12, 'alpha': 0.3, 'shap_error': 0.01436478772556894, 'shap_norm_sq': 5.880000000000017, 'weighted_error': 1.0010477949009366, 'gamma': 0.1836734693877546}
{'sample_size': 500, 'difference': 2, 'noise': 0, 'n': 12, 'alpha': 0.4, 'shap_error': 0.019867832462793472, 'shap_norm_sq': 4.319999999999995, 'weighted_error': 1.0012998452635067, 'gamma': 0.4444444444444451}
{'sample_size': 500, 'difference': 2, 'noise': 0, 'n': 12, 'alpha': 0.5, 'shap_error': 0.029203646820819308, 'shap_norm_sq': 3.000000000000004, 'weighted_error': 1.001425869043041, 'gamma': 0.9999999999999984}
{'sample_size': 500, 'difference': 2, 'noise': 0, 'n': 12, 'alpha': 0.6, 'shap_error': 0.0454104925302147, 'shap_norm_sq': 1.920000000000003, 'weighted_error': 1.0008923176677498, 'gamma': 2.249999999999996}
{'sample_size': 500, 'difference': 2, 'noise': 0, 'n': 12, 'alpha': 0.7, 'shap_error': 0.08952787691618164, 'shap_norm_sq': 1.0800000000000078, 'weighted_error': 1.002271560159208, 'gamma': 5.444444444444405}
{'sample_size': 500, 'difference': 2, 'noise': 0, 'n': 12, 'alpha': 0.8, 'shap_error': 0.2191825355966599, 'shap_norm_sq': 0.4800000000000006, 'weighted_error': 1.0028482140303465, 'gamma': 15.99999999999999}
{'sample_size': 500, 'difference': 2, 'noise': 0, 'n': 12, 'alpha': 0.2, 'shap_error': 0.010885457374878421, 'shap_norm_sq': 7.680000000000017, 'weighted_error': 1.000556206886942, 'gamma': 0.06249999999999987}
{'sample_size': 500, 'difference': 2, 'noise': 0, 'n': 12, 'alpha': 0.3, 'shap_error': 0.01453007351866714, 'shap_norm_sq': 5.880000000000017, 'weighted_error': 1.0019476842189157, 'gamma': 0.1836734693877546}
{'sample_size': 500, 'difference': 2, 'noise': 0, 'n': 12, 'alpha': 0.4, 'shap_error': 0.019492297568682704, 'shap_norm_sq': 4.319999999999995, 'weighted_error': 1.0004548917517577, 'gamma': 0.4444444444444451}
{'sample_size': 500, 'difference': 2, 'noise': 0, 'n': 12, 'alpha': 0.5, 'shap_error': 0.030661234154171157, 'shap_norm_sq': 3.000000000000004, 'weighted_error': 1.0028834563763935, 'gamma': 0.9999999999999984}
{'sample_size': 500, 'difference': 2, 'noise': 0, 'n': 12, 'alpha': 0.6, 'shap_error': 0.050074626901317566, 'shap_norm_sq': 1.920000000000003, 'weighted_error': 1.0029652662771287, 'gamma': 2.249999999999996}
{'sample_size': 500, 'difference': 2, 'noise': 0, 'n': 12, 'alpha': 0.7, 'shap_error': 0.08519623110597815, 'shap_norm_sq': 1.0800000000000078, 'weighted_error': 1.0014759517450889, 'gamma': 5.444444444444405}
{'sample_size': 500, 'difference': 2, 'noise': 0, 'n': 12, 'alpha': 0.8, 'shap_error': 0.19263121647218168, 'shap_norm_sq': 0.4800000000000006, 'weighted_error': 1.0011887565850666, 'gamma': 15.99999999999999}
{'sample_size': 500, 'difference': 2, 'noise': 0, 'n': 12, 'alpha': 0.2, 'shap_error': 0.010872532572647833, 'shap_norm_sq': 7.680000000000017, 'weighted_error': 1.000349410051252, 'gamma': 0.06249999999999987}
{'sample_size': 500, 'difference': 2, 'noise': 0, 'n': 12, 'alpha': 0.3, 'shap_error': 0.014450361557879952, 'shap_norm_sq': 5.880000000000017, 'weighted_error': 1.001513696876852, 'gamma': 0.1836734693877546}
{'sample_size': 500, 'difference': 2, 'noise': 0, 'n': 12, 'alpha': 0.4, 'shap_error': 0.01999227567524831, 'shap_norm_sq': 4.319999999999995, 'weighted_error': 1.0015798424915303, 'gamma': 0.4444444444444451}
{'sample_size': 500, 'difference': 2, 'noise': 0, 'n': 12, 'alpha': 0.5, 'shap_error': 0.029152176440570676, 'shap_norm_sq': 3.000000000000004, 'weighted_error': 1.0013743986627928, 'gamma': 0.9999999999999984}
{'sample_size': 500, 'difference': 2, 'noise': 0, 'n': 12, 'alpha': 0.6, 'shap_error': 0.045986011811608135, 'shap_norm_sq': 1.920000000000003, 'weighted_error': 1.001148104015036, 'gamma': 2.249999999999996}
{'sample_size': 500, 'difference': 2, 'noise': 0, 'n': 12, 'alpha': 0.7, 'shap_error': 0.0912236167925945, 'shap_norm_sq': 1.0800000000000078, 'weighted_error': 1.002583022585488, 'gamma': 5.444444444444405}
{'sample_size': 500, 'difference': 2, 'noise': 0, 'n': 12, 'alpha': 0.8, 'shap_error': 0.19048006767309084, 'shap_norm_sq': 0.4800000000000006, 'weighted_error': 1.0010543097851237, 'gamma': 15.99999999999999}
{'sample_size': 500, 'difference': 2, 'noise': 0, 'n': 12, 'alpha': 0.2, 'shap_error': 0.010982593531004997, 'shap_norm_sq': 7.680000000000017, 'weighted_error': 1.0021103853849669, 'gamma': 0.06249999999999987}
{'sample_size': 500, 'difference': 2, 'noise': 0, 'n': 12, 'alpha': 0.3, 'shap_error': 0.014701238545518218, 'shap_norm_sq': 5.880000000000017, 'weighted_error': 1.0028795826984382, 'gamma': 0.1836734693877546}
{'sample_size': 500, 'difference': 2, 'noise': 0, 'n': 12, 'alpha': 0.4, 'shap_error': 0.019941288144214895, 'shap_norm_sq': 4.319999999999995, 'weighted_error': 1.0014651205467051, 'gamma': 0.4444444444444451}
{'sample_size': 500, 'difference': 2, 'noise': 0, 'n': 12, 'alpha': 0.5, 'shap_error': 0.02932861519694963, 'shap_norm_sq': 3.000000000000004, 'weighted_error': 1.0015508374191717, 'gamma': 0.9999999999999984}
{'sample_size': 500, 'difference': 2, 'noise': 0, 'n': 12, 'alpha': 0.6, 'shap_error': 0.04821199351927195, 'shap_norm_sq': 1.920000000000003, 'weighted_error': 1.002137429218442, 'gamma': 2.249999999999996}
{'sample_size': 500, 'difference': 2, 'noise': 0, 'n': 12, 'alpha': 0.7, 'shap_error': 0.08643896058104818, 'shap_norm_sq': 1.0800000000000078, 'weighted_error': 1.0017042081792855, 'gamma': 5.444444444444405}
{'sample_size': 500, 'difference': 2, 'noise': 0, 'n': 12, 'alpha': 0.8, 'shap_error': 0.2067983579870834, 'shap_norm_sq': 0.4800000000000006, 'weighted_error': 1.0020742029297482, 'gamma': 15.99999999999999}
{'sample_size': 500, 'difference': 2, 'noise': 0, 'n': 12, 'alpha': 0.2, 'shap_error': 0.011059409698265339, 'shap_norm_sq': 7.680000000000017, 'weighted_error': 1.0033394440611316, 'gamma': 0.06249999999999987}
{'sample_size': 500, 'difference': 2, 'noise': 0, 'n': 12, 'alpha': 0.3, 'shap_error': 0.014704297570021315, 'shap_norm_sq': 5.880000000000017, 'weighted_error': 1.0028962373874, 'gamma': 0.1836734693877546}
{'sample_size': 500, 'difference': 2, 'noise': 0, 'n': 12, 'alpha': 0.4, 'shap_error': 0.020219410124825307, 'shap_norm_sq': 4.319999999999995, 'weighted_error': 1.002090895003079, 'gamma': 0.4444444444444451}
{'sample_size': 500, 'difference': 2, 'noise': 0, 'n': 12, 'alpha': 0.5, 'shap_error': 0.029394941678538854, 'shap_norm_sq': 3.000000000000004, 'weighted_error': 1.0016171639007607, 'gamma': 0.9999999999999984}
{'sample_size': 500, 'difference': 2, 'noise': 0, 'n': 12, 'alpha': 0.6, 'shap_error': 0.046444224734095874, 'shap_norm_sq': 1.920000000000003, 'weighted_error': 1.001351754202808, 'gamma': 2.249999999999996}
{'sample_size': 500, 'difference': 2, 'noise': 0, 'n': 12, 'alpha': 0.7, 'shap_error': 0.08975348386862242, 'shap_norm_sq': 1.0800000000000078, 'weighted_error': 1.0023129981708807, 'gamma': 5.444444444444405}
{'sample_size': 500, 'difference': 2, 'noise': 0, 'n': 12, 'alpha': 0.8, 'shap_error': 0.19153017137533357, 'shap_norm_sq': 0.4800000000000006, 'weighted_error': 1.0011199412665137, 'gamma': 15.99999999999999}
{'sample_size': 500, 'difference': 2, 'noise': 0, 'n': 12, 'alpha': 0.2, 'shap_error': 0.010930761642265141, 'shap_norm_sq': 7.680000000000017, 'weighted_error': 1.0012810751651295, 'gamma': 0.06249999999999987}
{'sample_size': 500, 'difference': 2, 'noise': 0, 'n': 12, 'alpha': 0.3, 'shap_error': 0.014657693516984793, 'shap_norm_sq': 5.880000000000017, 'weighted_error': 1.0026425042097566, 'gamma': 0.1836734693877546}
{'sample_size': 500, 'difference': 2, 'noise': 0, 'n': 12, 'alpha': 0.4, 'shap_error': 0.020374453627408907, 'shap_norm_sq': 4.319999999999995, 'weighted_error': 1.0024397428838916, 'gamma': 0.4444444444444451}
{'sample_size': 500, 'difference': 2, 'noise': 0, 'n': 12, 'alpha': 0.5, 'shap_error': 0.02890697771282891, 'shap_norm_sq': 3.000000000000004, 'weighted_error': 1.0011291999350507, 'gamma': 0.9999999999999984}
{'sample_size': 500, 'difference': 2, 'noise': 0, 'n': 12, 'alpha': 0.6, 'shap_error': 0.05380019417693759, 'shap_norm_sq': 1.920000000000003, 'weighted_error': 1.0046210739551824, 'gamma': 2.249999999999996}
{'sample_size': 500, 'difference': 2, 'noise': 0, 'n': 12, 'alpha': 0.7, 'shap_error': 0.08633248108576144, 'shap_norm_sq': 1.0800000000000078, 'weighted_error': 1.0016846507209674, 'gamma': 5.444444444444405}
{'sample_size': 500, 'difference': 2, 'noise': 0, 'n': 12, 'alpha': 0.8, 'shap_error': 0.22412049327707612, 'shap_norm_sq': 0.4800000000000006, 'weighted_error': 1.0031568363853725, 'gamma': 15.99999999999999}
{'sample_size': 500, 'difference': 2, 'noise': 0, 'n': 12, 'alpha': 0.2, 'shap_error': 0.011137759181430978, 'shap_norm_sq': 7.680000000000017, 'weighted_error': 1.004593035791783, 'gamma': 0.06249999999999987}
{'sample_size': 500, 'difference': 2, 'noise': 0, 'n': 12, 'alpha': 0.3, 'shap_error': 0.014823844977963106, 'shap_norm_sq': 5.880000000000017, 'weighted_error': 1.003547106608416, 'gamma': 0.1836734693877546}
{'sample_size': 500, 'difference': 2, 'noise': 0, 'n': 12, 'alpha': 0.4, 'shap_error': 0.020467232723277638, 'shap_norm_sq': 4.319999999999995, 'weighted_error': 1.0026484958495963, 'gamma': 0.4444444444444451}
{'sample_size': 500, 'difference': 2, 'noise': 0, 'n': 12, 'alpha': 0.5, 'shap_error': 0.029459659601634942, 'shap_norm_sq': 3.000000000000004, 'weighted_error': 1.0016818818238569, 'gamma': 0.9999999999999984}
{'sample_size': 500, 'difference': 2, 'noise': 0, 'n': 12, 'alpha': 0.6, 'shap_error': 0.048362711732900375, 'shap_norm_sq': 1.920000000000003, 'weighted_error': 1.0022044150911655, 'gamma': 2.249999999999996}
{'sample_size': 500, 'difference': 2, 'noise': 0, 'n': 12, 'alpha': 0.7, 'shap_error': 0.08799101320101305, 'shap_norm_sq': 1.0800000000000078, 'weighted_error': 1.0019892790686669, 'gamma': 5.444444444444405}
{'sample_size': 500, 'difference': 2, 'noise': 0, 'n': 12, 'alpha': 0.8, 'shap_error': 0.20615196321824816, 'shap_norm_sq': 0.4800000000000006, 'weighted_error': 1.0020338032566962, 'gamma': 15.99999999999999}
{'sample_size': 500, 'difference': 2, 'noise': 0, 'n': 12, 'alpha': 0.2, 'shap_error': 0.011038426438612355, 'shap_norm_sq': 7.680000000000017, 'weighted_error': 1.0030037119066846, 'gamma': 0.06249999999999987}
{'sample_size': 500, 'difference': 2, 'noise': 0, 'n': 12, 'alpha': 0.3, 'shap_error': 0.014409332093101745, 'shap_norm_sq': 5.880000000000017, 'weighted_error': 1.0012903142352823, 'gamma': 0.1836734693877546}
{'sample_size': 500, 'difference': 2, 'noise': 0, 'n': 12, 'alpha': 0.4, 'shap_error': 0.020017920659146846, 'shap_norm_sq': 4.319999999999995, 'weighted_error': 1.0016375437053016, 'gamma': 0.4444444444444451}
{'sample_size': 500, 'difference': 2, 'noise': 0, 'n': 12, 'alpha': 0.5, 'shap_error': 0.03007621267534804, 'shap_norm_sq': 3.000000000000004, 'weighted_error': 1.0022984348975703, 'gamma': 0.9999999999999984}
{'sample_size': 500, 'difference': 2, 'noise': 0, 'n': 12, 'alpha': 0.6, 'shap_error': 0.046525561202170856, 'shap_norm_sq': 1.920000000000003, 'weighted_error': 1.0013879037441749, 'gamma': 2.249999999999996}
{'sample_size': 500, 'difference': 2, 'noise': 0, 'n': 12, 'alpha': 0.7, 'shap_error': 0.08690779484981301, 'shap_norm_sq': 1.0800000000000078, 'weighted_error': 1.0017903205959973, 'gamma': 5.444444444444405}
{'sample_size': 500, 'difference': 2, 'noise': 0, 'n': 12, 'alpha': 0.8, 'shap_error': 0.22176600066444113, 'shap_norm_sq': 0.4800000000000006, 'weighted_error': 1.0030096805970827, 'gamma': 15.99999999999999}
{'sample_size': 500, 'difference': 2, 'noise': 0, 'n': 12, 'alpha': 0.2, 'shap_error': 0.010972254972052717, 'shap_norm_sq': 7.680000000000017, 'weighted_error': 1.0019449684417303, 'gamma': 0.06249999999999987}
{'sample_size': 500, 'difference': 2, 'noise': 0, 'n': 12, 'alpha': 0.3, 'shap_error': 0.014424118727500917, 'shap_norm_sq': 5.880000000000017, 'weighted_error': 1.0013708192447885, 'gamma': 0.1836734693877546}
{'sample_size': 500, 'difference': 2, 'noise': 0, 'n': 12, 'alpha': 0.4, 'shap_error': 0.019938036441776944, 'shap_norm_sq': 4.319999999999995, 'weighted_error': 1.0014578042162199, 'gamma': 0.4444444444444451}
{'sample_size': 500, 'difference': 2, 'noise': 0, 'n': 12, 'alpha': 0.5, 'shap_error': 0.02914796719339998, 'shap_norm_sq': 3.000000000000004, 'weighted_error': 1.001370189415622, 'gamma': 0.9999999999999984}
{'sample_size': 500, 'difference': 2, 'noise': 0, 'n': 12, 'alpha': 0.6, 'shap_error': 0.04762713518082481, 'shap_norm_sq': 1.920000000000003, 'weighted_error': 1.001877492179132, 'gamma': 2.249999999999996}
{'sample_size': 500, 'difference': 2, 'noise': 0, 'n': 12, 'alpha': 0.7, 'shap_error': 0.09441637414274118, 'shap_norm_sq': 1.0800000000000078, 'weighted_error': 1.0031694474049027, 'gamma': 5.444444444444405}
{'sample_size': 500, 'difference': 2, 'noise': 0, 'n': 12, 'alpha': 0.8, 'shap_error': 0.19309658910870875, 'shap_norm_sq': 0.4800000000000006, 'weighted_error': 1.0012178423748495, 'gamma': 15.99999999999999}
{'sample_size': 500, 'difference': 2, 'noise': 0, 'n': 12, 'alpha': 0.2, 'shap_error': 0.010945300341395927, 'shap_norm_sq': 7.680000000000017, 'weighted_error': 1.001513694351222, 'gamma': 0.06249999999999987}
{'sample_size': 500, 'difference': 2, 'noise': 0, 'n': 12, 'alpha': 0.3, 'shap_error': 0.014671659570324428, 'shap_norm_sq': 5.880000000000017, 'weighted_error': 1.0027185416112718, 'gamma': 0.1836734693877546}
{'sample_size': 500, 'difference': 2, 'noise': 0, 'n': 12, 'alpha': 0.4, 'shap_error': 0.021122841475553586, 'shap_norm_sq': 4.319999999999995, 'weighted_error': 1.004123615542217, 'gamma': 0.4444444444444451}
{'sample_size': 500, 'difference': 2, 'noise': 0, 'n': 12, 'alpha': 0.5, 'shap_error': 0.02931534623825818, 'shap_norm_sq': 3.000000000000004, 'weighted_error': 1.00153756846048, 'gamma': 0.9999999999999984}
{'sample_size': 500, 'difference': 2, 'noise': 0, 'n': 12, 'alpha': 0.6, 'shap_error': 0.04887349436650137, 'shap_norm_sq': 1.920000000000003, 'weighted_error': 1.0024314295949883, 'gamma': 2.249999999999996}
{'sample_size': 500, 'difference': 2, 'noise': 0, 'n': 12, 'alpha': 0.7, 'shap_error': 0.08431874536008828, 'shap_norm_sq': 1.0800000000000078, 'weighted_error': 1.0013147808938032, 'gamma': 5.444444444444405}
{'sample_size': 500, 'difference': 2, 'noise': 0, 'n': 12, 'alpha': 0.8, 'shap_error': 0.19885186907688895, 'shap_norm_sq': 0.4800000000000006, 'weighted_error': 1.001577547372861, 'gamma': 15.99999999999999}
{'sample_size': 500, 'difference': 2, 'noise': 0, 'n': 12, 'alpha': 0.2, 'shap_error': 0.011133404770239675, 'shap_norm_sq': 7.680000000000017, 'weighted_error': 1.0045233652127217, 'gamma': 0.06249999999999987}
{'sample_size': 500, 'difference': 2, 'noise': 0, 'n': 12, 'alpha': 0.3, 'shap_error': 0.01445769425966582, 'shap_norm_sq': 5.880000000000017, 'weighted_error': 1.0015536193643528, 'gamma': 0.1836734693877546}
{'sample_size': 500, 'difference': 2, 'noise': 0, 'n': 12, 'alpha': 0.4, 'shap_error': 0.020711654904297713, 'shap_norm_sq': 4.319999999999995, 'weighted_error': 1.0031984457568917, 'gamma': 0.4444444444444451}
{'sample_size': 500, 'difference': 2, 'noise': 0, 'n': 12, 'alpha': 0.5, 'shap_error': 0.028454530297302966, 'shap_norm_sq': 3.000000000000004, 'weighted_error': 1.0006767525195248, 'gamma': 0.9999999999999984}
{'sample_size': 500, 'difference': 2, 'noise': 0, 'n': 12, 'alpha': 0.6, 'shap_error': 0.048682545922533176, 'shap_norm_sq': 1.920000000000003, 'weighted_error': 1.002346563619891, 'gamma': 2.249999999999996}
{'sample_size': 500, 'difference': 2, 'noise': 0, 'n': 12, 'alpha': 0.7, 'shap_error': 0.08122464113456118, 'shap_norm_sq': 1.0800000000000078, 'weighted_error': 1.0007464760360532, 'gamma': 5.444444444444405}
{'sample_size': 500, 'difference': 2, 'noise': 0, 'n': 12, 'alpha': 0.8, 'shap_error': 0.20165391510487782, 'shap_norm_sq': 0.4800000000000006, 'weighted_error': 1.00175267524961, 'gamma': 15.99999999999999}
{'sample_size': 500, 'difference': 2, 'noise': 0, 'n': 12, 'alpha': 0.2, 'shap_error': 0.0109033184325814, 'shap_norm_sq': 7.680000000000017, 'weighted_error': 1.0008419838101892, 'gamma': 0.06249999999999987}
{'sample_size': 500, 'difference': 2, 'noise': 0, 'n': 12, 'alpha': 0.3, 'shap_error': 0.014423265830387264, 'shap_norm_sq': 5.880000000000017, 'weighted_error': 1.0013661756938361, 'gamma': 0.1836734693877546}
{'sample_size': 500, 'difference': 2, 'noise': 0, 'n': 12, 'alpha': 0.4, 'shap_error': 0.02033907544287729, 'shap_norm_sq': 4.319999999999995, 'weighted_error': 1.0023601419686956, 'gamma': 0.4444444444444451}
{'sample_size': 500, 'difference': 2, 'noise': 0, 'n': 12, 'alpha': 0.5, 'shap_error': 0.029659169485914235, 'shap_norm_sq': 3.000000000000004, 'weighted_error': 1.0018813917081364, 'gamma': 0.9999999999999984}
{'sample_size': 500, 'difference': 2, 'noise': 0, 'n': 12, 'alpha': 0.6, 'shap_error': 0.052072096877674015, 'shap_norm_sq': 1.920000000000003, 'weighted_error': 1.003853030711065, 'gamma': 2.249999999999996}
{'sample_size': 500, 'difference': 2, 'noise': 0, 'n': 12, 'alpha': 0.7, 'shap_error': 0.09249082662286136, 'shap_norm_sq': 1.0800000000000078, 'weighted_error': 1.0028157754114557, 'gamma': 5.444444444444405}
{'sample_size': 500, 'difference': 2, 'noise': 0, 'n': 12, 'alpha': 0.8, 'shap_error': 0.19162039722517696, 'shap_norm_sq': 0.4800000000000006, 'weighted_error': 1.0011255803821288, 'gamma': 15.99999999999999}
{'sample_size': 500, 'difference': 2, 'noise': 0, 'n': 12, 'alpha': 0.2, 'shap_error': 0.011000043053722805, 'shap_norm_sq': 7.680000000000017, 'weighted_error': 1.0023895777484522, 'gamma': 0.06249999999999987}
{'sample_size': 500, 'difference': 2, 'noise': 0, 'n': 12, 'alpha': 0.3, 'shap_error': 0.014338303083060283, 'shap_norm_sq': 5.880000000000017, 'weighted_error': 1.000903600736167, 'gamma': 0.1836734693877546}
{'sample_size': 500, 'difference': 2, 'noise': 0, 'n': 12, 'alpha': 0.4, 'shap_error': 0.019639378784793746, 'shap_norm_sq': 4.319999999999995, 'weighted_error': 1.000785824488008, 'gamma': 0.4444444444444451}
{'sample_size': 500, 'difference': 2, 'noise': 0, 'n': 12, 'alpha': 0.5, 'shap_error': 0.030274294833818494, 'shap_norm_sq': 3.000000000000004, 'weighted_error': 1.002496517056041, 'gamma': 0.9999999999999984}
{'sample_size': 500, 'difference': 2, 'noise': 0, 'n': 12, 'alpha': 0.6, 'shap_error': 0.04546789033989764, 'shap_norm_sq': 1.920000000000003, 'weighted_error': 1.0009178278053865, 'gamma': 2.249999999999996}
{'sample_size': 500, 'difference': 2, 'noise': 0, 'n': 12, 'alpha': 0.7, 'shap_error': 0.08438194544368793, 'shap_norm_sq': 1.0800000000000078, 'weighted_error': 1.0013263890724236, 'gamma': 5.444444444444405}
{'sample_size': 500, 'difference': 2, 'noise': 0, 'n': 12, 'alpha': 0.8, 'shap_error': 0.22182681826352238, 'shap_norm_sq': 0.4800000000000006, 'weighted_error': 1.003013481697025, 'gamma': 15.99999999999999}
{'sample_size': 500, 'difference': 2, 'noise': 0, 'n': 12, 'alpha': 0.2, 'shap_error': 0.011079654633002301, 'shap_norm_sq': 7.680000000000017, 'weighted_error': 1.0036633630169236, 'gamma': 0.06249999999999987}
{'sample_size': 500, 'difference': 2, 'noise': 0, 'n': 12, 'alpha': 0.3, 'shap_error': 0.014340211038320531, 'shap_norm_sq': 5.880000000000017, 'weighted_error': 1.000913988492584, 'gamma': 0.1836734693877546}
{'sample_size': 500, 'difference': 2, 'noise': 0, 'n': 12, 'alpha': 0.4, 'shap_error': 0.021121558601537988, 'shap_norm_sq': 4.319999999999995, 'weighted_error': 1.0041207290756822, 'gamma': 0.4444444444444451}
{'sample_size': 500, 'difference': 2, 'noise': 0, 'n': 12, 'alpha': 0.5, 'shap_error': 0.029357984243286776, 'shap_norm_sq': 3.000000000000004, 'weighted_error': 1.001580206465509, 'gamma': 0.9999999999999984}
{'sample_size': 500, 'difference': 2, 'noise': 0, 'n': 12, 'alpha': 0.6, 'shap_error': 0.0464824936873545, 'shap_norm_sq': 1.920000000000003, 'weighted_error': 1.001368762626479, 'gamma': 2.249999999999996}
{'sample_size': 500, 'difference': 2, 'noise': 0, 'n': 12, 'alpha': 0.7, 'shap_error': 0.08372693041922603, 'shap_norm_sq': 1.0800000000000078, 'weighted_error': 1.0012060801903793, 'gamma': 5.444444444444405}
{'sample_size': 500, 'difference': 2, 'noise': 0, 'n': 12, 'alpha': 0.8, 'shap_error': 0.1866635180305047, 'shap_norm_sq': 0.4800000000000006, 'weighted_error': 1.0008157754324618, 'gamma': 15.99999999999999}
{'sample_size': 500, 'difference': 2, 'noise': 0, 'n': 12, 'alpha': 0.2, 'shap_error': 0.011053499948711196, 'shap_norm_sq': 7.680000000000017, 'weighted_error': 1.0032448880682667, 'gamma': 0.06249999999999987}
{'sample_size': 500, 'difference': 2, 'noise': 0, 'n': 12, 'alpha': 0.3, 'shap_error': 0.014360226918405317, 'shap_norm_sq': 5.880000000000017, 'weighted_error': 1.0010229638397128, 'gamma': 0.1836734693877546}
{'sample_size': 500, 'difference': 2, 'noise': 0, 'n': 12, 'alpha': 0.4, 'shap_error': 0.020698183646608272, 'shap_norm_sq': 4.319999999999995, 'weighted_error': 1.0031681354270907, 'gamma': 0.4444444444444451}
{'sample_size': 500, 'difference': 2, 'noise': 0, 'n': 12, 'alpha': 0.5, 'shap_error': 0.029485474819641096, 'shap_norm_sq': 3.000000000000004, 'weighted_error': 1.001707697041863, 'gamma': 0.9999999999999984}
{'sample_size': 500, 'difference': 2, 'noise': 0, 'n': 12, 'alpha': 0.6, 'shap_error': 0.046760633345001586, 'shap_norm_sq': 1.920000000000003, 'weighted_error': 1.0014923802520994, 'gamma': 2.249999999999996}
{'sample_size': 500, 'difference': 2, 'noise': 0, 'n': 12, 'alpha': 0.7, 'shap_error': 0.08543521514308053, 'shap_norm_sq': 1.0800000000000078, 'weighted_error': 1.0015198467723117, 'gamma': 5.444444444444405}
{'sample_size': 500, 'difference': 2, 'noise': 0, 'n': 12, 'alpha': 0.8, 'shap_error': 0.1975377819259513, 'shap_norm_sq': 0.4800000000000006, 'weighted_error': 1.0014954169259274, 'gamma': 15.99999999999999}
{'sample_size': 500, 'difference': 2, 'noise': 0, 'n': 12, 'alpha': 0.2, 'shap_error': 0.010968545891978874, 'shap_norm_sq': 7.680000000000017, 'weighted_error': 1.001885623160549, 'gamma': 0.06249999999999987}
{'sample_size': 500, 'difference': 2, 'noise': 0, 'n': 12, 'alpha': 0.3, 'shap_error': 0.014449320042184398, 'shap_norm_sq': 5.880000000000017, 'weighted_error': 1.0015080264025098, 'gamma': 0.1836734693877546}
{'sample_size': 500, 'difference': 2, 'noise': 0, 'n': 12, 'alpha': 0.4, 'shap_error': 0.0202036364029836, 'shap_norm_sq': 4.319999999999995, 'weighted_error': 1.0020554041289345, 'gamma': 0.4444444444444451}
{'sample_size': 500, 'difference': 2, 'noise': 0, 'n': 12, 'alpha': 0.5, 'shap_error': 0.028910168011992716, 'shap_norm_sq': 3.000000000000004, 'weighted_error': 1.0011323902342146, 'gamma': 0.9999999999999984}
{'sample_size': 500, 'difference': 2, 'noise': 0, 'n': 12, 'alpha': 0.6, 'shap_error': 0.04599126701415209, 'shap_norm_sq': 1.920000000000003, 'weighted_error': 1.0011504396606108, 'gamma': 2.249999999999996}
{'sample_size': 500, 'difference': 2, 'noise': 0, 'n': 12, 'alpha': 0.7, 'shap_error': 0.09872044435864989, 'shap_norm_sq': 1.0800000000000078, 'weighted_error': 1.0039599909139474, 'gamma': 5.444444444444405}
{'sample_size': 500, 'difference': 2, 'noise': 0, 'n': 12, 'alpha': 0.8, 'shap_error': 0.1991606494634327, 'shap_norm_sq': 0.4800000000000006, 'weighted_error': 1.00159684614702, 'gamma': 15.99999999999999}
{'sample_size': 500, 'difference': 2, 'noise': 0, 'n': 12, 'alpha': 0.2, 'shap_error': 0.010931250812227131, 'shap_norm_sq': 7.680000000000017, 'weighted_error': 1.0012889018845215, 'gamma': 0.06249999999999987}
{'sample_size': 500, 'difference': 2, 'noise': 0, 'n': 12, 'alpha': 0.3, 'shap_error': 0.014397742305958243, 'shap_norm_sq': 5.880000000000017, 'weighted_error': 1.001227214283056, 'gamma': 0.1836734693877546}
{'sample_size': 500, 'difference': 2, 'noise': 0, 'n': 12, 'alpha': 0.4, 'shap_error': 0.01955431996032269, 'shap_norm_sq': 4.319999999999995, 'weighted_error': 1.0005944421329476, 'gamma': 0.4444444444444451}
{'sample_size': 500, 'difference': 2, 'noise': 0, 'n': 12, 'alpha': 0.5, 'shap_error': 0.028864374306126737, 'shap_norm_sq': 3.000000000000004, 'weighted_error': 1.0010865965283484, 'gamma': 0.9999999999999984}
{'sample_size': 500, 'difference': 2, 'noise': 0, 'n': 12, 'alpha': 0.6, 'shap_error': 0.047441362071566184, 'shap_norm_sq': 1.920000000000003, 'weighted_error': 1.001794926352795, 'gamma': 2.249999999999996}
{'sample_size': 500, 'difference': 2, 'noise': 0, 'n': 12, 'alpha': 0.7, 'shap_error': 0.08680400121880882, 'shap_norm_sq': 1.0800000000000078, 'weighted_error': 1.0017712564596903, 'gamma': 5.444444444444405}
{'sample_size': 500, 'difference': 2, 'noise': 0, 'n': 12, 'alpha': 0.8, 'shap_error': 0.2013435871052525, 'shap_norm_sq': 0.4800000000000006, 'weighted_error': 1.0017332797496337, 'gamma': 15.99999999999999}
{'sample_size': 500, 'difference': 2, 'noise': 0, 'n': 12, 'alpha': 0.2, 'shap_error': 0.010964184166822101, 'shap_norm_sq': 7.680000000000017, 'weighted_error': 1.0018158355580409, 'gamma': 0.06249999999999987}
{'sample_size': 500, 'difference': 2, 'noise': 0, 'n': 12, 'alpha': 0.3, 'shap_error': 0.0147538216389832, 'shap_norm_sq': 5.880000000000017, 'weighted_error': 1.0031658684295253, 'gamma': 0.1836734693877546}
{'sample_size': 500, 'difference': 2, 'noise': 0, 'n': 12, 'alpha': 0.4, 'shap_error': 0.020877909843067546, 'shap_norm_sq': 4.319999999999995, 'weighted_error': 1.0035725193691243, 'gamma': 0.4444444444444451}
{'sample_size': 500, 'difference': 2, 'noise': 0, 'n': 12, 'alpha': 0.5, 'shap_error': 0.029712829331164137, 'shap_norm_sq': 3.000000000000004, 'weighted_error': 1.0019350515533865, 'gamma': 0.9999999999999984}
{'sample_size': 500, 'difference': 2, 'noise': 0, 'n': 12, 'alpha': 0.6, 'shap_error': 0.04551517485600544, 'shap_norm_sq': 1.920000000000003, 'weighted_error': 1.000938843145879, 'gamma': 2.249999999999996}
{'sample_size': 500, 'difference': 2, 'noise': 0, 'n': 12, 'alpha': 0.7, 'shap_error': 0.08429982990925655, 'shap_norm_sq': 1.0800000000000078, 'weighted_error': 1.0013113066273236, 'gamma': 5.444444444444405}
{'sample_size': 500, 'difference': 2, 'noise': 0, 'n': 12, 'alpha': 0.8, 'shap_error': 0.19776791287064072, 'shap_norm_sq': 0.4800000000000006, 'weighted_error': 1.0015098001099705, 'gamma': 15.99999999999999}
{'sample_size': 500, 'difference': 2, 'noise': 0, 'n': 12, 'alpha': 0.2, 'shap_error': 0.010966327681397265, 'shap_norm_sq': 7.680000000000017, 'weighted_error': 1.0018501317912438, 'gamma': 0.06249999999999987}
{'sample_size': 500, 'difference': 2, 'noise': 0, 'n': 12, 'alpha': 0.3, 'shap_error': 0.014299397205455137, 'shap_norm_sq': 5.880000000000017, 'weighted_error': 1.0006917798469839, 'gamma': 0.1836734693877546}
{'sample_size': 500, 'difference': 2, 'noise': 0, 'n': 12, 'alpha': 0.4, 'shap_error': 0.020065365736868214, 'shap_norm_sq': 4.319999999999995, 'weighted_error': 1.001744295130175, 'gamma': 0.4444444444444451}
{'sample_size': 500, 'difference': 2, 'noise': 0, 'n': 12, 'alpha': 0.5, 'shap_error': 0.029439895505450474, 'shap_norm_sq': 3.000000000000004, 'weighted_error': 1.0016621177276726, 'gamma': 0.9999999999999984}
{'sample_size': 500, 'difference': 2, 'noise': 0, 'n': 12, 'alpha': 0.6, 'shap_error': 0.04756295144486721, 'shap_norm_sq': 1.920000000000003, 'weighted_error': 1.001848966074262, 'gamma': 2.249999999999996}
{'sample_size': 500, 'difference': 2, 'noise': 0, 'n': 12, 'alpha': 0.7, 'shap_error': 0.08487810086285764, 'shap_norm_sq': 1.0800000000000078, 'weighted_error': 1.0014175196596178, 'gamma': 5.444444444444405}
{'sample_size': 500, 'difference': 2, 'noise': 0, 'n': 12, 'alpha': 0.8, 'shap_error': 0.20199548725694258, 'shap_norm_sq': 0.4800000000000006, 'weighted_error': 1.0017740235091146, 'gamma': 15.99999999999999}
{'sample_size': 500, 'difference': 2, 'noise': 0, 'n': 12, 'alpha': 0.2, 'shap_error': 0.010886018051147958, 'shap_norm_sq': 7.680000000000017, 'weighted_error': 1.0005651777072546, 'gamma': 0.06249999999999987}
{'sample_size': 500, 'difference': 2, 'noise': 0, 'n': 12, 'alpha': 0.3, 'shap_error': 0.014300049527444951, 'shap_norm_sq': 5.880000000000017, 'weighted_error': 1.0006953313778169, 'gamma': 0.1836734693877546}
{'sample_size': 500, 'difference': 2, 'noise': 0, 'n': 12, 'alpha': 0.4, 'shap_error': 0.020458708337412746, 'shap_norm_sq': 4.319999999999995, 'weighted_error': 1.0026293159814001, 'gamma': 0.4444444444444451}
{'sample_size': 500, 'difference': 2, 'noise': 0, 'n': 12, 'alpha': 0.5, 'shap_error': 0.028613718557667315, 'shap_norm_sq': 3.000000000000004, 'weighted_error': 1.0008359407798892, 'gamma': 0.9999999999999984}
{'sample_size': 500, 'difference': 2, 'noise': 0, 'n': 12, 'alpha': 0.6, 'shap_error': 0.04674111810604092, 'shap_norm_sq': 1.920000000000003, 'weighted_error': 1.0014837068125615, 'gamma': 2.249999999999996}
{'sample_size': 500, 'difference': 2, 'noise': 0, 'n': 12, 'alpha': 0.7, 'shap_error': 0.08720404912114275, 'shap_norm_sq': 1.0800000000000078, 'weighted_error': 1.0018447346458335, 'gamma': 5.444444444444405}
{'sample_size': 500, 'difference': 2, 'noise': 0, 'n': 12, 'alpha': 0.8, 'shap_error': 0.2047714565267835, 'shap_norm_sq': 0.4800000000000006, 'weighted_error': 1.0019475215884792, 'gamma': 15.99999999999999}
{'sample_size': 500, 'difference': 2, 'noise': 0, 'n': 12, 'alpha': 0.2, 'shap_error': 0.010925104431749865, 'shap_norm_sq': 7.680000000000017, 'weighted_error': 1.0011905597968846, 'gamma': 0.06249999999999987}
{'sample_size': 500, 'difference': 2, 'noise': 0, 'n': 12, 'alpha': 0.3, 'shap_error': 0.014948597456374639, 'shap_norm_sq': 5.880000000000017, 'weighted_error': 1.004226314546434, 'gamma': 0.1836734693877546}
{'sample_size': 500, 'difference': 2, 'noise': 0, 'n': 12, 'alpha': 0.4, 'shap_error': 0.01995874890476795, 'shap_norm_sq': 4.319999999999995, 'weighted_error': 1.0015044072579498, 'gamma': 0.4444444444444451}
{'sample_size': 500, 'difference': 2, 'noise': 0, 'n': 12, 'alpha': 0.5, 'shap_error': 0.03192538587229604, 'shap_norm_sq': 3.000000000000004, 'weighted_error': 1.0041476080945182, 'gamma': 0.9999999999999984}
{'sample_size': 500, 'difference': 2, 'noise': 0, 'n': 12, 'alpha': 0.6, 'shap_error': 0.046124341782830994, 'shap_norm_sq': 1.920000000000003, 'weighted_error': 1.001209584002246, 'gamma': 2.249999999999996}
{'sample_size': 500, 'difference': 2, 'noise': 0, 'n': 12, 'alpha': 0.7, 'shap_error': 0.08926920399393416, 'shap_norm_sq': 1.0800000000000078, 'weighted_error': 1.0022240488061422, 'gamma': 5.444444444444405}
{'sample_size': 500, 'difference': 2, 'noise': 0, 'n': 12, 'alpha': 0.8, 'shap_error': 0.20086358649239017, 'shap_norm_sq': 0.4800000000000006, 'weighted_error': 1.0017032797113303, 'gamma': 15.99999999999999}
{'sample_size': 500, 'difference': 2, 'noise': 0, 'n': 12, 'alpha': 0.2, 'shap_error': 0.010943267171910449, 'shap_norm_sq': 7.680000000000017, 'weighted_error': 1.001481163639454, 'gamma': 0.06249999999999987}
{'sample_size': 500, 'difference': 2, 'noise': 0, 'n': 12, 'alpha': 0.3, 'shap_error': 0.01485401558118172, 'shap_norm_sq': 5.880000000000017, 'weighted_error': 1.0037113687814951, 'gamma': 0.1836734693877546}
{'sample_size': 500, 'difference': 2, 'noise': 0, 'n': 12, 'alpha': 0.4, 'shap_error': 0.01976017972797082, 'shap_norm_sq': 4.319999999999995, 'weighted_error': 1.0010576266101558, 'gamma': 0.4444444444444451}
{'sample_size': 500, 'difference': 2, 'noise': 0, 'n': 12, 'alpha': 0.5, 'shap_error': 0.02957039369987467, 'shap_norm_sq': 3.000000000000004, 'weighted_error': 1.001792615922097, 'gamma': 0.9999999999999984}
{'sample_size': 500, 'difference': 2, 'noise': 0, 'n': 12, 'alpha': 0.6, 'shap_error': 0.04439461063635302, 'shap_norm_sq': 1.920000000000003, 'weighted_error': 1.0004408146038115, 'gamma': 2.249999999999996}
{'sample_size': 500, 'difference': 2, 'noise': 0, 'n': 12, 'alpha': 0.7, 'shap_error': 0.08513888136511522, 'shap_norm_sq': 1.0800000000000078, 'weighted_error': 1.0014654181192164, 'gamma': 5.444444444444405}
{'sample_size': 500, 'difference': 2, 'noise': 0, 'n': 12, 'alpha': 0.8, 'shap_error': 0.21518813878738355, 'shap_norm_sq': 0.4800000000000006, 'weighted_error': 1.002598564229767, 'gamma': 15.99999999999999}
{'sample_size': 500, 'difference': 2, 'noise': 0, 'n': 12, 'alpha': 0.2, 'shap_error': 0.010913609926542448, 'shap_norm_sq': 7.680000000000017, 'weighted_error': 1.001006647713566, 'gamma': 0.06249999999999987}
{'sample_size': 500, 'difference': 2, 'noise': 0, 'n': 12, 'alpha': 0.3, 'shap_error': 0.01444381265597695, 'shap_norm_sq': 5.880000000000017, 'weighted_error': 1.0014780417442692, 'gamma': 0.1836734693877546}
{'sample_size': 500, 'difference': 2, 'noise': 0, 'n': 12, 'alpha': 0.4, 'shap_error': 0.020087918263756485, 'shap_norm_sq': 4.319999999999995, 'weighted_error': 1.0017950383156737, 'gamma': 0.4444444444444451}
{'sample_size': 500, 'difference': 2, 'noise': 0, 'n': 12, 'alpha': 0.5, 'shap_error': 0.030361820665816636, 'shap_norm_sq': 3.000000000000004, 'weighted_error': 1.0025840428880384, 'gamma': 0.9999999999999984}
{'sample_size': 500, 'difference': 2, 'noise': 0, 'n': 12, 'alpha': 0.6, 'shap_error': 0.04681950132247921, 'shap_norm_sq': 1.920000000000003, 'weighted_error': 1.0015185437976455, 'gamma': 2.249999999999996}
{'sample_size': 500, 'difference': 2, 'noise': 0, 'n': 12, 'alpha': 0.7, 'shap_error': 0.08155492352404531, 'shap_norm_sq': 1.0800000000000078, 'weighted_error': 1.0008071401484075, 'gamma': 5.444444444444405}
{'sample_size': 500, 'difference': 2, 'noise': 0, 'n': 12, 'alpha': 0.8, 'shap_error': 0.20371636710537783, 'shap_norm_sq': 0.4800000000000006, 'weighted_error': 1.001881578499641, 'gamma': 15.99999999999999}
{'sample_size': 500, 'difference': 2, 'noise': 0, 'n': 12, 'alpha': 0.2, 'shap_error': 0.010961299165736179, 'shap_norm_sq': 7.680000000000017, 'weighted_error': 1.0017696755406658, 'gamma': 0.06249999999999987}
{'sample_size': 500, 'difference': 2, 'noise': 0, 'n': 12, 'alpha': 0.3, 'shap_error': 0.014410870847516388, 'shap_norm_sq': 5.880000000000017, 'weighted_error': 1.0012986918982063, 'gamma': 0.1836734693877546}
{'sample_size': 500, 'difference': 2, 'noise': 0, 'n': 12, 'alpha': 0.4, 'shap_error': 0.01979091439998596, 'shap_norm_sq': 4.319999999999995, 'weighted_error': 1.00112677962219, 'gamma': 0.4444444444444451}
{'sample_size': 500, 'difference': 2, 'noise': 0, 'n': 12, 'alpha': 0.5, 'shap_error': 0.029401050258806103, 'shap_norm_sq': 3.000000000000004, 'weighted_error': 1.0016232724810281, 'gamma': 0.9999999999999984}
{'sample_size': 500, 'difference': 2, 'noise': 0, 'n': 12, 'alpha': 0.6, 'shap_error': 0.04916558688136543, 'shap_norm_sq': 1.920000000000003, 'weighted_error': 1.0025612484904833, 'gamma': 2.249999999999996}
{'sample_size': 500, 'difference': 2, 'noise': 0, 'n': 12, 'alpha': 0.7, 'shap_error': 0.09302387845875447, 'shap_norm_sq': 1.0800000000000078, 'weighted_error': 1.0029136828915173, 'gamma': 5.444444444444405}
{'sample_size': 500, 'difference': 2, 'noise': 0, 'n': 12, 'alpha': 0.8, 'shap_error': 0.19756218136049514, 'shap_norm_sq': 0.4800000000000006, 'weighted_error': 1.0014969418905866, 'gamma': 15.99999999999999}
{'sample_size': 500, 'difference': 2, 'noise': 0, 'n': 12, 'alpha': 0.2, 'shap_error': 0.010971398247894547, 'shap_norm_sq': 7.680000000000017, 'weighted_error': 1.0019312608551991, 'gamma': 0.06249999999999987}
{'sample_size': 500, 'difference': 2, 'noise': 0, 'n': 12, 'alpha': 0.3, 'shap_error': 0.014280608405993073, 'shap_norm_sq': 5.880000000000017, 'weighted_error': 1.0005894852721346, 'gamma': 0.1836734693877546}
{'sample_size': 500, 'difference': 2, 'noise': 0, 'n': 12, 'alpha': 0.4, 'shap_error': 0.020337927576798264, 'shap_norm_sq': 4.319999999999995, 'weighted_error': 1.002357559270018, 'gamma': 0.4444444444444451}
{'sample_size': 500, 'difference': 2, 'noise': 0, 'n': 12, 'alpha': 0.5, 'shap_error': 0.02928327038793927, 'shap_norm_sq': 3.000000000000004, 'weighted_error': 1.0015054926101614, 'gamma': 0.9999999999999984}
{'sample_size': 500, 'difference': 2, 'noise': 0, 'n': 12, 'alpha': 0.6, 'shap_error': 0.04665708819837678, 'shap_norm_sq': 1.920000000000003, 'weighted_error': 1.0014463601869332, 'gamma': 2.249999999999996}
{'sample_size': 500, 'difference': 2, 'noise': 0, 'n': 12, 'alpha': 0.7, 'shap_error': 0.08723985932534206, 'shap_norm_sq': 1.0800000000000078, 'weighted_error': 1.0018513120302783, 'gamma': 5.444444444444405}
{'sample_size': 500, 'difference': 2, 'noise': 0, 'n': 12, 'alpha': 0.8, 'shap_error': 0.22526023144773516, 'shap_norm_sq': 0.4800000000000006, 'weighted_error': 1.003228070021039, 'gamma': 15.99999999999999}
{'sample_size': 500, 'difference': 2, 'noise': 0, 'n': 12, 'alpha': 0.2, 'shap_error': 0.011014913152091533, 'shap_norm_sq': 7.680000000000017, 'weighted_error': 1.0026274993223518, 'gamma': 0.06249999999999987}
{'sample_size': 500, 'difference': 2, 'noise': 0, 'n': 12, 'alpha': 0.3, 'shap_error': 0.014783333685174564, 'shap_norm_sq': 5.880000000000017, 'weighted_error': 1.003326545125456, 'gamma': 0.1836734693877546}
{'sample_size': 500, 'difference': 2, 'noise': 0, 'n': 12, 'alpha': 0.4, 'shap_error': 0.02019223274899568, 'shap_norm_sq': 4.319999999999995, 'weighted_error': 1.0020297459074619, 'gamma': 0.4444444444444451}
{'sample_size': 500, 'difference': 2, 'noise': 0, 'n': 12, 'alpha': 0.5, 'shap_error': 0.029261698286151445, 'shap_norm_sq': 3.000000000000004, 'weighted_error': 1.0014839205083736, 'gamma': 0.9999999999999984}
{'sample_size': 500, 'difference': 2, 'noise': 0, 'n': 12, 'alpha': 0.6, 'shap_error': 0.04789311540742486, 'shap_norm_sq': 1.920000000000003, 'weighted_error': 1.0019957056131765, 'gamma': 2.249999999999996}
{'sample_size': 500, 'difference': 2, 'noise': 0, 'n': 12, 'alpha': 0.7, 'shap_error': 0.08799044701049362, 'shap_norm_sq': 1.0800000000000078, 'weighted_error': 1.0019891750744891, 'gamma': 5.444444444444405}
{'sample_size': 500, 'difference': 2, 'noise': 0, 'n': 12, 'alpha': 0.8, 'shap_error': 0.18915040576679135, 'shap_norm_sq': 0.4800000000000006, 'weighted_error': 1.00097120591598, 'gamma': 15.99999999999999}
{'sample_size': 500, 'difference': 2, 'noise': 0, 'n': 12, 'alpha': 0.2, 'shap_error': 0.01088872357047272, 'shap_norm_sq': 7.680000000000017, 'weighted_error': 1.0006084660164503, 'gamma': 0.06249999999999987}
{'sample_size': 500, 'difference': 2, 'noise': 0, 'n': 12, 'alpha': 0.3, 'shap_error': 0.014651803515699668, 'shap_norm_sq': 5.880000000000017, 'weighted_error': 1.0026104364249817, 'gamma': 0.1836734693877546}
{'sample_size': 500, 'difference': 2, 'noise': 0, 'n': 12, 'alpha': 0.4, 'shap_error': 0.019983482865201862, 'shap_norm_sq': 4.319999999999995, 'weighted_error': 1.0015600586689262, 'gamma': 0.4444444444444451}
{'sample_size': 500, 'difference': 2, 'noise': 0, 'n': 12, 'alpha': 0.5, 'shap_error': 0.028349198599954162, 'shap_norm_sq': 3.000000000000004, 'weighted_error': 1.0005714208221759, 'gamma': 0.9999999999999984}
{'sample_size': 500, 'difference': 2, 'noise': 0, 'n': 12, 'alpha': 0.6, 'shap_error': 0.047208001612065835, 'shap_norm_sq': 1.920000000000003, 'weighted_error': 1.0016912105930171, 'gamma': 2.249999999999996}
{'sample_size': 500, 'difference': 2, 'noise': 0, 'n': 12, 'alpha': 0.7, 'shap_error': 0.08843943501281455, 'shap_norm_sq': 1.0800000000000078, 'weighted_error': 1.0020716422585902, 'gamma': 5.444444444444405}
{'sample_size': 500, 'difference': 2, 'noise': 0, 'n': 12, 'alpha': 0.8, 'shap_error': 0.17914911198255065, 'shap_norm_sq': 0.4800000000000006, 'weighted_error': 1.000346125054465, 'gamma': 15.99999999999999}
{'sample_size': 500, 'difference': 2, 'noise': 0, 'n': 12, 'alpha': 0.2, 'shap_error': 0.011121655367424746, 'shap_norm_sq': 7.680000000000017, 'weighted_error': 1.0043353747676829, 'gamma': 0.06249999999999987}
{'sample_size': 500, 'difference': 2, 'noise': 0, 'n': 12, 'alpha': 0.3, 'shap_error': 0.014510538192669715, 'shap_norm_sq': 5.880000000000017, 'weighted_error': 1.0018413252218188, 'gamma': 0.1836734693877546}
{'sample_size': 500, 'difference': 2, 'noise': 0, 'n': 12, 'alpha': 0.4, 'shap_error': 0.019813223704448317, 'shap_norm_sq': 4.319999999999995, 'weighted_error': 1.0011769755572304, 'gamma': 0.4444444444444451}
{'sample_size': 500, 'difference': 2, 'noise': 0, 'n': 12, 'alpha': 0.5, 'shap_error': 0.030698594717168886, 'shap_norm_sq': 3.000000000000004, 'weighted_error': 1.0029208169393908, 'gamma': 0.9999999999999984}
{'sample_size': 500, 'difference': 2, 'noise': 0, 'n': 12, 'alpha': 0.6, 'shap_error': 0.04998923093172693, 'shap_norm_sq': 1.920000000000003, 'weighted_error': 1.0029273125128666, 'gamma': 2.249999999999996}
{'sample_size': 500, 'difference': 2, 'noise': 0, 'n': 12, 'alpha': 0.7, 'shap_error': 0.08034360594964231, 'shap_norm_sq': 1.0800000000000078, 'weighted_error': 1.0005846532469864, 'gamma': 5.444444444444405}
{'sample_size': 500, 'difference': 2, 'noise': 0, 'n': 12, 'alpha': 0.8, 'shap_error': 0.1970767037071703, 'shap_norm_sq': 0.4800000000000006, 'weighted_error': 1.0014665995372531, 'gamma': 15.99999999999999}
{'sample_size': 500, 'difference': 2, 'noise': 0, 'n': 12, 'alpha': 0.2, 'shap_error': 0.010938677767921208, 'shap_norm_sq': 7.680000000000017, 'weighted_error': 1.0014077331756261, 'gamma': 0.06249999999999987}
{'sample_size': 500, 'difference': 2, 'noise': 0, 'n': 12, 'alpha': 0.3, 'shap_error': 0.014449459549293801, 'shap_norm_sq': 5.880000000000017, 'weighted_error': 1.0015087859412166, 'gamma': 0.1836734693877546}
{'sample_size': 500, 'difference': 2, 'noise': 0, 'n': 12, 'alpha': 0.4, 'shap_error': 0.019888348039786126, 'shap_norm_sq': 4.319999999999995, 'weighted_error': 1.0013460053117405, 'gamma': 0.4444444444444451}
{'sample_size': 500, 'difference': 2, 'noise': 0, 'n': 12, 'alpha': 0.5, 'shap_error': 0.028854138259404437, 'shap_norm_sq': 3.000000000000004, 'weighted_error': 1.0010763604816264, 'gamma': 0.9999999999999984}
{'sample_size': 500, 'difference': 2, 'noise': 0, 'n': 12, 'alpha': 0.6, 'shap_error': 0.048465864820805483, 'shap_norm_sq': 1.920000000000003, 'weighted_error': 1.0022502609080124, 'gamma': 2.249999999999996}
{'sample_size': 500, 'difference': 2, 'noise': 0, 'n': 12, 'alpha': 0.7, 'shap_error': 0.08935278484704426, 'shap_norm_sq': 1.0800000000000078, 'weighted_error': 1.002239400391407, 'gamma': 5.444444444444405}
{'sample_size': 500, 'difference': 2, 'noise': 0, 'n': 12, 'alpha': 0.8, 'shap_error': 0.19467451575027422, 'shap_norm_sq': 0.4800000000000006, 'weighted_error': 1.0013164627899476, 'gamma': 15.99999999999999}
{'sample_size': 500, 'difference': 2, 'noise': 0, 'n': 12, 'alpha': 0.2, 'shap_error': 0.01099598710160398, 'shap_norm_sq': 7.680000000000017, 'weighted_error': 1.0023246825145504, 'gamma': 0.06249999999999987}
{'sample_size': 500, 'difference': 2, 'noise': 0, 'n': 12, 'alpha': 0.3, 'shap_error': 0.01450011122088452, 'shap_norm_sq': 5.880000000000017, 'weighted_error': 1.0017845561532104, 'gamma': 0.1836734693877546}
{'sample_size': 500, 'difference': 2, 'noise': 0, 'n': 12, 'alpha': 0.4, 'shap_error': 0.020961598500589252, 'shap_norm_sq': 4.319999999999995, 'weighted_error': 1.0037608188485476, 'gamma': 0.4444444444444451}
{'sample_size': 500, 'difference': 2, 'noise': 0, 'n': 12, 'alpha': 0.5, 'shap_error': 0.03033553408200674, 'shap_norm_sq': 3.000000000000004, 'weighted_error': 1.0025577563042285, 'gamma': 0.9999999999999984}
{'sample_size': 500, 'difference': 2, 'noise': 0, 'n': 12, 'alpha': 0.6, 'shap_error': 0.04633360839410636, 'shap_norm_sq': 1.920000000000003, 'weighted_error': 1.0013025913850346, 'gamma': 2.249999999999996}
{'sample_size': 500, 'difference': 2, 'noise': 0, 'n': 12, 'alpha': 0.7, 'shap_error': 0.08109225437389286, 'shap_norm_sq': 1.0800000000000078, 'weighted_error': 1.0007221601004206, 'gamma': 5.444444444444405}
{'sample_size': 500, 'difference': 2, 'noise': 0, 'n': 12, 'alpha': 0.8, 'shap_error': 0.2195448460269979, 'shap_norm_sq': 0.4800000000000006, 'weighted_error': 1.0028708584322426, 'gamma': 15.99999999999999}
{'sample_size': 500, 'difference': 2, 'noise': 0, 'n': 12, 'alpha': 0.2, 'shap_error': 0.010959030449509854, 'shap_norm_sq': 7.680000000000017, 'weighted_error': 1.001733376081045, 'gamma': 0.06249999999999987}
{'sample_size': 500, 'difference': 2, 'noise': 0, 'n': 12, 'alpha': 0.3, 'shap_error': 0.014634250564828834, 'shap_norm_sq': 5.880000000000017, 'weighted_error': 1.0025148703591298, 'gamma': 0.1836734693877546}
{'sample_size': 500, 'difference': 2, 'noise': 0, 'n': 12, 'alpha': 0.4, 'shap_error': 0.019642699285615215, 'shap_norm_sq': 4.319999999999995, 'weighted_error': 1.0007932956148562, 'gamma': 0.4444444444444451}
{'sample_size': 500, 'difference': 2, 'noise': 0, 'n': 12, 'alpha': 0.5, 'shap_error': 0.02895572622307844, 'shap_norm_sq': 3.000000000000004, 'weighted_error': 1.0011779484453007, 'gamma': 0.9999999999999984}
{'sample_size': 500, 'difference': 2, 'noise': 0, 'n': 12, 'alpha': 0.6, 'shap_error': 0.046344669400424934, 'shap_norm_sq': 1.920000000000003, 'weighted_error': 1.001307507387843, 'gamma': 2.249999999999996}
{'sample_size': 500, 'difference': 2, 'noise': 0, 'n': 12, 'alpha': 0.7, 'shap_error': 0.08550082030316034, 'shap_norm_sq': 1.0800000000000078, 'weighted_error': 1.0015318966996738, 'gamma': 5.444444444444405}
{'sample_size': 500, 'difference': 2, 'noise': 0, 'n': 12, 'alpha': 0.8, 'shap_error': 0.19737179744344407, 'shap_norm_sq': 0.4800000000000006, 'weighted_error': 1.0014850428957707, 'gamma': 15.99999999999999}
{'sample_size': 500, 'difference': 2, 'noise': 0, 'n': 12, 'alpha': 0.2, 'shap_error': 0.010963962552896526, 'shap_norm_sq': 7.680000000000017, 'weighted_error': 1.0018122897352317, 'gamma': 0.06249999999999987}
{'sample_size': 500, 'difference': 2, 'noise': 0, 'n': 12, 'alpha': 0.3, 'shap_error': 0.01434942804069681, 'shap_norm_sq': 5.880000000000017, 'weighted_error': 1.0009641699499663, 'gamma': 0.1836734693877546}
{'sample_size': 500, 'difference': 2, 'noise': 0, 'n': 12, 'alpha': 0.4, 'shap_error': 0.01976340849461747, 'shap_norm_sq': 4.319999999999995, 'weighted_error': 1.001064891335111, 'gamma': 0.4444444444444451}
{'sample_size': 500, 'difference': 2, 'noise': 0, 'n': 12, 'alpha': 0.5, 'shap_error': 0.028777428657771192, 'shap_norm_sq': 3.000000000000004, 'weighted_error': 1.0009996508799932, 'gamma': 0.9999999999999984}
{'sample_size': 500, 'difference': 2, 'noise': 0, 'n': 12, 'alpha': 0.6, 'shap_error': 0.04662993468974221, 'shap_norm_sq': 1.920000000000003, 'weighted_error': 1.001434291960873, 'gamma': 2.249999999999996}
{'sample_size': 500, 'difference': 2, 'noise': 0, 'n': 12, 'alpha': 0.7, 'shap_error': 0.08587569478071781, 'shap_norm_sq': 1.0800000000000078, 'weighted_error': 1.0016007511955516, 'gamma': 5.444444444444405}
{'sample_size': 500, 'difference': 2, 'noise': 0, 'n': 12, 'alpha': 0.8, 'shap_error': 0.18760854152602147, 'shap_norm_sq': 0.4800000000000006, 'weighted_error': 1.0008748394009315, 'gamma': 15.99999999999999}
{'sample_size': 500, 'difference': 2, 'noise': 0, 'n': 12, 'alpha': 0.2, 'shap_error': 0.011019323160422097, 'shap_norm_sq': 7.680000000000017, 'weighted_error': 1.00269805945564, 'gamma': 0.06249999999999987}
{'sample_size': 500, 'difference': 2, 'noise': 0, 'n': 12, 'alpha': 0.3, 'shap_error': 0.014558329810601605, 'shap_norm_sq': 5.880000000000017, 'weighted_error': 1.002101524030559, 'gamma': 0.1836734693877546}
{'sample_size': 500, 'difference': 2, 'noise': 0, 'n': 12, 'alpha': 0.4, 'shap_error': 0.020405650468330355, 'shap_norm_sq': 4.319999999999995, 'weighted_error': 1.002509935775965, 'gamma': 0.4444444444444451}
{'sample_size': 500, 'difference': 2, 'noise': 0, 'n': 12, 'alpha': 0.5, 'shap_error': 0.02962323561471752, 'shap_norm_sq': 3.000000000000004, 'weighted_error': 1.0018454578369396, 'gamma': 0.9999999999999984}
{'sample_size': 500, 'difference': 2, 'noise': 0, 'n': 12, 'alpha': 0.6, 'shap_error': 0.04821688945690634, 'shap_norm_sq': 1.920000000000003, 'weighted_error': 1.0021396051907236, 'gamma': 2.249999999999996}
{'sample_size': 500, 'difference': 2, 'noise': 0, 'n': 12, 'alpha': 0.7, 'shap_error': 0.08177953133631864, 'shap_norm_sq': 1.0800000000000078, 'weighted_error': 1.000848394644539, 'gamma': 5.444444444444405}
{'sample_size': 500, 'difference': 2, 'noise': 0, 'n': 12, 'alpha': 0.8, 'shap_error': 0.19847410083291148, 'shap_norm_sq': 0.4800000000000006, 'weighted_error': 1.0015539368576125, 'gamma': 15.99999999999999}
{'sample_size': 500, 'difference': 2, 'noise': 0, 'n': 12, 'alpha': 0.2, 'shap_error': 0.010925835150401669, 'shap_norm_sq': 7.680000000000017, 'weighted_error': 1.0012022512953138, 'gamma': 0.06249999999999987}
{'sample_size': 500, 'difference': 2, 'noise': 0, 'n': 12, 'alpha': 0.3, 'shap_error': 0.014507678687801569, 'shap_norm_sq': 5.880000000000017, 'weighted_error': 1.0018257568064255, 'gamma': 0.1836734693877546}
{'sample_size': 500, 'difference': 2, 'noise': 0, 'n': 12, 'alpha': 0.4, 'shap_error': 0.02034378464672909, 'shap_norm_sq': 4.319999999999995, 'weighted_error': 1.0023707376773623, 'gamma': 0.4444444444444451}
{'sample_size': 500, 'difference': 2, 'noise': 0, 'n': 12, 'alpha': 0.5, 'shap_error': 0.030678257421665717, 'shap_norm_sq': 3.000000000000004, 'weighted_error': 1.0029004796438876, 'gamma': 0.9999999999999984}
{'sample_size': 500, 'difference': 2, 'noise': 0, 'n': 12, 'alpha': 0.6, 'shap_error': 0.04523962582241548, 'shap_norm_sq': 1.920000000000003, 'weighted_error': 1.0008163769087282, 'gamma': 2.249999999999996}
{'sample_size': 500, 'difference': 2, 'noise': 0, 'n': 12, 'alpha': 0.7, 'shap_error': 0.08827250602334356, 'shap_norm_sq': 1.0800000000000078, 'weighted_error': 1.0020409818319522, 'gamma': 5.444444444444405}
{'sample_size': 500, 'difference': 2, 'noise': 0, 'n': 12, 'alpha': 0.8, 'shap_error': 0.20164275218728775, 'shap_norm_sq': 0.4800000000000006, 'weighted_error': 1.0017519775672608, 'gamma': 15.99999999999999}
{'sample_size': 500, 'difference': 2, 'noise': 0, 'n': 12, 'alpha': 0.2, 'shap_error': 0.010902863384675394, 'shap_norm_sq': 7.680000000000017, 'weighted_error': 1.000834703043693, 'gamma': 0.06249999999999987}
{'sample_size': 500, 'difference': 2, 'noise': 0, 'n': 12, 'alpha': 0.3, 'shap_error': 0.014408632081007944, 'shap_norm_sq': 5.880000000000017, 'weighted_error': 1.0012865030583271, 'gamma': 0.1836734693877546}
{'sample_size': 500, 'difference': 2, 'noise': 0, 'n': 12, 'alpha': 0.4, 'shap_error': 0.02004291233666093, 'shap_norm_sq': 4.319999999999995, 'weighted_error': 1.0016937749797088, 'gamma': 0.4444444444444451}
{'sample_size': 500, 'difference': 2, 'noise': 0, 'n': 12, 'alpha': 0.5, 'shap_error': 0.02835153186222946, 'shap_norm_sq': 3.000000000000004, 'weighted_error': 1.0005737540844517, 'gamma': 0.9999999999999984}
{'sample_size': 500, 'difference': 2, 'noise': 0, 'n': 12, 'alpha': 0.6, 'shap_error': 0.04655119202308007, 'shap_norm_sq': 1.920000000000003, 'weighted_error': 1.0013992952201345, 'gamma': 2.249999999999996}
{'sample_size': 500, 'difference': 2, 'noise': 0, 'n': 12, 'alpha': 0.7, 'shap_error': 0.08244449814771244, 'shap_norm_sq': 1.0800000000000078, 'weighted_error': 1.0009705314058157, 'gamma': 5.444444444444405}
{'sample_size': 500, 'difference': 2, 'noise': 0, 'n': 12, 'alpha': 0.8, 'shap_error': 0.18511010815056372, 'shap_norm_sq': 0.4800000000000006, 'weighted_error': 1.0007186873149654, 'gamma': 15.99999999999999}
{'sample_size': 500, 'difference': 2, 'noise': 0, 'n': 12, 'alpha': 0.2, 'shap_error': 0.010926659229109664, 'shap_norm_sq': 7.680000000000017, 'weighted_error': 1.0012154365546413, 'gamma': 0.06249999999999987}
{'sample_size': 500, 'difference': 2, 'noise': 0, 'n': 12, 'alpha': 0.3, 'shap_error': 0.01436407323281008, 'shap_norm_sq': 5.880000000000017, 'weighted_error': 1.001043904884805, 'gamma': 0.1836734693877546}
{'sample_size': 500, 'difference': 2, 'noise': 0, 'n': 12, 'alpha': 0.4, 'shap_error': 0.019694804068804757, 'shap_norm_sq': 4.319999999999995, 'weighted_error': 1.0009105313770326, 'gamma': 0.4444444444444451}
{'sample_size': 500, 'difference': 2, 'noise': 0, 'n': 12, 'alpha': 0.5, 'shap_error': 0.030845284078544092, 'shap_norm_sq': 3.000000000000004, 'weighted_error': 1.0030675063007664, 'gamma': 0.9999999999999984}
{'sample_size': 500, 'difference': 2, 'noise': 0, 'n': 12, 'alpha': 0.6, 'shap_error': 0.048084873900437704, 'shap_norm_sq': 1.920000000000003, 'weighted_error': 1.002080931610071, 'gamma': 2.249999999999996}
{'sample_size': 500, 'difference': 2, 'noise': 0, 'n': 12, 'alpha': 0.7, 'shap_error': 0.08938604022644965, 'shap_norm_sq': 1.0800000000000078, 'weighted_error': 1.0022455085223183, 'gamma': 5.444444444444405}
{'sample_size': 500, 'difference': 2, 'noise': 0, 'n': 12, 'alpha': 0.8, 'shap_error': 0.20742562078380755, 'shap_norm_sq': 0.4800000000000006, 'weighted_error': 1.002113406854543, 'gamma': 15.99999999999999}
{'sample_size': 500, 'difference': 2, 'noise': 0, 'n': 12, 'alpha': 0.2, 'shap_error': 0.010907209390837993, 'shap_norm_sq': 7.680000000000017, 'weighted_error': 1.0009042391422953, 'gamma': 0.06249999999999987}
{'sample_size': 500, 'difference': 2, 'noise': 0, 'n': 12, 'alpha': 0.3, 'shap_error': 0.014394702379997312, 'shap_norm_sq': 5.880000000000017, 'weighted_error': 1.0012106635750466, 'gamma': 0.1836734693877546}
{'sample_size': 500, 'difference': 2, 'noise': 0, 'n': 12, 'alpha': 0.4, 'shap_error': 0.021322142656391825, 'shap_norm_sq': 4.319999999999995, 'weighted_error': 1.004572043199103, 'gamma': 0.4444444444444451}
{'sample_size': 500, 'difference': 2, 'noise': 0, 'n': 12, 'alpha': 0.5, 'shap_error': 0.030267518397170325, 'shap_norm_sq': 3.000000000000004, 'weighted_error': 1.0024897406193927, 'gamma': 0.9999999999999984}
{'sample_size': 500, 'difference': 2, 'noise': 0, 'n': 12, 'alpha': 0.6, 'shap_error': 0.047160123526068694, 'shap_norm_sq': 1.920000000000003, 'weighted_error': 1.001669931443685, 'gamma': 2.249999999999996}
{'sample_size': 500, 'difference': 2, 'noise': 0, 'n': 12, 'alpha': 0.7, 'shap_error': 0.08578211194628887, 'shap_norm_sq': 1.0800000000000078, 'weighted_error': 1.0015835625116767, 'gamma': 5.444444444444405}
{'sample_size': 500, 'difference': 2, 'noise': 0, 'n': 12, 'alpha': 0.8, 'shap_error': 0.1972178582501873, 'shap_norm_sq': 0.4800000000000006, 'weighted_error': 1.001475421696192, 'gamma': 15.99999999999999}
{'sample_size': 500, 'difference': 2, 'noise': 0, 'n': 12, 'alpha': 0.2, 'shap_error': 0.010991312063070661, 'shap_norm_sq': 7.680000000000017, 'weighted_error': 1.002249881898018, 'gamma': 0.06249999999999987}
{'sample_size': 500, 'difference': 2, 'noise': 0, 'n': 12, 'alpha': 0.3, 'shap_error': 0.014448924176985428, 'shap_norm_sq': 5.880000000000017, 'weighted_error': 1.0015058711364264, 'gamma': 0.1836734693877546}
{'sample_size': 500, 'difference': 2, 'noise': 0, 'n': 12, 'alpha': 0.4, 'shap_error': 0.020102166929750538, 'shap_norm_sq': 4.319999999999995, 'weighted_error': 1.0018270978141601, 'gamma': 0.4444444444444451}
{'sample_size': 500, 'difference': 2, 'noise': 0, 'n': 12, 'alpha': 0.5, 'shap_error': 0.030128656951425296, 'shap_norm_sq': 3.000000000000004, 'weighted_error': 1.0023508791736475, 'gamma': 0.9999999999999984}
{'sample_size': 500, 'difference': 2, 'noise': 0, 'n': 12, 'alpha': 0.6, 'shap_error': 0.04842136903260092, 'shap_norm_sq': 1.920000000000003, 'weighted_error': 1.002230485002144, 'gamma': 2.249999999999996}
{'sample_size': 500, 'difference': 2, 'noise': 0, 'n': 12, 'alpha': 0.7, 'shap_error': 0.08634093715158463, 'shap_norm_sq': 1.0800000000000078, 'weighted_error': 1.001686203875915, 'gamma': 5.444444444444405}
{'sample_size': 500, 'difference': 2, 'noise': 0, 'n': 12, 'alpha': 0.8, 'shap_error': 0.2013421272173814, 'shap_norm_sq': 0.4800000000000006, 'weighted_error': 1.0017331885066418, 'gamma': 15.99999999999999}
{'sample_size': 500, 'difference': 2, 'noise': 0, 'n': 12, 'alpha': 0.2, 'shap_error': 0.011048764197889622, 'shap_norm_sq': 7.680000000000017, 'weighted_error': 1.0031691160551208, 'gamma': 0.06249999999999987}
{'sample_size': 500, 'difference': 2, 'noise': 0, 'n': 12, 'alpha': 0.3, 'shap_error': 0.014555988103183069, 'shap_norm_sq': 5.880000000000017, 'weighted_error': 1.0020887747346132, 'gamma': 0.1836734693877546}
{'sample_size': 500, 'difference': 2, 'noise': 0, 'n': 12, 'alpha': 0.4, 'shap_error': 0.020171145286939043, 'shap_norm_sq': 4.319999999999995, 'weighted_error': 1.0019822991178347, 'gamma': 0.4444444444444451}
{'sample_size': 500, 'difference': 2, 'noise': 0, 'n': 12, 'alpha': 0.5, 'shap_error': 0.028908841404904687, 'shap_norm_sq': 3.000000000000004, 'weighted_error': 1.001131063627127, 'gamma': 0.9999999999999984}
{'sample_size': 500, 'difference': 2, 'noise': 0, 'n': 12, 'alpha': 0.6, 'shap_error': 0.04950976884652392, 'shap_norm_sq': 1.920000000000003, 'weighted_error': 1.0027142182527764, 'gamma': 2.249999999999996}
{'sample_size': 500, 'difference': 2, 'noise': 0, 'n': 12, 'alpha': 0.7, 'shap_error': 0.08455458245095575, 'shap_norm_sq': 1.0800000000000078, 'weighted_error': 1.0013580979104935, 'gamma': 5.444444444444405}
{'sample_size': 500, 'difference': 2, 'noise': 0, 'n': 12, 'alpha': 0.8, 'shap_error': 0.1928937624714404, 'shap_norm_sq': 0.4800000000000006, 'weighted_error': 1.0012051657100203, 'gamma': 15.99999999999999}
{'sample_size': 500, 'difference': 2, 'noise': 0, 'n': 12, 'alpha': 0.2, 'shap_error': 0.01095927413361348, 'shap_norm_sq': 7.680000000000017, 'weighted_error': 1.0017372750267026, 'gamma': 0.06249999999999987}
{'sample_size': 500, 'difference': 2, 'noise': 0, 'n': 12, 'alpha': 0.3, 'shap_error': 0.014504945566298619, 'shap_norm_sq': 5.880000000000017, 'weighted_error': 1.0018108764782425, 'gamma': 0.1836734693877546}
{'sample_size': 500, 'difference': 2, 'noise': 0, 'n': 12, 'alpha': 0.4, 'shap_error': 0.02000709292260633, 'shap_norm_sq': 4.319999999999995, 'weighted_error': 1.001613181298086, 'gamma': 0.4444444444444451}
{'sample_size': 500, 'difference': 2, 'noise': 0, 'n': 12, 'alpha': 0.5, 'shap_error': 0.02965254331639495, 'shap_norm_sq': 3.000000000000004, 'weighted_error': 1.001874765538617, 'gamma': 0.9999999999999984}
{'sample_size': 500, 'difference': 2, 'noise': 0, 'n': 12, 'alpha': 0.6, 'shap_error': 0.04509915723498166, 'shap_norm_sq': 1.920000000000003, 'weighted_error': 1.000753946425424, 'gamma': 2.249999999999996}
{'sample_size': 500, 'difference': 2, 'noise': 0, 'n': 12, 'alpha': 0.7, 'shap_error': 0.08182214989563177, 'shap_norm_sq': 1.0800000000000078, 'weighted_error': 1.0008562225431887, 'gamma': 5.444444444444405}
{'sample_size': 500, 'difference': 2, 'noise': 0, 'n': 12, 'alpha': 0.8, 'shap_error': 0.23814401968950769, 'shap_norm_sq': 0.4800000000000006, 'weighted_error': 1.0040333067861493, 'gamma': 15.99999999999999}
{'sample_size': 500, 'difference': 2, 'noise': 0, 'n': 12, 'alpha': 0.2, 'shap_error': 0.010898201833413373, 'shap_norm_sq': 7.680000000000017, 'weighted_error': 1.0007601182235013, 'gamma': 0.06249999999999987}
{'sample_size': 500, 'difference': 2, 'noise': 0, 'n': 12, 'alpha': 0.3, 'shap_error': 0.014610028056442431, 'shap_norm_sq': 5.880000000000017, 'weighted_error': 1.0023829922579144, 'gamma': 0.1836734693877546}
{'sample_size': 500, 'difference': 2, 'noise': 0, 'n': 12, 'alpha': 0.4, 'shap_error': 0.020075523693271615, 'shap_norm_sq': 4.319999999999995, 'weighted_error': 1.0017671505320833, 'gamma': 0.4444444444444451}
{'sample_size': 500, 'difference': 2, 'noise': 0, 'n': 12, 'alpha': 0.5, 'shap_error': 0.030325042013289377, 'shap_norm_sq': 3.000000000000004, 'weighted_error': 1.0025472642355113, 'gamma': 0.9999999999999984}
{'sample_size': 500, 'difference': 2, 'noise': 0, 'n': 12, 'alpha': 0.6, 'shap_error': 0.04735258963929951, 'shap_norm_sq': 1.920000000000003, 'weighted_error': 1.0017554719384543, 'gamma': 2.249999999999996}
{'sample_size': 500, 'difference': 2, 'noise': 0, 'n': 12, 'alpha': 0.7, 'shap_error': 0.0852618959925189, 'shap_norm_sq': 1.0800000000000078, 'weighted_error': 1.0014880126426169, 'gamma': 5.444444444444405}
{'sample_size': 500, 'difference': 2, 'noise': 0, 'n': 12, 'alpha': 0.8, 'shap_error': 0.19665289237560843, 'shap_norm_sq': 0.4800000000000006, 'weighted_error': 1.0014401113290308, 'gamma': 15.99999999999999}
{'sample_size': 500, 'difference': 2, 'noise': 0, 'n': 12, 'alpha': 0.2, 'shap_error': 0.010970760959584672, 'shap_norm_sq': 7.680000000000017, 'weighted_error': 1.001921064242242, 'gamma': 0.06249999999999987}
{'sample_size': 500, 'difference': 2, 'noise': 0, 'n': 12, 'alpha': 0.3, 'shap_error': 0.01443843877913465, 'shap_norm_sq': 5.880000000000017, 'weighted_error': 1.0014487839703503, 'gamma': 0.1836734693877546}
{'sample_size': 500, 'difference': 2, 'noise': 0, 'n': 12, 'alpha': 0.4, 'shap_error': 0.020158016999940687, 'shap_norm_sq': 4.319999999999995, 'weighted_error': 1.0019527604720881, 'gamma': 0.4444444444444451}
{'sample_size': 500, 'difference': 2, 'noise': 0, 'n': 12, 'alpha': 0.5, 'shap_error': 0.03083822820420742, 'shap_norm_sq': 3.000000000000004, 'weighted_error': 1.0030604504264298, 'gamma': 0.9999999999999984}
{'sample_size': 500, 'difference': 2, 'noise': 0, 'n': 12, 'alpha': 0.6, 'shap_error': 0.04759201483811182, 'shap_norm_sq': 1.920000000000003, 'weighted_error': 1.0018618831379265, 'gamma': 2.249999999999996}
{'sample_size': 500, 'difference': 2, 'noise': 0, 'n': 12, 'alpha': 0.7, 'shap_error': 0.08284682676511182, 'shap_norm_sq': 1.0800000000000078, 'weighted_error': 1.0010444284988074, 'gamma': 5.444444444444405}
{'sample_size': 500, 'difference': 2, 'noise': 0, 'n': 12, 'alpha': 0.8, 'shap_error': 0.19541266308904687, 'shap_norm_sq': 0.4800000000000006, 'weighted_error': 1.0013625969986208, 'gamma': 15.99999999999999}
{'sample_size': 500, 'difference': 2, 'noise': 0, 'n': 12, 'alpha': 0.2, 'shap_error': 0.010971991813626741, 'shap_norm_sq': 7.680000000000017, 'weighted_error': 1.0019407579069157, 'gamma': 0.06249999999999987}
{'sample_size': 500, 'difference': 2, 'noise': 0, 'n': 12, 'alpha': 0.3, 'shap_error': 0.014466453998118651, 'shap_norm_sq': 5.880000000000017, 'weighted_error': 1.0016013112737074, 'gamma': 0.1836734693877546}
{'sample_size': 500, 'difference': 2, 'noise': 0, 'n': 12, 'alpha': 0.4, 'shap_error': 0.020561553534060015, 'shap_norm_sq': 4.319999999999995, 'weighted_error': 1.0028607176738566, 'gamma': 0.4444444444444451}
{'sample_size': 500, 'difference': 2, 'noise': 0, 'n': 12, 'alpha': 0.5, 'shap_error': 0.029212540704096315, 'shap_norm_sq': 3.000000000000004, 'weighted_error': 1.0014347629263183, 'gamma': 0.9999999999999984}
{'sample_size': 500, 'difference': 2, 'noise': 0, 'n': 12, 'alpha': 0.6, 'shap_error': 0.04732874464500961, 'shap_norm_sq': 1.920000000000003, 'weighted_error': 1.001744874163214, 'gamma': 2.249999999999996}
{'sample_size': 500, 'difference': 2, 'noise': 0, 'n': 12, 'alpha': 0.7, 'shap_error': 0.0842959306756563, 'shap_norm_sq': 1.0800000000000078, 'weighted_error': 1.0013105904415605, 'gamma': 5.444444444444405}
{'sample_size': 500, 'difference': 2, 'noise': 0, 'n': 12, 'alpha': 0.8, 'shap_error': 0.19074715638298048, 'shap_norm_sq': 0.4800000000000006, 'weighted_error': 1.0010710028294918, 'gamma': 15.99999999999999}
{'sample_size': 500, 'difference': 2, 'noise': 0, 'n': 12, 'alpha': 0.2, 'shap_error': 0.010924218183829167, 'shap_norm_sq': 7.680000000000017, 'weighted_error': 1.0011763798301536, 'gamma': 0.06249999999999987}
{'sample_size': 500, 'difference': 2, 'noise': 0, 'n': 12, 'alpha': 0.3, 'shap_error': 0.014335507378805571, 'shap_norm_sq': 5.880000000000017, 'weighted_error': 1.0008883796796697, 'gamma': 0.1836734693877546}
{'sample_size': 500, 'difference': 2, 'noise': 0, 'n': 12, 'alpha': 0.4, 'shap_error': 0.01994079613995631, 'shap_norm_sq': 4.319999999999995, 'weighted_error': 1.0014640135371233, 'gamma': 0.4444444444444451}
{'sample_size': 500, 'difference': 2, 'noise': 0, 'n': 12, 'alpha': 0.5, 'shap_error': 0.03183833438935835, 'shap_norm_sq': 3.000000000000004, 'weighted_error': 1.0040605566115808, 'gamma': 0.9999999999999984}
{'sample_size': 500, 'difference': 2, 'noise': 0, 'n': 12, 'alpha': 0.6, 'shap_error': 0.04916544066470812, 'shap_norm_sq': 1.920000000000003, 'weighted_error': 1.0025611835053023, 'gamma': 2.249999999999996}
{'sample_size': 500, 'difference': 2, 'noise': 0, 'n': 12, 'alpha': 0.7, 'shap_error': 0.08579218600676825, 'shap_norm_sq': 1.0800000000000078, 'weighted_error': 1.0015854128493156, 'gamma': 5.444444444444405}
{'sample_size': 500, 'difference': 2, 'noise': 0, 'n': 12, 'alpha': 0.8, 'shap_error': 0.20333063324049028, 'shap_norm_sq': 0.4800000000000006, 'weighted_error': 1.001857470133086, 'gamma': 15.99999999999999}
{'sample_size': 500, 'difference': 2, 'noise': 0, 'n': 12, 'alpha': 0.2, 'shap_error': 0.010981564231034214, 'shap_norm_sq': 7.680000000000017, 'weighted_error': 1.0020939165854346, 'gamma': 0.06249999999999987}
{'sample_size': 500, 'difference': 2, 'noise': 0, 'n': 12, 'alpha': 0.3, 'shap_error': 0.014495404008809859, 'shap_norm_sq': 5.880000000000017, 'weighted_error': 1.001758927998582, 'gamma': 0.1836734693877546}
{'sample_size': 500, 'difference': 2, 'noise': 0, 'n': 12, 'alpha': 0.4, 'shap_error': 0.020009736382659047, 'shap_norm_sq': 4.319999999999995, 'weighted_error': 1.001619129083205, 'gamma': 0.4444444444444451}
{'sample_size': 500, 'difference': 2, 'noise': 0, 'n': 12, 'alpha': 0.5, 'shap_error': 0.02892694846503957, 'shap_norm_sq': 3.000000000000004, 'weighted_error': 1.0011491706872617, 'gamma': 0.9999999999999984}
{'sample_size': 500, 'difference': 2, 'noise': 0, 'n': 12, 'alpha': 0.6, 'shap_error': 0.04598873022387196, 'shap_norm_sq': 1.920000000000003, 'weighted_error': 1.0011493121982642, 'gamma': 2.249999999999996}
{'sample_size': 500, 'difference': 2, 'noise': 0, 'n': 12, 'alpha': 0.7, 'shap_error': 0.08698242531008095, 'shap_norm_sq': 1.0800000000000078, 'weighted_error': 1.0018040282315568, 'gamma': 5.444444444444405}
{'sample_size': 500, 'difference': 2, 'noise': 0, 'n': 12, 'alpha': 0.8, 'shap_error': 0.22199599136220804, 'shap_norm_sq': 0.4800000000000006, 'weighted_error': 1.0030240550156935, 'gamma': 15.99999999999999}
{'sample_size': 500, 'difference': 2, 'noise': 0, 'n': 12, 'alpha': 0.2, 'shap_error': 0.010953010181235812, 'shap_norm_sq': 7.680000000000017, 'weighted_error': 1.0016370517886604, 'gamma': 0.06249999999999987}
{'sample_size': 500, 'difference': 2, 'noise': 0, 'n': 12, 'alpha': 0.3, 'shap_error': 0.01446648338564124, 'shap_norm_sq': 5.880000000000017, 'weighted_error': 1.0016014712724413, 'gamma': 0.1836734693877546}
{'sample_size': 500, 'difference': 2, 'noise': 0, 'n': 12, 'alpha': 0.4, 'shap_error': 0.019643010447148848, 'shap_norm_sq': 4.319999999999995, 'weighted_error': 1.0007939957283067, 'gamma': 0.4444444444444451}
{'sample_size': 500, 'difference': 2, 'noise': 0, 'n': 12, 'alpha': 0.5, 'shap_error': 0.03052955527654226, 'shap_norm_sq': 3.000000000000004, 'weighted_error': 1.0027517774987644, 'gamma': 0.9999999999999984}
{'sample_size': 500, 'difference': 2, 'noise': 0, 'n': 12, 'alpha': 0.6, 'shap_error': 0.04637516543697944, 'shap_norm_sq': 1.920000000000003, 'weighted_error': 1.0013210611818677, 'gamma': 2.249999999999996}
{'sample_size': 500, 'difference': 2, 'noise': 0, 'n': 12, 'alpha': 0.7, 'shap_error': 0.08389816679823409, 'shap_norm_sq': 1.0800000000000078, 'weighted_error': 1.0012375317701974, 'gamma': 5.444444444444405}
{'sample_size': 500, 'difference': 2, 'noise': 0, 'n': 12, 'alpha': 0.8, 'shap_error': 0.20792059327625406, 'shap_norm_sq': 0.4800000000000006, 'weighted_error': 1.0021443426353212, 'gamma': 15.99999999999999}
{'sample_size': 500, 'difference': 2, 'noise': 0, 'n': 12, 'alpha': 0.2, 'shap_error': 0.01107324115391309, 'shap_norm_sq': 7.680000000000017, 'weighted_error': 1.003560747351496, 'gamma': 0.06249999999999987}
{'sample_size': 500, 'difference': 2, 'noise': 0, 'n': 12, 'alpha': 0.3, 'shap_error': 0.014528398181545553, 'shap_norm_sq': 5.880000000000017, 'weighted_error': 1.0019385629390314, 'gamma': 0.1836734693877546}
{'sample_size': 500, 'difference': 2, 'noise': 0, 'n': 12, 'alpha': 0.4, 'shap_error': 0.020060837693311823, 'shap_norm_sq': 4.319999999999995, 'weighted_error': 1.0017341070321732, 'gamma': 0.4444444444444451}
{'sample_size': 500, 'difference': 2, 'noise': 0, 'n': 12, 'alpha': 0.5, 'shap_error': 0.030047734139843116, 'shap_norm_sq': 3.000000000000004, 'weighted_error': 1.002269956362065, 'gamma': 0.9999999999999984}
{'sample_size': 500, 'difference': 2, 'noise': 0, 'n': 12, 'alpha': 0.6, 'shap_error': 0.044108550880328765, 'shap_norm_sq': 1.920000000000003, 'weighted_error': 1.0003136769344676, 'gamma': 2.249999999999996}
{'sample_size': 500, 'difference': 2, 'noise': 0, 'n': 12, 'alpha': 0.7, 'shap_error': 0.09579584695642973, 'shap_norm_sq': 1.0800000000000078, 'weighted_error': 1.0034228199625184, 'gamma': 5.444444444444405}
{'sample_size': 500, 'difference': 2, 'noise': 0, 'n': 12, 'alpha': 0.8, 'shap_error': 0.1858461888233706, 'shap_norm_sq': 0.4800000000000006, 'weighted_error': 1.000764692357016, 'gamma': 15.99999999999999}
{'sample_size': 500, 'difference': 2, 'noise': 0, 'n': 12, 'alpha': 0.2, 'shap_error': 0.01094943246072572, 'shap_norm_sq': 7.680000000000017, 'weighted_error': 1.0015798082604985, 'gamma': 0.06249999999999987}
{'sample_size': 500, 'difference': 2, 'noise': 0, 'n': 12, 'alpha': 0.3, 'shap_error': 0.014532199701284993, 'shap_norm_sq': 5.880000000000017, 'weighted_error': 1.0019592601020573, 'gamma': 0.1836734693877546}
{'sample_size': 500, 'difference': 2, 'noise': 0, 'n': 12, 'alpha': 0.4, 'shap_error': 0.020137053681770194, 'shap_norm_sq': 4.319999999999995, 'weighted_error': 1.0019055930062044, 'gamma': 0.4444444444444451}
{'sample_size': 500, 'difference': 2, 'noise': 0, 'n': 12, 'alpha': 0.5, 'shap_error': 0.03075668254672253, 'shap_norm_sq': 3.000000000000004, 'weighted_error': 1.0029789047689446, 'gamma': 0.9999999999999984}
{'sample_size': 500, 'difference': 2, 'noise': 0, 'n': 12, 'alpha': 0.6, 'shap_error': 0.04696545619074965, 'shap_norm_sq': 1.920000000000003, 'weighted_error': 1.0015834126279874, 'gamma': 2.249999999999996}
{'sample_size': 500, 'difference': 2, 'noise': 0, 'n': 12, 'alpha': 0.7, 'shap_error': 0.08576820120025132, 'shap_norm_sq': 1.0800000000000078, 'weighted_error': 1.0015810074766904, 'gamma': 5.444444444444405}
{'sample_size': 500, 'difference': 2, 'noise': 0, 'n': 12, 'alpha': 0.8, 'shap_error': 0.1957195309282218, 'shap_norm_sq': 0.4800000000000006, 'weighted_error': 1.0013817762385693, 'gamma': 15.99999999999999}
{'sample_size': 500, 'difference': 2, 'noise': 0, 'n': 12, 'alpha': 0.2, 'shap_error': 0.010911919833317641, 'shap_norm_sq': 7.680000000000017, 'weighted_error': 1.0009796062219698, 'gamma': 0.06249999999999987}
{'sample_size': 500, 'difference': 2, 'noise': 0, 'n': 12, 'alpha': 0.3, 'shap_error': 0.01490434216904309, 'shap_norm_sq': 5.880000000000017, 'weighted_error': 1.0039853690931848, 'gamma': 0.1836734693877546}
{'sample_size': 500, 'difference': 2, 'noise': 0, 'n': 12, 'alpha': 0.4, 'shap_error': 0.020104127703940284, 'shap_norm_sq': 4.319999999999995, 'weighted_error': 1.0018315095560872, 'gamma': 0.4444444444444451}
{'sample_size': 500, 'difference': 2, 'noise': 0, 'n': 12, 'alpha': 0.5, 'shap_error': 0.02943412945177768, 'shap_norm_sq': 3.000000000000004, 'weighted_error': 1.0016563516739996, 'gamma': 0.9999999999999984}
{'sample_size': 500, 'difference': 2, 'noise': 0, 'n': 12, 'alpha': 0.6, 'shap_error': 0.04773673144551981, 'shap_norm_sq': 1.920000000000003, 'weighted_error': 1.0019262016301078, 'gamma': 2.249999999999996}
{'sample_size': 500, 'difference': 2, 'noise': 0, 'n': 12, 'alpha': 0.7, 'shap_error': 0.08079801007857126, 'shap_norm_sq': 1.0800000000000078, 'weighted_error': 1.0006681152298509, 'gamma': 5.444444444444405}
{'sample_size': 500, 'difference': 2, 'noise': 0, 'n': 12, 'alpha': 0.8, 'shap_error': 0.18809850351429097, 'shap_norm_sq': 0.4800000000000006, 'weighted_error': 1.0009054620251987, 'gamma': 15.99999999999999}
{'sample_size': 500, 'difference': 2, 'noise': 0, 'n': 12, 'alpha': 0.2, 'shap_error': 0.010924570404039425, 'shap_norm_sq': 7.680000000000017, 'weighted_error': 1.0011820153535176, 'gamma': 0.06249999999999987}
{'sample_size': 500, 'difference': 2, 'noise': 0, 'n': 12, 'alpha': 0.3, 'shap_error': 0.014294747176679173, 'shap_norm_sq': 5.880000000000017, 'weighted_error': 1.0006664630236477, 'gamma': 0.1836734693877546}
{'sample_size': 500, 'difference': 2, 'noise': 0, 'n': 12, 'alpha': 0.4, 'shap_error': 0.01972752861376587, 'shap_norm_sq': 4.319999999999995, 'weighted_error': 1.0009841616031947, 'gamma': 0.4444444444444451}
{'sample_size': 500, 'difference': 2, 'noise': 0, 'n': 12, 'alpha': 0.5, 'shap_error': 0.02981436495543637, 'shap_norm_sq': 3.000000000000004, 'weighted_error': 1.0020365871776582, 'gamma': 0.9999999999999984}
{'sample_size': 500, 'difference': 2, 'noise': 0, 'n': 12, 'alpha': 0.6, 'shap_error': 0.051579840447929313, 'shap_norm_sq': 1.920000000000003, 'weighted_error': 1.003634250075623, 'gamma': 2.249999999999996}
{'sample_size': 500, 'difference': 2, 'noise': 0, 'n': 12, 'alpha': 0.7, 'shap_error': 0.08266662011145649, 'shap_norm_sq': 1.0800000000000078, 'weighted_error': 1.0010113293175238, 'gamma': 5.444444444444405}
{'sample_size': 500, 'difference': 2, 'noise': 0, 'n': 12, 'alpha': 0.8, 'shap_error': 0.20143644726643864, 'shap_norm_sq': 0.4800000000000006, 'weighted_error': 1.0017390835097078, 'gamma': 15.99999999999999}
{'sample_size': 500, 'difference': 2, 'noise': 0, 'n': 12, 'alpha': 0.2, 'shap_error': 0.01095545995433762, 'shap_norm_sq': 7.680000000000017, 'weighted_error': 1.001676248158289, 'gamma': 0.06249999999999987}
{'sample_size': 500, 'difference': 2, 'noise': 0, 'n': 12, 'alpha': 0.3, 'shap_error': 0.014437398469223525, 'shap_norm_sq': 5.880000000000017, 'weighted_error': 1.0014431200608338, 'gamma': 0.1836734693877546}
{'sample_size': 500, 'difference': 2, 'noise': 0, 'n': 12, 'alpha': 0.4, 'shap_error': 0.020553357846001073, 'shap_norm_sq': 4.319999999999995, 'weighted_error': 1.002842277375724, 'gamma': 0.4444444444444451}
{'sample_size': 500, 'difference': 2, 'noise': 0, 'n': 12, 'alpha': 0.5, 'shap_error': 0.028859902697264076, 'shap_norm_sq': 3.000000000000004, 'weighted_error': 1.001082124919486, 'gamma': 0.9999999999999984}
{'sample_size': 500, 'difference': 2, 'noise': 0, 'n': 12, 'alpha': 0.6, 'shap_error': 0.050892255966974664, 'shap_norm_sq': 1.920000000000003, 'weighted_error': 1.0033286569729762, 'gamma': 2.249999999999996}
{'sample_size': 500, 'difference': 2, 'noise': 0, 'n': 12, 'alpha': 0.7, 'shap_error': 0.08411828924491681, 'shap_norm_sq': 1.0800000000000078, 'weighted_error': 1.0012779624236696, 'gamma': 5.444444444444405}
{'sample_size': 500, 'difference': 2, 'noise': 0, 'n': 12, 'alpha': 0.8, 'shap_error': 0.1888443450166757, 'shap_norm_sq': 0.4800000000000006, 'weighted_error': 1.0009520771190978, 'gamma': 15.99999999999999}
{'sample_size': 500, 'difference': 2, 'noise': 0, 'n': 12, 'alpha': 0.2, 'shap_error': 0.010954007419263515, 'shap_norm_sq': 7.680000000000017, 'weighted_error': 1.001653007597103, 'gamma': 0.06249999999999987}
{'sample_size': 500, 'difference': 2, 'noise': 0, 'n': 12, 'alpha': 0.3, 'shap_error': 0.014614279912905686, 'shap_norm_sq': 5.880000000000017, 'weighted_error': 1.0024061412542142, 'gamma': 0.1836734693877546}
{'sample_size': 500, 'difference': 2, 'noise': 0, 'n': 12, 'alpha': 0.4, 'shap_error': 0.020258411247115603, 'shap_norm_sq': 4.319999999999995, 'weighted_error': 1.0021786475282315, 'gamma': 0.4444444444444451}
{'sample_size': 500, 'difference': 2, 'noise': 0, 'n': 12, 'alpha': 0.5, 'shap_error': 0.028507430548718737, 'shap_norm_sq': 3.000000000000004, 'weighted_error': 1.0007296527709406, 'gamma': 0.9999999999999984}
{'sample_size': 500, 'difference': 2, 'noise': 0, 'n': 12, 'alpha': 0.6, 'shap_error': 0.0474713615596026, 'shap_norm_sq': 1.920000000000003, 'weighted_error': 1.001808259458589, 'gamma': 2.249999999999996}
{'sample_size': 500, 'difference': 2, 'noise': 0, 'n': 12, 'alpha': 0.7, 'shap_error': 0.08902588696862135, 'shap_norm_sq': 1.0800000000000078, 'weighted_error': 1.0021793579239417, 'gamma': 5.444444444444405}
{'sample_size': 500, 'difference': 2, 'noise': 0, 'n': 12, 'alpha': 0.8, 'shap_error': 0.19347409422776343, 'shap_norm_sq': 0.4800000000000006, 'weighted_error': 1.0012414364447906, 'gamma': 15.99999999999999}
{'sample_size': 500, 'difference': 2, 'noise': 0, 'n': 12, 'alpha': 0.2, 'shap_error': 0.010996078327549527, 'shap_norm_sq': 7.680000000000017, 'weighted_error': 1.0023261421296792, 'gamma': 0.06249999999999987}
{'sample_size': 500, 'difference': 2, 'noise': 0, 'n': 12, 'alpha': 0.3, 'shap_error': 0.014302624272298104, 'shap_norm_sq': 5.880000000000017, 'weighted_error': 1.000709349433129, 'gamma': 0.1836734693877546}
{'sample_size': 500, 'difference': 2, 'noise': 0, 'n': 12, 'alpha': 0.4, 'shap_error': 0.020077518360633113, 'shap_norm_sq': 4.319999999999995, 'weighted_error': 1.0017716385336466, 'gamma': 0.4444444444444451}
{'sample_size': 500, 'difference': 2, 'noise': 0, 'n': 12, 'alpha': 0.5, 'shap_error': 0.029623452044335256, 'shap_norm_sq': 3.000000000000004, 'weighted_error': 1.0018456742665576, 'gamma': 0.9999999999999984}
{'sample_size': 500, 'difference': 2, 'noise': 0, 'n': 12, 'alpha': 0.6, 'shap_error': 0.04647468759139952, 'shap_norm_sq': 1.920000000000003, 'weighted_error': 1.0013652932504984, 'gamma': 2.249999999999996}
{'sample_size': 500, 'difference': 2, 'noise': 0, 'n': 12, 'alpha': 0.7, 'shap_error': 0.09774258500677348, 'shap_norm_sq': 1.0800000000000078, 'weighted_error': 1.0037803840942143, 'gamma': 5.444444444444405}
{'sample_size': 500, 'difference': 2, 'noise': 0, 'n': 12, 'alpha': 0.8, 'shap_error': 0.19445249078404922, 'shap_norm_sq': 0.4800000000000006, 'weighted_error': 1.0013025862295586, 'gamma': 15.99999999999999}
{'sample_size': 500, 'difference': 2, 'noise': 0, 'n': 12, 'alpha': 0.2, 'shap_error': 0.011014177522770265, 'shap_norm_sq': 7.680000000000017, 'weighted_error': 1.0026157292532107, 'gamma': 0.06249999999999987}
{'sample_size': 500, 'difference': 2, 'noise': 0, 'n': 12, 'alpha': 0.3, 'shap_error': 0.014268025484855642, 'shap_norm_sq': 5.880000000000017, 'weighted_error': 1.000520978257053, 'gamma': 0.1836734693877546}
{'sample_size': 500, 'difference': 2, 'noise': 0, 'n': 12, 'alpha': 0.4, 'shap_error': 0.021504501025417972, 'shap_norm_sq': 4.319999999999995, 'weighted_error': 1.004982349529412, 'gamma': 0.4444444444444451}
{'sample_size': 500, 'difference': 2, 'noise': 0, 'n': 12, 'alpha': 0.5, 'shap_error': 0.030114214253796064, 'shap_norm_sq': 3.000000000000004, 'weighted_error': 1.0023364364760181, 'gamma': 0.9999999999999984}
{'sample_size': 500, 'difference': 2, 'noise': 0, 'n': 12, 'alpha': 0.6, 'shap_error': 0.04582128027635465, 'shap_norm_sq': 1.920000000000003, 'weighted_error': 1.0010748899993676, 'gamma': 2.249999999999996}
{'sample_size': 500, 'difference': 2, 'noise': 0, 'n': 12, 'alpha': 0.7, 'shap_error': 0.08543256058073963, 'shap_norm_sq': 1.0800000000000078, 'weighted_error': 1.001519359199637, 'gamma': 5.444444444444405}
{'sample_size': 500, 'difference': 2, 'noise': 0, 'n': 12, 'alpha': 0.8, 'shap_error': 0.21044824689993924, 'shap_norm_sq': 0.4800000000000006, 'weighted_error': 1.0023023209868014, 'gamma': 15.99999999999999}
{'sample_size': 500, 'difference': 2, 'noise': 0, 'n': 12, 'alpha': 0.2, 'shap_error': 0.011036234777261915, 'shap_norm_sq': 7.680000000000017, 'weighted_error': 1.0029686453250775, 'gamma': 0.06249999999999987}
{'sample_size': 500, 'difference': 2, 'noise': 0, 'n': 12, 'alpha': 0.3, 'shap_error': 0.01432877203437783, 'shap_norm_sq': 5.880000000000017, 'weighted_error': 1.0008517094711182, 'gamma': 0.1836734693877546}
{'sample_size': 500, 'difference': 2, 'noise': 0, 'n': 12, 'alpha': 0.4, 'shap_error': 0.020558606165675154, 'shap_norm_sq': 4.319999999999995, 'weighted_error': 1.0028540860949908, 'gamma': 0.4444444444444451}
{'sample_size': 500, 'difference': 2, 'noise': 0, 'n': 12, 'alpha': 0.5, 'shap_error': 0.02922216226576526, 'shap_norm_sq': 3.000000000000004, 'weighted_error': 1.0014443844879874, 'gamma': 0.9999999999999984}
{'sample_size': 500, 'difference': 2, 'noise': 0, 'n': 12, 'alpha': 0.6, 'shap_error': 0.04796058477262321, 'shap_norm_sq': 1.920000000000003, 'weighted_error': 1.002025691997709, 'gamma': 2.249999999999996}
{'sample_size': 500, 'difference': 2, 'noise': 0, 'n': 12, 'alpha': 0.7, 'shap_error': 0.0897888614591506, 'shap_norm_sq': 1.0800000000000078, 'weighted_error': 1.0023194960956718, 'gamma': 5.444444444444405}
{'sample_size': 500, 'difference': 2, 'noise': 0, 'n': 12, 'alpha': 0.8, 'shap_error': 0.19326593737269662, 'shap_norm_sq': 0.4800000000000006, 'weighted_error': 1.001228426641349, 'gamma': 15.99999999999999}
{'sample_size': 500, 'difference': 2, 'noise': 0, 'n': 12, 'alpha': 0.2, 'shap_error': 0.01096918090361402, 'shap_norm_sq': 7.680000000000017, 'weighted_error': 1.0018957833467117, 'gamma': 0.06249999999999987}
{'sample_size': 500, 'difference': 2, 'noise': 0, 'n': 12, 'alpha': 0.3, 'shap_error': 0.014555309365076728, 'shap_norm_sq': 5.880000000000017, 'weighted_error': 1.0020850793827014, 'gamma': 0.1836734693877546}
{'sample_size': 500, 'difference': 2, 'noise': 0, 'n': 12, 'alpha': 0.4, 'shap_error': 0.019652960307706545, 'shap_norm_sq': 4.319999999999995, 'weighted_error': 1.0008163829145615, 'gamma': 0.4444444444444451}
{'sample_size': 500, 'difference': 2, 'noise': 0, 'n': 12, 'alpha': 0.5, 'shap_error': 0.028973693385018567, 'shap_norm_sq': 3.000000000000004, 'weighted_error': 1.0011959156072405, 'gamma': 0.9999999999999984}
{'sample_size': 500, 'difference': 2, 'noise': 0, 'n': 12, 'alpha': 0.6, 'shap_error': 0.045922748414257475, 'shap_norm_sq': 1.920000000000003, 'weighted_error': 1.0011199869495464, 'gamma': 2.249999999999996}
{'sample_size': 500, 'difference': 2, 'noise': 0, 'n': 12, 'alpha': 0.7, 'shap_error': 0.08340328039293388, 'shap_norm_sq': 1.0800000000000078, 'weighted_error': 1.001146634267183, 'gamma': 5.444444444444405}
{'sample_size': 500, 'difference': 2, 'noise': 0, 'n': 12, 'alpha': 0.8, 'shap_error': 0.21067518277822997, 'shap_norm_sq': 0.4800000000000006, 'weighted_error': 1.0023165044791944, 'gamma': 15.99999999999999}
{'sample_size': 500, 'difference': 2, 'noise': 0, 'n': 12, 'alpha': 0.2, 'shap_error': 0.010912549601179029, 'shap_norm_sq': 7.680000000000017, 'weighted_error': 1.0009896825077524, 'gamma': 0.06249999999999987}
{'sample_size': 500, 'difference': 2, 'noise': 0, 'n': 12, 'alpha': 0.3, 'shap_error': 0.01455539866918611, 'shap_norm_sq': 5.880000000000017, 'weighted_error': 1.0020855655939631, 'gamma': 0.1836734693877546}
{'sample_size': 500, 'difference': 2, 'noise': 0, 'n': 12, 'alpha': 0.4, 'shap_error': 0.020321840289727448, 'shap_norm_sq': 4.319999999999995, 'weighted_error': 1.0023213628741083, 'gamma': 0.4444444444444451}
{'sample_size': 500, 'difference': 2, 'noise': 0, 'n': 12, 'alpha': 0.5, 'shap_error': 0.029307899970886436, 'shap_norm_sq': 3.000000000000004, 'weighted_error': 1.0015301221931088, 'gamma': 0.9999999999999984}
{'sample_size': 500, 'difference': 2, 'noise': 0, 'n': 12, 'alpha': 0.6, 'shap_error': 0.04590457430335137, 'shap_norm_sq': 1.920000000000003, 'weighted_error': 1.0011119095669219, 'gamma': 2.249999999999996}
{'sample_size': 500, 'difference': 2, 'noise': 0, 'n': 12, 'alpha': 0.7, 'shap_error': 0.08293421106893094, 'shap_norm_sq': 1.0800000000000078, 'weighted_error': 1.00106047867706, 'gamma': 5.444444444444405}
{'sample_size': 500, 'difference': 2, 'noise': 0, 'n': 12, 'alpha': 0.8, 'shap_error': 0.22992097077193369, 'shap_norm_sq': 0.4800000000000006, 'weighted_error': 1.0035193662288011, 'gamma': 15.99999999999999}
{'sample_size': 500, 'difference': 2, 'noise': 0, 'n': 12, 'alpha': 0.2, 'shap_error': 0.010968966171337838, 'shap_norm_sq': 7.680000000000017, 'weighted_error': 1.0018923476302923, 'gamma': 0.06249999999999987}
{'sample_size': 500, 'difference': 2, 'noise': 0, 'n': 12, 'alpha': 0.3, 'shap_error': 0.014490555132117423, 'shap_norm_sq': 5.880000000000017, 'weighted_error': 1.001732528558812, 'gamma': 0.1836734693877546}
{'sample_size': 500, 'difference': 2, 'noise': 0, 'n': 12, 'alpha': 0.4, 'shap_error': 0.019602034603861854, 'shap_norm_sq': 4.319999999999995, 'weighted_error': 1.0007018000809111, 'gamma': 0.4444444444444451}
{'sample_size': 500, 'difference': 2, 'noise': 0, 'n': 12, 'alpha': 0.5, 'shap_error': 0.029084096873666965, 'shap_norm_sq': 3.000000000000004, 'weighted_error': 1.001306319095889, 'gamma': 0.9999999999999984}
{'sample_size': 500, 'difference': 2, 'noise': 0, 'n': 12, 'alpha': 0.6, 'shap_error': 0.04663501768873599, 'shap_norm_sq': 1.920000000000003, 'weighted_error': 1.0014365510715373, 'gamma': 2.249999999999996}
{'sample_size': 500, 'difference': 2, 'noise': 0, 'n': 12, 'alpha': 0.7, 'shap_error': 0.09262249202575845, 'shap_norm_sq': 1.0800000000000078, 'weighted_error': 1.0028399588528039, 'gamma': 5.444444444444405}
{'sample_size': 500, 'difference': 2, 'noise': 0, 'n': 12, 'alpha': 0.8, 'shap_error': 0.20029400030100694, 'shap_norm_sq': 0.4800000000000006, 'weighted_error': 1.0016676805743687, 'gamma': 15.99999999999999}
{'sample_size': 500, 'difference': 2, 'noise': 0, 'n': 12, 'alpha': 0.2, 'shap_error': 0.010941600602926772, 'shap_norm_sq': 7.680000000000017, 'weighted_error': 1.0014544985357154, 'gamma': 0.06249999999999987}
{'sample_size': 500, 'difference': 2, 'noise': 0, 'n': 12, 'alpha': 0.3, 'shap_error': 0.014426680845835605, 'shap_norm_sq': 5.880000000000017, 'weighted_error': 1.0013847685557218, 'gamma': 0.1836734693877546}
{'sample_size': 500, 'difference': 2, 'noise': 0, 'n': 12, 'alpha': 0.4, 'shap_error': 0.020151578872868472, 'shap_norm_sq': 4.319999999999995, 'weighted_error': 1.0019382746861756, 'gamma': 0.4444444444444451}
{'sample_size': 500, 'difference': 2, 'noise': 0, 'n': 12, 'alpha': 0.5, 'shap_error': 0.03259908712210099, 'shap_norm_sq': 3.000000000000004, 'weighted_error': 1.0048213093443232, 'gamma': 0.9999999999999984}
{'sample_size': 500, 'difference': 2, 'noise': 0, 'n': 12, 'alpha': 0.6, 'shap_error': 0.04767252722655989, 'shap_norm_sq': 1.920000000000003, 'weighted_error': 1.001897666421681, 'gamma': 2.249999999999996}
{'sample_size': 500, 'difference': 2, 'noise': 0, 'n': 12, 'alpha': 0.7, 'shap_error': 0.08374962891110678, 'shap_norm_sq': 1.0800000000000078, 'weighted_error': 1.001210249301133, 'gamma': 5.444444444444405}
{'sample_size': 500, 'difference': 2, 'noise': 0, 'n': 12, 'alpha': 0.8, 'shap_error': 0.18875291512543932, 'shap_norm_sq': 0.4800000000000006, 'weighted_error': 1.0009463627508957, 'gamma': 15.99999999999999}
{'sample_size': 500, 'difference': 2, 'noise': 0, 'n': 12, 'alpha': 0.2, 'shap_error': 0.010895840469743758, 'shap_norm_sq': 7.680000000000017, 'weighted_error': 1.0007223364047868, 'gamma': 0.06249999999999987}
{'sample_size': 500, 'difference': 2, 'noise': 0, 'n': 12, 'alpha': 0.3, 'shap_error': 0.014386801935985178, 'shap_norm_sq': 5.880000000000017, 'weighted_error': 1.0011676500465363, 'gamma': 0.1836734693877546}
{'sample_size': 500, 'difference': 2, 'noise': 0, 'n': 12, 'alpha': 0.4, 'shap_error': 0.02020048124954583, 'shap_norm_sq': 4.319999999999995, 'weighted_error': 1.0020483050337, 'gamma': 0.4444444444444451}
{'sample_size': 500, 'difference': 2, 'noise': 0, 'n': 12, 'alpha': 0.5, 'shap_error': 0.029802956118195025, 'shap_norm_sq': 3.000000000000004, 'weighted_error': 1.002025178340417, 'gamma': 0.9999999999999984}
{'sample_size': 500, 'difference': 2, 'noise': 0, 'n': 12, 'alpha': 0.6, 'shap_error': 0.04837152268931158, 'shap_norm_sq': 1.920000000000003, 'weighted_error': 1.002208331071793, 'gamma': 2.249999999999996}
{'sample_size': 500, 'difference': 2, 'noise': 0, 'n': 12, 'alpha': 0.7, 'shap_error': 0.08538148326199134, 'shap_norm_sq': 1.0800000000000078, 'weighted_error': 1.0015099776512957, 'gamma': 5.444444444444405}
{'sample_size': 500, 'difference': 2, 'noise': 0, 'n': 12, 'alpha': 0.8, 'shap_error': 0.20168234975998192, 'shap_norm_sq': 0.4800000000000006, 'weighted_error': 1.0017544524155544, 'gamma': 15.99999999999999}
{'sample_size': 500, 'difference': 2, 'noise': 0, 'n': 12, 'alpha': 0.2, 'shap_error': 0.010962553611533, 'shap_norm_sq': 7.680000000000017, 'weighted_error': 1.0017897466734154, 'gamma': 0.06249999999999987}
{'sample_size': 500, 'difference': 2, 'noise': 0, 'n': 12, 'alpha': 0.3, 'shap_error': 0.014642656032584899, 'shap_norm_sq': 5.880000000000017, 'weighted_error': 1.0025606334613568, 'gamma': 0.1836734693877546}
{'sample_size': 500, 'difference': 2, 'noise': 0, 'n': 12, 'alpha': 0.4, 'shap_error': 0.01985734149946329, 'shap_norm_sq': 4.319999999999995, 'weighted_error': 1.001276240596014, 'gamma': 0.4444444444444451}
{'sample_size': 500, 'difference': 2, 'noise': 0, 'n': 12, 'alpha': 0.5, 'shap_error': 0.02947101555477945, 'shap_norm_sq': 3.000000000000004, 'weighted_error': 1.0016932377770014, 'gamma': 0.9999999999999984}
{'sample_size': 500, 'difference': 2, 'noise': 0, 'n': 12, 'alpha': 0.6, 'shap_error': 0.046365917139768016, 'shap_norm_sq': 1.920000000000003, 'weighted_error': 1.0013169508275515, 'gamma': 2.249999999999996}
{'sample_size': 500, 'difference': 2, 'noise': 0, 'n': 12, 'alpha': 0.7, 'shap_error': 0.08690027717346491, 'shap_norm_sq': 1.0800000000000078, 'weighted_error': 1.0017889397983009, 'gamma': 5.444444444444405}
{'sample_size': 500, 'difference': 2, 'noise': 0, 'n': 12, 'alpha': 0.8, 'shap_error': 0.2020612636413128, 'shap_norm_sq': 0.4800000000000006, 'weighted_error': 1.0017781345331376, 'gamma': 15.99999999999999}
{'sample_size': 500, 'difference': 2, 'noise': 0, 'n': 12, 'alpha': 0.2, 'shap_error': 0.010933627299617268, 'shap_norm_sq': 7.680000000000017, 'weighted_error': 1.0013269256827635, 'gamma': 0.06249999999999987}
{'sample_size': 500, 'difference': 2, 'noise': 0, 'n': 12, 'alpha': 0.3, 'shap_error': 0.014543796341839112, 'shap_norm_sq': 5.880000000000017, 'weighted_error': 1.0020223973672961, 'gamma': 0.1836734693877546}
{'sample_size': 500, 'difference': 2, 'noise': 0, 'n': 12, 'alpha': 0.4, 'shap_error': 0.019917672144615477, 'shap_norm_sq': 4.319999999999995, 'weighted_error': 1.0014119845476066, 'gamma': 0.4444444444444451}
{'sample_size': 500, 'difference': 2, 'noise': 0, 'n': 12, 'alpha': 0.5, 'shap_error': 0.029730697339013495, 'shap_norm_sq': 3.000000000000004, 'weighted_error': 1.0019529195612358, 'gamma': 0.9999999999999984}
{'sample_size': 500, 'difference': 2, 'noise': 0, 'n': 12, 'alpha': 0.6, 'shap_error': 0.048260028335570526, 'shap_norm_sq': 1.920000000000003, 'weighted_error': 1.002158778025686, 'gamma': 2.249999999999996}
{'sample_size': 500, 'difference': 2, 'noise': 0, 'n': 12, 'alpha': 0.7, 'shap_error': 0.08373357128019686, 'shap_norm_sq': 1.0800000000000078, 'weighted_error': 1.0012072999403538, 'gamma': 5.444444444444405}
{'sample_size': 500, 'difference': 2, 'noise': 0, 'n': 12, 'alpha': 0.8, 'shap_error': 0.21263037822064695, 'shap_norm_sq': 0.4800000000000006, 'weighted_error': 1.0024387041943459, 'gamma': 15.99999999999999}
{'sample_size': 500, 'difference': 2, 'noise': 0, 'n': 12, 'alpha': 0.2, 'shap_error': 0.01095278537627936, 'shap_norm_sq': 7.680000000000017, 'weighted_error': 1.0016334549093568, 'gamma': 0.06249999999999987}
{'sample_size': 500, 'difference': 2, 'noise': 0, 'n': 12, 'alpha': 0.3, 'shap_error': 0.014469585348258216, 'shap_norm_sq': 5.880000000000017, 'weighted_error': 1.001618359735578, 'gamma': 0.1836734693877546}
{'sample_size': 500, 'difference': 2, 'noise': 0, 'n': 12, 'alpha': 0.4, 'shap_error': 0.019651100543505627, 'shap_norm_sq': 4.319999999999995, 'weighted_error': 1.0008121984451093, 'gamma': 0.4444444444444451}
{'sample_size': 500, 'difference': 2, 'noise': 0, 'n': 12, 'alpha': 0.5, 'shap_error': 0.02895940658504093, 'shap_norm_sq': 3.000000000000004, 'weighted_error': 1.0011816288072626, 'gamma': 0.9999999999999984}
{'sample_size': 500, 'difference': 2, 'noise': 0, 'n': 12, 'alpha': 0.6, 'shap_error': 0.0449715856011499, 'shap_norm_sq': 1.920000000000003, 'weighted_error': 1.0006972479214988, 'gamma': 2.249999999999996}
{'sample_size': 500, 'difference': 2, 'noise': 0, 'n': 12, 'alpha': 0.7, 'shap_error': 0.09903108426285612, 'shap_norm_sq': 1.0800000000000078, 'weighted_error': 1.0040170472228833, 'gamma': 5.444444444444405}
{'sample_size': 500, 'difference': 2, 'noise': 0, 'n': 12, 'alpha': 0.8, 'shap_error': 0.20212362789419544, 'shap_norm_sq': 0.4800000000000006, 'weighted_error': 1.0017820322989426, 'gamma': 15.99999999999999}
{'sample_size': 500, 'difference': 2, 'noise': 0, 'n': 12, 'alpha': 0.2, 'shap_error': 0.010953825815524633, 'shap_norm_sq': 7.680000000000017, 'weighted_error': 1.0016501019372814, 'gamma': 0.06249999999999987}
{'sample_size': 500, 'difference': 2, 'noise': 0, 'n': 12, 'alpha': 0.3, 'shap_error': 0.014274814905015462, 'shap_norm_sq': 5.880000000000017, 'weighted_error': 1.0005579428779232, 'gamma': 0.1836734693877546}
{'sample_size': 500, 'difference': 2, 'noise': 0, 'n': 12, 'alpha': 0.4, 'shap_error': 0.019904189661866037, 'shap_norm_sq': 4.319999999999995, 'weighted_error': 1.0013816489614205, 'gamma': 0.4444444444444451}
{'sample_size': 500, 'difference': 2, 'noise': 0, 'n': 12, 'alpha': 0.5, 'shap_error': 0.030816156589034766, 'shap_norm_sq': 3.000000000000004, 'weighted_error': 1.0030383788112567, 'gamma': 0.9999999999999984}
{'sample_size': 500, 'difference': 2, 'noise': 0, 'n': 12, 'alpha': 0.6, 'shap_error': 0.04653419022849843, 'shap_norm_sq': 1.920000000000003, 'weighted_error': 1.0013917388669868, 'gamma': 2.249999999999996}
{'sample_size': 500, 'difference': 2, 'noise': 0, 'n': 12, 'alpha': 0.7, 'shap_error': 0.08065504773584685, 'shap_norm_sq': 1.0800000000000078, 'weighted_error': 1.0006418568403708, 'gamma': 5.444444444444405}
{'sample_size': 500, 'difference': 2, 'noise': 0, 'n': 12, 'alpha': 0.8, 'shap_error': 0.19188468210291343, 'shap_norm_sq': 0.4800000000000006, 'weighted_error': 1.0011420981869874, 'gamma': 15.99999999999999}
{'sample_size': 500, 'difference': 2, 'noise': 0, 'n': 12, 'alpha': 0.2, 'shap_error': 0.011047453511341116, 'shap_norm_sq': 7.680000000000017, 'weighted_error': 1.0031481450703452, 'gamma': 0.06249999999999987}
{'sample_size': 500, 'difference': 2, 'noise': 0, 'n': 12, 'alpha': 0.3, 'shap_error': 0.014521215715341176, 'shap_norm_sq': 5.880000000000017, 'weighted_error': 1.0018994584008074, 'gamma': 0.1836734693877546}
{'sample_size': 500, 'difference': 2, 'noise': 0, 'n': 12, 'alpha': 0.4, 'shap_error': 0.02026819144627202, 'shap_norm_sq': 4.319999999999995, 'weighted_error': 1.0022006529763334, 'gamma': 0.4444444444444451}
{'sample_size': 500, 'difference': 2, 'noise': 0, 'n': 12, 'alpha': 0.5, 'shap_error': 0.029417919333127974, 'shap_norm_sq': 3.000000000000004, 'weighted_error': 1.00164014155535, 'gamma': 0.9999999999999984}
{'sample_size': 500, 'difference': 2, 'noise': 0, 'n': 12, 'alpha': 0.6, 'shap_error': 0.04642895497615446, 'shap_norm_sq': 1.920000000000003, 'weighted_error': 1.0013449676437232, 'gamma': 2.249999999999996}
{'sample_size': 500, 'difference': 2, 'noise': 0, 'n': 12, 'alpha': 0.7, 'shap_error': 0.08661229766925829, 'shap_norm_sq': 1.0800000000000078, 'weighted_error': 1.0017360456036506, 'gamma': 5.444444444444405}
{'sample_size': 500, 'difference': 2, 'noise': 0, 'n': 12, 'alpha': 0.8, 'shap_error': 0.2097348155292714, 'shap_norm_sq': 0.4800000000000006, 'weighted_error': 1.002257731526135, 'gamma': 15.99999999999999}
{'sample_size': 500, 'difference': 2, 'noise': 0, 'n': 12, 'alpha': 0.2, 'shap_error': 0.011030089456952094, 'shap_norm_sq': 7.680000000000017, 'weighted_error': 1.0028703202001206, 'gamma': 0.06249999999999987}
{'sample_size': 500, 'difference': 2, 'noise': 0, 'n': 12, 'alpha': 0.3, 'shap_error': 0.014607265055353187, 'shap_norm_sq': 5.880000000000017, 'weighted_error': 1.0023679492519841, 'gamma': 0.1836734693877546}
{'sample_size': 500, 'difference': 2, 'noise': 0, 'n': 12, 'alpha': 0.4, 'shap_error': 0.01975221509902444, 'shap_norm_sq': 4.319999999999995, 'weighted_error': 1.0010397061950265, 'gamma': 0.4444444444444451}
{'sample_size': 500, 'difference': 2, 'noise': 0, 'n': 12, 'alpha': 0.5, 'shap_error': 0.028914079268217534, 'shap_norm_sq': 3.000000000000004, 'weighted_error': 1.0011363014904398, 'gamma': 0.9999999999999984}
{'sample_size': 500, 'difference': 2, 'noise': 0, 'n': 12, 'alpha': 0.6, 'shap_error': 0.04778179574752519, 'shap_norm_sq': 1.920000000000003, 'weighted_error': 1.0019462302087765, 'gamma': 2.249999999999996}
{'sample_size': 500, 'difference': 2, 'noise': 0, 'n': 12, 'alpha': 0.7, 'shap_error': 0.08511296178915717, 'shap_norm_sq': 1.0800000000000078, 'weighted_error': 1.0014606573807745, 'gamma': 5.444444444444405}
{'sample_size': 500, 'difference': 2, 'noise': 0, 'n': 12, 'alpha': 0.8, 'shap_error': 0.2005207347397242, 'shap_norm_sq': 0.4800000000000006, 'weighted_error': 1.0016818514767882, 'gamma': 15.99999999999999}
{'sample_size': 500, 'difference': 2, 'noise': 0, 'n': 12, 'alpha': 0.2, 'shap_error': 0.011005026498164289, 'shap_norm_sq': 7.680000000000017, 'weighted_error': 1.0024693128595157, 'gamma': 0.06249999999999987}
{'sample_size': 500, 'difference': 2, 'noise': 0, 'n': 12, 'alpha': 0.3, 'shap_error': 0.0148103451958602, 'shap_norm_sq': 5.880000000000017, 'weighted_error': 1.003473607794745, 'gamma': 0.1836734693877546}
{'sample_size': 500, 'difference': 2, 'noise': 0, 'n': 12, 'alpha': 0.4, 'shap_error': 0.020106221202579957, 'shap_norm_sq': 4.319999999999995, 'weighted_error': 1.001836219928027, 'gamma': 0.4444444444444451}
{'sample_size': 500, 'difference': 2, 'noise': 0, 'n': 12, 'alpha': 0.5, 'shap_error': 0.02905430252210638, 'shap_norm_sq': 3.000000000000004, 'weighted_error': 1.0012765247443287, 'gamma': 0.9999999999999984}
{'sample_size': 500, 'difference': 2, 'noise': 0, 'n': 12, 'alpha': 0.6, 'shap_error': 0.048844248063925344, 'shap_norm_sq': 1.920000000000003, 'weighted_error': 1.0024184312382878, 'gamma': 2.249999999999996}
{'sample_size': 500, 'difference': 2, 'noise': 0, 'n': 12, 'alpha': 0.7, 'shap_error': 0.08635021989200678, 'shap_norm_sq': 1.0800000000000078, 'weighted_error': 1.0016879088690533, 'gamma': 5.444444444444405}
{'sample_size': 500, 'difference': 2, 'noise': 0, 'n': 12, 'alpha': 0.8, 'shap_error': 0.18747723813607436, 'shap_norm_sq': 0.4800000000000006, 'weighted_error': 1.0008666329390603, 'gamma': 15.99999999999999}
{'sample_size': 500, 'difference': 2, 'noise': 0, 'n': 12, 'alpha': 0.2, 'shap_error': 0.010898207243868871, 'shap_norm_sq': 7.680000000000017, 'weighted_error': 1.000760204790789, 'gamma': 0.06249999999999987}
{'sample_size': 500, 'difference': 2, 'noise': 0, 'n': 12, 'alpha': 0.3, 'shap_error': 0.014394198523401687, 'shap_norm_sq': 5.880000000000017, 'weighted_error': 1.001207920355804, 'gamma': 0.1836734693877546}
{'sample_size': 500, 'difference': 2, 'noise': 0, 'n': 12, 'alpha': 0.4, 'shap_error': 0.020843104024421362, 'shap_norm_sq': 4.319999999999995, 'weighted_error': 1.0034942062771695, 'gamma': 0.4444444444444451}
{'sample_size': 500, 'difference': 2, 'noise': 0, 'n': 12, 'alpha': 0.5, 'shap_error': 0.032075229244497565, 'shap_norm_sq': 3.000000000000004, 'weighted_error': 1.0042974514667196, 'gamma': 0.9999999999999984}
{'sample_size': 500, 'difference': 2, 'noise': 0, 'n': 12, 'alpha': 0.6, 'shap_error': 0.04665135214839587, 'shap_norm_sq': 1.920000000000003, 'weighted_error': 1.001443810831386, 'gamma': 2.249999999999996}
{'sample_size': 500, 'difference': 2, 'noise': 0, 'n': 12, 'alpha': 0.7, 'shap_error': 0.08754211653381522, 'shap_norm_sq': 1.0800000000000078, 'weighted_error': 1.0019068286604058, 'gamma': 5.444444444444405}
{'sample_size': 500, 'difference': 2, 'noise': 0, 'n': 12, 'alpha': 0.8, 'shap_error': 0.19632047602088779, 'shap_norm_sq': 0.4800000000000006, 'weighted_error': 1.0014193353068606, 'gamma': 15.99999999999999}
{'sample_size': 500, 'difference': 2, 'noise': 0, 'n': 12, 'alpha': 0.2, 'shap_error': 0.010982731145540695, 'shap_norm_sq': 7.680000000000017, 'weighted_error': 1.002112587217538, 'gamma': 0.06249999999999987}
{'sample_size': 500, 'difference': 2, 'noise': 0, 'n': 12, 'alpha': 0.3, 'shap_error': 0.014380779673392827, 'shap_norm_sq': 5.880000000000017, 'weighted_error': 1.0011348621724223, 'gamma': 0.1836734693877546}
{'sample_size': 500, 'difference': 2, 'noise': 0, 'n': 12, 'alpha': 0.4, 'shap_error': 0.019637424697197883, 'shap_norm_sq': 4.319999999999995, 'weighted_error': 1.000781427790917, 'gamma': 0.4444444444444451}
{'sample_size': 500, 'difference': 2, 'noise': 0, 'n': 12, 'alpha': 0.5, 'shap_error': 0.028630288788724575, 'shap_norm_sq': 3.000000000000004, 'weighted_error': 1.0008525110109465, 'gamma': 0.9999999999999984}
{'sample_size': 500, 'difference': 2, 'noise': 0, 'n': 12, 'alpha': 0.6, 'shap_error': 0.04902810714440897, 'shap_norm_sq': 1.920000000000003, 'weighted_error': 1.0025001463851697, 'gamma': 2.249999999999996}
{'sample_size': 500, 'difference': 2, 'noise': 0, 'n': 12, 'alpha': 0.7, 'shap_error': 0.09466762475104, 'shap_norm_sq': 1.0800000000000078, 'weighted_error': 1.0032155954758146, 'gamma': 5.444444444444405}
{'sample_size': 500, 'difference': 2, 'noise': 0, 'n': 12, 'alpha': 0.8, 'shap_error': 0.23421164582593834, 'shap_norm_sq': 0.4800000000000006, 'weighted_error': 1.0037875334196766, 'gamma': 15.99999999999999}
{'sample_size': 500, 'difference': 2, 'noise': 0, 'n': 12, 'alpha': 0.2, 'shap_error': 0.010933545122977369, 'shap_norm_sq': 7.680000000000017, 'weighted_error': 1.001325610856525, 'gamma': 0.06249999999999987}
{'sample_size': 500, 'difference': 2, 'noise': 0, 'n': 12, 'alpha': 0.3, 'shap_error': 0.01458492404437025, 'shap_norm_sq': 5.880000000000017, 'weighted_error': 1.0022463148588545, 'gamma': 0.1836734693877546}
{'sample_size': 500, 'difference': 2, 'noise': 0, 'n': 12, 'alpha': 0.4, 'shap_error': 0.020233467907148143, 'shap_norm_sq': 4.319999999999995, 'weighted_error': 1.002122525013305, 'gamma': 0.4444444444444451}
{'sample_size': 500, 'difference': 2, 'noise': 0, 'n': 12, 'alpha': 0.5, 'shap_error': 0.02835407746840206, 'shap_norm_sq': 3.000000000000004, 'weighted_error': 1.0005762996906236, 'gamma': 0.9999999999999984}
{'sample_size': 500, 'difference': 2, 'noise': 0, 'n': 12, 'alpha': 0.6, 'shap_error': 0.04461602645852575, 'shap_norm_sq': 1.920000000000003, 'weighted_error': 1.0005392216358882, 'gamma': 2.249999999999996}
{'sample_size': 500, 'difference': 2, 'noise': 0, 'n': 12, 'alpha': 0.7, 'shap_error': 0.08609937048847818, 'shap_norm_sq': 1.0800000000000078, 'weighted_error': 1.001641834488814, 'gamma': 5.444444444444405}
{'sample_size': 500, 'difference': 2, 'noise': 0, 'n': 12, 'alpha': 0.8, 'shap_error': 0.20261542446279815, 'shap_norm_sq': 0.4800000000000006, 'weighted_error': 1.0018127695844803, 'gamma': 15.99999999999999}
{'sample_size': 500, 'difference': 2, 'noise': 0, 'n': 12, 'alpha': 0.2, 'shap_error': 0.010954874150076696, 'shap_norm_sq': 7.680000000000017, 'weighted_error': 1.0016668752901141, 'gamma': 0.06249999999999987}
{'sample_size': 500, 'difference': 2, 'noise': 0, 'n': 12, 'alpha': 0.3, 'shap_error': 0.014363670131078492, 'shap_norm_sq': 5.880000000000017, 'weighted_error': 1.0010417102198221, 'gamma': 0.1836734693877546}
{'sample_size': 500, 'difference': 2, 'noise': 0, 'n': 12, 'alpha': 0.4, 'shap_error': 0.02009777137742408, 'shap_norm_sq': 4.319999999999995, 'weighted_error': 1.0018172078214262, 'gamma': 0.4444444444444451}
{'sample_size': 500, 'difference': 2, 'noise': 0, 'n': 12, 'alpha': 0.5, 'shap_error': 0.029005305786355857, 'shap_norm_sq': 3.000000000000004, 'weighted_error': 1.0012275280085776, 'gamma': 0.9999999999999984}
{'sample_size': 500, 'difference': 2, 'noise': 0, 'n': 12, 'alpha': 0.6, 'shap_error': 0.04662029767235269, 'shap_norm_sq': 1.920000000000003, 'weighted_error': 1.0014300088420334, 'gamma': 2.249999999999996}
{'sample_size': 500, 'difference': 2, 'noise': 0, 'n': 12, 'alpha': 0.7, 'shap_error': 0.08871265426129454, 'shap_norm_sq': 1.0800000000000078, 'weighted_error': 1.0021218253858613, 'gamma': 5.444444444444405}
{'sample_size': 500, 'difference': 2, 'noise': 0, 'n': 12, 'alpha': 0.8, 'shap_error': 0.193748608632417, 'shap_norm_sq': 0.4800000000000006, 'weighted_error': 1.0012585935950813, 'gamma': 15.99999999999999}
{'sample_size': 500, 'difference': 2, 'noise': 0, 'n': 12, 'alpha': 0.2, 'shap_error': 0.010982435620355314, 'shap_norm_sq': 7.680000000000017, 'weighted_error': 1.0021078588145715, 'gamma': 0.06249999999999987}
{'sample_size': 500, 'difference': 2, 'noise': 0, 'n': 12, 'alpha': 0.3, 'shap_error': 0.014425660859801763, 'shap_norm_sq': 5.880000000000017, 'weighted_error': 1.0013792152984267, 'gamma': 0.1836734693877546}
{'sample_size': 500, 'difference': 2, 'noise': 0, 'n': 12, 'alpha': 0.4, 'shap_error': 0.020793744826857086, 'shap_norm_sq': 4.319999999999995, 'weighted_error': 1.00338314808265, 'gamma': 0.4444444444444451}
{'sample_size': 500, 'difference': 2, 'noise': 0, 'n': 12, 'alpha': 0.5, 'shap_error': 0.029089901955793147, 'shap_norm_sq': 3.000000000000004, 'weighted_error': 1.0013121241780156, 'gamma': 0.9999999999999984}
{'sample_size': 500, 'difference': 2, 'noise': 0, 'n': 12, 'alpha': 0.6, 'shap_error': 0.047472161512918505, 'shap_norm_sq': 1.920000000000003, 'weighted_error': 1.001808614993396, 'gamma': 2.249999999999996}
{'sample_size': 500, 'difference': 2, 'noise': 0, 'n': 12, 'alpha': 0.7, 'shap_error': 0.08571093808479278, 'shap_norm_sq': 1.0800000000000078, 'weighted_error': 1.001570489761606, 'gamma': 5.444444444444405}
{'sample_size': 500, 'difference': 2, 'noise': 0, 'n': 12, 'alpha': 0.8, 'shap_error': 0.19274616950968512, 'shap_norm_sq': 0.4800000000000006, 'weighted_error': 1.0011959411499107, 'gamma': 15.99999999999999}
{'sample_size': 500, 'difference': 2, 'noise': 0, 'n': 12, 'alpha': 0.2, 'shap_error': 0.010957980278422697, 'shap_norm_sq': 7.680000000000017, 'weighted_error': 1.0017165733436506, 'gamma': 0.06249999999999987}
{'sample_size': 500, 'difference': 2, 'noise': 0, 'n': 12, 'alpha': 0.3, 'shap_error': 0.014526712214564592, 'shap_norm_sq': 5.880000000000017, 'weighted_error': 1.0019293837854686, 'gamma': 0.1836734693877546}
{'sample_size': 500, 'difference': 2, 'noise': 0, 'n': 12, 'alpha': 0.4, 'shap_error': 0.01992635262034777, 'shap_norm_sq': 4.319999999999995, 'weighted_error': 1.0014315156180043, 'gamma': 0.4444444444444451}
{'sample_size': 500, 'difference': 2, 'noise': 0, 'n': 12, 'alpha': 0.5, 'shap_error': 0.03013815406007243, 'shap_norm_sq': 3.000000000000004, 'weighted_error': 1.0023603762822941, 'gamma': 0.9999999999999984}
{'sample_size': 500, 'difference': 2, 'noise': 0, 'n': 12, 'alpha': 0.6, 'shap_error': 0.04809279031307883, 'shap_norm_sq': 1.920000000000003, 'weighted_error': 1.0020844500156894, 'gamma': 2.249999999999996}
{'sample_size': 500, 'difference': 2, 'noise': 0, 'n': 12, 'alpha': 0.7, 'shap_error': 0.08426865817247693, 'shap_norm_sq': 1.0800000000000078, 'weighted_error': 1.0013055812062825, 'gamma': 5.444444444444405}
{'sample_size': 500, 'difference': 2, 'noise': 0, 'n': 12, 'alpha': 0.8, 'shap_error': 0.19829245157824962, 'shap_norm_sq': 0.4800000000000006, 'weighted_error': 1.0015425837791965, 'gamma': 15.99999999999999}
{'sample_size': 500, 'difference': 2, 'noise': 0, 'n': 12, 'alpha': 0.2, 'shap_error': 0.010994717575525562, 'shap_norm_sq': 7.680000000000017, 'weighted_error': 1.0023043700972964, 'gamma': 0.06249999999999987}
{'sample_size': 500, 'difference': 2, 'noise': 0, 'n': 12, 'alpha': 0.3, 'shap_error': 0.014435322821187643, 'shap_norm_sq': 5.880000000000017, 'weighted_error': 1.001431819310416, 'gamma': 0.1836734693877546}
{'sample_size': 500, 'difference': 2, 'noise': 0, 'n': 12, 'alpha': 0.4, 'shap_error': 0.020303003381271636, 'shap_norm_sq': 4.319999999999995, 'weighted_error': 1.002278979830083, 'gamma': 0.4444444444444451}
{'sample_size': 500, 'difference': 2, 'noise': 0, 'n': 12, 'alpha': 0.5, 'shap_error': 0.029342756842881495, 'shap_norm_sq': 3.000000000000004, 'weighted_error': 1.001564979065104, 'gamma': 0.9999999999999984}
{'sample_size': 500, 'difference': 2, 'noise': 0, 'n': 12, 'alpha': 0.6, 'shap_error': 0.04678930628945521, 'shap_norm_sq': 1.920000000000003, 'weighted_error': 1.0015051237829677, 'gamma': 2.249999999999996}
{'sample_size': 500, 'difference': 2, 'noise': 0, 'n': 12, 'alpha': 0.7, 'shap_error': 0.08349315346148439, 'shap_norm_sq': 1.0800000000000078, 'weighted_error': 1.0011631415654882, 'gamma': 5.444444444444405}
{'sample_size': 500, 'difference': 2, 'noise': 0, 'n': 12, 'alpha': 0.8, 'shap_error': 0.19320823425254757, 'shap_norm_sq': 0.4800000000000006, 'weighted_error': 1.0012248201963394, 'gamma': 15.99999999999999}
{'sample_size': 500, 'difference': 2, 'noise': 0, 'n': 12, 'alpha': 0.2, 'shap_error': 0.010952916036490741, 'shap_norm_sq': 7.680000000000017, 'weighted_error': 1.0016355454727386, 'gamma': 0.06249999999999987}
{'sample_size': 500, 'difference': 2, 'noise': 0, 'n': 12, 'alpha': 0.3, 'shap_error': 0.014780755684381811, 'shap_norm_sq': 5.880000000000017, 'weighted_error': 1.0033125093433624, 'gamma': 0.1836734693877546}
{'sample_size': 500, 'difference': 2, 'noise': 0, 'n': 12, 'alpha': 0.4, 'shap_error': 0.01986964614659231, 'shap_norm_sq': 4.319999999999995, 'weighted_error': 1.0013039260520544, 'gamma': 0.4444444444444451}
{'sample_size': 500, 'difference': 2, 'noise': 0, 'n': 12, 'alpha': 0.5, 'shap_error': 0.028793842745103358, 'shap_norm_sq': 3.000000000000004, 'weighted_error': 1.0010160649673254, 'gamma': 0.9999999999999984}
{'sample_size': 500, 'difference': 2, 'noise': 0, 'n': 12, 'alpha': 0.6, 'shap_error': 0.04548516887728742, 'shap_norm_sq': 1.920000000000003, 'weighted_error': 1.0009255071553378, 'gamma': 2.249999999999996}
{'sample_size': 500, 'difference': 2, 'noise': 0, 'n': 12, 'alpha': 0.7, 'shap_error': 0.08480424152620333, 'shap_norm_sq': 1.0800000000000078, 'weighted_error': 1.0014039536590085, 'gamma': 5.444444444444405}
{'sample_size': 500, 'difference': 2, 'noise': 0, 'n': 12, 'alpha': 0.8, 'shap_error': 0.1927524172196342, 'shap_norm_sq': 0.4800000000000006, 'weighted_error': 1.001196331631783, 'gamma': 15.99999999999999}
{'sample_size': 500, 'difference': 2, 'noise': 0, 'n': 12, 'alpha': 0.2, 'shap_error': 0.01093530181564602, 'shap_norm_sq': 7.680000000000017, 'weighted_error': 1.0013537179392236, 'gamma': 0.06249999999999987}
{'sample_size': 500, 'difference': 2, 'noise': 0, 'n': 12, 'alpha': 0.3, 'shap_error': 0.014779544499058272, 'shap_norm_sq': 5.880000000000017, 'weighted_error': 1.0033059151121564, 'gamma': 0.1836734693877546}
{'sample_size': 500, 'difference': 2, 'noise': 0, 'n': 12, 'alpha': 0.4, 'shap_error': 0.020037990337333344, 'shap_norm_sq': 4.319999999999995, 'weighted_error': 1.001682700481222, 'gamma': 0.4444444444444451}
{'sample_size': 500, 'difference': 2, 'noise': 0, 'n': 12, 'alpha': 0.5, 'shap_error': 0.029683956293086514, 'shap_norm_sq': 3.000000000000004, 'weighted_error': 1.0019061785153085, 'gamma': 0.9999999999999984}
{'sample_size': 500, 'difference': 2, 'noise': 0, 'n': 12, 'alpha': 0.6, 'shap_error': 0.04521207708788206, 'shap_norm_sq': 1.920000000000003, 'weighted_error': 1.000804133026713, 'gamma': 2.249999999999996}
{'sample_size': 500, 'difference': 2, 'noise': 0, 'n': 12, 'alpha': 0.7, 'shap_error': 0.08204602011545882, 'shap_norm_sq': 1.0800000000000078, 'weighted_error': 1.0008973415631568, 'gamma': 5.444444444444405}
{'sample_size': 500, 'difference': 2, 'noise': 0, 'n': 12, 'alpha': 0.8, 'shap_error': 0.20017210206596406, 'shap_norm_sq': 0.4800000000000006, 'weighted_error': 1.001660061934678, 'gamma': 15.99999999999999}
{'sample_size': 500, 'difference': 2, 'noise': 0, 'n': 12, 'alpha': 0.2, 'shap_error': 0.010913298045023868, 'shap_norm_sq': 7.680000000000017, 'weighted_error': 1.0010016576092693, 'gamma': 0.06249999999999987}
{'sample_size': 500, 'difference': 2, 'noise': 0, 'n': 12, 'alpha': 0.3, 'shap_error': 0.014522272474122614, 'shap_norm_sq': 5.880000000000017, 'weighted_error': 1.0019052118652843, 'gamma': 0.1836734693877546}
{'sample_size': 500, 'difference': 2, 'noise': 0, 'n': 12, 'alpha': 0.4, 'shap_error': 0.019684192333928728, 'shap_norm_sq': 4.319999999999995, 'weighted_error': 1.0008866549735616, 'gamma': 0.4444444444444451}
{'sample_size': 500, 'difference': 2, 'noise': 0, 'n': 12, 'alpha': 0.5, 'shap_error': 0.029660970307788016, 'shap_norm_sq': 3.000000000000004, 'weighted_error': 1.00188319253001, 'gamma': 0.9999999999999984}
{'sample_size': 500, 'difference': 2, 'noise': 0, 'n': 12, 'alpha': 0.6, 'shap_error': 0.04953274826730714, 'shap_norm_sq': 1.920000000000003, 'weighted_error': 1.0027244313286794, 'gamma': 2.249999999999996}
{'sample_size': 500, 'difference': 2, 'noise': 0, 'n': 12, 'alpha': 0.7, 'shap_error': 0.0851926975391195, 'shap_norm_sq': 1.0800000000000078, 'weighted_error': 1.001475302722605, 'gamma': 5.444444444444405}
{'sample_size': 500, 'difference': 2, 'noise': 0, 'n': 12, 'alpha': 0.8, 'shap_error': 0.1834522588653455, 'shap_norm_sq': 0.4800000000000006, 'weighted_error': 1.0006150717346396, 'gamma': 15.99999999999999}
{'sample_size': 500, 'difference': 2, 'noise': 0, 'n': 12, 'alpha': 0.2, 'shap_error': 0.010941535024087075, 'shap_norm_sq': 7.680000000000017, 'weighted_error': 1.0014534492742804, 'gamma': 0.06249999999999987}
{'sample_size': 500, 'difference': 2, 'noise': 0, 'n': 12, 'alpha': 0.3, 'shap_error': 0.014310632612295555, 'shap_norm_sq': 5.880000000000017, 'weighted_error': 1.0007529503953372, 'gamma': 0.1836734693877546}
{'sample_size': 500, 'difference': 2, 'noise': 0, 'n': 12, 'alpha': 0.4, 'shap_error': 0.020299565254694733, 'shap_norm_sq': 4.319999999999995, 'weighted_error': 1.002271244045285, 'gamma': 0.4444444444444451}
{'sample_size': 500, 'difference': 2, 'noise': 0, 'n': 12, 'alpha': 0.5, 'shap_error': 0.03004533912344449, 'shap_norm_sq': 3.000000000000004, 'weighted_error': 1.0022675613456669, 'gamma': 0.9999999999999984}
{'sample_size': 500, 'difference': 2, 'noise': 0, 'n': 12, 'alpha': 0.6, 'shap_error': 0.045278039344584305, 'shap_norm_sq': 1.920000000000003, 'weighted_error': 1.0008334495852473, 'gamma': 2.249999999999996}
{'sample_size': 500, 'difference': 2, 'noise': 0, 'n': 12, 'alpha': 0.7, 'shap_error': 0.08202055446463132, 'shap_norm_sq': 1.0800000000000078, 'weighted_error': 1.0008926641987193, 'gamma': 5.444444444444405}
{'sample_size': 500, 'difference': 2, 'noise': 0, 'n': 12, 'alpha': 0.8, 'shap_error': 0.1770679398161456, 'shap_norm_sq': 0.4800000000000006, 'weighted_error': 1.0002160517940644, 'gamma': 15.99999999999999}
{'sample_size': 500, 'difference': 2, 'noise': 0, 'n': 12, 'alpha': 0.2, 'shap_error': 0.011009563324868618, 'shap_norm_sq': 7.680000000000017, 'weighted_error': 1.0025419020867847, 'gamma': 0.06249999999999987}
{'sample_size': 500, 'difference': 2, 'noise': 0, 'n': 12, 'alpha': 0.3, 'shap_error': 0.014456948282044357, 'shap_norm_sq': 5.880000000000017, 'weighted_error': 1.0015495579306362, 'gamma': 0.1836734693877546}
{'sample_size': 500, 'difference': 2, 'noise': 0, 'n': 12, 'alpha': 0.4, 'shap_error': 0.019696761416600844, 'shap_norm_sq': 4.319999999999995, 'weighted_error': 1.0009149354095734, 'gamma': 0.4444444444444451}
{'sample_size': 500, 'difference': 2, 'noise': 0, 'n': 12, 'alpha': 0.5, 'shap_error': 0.030333380770647494, 'shap_norm_sq': 3.000000000000004, 'weighted_error': 1.0025556029928695, 'gamma': 0.9999999999999984}
{'sample_size': 500, 'difference': 2, 'noise': 0, 'n': 12, 'alpha': 0.6, 'shap_error': 0.046783838483662285, 'shap_norm_sq': 1.920000000000003, 'weighted_error': 1.00150269364706, 'gamma': 2.249999999999996}
{'sample_size': 500, 'difference': 2, 'noise': 0, 'n': 12, 'alpha': 0.7, 'shap_error': 0.09534913129599809, 'shap_norm_sq': 1.0800000000000078, 'weighted_error': 1.0033407701473371, 'gamma': 5.444444444444405}
{'sample_size': 500, 'difference': 2, 'noise': 0, 'n': 12, 'alpha': 0.8, 'shap_error': 0.22723338019840877, 'shap_norm_sq': 0.4800000000000006, 'weighted_error': 1.0033513918179557, 'gamma': 15.99999999999999}
{'sample_size': 500, 'difference': 2, 'noise': 0, 'n': 12, 'alpha': 0.2, 'shap_error': 0.011010943749482954, 'shap_norm_sq': 7.680000000000017, 'weighted_error': 1.0025639888806146, 'gamma': 0.06249999999999987}
{'sample_size': 500, 'difference': 2, 'noise': 0, 'n': 12, 'alpha': 0.3, 'shap_error': 0.014618185923250536, 'shap_norm_sq': 5.880000000000017, 'weighted_error': 1.0024274073105361, 'gamma': 0.1836734693877546}
{'sample_size': 500, 'difference': 2, 'noise': 0, 'n': 12, 'alpha': 0.4, 'shap_error': 0.01964149830103786, 'shap_norm_sq': 4.319999999999995, 'weighted_error': 1.000790593399557, 'gamma': 0.4444444444444451}
{'sample_size': 500, 'difference': 2, 'noise': 0, 'n': 12, 'alpha': 0.5, 'shap_error': 0.02947294527081038, 'shap_norm_sq': 3.000000000000004, 'weighted_error': 1.0016951674930321, 'gamma': 0.9999999999999984}
{'sample_size': 500, 'difference': 2, 'noise': 0, 'n': 12, 'alpha': 0.6, 'shap_error': 0.04748067168647427, 'shap_norm_sq': 1.920000000000003, 'weighted_error': 1.001812397292754, 'gamma': 2.249999999999996}
{'sample_size': 500, 'difference': 2, 'noise': 0, 'n': 12, 'alpha': 0.7, 'shap_error': 0.0914215874259484, 'shap_norm_sq': 1.0800000000000078, 'weighted_error': 1.0026193845385534, 'gamma': 5.444444444444405}
{'sample_size': 500, 'difference': 2, 'noise': 0, 'n': 12, 'alpha': 0.8, 'shap_error': 0.19791812083838073, 'shap_norm_sq': 0.4800000000000006, 'weighted_error': 1.001519188107954, 'gamma': 15.99999999999999}
{'sample_size': 500, 'difference': 2, 'noise': 0, 'n': 12, 'alpha': 0.2, 'shap_error': 0.010921435504120133, 'shap_norm_sq': 7.680000000000017, 'weighted_error': 1.0011318569548087, 'gamma': 0.06249999999999987}
{'sample_size': 500, 'difference': 2, 'noise': 0, 'n': 12, 'alpha': 0.3, 'shap_error': 0.014551334591273052, 'shap_norm_sq': 5.880000000000017, 'weighted_error': 1.0020634389475478, 'gamma': 0.1836734693877546}
{'sample_size': 500, 'difference': 2, 'noise': 0, 'n': 12, 'alpha': 0.4, 'shap_error': 0.020259594055888015, 'shap_norm_sq': 4.319999999999995, 'weighted_error': 1.0021813088479699, 'gamma': 0.4444444444444451}
{'sample_size': 500, 'difference': 2, 'noise': 0, 'n': 12, 'alpha': 0.5, 'shap_error': 0.029988994278919264, 'shap_norm_sq': 3.000000000000004, 'weighted_error': 1.0022112165011408, 'gamma': 0.9999999999999984}
{'sample_size': 500, 'difference': 2, 'noise': 0, 'n': 12, 'alpha': 0.6, 'shap_error': 0.04918350276226844, 'shap_norm_sq': 1.920000000000003, 'weighted_error': 1.002569211104218, 'gamma': 2.249999999999996}
{'sample_size': 500, 'difference': 2, 'noise': 0, 'n': 12, 'alpha': 0.7, 'shap_error': 0.08882389796120525, 'shap_norm_sq': 1.0800000000000078, 'weighted_error': 1.0021422579021715, 'gamma': 5.444444444444405}
{'sample_size': 500, 'difference': 2, 'noise': 0, 'n': 12, 'alpha': 0.8, 'shap_error': 0.1936558230845697, 'shap_norm_sq': 0.4800000000000006, 'weighted_error': 1.0012527944983414, 'gamma': 15.99999999999999}
{'sample_size': 500, 'difference': 2, 'noise': 0, 'n': 12, 'alpha': 0.2, 'shap_error': 0.010937597435049759, 'shap_norm_sq': 7.680000000000017, 'weighted_error': 1.0013904478496833, 'gamma': 0.06249999999999987}
{'sample_size': 500, 'difference': 2, 'noise': 0, 'n': 12, 'alpha': 0.3, 'shap_error': 0.014349451465062519, 'shap_norm_sq': 5.880000000000017, 'weighted_error': 1.0009642974826238, 'gamma': 0.1836734693877546}
{'sample_size': 500, 'difference': 2, 'noise': 0, 'n': 12, 'alpha': 0.4, 'shap_error': 0.019631917940876393, 'shap_norm_sq': 4.319999999999995, 'weighted_error': 1.0007690375891936, 'gamma': 0.4444444444444451}
{'sample_size': 500, 'difference': 2, 'noise': 0, 'n': 12, 'alpha': 0.5, 'shap_error': 0.02964690883410417, 'shap_norm_sq': 3.000000000000004, 'weighted_error': 1.0018691310563266, 'gamma': 0.9999999999999984}
{'sample_size': 500, 'difference': 2, 'noise': 0, 'n': 12, 'alpha': 0.6, 'shap_error': 0.04690833872270325, 'shap_norm_sq': 1.920000000000003, 'weighted_error': 1.0015580270866338, 'gamma': 2.249999999999996}
{'sample_size': 500, 'difference': 2, 'noise': 0, 'n': 12, 'alpha': 0.7, 'shap_error': 0.08746744510677953, 'shap_norm_sq': 1.0800000000000078, 'weighted_error': 1.0018931135003382, 'gamma': 5.444444444444405}
{'sample_size': 500, 'difference': 2, 'noise': 0, 'n': 12, 'alpha': 0.8, 'shap_error': 0.20690102723791673, 'shap_norm_sq': 0.4800000000000006, 'weighted_error': 1.0020806197579253, 'gamma': 15.99999999999999}
{'sample_size': 500, 'difference': 2, 'noise': 0, 'n': 12, 'alpha': 0.2, 'shap_error': 0.010888298027804808, 'shap_norm_sq': 7.680000000000017, 'weighted_error': 1.000601657333764, 'gamma': 0.06249999999999987}
{'sample_size': 500, 'difference': 2, 'noise': 0, 'n': 12, 'alpha': 0.3, 'shap_error': 0.014318147643132344, 'shap_norm_sq': 5.880000000000017, 'weighted_error': 1.0007938655632265, 'gamma': 0.1836734693877546}
{'sample_size': 500, 'difference': 2, 'noise': 0, 'n': 12, 'alpha': 0.4, 'shap_error': 0.020532493331983155, 'shap_norm_sq': 4.319999999999995, 'weighted_error': 1.0027953322191836, 'gamma': 0.4444444444444451}
{'sample_size': 500, 'difference': 2, 'noise': 0, 'n': 12, 'alpha': 0.5, 'shap_error': 0.02950177494026451, 'shap_norm_sq': 3.000000000000004, 'weighted_error': 1.0017239971624865, 'gamma': 0.9999999999999984}
{'sample_size': 500, 'difference': 2, 'noise': 0, 'n': 12, 'alpha': 0.6, 'shap_error': 0.04662080147850719, 'shap_norm_sq': 1.920000000000003, 'weighted_error': 1.0014302327558802, 'gamma': 2.249999999999996}
{'sample_size': 500, 'difference': 2, 'noise': 0, 'n': 12, 'alpha': 0.7, 'shap_error': 0.08801807287403947, 'shap_norm_sq': 1.0800000000000078, 'weighted_error': 1.0019942492126923, 'gamma': 5.444444444444405}
{'sample_size': 500, 'difference': 2, 'noise': 0, 'n': 12, 'alpha': 0.8, 'shap_error': 0.20409788058975284, 'shap_norm_sq': 0.4800000000000006, 'weighted_error': 1.0019054230924154, 'gamma': 15.99999999999999}
{'sample_size': 500, 'difference': 2, 'noise': 0, 'n': 12, 'alpha': 0.2, 'shap_error': 0.01092930937614531, 'shap_norm_sq': 7.680000000000017, 'weighted_error': 1.0012578389072122, 'gamma': 0.06249999999999987}
{'sample_size': 500, 'difference': 2, 'noise': 0, 'n': 12, 'alpha': 0.3, 'shap_error': 0.014401807037801771, 'shap_norm_sq': 5.880000000000017, 'weighted_error': 1.0012493444897599, 'gamma': 0.1836734693877546}
{'sample_size': 500, 'difference': 2, 'noise': 0, 'n': 12, 'alpha': 0.4, 'shap_error': 0.019931716521110882, 'shap_norm_sq': 4.319999999999995, 'weighted_error': 1.0014435843947211, 'gamma': 0.4444444444444451}
{'sample_size': 500, 'difference': 2, 'noise': 0, 'n': 12, 'alpha': 0.5, 'shap_error': 0.029474769970398725, 'shap_norm_sq': 3.000000000000004, 'weighted_error': 1.0016969921926206, 'gamma': 0.9999999999999984}
{'sample_size': 500, 'difference': 2, 'noise': 0, 'n': 12, 'alpha': 0.6, 'shap_error': 0.04523729593199997, 'shap_norm_sq': 1.920000000000003, 'weighted_error': 1.0008153414018768, 'gamma': 2.249999999999996}
{'sample_size': 500, 'difference': 2, 'noise': 0, 'n': 12, 'alpha': 0.7, 'shap_error': 0.08768320915458443, 'shap_norm_sq': 1.0800000000000078, 'weighted_error': 1.0019327436315677, 'gamma': 5.444444444444405}
{'sample_size': 500, 'difference': 2, 'noise': 0, 'n': 12, 'alpha': 0.8, 'shap_error': 0.20620128922834935, 'shap_norm_sq': 0.4800000000000006, 'weighted_error': 1.0020368861323279, 'gamma': 15.99999999999999}
{'sample_size': 500, 'difference': 2, 'noise': 0, 'n': 12, 'alpha': 0.2, 'shap_error': 0.010997561393221325, 'shap_norm_sq': 7.680000000000017, 'weighted_error': 1.0023498711804282, 'gamma': 0.06249999999999987}
{'sample_size': 500, 'difference': 2, 'noise': 0, 'n': 12, 'alpha': 0.3, 'shap_error': 0.01462326242228167, 'shap_norm_sq': 5.880000000000017, 'weighted_error': 1.0024550460274835, 'gamma': 0.1836734693877546}
{'sample_size': 500, 'difference': 2, 'noise': 0, 'n': 12, 'alpha': 0.4, 'shap_error': 0.019650652332512817, 'shap_norm_sq': 4.319999999999995, 'weighted_error': 1.0008111899703753, 'gamma': 0.4444444444444451}
{'sample_size': 500, 'difference': 2, 'noise': 0, 'n': 12, 'alpha': 0.5, 'shap_error': 0.02937183091012415, 'shap_norm_sq': 3.000000000000004, 'weighted_error': 1.0015940531323462, 'gamma': 0.9999999999999984}
{'sample_size': 500, 'difference': 2, 'noise': 0, 'n': 12, 'alpha': 0.6, 'shap_error': 0.04655282929315691, 'shap_norm_sq': 1.920000000000003, 'weighted_error': 1.0014000228957243, 'gamma': 2.249999999999996}
{'sample_size': 500, 'difference': 2, 'noise': 0, 'n': 12, 'alpha': 0.7, 'shap_error': 0.08051405804354841, 'shap_norm_sq': 1.0800000000000078, 'weighted_error': 1.0006159607744385, 'gamma': 5.444444444444405}
{'sample_size': 500, 'difference': 2, 'noise': 0, 'n': 12, 'alpha': 0.8, 'shap_error': 0.19917885336089197, 'shap_norm_sq': 0.4800000000000006, 'weighted_error': 1.0015979838906106, 'gamma': 15.99999999999999}
{'sample_size': 500, 'difference': 2, 'noise': 0, 'n': 12, 'alpha': 0.2, 'shap_error': 0.011000044880482658, 'shap_norm_sq': 7.680000000000017, 'weighted_error': 1.0023896069766098, 'gamma': 0.06249999999999987}
{'sample_size': 500, 'difference': 2, 'noise': 0, 'n': 12, 'alpha': 0.3, 'shap_error': 0.014469876687599203, 'shap_norm_sq': 5.880000000000017, 'weighted_error': 1.0016199459164348, 'gamma': 0.1836734693877546}
{'sample_size': 500, 'difference': 2, 'noise': 0, 'n': 12, 'alpha': 0.4, 'shap_error': 0.020026078038703026, 'shap_norm_sq': 4.319999999999995, 'weighted_error': 1.001655897809304, 'gamma': 0.4444444444444451}
{'sample_size': 500, 'difference': 2, 'noise': 0, 'n': 12, 'alpha': 0.5, 'shap_error': 0.030354891776847755, 'shap_norm_sq': 3.000000000000004, 'weighted_error': 1.0025771139990698, 'gamma': 0.9999999999999984}
{'sample_size': 500, 'difference': 2, 'noise': 0, 'n': 12, 'alpha': 0.6, 'shap_error': 0.047803729020938254, 'shap_norm_sq': 1.920000000000003, 'weighted_error': 1.0019559783302936, 'gamma': 2.249999999999996}
{'sample_size': 500, 'difference': 2, 'noise': 0, 'n': 12, 'alpha': 0.7, 'shap_error': 0.08994452567945603, 'shap_norm_sq': 1.0800000000000078, 'weighted_error': 1.0023480874830744, 'gamma': 5.444444444444405}
{'sample_size': 500, 'difference': 2, 'noise': 0, 'n': 12, 'alpha': 0.8, 'shap_error': 0.19760686292101645, 'shap_norm_sq': 0.4800000000000006, 'weighted_error': 1.001499734488119, 'gamma': 15.99999999999999}
{'sample_size': 500, 'difference': 2, 'noise': 0, 'n': 12, 'alpha': 0.2, 'shap_error': 0.01100034451623102, 'shap_norm_sq': 7.680000000000017, 'weighted_error': 1.0023944011485832, 'gamma': 0.06249999999999987}
{'sample_size': 500, 'difference': 2, 'noise': 0, 'n': 12, 'alpha': 0.3, 'shap_error': 0.01441309550725563, 'shap_norm_sq': 5.880000000000017, 'weighted_error': 1.0013108039345642, 'gamma': 0.1836734693877546}
{'sample_size': 500, 'difference': 2, 'noise': 0, 'n': 12, 'alpha': 0.4, 'shap_error': 0.019758378531506995, 'shap_norm_sq': 4.319999999999995, 'weighted_error': 1.0010535739181123, 'gamma': 0.4444444444444451}
{'sample_size': 500, 'difference': 2, 'noise': 0, 'n': 12, 'alpha': 0.5, 'shap_error': 0.028456563592021273, 'shap_norm_sq': 3.000000000000004, 'weighted_error': 1.0006787858142434, 'gamma': 0.9999999999999984}
{'sample_size': 500, 'difference': 2, 'noise': 0, 'n': 12, 'alpha': 0.6, 'shap_error': 0.047848133109182026, 'shap_norm_sq': 1.920000000000003, 'weighted_error': 1.0019757134806244, 'gamma': 2.249999999999996}
{'sample_size': 500, 'difference': 2, 'noise': 0, 'n': 12, 'alpha': 0.7, 'shap_error': 0.09575775724222678, 'shap_norm_sq': 1.0800000000000078, 'weighted_error': 1.0034158238925635, 'gamma': 5.444444444444405}
{'sample_size': 500, 'difference': 2, 'noise': 0, 'n': 12, 'alpha': 0.8, 'shap_error': 0.2034061516241278, 'shap_norm_sq': 0.4800000000000006, 'weighted_error': 1.0018621900320637, 'gamma': 15.99999999999999}
{'sample_size': 500, 'difference': 2, 'noise': 0, 'n': 12, 'alpha': 0.2, 'shap_error': 0.011009166201444414, 'shap_norm_sq': 7.680000000000017, 'weighted_error': 1.0025355481119977, 'gamma': 0.06249999999999987}
{'sample_size': 500, 'difference': 2, 'noise': 0, 'n': 12, 'alpha': 0.3, 'shap_error': 0.014462368580525619, 'shap_norm_sq': 5.880000000000017, 'weighted_error': 1.0015790684445893, 'gamma': 0.1836734693877546}
{'sample_size': 500, 'difference': 2, 'noise': 0, 'n': 12, 'alpha': 0.4, 'shap_error': 0.02002684757047592, 'shap_norm_sq': 4.319999999999995, 'weighted_error': 1.0016576292557924, 'gamma': 0.4444444444444451}
{'sample_size': 500, 'difference': 2, 'noise': 0, 'n': 12, 'alpha': 0.5, 'shap_error': 0.030065801635271294, 'shap_norm_sq': 3.000000000000004, 'weighted_error': 1.002288023857493, 'gamma': 0.9999999999999984}
{'sample_size': 500, 'difference': 2, 'noise': 0, 'n': 12, 'alpha': 0.6, 'shap_error': 0.04595447439172491, 'shap_norm_sq': 1.920000000000003, 'weighted_error': 1.0011340873839765, 'gamma': 2.249999999999996}
{'sample_size': 500, 'difference': 2, 'noise': 0, 'n': 12, 'alpha': 0.7, 'shap_error': 0.08408574823539325, 'shap_norm_sq': 1.0800000000000078, 'weighted_error': 1.001271985503553, 'gamma': 5.444444444444405}
{'sample_size': 500, 'difference': 2, 'noise': 0, 'n': 12, 'alpha': 0.8, 'shap_error': 0.22526185818625116, 'shap_norm_sq': 0.4800000000000006, 'weighted_error': 1.0032281716921956, 'gamma': 15.99999999999999}
