{'sample_size': 500, 'difference': 0, 'noise': 0, 'n': 16, 'alpha': 0.2, 'shap_error': 0.0068623550488258675, 'shap_norm_sq': 10.239999999999993, 'weighted_error': 1.0121414307812102, 'gamma': 0.06250000000000003}
{'sample_size': 500, 'difference': 0, 'noise': 0, 'n': 16, 'alpha': 0.3, 'shap_error': 0.008870436728662731, 'shap_norm_sq': 7.84000000000001, 'weighted_error': 1.0048918221893852, 'gamma': 0.18367346938775472}
{'sample_size': 500, 'difference': 0, 'noise': 0, 'n': 16, 'alpha': 0.4, 'shap_error': 0.015525759755253922, 'shap_norm_sq': 5.760000000000002, 'weighted_error': 1.0105188969493204, 'gamma': 0.4444444444444443}
{'sample_size': 500, 'difference': 0, 'noise': 0, 'n': 16, 'alpha': 0.5, 'shap_error': 0.024858428420396924, 'shap_norm_sq': 3.999999999999991, 'weighted_error': 1.0092334284203965, 'gamma': 1.0000000000000018}
{'sample_size': 500, 'difference': 0, 'noise': 0, 'n': 16, 'alpha': 0.6, 'shap_error': 0.0422639494146196, 'shap_norm_sq': 2.5599999999999956, 'weighted_error': 1.0079332830731644, 'gamma': 2.2500000000000027}
{'sample_size': 500, 'difference': 0, 'noise': 0, 'n': 16, 'alpha': 0.7, 'shap_error': 0.1301470629664254, 'shap_norm_sq': 1.4400000000000075, 'weighted_error': 1.01593262381016, 'gamma': 5.444444444444414}
{'sample_size': 500, 'difference': 0, 'noise': 0, 'n': 16, 'alpha': 0.8, 'shap_error': 0.23122756277719406, 'shap_norm_sq': 0.640000000000003, 'weighted_error': 1.0083482070485748, 'gamma': 15.999999999999927}
{'sample_size': 500, 'difference': 0, 'noise': 0, 'n': 16, 'alpha': 0.2, 'shap_error': 0.006327785649735776, 'shap_norm_sq': 10.239999999999993, 'weighted_error': 1.003588320395769, 'gamma': 0.06250000000000003}
{'sample_size': 500, 'difference': 0, 'noise': 0, 'n': 16, 'alpha': 0.3, 'shap_error': 0.011111472830779274, 'shap_norm_sq': 7.84000000000001, 'weighted_error': 1.0170930187453533, 'gamma': 0.18367346938775472}
{'sample_size': 500, 'difference': 0, 'noise': 0, 'n': 16, 'alpha': 0.4, 'shap_error': 0.014057486474542951, 'shap_norm_sq': 5.760000000000002, 'weighted_error': 1.0072152820677214, 'gamma': 0.4444444444444443}
{'sample_size': 500, 'difference': 0, 'noise': 0, 'n': 16, 'alpha': 0.5, 'shap_error': 0.0308146084977394, 'shap_norm_sq': 3.999999999999991, 'weighted_error': 1.0151896084977388, 'gamma': 1.0000000000000018}
{'sample_size': 500, 'difference': 0, 'noise': 0, 'n': 16, 'alpha': 0.6, 'shap_error': 0.12336531574562372, 'shap_norm_sq': 2.5599999999999956, 'weighted_error': 1.0439783347758322, 'gamma': 2.2500000000000027}
{'sample_size': 500, 'difference': 0, 'noise': 0, 'n': 16, 'alpha': 0.7, 'shap_error': 0.13733743251608657, 'shap_norm_sq': 1.4400000000000075, 'weighted_error': 1.0172533039315266, 'gamma': 5.444444444444414}
{'sample_size': 500, 'difference': 0, 'noise': 0, 'n': 16, 'alpha': 0.8, 'shap_error': 0.2713234429660005, 'shap_norm_sq': 0.640000000000003, 'weighted_error': 1.0108541995603748, 'gamma': 15.999999999999927}
{'sample_size': 500, 'difference': 0, 'noise': 0, 'n': 16, 'alpha': 0.2, 'shap_error': 0.0066586148617913815, 'shap_norm_sq': 10.239999999999993, 'weighted_error': 1.0088815877886603, 'gamma': 0.06250000000000003}
{'sample_size': 500, 'difference': 0, 'noise': 0, 'n': 16, 'alpha': 0.3, 'shap_error': 0.010371633467505494, 'shap_norm_sq': 7.84000000000001, 'weighted_error': 1.0130650044341951, 'gamma': 0.18367346938775472}
{'sample_size': 500, 'difference': 0, 'noise': 0, 'n': 16, 'alpha': 0.4, 'shap_error': 0.01544026585538036, 'shap_norm_sq': 5.760000000000002, 'weighted_error': 1.0103265356746052, 'gamma': 0.4444444444444443}
{'sample_size': 500, 'difference': 0, 'noise': 0, 'n': 16, 'alpha': 0.5, 'shap_error': 0.029228549644882796, 'shap_norm_sq': 3.999999999999991, 'weighted_error': 1.0136035496448823, 'gamma': 1.0000000000000018}
{'sample_size': 500, 'difference': 0, 'noise': 0, 'n': 16, 'alpha': 0.6, 'shap_error': 0.049577228549711035, 'shap_norm_sq': 2.5599999999999956, 'weighted_error': 1.0111836293554268, 'gamma': 2.2500000000000027}
{'sample_size': 500, 'difference': 0, 'noise': 0, 'n': 16, 'alpha': 0.7, 'shap_error': 0.14313190935451586, 'shap_norm_sq': 1.4400000000000075, 'weighted_error': 1.018317595595727, 'gamma': 5.444444444444414}
{'sample_size': 500, 'difference': 0, 'noise': 0, 'n': 16, 'alpha': 0.8, 'shap_error': 0.2372255994691895, 'shap_norm_sq': 0.640000000000003, 'weighted_error': 1.0087230843418244, 'gamma': 15.999999999999927}
{'sample_size': 500, 'difference': 0, 'noise': 0, 'n': 16, 'alpha': 0.2, 'shap_error': 0.006421283756031759, 'shap_norm_sq': 10.239999999999993, 'weighted_error': 1.0050842900965051, 'gamma': 0.06250000000000003}
{'sample_size': 500, 'difference': 0, 'noise': 0, 'n': 16, 'alpha': 0.3, 'shap_error': 0.010451899691584292, 'shap_norm_sq': 7.84000000000001, 'weighted_error': 1.0135020094319578, 'gamma': 0.18367346938775472}
{'sample_size': 500, 'difference': 0, 'noise': 0, 'n': 16, 'alpha': 0.4, 'shap_error': 0.014610617252686555, 'shap_norm_sq': 5.760000000000002, 'weighted_error': 1.0084598263185438, 'gamma': 0.4444444444444443}
{'sample_size': 500, 'difference': 0, 'noise': 0, 'n': 16, 'alpha': 0.5, 'shap_error': 0.020590882802685766, 'shap_norm_sq': 3.999999999999991, 'weighted_error': 1.0049658828026855, 'gamma': 1.0000000000000018}
{'sample_size': 500, 'difference': 0, 'noise': 0, 'n': 16, 'alpha': 0.6, 'shap_error': 0.0888822413364331, 'shap_norm_sq': 2.5599999999999956, 'weighted_error': 1.0286525239273026, 'gamma': 2.2500000000000027}
{'sample_size': 500, 'difference': 0, 'noise': 0, 'n': 16, 'alpha': 0.7, 'shap_error': 0.17401510286367505, 'shap_norm_sq': 1.4400000000000075, 'weighted_error': 1.0239900188933282, 'gamma': 5.444444444444414}
{'sample_size': 500, 'difference': 0, 'noise': 0, 'n': 16, 'alpha': 0.8, 'shap_error': 0.20745889623029445, 'shap_norm_sq': 0.640000000000003, 'weighted_error': 1.006862665389393, 'gamma': 15.999999999999927}
{'sample_size': 500, 'difference': 0, 'noise': 0, 'n': 16, 'alpha': 0.2, 'shap_error': 0.007003559770443575, 'shap_norm_sq': 10.239999999999993, 'weighted_error': 1.0144007063270941, 'gamma': 0.06250000000000003}
{'sample_size': 500, 'difference': 0, 'noise': 0, 'n': 16, 'alpha': 0.3, 'shap_error': 0.01064463576655326, 'shap_norm_sq': 7.84000000000001, 'weighted_error': 1.0145513502845667, 'gamma': 0.18367346938775472}
{'sample_size': 500, 'difference': 0, 'noise': 0, 'n': 16, 'alpha': 0.4, 'shap_error': 0.01767033235193009, 'shap_norm_sq': 5.760000000000002, 'weighted_error': 1.0153441852918426, 'gamma': 0.4444444444444443}
{'sample_size': 500, 'difference': 0, 'noise': 0, 'n': 16, 'alpha': 0.5, 'shap_error': 0.040239669726973216, 'shap_norm_sq': 3.999999999999991, 'weighted_error': 1.0246146697269727, 'gamma': 1.0000000000000018}
{'sample_size': 500, 'difference': 0, 'noise': 0, 'n': 16, 'alpha': 0.6, 'shap_error': 0.041233968996278646, 'shap_norm_sq': 2.5599999999999956, 'weighted_error': 1.0074755139983458, 'gamma': 2.2500000000000027}
{'sample_size': 500, 'difference': 0, 'noise': 0, 'n': 16, 'alpha': 0.7, 'shap_error': 0.08386884469383148, 'shap_norm_sq': 1.4400000000000075, 'weighted_error': 1.0074325429029487, 'gamma': 5.444444444444414}
{'sample_size': 500, 'difference': 0, 'noise': 0, 'n': 16, 'alpha': 0.8, 'shap_error': 0.40143024709045194, 'shap_norm_sq': 0.640000000000003, 'weighted_error': 1.0189858748181528, 'gamma': 15.999999999999927}
{'sample_size': 500, 'difference': 0, 'noise': 0, 'n': 16, 'alpha': 0.2, 'shap_error': 0.006823429586298395, 'shap_norm_sq': 10.239999999999993, 'weighted_error': 1.0115186233807705, 'gamma': 0.06250000000000003}
{'sample_size': 500, 'difference': 0, 'noise': 0, 'n': 16, 'alpha': 0.3, 'shap_error': 0.010776771304757963, 'shap_norm_sq': 7.84000000000001, 'weighted_error': 1.0152707548814597, 'gamma': 0.18367346938775472}
{'sample_size': 500, 'difference': 0, 'noise': 0, 'n': 16, 'alpha': 0.4, 'shap_error': 0.015090698500441358, 'shap_norm_sq': 5.760000000000002, 'weighted_error': 1.009540009125992, 'gamma': 0.4444444444444443}
{'sample_size': 500, 'difference': 0, 'noise': 0, 'n': 16, 'alpha': 0.5, 'shap_error': 0.02224004530694133, 'shap_norm_sq': 3.999999999999991, 'weighted_error': 1.006615045306941, 'gamma': 1.0000000000000018}
{'sample_size': 500, 'difference': 0, 'noise': 0, 'n': 16, 'alpha': 0.6, 'shap_error': 0.0589550301923629, 'shap_norm_sq': 2.5599999999999956, 'weighted_error': 1.0153515411966059, 'gamma': 2.2500000000000027}
{'sample_size': 500, 'difference': 0, 'noise': 0, 'n': 16, 'alpha': 0.7, 'shap_error': 0.12493744963533367, 'shap_norm_sq': 1.4400000000000075, 'weighted_error': 1.0149757560554693, 'gamma': 5.444444444444414}
{'sample_size': 500, 'difference': 0, 'noise': 0, 'n': 16, 'alpha': 0.8, 'shap_error': 0.24980603464922727, 'shap_norm_sq': 0.640000000000003, 'weighted_error': 1.0095093615405761, 'gamma': 15.999999999999927}
{'sample_size': 500, 'difference': 0, 'noise': 0, 'n': 16, 'alpha': 0.2, 'shap_error': 0.007439832729544656, 'shap_norm_sq': 10.239999999999993, 'weighted_error': 1.0213810736727107, 'gamma': 0.06250000000000003}
{'sample_size': 500, 'difference': 0, 'noise': 0, 'n': 16, 'alpha': 0.3, 'shap_error': 0.011266279766547949, 'shap_norm_sq': 7.84000000000001, 'weighted_error': 1.01793585650676, 'gamma': 0.18367346938775472}
{'sample_size': 500, 'difference': 0, 'noise': 0, 'n': 16, 'alpha': 0.4, 'shap_error': 0.014416334077782578, 'shap_norm_sq': 5.760000000000002, 'weighted_error': 1.00802268917501, 'gamma': 0.4444444444444443}
{'sample_size': 500, 'difference': 0, 'noise': 0, 'n': 16, 'alpha': 0.5, 'shap_error': 0.03729105870326412, 'shap_norm_sq': 3.999999999999991, 'weighted_error': 1.0216660587032635, 'gamma': 1.0000000000000018}
{'sample_size': 500, 'difference': 0, 'noise': 0, 'n': 16, 'alpha': 0.6, 'shap_error': 0.035343677680896524, 'shap_norm_sq': 2.5599999999999956, 'weighted_error': 1.0048576067470651, 'gamma': 2.2500000000000027}
{'sample_size': 500, 'difference': 0, 'noise': 0, 'n': 16, 'alpha': 0.7, 'shap_error': 0.09604452187329245, 'shap_norm_sq': 1.4400000000000075, 'weighted_error': 1.0096688917726455, 'gamma': 5.444444444444414}
{'sample_size': 500, 'difference': 0, 'noise': 0, 'n': 16, 'alpha': 0.8, 'shap_error': 0.3255031333249333, 'shap_norm_sq': 0.640000000000003, 'weighted_error': 1.014240430207808, 'gamma': 15.999999999999927}
{'sample_size': 500, 'difference': 0, 'noise': 0, 'n': 16, 'alpha': 0.2, 'shap_error': 0.0068793415287982124, 'shap_norm_sq': 10.239999999999993, 'weighted_error': 1.0124132144607687, 'gamma': 0.06250000000000003}
{'sample_size': 500, 'difference': 0, 'noise': 0, 'n': 16, 'alpha': 0.3, 'shap_error': 0.010656245498292697, 'shap_norm_sq': 7.84000000000001, 'weighted_error': 1.0146145588240376, 'gamma': 0.18367346938775472}
{'sample_size': 500, 'difference': 0, 'noise': 0, 'n': 16, 'alpha': 0.4, 'shap_error': 0.015831960474114084, 'shap_norm_sq': 5.760000000000002, 'weighted_error': 1.0112078485667562, 'gamma': 0.4444444444444443}
{'sample_size': 500, 'difference': 0, 'noise': 0, 'n': 16, 'alpha': 0.5, 'shap_error': 0.030500631558337744, 'shap_norm_sq': 3.999999999999991, 'weighted_error': 1.0148756315583374, 'gamma': 1.0000000000000018}
{'sample_size': 500, 'difference': 0, 'noise': 0, 'n': 16, 'alpha': 0.6, 'shap_error': 0.06488463538935266, 'shap_norm_sq': 2.5599999999999956, 'weighted_error': 1.017986921284157, 'gamma': 2.2500000000000027}
{'sample_size': 500, 'difference': 0, 'noise': 0, 'n': 16, 'alpha': 0.7, 'shap_error': 0.10928242430711459, 'shap_norm_sq': 1.4400000000000075, 'weighted_error': 1.0121003432400824, 'gamma': 5.444444444444414}
{'sample_size': 500, 'difference': 0, 'noise': 0, 'n': 16, 'alpha': 0.8, 'shap_error': 0.3710554006349886, 'shap_norm_sq': 0.640000000000003, 'weighted_error': 1.0170874469146864, 'gamma': 15.999999999999927}
{'sample_size': 500, 'difference': 0, 'noise': 0, 'n': 16, 'alpha': 0.2, 'shap_error': 0.00667030667892411, 'shap_norm_sq': 10.239999999999993, 'weighted_error': 1.0090686568627822, 'gamma': 0.06250000000000003}
{'sample_size': 500, 'difference': 0, 'noise': 0, 'n': 16, 'alpha': 0.3, 'shap_error': 0.010878629011778372, 'shap_norm_sq': 7.84000000000001, 'weighted_error': 1.0158253135085704, 'gamma': 0.18367346938775472}
{'sample_size': 500, 'difference': 0, 'noise': 0, 'n': 16, 'alpha': 0.4, 'shap_error': 0.015316323376495876, 'shap_norm_sq': 5.760000000000002, 'weighted_error': 1.0100476650971153, 'gamma': 0.4444444444444443}
{'sample_size': 500, 'difference': 0, 'noise': 0, 'n': 16, 'alpha': 0.5, 'shap_error': 0.03425664331938765, 'shap_norm_sq': 3.999999999999991, 'weighted_error': 1.0186316433193874, 'gamma': 1.0000000000000018}
{'sample_size': 500, 'difference': 0, 'noise': 0, 'n': 16, 'alpha': 0.6, 'shap_error': 0.0515095863268801, 'shap_norm_sq': 2.5599999999999956, 'weighted_error': 1.0120424550341691, 'gamma': 2.2500000000000027}
{'sample_size': 500, 'difference': 0, 'noise': 0, 'n': 16, 'alpha': 0.7, 'shap_error': 0.11915874099015318, 'shap_norm_sq': 1.4400000000000075, 'weighted_error': 1.013914360590028, 'gamma': 5.444444444444414}
{'sample_size': 500, 'difference': 0, 'noise': 0, 'n': 16, 'alpha': 0.8, 'shap_error': 0.22317094034849047, 'shap_norm_sq': 0.640000000000003, 'weighted_error': 1.0078446681467805, 'gamma': 15.999999999999927}
{'sample_size': 500, 'difference': 0, 'noise': 0, 'n': 16, 'alpha': 0.2, 'shap_error': 0.006349816727212184, 'shap_norm_sq': 10.239999999999993, 'weighted_error': 1.0039408176353921, 'gamma': 0.06250000000000003}
{'sample_size': 500, 'difference': 0, 'noise': 0, 'n': 16, 'alpha': 0.3, 'shap_error': 0.008913029178677506, 'shap_norm_sq': 7.84000000000001, 'weighted_error': 1.0051237144172436, 'gamma': 0.18367346938775472}
{'sample_size': 500, 'difference': 0, 'noise': 0, 'n': 16, 'alpha': 0.4, 'shap_error': 0.015570965974884188, 'shap_norm_sq': 5.760000000000002, 'weighted_error': 1.0106206109434883, 'gamma': 0.4444444444444443}
{'sample_size': 500, 'difference': 0, 'noise': 0, 'n': 16, 'alpha': 0.5, 'shap_error': 0.03531950643686485, 'shap_norm_sq': 3.999999999999991, 'weighted_error': 1.019694506436865, 'gamma': 1.0000000000000018}
{'sample_size': 500, 'difference': 0, 'noise': 0, 'n': 16, 'alpha': 0.6, 'shap_error': 0.05004948530446385, 'shap_norm_sq': 2.5599999999999956, 'weighted_error': 1.0113935212464287, 'gamma': 2.2500000000000027}
{'sample_size': 500, 'difference': 0, 'noise': 0, 'n': 16, 'alpha': 0.7, 'shap_error': 0.18315302879721793, 'shap_norm_sq': 1.4400000000000075, 'weighted_error': 1.02566841345255, 'gamma': 5.444444444444414}
{'sample_size': 500, 'difference': 0, 'noise': 0, 'n': 16, 'alpha': 0.8, 'shap_error': 0.217940350548952, 'shap_norm_sq': 0.640000000000003, 'weighted_error': 1.0075177562843094, 'gamma': 15.999999999999927}
{'sample_size': 500, 'difference': 0, 'noise': 0, 'n': 16, 'alpha': 0.2, 'shap_error': 0.006516717437084178, 'shap_norm_sq': 10.239999999999993, 'weighted_error': 1.0066112289933433, 'gamma': 0.06250000000000003}
{'sample_size': 500, 'difference': 0, 'noise': 0, 'n': 16, 'alpha': 0.3, 'shap_error': 0.008540213262389804, 'shap_norm_sq': 7.84000000000001, 'weighted_error': 1.00309393887301, 'gamma': 0.18367346938775472}
{'sample_size': 500, 'difference': 0, 'noise': 0, 'n': 16, 'alpha': 0.4, 'shap_error': 0.01618274485798238, 'shap_norm_sq': 5.760000000000002, 'weighted_error': 1.0119971134304593, 'gamma': 0.4444444444444443}
{'sample_size': 500, 'difference': 0, 'noise': 0, 'n': 16, 'alpha': 0.5, 'shap_error': 0.026182183320315203, 'shap_norm_sq': 3.999999999999991, 'weighted_error': 1.0105571833203149, 'gamma': 1.0000000000000018}
{'sample_size': 500, 'difference': 0, 'noise': 0, 'n': 16, 'alpha': 0.6, 'shap_error': 0.05682982296296959, 'shap_norm_sq': 2.5599999999999956, 'weighted_error': 1.0144070046502085, 'gamma': 2.2500000000000027}
{'sample_size': 500, 'difference': 0, 'noise': 0, 'n': 16, 'alpha': 0.7, 'shap_error': 0.10534479552686829, 'shap_norm_sq': 1.4400000000000075, 'weighted_error': 1.0113771053008533, 'gamma': 5.444444444444414}
{'sample_size': 500, 'difference': 0, 'noise': 0, 'n': 16, 'alpha': 0.8, 'shap_error': 0.2720387454189982, 'shap_norm_sq': 0.640000000000003, 'weighted_error': 1.0108989059636873, 'gamma': 15.999999999999927}
{'sample_size': 500, 'difference': 0, 'noise': 0, 'n': 16, 'alpha': 0.2, 'shap_error': 0.006888459478627851, 'shap_norm_sq': 10.239999999999993, 'weighted_error': 1.0125591016580426, 'gamma': 0.06250000000000003}
{'sample_size': 500, 'difference': 0, 'noise': 0, 'n': 16, 'alpha': 0.3, 'shap_error': 0.010963270801265752, 'shap_norm_sq': 7.84000000000001, 'weighted_error': 1.016286141029113, 'gamma': 0.18367346938775472}
{'sample_size': 500, 'difference': 0, 'noise': 0, 'n': 16, 'alpha': 0.4, 'shap_error': 0.017102370873158825, 'shap_norm_sq': 5.760000000000002, 'weighted_error': 1.014066271964606, 'gamma': 0.4444444444444443}
{'sample_size': 500, 'difference': 0, 'noise': 0, 'n': 16, 'alpha': 0.5, 'shap_error': 0.05357769211645464, 'shap_norm_sq': 3.999999999999991, 'weighted_error': 1.037952692116454, 'gamma': 1.0000000000000018}
{'sample_size': 500, 'difference': 0, 'noise': 0, 'n': 16, 'alpha': 0.6, 'shap_error': 0.06402080834078766, 'shap_norm_sq': 2.5599999999999956, 'weighted_error': 1.0176029981514612, 'gamma': 2.2500000000000027}
{'sample_size': 500, 'difference': 0, 'noise': 0, 'n': 16, 'alpha': 0.7, 'shap_error': 0.0744328177748853, 'shap_norm_sq': 1.4400000000000075, 'weighted_error': 1.0056993951015096, 'gamma': 5.444444444444414}
{'sample_size': 500, 'difference': 0, 'noise': 0, 'n': 16, 'alpha': 0.8, 'shap_error': 0.18833398989332834, 'shap_norm_sq': 0.640000000000003, 'weighted_error': 1.0056673587433331, 'gamma': 15.999999999999927}
{'sample_size': 500, 'difference': 0, 'noise': 0, 'n': 16, 'alpha': 0.2, 'shap_error': 0.0067903034513919405, 'shap_norm_sq': 10.239999999999993, 'weighted_error': 1.010988605222267, 'gamma': 0.06250000000000003}
{'sample_size': 500, 'difference': 0, 'noise': 0, 'n': 16, 'alpha': 0.3, 'shap_error': 0.012460743001258205, 'shap_norm_sq': 7.84000000000001, 'weighted_error': 1.0244390452290708, 'gamma': 0.18367346938775472}
{'sample_size': 500, 'difference': 0, 'noise': 0, 'n': 16, 'alpha': 0.4, 'shap_error': 0.01321586764557573, 'shap_norm_sq': 5.760000000000002, 'weighted_error': 1.005321639702545, 'gamma': 0.4444444444444443}
{'sample_size': 500, 'difference': 0, 'noise': 0, 'n': 16, 'alpha': 0.5, 'shap_error': 0.018801798273209405, 'shap_norm_sq': 3.999999999999991, 'weighted_error': 1.0031767982732087, 'gamma': 1.0000000000000018}
{'sample_size': 500, 'difference': 0, 'noise': 0, 'n': 16, 'alpha': 0.6, 'shap_error': 0.0593619855991094, 'shap_norm_sq': 2.5599999999999956, 'weighted_error': 1.0155324102662708, 'gamma': 2.2500000000000027}
{'sample_size': 500, 'difference': 0, 'noise': 0, 'n': 16, 'alpha': 0.7, 'shap_error': 0.11557492733634808, 'shap_norm_sq': 1.4400000000000075, 'weighted_error': 1.0132561091025944, 'gamma': 5.444444444444414}
{'sample_size': 500, 'difference': 0, 'noise': 0, 'n': 16, 'alpha': 0.8, 'shap_error': 0.2830799456482572, 'shap_norm_sq': 0.640000000000003, 'weighted_error': 1.0115889809780156, 'gamma': 15.999999999999927}
{'sample_size': 500, 'difference': 0, 'noise': 0, 'n': 16, 'alpha': 0.2, 'shap_error': 0.00671532499015283, 'shap_norm_sq': 10.239999999999993, 'weighted_error': 1.009788949842442, 'gamma': 0.06250000000000003}
{'sample_size': 500, 'difference': 0, 'noise': 0, 'n': 16, 'alpha': 0.3, 'shap_error': 0.008505857101997376, 'shap_norm_sq': 7.84000000000001, 'weighted_error': 1.0029068886664292, 'gamma': 0.18367346938775472}
{'sample_size': 500, 'difference': 0, 'noise': 0, 'n': 16, 'alpha': 0.4, 'shap_error': 0.012964817553958351, 'shap_norm_sq': 5.760000000000002, 'weighted_error': 1.0047567769964054, 'gamma': 0.4444444444444443}
{'sample_size': 500, 'difference': 0, 'noise': 0, 'n': 16, 'alpha': 0.5, 'shap_error': 0.022992805075036506, 'shap_norm_sq': 3.999999999999991, 'weighted_error': 1.0073678050750359, 'gamma': 1.0000000000000018}
{'sample_size': 500, 'difference': 0, 'noise': 0, 'n': 16, 'alpha': 0.6, 'shap_error': 0.07326015275812216, 'shap_norm_sq': 2.5599999999999956, 'weighted_error': 1.021709373448054, 'gamma': 2.2500000000000027}
{'sample_size': 500, 'difference': 0, 'noise': 0, 'n': 16, 'alpha': 0.7, 'shap_error': 0.09793455039662684, 'shap_norm_sq': 1.4400000000000075, 'weighted_error': 1.0100160398687683, 'gamma': 5.444444444444414}
{'sample_size': 500, 'difference': 0, 'noise': 0, 'n': 16, 'alpha': 0.8, 'shap_error': 0.399686601732686, 'shap_norm_sq': 0.640000000000003, 'weighted_error': 1.0188768969832926, 'gamma': 15.999999999999927}
{'sample_size': 500, 'difference': 0, 'noise': 0, 'n': 16, 'alpha': 0.2, 'shap_error': 0.006971228824918577, 'shap_norm_sq': 10.239999999999993, 'weighted_error': 1.0138834111986954, 'gamma': 0.06250000000000003}
{'sample_size': 500, 'difference': 0, 'noise': 0, 'n': 16, 'alpha': 0.3, 'shap_error': 0.01088906938385763, 'shap_norm_sq': 7.84000000000001, 'weighted_error': 1.015882155534335, 'gamma': 0.18367346938775472}
{'sample_size': 500, 'difference': 0, 'noise': 0, 'n': 16, 'alpha': 0.4, 'shap_error': 0.013917186328919712, 'shap_norm_sq': 5.760000000000002, 'weighted_error': 1.0068996067400688, 'gamma': 0.4444444444444443}
{'sample_size': 500, 'difference': 0, 'noise': 0, 'n': 16, 'alpha': 0.5, 'shap_error': 0.028855093144035213, 'shap_norm_sq': 3.999999999999991, 'weighted_error': 1.013230093144035, 'gamma': 1.0000000000000018}
{'sample_size': 500, 'difference': 0, 'noise': 0, 'n': 16, 'alpha': 0.6, 'shap_error': 0.06310317866799409, 'shap_norm_sq': 2.5599999999999956, 'weighted_error': 1.0171951627413307, 'gamma': 2.2500000000000027}
{'sample_size': 500, 'difference': 0, 'noise': 0, 'n': 16, 'alpha': 0.7, 'shap_error': 0.12869011785537374, 'shap_norm_sq': 1.4400000000000075, 'weighted_error': 1.0156650216469054, 'gamma': 5.444444444444414}
{'sample_size': 500, 'difference': 0, 'noise': 0, 'n': 16, 'alpha': 0.8, 'shap_error': 0.2936879008445272, 'shap_norm_sq': 0.640000000000003, 'weighted_error': 1.0122519781777823, 'gamma': 15.999999999999927}
{'sample_size': 500, 'difference': 0, 'noise': 0, 'n': 16, 'alpha': 0.2, 'shap_error': 0.006996304168860813, 'shap_norm_sq': 10.239999999999993, 'weighted_error': 1.0142846167017703, 'gamma': 0.06250000000000003}
{'sample_size': 500, 'difference': 0, 'noise': 0, 'n': 16, 'alpha': 0.3, 'shap_error': 0.01045933565983414, 'shap_norm_sq': 7.84000000000001, 'weighted_error': 1.0135424941479851, 'gamma': 0.18367346938775472}
{'sample_size': 500, 'difference': 0, 'noise': 0, 'n': 16, 'alpha': 0.4, 'shap_error': 0.01741650438837783, 'shap_norm_sq': 5.760000000000002, 'weighted_error': 1.0147730723738493, 'gamma': 0.4444444444444443}
{'sample_size': 500, 'difference': 0, 'noise': 0, 'n': 16, 'alpha': 0.5, 'shap_error': 0.026396725046376062, 'shap_norm_sq': 3.999999999999991, 'weighted_error': 1.0107717250463757, 'gamma': 1.0000000000000018}
{'sample_size': 500, 'difference': 0, 'noise': 0, 'n': 16, 'alpha': 0.6, 'shap_error': 0.042778363451944496, 'shap_norm_sq': 2.5599999999999956, 'weighted_error': 1.0081619115341973, 'gamma': 2.2500000000000027}
{'sample_size': 500, 'difference': 0, 'noise': 0, 'n': 16, 'alpha': 0.7, 'shap_error': 0.1015564356323629, 'shap_norm_sq': 1.4400000000000075, 'weighted_error': 1.0106812840957404, 'gamma': 5.444444444444414}
{'sample_size': 500, 'difference': 0, 'noise': 0, 'n': 16, 'alpha': 0.8, 'shap_error': 0.21745950965004013, 'shap_norm_sq': 0.640000000000003, 'weighted_error': 1.0074877037281276, 'gamma': 15.999999999999927}
{'sample_size': 500, 'difference': 0, 'noise': 0, 'n': 16, 'alpha': 0.2, 'shap_error': 0.007647453414250192, 'shap_norm_sq': 10.239999999999993, 'weighted_error': 1.0247030046280003, 'gamma': 0.06250000000000003}
{'sample_size': 500, 'difference': 0, 'noise': 0, 'n': 16, 'alpha': 0.3, 'shap_error': 0.009172984327412906, 'shap_norm_sq': 7.84000000000001, 'weighted_error': 1.006539025782581, 'gamma': 0.18367346938775472}
{'sample_size': 500, 'difference': 0, 'noise': 0, 'n': 16, 'alpha': 0.4, 'shap_error': 0.02427050891172271, 'shap_norm_sq': 5.760000000000002, 'weighted_error': 1.0301945825513754, 'gamma': 0.4444444444444443}
{'sample_size': 500, 'difference': 0, 'noise': 0, 'n': 16, 'alpha': 0.5, 'shap_error': 0.024996903918782825, 'shap_norm_sq': 3.999999999999991, 'weighted_error': 1.0093719039187832, 'gamma': 1.0000000000000018}
{'sample_size': 500, 'difference': 0, 'noise': 0, 'n': 16, 'alpha': 0.6, 'shap_error': 0.04775500449509616, 'shap_norm_sq': 2.5599999999999956, 'weighted_error': 1.0103737519978202, 'gamma': 2.2500000000000027}
{'sample_size': 500, 'difference': 0, 'noise': 0, 'n': 16, 'alpha': 0.7, 'shap_error': 0.16274861743105934, 'shap_norm_sq': 1.4400000000000075, 'weighted_error': 1.0219206644261134, 'gamma': 5.444444444444414}
{'sample_size': 500, 'difference': 0, 'noise': 0, 'n': 16, 'alpha': 0.8, 'shap_error': 0.3272439669746997, 'shap_norm_sq': 0.640000000000003, 'weighted_error': 1.0143492323109184, 'gamma': 15.999999999999927}
{'sample_size': 500, 'difference': 0, 'noise': 0, 'n': 16, 'alpha': 0.2, 'shap_error': 0.007233491966269055, 'shap_norm_sq': 10.239999999999993, 'weighted_error': 1.0180796214603014, 'gamma': 0.06250000000000003}
{'sample_size': 500, 'difference': 0, 'noise': 0, 'n': 16, 'alpha': 0.3, 'shap_error': 0.009058862432108324, 'shap_norm_sq': 7.84000000000001, 'weighted_error': 1.0059176954636995, 'gamma': 0.18367346938775472}
{'sample_size': 500, 'difference': 0, 'noise': 0, 'n': 16, 'alpha': 0.4, 'shap_error': 0.023333603391201215, 'shap_norm_sq': 5.760000000000002, 'weighted_error': 1.0280865451302021, 'gamma': 0.4444444444444443}
{'sample_size': 500, 'difference': 0, 'noise': 0, 'n': 16, 'alpha': 0.5, 'shap_error': 0.03185336978852711, 'shap_norm_sq': 3.999999999999991, 'weighted_error': 1.0162283697885266, 'gamma': 1.0000000000000018}
{'sample_size': 500, 'difference': 0, 'noise': 0, 'n': 16, 'alpha': 0.6, 'shap_error': 0.06174367025392665, 'shap_norm_sq': 2.5599999999999956, 'weighted_error': 1.0165909367795225, 'gamma': 2.2500000000000027}
{'sample_size': 500, 'difference': 0, 'noise': 0, 'n': 16, 'alpha': 0.7, 'shap_error': 0.1281777927334119, 'shap_norm_sq': 1.4400000000000075, 'weighted_error': 1.0155709211142996, 'gamma': 5.444444444444414}
{'sample_size': 500, 'difference': 0, 'noise': 0, 'n': 16, 'alpha': 0.8, 'shap_error': 0.29039759661547204, 'shap_norm_sq': 0.640000000000003, 'weighted_error': 1.0120463341634667, 'gamma': 15.999999999999927}
{'sample_size': 500, 'difference': 0, 'noise': 0, 'n': 16, 'alpha': 0.2, 'shap_error': 0.0066863046862247755, 'shap_norm_sq': 10.239999999999993, 'weighted_error': 1.0093246249795924, 'gamma': 0.06250000000000003}
{'sample_size': 500, 'difference': 0, 'noise': 0, 'n': 16, 'alpha': 0.3, 'shap_error': 0.012771249309646094, 'shap_norm_sq': 7.84000000000001, 'weighted_error': 1.0261295795747385, 'gamma': 0.18367346938775472}
{'sample_size': 500, 'difference': 0, 'noise': 0, 'n': 16, 'alpha': 0.4, 'shap_error': 0.014827965190059344, 'shap_norm_sq': 5.760000000000002, 'weighted_error': 1.0089488591776332, 'gamma': 0.4444444444444443}
{'sample_size': 500, 'difference': 0, 'noise': 0, 'n': 16, 'alpha': 0.5, 'shap_error': 0.026726960599289838, 'shap_norm_sq': 3.999999999999991, 'weighted_error': 1.0111019605992888, 'gamma': 1.0000000000000018}
{'sample_size': 500, 'difference': 0, 'noise': 0, 'n': 16, 'alpha': 0.6, 'shap_error': 0.037505584593080656, 'shap_norm_sq': 2.5599999999999956, 'weighted_error': 1.005818454263591, 'gamma': 2.2500000000000027}
{'sample_size': 500, 'difference': 0, 'noise': 0, 'n': 16, 'alpha': 0.7, 'shap_error': 0.0800685090250644, 'shap_norm_sq': 1.4400000000000075, 'weighted_error': 1.006734522065828, 'gamma': 5.444444444444414}
{'sample_size': 500, 'difference': 0, 'noise': 0, 'n': 16, 'alpha': 0.8, 'shap_error': 0.20555731686690182, 'shap_norm_sq': 0.640000000000003, 'weighted_error': 1.0067438166791813, 'gamma': 15.999999999999927}
{'sample_size': 500, 'difference': 0, 'noise': 0, 'n': 16, 'alpha': 0.2, 'shap_error': 0.006761704000167068, 'shap_norm_sq': 10.239999999999993, 'weighted_error': 1.0105310140026695, 'gamma': 0.06250000000000003}
{'sample_size': 500, 'difference': 0, 'noise': 0, 'n': 16, 'alpha': 0.3, 'shap_error': 0.01104141243794398, 'shap_norm_sq': 7.84000000000001, 'weighted_error': 1.0167115788288048, 'gamma': 0.18367346938775472}
{'sample_size': 500, 'difference': 0, 'noise': 0, 'n': 16, 'alpha': 0.4, 'shap_error': 0.01748987306757788, 'shap_norm_sq': 5.760000000000002, 'weighted_error': 1.01493815190205, 'gamma': 0.4444444444444443}
{'sample_size': 500, 'difference': 0, 'noise': 0, 'n': 16, 'alpha': 0.5, 'shap_error': 0.021435613032231526, 'shap_norm_sq': 3.999999999999991, 'weighted_error': 1.005810613032231, 'gamma': 1.0000000000000018}
{'sample_size': 500, 'difference': 0, 'noise': 0, 'n': 16, 'alpha': 0.6, 'shap_error': 0.0431718199211182, 'shap_norm_sq': 2.5599999999999956, 'weighted_error': 1.0083367810760524, 'gamma': 2.2500000000000027}
{'sample_size': 500, 'difference': 0, 'noise': 0, 'n': 16, 'alpha': 0.7, 'shap_error': 0.11707450730830106, 'shap_norm_sq': 1.4400000000000075, 'weighted_error': 1.0135315421586675, 'gamma': 5.444444444444414}
{'sample_size': 500, 'difference': 0, 'noise': 0, 'n': 16, 'alpha': 0.8, 'shap_error': 0.3011403054157187, 'shap_norm_sq': 0.640000000000003, 'weighted_error': 1.0127177534634826, 'gamma': 15.999999999999927}
{'sample_size': 500, 'difference': 0, 'noise': 0, 'n': 16, 'alpha': 0.2, 'shap_error': 0.00681049539542511, 'shap_norm_sq': 10.239999999999993, 'weighted_error': 1.011311676326799, 'gamma': 0.06250000000000003}
{'sample_size': 500, 'difference': 0, 'noise': 0, 'n': 16, 'alpha': 0.3, 'shap_error': 0.009614267910044988, 'shap_norm_sq': 7.84000000000001, 'weighted_error': 1.0089415697324657, 'gamma': 0.18367346938775472}
{'sample_size': 500, 'difference': 0, 'noise': 0, 'n': 16, 'alpha': 0.4, 'shap_error': 0.015201037365915868, 'shap_norm_sq': 5.760000000000002, 'weighted_error': 1.00978827157331, 'gamma': 0.4444444444444443}
{'sample_size': 500, 'difference': 0, 'noise': 0, 'n': 16, 'alpha': 0.5, 'shap_error': 0.028995311183159886, 'shap_norm_sq': 3.999999999999991, 'weighted_error': 1.0133703111831596, 'gamma': 1.0000000000000018}
{'sample_size': 500, 'difference': 0, 'noise': 0, 'n': 16, 'alpha': 0.6, 'shap_error': 0.03753086309464892, 'shap_norm_sq': 2.5599999999999956, 'weighted_error': 1.0058296891531775, 'gamma': 2.2500000000000027}
{'sample_size': 500, 'difference': 0, 'noise': 0, 'n': 16, 'alpha': 0.7, 'shap_error': 0.10947448301488776, 'shap_norm_sq': 1.4400000000000075, 'weighted_error': 1.0121356193292657, 'gamma': 5.444444444444414}
{'sample_size': 500, 'difference': 0, 'noise': 0, 'n': 16, 'alpha': 0.8, 'shap_error': 0.24689786116548096, 'shap_norm_sq': 0.640000000000003, 'weighted_error': 1.0093276006978429, 'gamma': 15.999999999999927}
{'sample_size': 500, 'difference': 0, 'noise': 0, 'n': 16, 'alpha': 0.2, 'shap_error': 0.006832127437370485, 'shap_norm_sq': 10.239999999999993, 'weighted_error': 1.0116577889979246, 'gamma': 0.06250000000000003}
{'sample_size': 500, 'difference': 0, 'noise': 0, 'n': 16, 'alpha': 0.3, 'shap_error': 0.00897776254358421, 'shap_norm_sq': 7.84000000000001, 'weighted_error': 1.0054761516261792, 'gamma': 0.18367346938775472}
{'sample_size': 500, 'difference': 0, 'noise': 0, 'n': 16, 'alpha': 0.4, 'shap_error': 0.020315976784528927, 'shap_norm_sq': 5.760000000000002, 'weighted_error': 1.0212968852651896, 'gamma': 0.4444444444444443}
{'sample_size': 500, 'difference': 0, 'noise': 0, 'n': 16, 'alpha': 0.5, 'shap_error': 0.02837736323121779, 'shap_norm_sq': 3.999999999999991, 'weighted_error': 1.0127523632312172, 'gamma': 1.0000000000000018}
{'sample_size': 500, 'difference': 0, 'noise': 0, 'n': 16, 'alpha': 0.6, 'shap_error': 0.05029185904109836, 'shap_norm_sq': 2.5599999999999956, 'weighted_error': 1.0115012429071548, 'gamma': 2.2500000000000027}
{'sample_size': 500, 'difference': 0, 'noise': 0, 'n': 16, 'alpha': 0.7, 'shap_error': 0.13434581132491935, 'shap_norm_sq': 1.4400000000000075, 'weighted_error': 1.0167038224882503, 'gamma': 5.444444444444414}
{'sample_size': 500, 'difference': 0, 'noise': 0, 'n': 16, 'alpha': 0.8, 'shap_error': 0.260559872456019, 'shap_norm_sq': 0.640000000000003, 'weighted_error': 1.010181476403501, 'gamma': 15.999999999999927}
{'sample_size': 500, 'difference': 0, 'noise': 0, 'n': 16, 'alpha': 0.2, 'shap_error': 0.006650307525593799, 'shap_norm_sq': 10.239999999999993, 'weighted_error': 1.0087486704094974, 'gamma': 0.06250000000000003}
{'sample_size': 500, 'difference': 0, 'noise': 0, 'n': 16, 'alpha': 0.3, 'shap_error': 0.014150887770473079, 'shap_norm_sq': 7.84000000000001, 'weighted_error': 1.0336409445281312, 'gamma': 0.18367346938775472}
{'sample_size': 500, 'difference': 0, 'noise': 0, 'n': 16, 'alpha': 0.4, 'shap_error': 0.012772980928934302, 'shap_norm_sq': 5.760000000000002, 'weighted_error': 1.0043251445901016, 'gamma': 0.4444444444444443}
{'sample_size': 500, 'difference': 0, 'noise': 0, 'n': 16, 'alpha': 0.5, 'shap_error': 0.03160474796445849, 'shap_norm_sq': 3.999999999999991, 'weighted_error': 1.0159797479644574, 'gamma': 1.0000000000000018}
{'sample_size': 500, 'difference': 0, 'noise': 0, 'n': 16, 'alpha': 0.6, 'shap_error': 0.050594288449000865, 'shap_norm_sq': 2.5599999999999956, 'weighted_error': 1.0116356559773336, 'gamma': 2.2500000000000027}
{'sample_size': 500, 'difference': 0, 'noise': 0, 'n': 16, 'alpha': 0.7, 'shap_error': 0.1365066530858919, 'shap_norm_sq': 1.4400000000000075, 'weighted_error': 1.0171007117912865, 'gamma': 5.444444444444414}
{'sample_size': 500, 'difference': 0, 'noise': 0, 'n': 16, 'alpha': 0.8, 'shap_error': 0.41844705466967635, 'shap_norm_sq': 0.640000000000003, 'weighted_error': 1.0200494252918546, 'gamma': 15.999999999999927}
{'sample_size': 500, 'difference': 0, 'noise': 0, 'n': 16, 'alpha': 0.2, 'shap_error': 0.0072247204490815346, 'shap_norm_sq': 10.239999999999993, 'weighted_error': 1.0179392771853002, 'gamma': 0.06250000000000003}
{'sample_size': 500, 'difference': 0, 'noise': 0, 'n': 16, 'alpha': 0.3, 'shap_error': 0.008838688059847463, 'shap_norm_sq': 7.84000000000001, 'weighted_error': 1.0047189683258355, 'gamma': 0.18367346938775472}
{'sample_size': 500, 'difference': 0, 'noise': 0, 'n': 16, 'alpha': 0.4, 'shap_error': 0.019389671432463597, 'shap_norm_sq': 5.760000000000002, 'weighted_error': 1.0192126982230425, 'gamma': 0.4444444444444443}
{'sample_size': 500, 'difference': 0, 'noise': 0, 'n': 16, 'alpha': 0.5, 'shap_error': 0.03594595858836191, 'shap_norm_sq': 3.999999999999991, 'weighted_error': 1.0203209585883617, 'gamma': 1.0000000000000018}
{'sample_size': 500, 'difference': 0, 'noise': 0, 'n': 16, 'alpha': 0.6, 'shap_error': 0.048617570448597915, 'shap_norm_sq': 2.5599999999999956, 'weighted_error': 1.010757114643821, 'gamma': 2.2500000000000027}
{'sample_size': 500, 'difference': 0, 'noise': 0, 'n': 16, 'alpha': 0.7, 'shap_error': 0.09840039601399322, 'shap_norm_sq': 1.4400000000000075, 'weighted_error': 1.0101016033495092, 'gamma': 5.444444444444414}
{'sample_size': 500, 'difference': 0, 'noise': 0, 'n': 16, 'alpha': 0.8, 'shap_error': 0.1777567311239589, 'shap_norm_sq': 0.640000000000003, 'weighted_error': 1.0050062800702473, 'gamma': 15.999999999999927}
{'sample_size': 500, 'difference': 0, 'noise': 0, 'n': 16, 'alpha': 0.2, 'shap_error': 0.006647145903293074, 'shap_norm_sq': 10.239999999999993, 'weighted_error': 1.008698084452686, 'gamma': 0.06250000000000003}
{'sample_size': 500, 'difference': 0, 'noise': 0, 'n': 16, 'alpha': 0.3, 'shap_error': 0.008752836519654736, 'shap_norm_sq': 7.84000000000001, 'weighted_error': 1.0042515543847863, 'gamma': 0.18367346938775472}
{'sample_size': 500, 'difference': 0, 'noise': 0, 'n': 16, 'alpha': 0.4, 'shap_error': 0.01679460466021934, 'shap_norm_sq': 5.760000000000002, 'weighted_error': 1.0133737979854922, 'gamma': 0.4444444444444443}
{'sample_size': 500, 'difference': 0, 'noise': 0, 'n': 16, 'alpha': 0.5, 'shap_error': 0.02645139798045241, 'shap_norm_sq': 3.999999999999991, 'weighted_error': 1.0108263979804522, 'gamma': 1.0000000000000018}
{'sample_size': 500, 'difference': 0, 'noise': 0, 'n': 16, 'alpha': 0.6, 'shap_error': 0.040303404815776336, 'shap_norm_sq': 2.5599999999999956, 'weighted_error': 1.007061929918123, 'gamma': 2.2500000000000027}
{'sample_size': 500, 'difference': 0, 'noise': 0, 'n': 16, 'alpha': 0.7, 'shap_error': 0.07644625249176983, 'shap_norm_sq': 1.4400000000000075, 'weighted_error': 1.0060692096413457, 'gamma': 5.444444444444414}
{'sample_size': 500, 'difference': 0, 'noise': 0, 'n': 16, 'alpha': 0.8, 'shap_error': 0.25302348393374463, 'shap_norm_sq': 0.640000000000003, 'weighted_error': 1.0097104521208593, 'gamma': 15.999999999999927}
{'sample_size': 500, 'difference': 0, 'noise': 0, 'n': 16, 'alpha': 0.2, 'shap_error': 0.006457211405227596, 'shap_norm_sq': 10.239999999999993, 'weighted_error': 1.0056591324836393, 'gamma': 0.06250000000000003}
{'sample_size': 500, 'difference': 0, 'noise': 0, 'n': 16, 'alpha': 0.3, 'shap_error': 0.009645691508306204, 'shap_norm_sq': 7.84000000000001, 'weighted_error': 1.0091126537674449, 'gamma': 0.18367346938775472}
{'sample_size': 500, 'difference': 0, 'noise': 0, 'n': 16, 'alpha': 0.4, 'shap_error': 0.01391933290652156, 'shap_norm_sq': 5.760000000000002, 'weighted_error': 1.0069044365396727, 'gamma': 0.4444444444444443}
{'sample_size': 500, 'difference': 0, 'noise': 0, 'n': 16, 'alpha': 0.5, 'shap_error': 0.030865765379589228, 'shap_norm_sq': 3.999999999999991, 'weighted_error': 1.0152407653795885, 'gamma': 1.0000000000000018}
{'sample_size': 500, 'difference': 0, 'noise': 0, 'n': 16, 'alpha': 0.6, 'shap_error': 0.05974202797229139, 'shap_norm_sq': 2.5599999999999956, 'weighted_error': 1.0157013179876848, 'gamma': 2.2500000000000027}
{'sample_size': 500, 'difference': 0, 'noise': 0, 'n': 16, 'alpha': 0.7, 'shap_error': 0.168607621192427, 'shap_norm_sq': 1.4400000000000075, 'weighted_error': 1.0229968079741194, 'gamma': 5.444444444444414}
{'sample_size': 500, 'difference': 0, 'noise': 0, 'n': 16, 'alpha': 0.8, 'shap_error': 0.4612126505623753, 'shap_norm_sq': 0.640000000000003, 'weighted_error': 1.0227222750351488, 'gamma': 15.999999999999927}
{'sample_size': 500, 'difference': 0, 'noise': 0, 'n': 16, 'alpha': 0.2, 'shap_error': 0.006577195175199878, 'shap_norm_sq': 10.239999999999993, 'weighted_error': 1.0075788728031962, 'gamma': 0.06250000000000003}
{'sample_size': 500, 'difference': 0, 'noise': 0, 'n': 16, 'alpha': 0.3, 'shap_error': 0.009619789719739208, 'shap_norm_sq': 7.84000000000001, 'weighted_error': 1.0089716329185792, 'gamma': 0.18367346938775472}
{'sample_size': 500, 'difference': 0, 'noise': 0, 'n': 16, 'alpha': 0.4, 'shap_error': 0.015340360468403145, 'shap_norm_sq': 5.760000000000002, 'weighted_error': 1.0101017485539059, 'gamma': 0.4444444444444443}
{'sample_size': 500, 'difference': 0, 'noise': 0, 'n': 16, 'alpha': 0.5, 'shap_error': 0.024165636882453278, 'shap_norm_sq': 3.999999999999991, 'weighted_error': 1.008540636882453, 'gamma': 1.0000000000000018}
{'sample_size': 500, 'difference': 0, 'noise': 0, 'n': 16, 'alpha': 0.6, 'shap_error': 0.043551478780897636, 'shap_norm_sq': 2.5599999999999956, 'weighted_error': 1.0085055183470661, 'gamma': 2.2500000000000027}
{'sample_size': 500, 'difference': 0, 'noise': 0, 'n': 16, 'alpha': 0.7, 'shap_error': 0.12983365866694094, 'shap_norm_sq': 1.4400000000000075, 'weighted_error': 1.015875059755152, 'gamma': 5.444444444444414}
{'sample_size': 500, 'difference': 0, 'noise': 0, 'n': 16, 'alpha': 0.8, 'shap_error': 0.2769975164908704, 'shap_norm_sq': 0.640000000000003, 'weighted_error': 1.0112088291556793, 'gamma': 15.999999999999927}
{'sample_size': 500, 'difference': 0, 'noise': 0, 'n': 16, 'alpha': 0.2, 'shap_error': 0.006799901495212892, 'shap_norm_sq': 10.239999999999993, 'weighted_error': 1.0111421739234037, 'gamma': 0.06250000000000003}
{'sample_size': 500, 'difference': 0, 'noise': 0, 'n': 16, 'alpha': 0.3, 'shap_error': 0.009912226556630759, 'shap_norm_sq': 7.84000000000001, 'weighted_error': 1.0105637890305443, 'gamma': 0.18367346938775472}
{'sample_size': 500, 'difference': 0, 'noise': 0, 'n': 16, 'alpha': 0.4, 'shap_error': 0.013328907477160973, 'shap_norm_sq': 5.760000000000002, 'weighted_error': 1.0055759793236112, 'gamma': 0.4444444444444443}
{'sample_size': 500, 'difference': 0, 'noise': 0, 'n': 16, 'alpha': 0.5, 'shap_error': 0.023786723506548816, 'shap_norm_sq': 3.999999999999991, 'weighted_error': 1.0081617235065485, 'gamma': 1.0000000000000018}
{'sample_size': 500, 'difference': 0, 'noise': 0, 'n': 16, 'alpha': 0.6, 'shap_error': 0.04409842611978582, 'shap_norm_sq': 2.5599999999999956, 'weighted_error': 1.008748606053238, 'gamma': 2.2500000000000027}
{'sample_size': 500, 'difference': 0, 'noise': 0, 'n': 16, 'alpha': 0.7, 'shap_error': 0.11921647648654381, 'shap_norm_sq': 1.4400000000000075, 'weighted_error': 1.0139249650689575, 'gamma': 5.444444444444414}
{'sample_size': 500, 'difference': 0, 'noise': 0, 'n': 16, 'alpha': 0.8, 'shap_error': 0.4749632252246434, 'shap_norm_sq': 0.640000000000003, 'weighted_error': 1.0235816859515403, 'gamma': 15.999999999999927}
{'sample_size': 500, 'difference': 0, 'noise': 0, 'n': 16, 'alpha': 0.2, 'shap_error': 0.007334715072350623, 'shap_norm_sq': 10.239999999999993, 'weighted_error': 1.0196991911576059, 'gamma': 0.06250000000000003}
{'sample_size': 500, 'difference': 0, 'noise': 0, 'n': 16, 'alpha': 0.3, 'shap_error': 0.009303747293506174, 'shap_norm_sq': 7.84000000000001, 'weighted_error': 1.0072509574868667, 'gamma': 0.18367346938775472}
{'sample_size': 500, 'difference': 0, 'noise': 0, 'n': 16, 'alpha': 0.4, 'shap_error': 0.013738317155046526, 'shap_norm_sq': 5.760000000000002, 'weighted_error': 1.006497151098854, 'gamma': 0.4444444444444443}
{'sample_size': 500, 'difference': 0, 'noise': 0, 'n': 16, 'alpha': 0.5, 'shap_error': 0.02564868142605283, 'shap_norm_sq': 3.999999999999991, 'weighted_error': 1.0100236814260524, 'gamma': 1.0000000000000018}
{'sample_size': 500, 'difference': 0, 'noise': 0, 'n': 16, 'alpha': 0.6, 'shap_error': 0.0464614972835222, 'shap_norm_sq': 2.5599999999999956, 'weighted_error': 1.0097988599037873, 'gamma': 2.2500000000000027}
{'sample_size': 500, 'difference': 0, 'noise': 0, 'n': 16, 'alpha': 0.7, 'shap_error': 0.10651390829871495, 'shap_norm_sq': 1.4400000000000075, 'weighted_error': 1.011591840299764, 'gamma': 5.444444444444414}
{'sample_size': 500, 'difference': 0, 'noise': 0, 'n': 16, 'alpha': 0.8, 'shap_error': 0.4628081691038635, 'shap_norm_sq': 0.640000000000003, 'weighted_error': 1.0228219949439914, 'gamma': 15.999999999999927}
{'sample_size': 500, 'difference': 0, 'noise': 0, 'n': 16, 'alpha': 0.2, 'shap_error': 0.006731339599655739, 'shap_norm_sq': 10.239999999999993, 'weighted_error': 1.0100451835944875, 'gamma': 0.06250000000000003}
{'sample_size': 500, 'difference': 0, 'noise': 0, 'n': 16, 'alpha': 0.3, 'shap_error': 0.010118584495090987, 'shap_norm_sq': 7.84000000000001, 'weighted_error': 1.0116872933621608, 'gamma': 0.18367346938775472}
{'sample_size': 500, 'difference': 0, 'noise': 0, 'n': 16, 'alpha': 0.4, 'shap_error': 0.015865510172818266, 'shap_norm_sq': 5.760000000000002, 'weighted_error': 1.011283335388841, 'gamma': 0.4444444444444443}
{'sample_size': 500, 'difference': 0, 'noise': 0, 'n': 16, 'alpha': 0.5, 'shap_error': 0.029577217241140725, 'shap_norm_sq': 3.999999999999991, 'weighted_error': 1.0139522172411404, 'gamma': 1.0000000000000018}
{'sample_size': 500, 'difference': 0, 'noise': 0, 'n': 16, 'alpha': 0.6, 'shap_error': 0.0350204369083072, 'shap_norm_sq': 2.5599999999999956, 'weighted_error': 1.0047139441814694, 'gamma': 2.2500000000000027}
{'sample_size': 500, 'difference': 0, 'noise': 0, 'n': 16, 'alpha': 0.7, 'shap_error': 0.2092328257157795, 'shap_norm_sq': 1.4400000000000075, 'weighted_error': 1.0304585802335111, 'gamma': 5.444444444444414}
{'sample_size': 500, 'difference': 0, 'noise': 0, 'n': 16, 'alpha': 0.8, 'shap_error': 0.24192978666755072, 'shap_norm_sq': 0.640000000000003, 'weighted_error': 1.0090170960417217, 'gamma': 15.999999999999927}
{'sample_size': 500, 'difference': 0, 'noise': 0, 'n': 16, 'alpha': 0.2, 'shap_error': 0.006921763449536452, 'shap_norm_sq': 10.239999999999993, 'weighted_error': 1.01309196519258, 'gamma': 0.06250000000000003}
{'sample_size': 500, 'difference': 0, 'noise': 0, 'n': 16, 'alpha': 0.3, 'shap_error': 0.011573270600002681, 'shap_norm_sq': 7.84000000000001, 'weighted_error': 1.0196072510444578, 'gamma': 0.18367346938775472}
{'sample_size': 500, 'difference': 0, 'noise': 0, 'n': 16, 'alpha': 0.4, 'shap_error': 0.013764578290188019, 'shap_norm_sq': 5.760000000000002, 'weighted_error': 1.0065562386529225, 'gamma': 0.4444444444444443}
{'sample_size': 500, 'difference': 0, 'noise': 0, 'n': 16, 'alpha': 0.5, 'shap_error': 0.02258871802980803, 'shap_norm_sq': 3.999999999999991, 'weighted_error': 1.0069637180298077, 'gamma': 1.0000000000000018}
{'sample_size': 500, 'difference': 0, 'noise': 0, 'n': 16, 'alpha': 0.6, 'shap_error': 0.06126877318658021, 'shap_norm_sq': 2.5599999999999956, 'weighted_error': 1.0163798714162584, 'gamma': 2.2500000000000027}
{'sample_size': 500, 'difference': 0, 'noise': 0, 'n': 16, 'alpha': 0.7, 'shap_error': 0.15731130342997784, 'shap_norm_sq': 1.4400000000000075, 'weighted_error': 1.0209219740993842, 'gamma': 5.444444444444414}
{'sample_size': 500, 'difference': 0, 'noise': 0, 'n': 16, 'alpha': 0.8, 'shap_error': 0.3348989371782348, 'shap_norm_sq': 0.640000000000003, 'weighted_error': 1.0148276679486397, 'gamma': 15.999999999999927}
{'sample_size': 500, 'difference': 0, 'noise': 0, 'n': 16, 'alpha': 0.2, 'shap_error': 0.007118102489880484, 'shap_norm_sq': 10.239999999999993, 'weighted_error': 1.0162333898380842, 'gamma': 0.06250000000000003}
{'sample_size': 500, 'difference': 0, 'noise': 0, 'n': 16, 'alpha': 0.3, 'shap_error': 0.008863403151702955, 'shap_norm_sq': 7.84000000000001, 'weighted_error': 1.004853528270382, 'gamma': 0.18367346938775472}
{'sample_size': 500, 'difference': 0, 'noise': 0, 'n': 16, 'alpha': 0.4, 'shap_error': 0.018744695110429237, 'shap_norm_sq': 5.760000000000002, 'weighted_error': 1.0177615014984656, 'gamma': 0.4444444444444443}
{'sample_size': 500, 'difference': 0, 'noise': 0, 'n': 16, 'alpha': 0.5, 'shap_error': 0.02639293513733617, 'shap_norm_sq': 3.999999999999991, 'weighted_error': 1.0107679351373362, 'gamma': 1.0000000000000018}
{'sample_size': 500, 'difference': 0, 'noise': 0, 'n': 16, 'alpha': 0.6, 'shap_error': 0.05254518375936705, 'shap_norm_sq': 2.5599999999999956, 'weighted_error': 1.0125027205597183, 'gamma': 2.2500000000000027}
{'sample_size': 500, 'difference': 0, 'noise': 0, 'n': 16, 'alpha': 0.7, 'shap_error': 0.08072926168522233, 'shap_norm_sq': 1.4400000000000075, 'weighted_error': 1.0068558847993265, 'gamma': 5.444444444444414}
{'sample_size': 500, 'difference': 0, 'noise': 0, 'n': 16, 'alpha': 0.8, 'shap_error': 0.25650105378202226, 'shap_norm_sq': 0.640000000000003, 'weighted_error': 1.0099278002363767, 'gamma': 15.999999999999927}
{'sample_size': 500, 'difference': 0, 'noise': 0, 'n': 16, 'alpha': 0.2, 'shap_error': 0.006979000751354235, 'shap_norm_sq': 10.239999999999993, 'weighted_error': 1.0140077620216645, 'gamma': 0.06250000000000003}
{'sample_size': 500, 'difference': 0, 'noise': 0, 'n': 16, 'alpha': 0.3, 'shap_error': 0.010953470951432533, 'shap_norm_sq': 7.84000000000001, 'weighted_error': 1.0162327862911325, 'gamma': 0.18367346938775472}
{'sample_size': 500, 'difference': 0, 'noise': 0, 'n': 16, 'alpha': 0.4, 'shap_error': 0.015876810625164668, 'shap_norm_sq': 5.760000000000002, 'weighted_error': 1.0113087614066194, 'gamma': 0.4444444444444443}
{'sample_size': 500, 'difference': 0, 'noise': 0, 'n': 16, 'alpha': 0.5, 'shap_error': 0.01974410210366649, 'shap_norm_sq': 3.999999999999991, 'weighted_error': 1.0041191021036662, 'gamma': 1.0000000000000018}
{'sample_size': 500, 'difference': 0, 'noise': 0, 'n': 16, 'alpha': 0.6, 'shap_error': 0.043381144404141946, 'shap_norm_sq': 2.5599999999999956, 'weighted_error': 1.0084298141796184, 'gamma': 2.2500000000000027}
{'sample_size': 500, 'difference': 0, 'noise': 0, 'n': 16, 'alpha': 0.7, 'shap_error': 0.08900171195516468, 'shap_norm_sq': 1.4400000000000075, 'weighted_error': 1.0083753144407448, 'gamma': 5.444444444444414}
{'sample_size': 500, 'difference': 0, 'noise': 0, 'n': 16, 'alpha': 0.8, 'shap_error': 0.3423513107316026, 'shap_norm_sq': 0.640000000000003, 'weighted_error': 1.0152934412957253, 'gamma': 15.999999999999927}
{'sample_size': 500, 'difference': 0, 'noise': 0, 'n': 16, 'alpha': 0.2, 'shap_error': 0.006814973749055358, 'shap_norm_sq': 10.239999999999993, 'weighted_error': 1.0113833299848833, 'gamma': 0.06250000000000003}
{'sample_size': 500, 'difference': 0, 'noise': 0, 'n': 16, 'alpha': 0.3, 'shap_error': 0.009406063290959986, 'shap_norm_sq': 7.84000000000001, 'weighted_error': 1.0078080112507815, 'gamma': 0.18367346938775472}
{'sample_size': 500, 'difference': 0, 'noise': 0, 'n': 16, 'alpha': 0.4, 'shap_error': 0.013734107254832397, 'shap_norm_sq': 5.760000000000002, 'weighted_error': 1.006487678823372, 'gamma': 0.4444444444444443}
{'sample_size': 500, 'difference': 0, 'noise': 0, 'n': 16, 'alpha': 0.5, 'shap_error': 0.03617110080543996, 'shap_norm_sq': 3.999999999999991, 'weighted_error': 1.020546100805439, 'gamma': 1.0000000000000018}
{'sample_size': 500, 'difference': 0, 'noise': 0, 'n': 16, 'alpha': 0.6, 'shap_error': 0.04863383803852661, 'shap_norm_sq': 2.5599999999999956, 'weighted_error': 1.0107643446837893, 'gamma': 2.2500000000000027}
{'sample_size': 500, 'difference': 0, 'noise': 0, 'n': 16, 'alpha': 0.7, 'shap_error': 0.09948634816585475, 'shap_norm_sq': 1.4400000000000075, 'weighted_error': 1.010301063948831, 'gamma': 5.444444444444414}
{'sample_size': 500, 'difference': 0, 'noise': 0, 'n': 16, 'alpha': 0.8, 'shap_error': 0.2251687222649138, 'shap_norm_sq': 0.640000000000003, 'weighted_error': 1.007969529516557, 'gamma': 15.999999999999927}
{'sample_size': 500, 'difference': 0, 'noise': 0, 'n': 16, 'alpha': 0.2, 'shap_error': 0.007353843478310976, 'shap_norm_sq': 10.239999999999993, 'weighted_error': 1.020005245652973, 'gamma': 0.06250000000000003}
{'sample_size': 500, 'difference': 0, 'noise': 0, 'n': 16, 'alpha': 0.3, 'shap_error': 0.01014591882070902, 'shap_norm_sq': 7.84000000000001, 'weighted_error': 1.0118361135794145, 'gamma': 0.18367346938775472}
{'sample_size': 500, 'difference': 0, 'noise': 0, 'n': 16, 'alpha': 0.4, 'shap_error': 0.016356739893640053, 'shap_norm_sq': 5.760000000000002, 'weighted_error': 1.0123886022606896, 'gamma': 0.4444444444444443}
{'sample_size': 500, 'difference': 0, 'noise': 0, 'n': 16, 'alpha': 0.5, 'shap_error': 0.02415016478649532, 'shap_norm_sq': 3.999999999999991, 'weighted_error': 1.0085251647864955, 'gamma': 1.0000000000000018}
{'sample_size': 500, 'difference': 0, 'noise': 0, 'n': 16, 'alpha': 0.6, 'shap_error': 0.047193780486456026, 'shap_norm_sq': 2.5599999999999956, 'weighted_error': 1.0101243191050917, 'gamma': 2.2500000000000027}
{'sample_size': 500, 'difference': 0, 'noise': 0, 'n': 16, 'alpha': 0.7, 'shap_error': 0.09204619552443466, 'shap_norm_sq': 1.4400000000000075, 'weighted_error': 1.0089345053004064, 'gamma': 5.444444444444414}
{'sample_size': 500, 'difference': 0, 'noise': 0, 'n': 16, 'alpha': 0.8, 'shap_error': 0.30672021025047586, 'shap_norm_sq': 0.640000000000003, 'weighted_error': 1.013066497515654, 'gamma': 15.999999999999927}
{'sample_size': 500, 'difference': 0, 'noise': 0, 'n': 16, 'alpha': 0.2, 'shap_error': 0.0070549613373902436, 'shap_norm_sq': 10.239999999999993, 'weighted_error': 1.015223131398241, 'gamma': 0.06250000000000003}
{'sample_size': 500, 'difference': 0, 'noise': 0, 'n': 16, 'alpha': 0.3, 'shap_error': 0.011279371655062567, 'shap_norm_sq': 7.84000000000001, 'weighted_error': 1.0180071345664514, 'gamma': 0.18367346938775472}
{'sample_size': 500, 'difference': 0, 'noise': 0, 'n': 16, 'alpha': 0.4, 'shap_error': 0.01843192028865711, 'shap_norm_sq': 5.760000000000002, 'weighted_error': 1.0170577581494777, 'gamma': 0.4444444444444443}
{'sample_size': 500, 'difference': 0, 'noise': 0, 'n': 16, 'alpha': 0.5, 'shap_error': 0.021274454384247715, 'shap_norm_sq': 3.999999999999991, 'weighted_error': 1.0056494543842476, 'gamma': 1.0000000000000018}
{'sample_size': 500, 'difference': 0, 'noise': 0, 'n': 16, 'alpha': 0.6, 'shap_error': 0.052613213205558784, 'shap_norm_sq': 2.5599999999999956, 'weighted_error': 1.0125329558691372, 'gamma': 2.2500000000000027}
{'sample_size': 500, 'difference': 0, 'noise': 0, 'n': 16, 'alpha': 0.7, 'shap_error': 0.13398087085547847, 'shap_norm_sq': 1.4400000000000075, 'weighted_error': 1.0166367926061086, 'gamma': 5.444444444444414}
{'sample_size': 500, 'difference': 0, 'noise': 0, 'n': 16, 'alpha': 0.8, 'shap_error': 0.19856665087454392, 'shap_norm_sq': 0.640000000000003, 'weighted_error': 1.0063069000546585, 'gamma': 15.999999999999927}
{'sample_size': 500, 'difference': 0, 'noise': 0, 'n': 16, 'alpha': 0.2, 'shap_error': 0.0067538899023991015, 'shap_norm_sq': 10.239999999999993, 'weighted_error': 1.0104059884383823, 'gamma': 0.06250000000000003}
{'sample_size': 500, 'difference': 0, 'noise': 0, 'n': 16, 'alpha': 0.3, 'shap_error': 0.010640589332451296, 'shap_norm_sq': 7.84000000000001, 'weighted_error': 1.014529319698901, 'gamma': 0.18367346938775472}
{'sample_size': 500, 'difference': 0, 'noise': 0, 'n': 16, 'alpha': 0.4, 'shap_error': 0.012816061784581938, 'shap_norm_sq': 5.760000000000002, 'weighted_error': 1.004422076515309, 'gamma': 0.4444444444444443}
{'sample_size': 500, 'difference': 0, 'noise': 0, 'n': 16, 'alpha': 0.5, 'shap_error': 0.028951502576762583, 'shap_norm_sq': 3.999999999999991, 'weighted_error': 1.013326502576762, 'gamma': 1.0000000000000018}
{'sample_size': 500, 'difference': 0, 'noise': 0, 'n': 16, 'alpha': 0.6, 'shap_error': 0.04649092587312635, 'shap_norm_sq': 2.5599999999999956, 'weighted_error': 1.009811939276945, 'gamma': 2.2500000000000027}
{'sample_size': 500, 'difference': 0, 'noise': 0, 'n': 16, 'alpha': 0.7, 'shap_error': 0.11005936427726831, 'shap_norm_sq': 1.4400000000000075, 'weighted_error': 1.0122430464999068, 'gamma': 5.444444444444414}
{'sample_size': 500, 'difference': 0, 'noise': 0, 'n': 16, 'alpha': 0.8, 'shap_error': 0.19333313797066853, 'shap_norm_sq': 0.640000000000003, 'weighted_error': 1.0059798054981666, 'gamma': 15.999999999999927}
{'sample_size': 500, 'difference': 0, 'noise': 0, 'n': 16, 'alpha': 0.2, 'shap_error': 0.006808836458474905, 'shap_norm_sq': 10.239999999999993, 'weighted_error': 1.0112851333355954, 'gamma': 0.06250000000000003}
{'sample_size': 500, 'difference': 0, 'noise': 0, 'n': 16, 'alpha': 0.3, 'shap_error': 0.009687257491720978, 'shap_norm_sq': 7.84000000000001, 'weighted_error': 1.009338957454925, 'gamma': 0.18367346938775472}
{'sample_size': 500, 'difference': 0, 'noise': 0, 'n': 16, 'alpha': 0.4, 'shap_error': 0.0260145887978319, 'shap_norm_sq': 5.760000000000002, 'weighted_error': 1.0341187622951216, 'gamma': 0.4444444444444443}
{'sample_size': 500, 'difference': 0, 'noise': 0, 'n': 16, 'alpha': 0.5, 'shap_error': 0.032068819993357894, 'shap_norm_sq': 3.999999999999991, 'weighted_error': 1.0164438199933576, 'gamma': 1.0000000000000018}
{'sample_size': 500, 'difference': 0, 'noise': 0, 'n': 16, 'alpha': 0.6, 'shap_error': 0.05162272131820334, 'shap_norm_sq': 2.5599999999999956, 'weighted_error': 1.0120927372525348, 'gamma': 2.2500000000000027}
{'sample_size': 500, 'difference': 0, 'noise': 0, 'n': 16, 'alpha': 0.7, 'shap_error': 0.10687079657029229, 'shap_norm_sq': 1.4400000000000075, 'weighted_error': 1.0116573912067888, 'gamma': 5.444444444444414}
{'sample_size': 500, 'difference': 0, 'noise': 0, 'n': 16, 'alpha': 0.8, 'shap_error': 0.5185471902450008, 'shap_norm_sq': 0.640000000000003, 'weighted_error': 1.0263056837653122, 'gamma': 15.999999999999927}
{'sample_size': 500, 'difference': 0, 'noise': 0, 'n': 16, 'alpha': 0.2, 'shap_error': 0.006775655330467306, 'shap_norm_sq': 10.239999999999993, 'weighted_error': 1.010754235287474, 'gamma': 0.06250000000000003}
{'sample_size': 500, 'difference': 0, 'noise': 0, 'n': 16, 'alpha': 0.3, 'shap_error': 0.008664656102026234, 'shap_norm_sq': 7.84000000000001, 'weighted_error': 1.0037714609999207, 'gamma': 0.18367346938775472}
{'sample_size': 500, 'difference': 0, 'noise': 0, 'n': 16, 'alpha': 0.4, 'shap_error': 0.013538170421695788, 'shap_norm_sq': 5.760000000000002, 'weighted_error': 1.006046820948815, 'gamma': 0.4444444444444443}
{'sample_size': 500, 'difference': 0, 'noise': 0, 'n': 16, 'alpha': 0.5, 'shap_error': 0.02308305208228476, 'shap_norm_sq': 3.999999999999991, 'weighted_error': 1.0074580520822842, 'gamma': 1.0000000000000018}
{'sample_size': 500, 'difference': 0, 'noise': 0, 'n': 16, 'alpha': 0.6, 'shap_error': 0.04395883894001299, 'shap_norm_sq': 2.5599999999999956, 'weighted_error': 1.0086865673066725, 'gamma': 2.2500000000000027}
{'sample_size': 500, 'difference': 0, 'noise': 0, 'n': 16, 'alpha': 0.7, 'shap_error': 0.1216486215140445, 'shap_norm_sq': 1.4400000000000075, 'weighted_error': 1.0143716855842124, 'gamma': 5.444444444444414}
{'sample_size': 500, 'difference': 0, 'noise': 0, 'n': 16, 'alpha': 0.8, 'shap_error': 0.3854846139883274, 'shap_norm_sq': 0.640000000000003, 'weighted_error': 1.0179892727492703, 'gamma': 15.999999999999927}
{'sample_size': 500, 'difference': 0, 'noise': 0, 'n': 16, 'alpha': 0.2, 'shap_error': 0.007338838856634594, 'shap_norm_sq': 10.239999999999993, 'weighted_error': 1.0197651717061498, 'gamma': 0.06250000000000003}
{'sample_size': 500, 'difference': 0, 'noise': 0, 'n': 16, 'alpha': 0.3, 'shap_error': 0.010246491912830193, 'shap_norm_sq': 7.84000000000001, 'weighted_error': 1.0123836781920752, 'gamma': 0.18367346938775472}
{'sample_size': 500, 'difference': 0, 'noise': 0, 'n': 16, 'alpha': 0.4, 'shap_error': 0.014848971226498475, 'shap_norm_sq': 5.760000000000002, 'weighted_error': 1.008996122759621, 'gamma': 0.4444444444444443}
{'sample_size': 500, 'difference': 0, 'noise': 0, 'n': 16, 'alpha': 0.5, 'shap_error': 0.028755712585045053, 'shap_norm_sq': 3.999999999999991, 'weighted_error': 1.0131307125850446, 'gamma': 1.0000000000000018}
{'sample_size': 500, 'difference': 0, 'noise': 0, 'n': 16, 'alpha': 0.6, 'shap_error': 0.04271003970289687, 'shap_norm_sq': 2.5599999999999956, 'weighted_error': 1.0081315454235096, 'gamma': 2.2500000000000027}
{'sample_size': 500, 'difference': 0, 'noise': 0, 'n': 16, 'alpha': 0.7, 'shap_error': 0.10240666241236673, 'shap_norm_sq': 1.4400000000000075, 'weighted_error': 1.0108374481981897, 'gamma': 5.444444444444414}
{'sample_size': 500, 'difference': 0, 'noise': 0, 'n': 16, 'alpha': 0.8, 'shap_error': 0.4031073676597143, 'shap_norm_sq': 0.640000000000003, 'weighted_error': 1.0190906948537326, 'gamma': 15.999999999999927}
{'sample_size': 500, 'difference': 0, 'noise': 0, 'n': 16, 'alpha': 0.2, 'shap_error': 0.006833188925853689, 'shap_norm_sq': 10.239999999999993, 'weighted_error': 1.0116747728136553, 'gamma': 0.06250000000000003}
{'sample_size': 500, 'difference': 0, 'noise': 0, 'n': 16, 'alpha': 0.3, 'shap_error': 0.009035910017547234, 'shap_norm_sq': 7.84000000000001, 'weighted_error': 1.0057927323177567, 'gamma': 0.18367346938775472}
{'sample_size': 500, 'difference': 0, 'noise': 0, 'n': 16, 'alpha': 0.4, 'shap_error': 0.013987844768896507, 'shap_norm_sq': 5.760000000000002, 'weighted_error': 1.007058588230016, 'gamma': 0.4444444444444443}
{'sample_size': 500, 'difference': 0, 'noise': 0, 'n': 16, 'alpha': 0.5, 'shap_error': 0.02850238525391667, 'shap_norm_sq': 3.999999999999991, 'weighted_error': 1.0128773852539161, 'gamma': 1.0000000000000018}
{'sample_size': 500, 'difference': 0, 'noise': 0, 'n': 16, 'alpha': 0.6, 'shap_error': 0.04965301882108428, 'shap_norm_sq': 2.5599999999999956, 'weighted_error': 1.0112173139204816, 'gamma': 2.2500000000000027}
{'sample_size': 500, 'difference': 0, 'noise': 0, 'n': 16, 'alpha': 0.7, 'shap_error': 0.16678373363808915, 'shap_norm_sq': 1.4400000000000075, 'weighted_error': 1.0226618082192411, 'gamma': 5.444444444444414}
{'sample_size': 500, 'difference': 0, 'noise': 0, 'n': 16, 'alpha': 0.8, 'shap_error': 0.44721130994042796, 'shap_norm_sq': 0.640000000000003, 'weighted_error': 1.0218471912462763, 'gamma': 15.999999999999927}
{'sample_size': 500, 'difference': 0, 'noise': 0, 'n': 16, 'alpha': 0.2, 'shap_error': 0.006669374503789523, 'shap_norm_sq': 10.239999999999993, 'weighted_error': 1.0090537420606296, 'gamma': 0.06250000000000003}
{'sample_size': 500, 'difference': 0, 'noise': 0, 'n': 16, 'alpha': 0.3, 'shap_error': 0.011077180746470667, 'shap_norm_sq': 7.84000000000001, 'weighted_error': 1.0169063173974504, 'gamma': 0.18367346938775472}
{'sample_size': 500, 'difference': 0, 'noise': 0, 'n': 16, 'alpha': 0.4, 'shap_error': 0.013914401656490247, 'shap_norm_sq': 5.760000000000002, 'weighted_error': 1.0068933412271024, 'gamma': 0.4444444444444443}
{'sample_size': 500, 'difference': 0, 'noise': 0, 'n': 16, 'alpha': 0.5, 'shap_error': 0.03861440981192922, 'shap_norm_sq': 3.999999999999991, 'weighted_error': 1.0229894098119277, 'gamma': 1.0000000000000018}
{'sample_size': 500, 'difference': 0, 'noise': 0, 'n': 16, 'alpha': 0.6, 'shap_error': 0.03340264380867088, 'shap_norm_sq': 2.5599999999999956, 'weighted_error': 1.0039949250260758, 'gamma': 2.2500000000000027}
{'sample_size': 500, 'difference': 0, 'noise': 0, 'n': 16, 'alpha': 0.7, 'shap_error': 0.10051098056669307, 'shap_norm_sq': 1.4400000000000075, 'weighted_error': 1.0104892617367398, 'gamma': 5.444444444444414}
{'sample_size': 500, 'difference': 0, 'noise': 0, 'n': 16, 'alpha': 0.8, 'shap_error': 0.18203825433008475, 'shap_norm_sq': 0.640000000000003, 'weighted_error': 1.0052738752706303, 'gamma': 15.999999999999927}
{'sample_size': 500, 'difference': 0, 'noise': 0, 'n': 16, 'alpha': 0.2, 'shap_error': 0.006446146302009259, 'shap_norm_sq': 10.239999999999993, 'weighted_error': 1.005482090832145, 'gamma': 0.06250000000000003}
{'sample_size': 500, 'difference': 0, 'noise': 0, 'n': 16, 'alpha': 0.3, 'shap_error': 0.009842906796961925, 'shap_norm_sq': 7.84000000000001, 'weighted_error': 1.0101863814501253, 'gamma': 0.18367346938775472}
{'sample_size': 500, 'difference': 0, 'noise': 0, 'n': 16, 'alpha': 0.4, 'shap_error': 0.015833155675106216, 'shap_norm_sq': 5.760000000000002, 'weighted_error': 1.0112105377689886, 'gamma': 0.4444444444444443}
{'sample_size': 500, 'difference': 0, 'noise': 0, 'n': 16, 'alpha': 0.5, 'shap_error': 0.0212967577890961, 'shap_norm_sq': 3.999999999999991, 'weighted_error': 1.005671757789096, 'gamma': 1.0000000000000018}
{'sample_size': 500, 'difference': 0, 'noise': 0, 'n': 16, 'alpha': 0.6, 'shap_error': 0.04223579384872917, 'shap_norm_sq': 2.5599999999999956, 'weighted_error': 1.0079207694883243, 'gamma': 2.2500000000000027}
{'sample_size': 500, 'difference': 0, 'noise': 0, 'n': 16, 'alpha': 0.7, 'shap_error': 0.0947449783087249, 'shap_norm_sq': 1.4400000000000075, 'weighted_error': 1.009430200097521, 'gamma': 5.444444444444414}
{'sample_size': 500, 'difference': 0, 'noise': 0, 'n': 16, 'alpha': 0.8, 'shap_error': 0.3062908289948333, 'shap_norm_sq': 0.640000000000003, 'weighted_error': 1.0130396611871773, 'gamma': 15.999999999999927}
{'sample_size': 500, 'difference': 0, 'noise': 0, 'n': 16, 'alpha': 0.2, 'shap_error': 0.006649872332015805, 'shap_norm_sq': 10.239999999999993, 'weighted_error': 1.008741707312249, 'gamma': 0.06250000000000003}
{'sample_size': 500, 'difference': 0, 'noise': 0, 'n': 16, 'alpha': 0.3, 'shap_error': 0.010542515158079939, 'shap_norm_sq': 7.84000000000001, 'weighted_error': 1.0139953603051008, 'gamma': 0.18367346938775472}
{'sample_size': 500, 'difference': 0, 'noise': 0, 'n': 16, 'alpha': 0.4, 'shap_error': 0.016860969163909556, 'shap_norm_sq': 5.760000000000002, 'weighted_error': 1.013523118118795, 'gamma': 0.4444444444444443}
{'sample_size': 500, 'difference': 0, 'noise': 0, 'n': 16, 'alpha': 0.5, 'shap_error': 0.041016401901069637, 'shap_norm_sq': 3.999999999999991, 'weighted_error': 1.0253914019010697, 'gamma': 1.0000000000000018}
{'sample_size': 500, 'difference': 0, 'noise': 0, 'n': 16, 'alpha': 0.6, 'shap_error': 0.05493228614283971, 'shap_norm_sq': 2.5599999999999956, 'weighted_error': 1.013563654952373, 'gamma': 2.2500000000000027}
{'sample_size': 500, 'difference': 0, 'noise': 0, 'n': 16, 'alpha': 0.7, 'shap_error': 0.10986791713887692, 'shap_norm_sq': 1.4400000000000075, 'weighted_error': 1.012207882739794, 'gamma': 5.444444444444414}
{'sample_size': 500, 'difference': 0, 'noise': 0, 'n': 16, 'alpha': 0.8, 'shap_error': 0.2147421832860656, 'shap_norm_sq': 0.640000000000003, 'weighted_error': 1.0073178708303787, 'gamma': 15.999999999999927}
{'sample_size': 500, 'difference': 0, 'noise': 0, 'n': 16, 'alpha': 0.2, 'shap_error': 0.006526183978645864, 'shap_norm_sq': 10.239999999999993, 'weighted_error': 1.006762693658331, 'gamma': 0.06250000000000003}
{'sample_size': 500, 'difference': 0, 'noise': 0, 'n': 16, 'alpha': 0.3, 'shap_error': 0.00992442823757007, 'shap_norm_sq': 7.84000000000001, 'weighted_error': 1.010630220404548, 'gamma': 0.18367346938775472}
{'sample_size': 500, 'difference': 0, 'noise': 0, 'n': 16, 'alpha': 0.4, 'shap_error': 0.014352687582305661, 'shap_norm_sq': 5.760000000000002, 'weighted_error': 1.0078794845601877, 'gamma': 0.4444444444444443}
{'sample_size': 500, 'difference': 0, 'noise': 0, 'n': 16, 'alpha': 0.5, 'shap_error': 0.02906094935132175, 'shap_norm_sq': 3.999999999999991, 'weighted_error': 1.0134359493513212, 'gamma': 1.0000000000000018}
{'sample_size': 500, 'difference': 0, 'noise': 0, 'n': 16, 'alpha': 0.6, 'shap_error': 0.04555931376487267, 'shap_norm_sq': 2.5599999999999956, 'weighted_error': 1.0093978894510547, 'gamma': 2.2500000000000027}
{'sample_size': 500, 'difference': 0, 'noise': 0, 'n': 16, 'alpha': 0.7, 'shap_error': 0.19233593864400958, 'shap_norm_sq': 1.4400000000000075, 'weighted_error': 1.027355070363185, 'gamma': 5.444444444444414}
{'sample_size': 500, 'difference': 0, 'noise': 0, 'n': 16, 'alpha': 0.8, 'shap_error': 0.1595873709481164, 'shap_norm_sq': 0.640000000000003, 'weighted_error': 1.0038706950592569, 'gamma': 15.999999999999927}
{'sample_size': 500, 'difference': 0, 'noise': 0, 'n': 16, 'alpha': 0.2, 'shap_error': 0.0070880229654255176, 'shap_norm_sq': 10.239999999999993, 'weighted_error': 1.015752117446805, 'gamma': 0.06250000000000003}
{'sample_size': 500, 'difference': 0, 'noise': 0, 'n': 16, 'alpha': 0.3, 'shap_error': 0.009073808096144024, 'shap_norm_sq': 7.84000000000001, 'weighted_error': 1.005999066301228, 'gamma': 0.18367346938775472}
{'sample_size': 500, 'difference': 0, 'noise': 0, 'n': 16, 'alpha': 0.4, 'shap_error': 0.01421098309393904, 'shap_norm_sq': 5.760000000000002, 'weighted_error': 1.007560649461362, 'gamma': 0.4444444444444443}
{'sample_size': 500, 'difference': 0, 'noise': 0, 'n': 16, 'alpha': 0.5, 'shap_error': 0.03662228878791581, 'shap_norm_sq': 3.999999999999991, 'weighted_error': 1.0209972887879155, 'gamma': 1.0000000000000018}
{'sample_size': 500, 'difference': 0, 'noise': 0, 'n': 16, 'alpha': 0.6, 'shap_error': 0.04892163151628508, 'shap_norm_sq': 2.5599999999999956, 'weighted_error': 1.0108922528961268, 'gamma': 2.2500000000000027}
{'sample_size': 500, 'difference': 0, 'noise': 0, 'n': 16, 'alpha': 0.7, 'shap_error': 0.08247466427558127, 'shap_norm_sq': 1.4400000000000075, 'weighted_error': 1.0071764689485763, 'gamma': 5.444444444444414}
{'sample_size': 500, 'difference': 0, 'noise': 0, 'n': 16, 'alpha': 0.8, 'shap_error': 0.27874979171651953, 'shap_norm_sq': 0.640000000000003, 'weighted_error': 1.0113183463572821, 'gamma': 15.999999999999927}
{'sample_size': 500, 'difference': 0, 'noise': 0, 'n': 16, 'alpha': 0.2, 'shap_error': 0.007120314873479333, 'shap_norm_sq': 10.239999999999993, 'weighted_error': 1.0162687879756667, 'gamma': 0.06250000000000003}
{'sample_size': 500, 'difference': 0, 'noise': 0, 'n': 16, 'alpha': 0.3, 'shap_error': 0.010998714866671155, 'shap_norm_sq': 7.84000000000001, 'weighted_error': 1.0164791142740985, 'gamma': 0.18367346938775472}
{'sample_size': 500, 'difference': 0, 'noise': 0, 'n': 16, 'alpha': 0.4, 'shap_error': 0.014935272201942271, 'shap_norm_sq': 5.760000000000002, 'weighted_error': 1.0091902999543698, 'gamma': 0.4444444444444443}
{'sample_size': 500, 'difference': 0, 'noise': 0, 'n': 16, 'alpha': 0.5, 'shap_error': 0.024878804170058735, 'shap_norm_sq': 3.999999999999991, 'weighted_error': 1.0092538041700587, 'gamma': 1.0000000000000018}
{'sample_size': 500, 'difference': 0, 'noise': 0, 'n': 16, 'alpha': 0.6, 'shap_error': 0.06723815407800997, 'shap_norm_sq': 2.5599999999999956, 'weighted_error': 1.0190329295902265, 'gamma': 2.2500000000000027}
{'sample_size': 500, 'difference': 0, 'noise': 0, 'n': 16, 'alpha': 0.7, 'shap_error': 0.13245267798198457, 'shap_norm_sq': 1.4400000000000075, 'weighted_error': 1.0163561041191402, 'gamma': 5.444444444444414}
{'sample_size': 500, 'difference': 0, 'noise': 0, 'n': 16, 'alpha': 0.8, 'shap_error': 0.24822921604997147, 'shap_norm_sq': 0.640000000000003, 'weighted_error': 1.0094108103781232, 'gamma': 15.999999999999927}
{'sample_size': 500, 'difference': 0, 'noise': 0, 'n': 16, 'alpha': 0.2, 'shap_error': 0.0070152445726520294, 'shap_norm_sq': 10.239999999999993, 'weighted_error': 1.0145876631624298, 'gamma': 0.06250000000000003}
{'sample_size': 500, 'difference': 0, 'noise': 0, 'n': 16, 'alpha': 0.3, 'shap_error': 0.011662395823632586, 'shap_norm_sq': 7.84000000000001, 'weighted_error': 1.02009248837311, 'gamma': 0.18367346938775472}
{'sample_size': 500, 'difference': 0, 'noise': 0, 'n': 16, 'alpha': 0.4, 'shap_error': 0.013261816016132716, 'shap_norm_sq': 5.760000000000002, 'weighted_error': 1.005425023536298, 'gamma': 0.4444444444444443}
{'sample_size': 500, 'difference': 0, 'noise': 0, 'n': 16, 'alpha': 0.5, 'shap_error': 0.03135938353795204, 'shap_norm_sq': 3.999999999999991, 'weighted_error': 1.0157343835379515, 'gamma': 1.0000000000000018}
{'sample_size': 500, 'difference': 0, 'noise': 0, 'n': 16, 'alpha': 0.6, 'shap_error': 0.050781471094069705, 'shap_norm_sq': 2.5599999999999956, 'weighted_error': 1.0117188482640307, 'gamma': 2.2500000000000027}
{'sample_size': 500, 'difference': 0, 'noise': 0, 'n': 16, 'alpha': 0.7, 'shap_error': 0.1172959911640974, 'shap_norm_sq': 1.4400000000000075, 'weighted_error': 1.0135722228668755, 'gamma': 5.444444444444414}
{'sample_size': 500, 'difference': 0, 'noise': 0, 'n': 16, 'alpha': 0.8, 'shap_error': 0.6440100335799351, 'shap_norm_sq': 0.640000000000003, 'weighted_error': 1.0341471114737462, 'gamma': 15.999999999999927}
{'sample_size': 500, 'difference': 0, 'noise': 0, 'n': 16, 'alpha': 0.2, 'shap_error': 0.00661776764439806, 'shap_norm_sq': 10.239999999999993, 'weighted_error': 1.0082280323103665, 'gamma': 0.06250000000000003}
{'sample_size': 500, 'difference': 0, 'noise': 0, 'n': 16, 'alpha': 0.3, 'shap_error': 0.01039607517210144, 'shap_norm_sq': 7.84000000000001, 'weighted_error': 1.0131980759369954, 'gamma': 0.18367346938775472}
{'sample_size': 500, 'difference': 0, 'noise': 0, 'n': 16, 'alpha': 0.4, 'shap_error': 0.013292424695903462, 'shap_norm_sq': 5.760000000000002, 'weighted_error': 1.0054938930657822, 'gamma': 0.4444444444444443}
{'sample_size': 500, 'difference': 0, 'noise': 0, 'n': 16, 'alpha': 0.5, 'shap_error': 0.02266056163673102, 'shap_norm_sq': 3.999999999999991, 'weighted_error': 1.0070355616367304, 'gamma': 1.0000000000000018}
{'sample_size': 500, 'difference': 0, 'noise': 0, 'n': 16, 'alpha': 0.6, 'shap_error': 0.05278941203912752, 'shap_norm_sq': 2.5599999999999956, 'weighted_error': 1.012611266461834, 'gamma': 2.2500000000000027}
{'sample_size': 500, 'difference': 0, 'noise': 0, 'n': 16, 'alpha': 0.7, 'shap_error': 0.10311219023166385, 'shap_norm_sq': 1.4400000000000075, 'weighted_error': 1.0109670349405095, 'gamma': 5.444444444444414}
{'sample_size': 500, 'difference': 0, 'noise': 0, 'n': 16, 'alpha': 0.8, 'shap_error': 0.3221881243621451, 'shap_norm_sq': 0.640000000000003, 'weighted_error': 1.0140332421476348, 'gamma': 15.999999999999927}
{'sample_size': 500, 'difference': 0, 'noise': 0, 'n': 16, 'alpha': 0.2, 'shap_error': 0.006590194137609528, 'shap_norm_sq': 10.239999999999993, 'weighted_error': 1.0077868562017493, 'gamma': 0.06250000000000003}
{'sample_size': 500, 'difference': 0, 'noise': 0, 'n': 16, 'alpha': 0.3, 'shap_error': 0.010139057684435227, 'shap_norm_sq': 7.84000000000001, 'weighted_error': 1.0117987585041457, 'gamma': 0.18367346938775472}
{'sample_size': 500, 'difference': 0, 'noise': 0, 'n': 16, 'alpha': 0.4, 'shap_error': 0.015066577593823719, 'shap_norm_sq': 5.760000000000002, 'weighted_error': 1.0094857370861032, 'gamma': 0.4444444444444443}
{'sample_size': 500, 'difference': 0, 'noise': 0, 'n': 16, 'alpha': 0.5, 'shap_error': 0.02689534569507383, 'shap_norm_sq': 3.999999999999991, 'weighted_error': 1.0112703456950733, 'gamma': 1.0000000000000018}
{'sample_size': 500, 'difference': 0, 'noise': 0, 'n': 16, 'alpha': 0.6, 'shap_error': 0.05413357505188875, 'shap_norm_sq': 2.5599999999999956, 'weighted_error': 1.0132086722452838, 'gamma': 2.2500000000000027}
{'sample_size': 500, 'difference': 0, 'noise': 0, 'n': 16, 'alpha': 0.7, 'shap_error': 0.11479937537789818, 'shap_norm_sq': 1.4400000000000075, 'weighted_error': 1.0131136607836955, 'gamma': 5.444444444444414}
{'sample_size': 500, 'difference': 0, 'noise': 0, 'n': 16, 'alpha': 0.8, 'shap_error': 0.24654651060476704, 'shap_norm_sq': 0.640000000000003, 'weighted_error': 1.0093056412877977, 'gamma': 15.999999999999927}
{'sample_size': 500, 'difference': 0, 'noise': 0, 'n': 16, 'alpha': 0.2, 'shap_error': 0.00697577120494555, 'shap_norm_sq': 10.239999999999993, 'weighted_error': 1.0139560892791253, 'gamma': 0.06250000000000003}
{'sample_size': 500, 'difference': 0, 'noise': 0, 'n': 16, 'alpha': 0.3, 'shap_error': 0.009120916022318246, 'shap_norm_sq': 7.84000000000001, 'weighted_error': 1.0062555427881756, 'gamma': 0.18367346938775472}
{'sample_size': 500, 'difference': 0, 'noise': 0, 'n': 16, 'alpha': 0.4, 'shap_error': 0.016003687481502202, 'shap_norm_sq': 5.760000000000002, 'weighted_error': 1.0115942343333792, 'gamma': 0.4444444444444443}
{'sample_size': 500, 'difference': 0, 'noise': 0, 'n': 16, 'alpha': 0.5, 'shap_error': 0.05024468135455095, 'shap_norm_sq': 3.999999999999991, 'weighted_error': 1.0346196813545503, 'gamma': 1.0000000000000018}
{'sample_size': 500, 'difference': 0, 'noise': 0, 'n': 16, 'alpha': 0.6, 'shap_error': 0.0943279347447893, 'shap_norm_sq': 2.5599999999999956, 'weighted_error': 1.0310728321087945, 'gamma': 2.2500000000000027}
{'sample_size': 500, 'difference': 0, 'noise': 0, 'n': 16, 'alpha': 0.7, 'shap_error': 0.09604812198879288, 'shap_norm_sq': 1.4400000000000075, 'weighted_error': 1.0096695530183502, 'gamma': 5.444444444444414}
{'sample_size': 500, 'difference': 0, 'noise': 0, 'n': 16, 'alpha': 0.8, 'shap_error': 0.39214092786004967, 'shap_norm_sq': 0.640000000000003, 'weighted_error': 1.0184052923662532, 'gamma': 15.999999999999927}
{'sample_size': 500, 'difference': 0, 'noise': 0, 'n': 16, 'alpha': 0.2, 'shap_error': 0.006416162585600023, 'shap_norm_sq': 10.239999999999993, 'weighted_error': 1.0050023513695967, 'gamma': 0.06250000000000003}
{'sample_size': 500, 'difference': 0, 'noise': 0, 'n': 16, 'alpha': 0.3, 'shap_error': 0.011128132360038265, 'shap_norm_sq': 7.84000000000001, 'weighted_error': 1.0171837206268743, 'gamma': 0.18367346938775472}
{'sample_size': 500, 'difference': 0, 'noise': 0, 'n': 16, 'alpha': 0.4, 'shap_error': 0.01622272056588725, 'shap_norm_sq': 5.760000000000002, 'weighted_error': 1.0120870587732451, 'gamma': 0.4444444444444443}
{'sample_size': 500, 'difference': 0, 'noise': 0, 'n': 16, 'alpha': 0.5, 'shap_error': 0.02730896994238263, 'shap_norm_sq': 3.999999999999991, 'weighted_error': 1.011683969942382, 'gamma': 1.0000000000000018}
{'sample_size': 500, 'difference': 0, 'noise': 0, 'n': 16, 'alpha': 0.6, 'shap_error': 0.06058143432350223, 'shap_norm_sq': 2.5599999999999956, 'weighted_error': 1.0160743874771125, 'gamma': 2.2500000000000027}
{'sample_size': 500, 'difference': 0, 'noise': 0, 'n': 16, 'alpha': 0.7, 'shap_error': 0.09398320728773879, 'shap_norm_sq': 1.4400000000000075, 'weighted_error': 1.0092902829712171, 'gamma': 5.444444444444414}
{'sample_size': 500, 'difference': 0, 'noise': 0, 'n': 16, 'alpha': 0.8, 'shap_error': 0.5279098342820393, 'shap_norm_sq': 0.640000000000003, 'weighted_error': 1.0268908490176272, 'gamma': 15.999999999999927}
{'sample_size': 500, 'difference': 0, 'noise': 0, 'n': 16, 'alpha': 0.2, 'shap_error': 0.006468936545810128, 'shap_norm_sq': 10.239999999999993, 'weighted_error': 1.0058467347329596, 'gamma': 0.06250000000000003}
{'sample_size': 500, 'difference': 0, 'noise': 0, 'n': 16, 'alpha': 0.3, 'shap_error': 0.009684083218830047, 'shap_norm_sq': 7.84000000000001, 'weighted_error': 1.0093216753025183, 'gamma': 0.18367346938775472}
{'sample_size': 500, 'difference': 0, 'noise': 0, 'n': 16, 'alpha': 0.4, 'shap_error': 0.014703311344675075, 'shap_norm_sq': 5.760000000000002, 'weighted_error': 1.008668388025518, 'gamma': 0.4444444444444443}
{'sample_size': 500, 'difference': 0, 'noise': 0, 'n': 16, 'alpha': 0.5, 'shap_error': 0.027393191976000614, 'shap_norm_sq': 3.999999999999991, 'weighted_error': 1.0117681919760004, 'gamma': 1.0000000000000018}
{'sample_size': 500, 'difference': 0, 'noise': 0, 'n': 16, 'alpha': 0.6, 'shap_error': 0.0659213633147328, 'shap_norm_sq': 2.5599999999999956, 'weighted_error': 1.0184476892509922, 'gamma': 2.2500000000000027}
{'sample_size': 500, 'difference': 0, 'noise': 0, 'n': 16, 'alpha': 0.7, 'shap_error': 0.111805897581228, 'shap_norm_sq': 1.4400000000000075, 'weighted_error': 1.012563838331246, 'gamma': 5.444444444444414}
{'sample_size': 500, 'difference': 0, 'noise': 0, 'n': 16, 'alpha': 0.8, 'shap_error': 0.24239971593546714, 'shap_norm_sq': 0.640000000000003, 'weighted_error': 1.0090464666209666, 'gamma': 15.999999999999927}
{'sample_size': 500, 'difference': 0, 'noise': 0, 'n': 16, 'alpha': 0.2, 'shap_error': 0.006782862394788248, 'shap_norm_sq': 10.239999999999993, 'weighted_error': 1.0108695483166095, 'gamma': 0.06250000000000003}
{'sample_size': 500, 'difference': 0, 'noise': 0, 'n': 16, 'alpha': 0.3, 'shap_error': 0.009812230467551414, 'shap_norm_sq': 7.84000000000001, 'weighted_error': 1.0100193658788903, 'gamma': 0.18367346938775472}
{'sample_size': 500, 'difference': 0, 'noise': 0, 'n': 16, 'alpha': 0.4, 'shap_error': 0.01744619881715949, 'shap_norm_sq': 5.760000000000002, 'weighted_error': 1.0148398848386084, 'gamma': 0.4444444444444443}
{'sample_size': 500, 'difference': 0, 'noise': 0, 'n': 16, 'alpha': 0.5, 'shap_error': 0.02253518760850769, 'shap_norm_sq': 3.999999999999991, 'weighted_error': 1.0069101876085074, 'gamma': 1.0000000000000018}
{'sample_size': 500, 'difference': 0, 'noise': 0, 'n': 16, 'alpha': 0.6, 'shap_error': 0.06164312151998748, 'shap_norm_sq': 2.5599999999999956, 'weighted_error': 1.0165462484533276, 'gamma': 2.2500000000000027}
{'sample_size': 500, 'difference': 0, 'noise': 0, 'n': 16, 'alpha': 0.7, 'shap_error': 0.08857622537489938, 'shap_norm_sq': 1.4400000000000075, 'weighted_error': 1.0082971638443694, 'gamma': 5.444444444444414}
{'sample_size': 500, 'difference': 0, 'noise': 0, 'n': 16, 'alpha': 0.8, 'shap_error': 0.21945359233251607, 'shap_norm_sq': 0.640000000000003, 'weighted_error': 1.0076123338957816, 'gamma': 15.999999999999927}
{'sample_size': 500, 'difference': 0, 'noise': 0, 'n': 16, 'alpha': 0.2, 'shap_error': 0.0067825877374892195, 'shap_norm_sq': 10.239999999999993, 'weighted_error': 1.0108651537998246, 'gamma': 0.06250000000000003}
{'sample_size': 500, 'difference': 0, 'noise': 0, 'n': 16, 'alpha': 0.3, 'shap_error': 0.011707353659723729, 'shap_norm_sq': 7.84000000000001, 'weighted_error': 1.020337258814051, 'gamma': 0.18367346938775472}
{'sample_size': 500, 'difference': 0, 'noise': 0, 'n': 16, 'alpha': 0.4, 'shap_error': 0.015891833266020748, 'shap_norm_sq': 5.760000000000002, 'weighted_error': 1.0113425623485466, 'gamma': 0.4444444444444443}
{'sample_size': 500, 'difference': 0, 'noise': 0, 'n': 16, 'alpha': 0.5, 'shap_error': 0.04421268049775018, 'shap_norm_sq': 3.999999999999991, 'weighted_error': 1.0285876804977494, 'gamma': 1.0000000000000018}
{'sample_size': 500, 'difference': 0, 'noise': 0, 'n': 16, 'alpha': 0.6, 'shap_error': 0.039251247989852696, 'shap_norm_sq': 2.5599999999999956, 'weighted_error': 1.0065943046621566, 'gamma': 2.2500000000000027}
{'sample_size': 500, 'difference': 0, 'noise': 0, 'n': 16, 'alpha': 0.7, 'shap_error': 0.14329761769184415, 'shap_norm_sq': 1.4400000000000075, 'weighted_error': 1.0183480318209515, 'gamma': 5.444444444444414}
{'sample_size': 500, 'difference': 0, 'noise': 0, 'n': 16, 'alpha': 0.8, 'shap_error': 0.25802479069756035, 'shap_norm_sq': 0.640000000000003, 'weighted_error': 1.010023033793597, 'gamma': 15.999999999999927}
{'sample_size': 500, 'difference': 0, 'noise': 0, 'n': 16, 'alpha': 0.2, 'shap_error': 0.007250111224981381, 'shap_norm_sq': 10.239999999999993, 'weighted_error': 1.0183455295996988, 'gamma': 0.06250000000000003}
{'sample_size': 500, 'difference': 0, 'noise': 0, 'n': 16, 'alpha': 0.3, 'shap_error': 0.009294700512825492, 'shap_norm_sq': 7.84000000000001, 'weighted_error': 1.0072017027920488, 'gamma': 0.18367346938775472}
{'sample_size': 500, 'difference': 0, 'noise': 0, 'n': 16, 'alpha': 0.4, 'shap_error': 0.013511267347528869, 'shap_norm_sq': 5.760000000000002, 'weighted_error': 1.005986289031939, 'gamma': 0.4444444444444443}
{'sample_size': 500, 'difference': 0, 'noise': 0, 'n': 16, 'alpha': 0.5, 'shap_error': 0.033738586081990436, 'shap_norm_sq': 3.999999999999991, 'weighted_error': 1.0181135860819894, 'gamma': 1.0000000000000018}
{'sample_size': 500, 'difference': 0, 'noise': 0, 'n': 16, 'alpha': 0.6, 'shap_error': 0.053223195538498386, 'shap_norm_sq': 2.5599999999999956, 'weighted_error': 1.012804059128221, 'gamma': 2.2500000000000027}
{'sample_size': 500, 'difference': 0, 'noise': 0, 'n': 16, 'alpha': 0.7, 'shap_error': 0.10494404329404979, 'shap_norm_sq': 1.4400000000000075, 'weighted_error': 1.0113034977478865, 'gamma': 5.444444444444414}
{'sample_size': 500, 'difference': 0, 'noise': 0, 'n': 16, 'alpha': 0.8, 'shap_error': 0.3297774175868877, 'shap_norm_sq': 0.640000000000003, 'weighted_error': 1.0145075729741804, 'gamma': 15.999999999999927}
{'sample_size': 500, 'difference': 0, 'noise': 0, 'n': 16, 'alpha': 0.2, 'shap_error': 0.006558790438162796, 'shap_norm_sq': 10.239999999999993, 'weighted_error': 1.0072843970106011, 'gamma': 0.06250000000000003}
{'sample_size': 500, 'difference': 0, 'noise': 0, 'n': 16, 'alpha': 0.3, 'shap_error': 0.00917393597734314, 'shap_norm_sq': 7.84000000000001, 'weighted_error': 1.0065442069877557, 'gamma': 0.18367346938775472}
{'sample_size': 500, 'difference': 0, 'noise': 0, 'n': 16, 'alpha': 0.4, 'shap_error': 0.01879898594637602, 'shap_norm_sq': 5.760000000000002, 'weighted_error': 1.0178836558793454, 'gamma': 0.4444444444444443}
{'sample_size': 500, 'difference': 0, 'noise': 0, 'n': 16, 'alpha': 0.5, 'shap_error': 0.023410454627002128, 'shap_norm_sq': 3.999999999999991, 'weighted_error': 1.007785454627002, 'gamma': 1.0000000000000018}
{'sample_size': 500, 'difference': 0, 'noise': 0, 'n': 16, 'alpha': 0.6, 'shap_error': 0.0662658871772595, 'shap_norm_sq': 2.5599999999999956, 'weighted_error': 1.0186008109676705, 'gamma': 2.2500000000000027}
{'sample_size': 500, 'difference': 0, 'noise': 0, 'n': 16, 'alpha': 0.7, 'shap_error': 0.07908921580827978, 'shap_norm_sq': 1.4400000000000075, 'weighted_error': 1.0065546518831536, 'gamma': 5.444444444444414}
{'sample_size': 500, 'difference': 0, 'noise': 0, 'n': 16, 'alpha': 0.8, 'shap_error': 0.21640248782549104, 'shap_norm_sq': 0.640000000000003, 'weighted_error': 1.0074216398640934, 'gamma': 15.999999999999927}
{'sample_size': 500, 'difference': 0, 'noise': 0, 'n': 16, 'alpha': 0.2, 'shap_error': 0.007014299684698695, 'shap_norm_sq': 10.239999999999993, 'weighted_error': 1.0145725449551766, 'gamma': 0.06250000000000003}
{'sample_size': 500, 'difference': 0, 'noise': 0, 'n': 16, 'alpha': 0.3, 'shap_error': 0.009115920034446653, 'shap_norm_sq': 7.84000000000001, 'weighted_error': 1.0062283424097649, 'gamma': 0.18367346938775472}
{'sample_size': 500, 'difference': 0, 'noise': 0, 'n': 16, 'alpha': 0.4, 'shap_error': 0.015418823976284479, 'shap_norm_sq': 5.760000000000002, 'weighted_error': 1.0102782914466388, 'gamma': 0.4444444444444443}
{'sample_size': 500, 'difference': 0, 'noise': 0, 'n': 16, 'alpha': 0.5, 'shap_error': 0.03002441717205728, 'shap_norm_sq': 3.999999999999991, 'weighted_error': 1.0143994171720567, 'gamma': 1.0000000000000018}
{'sample_size': 500, 'difference': 0, 'noise': 0, 'n': 16, 'alpha': 0.6, 'shap_error': 0.06824632208230794, 'shap_norm_sq': 2.5599999999999956, 'weighted_error': 1.0194810042588032, 'gamma': 2.2500000000000027}
{'sample_size': 500, 'difference': 0, 'noise': 0, 'n': 16, 'alpha': 0.7, 'shap_error': 0.08566412802408338, 'shap_norm_sq': 1.4400000000000075, 'weighted_error': 1.0077622888207498, 'gamma': 5.444444444444414}
{'sample_size': 500, 'difference': 0, 'noise': 0, 'n': 16, 'alpha': 0.8, 'shap_error': 0.6717573135825233, 'shap_norm_sq': 0.640000000000003, 'weighted_error': 1.035881316473908, 'gamma': 15.999999999999927}
{'sample_size': 500, 'difference': 0, 'noise': 0, 'n': 16, 'alpha': 0.2, 'shap_error': 0.007676932640324663, 'shap_norm_sq': 10.239999999999993, 'weighted_error': 1.025174672245191, 'gamma': 0.06250000000000003}
{'sample_size': 500, 'difference': 0, 'noise': 0, 'n': 16, 'alpha': 0.3, 'shap_error': 0.009441645307027884, 'shap_norm_sq': 7.84000000000001, 'weighted_error': 1.0080017355604847, 'gamma': 0.18367346938775472}
{'sample_size': 500, 'difference': 0, 'noise': 0, 'n': 16, 'alpha': 0.4, 'shap_error': 0.013600203184541679, 'shap_norm_sq': 5.760000000000002, 'weighted_error': 1.0061863946652183, 'gamma': 0.4444444444444443}
{'sample_size': 500, 'difference': 0, 'noise': 0, 'n': 16, 'alpha': 0.5, 'shap_error': 0.02313891841100409, 'shap_norm_sq': 3.999999999999991, 'weighted_error': 1.0075139184110038, 'gamma': 1.0000000000000018}
{'sample_size': 500, 'difference': 0, 'noise': 0, 'n': 16, 'alpha': 0.6, 'shap_error': 0.06908489087316029, 'shap_norm_sq': 2.5599999999999956, 'weighted_error': 1.0198537014991818, 'gamma': 2.2500000000000027}
{'sample_size': 500, 'difference': 0, 'noise': 0, 'n': 16, 'alpha': 0.7, 'shap_error': 0.14190588013393318, 'shap_norm_sq': 1.4400000000000075, 'weighted_error': 1.0180924065552122, 'gamma': 5.444444444444414}
{'sample_size': 500, 'difference': 0, 'noise': 0, 'n': 16, 'alpha': 0.8, 'shap_error': 0.21559795658485845, 'shap_norm_sq': 0.640000000000003, 'weighted_error': 1.0073713566615534, 'gamma': 15.999999999999927}
{'sample_size': 500, 'difference': 0, 'noise': 0, 'n': 16, 'alpha': 0.2, 'shap_error': 0.0073975529872448076, 'shap_norm_sq': 10.239999999999993, 'weighted_error': 1.0207045977959146, 'gamma': 0.06250000000000003}
{'sample_size': 500, 'difference': 0, 'noise': 0, 'n': 16, 'alpha': 0.3, 'shap_error': 0.011018076552274308, 'shap_norm_sq': 7.84000000000001, 'weighted_error': 1.0165845278957155, 'gamma': 0.18367346938775472}
{'sample_size': 500, 'difference': 0, 'noise': 0, 'n': 16, 'alpha': 0.4, 'shap_error': 0.018519486793577643, 'shap_norm_sq': 5.760000000000002, 'weighted_error': 1.0172547827855485, 'gamma': 0.4444444444444443}
{'sample_size': 500, 'difference': 0, 'noise': 0, 'n': 16, 'alpha': 0.5, 'shap_error': 0.03078928726064553, 'shap_norm_sq': 3.999999999999991, 'weighted_error': 1.0151642872606452, 'gamma': 1.0000000000000018}
{'sample_size': 500, 'difference': 0, 'noise': 0, 'n': 16, 'alpha': 0.6, 'shap_error': 0.07475634625737454, 'shap_norm_sq': 2.5599999999999956, 'weighted_error': 1.0223743483366106, 'gamma': 2.2500000000000027}
{'sample_size': 500, 'difference': 0, 'noise': 0, 'n': 16, 'alpha': 0.7, 'shap_error': 0.09296395138637459, 'shap_norm_sq': 1.4400000000000075, 'weighted_error': 1.00910307270362, 'gamma': 5.444444444444414}
{'sample_size': 500, 'difference': 0, 'noise': 0, 'n': 16, 'alpha': 0.8, 'shap_error': 0.25098884405771504, 'shap_norm_sq': 0.640000000000003, 'weighted_error': 1.0095832871286068, 'gamma': 15.999999999999927}
{'sample_size': 500, 'difference': 0, 'noise': 0, 'n': 16, 'alpha': 0.2, 'shap_error': 0.007593883532728218, 'shap_norm_sq': 10.239999999999993, 'weighted_error': 1.023845886523648, 'gamma': 0.06250000000000003}
{'sample_size': 500, 'difference': 0, 'noise': 0, 'n': 16, 'alpha': 0.3, 'shap_error': 0.009957764350784173, 'shap_norm_sq': 7.84000000000001, 'weighted_error': 1.0108117170209352, 'gamma': 0.18367346938775472}
{'sample_size': 500, 'difference': 0, 'noise': 0, 'n': 16, 'alpha': 0.4, 'shap_error': 0.020162124917388346, 'shap_norm_sq': 5.760000000000002, 'weighted_error': 1.020950718564123, 'gamma': 0.4444444444444443}
{'sample_size': 500, 'difference': 0, 'noise': 0, 'n': 16, 'alpha': 0.5, 'shap_error': 0.02467311426257696, 'shap_norm_sq': 3.999999999999991, 'weighted_error': 1.0090481142625771, 'gamma': 1.0000000000000018}
{'sample_size': 500, 'difference': 0, 'noise': 0, 'n': 16, 'alpha': 0.6, 'shap_error': 0.039368683669885454, 'shap_norm_sq': 2.5599999999999956, 'weighted_error': 1.0066464982977266, 'gamma': 2.2500000000000027}
{'sample_size': 500, 'difference': 0, 'noise': 0, 'n': 16, 'alpha': 0.7, 'shap_error': 0.11155746562674915, 'shap_norm_sq': 1.4400000000000075, 'weighted_error': 1.0125182079722603, 'gamma': 5.444444444444414}
{'sample_size': 500, 'difference': 0, 'noise': 0, 'n': 16, 'alpha': 0.8, 'shap_error': 0.18856603616614293, 'shap_norm_sq': 0.640000000000003, 'weighted_error': 1.005681861635384, 'gamma': 15.999999999999927}
{'sample_size': 500, 'difference': 0, 'noise': 0, 'n': 16, 'alpha': 0.2, 'shap_error': 0.006479478606721885, 'shap_norm_sq': 10.239999999999993, 'weighted_error': 1.0060154077075476, 'gamma': 0.06250000000000003}
{'sample_size': 500, 'difference': 0, 'noise': 0, 'n': 16, 'alpha': 0.3, 'shap_error': 0.00972216175537712, 'shap_norm_sq': 7.84000000000001, 'weighted_error': 1.0095289917792747, 'gamma': 0.18367346938775472}
{'sample_size': 500, 'difference': 0, 'noise': 0, 'n': 16, 'alpha': 0.4, 'shap_error': 0.014710828456353759, 'shap_norm_sq': 5.760000000000002, 'weighted_error': 1.0086853015267951, 'gamma': 0.4444444444444443}
{'sample_size': 500, 'difference': 0, 'noise': 0, 'n': 16, 'alpha': 0.5, 'shap_error': 0.02692947525571399, 'shap_norm_sq': 3.999999999999991, 'weighted_error': 1.0113044752557143, 'gamma': 1.0000000000000018}
{'sample_size': 500, 'difference': 0, 'noise': 0, 'n': 16, 'alpha': 0.6, 'shap_error': 0.03674883905547703, 'shap_norm_sq': 2.5599999999999956, 'weighted_error': 1.0054821229135458, 'gamma': 2.2500000000000027}
{'sample_size': 500, 'difference': 0, 'noise': 0, 'n': 16, 'alpha': 0.7, 'shap_error': 0.08731453129578363, 'shap_norm_sq': 1.4400000000000075, 'weighted_error': 1.0080654241155522, 'gamma': 5.444444444444414}
{'sample_size': 500, 'difference': 0, 'noise': 0, 'n': 16, 'alpha': 0.8, 'shap_error': 0.27770719560324425, 'shap_norm_sq': 0.640000000000003, 'weighted_error': 1.0112531841002022, 'gamma': 15.999999999999927}
{'sample_size': 500, 'difference': 0, 'noise': 0, 'n': 16, 'alpha': 0.2, 'shap_error': 0.007124687531300243, 'shap_norm_sq': 10.239999999999993, 'weighted_error': 1.0163387505008008, 'gamma': 0.06250000000000003}
{'sample_size': 500, 'difference': 0, 'noise': 0, 'n': 16, 'alpha': 0.3, 'shap_error': 0.011298280962486694, 'shap_norm_sq': 7.84000000000001, 'weighted_error': 1.0181100852402043, 'gamma': 0.18367346938775472}
{'sample_size': 500, 'difference': 0, 'noise': 0, 'n': 16, 'alpha': 0.4, 'shap_error': 0.015651747095323236, 'shap_norm_sq': 5.760000000000002, 'weighted_error': 1.0108023684644762, 'gamma': 0.4444444444444443}
{'sample_size': 500, 'difference': 0, 'noise': 0, 'n': 16, 'alpha': 0.5, 'shap_error': 0.04347825619369893, 'shap_norm_sq': 3.999999999999991, 'weighted_error': 1.0278532561936986, 'gamma': 1.0000000000000018}
{'sample_size': 500, 'difference': 0, 'noise': 0, 'n': 16, 'alpha': 0.6, 'shap_error': 0.06866778865487141, 'shap_norm_sq': 2.5599999999999956, 'weighted_error': 1.0196683227354986, 'gamma': 2.2500000000000027}
{'sample_size': 500, 'difference': 0, 'noise': 0, 'n': 16, 'alpha': 0.7, 'shap_error': 0.08295471176960956, 'shap_norm_sq': 1.4400000000000075, 'weighted_error': 1.0072646409372752, 'gamma': 5.444444444444414}
{'sample_size': 500, 'difference': 0, 'noise': 0, 'n': 16, 'alpha': 0.8, 'shap_error': 0.22058630113186403, 'shap_norm_sq': 0.640000000000003, 'weighted_error': 1.0076831281957415, 'gamma': 15.999999999999927}
{'sample_size': 500, 'difference': 0, 'noise': 0, 'n': 16, 'alpha': 0.2, 'shap_error': 0.007066491685179646, 'shap_norm_sq': 10.239999999999993, 'weighted_error': 1.0154076169628716, 'gamma': 0.06250000000000003}
{'sample_size': 500, 'difference': 0, 'noise': 0, 'n': 16, 'alpha': 0.3, 'shap_error': 0.010373835592571878, 'shap_norm_sq': 7.84000000000001, 'weighted_error': 1.01307699378178, 'gamma': 0.18367346938775472}
{'sample_size': 500, 'difference': 0, 'noise': 0, 'n': 16, 'alpha': 0.4, 'shap_error': 0.01859631632348739, 'shap_norm_sq': 5.760000000000002, 'weighted_error': 1.0174276492278451, 'gamma': 0.4444444444444443}
{'sample_size': 500, 'difference': 0, 'noise': 0, 'n': 16, 'alpha': 0.5, 'shap_error': 0.0333549711601378, 'shap_norm_sq': 3.999999999999991, 'weighted_error': 1.017729971160137, 'gamma': 1.0000000000000018}
{'sample_size': 500, 'difference': 0, 'noise': 0, 'n': 16, 'alpha': 0.6, 'shap_error': 0.0763044320899792, 'shap_norm_sq': 2.5599999999999956, 'weighted_error': 1.0230623864844348, 'gamma': 2.2500000000000027}
{'sample_size': 500, 'difference': 0, 'noise': 0, 'n': 16, 'alpha': 0.7, 'shap_error': 0.08831388115185716, 'shap_norm_sq': 1.4400000000000075, 'weighted_error': 1.0082489781707493, 'gamma': 5.444444444444414}
{'sample_size': 500, 'difference': 0, 'noise': 0, 'n': 16, 'alpha': 0.8, 'shap_error': 0.25877970274912954, 'shap_norm_sq': 0.640000000000003, 'weighted_error': 1.0100702157968202, 'gamma': 15.999999999999927}
{'sample_size': 500, 'difference': 0, 'noise': 0, 'n': 16, 'alpha': 0.2, 'shap_error': 0.006752968999196533, 'shap_norm_sq': 10.239999999999993, 'weighted_error': 1.0103912539871414, 'gamma': 0.06250000000000003}
{'sample_size': 500, 'difference': 0, 'noise': 0, 'n': 16, 'alpha': 0.3, 'shap_error': 0.009104092642926996, 'shap_norm_sq': 7.84000000000001, 'weighted_error': 1.0061639488337129, 'gamma': 0.18367346938775472}
{'sample_size': 500, 'difference': 0, 'noise': 0, 'n': 16, 'alpha': 0.4, 'shap_error': 0.020554566476715965, 'shap_norm_sq': 5.760000000000002, 'weighted_error': 1.02183371207261, 'gamma': 0.4444444444444443}
{'sample_size': 500, 'difference': 0, 'noise': 0, 'n': 16, 'alpha': 0.5, 'shap_error': 0.03201583205118047, 'shap_norm_sq': 3.999999999999991, 'weighted_error': 1.01639083205118, 'gamma': 1.0000000000000018}
{'sample_size': 500, 'difference': 0, 'noise': 0, 'n': 16, 'alpha': 0.6, 'shap_error': 0.0369323483676501, 'shap_norm_sq': 2.5599999999999956, 'weighted_error': 1.0055636826078447, 'gamma': 2.2500000000000027}
{'sample_size': 500, 'difference': 0, 'noise': 0, 'n': 16, 'alpha': 0.7, 'shap_error': 0.09255808463523857, 'shap_norm_sq': 1.4400000000000075, 'weighted_error': 1.0090285257493294, 'gamma': 5.444444444444414}
{'sample_size': 500, 'difference': 0, 'noise': 0, 'n': 16, 'alpha': 0.8, 'shap_error': 0.4741741136409449, 'shap_norm_sq': 0.640000000000003, 'weighted_error': 1.0235323664775595, 'gamma': 15.999999999999927}
{'sample_size': 500, 'difference': 0, 'noise': 0, 'n': 16, 'alpha': 0.2, 'shap_error': 0.00683034428299243, 'shap_norm_sq': 10.239999999999993, 'weighted_error': 1.0116292585278754, 'gamma': 0.06250000000000003}
{'sample_size': 500, 'difference': 0, 'noise': 0, 'n': 16, 'alpha': 0.3, 'shap_error': 0.013150465708525818, 'shap_norm_sq': 7.84000000000001, 'weighted_error': 1.0281942021908619, 'gamma': 0.18367346938775472}
{'sample_size': 500, 'difference': 0, 'noise': 0, 'n': 16, 'alpha': 0.4, 'shap_error': 0.01442178146866258, 'shap_norm_sq': 5.760000000000002, 'weighted_error': 1.0080349458044902, 'gamma': 0.4444444444444443}
{'sample_size': 500, 'difference': 0, 'noise': 0, 'n': 16, 'alpha': 0.5, 'shap_error': 0.04097305097372695, 'shap_norm_sq': 3.999999999999991, 'weighted_error': 1.0253480509737267, 'gamma': 1.0000000000000018}
{'sample_size': 500, 'difference': 0, 'noise': 0, 'n': 16, 'alpha': 0.6, 'shap_error': 0.06086761295921946, 'shap_norm_sq': 2.5599999999999956, 'weighted_error': 1.0162015779818752, 'gamma': 2.2500000000000027}
{'sample_size': 500, 'difference': 0, 'noise': 0, 'n': 16, 'alpha': 0.7, 'shap_error': 0.0870131503235593, 'shap_norm_sq': 1.4400000000000075, 'weighted_error': 1.0080100684267763, 'gamma': 5.444444444444414}
{'sample_size': 500, 'difference': 0, 'noise': 0, 'n': 16, 'alpha': 0.8, 'shap_error': 0.4364741044931793, 'shap_norm_sq': 0.640000000000003, 'weighted_error': 1.0211761159058237, 'gamma': 15.999999999999927}
{'sample_size': 500, 'difference': 0, 'noise': 0, 'n': 16, 'alpha': 0.2, 'shap_error': 0.006736302756310259, 'shap_norm_sq': 10.239999999999993, 'weighted_error': 1.0101245941009613, 'gamma': 0.06250000000000003}
{'sample_size': 500, 'difference': 0, 'noise': 0, 'n': 16, 'alpha': 0.3, 'shap_error': 0.00929968749476017, 'shap_norm_sq': 7.84000000000001, 'weighted_error': 1.0072288541381382, 'gamma': 0.18367346938775472}
{'sample_size': 500, 'difference': 0, 'noise': 0, 'n': 16, 'alpha': 0.4, 'shap_error': 0.014953367404250422, 'shap_norm_sq': 5.760000000000002, 'weighted_error': 1.0092310141595628, 'gamma': 0.4444444444444443}
{'sample_size': 500, 'difference': 0, 'noise': 0, 'n': 16, 'alpha': 0.5, 'shap_error': 0.030280131904631854, 'shap_norm_sq': 3.999999999999991, 'weighted_error': 1.0146551319046317, 'gamma': 1.0000000000000018}
{'sample_size': 500, 'difference': 0, 'noise': 0, 'n': 16, 'alpha': 0.6, 'shap_error': 0.03849893123849138, 'shap_norm_sq': 2.5599999999999956, 'weighted_error': 1.0062599416615519, 'gamma': 2.2500000000000027}
{'sample_size': 500, 'difference': 0, 'noise': 0, 'n': 16, 'alpha': 0.7, 'shap_error': 0.14420791375278252, 'shap_norm_sq': 1.4400000000000075, 'weighted_error': 1.0185152290566335, 'gamma': 5.444444444444414}
{'sample_size': 500, 'difference': 0, 'noise': 0, 'n': 16, 'alpha': 0.8, 'shap_error': 0.25720267424109305, 'shap_norm_sq': 0.640000000000003, 'weighted_error': 1.009971651515068, 'gamma': 15.999999999999927}
{'sample_size': 500, 'difference': 0, 'noise': 0, 'n': 16, 'alpha': 0.2, 'shap_error': 0.007549114999316104, 'shap_norm_sq': 10.239999999999993, 'weighted_error': 1.0231295899890542, 'gamma': 0.06250000000000003}
{'sample_size': 500, 'difference': 0, 'noise': 0, 'n': 16, 'alpha': 0.3, 'shap_error': 0.009814622603255524, 'shap_norm_sq': 7.84000000000001, 'weighted_error': 1.0100323897288346, 'gamma': 0.18367346938775472}
{'sample_size': 500, 'difference': 0, 'noise': 0, 'n': 16, 'alpha': 0.4, 'shap_error': 0.019101746644846054, 'shap_norm_sq': 5.760000000000002, 'weighted_error': 1.0185648674509025, 'gamma': 0.4444444444444443}
{'sample_size': 500, 'difference': 0, 'noise': 0, 'n': 16, 'alpha': 0.5, 'shap_error': 0.02258013340656954, 'shap_norm_sq': 3.999999999999991, 'weighted_error': 1.006955133406569, 'gamma': 1.0000000000000018}
{'sample_size': 500, 'difference': 0, 'noise': 0, 'n': 16, 'alpha': 0.6, 'shap_error': 0.0412757209158822, 'shap_norm_sq': 2.5599999999999956, 'weighted_error': 1.007494070407059, 'gamma': 2.2500000000000027}
{'sample_size': 500, 'difference': 0, 'noise': 0, 'n': 16, 'alpha': 0.7, 'shap_error': 0.09922375435304233, 'shap_norm_sq': 1.4400000000000075, 'weighted_error': 1.0102528324321915, 'gamma': 5.444444444444414}
{'sample_size': 500, 'difference': 0, 'noise': 0, 'n': 16, 'alpha': 0.8, 'shap_error': 0.28845205751721487, 'shap_norm_sq': 0.640000000000003, 'weighted_error': 1.0119247379698257, 'gamma': 15.999999999999927}
{'sample_size': 500, 'difference': 0, 'noise': 0, 'n': 16, 'alpha': 0.2, 'shap_error': 0.007327487235400394, 'shap_norm_sq': 10.239999999999993, 'weighted_error': 1.019583545766404, 'gamma': 0.06250000000000003}
{'sample_size': 500, 'difference': 0, 'noise': 0, 'n': 16, 'alpha': 0.3, 'shap_error': 0.01124612425353641, 'shap_norm_sq': 7.84000000000001, 'weighted_error': 1.0178261209359196, 'gamma': 0.18367346938775472}
{'sample_size': 500, 'difference': 0, 'noise': 0, 'n': 16, 'alpha': 0.4, 'shap_error': 0.017773304681734263, 'shap_norm_sq': 5.760000000000002, 'weighted_error': 1.0155758730339013, 'gamma': 0.4444444444444443}
{'sample_size': 500, 'difference': 0, 'noise': 0, 'n': 16, 'alpha': 0.5, 'shap_error': 0.02255841247054989, 'shap_norm_sq': 3.999999999999991, 'weighted_error': 1.0069334124705496, 'gamma': 1.0000000000000018}
{'sample_size': 500, 'difference': 0, 'noise': 0, 'n': 16, 'alpha': 0.6, 'shap_error': 0.05903815231305959, 'shap_norm_sq': 2.5599999999999956, 'weighted_error': 1.0153884843613599, 'gamma': 2.2500000000000027}
{'sample_size': 500, 'difference': 0, 'noise': 0, 'n': 16, 'alpha': 0.7, 'shap_error': 0.28433266861132567, 'shap_norm_sq': 1.4400000000000075, 'weighted_error': 1.044252428928611, 'gamma': 5.444444444444414}
{'sample_size': 500, 'difference': 0, 'noise': 0, 'n': 16, 'alpha': 0.8, 'shap_error': 0.23934533147642614, 'shap_norm_sq': 0.640000000000003, 'weighted_error': 1.0088555675922763, 'gamma': 15.999999999999927}
{'sample_size': 500, 'difference': 0, 'noise': 0, 'n': 16, 'alpha': 0.2, 'shap_error': 0.0074828441970817465, 'shap_norm_sq': 10.239999999999993, 'weighted_error': 1.0220692571533054, 'gamma': 0.06250000000000003}
{'sample_size': 500, 'difference': 0, 'noise': 0, 'n': 16, 'alpha': 0.3, 'shap_error': 0.009573251218286042, 'shap_norm_sq': 7.84000000000001, 'weighted_error': 1.0087182566328898, 'gamma': 0.18367346938775472}
{'sample_size': 500, 'difference': 0, 'noise': 0, 'n': 16, 'alpha': 0.4, 'shap_error': 0.016001549631491283, 'shap_norm_sq': 5.760000000000002, 'weighted_error': 1.011589424170855, 'gamma': 0.4444444444444443}
{'sample_size': 500, 'difference': 0, 'noise': 0, 'n': 16, 'alpha': 0.5, 'shap_error': 0.0439181120013899, 'shap_norm_sq': 3.999999999999991, 'weighted_error': 1.0282931120013896, 'gamma': 1.0000000000000018}
{'sample_size': 500, 'difference': 0, 'noise': 0, 'n': 16, 'alpha': 0.6, 'shap_error': 0.08499800307052484, 'shap_norm_sq': 2.5599999999999956, 'weighted_error': 1.0269261958091216, 'gamma': 2.2500000000000027}
{'sample_size': 500, 'difference': 0, 'noise': 0, 'n': 16, 'alpha': 0.7, 'shap_error': 0.13408073505735082, 'shap_norm_sq': 1.4400000000000075, 'weighted_error': 1.016655135010534, 'gamma': 5.444444444444414}
{'sample_size': 500, 'difference': 0, 'noise': 0, 'n': 16, 'alpha': 0.8, 'shap_error': 0.260983131757171, 'shap_norm_sq': 0.640000000000003, 'weighted_error': 1.0102079301098228, 'gamma': 15.999999999999927}
{'sample_size': 500, 'difference': 0, 'noise': 0, 'n': 16, 'alpha': 0.2, 'shap_error': 0.00661182077849936, 'shap_norm_sq': 10.239999999999993, 'weighted_error': 1.0081328824559856, 'gamma': 0.06250000000000003}
{'sample_size': 500, 'difference': 0, 'noise': 0, 'n': 16, 'alpha': 0.3, 'shap_error': 0.00979670538077522, 'shap_norm_sq': 7.84000000000001, 'weighted_error': 1.0099348404064419, 'gamma': 0.18367346938775472}
{'sample_size': 500, 'difference': 0, 'noise': 0, 'n': 16, 'alpha': 0.4, 'shap_error': 0.016489510238603976, 'shap_norm_sq': 5.760000000000002, 'weighted_error': 1.0126873355368584, 'gamma': 0.4444444444444443}
{'sample_size': 500, 'difference': 0, 'noise': 0, 'n': 16, 'alpha': 0.5, 'shap_error': 0.027179085335849694, 'shap_norm_sq': 3.999999999999991, 'weighted_error': 1.0115540853358496, 'gamma': 1.0000000000000018}
{'sample_size': 500, 'difference': 0, 'noise': 0, 'n': 16, 'alpha': 0.6, 'shap_error': 0.06605704592061341, 'shap_norm_sq': 2.5599999999999956, 'weighted_error': 1.0185079926313834, 'gamma': 2.2500000000000027}
{'sample_size': 500, 'difference': 0, 'noise': 0, 'n': 16, 'alpha': 0.7, 'shap_error': 0.15421664450265388, 'shap_norm_sq': 1.4400000000000075, 'weighted_error': 1.02035356735763, 'gamma': 5.444444444444414}
{'sample_size': 500, 'difference': 0, 'noise': 0, 'n': 16, 'alpha': 0.8, 'shap_error': 0.361074418618041, 'shap_norm_sq': 0.640000000000003, 'weighted_error': 1.0164636355386276, 'gamma': 15.999999999999927}
{'sample_size': 500, 'difference': 0, 'noise': 0, 'n': 16, 'alpha': 0.2, 'shap_error': 0.007001600127278711, 'shap_norm_sq': 10.239999999999993, 'weighted_error': 1.0143693520364565, 'gamma': 0.06250000000000003}
{'sample_size': 500, 'difference': 0, 'noise': 0, 'n': 16, 'alpha': 0.3, 'shap_error': 0.01086250293727534, 'shap_norm_sq': 7.84000000000001, 'weighted_error': 1.015737515991831, 'gamma': 0.18367346938775472}
{'sample_size': 500, 'difference': 0, 'noise': 0, 'n': 16, 'alpha': 0.4, 'shap_error': 0.03082741117687217, 'shap_norm_sq': 5.760000000000002, 'weighted_error': 1.0449476126479622, 'gamma': 0.4444444444444443}
{'sample_size': 500, 'difference': 0, 'noise': 0, 'n': 16, 'alpha': 0.5, 'shap_error': 0.03489450826074546, 'shap_norm_sq': 3.999999999999991, 'weighted_error': 1.0192695082607446, 'gamma': 1.0000000000000018}
{'sample_size': 500, 'difference': 0, 'noise': 0, 'n': 16, 'alpha': 0.6, 'shap_error': 0.03617321934667836, 'shap_norm_sq': 2.5599999999999956, 'weighted_error': 1.0052262919318566, 'gamma': 2.2500000000000027}
{'sample_size': 500, 'difference': 0, 'noise': 0, 'n': 16, 'alpha': 0.7, 'shap_error': 0.1154097993212371, 'shap_norm_sq': 1.4400000000000075, 'weighted_error': 1.0132257794671662, 'gamma': 5.444444444444414}
{'sample_size': 500, 'difference': 0, 'noise': 0, 'n': 16, 'alpha': 0.8, 'shap_error': 0.3331380725774067, 'shap_norm_sq': 0.640000000000003, 'weighted_error': 1.0147176139110874, 'gamma': 15.999999999999927}
{'sample_size': 500, 'difference': 0, 'noise': 0, 'n': 16, 'alpha': 0.2, 'shap_error': 0.006666500031885191, 'shap_norm_sq': 10.239999999999993, 'weighted_error': 1.0090077505101613, 'gamma': 0.06250000000000003}
{'sample_size': 500, 'difference': 0, 'noise': 0, 'n': 16, 'alpha': 0.3, 'shap_error': 0.009965160822434834, 'shap_norm_sq': 7.84000000000001, 'weighted_error': 1.0108519866999226, 'gamma': 0.18367346938775472}
{'sample_size': 500, 'difference': 0, 'noise': 0, 'n': 16, 'alpha': 0.4, 'shap_error': 0.019563223267925173, 'shap_norm_sq': 5.760000000000002, 'weighted_error': 1.0196031898528306, 'gamma': 0.4444444444444443}
{'sample_size': 500, 'difference': 0, 'noise': 0, 'n': 16, 'alpha': 0.5, 'shap_error': 0.02730970455770582, 'shap_norm_sq': 3.999999999999991, 'weighted_error': 1.0116847045577058, 'gamma': 1.0000000000000018}
{'sample_size': 500, 'difference': 0, 'noise': 0, 'n': 16, 'alpha': 0.6, 'shap_error': 0.049928307363271515, 'shap_norm_sq': 2.5599999999999956, 'weighted_error': 1.0113396643836767, 'gamma': 2.2500000000000027}
{'sample_size': 500, 'difference': 0, 'noise': 0, 'n': 16, 'alpha': 0.7, 'shap_error': 0.10295520492932445, 'shap_norm_sq': 1.4400000000000075, 'weighted_error': 1.0109382009053862, 'gamma': 5.444444444444414}
{'sample_size': 500, 'difference': 0, 'noise': 0, 'n': 16, 'alpha': 0.8, 'shap_error': 0.24039633268309635, 'shap_norm_sq': 0.640000000000003, 'weighted_error': 1.0089212551676936, 'gamma': 15.999999999999927}
{'sample_size': 500, 'difference': 0, 'noise': 0, 'n': 16, 'alpha': 0.2, 'shap_error': 0.006586833744402878, 'shap_norm_sq': 10.239999999999993, 'weighted_error': 1.0077330899104424, 'gamma': 0.06250000000000003}
{'sample_size': 500, 'difference': 0, 'noise': 0, 'n': 16, 'alpha': 0.3, 'shap_error': 0.009268071089095773, 'shap_norm_sq': 7.84000000000001, 'weighted_error': 1.0070567203739644, 'gamma': 0.18367346938775472}
{'sample_size': 500, 'difference': 0, 'noise': 0, 'n': 16, 'alpha': 0.4, 'shap_error': 0.01792464280987677, 'shap_norm_sq': 5.760000000000002, 'weighted_error': 1.0159163838222214, 'gamma': 0.4444444444444443}
{'sample_size': 500, 'difference': 0, 'noise': 0, 'n': 16, 'alpha': 0.5, 'shap_error': 0.030901430833526172, 'shap_norm_sq': 3.999999999999991, 'weighted_error': 1.0152764308335258, 'gamma': 1.0000000000000018}
{'sample_size': 500, 'difference': 0, 'noise': 0, 'n': 16, 'alpha': 0.6, 'shap_error': 0.05529862864394335, 'shap_norm_sq': 2.5599999999999956, 'weighted_error': 1.0137264738417526, 'gamma': 2.2500000000000027}
{'sample_size': 500, 'difference': 0, 'noise': 0, 'n': 16, 'alpha': 0.7, 'shap_error': 0.18916995903876377, 'shap_norm_sq': 1.4400000000000075, 'weighted_error': 1.026773563905079, 'gamma': 5.444444444444414}
{'sample_size': 500, 'difference': 0, 'noise': 0, 'n': 16, 'alpha': 0.8, 'shap_error': 0.18320630993762557, 'shap_norm_sq': 0.640000000000003, 'weighted_error': 1.0053468787461015, 'gamma': 15.999999999999927}
{'sample_size': 500, 'difference': 0, 'noise': 0, 'n': 16, 'alpha': 0.2, 'shap_error': 0.006705075795799774, 'shap_norm_sq': 10.239999999999993, 'weighted_error': 1.0096249627327936, 'gamma': 0.06250000000000003}
{'sample_size': 500, 'difference': 0, 'noise': 0, 'n': 16, 'alpha': 0.3, 'shap_error': 0.008686733390915784, 'shap_norm_sq': 7.84000000000001, 'weighted_error': 1.0038916595727632, 'gamma': 0.18367346938775472}
{'sample_size': 500, 'difference': 0, 'noise': 0, 'n': 16, 'alpha': 0.4, 'shap_error': 0.013574884292069204, 'shap_norm_sq': 5.760000000000002, 'weighted_error': 1.006129427157155, 'gamma': 0.4444444444444443}
{'sample_size': 500, 'difference': 0, 'noise': 0, 'n': 16, 'alpha': 0.5, 'shap_error': 0.029592600238096074, 'shap_norm_sq': 3.999999999999991, 'weighted_error': 1.0139676002380953, 'gamma': 1.0000000000000018}
{'sample_size': 500, 'difference': 0, 'noise': 0, 'n': 16, 'alpha': 0.6, 'shap_error': 0.060523956194071075, 'shap_norm_sq': 2.5599999999999956, 'weighted_error': 1.0160488416418099, 'gamma': 2.2500000000000027}
{'sample_size': 500, 'difference': 0, 'noise': 0, 'n': 16, 'alpha': 0.7, 'shap_error': 0.15232892240110324, 'shap_norm_sq': 1.4400000000000075, 'weighted_error': 1.0200068428899989, 'gamma': 5.444444444444414}
{'sample_size': 500, 'difference': 0, 'noise': 0, 'n': 16, 'alpha': 0.8, 'shap_error': 0.2057414588466755, 'shap_norm_sq': 0.640000000000003, 'weighted_error': 1.0067553255529176, 'gamma': 15.999999999999927}
{'sample_size': 500, 'difference': 0, 'noise': 0, 'n': 16, 'alpha': 0.2, 'shap_error': 0.007482940812692892, 'shap_norm_sq': 10.239999999999993, 'weighted_error': 1.0220708030030825, 'gamma': 0.06250000000000003}
{'sample_size': 500, 'difference': 0, 'noise': 0, 'n': 16, 'alpha': 0.3, 'shap_error': 0.010553795009252348, 'shap_norm_sq': 7.84000000000001, 'weighted_error': 1.0140567728281509, 'gamma': 0.18367346938775472}
{'sample_size': 500, 'difference': 0, 'noise': 0, 'n': 16, 'alpha': 0.4, 'shap_error': 0.015318608038003783, 'shap_norm_sq': 5.760000000000002, 'weighted_error': 1.010052805585508, 'gamma': 0.4444444444444443}
{'sample_size': 500, 'difference': 0, 'noise': 0, 'n': 16, 'alpha': 0.5, 'shap_error': 0.02978324120683397, 'shap_norm_sq': 3.999999999999991, 'weighted_error': 1.0141582412068337, 'gamma': 1.0000000000000018}
{'sample_size': 500, 'difference': 0, 'noise': 0, 'n': 16, 'alpha': 0.6, 'shap_error': 0.04423191616858676, 'shap_norm_sq': 2.5599999999999956, 'weighted_error': 1.0088079349638162, 'gamma': 2.2500000000000027}
{'sample_size': 500, 'difference': 0, 'noise': 0, 'n': 16, 'alpha': 0.7, 'shap_error': 0.09322289043598739, 'shap_norm_sq': 1.4400000000000075, 'weighted_error': 1.0091506329372217, 'gamma': 5.444444444444414}
{'sample_size': 500, 'difference': 0, 'noise': 0, 'n': 16, 'alpha': 0.8, 'shap_error': 0.2780603488114552, 'shap_norm_sq': 0.640000000000003, 'weighted_error': 1.011275256175716, 'gamma': 15.999999999999927}
{'sample_size': 500, 'difference': 0, 'noise': 0, 'n': 16, 'alpha': 0.2, 'shap_error': 0.006578852709187771, 'shap_norm_sq': 10.239999999999993, 'weighted_error': 1.0076053933470008, 'gamma': 0.06250000000000003}
{'sample_size': 500, 'difference': 0, 'noise': 0, 'n': 16, 'alpha': 0.3, 'shap_error': 0.01003918797563124, 'shap_norm_sq': 7.84000000000001, 'weighted_error': 1.0112550234228814, 'gamma': 0.18367346938775472}
{'sample_size': 500, 'difference': 0, 'noise': 0, 'n': 16, 'alpha': 0.4, 'shap_error': 0.02119942779190272, 'shap_norm_sq': 5.760000000000002, 'weighted_error': 1.0232846500317803, 'gamma': 0.4444444444444443}
{'sample_size': 500, 'difference': 0, 'noise': 0, 'n': 16, 'alpha': 0.5, 'shap_error': 0.02603764270995815, 'shap_norm_sq': 3.999999999999991, 'weighted_error': 1.010412642709958, 'gamma': 1.0000000000000018}
{'sample_size': 500, 'difference': 0, 'noise': 0, 'n': 16, 'alpha': 0.6, 'shap_error': 0.05807271148542667, 'shap_norm_sq': 2.5599999999999956, 'weighted_error': 1.0149593995490787, 'gamma': 2.2500000000000027}
{'sample_size': 500, 'difference': 0, 'noise': 0, 'n': 16, 'alpha': 0.7, 'shap_error': 0.12807885868667807, 'shap_norm_sq': 1.4400000000000075, 'weighted_error': 1.0155527495546963, 'gamma': 5.444444444444414}
{'sample_size': 500, 'difference': 0, 'noise': 0, 'n': 16, 'alpha': 0.8, 'shap_error': 0.3734847770969223, 'shap_norm_sq': 0.640000000000003, 'weighted_error': 1.0172392829435573, 'gamma': 15.999999999999927}
{'sample_size': 500, 'difference': 0, 'noise': 0, 'n': 16, 'alpha': 0.2, 'shap_error': 0.006627415387723203, 'shap_norm_sq': 10.239999999999993, 'weighted_error': 1.0083823962035674, 'gamma': 0.06250000000000003}
{'sample_size': 500, 'difference': 0, 'noise': 0, 'n': 16, 'alpha': 0.3, 'shap_error': 0.00899551220339237, 'shap_norm_sq': 7.84000000000001, 'weighted_error': 1.005572788662913, 'gamma': 0.18367346938775472}
{'sample_size': 500, 'difference': 0, 'noise': 0, 'n': 16, 'alpha': 0.4, 'shap_error': 0.01856607273284288, 'shap_norm_sq': 5.760000000000002, 'weighted_error': 1.0173596011488957, 'gamma': 0.4444444444444443}
{'sample_size': 500, 'difference': 0, 'noise': 0, 'n': 16, 'alpha': 0.5, 'shap_error': 0.03568413198588762, 'shap_norm_sq': 3.999999999999991, 'weighted_error': 1.0200591319858874, 'gamma': 1.0000000000000018}
{'sample_size': 500, 'difference': 0, 'noise': 0, 'n': 16, 'alpha': 0.6, 'shap_error': 0.03833411237065375, 'shap_norm_sq': 2.5599999999999956, 'weighted_error': 1.0061866888314017, 'gamma': 2.2500000000000027}
{'sample_size': 500, 'difference': 0, 'noise': 0, 'n': 16, 'alpha': 0.7, 'shap_error': 0.09624278348562172, 'shap_norm_sq': 1.4400000000000075, 'weighted_error': 1.0097053071708282, 'gamma': 5.444444444444414}
{'sample_size': 500, 'difference': 0, 'noise': 0, 'n': 16, 'alpha': 0.8, 'shap_error': 0.181105650752918, 'shap_norm_sq': 0.640000000000003, 'weighted_error': 1.005215587547057, 'gamma': 15.999999999999927}
{'sample_size': 500, 'difference': 0, 'noise': 0, 'n': 16, 'alpha': 0.2, 'shap_error': 0.006643064660607066, 'shap_norm_sq': 10.239999999999993, 'weighted_error': 1.0086327845697103, 'gamma': 0.06250000000000003}
{'sample_size': 500, 'difference': 0, 'noise': 0, 'n': 16, 'alpha': 0.3, 'shap_error': 0.009284037894964427, 'shap_norm_sq': 7.84000000000001, 'weighted_error': 1.0071436507614722, 'gamma': 0.18367346938775472}
{'sample_size': 500, 'difference': 0, 'noise': 0, 'n': 16, 'alpha': 0.4, 'shap_error': 0.017001681913952956, 'shap_norm_sq': 5.760000000000002, 'weighted_error': 1.0138397218063941, 'gamma': 0.4444444444444443}
{'sample_size': 500, 'difference': 0, 'noise': 0, 'n': 16, 'alpha': 0.5, 'shap_error': 0.03026660647091391, 'shap_norm_sq': 3.999999999999991, 'weighted_error': 1.0146416064709134, 'gamma': 1.0000000000000018}
{'sample_size': 500, 'difference': 0, 'noise': 0, 'n': 16, 'alpha': 0.6, 'shap_error': 0.049468430467494606, 'shap_norm_sq': 2.5599999999999956, 'weighted_error': 1.0111352746522198, 'gamma': 2.2500000000000027}
{'sample_size': 500, 'difference': 0, 'noise': 0, 'n': 16, 'alpha': 0.7, 'shap_error': 0.06498949918363298, 'shap_norm_sq': 1.4400000000000075, 'weighted_error': 1.0039649080133204, 'gamma': 5.444444444444414}
{'sample_size': 500, 'difference': 0, 'noise': 0, 'n': 16, 'alpha': 0.8, 'shap_error': 0.37002087762192865, 'shap_norm_sq': 0.640000000000003, 'weighted_error': 1.0170227892263701, 'gamma': 15.999999999999927}
{'sample_size': 500, 'difference': 0, 'noise': 0, 'n': 16, 'alpha': 0.2, 'shap_error': 0.006848311052583516, 'shap_norm_sq': 10.239999999999993, 'weighted_error': 1.0119167268413327, 'gamma': 0.06250000000000003}
{'sample_size': 500, 'difference': 0, 'noise': 0, 'n': 16, 'alpha': 0.3, 'shap_error': 0.010246995436653946, 'shap_norm_sq': 7.84000000000001, 'weighted_error': 1.0123864195995596, 'gamma': 0.18367346938775472}
{'sample_size': 500, 'difference': 0, 'noise': 0, 'n': 16, 'alpha': 0.4, 'shap_error': 0.012754205277266036, 'shap_norm_sq': 5.760000000000002, 'weighted_error': 1.004282899373848, 'gamma': 0.4444444444444443}
{'sample_size': 500, 'difference': 0, 'noise': 0, 'n': 16, 'alpha': 0.5, 'shap_error': 0.023752177088998683, 'shap_norm_sq': 3.999999999999991, 'weighted_error': 1.0081271770889983, 'gamma': 1.0000000000000018}
{'sample_size': 500, 'difference': 0, 'noise': 0, 'n': 16, 'alpha': 0.6, 'shap_error': 0.029714268628002704, 'shap_norm_sq': 2.5599999999999956, 'weighted_error': 1.002355647168001, 'gamma': 2.2500000000000027}
{'sample_size': 500, 'difference': 0, 'noise': 0, 'n': 16, 'alpha': 0.7, 'shap_error': 0.1393078277798613, 'shap_norm_sq': 1.4400000000000075, 'weighted_error': 1.0176152132656886, 'gamma': 5.444444444444414}
{'sample_size': 500, 'difference': 0, 'noise': 0, 'n': 16, 'alpha': 0.8, 'shap_error': 0.24283300114325068, 'shap_norm_sq': 0.640000000000003, 'weighted_error': 1.0090735469464533, 'gamma': 15.999999999999927}
{'sample_size': 500, 'difference': 0, 'noise': 0, 'n': 16, 'alpha': 0.2, 'shap_error': 0.00698773581138127, 'shap_norm_sq': 10.239999999999993, 'weighted_error': 1.014147522982098, 'gamma': 0.06250000000000003}
{'sample_size': 500, 'difference': 0, 'noise': 0, 'n': 16, 'alpha': 0.3, 'shap_error': 0.01451153445553417, 'shap_norm_sq': 7.84000000000001, 'weighted_error': 1.0356044653690195, 'gamma': 0.18367346938775472}
{'sample_size': 500, 'difference': 0, 'noise': 0, 'n': 16, 'alpha': 0.4, 'shap_error': 0.014368012796638872, 'shap_norm_sq': 5.760000000000002, 'weighted_error': 1.0079139662924363, 'gamma': 0.4444444444444443}
{'sample_size': 500, 'difference': 0, 'noise': 0, 'n': 16, 'alpha': 0.5, 'shap_error': 0.04066774686509228, 'shap_norm_sq': 3.999999999999991, 'weighted_error': 1.0250427468650913, 'gamma': 1.0000000000000018}
{'sample_size': 500, 'difference': 0, 'noise': 0, 'n': 16, 'alpha': 0.6, 'shap_error': 0.07589421392088921, 'shap_norm_sq': 2.5599999999999956, 'weighted_error': 1.0228800672981728, 'gamma': 2.2500000000000027}
{'sample_size': 500, 'difference': 0, 'noise': 0, 'n': 16, 'alpha': 0.7, 'shap_error': 0.12308631500295493, 'shap_norm_sq': 1.4400000000000075, 'weighted_error': 1.0146357517352365, 'gamma': 5.444444444444414}
{'sample_size': 500, 'difference': 0, 'noise': 0, 'n': 16, 'alpha': 0.8, 'shap_error': 0.36789343310617745, 'shap_norm_sq': 0.640000000000003, 'weighted_error': 1.0168898239441364, 'gamma': 15.999999999999927}
{'sample_size': 500, 'difference': 0, 'noise': 0, 'n': 16, 'alpha': 0.2, 'shap_error': 0.006611710561265359, 'shap_norm_sq': 10.239999999999993, 'weighted_error': 1.0081311189802427, 'gamma': 0.06250000000000003}
{'sample_size': 500, 'difference': 0, 'noise': 0, 'n': 16, 'alpha': 0.3, 'shap_error': 0.010279454085751764, 'shap_norm_sq': 7.84000000000001, 'weighted_error': 1.0125631389113143, 'gamma': 0.18367346938775472}
{'sample_size': 500, 'difference': 0, 'noise': 0, 'n': 16, 'alpha': 0.4, 'shap_error': 0.014696910227339792, 'shap_norm_sq': 5.760000000000002, 'weighted_error': 1.0086539855115144, 'gamma': 0.4444444444444443}
{'sample_size': 500, 'difference': 0, 'noise': 0, 'n': 16, 'alpha': 0.5, 'shap_error': 0.02175864874588733, 'shap_norm_sq': 3.999999999999991, 'weighted_error': 1.0061336487458872, 'gamma': 1.0000000000000018}
{'sample_size': 500, 'difference': 0, 'noise': 0, 'n': 16, 'alpha': 0.6, 'shap_error': 0.04706416449498423, 'shap_norm_sq': 2.5599999999999956, 'weighted_error': 1.0100667119977706, 'gamma': 2.2500000000000027}
{'sample_size': 500, 'difference': 0, 'noise': 0, 'n': 16, 'alpha': 0.7, 'shap_error': 0.08495188884488386, 'shap_norm_sq': 1.4400000000000075, 'weighted_error': 1.0076314693796722, 'gamma': 5.444444444444414}
{'sample_size': 500, 'difference': 0, 'noise': 0, 'n': 16, 'alpha': 0.8, 'shap_error': 0.18809342599094656, 'shap_norm_sq': 0.640000000000003, 'weighted_error': 1.0056523234994343, 'gamma': 15.999999999999927}
{'sample_size': 500, 'difference': 0, 'noise': 0, 'n': 16, 'alpha': 0.2, 'shap_error': 0.006720542426533234, 'shap_norm_sq': 10.239999999999993, 'weighted_error': 1.0098724288245282, 'gamma': 0.06250000000000003}
{'sample_size': 500, 'difference': 0, 'noise': 0, 'n': 16, 'alpha': 0.3, 'shap_error': 0.011379992701262626, 'shap_norm_sq': 7.84000000000001, 'weighted_error': 1.0185549602624289, 'gamma': 0.18367346938775472}
{'sample_size': 500, 'difference': 0, 'noise': 0, 'n': 16, 'alpha': 0.4, 'shap_error': 0.020593025243206345, 'shap_norm_sq': 5.760000000000002, 'weighted_error': 1.0219202442972137, 'gamma': 0.4444444444444443}
{'sample_size': 500, 'difference': 0, 'noise': 0, 'n': 16, 'alpha': 0.5, 'shap_error': 0.019933433435801257, 'shap_norm_sq': 3.999999999999991, 'weighted_error': 1.0043084334358008, 'gamma': 1.0000000000000018}
{'sample_size': 500, 'difference': 0, 'noise': 0, 'n': 16, 'alpha': 0.6, 'shap_error': 0.08768977014505461, 'shap_norm_sq': 2.5599999999999956, 'weighted_error': 1.0281225367311355, 'gamma': 2.2500000000000027}
{'sample_size': 500, 'difference': 0, 'noise': 0, 'n': 16, 'alpha': 0.7, 'shap_error': 0.1245345843566042, 'shap_norm_sq': 1.4400000000000075, 'weighted_error': 1.0149017603920292, 'gamma': 5.444444444444414}
{'sample_size': 500, 'difference': 0, 'noise': 0, 'n': 16, 'alpha': 0.8, 'shap_error': 0.2111825586746285, 'shap_norm_sq': 0.640000000000003, 'weighted_error': 1.007095394292164, 'gamma': 15.999999999999927}
{'sample_size': 500, 'difference': 0, 'noise': 0, 'n': 16, 'alpha': 0.2, 'shap_error': 0.006895736081439265, 'shap_norm_sq': 10.239999999999993, 'weighted_error': 1.0126755273030257, 'gamma': 0.06250000000000003}
{'sample_size': 500, 'difference': 0, 'noise': 0, 'n': 16, 'alpha': 0.3, 'shap_error': 0.009708570645632, 'shap_norm_sq': 7.84000000000001, 'weighted_error': 1.0094549957373289, 'gamma': 0.18367346938775472}
{'sample_size': 500, 'difference': 0, 'noise': 0, 'n': 16, 'alpha': 0.4, 'shap_error': 0.015339859943777828, 'shap_norm_sq': 5.760000000000002, 'weighted_error': 1.0101006223734994, 'gamma': 0.4444444444444443}
{'sample_size': 500, 'difference': 0, 'noise': 0, 'n': 16, 'alpha': 0.5, 'shap_error': 0.025811833486286417, 'shap_norm_sq': 3.999999999999991, 'weighted_error': 1.010186833486286, 'gamma': 1.0000000000000018}
{'sample_size': 500, 'difference': 0, 'noise': 0, 'n': 16, 'alpha': 0.6, 'shap_error': 0.07189762377277892, 'shap_norm_sq': 2.5599999999999956, 'weighted_error': 1.0211038050101235, 'gamma': 2.2500000000000027}
{'sample_size': 500, 'difference': 0, 'noise': 0, 'n': 16, 'alpha': 0.7, 'shap_error': 0.12757429659110311, 'shap_norm_sq': 1.4400000000000075, 'weighted_error': 1.01546007488408, 'gamma': 5.444444444444414}
{'sample_size': 500, 'difference': 0, 'noise': 0, 'n': 16, 'alpha': 0.8, 'shap_error': 0.3977777158502963, 'shap_norm_sq': 0.640000000000003, 'weighted_error': 1.0187575916156437, 'gamma': 15.999999999999927}
{'sample_size': 500, 'difference': 0, 'noise': 0, 'n': 16, 'alpha': 0.2, 'shap_error': 0.006586792285577499, 'shap_norm_sq': 10.239999999999993, 'weighted_error': 1.0077324265692376, 'gamma': 0.06250000000000003}
{'sample_size': 500, 'difference': 0, 'noise': 0, 'n': 16, 'alpha': 0.3, 'shap_error': 0.009096633082674872, 'shap_norm_sq': 7.84000000000001, 'weighted_error': 1.00612333567234, 'gamma': 0.18367346938775472}
{'sample_size': 500, 'difference': 0, 'noise': 0, 'n': 16, 'alpha': 0.4, 'shap_error': 0.013916980221681695, 'shap_norm_sq': 5.760000000000002, 'weighted_error': 1.0068991429987835, 'gamma': 0.4444444444444443}
{'sample_size': 500, 'difference': 0, 'noise': 0, 'n': 16, 'alpha': 0.5, 'shap_error': 0.026931129140619185, 'shap_norm_sq': 3.999999999999991, 'weighted_error': 1.0113061291406191, 'gamma': 1.0000000000000018}
{'sample_size': 500, 'difference': 0, 'noise': 0, 'n': 16, 'alpha': 0.6, 'shap_error': 0.08732597034019818, 'shap_norm_sq': 2.5599999999999956, 'weighted_error': 1.0279608479289764, 'gamma': 2.2500000000000027}
{'sample_size': 500, 'difference': 0, 'noise': 0, 'n': 16, 'alpha': 0.7, 'shap_error': 0.10001190878258871, 'shap_norm_sq': 1.4400000000000075, 'weighted_error': 1.0103975954906794, 'gamma': 5.444444444444414}
{'sample_size': 500, 'difference': 0, 'noise': 0, 'n': 16, 'alpha': 0.8, 'shap_error': 0.2965665157059525, 'shap_norm_sq': 0.640000000000003, 'weighted_error': 1.0124318916066217, 'gamma': 15.999999999999927}
{'sample_size': 500, 'difference': 0, 'noise': 0, 'n': 16, 'alpha': 0.2, 'shap_error': 0.007145904643429114, 'shap_norm_sq': 10.239999999999993, 'weighted_error': 1.0166782242948627, 'gamma': 0.06250000000000003}
{'sample_size': 500, 'difference': 0, 'noise': 0, 'n': 16, 'alpha': 0.3, 'shap_error': 0.009510330464043688, 'shap_norm_sq': 7.84000000000001, 'weighted_error': 1.0083756880820143, 'gamma': 0.18367346938775472}
{'sample_size': 500, 'difference': 0, 'noise': 0, 'n': 16, 'alpha': 0.4, 'shap_error': 0.013758149142591124, 'shap_norm_sq': 5.760000000000002, 'weighted_error': 1.0065417730708293, 'gamma': 0.4444444444444443}
{'sample_size': 500, 'difference': 0, 'noise': 0, 'n': 16, 'alpha': 0.5, 'shap_error': 0.028810044790303697, 'shap_norm_sq': 3.999999999999991, 'weighted_error': 1.0131850447903032, 'gamma': 1.0000000000000018}
{'sample_size': 500, 'difference': 0, 'noise': 0, 'n': 16, 'alpha': 0.6, 'shap_error': 0.03849999032665122, 'shap_norm_sq': 2.5599999999999956, 'weighted_error': 1.0062604123674002, 'gamma': 2.2500000000000027}
{'sample_size': 500, 'difference': 0, 'noise': 0, 'n': 16, 'alpha': 0.7, 'shap_error': 0.1543182436464362, 'shap_norm_sq': 1.4400000000000075, 'weighted_error': 1.0203722284248553, 'gamma': 5.444444444444414}
{'sample_size': 500, 'difference': 0, 'noise': 0, 'n': 16, 'alpha': 0.8, 'shap_error': 0.34428294134838155, 'shap_norm_sq': 0.640000000000003, 'weighted_error': 1.0154141682092732, 'gamma': 15.999999999999927}
{'sample_size': 500, 'difference': 0, 'noise': 0, 'n': 16, 'alpha': 0.2, 'shap_error': 0.006861779927922633, 'shap_norm_sq': 10.239999999999993, 'weighted_error': 1.0121322288467587, 'gamma': 0.06250000000000003}
{'sample_size': 500, 'difference': 0, 'noise': 0, 'n': 16, 'alpha': 0.3, 'shap_error': 0.009860433242959887, 'shap_norm_sq': 7.84000000000001, 'weighted_error': 1.0102818032116696, 'gamma': 0.18367346938775472}
{'sample_size': 500, 'difference': 0, 'noise': 0, 'n': 16, 'alpha': 0.4, 'shap_error': 0.01256737979827252, 'shap_norm_sq': 5.760000000000002, 'weighted_error': 1.0038625420461127, 'gamma': 0.4444444444444443}
{'sample_size': 500, 'difference': 0, 'noise': 0, 'n': 16, 'alpha': 0.5, 'shap_error': 0.024798619777652915, 'shap_norm_sq': 3.999999999999991, 'weighted_error': 1.0091736197776533, 'gamma': 1.0000000000000018}
{'sample_size': 500, 'difference': 0, 'noise': 0, 'n': 16, 'alpha': 0.6, 'shap_error': 0.06716038517379733, 'shap_norm_sq': 2.5599999999999956, 'weighted_error': 1.018998365632799, 'gamma': 2.2500000000000027}
{'sample_size': 500, 'difference': 0, 'noise': 0, 'n': 16, 'alpha': 0.7, 'shap_error': 0.14559841305146293, 'shap_norm_sq': 1.4400000000000075, 'weighted_error': 1.0187706268870034, 'gamma': 5.444444444444414}
{'sample_size': 500, 'difference': 0, 'noise': 0, 'n': 16, 'alpha': 0.8, 'shap_error': 0.19966708074910888, 'shap_norm_sq': 0.640000000000003, 'weighted_error': 1.0063756769218195, 'gamma': 15.999999999999927}
{'sample_size': 500, 'difference': 0, 'noise': 0, 'n': 16, 'alpha': 0.2, 'shap_error': 0.0066070207662587135, 'shap_norm_sq': 10.239999999999993, 'weighted_error': 1.0080560822601359, 'gamma': 0.06250000000000003}
{'sample_size': 500, 'difference': 0, 'noise': 0, 'n': 16, 'alpha': 0.3, 'shap_error': 0.009653299160121384, 'shap_norm_sq': 7.84000000000001, 'weighted_error': 1.0091540732051043, 'gamma': 0.18367346938775472}
{'sample_size': 500, 'difference': 0, 'noise': 0, 'n': 16, 'alpha': 0.4, 'shap_error': 0.014885638325871576, 'shap_norm_sq': 5.760000000000002, 'weighted_error': 1.0090786237332108, 'gamma': 0.4444444444444443}
{'sample_size': 500, 'difference': 0, 'noise': 0, 'n': 16, 'alpha': 0.5, 'shap_error': 0.023893979890350234, 'shap_norm_sq': 3.999999999999991, 'weighted_error': 1.0082689798903501, 'gamma': 1.0000000000000018}
{'sample_size': 500, 'difference': 0, 'noise': 0, 'n': 16, 'alpha': 0.6, 'shap_error': 0.057820579612186736, 'shap_norm_sq': 2.5599999999999956, 'weighted_error': 1.0148473409387495, 'gamma': 2.2500000000000027}
{'sample_size': 500, 'difference': 0, 'noise': 0, 'n': 16, 'alpha': 0.7, 'shap_error': 0.10840022709360753, 'shap_norm_sq': 1.4400000000000075, 'weighted_error': 1.011938307017193, 'gamma': 5.444444444444414}
{'sample_size': 500, 'difference': 0, 'noise': 0, 'n': 16, 'alpha': 0.8, 'shap_error': 0.2367752492991723, 'shap_norm_sq': 0.640000000000003, 'weighted_error': 1.008694937456198, 'gamma': 15.999999999999927}
{'sample_size': 500, 'difference': 0, 'noise': 0, 'n': 16, 'alpha': 0.2, 'shap_error': 0.006711878572367953, 'shap_norm_sq': 10.239999999999993, 'weighted_error': 1.0097338071578845, 'gamma': 0.06250000000000003}
{'sample_size': 500, 'difference': 0, 'noise': 0, 'n': 16, 'alpha': 0.3, 'shap_error': 0.010375435775621247, 'shap_norm_sq': 7.84000000000001, 'weighted_error': 1.0130857058894929, 'gamma': 0.18367346938775472}
{'sample_size': 500, 'difference': 0, 'noise': 0, 'n': 16, 'alpha': 0.4, 'shap_error': 0.015996390025309153, 'shap_norm_sq': 5.760000000000002, 'weighted_error': 1.0115778150569448, 'gamma': 0.4444444444444443}
{'sample_size': 500, 'difference': 0, 'noise': 0, 'n': 16, 'alpha': 0.5, 'shap_error': 0.028093151601082667, 'shap_norm_sq': 3.999999999999991, 'weighted_error': 1.012468151601082, 'gamma': 1.0000000000000018}
{'sample_size': 500, 'difference': 0, 'noise': 0, 'n': 16, 'alpha': 0.6, 'shap_error': 0.0601088875452217, 'shap_norm_sq': 2.5599999999999956, 'weighted_error': 1.0158643666867648, 'gamma': 2.2500000000000027}
{'sample_size': 500, 'difference': 0, 'noise': 0, 'n': 16, 'alpha': 0.7, 'shap_error': 0.11717650476838766, 'shap_norm_sq': 1.4400000000000075, 'weighted_error': 1.0135502763860305, 'gamma': 5.444444444444414}
{'sample_size': 500, 'difference': 0, 'noise': 0, 'n': 16, 'alpha': 0.8, 'shap_error': 0.27767882080537104, 'shap_norm_sq': 0.640000000000003, 'weighted_error': 1.0112514106753359, 'gamma': 15.999999999999927}
{'sample_size': 500, 'difference': 0, 'noise': 0, 'n': 16, 'alpha': 0.2, 'shap_error': 0.006884592420971637, 'shap_norm_sq': 10.239999999999993, 'weighted_error': 1.0124972287355447, 'gamma': 0.06250000000000003}
{'sample_size': 500, 'difference': 0, 'noise': 0, 'n': 16, 'alpha': 0.3, 'shap_error': 0.010284453932465649, 'shap_norm_sq': 7.84000000000001, 'weighted_error': 1.012590360298978, 'gamma': 0.18367346938775472}
{'sample_size': 500, 'difference': 0, 'noise': 0, 'n': 16, 'alpha': 0.4, 'shap_error': 0.01997816892261112, 'shap_norm_sq': 5.760000000000002, 'weighted_error': 1.0205368175758747, 'gamma': 0.4444444444444443}
{'sample_size': 500, 'difference': 0, 'noise': 0, 'n': 16, 'alpha': 0.5, 'shap_error': 0.026360779877300084, 'shap_norm_sq': 3.999999999999991, 'weighted_error': 1.0107357798772998, 'gamma': 1.0000000000000018}
{'sample_size': 500, 'difference': 0, 'noise': 0, 'n': 16, 'alpha': 0.6, 'shap_error': 0.060701386755396734, 'shap_norm_sq': 2.5599999999999956, 'weighted_error': 1.016127699669065, 'gamma': 2.2500000000000027}
{'sample_size': 500, 'difference': 0, 'noise': 0, 'n': 16, 'alpha': 0.7, 'shap_error': 0.10689348927123546, 'shap_norm_sq': 1.4400000000000075, 'weighted_error': 1.0116615592539009, 'gamma': 5.444444444444414}
{'sample_size': 500, 'difference': 0, 'noise': 0, 'n': 16, 'alpha': 0.8, 'shap_error': 0.3306954370609304, 'shap_norm_sq': 0.640000000000003, 'weighted_error': 1.0145649491913078, 'gamma': 15.999999999999927}
{'sample_size': 500, 'difference': 0, 'noise': 0, 'n': 16, 'alpha': 0.2, 'shap_error': 0.00708280803197277, 'shap_norm_sq': 10.239999999999993, 'weighted_error': 1.0156686785115612, 'gamma': 0.06250000000000003}
{'sample_size': 500, 'difference': 0, 'noise': 0, 'n': 16, 'alpha': 0.3, 'shap_error': 0.010591220744056176, 'shap_norm_sq': 7.84000000000001, 'weighted_error': 1.0142605351620821, 'gamma': 0.18367346938775472}
{'sample_size': 500, 'difference': 0, 'noise': 0, 'n': 16, 'alpha': 0.4, 'shap_error': 0.017271566624890367, 'shap_norm_sq': 5.760000000000002, 'weighted_error': 1.0144469624060029, 'gamma': 0.4444444444444443}
{'sample_size': 500, 'difference': 0, 'noise': 0, 'n': 16, 'alpha': 0.5, 'shap_error': 0.023718235847608512, 'shap_norm_sq': 3.999999999999991, 'weighted_error': 1.0080932358476082, 'gamma': 1.0000000000000018}
{'sample_size': 500, 'difference': 0, 'noise': 0, 'n': 16, 'alpha': 0.6, 'shap_error': 0.0500045360992933, 'shap_norm_sq': 2.5599999999999956, 'weighted_error': 1.0113735438219085, 'gamma': 2.2500000000000027}
{'sample_size': 500, 'difference': 0, 'noise': 0, 'n': 16, 'alpha': 0.7, 'shap_error': 0.13591060864020882, 'shap_norm_sq': 1.4400000000000075, 'weighted_error': 1.016991234240039, 'gamma': 5.444444444444414}
{'sample_size': 500, 'difference': 0, 'noise': 0, 'n': 16, 'alpha': 0.8, 'shap_error': 0.30837756679406114, 'shap_norm_sq': 0.640000000000003, 'weighted_error': 1.0131700822996288, 'gamma': 15.999999999999927}
{'sample_size': 500, 'difference': 0, 'noise': 0, 'n': 16, 'alpha': 0.2, 'shap_error': 0.007337898094394059, 'shap_norm_sq': 10.239999999999993, 'weighted_error': 1.019750119510301, 'gamma': 0.06250000000000003}
{'sample_size': 500, 'difference': 0, 'noise': 0, 'n': 16, 'alpha': 0.3, 'shap_error': 0.008726588942915713, 'shap_norm_sq': 7.84000000000001, 'weighted_error': 1.0041086509114292, 'gamma': 0.18367346938775472}
{'sample_size': 500, 'difference': 0, 'noise': 0, 'n': 16, 'alpha': 0.4, 'shap_error': 0.020784532757204138, 'shap_norm_sq': 5.760000000000002, 'weighted_error': 1.022351136203708, 'gamma': 0.4444444444444443}
{'sample_size': 500, 'difference': 0, 'noise': 0, 'n': 16, 'alpha': 0.5, 'shap_error': 0.02843428945770663, 'shap_norm_sq': 3.999999999999991, 'weighted_error': 1.012809289457706, 'gamma': 1.0000000000000018}
{'sample_size': 500, 'difference': 0, 'noise': 0, 'n': 16, 'alpha': 0.6, 'shap_error': 0.051053066997856104, 'shap_norm_sq': 2.5599999999999956, 'weighted_error': 1.011839557554603, 'gamma': 2.2500000000000027}
{'sample_size': 500, 'difference': 0, 'noise': 0, 'n': 16, 'alpha': 0.7, 'shap_error': 0.13600688751861176, 'shap_norm_sq': 1.4400000000000075, 'weighted_error': 1.0170089181156634, 'gamma': 5.444444444444414}
{'sample_size': 500, 'difference': 0, 'noise': 0, 'n': 16, 'alpha': 0.8, 'shap_error': 0.5304296080606171, 'shap_norm_sq': 0.640000000000003, 'weighted_error': 1.0270483348787893, 'gamma': 15.999999999999927}
{'sample_size': 500, 'difference': 0, 'noise': 0, 'n': 16, 'alpha': 0.2, 'shap_error': 0.0064056098046618905, 'shap_norm_sq': 10.239999999999993, 'weighted_error': 1.004833506874588, 'gamma': 0.06250000000000003}
{'sample_size': 500, 'difference': 0, 'noise': 0, 'n': 16, 'alpha': 0.3, 'shap_error': 0.009584694113101479, 'shap_norm_sq': 7.84000000000001, 'weighted_error': 1.008780556837996, 'gamma': 0.18367346938775472}
{'sample_size': 500, 'difference': 0, 'noise': 0, 'n': 16, 'alpha': 0.4, 'shap_error': 0.018970368697360872, 'shap_norm_sq': 5.760000000000002, 'weighted_error': 1.0182692670690616, 'gamma': 0.4444444444444443}
{'sample_size': 500, 'difference': 0, 'noise': 0, 'n': 16, 'alpha': 0.5, 'shap_error': 0.035483739454826184, 'shap_norm_sq': 3.999999999999991, 'weighted_error': 1.0198587394548262, 'gamma': 1.0000000000000018}
{'sample_size': 500, 'difference': 0, 'noise': 0, 'n': 16, 'alpha': 0.6, 'shap_error': 0.038530160593388825, 'shap_norm_sq': 2.5599999999999956, 'weighted_error': 1.0062738213748392, 'gamma': 2.2500000000000027}
{'sample_size': 500, 'difference': 0, 'noise': 0, 'n': 16, 'alpha': 0.7, 'shap_error': 0.08878157541944248, 'shap_norm_sq': 1.4400000000000075, 'weighted_error': 1.0083348811994899, 'gamma': 5.444444444444414}
{'sample_size': 500, 'difference': 0, 'noise': 0, 'n': 16, 'alpha': 0.8, 'shap_error': 0.17952273526268153, 'shap_norm_sq': 0.640000000000003, 'weighted_error': 1.0051166553289173, 'gamma': 15.999999999999927}
{'sample_size': 500, 'difference': 0, 'noise': 0, 'n': 16, 'alpha': 0.2, 'shap_error': 0.0066805862876484256, 'shap_norm_sq': 10.239999999999993, 'weighted_error': 1.0092331306023712, 'gamma': 0.06250000000000003}
{'sample_size': 500, 'difference': 0, 'noise': 0, 'n': 16, 'alpha': 0.3, 'shap_error': 0.012174763275226147, 'shap_norm_sq': 7.84000000000001, 'weighted_error': 1.0228820444984525, 'gamma': 0.18367346938775472}
{'sample_size': 500, 'difference': 0, 'noise': 0, 'n': 16, 'alpha': 0.4, 'shap_error': 0.015703501832915134, 'shap_norm_sq': 5.760000000000002, 'weighted_error': 1.0109188166240588, 'gamma': 0.4444444444444443}
{'sample_size': 500, 'difference': 0, 'noise': 0, 'n': 16, 'alpha': 0.5, 'shap_error': 0.026026167870376468, 'shap_norm_sq': 3.999999999999991, 'weighted_error': 1.010401167870376, 'gamma': 1.0000000000000018}
{'sample_size': 500, 'difference': 0, 'noise': 0, 'n': 16, 'alpha': 0.6, 'shap_error': 0.05500118760555435, 'shap_norm_sq': 2.5599999999999956, 'weighted_error': 1.013594277824691, 'gamma': 2.2500000000000027}
{'sample_size': 500, 'difference': 0, 'noise': 0, 'n': 16, 'alpha': 0.7, 'shap_error': 0.07219376318231024, 'shap_norm_sq': 1.4400000000000075, 'weighted_error': 1.005288140176343, 'gamma': 5.444444444444414}
{'sample_size': 500, 'difference': 0, 'noise': 0, 'n': 16, 'alpha': 0.8, 'shap_error': 0.5828994438967117, 'shap_norm_sq': 0.640000000000003, 'weighted_error': 1.0303276996185444, 'gamma': 15.999999999999927}
{'sample_size': 500, 'difference': 0, 'noise': 0, 'n': 16, 'alpha': 0.2, 'shap_error': 0.006564068447371435, 'shap_norm_sq': 10.239999999999993, 'weighted_error': 1.0073688451579401, 'gamma': 0.06250000000000003}
{'sample_size': 500, 'difference': 0, 'noise': 0, 'n': 16, 'alpha': 0.3, 'shap_error': 0.009560352230361027, 'shap_norm_sq': 7.84000000000001, 'weighted_error': 1.0086480288097426, 'gamma': 0.18367346938775472}
{'sample_size': 500, 'difference': 0, 'noise': 0, 'n': 16, 'alpha': 0.4, 'shap_error': 0.012797804878232935, 'shap_norm_sq': 5.760000000000002, 'weighted_error': 1.0043809984760237, 'gamma': 0.4444444444444443}
{'sample_size': 500, 'difference': 0, 'noise': 0, 'n': 16, 'alpha': 0.5, 'shap_error': 0.028465851351347996, 'shap_norm_sq': 3.999999999999991, 'weighted_error': 1.0128408513513476, 'gamma': 1.0000000000000018}
{'sample_size': 500, 'difference': 0, 'noise': 0, 'n': 16, 'alpha': 0.6, 'shap_error': 0.056208135150420224, 'shap_norm_sq': 2.5599999999999956, 'weighted_error': 1.014130698955742, 'gamma': 2.2500000000000027}
{'sample_size': 500, 'difference': 0, 'noise': 0, 'n': 16, 'alpha': 0.7, 'shap_error': 0.07456299219144508, 'shap_norm_sq': 1.4400000000000075, 'weighted_error': 1.0057233046882248, 'gamma': 5.444444444444414}
{'sample_size': 500, 'difference': 0, 'noise': 0, 'n': 16, 'alpha': 0.8, 'shap_error': 0.2755123066168831, 'shap_norm_sq': 0.640000000000003, 'weighted_error': 1.0111160035385554, 'gamma': 15.999999999999927}
{'sample_size': 500, 'difference': 0, 'noise': 0, 'n': 16, 'alpha': 0.2, 'shap_error': 0.006426129067649296, 'shap_norm_sq': 10.239999999999993, 'weighted_error': 1.0051618150823864, 'gamma': 0.06250000000000003}
{'sample_size': 500, 'difference': 0, 'noise': 0, 'n': 16, 'alpha': 0.3, 'shap_error': 0.009013749179938578, 'shap_norm_sq': 7.84000000000001, 'weighted_error': 1.0056720788685545, 'gamma': 0.18367346938775472}
{'sample_size': 500, 'difference': 0, 'noise': 0, 'n': 16, 'alpha': 0.4, 'shap_error': 0.017747737152049917, 'shap_norm_sq': 5.760000000000002, 'weighted_error': 1.0155183460921111, 'gamma': 0.4444444444444443}
{'sample_size': 500, 'difference': 0, 'noise': 0, 'n': 16, 'alpha': 0.5, 'shap_error': 0.025750060311384625, 'shap_norm_sq': 3.999999999999991, 'weighted_error': 1.0101250603113845, 'gamma': 1.0000000000000018}
{'sample_size': 500, 'difference': 0, 'noise': 0, 'n': 16, 'alpha': 0.6, 'shap_error': 0.051214599760507865, 'shap_norm_sq': 2.5599999999999956, 'weighted_error': 1.011911349893559, 'gamma': 2.2500000000000027}
{'sample_size': 500, 'difference': 0, 'noise': 0, 'n': 16, 'alpha': 0.7, 'shap_error': 0.09222513249383736, 'shap_norm_sq': 1.4400000000000075, 'weighted_error': 1.0089673712743783, 'gamma': 5.444444444444414}
{'sample_size': 500, 'difference': 0, 'noise': 0, 'n': 16, 'alpha': 0.8, 'shap_error': 0.6982244731844333, 'shap_norm_sq': 0.640000000000003, 'weighted_error': 1.0375355139490272, 'gamma': 15.999999999999927}
{'sample_size': 500, 'difference': 0, 'noise': 0, 'n': 16, 'alpha': 0.2, 'shap_error': 0.0067940887215000596, 'shap_norm_sq': 10.239999999999993, 'weighted_error': 1.0110491695439963, 'gamma': 0.06250000000000003}
{'sample_size': 500, 'difference': 0, 'noise': 0, 'n': 16, 'alpha': 0.3, 'shap_error': 0.01039385500134671, 'shap_norm_sq': 7.84000000000001, 'weighted_error': 1.0131859883406642, 'gamma': 0.18367346938775472}
{'sample_size': 500, 'difference': 0, 'noise': 0, 'n': 16, 'alpha': 0.4, 'shap_error': 0.013179951283869625, 'shap_norm_sq': 5.760000000000002, 'weighted_error': 1.005240827888706, 'gamma': 0.4444444444444443}
{'sample_size': 500, 'difference': 0, 'noise': 0, 'n': 16, 'alpha': 0.5, 'shap_error': 0.027911696489851825, 'shap_norm_sq': 3.999999999999991, 'weighted_error': 1.0122866964898511, 'gamma': 1.0000000000000018}
{'sample_size': 500, 'difference': 0, 'noise': 0, 'n': 16, 'alpha': 0.6, 'shap_error': 0.0663692180416541, 'shap_norm_sq': 2.5599999999999956, 'weighted_error': 1.0186467357962905, 'gamma': 2.2500000000000027}
{'sample_size': 500, 'difference': 0, 'noise': 0, 'n': 16, 'alpha': 0.7, 'shap_error': 0.1223482007964804, 'shap_norm_sq': 1.4400000000000075, 'weighted_error': 1.0145001797381292, 'gamma': 5.444444444444414}
{'sample_size': 500, 'difference': 0, 'noise': 0, 'n': 16, 'alpha': 0.8, 'shap_error': 0.16833582748428222, 'shap_norm_sq': 0.640000000000003, 'weighted_error': 1.004417473592768, 'gamma': 15.999999999999927}
{'sample_size': 500, 'difference': 0, 'noise': 0, 'n': 16, 'alpha': 0.2, 'shap_error': 0.006467942139261762, 'shap_norm_sq': 10.239999999999993, 'weighted_error': 1.0058308242281853, 'gamma': 0.06250000000000003}
{'sample_size': 500, 'difference': 0, 'noise': 0, 'n': 16, 'alpha': 0.3, 'shap_error': 0.010058202380436093, 'shap_norm_sq': 7.84000000000001, 'weighted_error': 1.0113585462934847, 'gamma': 0.18367346938775472}
{'sample_size': 500, 'difference': 0, 'noise': 0, 'n': 16, 'alpha': 0.4, 'shap_error': 0.0154607427854096, 'shap_norm_sq': 5.760000000000002, 'weighted_error': 1.010372608767171, 'gamma': 0.4444444444444443}
{'sample_size': 500, 'difference': 0, 'noise': 0, 'n': 16, 'alpha': 0.5, 'shap_error': 0.0330125036097502, 'shap_norm_sq': 3.999999999999991, 'weighted_error': 1.0173875036097497, 'gamma': 1.0000000000000018}
{'sample_size': 500, 'difference': 0, 'noise': 0, 'n': 16, 'alpha': 0.6, 'shap_error': 0.061905674200203965, 'shap_norm_sq': 2.5599999999999956, 'weighted_error': 1.0166629385334232, 'gamma': 2.2500000000000027}
{'sample_size': 500, 'difference': 0, 'noise': 0, 'n': 16, 'alpha': 0.7, 'shap_error': 0.24584943390988473, 'shap_norm_sq': 1.4400000000000075, 'weighted_error': 1.0371840796977347, 'gamma': 5.444444444444414}
{'sample_size': 500, 'difference': 0, 'noise': 0, 'n': 16, 'alpha': 0.8, 'shap_error': 0.2845153392502146, 'shap_norm_sq': 0.640000000000003, 'weighted_error': 1.0116786930781378, 'gamma': 15.999999999999927}
{'sample_size': 500, 'difference': 0, 'noise': 0, 'n': 16, 'alpha': 0.2, 'shap_error': 0.006548107242516768, 'shap_norm_sq': 10.239999999999993, 'weighted_error': 1.0071134658802665, 'gamma': 0.06250000000000003}
{'sample_size': 500, 'difference': 0, 'noise': 0, 'n': 16, 'alpha': 0.3, 'shap_error': 0.009822334799640542, 'shap_norm_sq': 7.84000000000001, 'weighted_error': 1.0100743783535975, 'gamma': 0.18367346938775472}
{'sample_size': 500, 'difference': 0, 'noise': 0, 'n': 16, 'alpha': 0.4, 'shap_error': 0.016133345742105388, 'shap_norm_sq': 5.760000000000002, 'weighted_error': 1.0118859654197363, 'gamma': 0.4444444444444443}
{'sample_size': 500, 'difference': 0, 'noise': 0, 'n': 16, 'alpha': 0.5, 'shap_error': 0.019716877865246042, 'shap_norm_sq': 3.999999999999991, 'weighted_error': 1.0040918778652457, 'gamma': 1.0000000000000018}
{'sample_size': 500, 'difference': 0, 'noise': 0, 'n': 16, 'alpha': 0.6, 'shap_error': 0.04650394005142896, 'shap_norm_sq': 2.5599999999999956, 'weighted_error': 1.0098177233561907, 'gamma': 2.2500000000000027}
{'sample_size': 500, 'difference': 0, 'noise': 0, 'n': 16, 'alpha': 0.7, 'shap_error': 0.17381231294765334, 'shap_norm_sq': 1.4400000000000075, 'weighted_error': 1.0239527717658954, 'gamma': 5.444444444444414}
{'sample_size': 500, 'difference': 0, 'noise': 0, 'n': 16, 'alpha': 0.8, 'shap_error': 0.3022768180057375, 'shap_norm_sq': 0.640000000000003, 'weighted_error': 1.012788785500359, 'gamma': 15.999999999999927}
{'sample_size': 500, 'difference': 0, 'noise': 0, 'n': 16, 'alpha': 0.2, 'shap_error': 0.006842208098327191, 'shap_norm_sq': 10.239999999999993, 'weighted_error': 1.0118190795732316, 'gamma': 0.06250000000000003}
{'sample_size': 500, 'difference': 0, 'noise': 0, 'n': 16, 'alpha': 0.3, 'shap_error': 0.009775895067737045, 'shap_norm_sq': 7.84000000000001, 'weighted_error': 1.0098215398132344, 'gamma': 0.18367346938775472}
{'sample_size': 500, 'difference': 0, 'noise': 0, 'n': 16, 'alpha': 0.4, 'shap_error': 0.017479226990482197, 'shap_norm_sq': 5.760000000000002, 'weighted_error': 1.0149141982285845, 'gamma': 0.4444444444444443}
{'sample_size': 500, 'difference': 0, 'noise': 0, 'n': 16, 'alpha': 0.5, 'shap_error': 0.03793394486109289, 'shap_norm_sq': 3.999999999999991, 'weighted_error': 1.0223089448610916, 'gamma': 1.0000000000000018}
{'sample_size': 500, 'difference': 0, 'noise': 0, 'n': 16, 'alpha': 0.6, 'shap_error': 0.0681475843516735, 'shap_norm_sq': 2.5599999999999956, 'weighted_error': 1.0194371208229658, 'gamma': 2.2500000000000027}
{'sample_size': 500, 'difference': 0, 'noise': 0, 'n': 16, 'alpha': 0.7, 'shap_error': 0.08404316315398579, 'shap_norm_sq': 1.4400000000000075, 'weighted_error': 1.0074645605793038, 'gamma': 5.444444444444414}
{'sample_size': 500, 'difference': 0, 'noise': 0, 'n': 16, 'alpha': 0.8, 'shap_error': 0.2252908823014151, 'shap_norm_sq': 0.640000000000003, 'weighted_error': 1.0079771645188382, 'gamma': 15.999999999999927}
