{'sample_size': 500, 'difference': 2, 'noise': 0, 'n': 16, 'alpha': 0.2, 'shap_error': 0.0063004184104917225, 'shap_norm_sq': 10.239999999999993, 'weighted_error': 1.0031504445678645, 'gamma': 0.06250000000000003}
{'sample_size': 500, 'difference': 2, 'noise': 0, 'n': 16, 'alpha': 0.3, 'shap_error': 0.008220828574653075, 'shap_norm_sq': 7.84000000000001, 'weighted_error': 1.0013550666842215, 'gamma': 0.18367346938775472}
{'sample_size': 500, 'difference': 2, 'noise': 0, 'n': 16, 'alpha': 0.4, 'shap_error': 0.012372172412685558, 'shap_norm_sq': 5.760000000000002, 'weighted_error': 1.0034233254285416, 'gamma': 0.4444444444444443}
{'sample_size': 500, 'difference': 2, 'noise': 0, 'n': 16, 'alpha': 0.5, 'shap_error': 0.020681105197112557, 'shap_norm_sq': 3.999999999999991, 'weighted_error': 1.005056105197112, 'gamma': 1.0000000000000018}
{'sample_size': 500, 'difference': 2, 'noise': 0, 'n': 16, 'alpha': 0.6, 'shap_error': 0.033893445856864386, 'shap_norm_sq': 2.5599999999999956, 'weighted_error': 1.0042130592697174, 'gamma': 2.2500000000000027}
{'sample_size': 500, 'difference': 2, 'noise': 0, 'n': 16, 'alpha': 0.7, 'shap_error': 0.064706138813349, 'shap_norm_sq': 1.4400000000000075, 'weighted_error': 1.0039128622310232, 'gamma': 5.444444444444414}
{'sample_size': 500, 'difference': 2, 'noise': 0, 'n': 16, 'alpha': 0.8, 'shap_error': 0.13406413832545688, 'shap_norm_sq': 0.640000000000003, 'weighted_error': 1.0022754930203408, 'gamma': 15.999999999999927}
{'sample_size': 500, 'difference': 2, 'noise': 0, 'n': 16, 'alpha': 0.2, 'shap_error': 0.006244836830659086, 'shap_norm_sq': 10.239999999999993, 'weighted_error': 1.0022611392905425, 'gamma': 0.06250000000000003}
{'sample_size': 500, 'difference': 2, 'noise': 0, 'n': 16, 'alpha': 0.3, 'shap_error': 0.008760166470258192, 'shap_norm_sq': 7.84000000000001, 'weighted_error': 1.004291461893627, 'gamma': 0.18367346938775472}
{'sample_size': 500, 'difference': 2, 'noise': 0, 'n': 16, 'alpha': 0.4, 'shap_error': 0.011899434665599565, 'shap_norm_sq': 5.760000000000002, 'weighted_error': 1.0023596654975984, 'gamma': 0.4444444444444443}
{'sample_size': 500, 'difference': 2, 'noise': 0, 'n': 16, 'alpha': 0.5, 'shap_error': 0.01853211318335439, 'shap_norm_sq': 3.999999999999991, 'weighted_error': 1.0029071131833542, 'gamma': 1.0000000000000018}
{'sample_size': 500, 'difference': 2, 'noise': 0, 'n': 16, 'alpha': 0.6, 'shap_error': 0.031035574060424537, 'shap_norm_sq': 2.5599999999999956, 'weighted_error': 1.002942894026855, 'gamma': 2.2500000000000027}
{'sample_size': 500, 'difference': 2, 'noise': 0, 'n': 16, 'alpha': 0.7, 'shap_error': 0.054041223118029294, 'shap_norm_sq': 1.4400000000000075, 'weighted_error': 1.001954000164536, 'gamma': 5.444444444444414}
{'sample_size': 500, 'difference': 2, 'noise': 0, 'n': 16, 'alpha': 0.8, 'shap_error': 0.16526702358248166, 'shap_norm_sq': 0.640000000000003, 'weighted_error': 1.0042256733489048, 'gamma': 15.999999999999927}
{'sample_size': 500, 'difference': 2, 'noise': 0, 'n': 16, 'alpha': 0.2, 'shap_error': 0.006265709256909823, 'shap_norm_sq': 10.239999999999993, 'weighted_error': 1.002595098110554, 'gamma': 0.06250000000000003}
{'sample_size': 500, 'difference': 2, 'noise': 0, 'n': 16, 'alpha': 0.3, 'shap_error': 0.008597587064869551, 'shap_norm_sq': 7.84000000000001, 'weighted_error': 1.0034063073531778, 'gamma': 0.18367346938775472}
{'sample_size': 500, 'difference': 2, 'noise': 0, 'n': 16, 'alpha': 0.4, 'shap_error': 0.012747410760684199, 'shap_norm_sq': 5.760000000000002, 'weighted_error': 1.0042676117115388, 'gamma': 0.4444444444444443}
{'sample_size': 500, 'difference': 2, 'noise': 0, 'n': 16, 'alpha': 0.5, 'shap_error': 0.0192363775257404, 'shap_norm_sq': 3.999999999999991, 'weighted_error': 1.00361137752574, 'gamma': 1.0000000000000018}
{'sample_size': 500, 'difference': 2, 'noise': 0, 'n': 16, 'alpha': 0.6, 'shap_error': 0.031706172142389015, 'shap_norm_sq': 2.5599999999999956, 'weighted_error': 1.0032409376188394, 'gamma': 2.2500000000000027}
{'sample_size': 500, 'difference': 2, 'noise': 0, 'n': 16, 'alpha': 0.7, 'shap_error': 0.05719323566174942, 'shap_norm_sq': 1.4400000000000075, 'weighted_error': 1.0025329412439947, 'gamma': 5.444444444444414}
{'sample_size': 500, 'difference': 2, 'noise': 0, 'n': 16, 'alpha': 0.8, 'shap_error': 0.20981126880524464, 'shap_norm_sq': 0.640000000000003, 'weighted_error': 1.007009688675328, 'gamma': 15.999999999999927}
{'sample_size': 500, 'difference': 2, 'noise': 0, 'n': 16, 'alpha': 0.2, 'shap_error': 0.006345547029375669, 'shap_norm_sq': 10.239999999999993, 'weighted_error': 1.0038725024700075, 'gamma': 0.06250000000000003}
{'sample_size': 500, 'difference': 2, 'noise': 0, 'n': 16, 'alpha': 0.3, 'shap_error': 0.008968704419208067, 'shap_norm_sq': 7.84000000000001, 'weighted_error': 1.005426835171243, 'gamma': 0.18367346938775472}
{'sample_size': 500, 'difference': 2, 'noise': 0, 'n': 16, 'alpha': 0.4, 'shap_error': 0.012271982428270784, 'shap_norm_sq': 5.760000000000002, 'weighted_error': 1.003197897963609, 'gamma': 0.4444444444444443}
{'sample_size': 500, 'difference': 2, 'noise': 0, 'n': 16, 'alpha': 0.5, 'shap_error': 0.018900230253905224, 'shap_norm_sq': 3.999999999999991, 'weighted_error': 1.003275230253905, 'gamma': 1.0000000000000018}
{'sample_size': 500, 'difference': 2, 'noise': 0, 'n': 16, 'alpha': 0.6, 'shap_error': 0.03713020010907297, 'shap_norm_sq': 2.5599999999999956, 'weighted_error': 1.0056516167151432, 'gamma': 2.2500000000000027}
{'sample_size': 500, 'difference': 2, 'noise': 0, 'n': 16, 'alpha': 0.7, 'shap_error': 0.053825115645433935, 'shap_norm_sq': 1.4400000000000075, 'weighted_error': 1.0019143069552838, 'gamma': 5.444444444444414}
{'sample_size': 500, 'difference': 2, 'noise': 0, 'n': 16, 'alpha': 0.8, 'shap_error': 0.1514435911341675, 'shap_norm_sq': 0.640000000000003, 'weighted_error': 1.0033617088208855, 'gamma': 15.999999999999927}
{'sample_size': 500, 'difference': 2, 'noise': 0, 'n': 16, 'alpha': 0.2, 'shap_error': 0.006423662706304087, 'shap_norm_sq': 10.239999999999993, 'weighted_error': 1.0051223533008624, 'gamma': 0.06250000000000003}
{'sample_size': 500, 'difference': 2, 'noise': 0, 'n': 16, 'alpha': 0.3, 'shap_error': 0.008447047580946554, 'shap_norm_sq': 7.84000000000001, 'weighted_error': 1.0025867034962637, 'gamma': 0.18367346938775472}
{'sample_size': 500, 'difference': 2, 'noise': 0, 'n': 16, 'alpha': 0.4, 'shap_error': 0.012840477907784765, 'shap_norm_sq': 5.760000000000002, 'weighted_error': 1.0044770127925153, 'gamma': 0.4444444444444443}
{'sample_size': 500, 'difference': 2, 'noise': 0, 'n': 16, 'alpha': 0.5, 'shap_error': 0.021339715882913522, 'shap_norm_sq': 3.999999999999991, 'weighted_error': 1.0057147158829134, 'gamma': 1.0000000000000018}
{'sample_size': 500, 'difference': 2, 'noise': 0, 'n': 16, 'alpha': 0.6, 'shap_error': 0.029880121812464237, 'shap_norm_sq': 2.5599999999999956, 'weighted_error': 1.0024293596944287, 'gamma': 2.2500000000000027}
{'sample_size': 500, 'difference': 2, 'noise': 0, 'n': 16, 'alpha': 0.7, 'shap_error': 0.061256746093008865, 'shap_norm_sq': 1.4400000000000075, 'weighted_error': 1.0032793003027978, 'gamma': 5.444444444444414}
{'sample_size': 500, 'difference': 2, 'noise': 0, 'n': 16, 'alpha': 0.8, 'shap_error': 0.18230855144613323, 'shap_norm_sq': 0.640000000000003, 'weighted_error': 1.005290768840383, 'gamma': 15.999999999999927}
{'sample_size': 500, 'difference': 2, 'noise': 0, 'n': 16, 'alpha': 0.2, 'shap_error': 0.006316561375622194, 'shap_norm_sq': 10.239999999999993, 'weighted_error': 1.0034087320099523, 'gamma': 0.06250000000000003}
{'sample_size': 500, 'difference': 2, 'noise': 0, 'n': 16, 'alpha': 0.3, 'shap_error': 0.008461541926407348, 'shap_norm_sq': 7.84000000000001, 'weighted_error': 1.0026656171548838, 'gamma': 0.18367346938775472}
{'sample_size': 500, 'difference': 2, 'noise': 0, 'n': 16, 'alpha': 0.4, 'shap_error': 0.01247072335691029, 'shap_norm_sq': 5.760000000000002, 'weighted_error': 1.0036450650530473, 'gamma': 0.4444444444444443}
{'sample_size': 500, 'difference': 2, 'noise': 0, 'n': 16, 'alpha': 0.5, 'shap_error': 0.018580363579367303, 'shap_norm_sq': 3.999999999999991, 'weighted_error': 1.002955363579367, 'gamma': 1.0000000000000018}
{'sample_size': 500, 'difference': 2, 'noise': 0, 'n': 16, 'alpha': 0.6, 'shap_error': 0.030635001486525808, 'shap_norm_sq': 2.5599999999999956, 'weighted_error': 1.0027648617717893, 'gamma': 2.2500000000000027}
{'sample_size': 500, 'difference': 2, 'noise': 0, 'n': 16, 'alpha': 0.7, 'shap_error': 0.06035016911636513, 'shap_norm_sq': 1.4400000000000075, 'weighted_error': 1.0031127861642304, 'gamma': 5.444444444444414}
{'sample_size': 500, 'difference': 2, 'noise': 0, 'n': 16, 'alpha': 0.8, 'shap_error': 0.12668624266911171, 'shap_norm_sq': 0.640000000000003, 'weighted_error': 1.0018143745418193, 'gamma': 15.999999999999927}
{'sample_size': 500, 'difference': 2, 'noise': 0, 'n': 16, 'alpha': 0.2, 'shap_error': 0.006289504843237671, 'shap_norm_sq': 10.239999999999993, 'weighted_error': 1.0029758274917997, 'gamma': 0.06250000000000003}
{'sample_size': 500, 'difference': 2, 'noise': 0, 'n': 16, 'alpha': 0.3, 'shap_error': 0.009474001928528814, 'shap_norm_sq': 7.84000000000001, 'weighted_error': 1.0081778993886559, 'gamma': 0.18367346938775472}
{'sample_size': 500, 'difference': 2, 'noise': 0, 'n': 16, 'alpha': 0.4, 'shap_error': 0.012833662792726888, 'shap_norm_sq': 5.760000000000002, 'weighted_error': 1.0044616787836345, 'gamma': 0.4444444444444443}
{'sample_size': 500, 'difference': 2, 'noise': 0, 'n': 16, 'alpha': 0.5, 'shap_error': 0.018454276121939568, 'shap_norm_sq': 3.999999999999991, 'weighted_error': 1.0028292761219393, 'gamma': 1.0000000000000018}
{'sample_size': 500, 'difference': 2, 'noise': 0, 'n': 16, 'alpha': 0.6, 'shap_error': 0.03460692664675155, 'shap_norm_sq': 2.5599999999999956, 'weighted_error': 1.0045301618430005, 'gamma': 2.2500000000000027}
{'sample_size': 500, 'difference': 2, 'noise': 0, 'n': 16, 'alpha': 0.7, 'shap_error': 0.05861379970222647, 'shap_norm_sq': 1.4400000000000075, 'weighted_error': 1.0027938611697966, 'gamma': 5.444444444444414}
{'sample_size': 500, 'difference': 2, 'noise': 0, 'n': 16, 'alpha': 0.8, 'shap_error': 0.13844251022151113, 'shap_norm_sq': 0.640000000000003, 'weighted_error': 1.0025491412638448, 'gamma': 15.999999999999927}
{'sample_size': 500, 'difference': 2, 'noise': 0, 'n': 16, 'alpha': 0.2, 'shap_error': 0.006166713284927424, 'shap_norm_sq': 10.239999999999993, 'weighted_error': 1.0010111625588358, 'gamma': 0.06250000000000003}
{'sample_size': 500, 'difference': 2, 'noise': 0, 'n': 16, 'alpha': 0.3, 'shap_error': 0.008253593905113923, 'shap_norm_sq': 7.84000000000001, 'weighted_error': 1.0015334557056195, 'gamma': 0.18367346938775472}
{'sample_size': 500, 'difference': 2, 'noise': 0, 'n': 16, 'alpha': 0.4, 'shap_error': 0.012575710632763427, 'shap_norm_sq': 5.760000000000002, 'weighted_error': 1.003881286423717, 'gamma': 0.4444444444444443}
{'sample_size': 500, 'difference': 2, 'noise': 0, 'n': 16, 'alpha': 0.5, 'shap_error': 0.018863043460325142, 'shap_norm_sq': 3.999999999999991, 'weighted_error': 1.0032380434603247, 'gamma': 1.0000000000000018}
{'sample_size': 500, 'difference': 2, 'noise': 0, 'n': 16, 'alpha': 0.6, 'shap_error': 0.026753530283735564, 'shap_norm_sq': 2.5599999999999956, 'weighted_error': 1.001039763459438, 'gamma': 2.2500000000000027}
{'sample_size': 500, 'difference': 2, 'noise': 0, 'n': 16, 'alpha': 0.7, 'shap_error': 0.055033136713408926, 'shap_norm_sq': 1.4400000000000075, 'weighted_error': 1.002136188375932, 'gamma': 5.444444444444414}
{'sample_size': 500, 'difference': 2, 'noise': 0, 'n': 16, 'alpha': 0.8, 'shap_error': 0.15129957922452994, 'shap_norm_sq': 0.640000000000003, 'weighted_error': 1.0033527080765328, 'gamma': 15.999999999999927}
{'sample_size': 500, 'difference': 2, 'noise': 0, 'n': 16, 'alpha': 0.2, 'shap_error': 0.006213201166724109, 'shap_norm_sq': 10.239999999999993, 'weighted_error': 1.0017549686675826, 'gamma': 0.06250000000000003}
{'sample_size': 500, 'difference': 2, 'noise': 0, 'n': 16, 'alpha': 0.3, 'shap_error': 0.00891085095945802, 'shap_norm_sq': 7.84000000000001, 'weighted_error': 1.0051118552237148, 'gamma': 0.18367346938775472}
{'sample_size': 500, 'difference': 2, 'noise': 0, 'n': 16, 'alpha': 0.4, 'shap_error': 0.011818008994694942, 'shap_norm_sq': 5.760000000000002, 'weighted_error': 1.002176457738063, 'gamma': 0.4444444444444443}
{'sample_size': 500, 'difference': 2, 'noise': 0, 'n': 16, 'alpha': 0.5, 'shap_error': 0.018747300365174156, 'shap_norm_sq': 3.999999999999991, 'weighted_error': 1.003122300365174, 'gamma': 1.0000000000000018}
{'sample_size': 500, 'difference': 2, 'noise': 0, 'n': 16, 'alpha': 0.6, 'shap_error': 0.033778319810902686, 'shap_norm_sq': 2.5599999999999956, 'weighted_error': 1.0041618921381787, 'gamma': 2.2500000000000027}
{'sample_size': 500, 'difference': 2, 'noise': 0, 'n': 16, 'alpha': 0.7, 'shap_error': 0.05607440049866817, 'shap_norm_sq': 1.4400000000000075, 'weighted_error': 1.0023274409079188, 'gamma': 5.444444444444414}
{'sample_size': 500, 'difference': 2, 'noise': 0, 'n': 16, 'alpha': 0.8, 'shap_error': 0.1255867149637619, 'shap_norm_sq': 0.640000000000003, 'weighted_error': 1.001745654060235, 'gamma': 15.999999999999927}
{'sample_size': 500, 'difference': 2, 'noise': 0, 'n': 16, 'alpha': 0.2, 'shap_error': 0.006317371229250425, 'shap_norm_sq': 10.239999999999993, 'weighted_error': 1.0034216896680033, 'gamma': 0.06250000000000003}
{'sample_size': 500, 'difference': 2, 'noise': 0, 'n': 16, 'alpha': 0.3, 'shap_error': 0.008311310218487581, 'shap_norm_sq': 7.84000000000001, 'weighted_error': 1.0018476889673205, 'gamma': 0.18367346938775472}
{'sample_size': 500, 'difference': 2, 'noise': 0, 'n': 16, 'alpha': 0.4, 'shap_error': 0.01197553587310747, 'shap_norm_sq': 5.760000000000002, 'weighted_error': 1.0025308932144912, 'gamma': 0.4444444444444443}
{'sample_size': 500, 'difference': 2, 'noise': 0, 'n': 16, 'alpha': 0.5, 'shap_error': 0.018442721253486123, 'shap_norm_sq': 3.999999999999991, 'weighted_error': 1.0028177212534857, 'gamma': 1.0000000000000018}
{'sample_size': 500, 'difference': 2, 'noise': 0, 'n': 16, 'alpha': 0.6, 'shap_error': 0.029573844607644326, 'shap_norm_sq': 2.5599999999999956, 'weighted_error': 1.0022932364922863, 'gamma': 2.2500000000000027}
{'sample_size': 500, 'difference': 2, 'noise': 0, 'n': 16, 'alpha': 0.7, 'shap_error': 0.06457830556830026, 'shap_norm_sq': 1.4400000000000075, 'weighted_error': 1.003889382655402, 'gamma': 5.444444444444414}
{'sample_size': 500, 'difference': 2, 'noise': 0, 'n': 16, 'alpha': 0.8, 'shap_error': 0.19297419107763047, 'shap_norm_sq': 0.640000000000003, 'weighted_error': 1.0059573713173515, 'gamma': 15.999999999999927}
{'sample_size': 500, 'difference': 2, 'noise': 0, 'n': 16, 'alpha': 0.2, 'shap_error': 0.006359213447727776, 'shap_norm_sq': 10.239999999999993, 'weighted_error': 1.0040911651636415, 'gamma': 0.06250000000000003}
{'sample_size': 500, 'difference': 2, 'noise': 0, 'n': 16, 'alpha': 0.3, 'shap_error': 0.008456308769479328, 'shap_norm_sq': 7.84000000000001, 'weighted_error': 1.0026371255227204, 'gamma': 0.18367346938775472}
{'sample_size': 500, 'difference': 2, 'noise': 0, 'n': 16, 'alpha': 0.4, 'shap_error': 0.012680050320137935, 'shap_norm_sq': 5.760000000000002, 'weighted_error': 1.0041160507203095, 'gamma': 0.4444444444444443}
{'sample_size': 500, 'difference': 2, 'noise': 0, 'n': 16, 'alpha': 0.5, 'shap_error': 0.018482577844346607, 'shap_norm_sq': 3.999999999999991, 'weighted_error': 1.0028575778443465, 'gamma': 1.0000000000000018}
{'sample_size': 500, 'difference': 2, 'noise': 0, 'n': 16, 'alpha': 0.6, 'shap_error': 0.030170331907562256, 'shap_norm_sq': 2.5599999999999956, 'weighted_error': 1.0025583419589166, 'gamma': 2.2500000000000027}
{'sample_size': 500, 'difference': 2, 'noise': 0, 'n': 16, 'alpha': 0.7, 'shap_error': 0.057396461124530194, 'shap_norm_sq': 1.4400000000000075, 'weighted_error': 1.002570268369812, 'gamma': 5.444444444444414}
{'sample_size': 500, 'difference': 2, 'noise': 0, 'n': 16, 'alpha': 0.8, 'shap_error': 0.1355262505492175, 'shap_norm_sq': 0.640000000000003, 'weighted_error': 1.002366875034326, 'gamma': 15.999999999999927}
{'sample_size': 500, 'difference': 2, 'noise': 0, 'n': 16, 'alpha': 0.2, 'shap_error': 0.006349979021728697, 'shap_norm_sq': 10.239999999999993, 'weighted_error': 1.0039434143476555, 'gamma': 0.06250000000000003}
{'sample_size': 500, 'difference': 2, 'noise': 0, 'n': 16, 'alpha': 0.3, 'shap_error': 0.008997562847466747, 'shap_norm_sq': 7.84000000000001, 'weighted_error': 1.005583953280652, 'gamma': 0.18367346938775472}
{'sample_size': 500, 'difference': 2, 'noise': 0, 'n': 16, 'alpha': 0.4, 'shap_error': 0.01222018857232315, 'shap_norm_sq': 5.760000000000002, 'weighted_error': 1.0030813617877263, 'gamma': 0.4444444444444443}
{'sample_size': 500, 'difference': 2, 'noise': 0, 'n': 16, 'alpha': 0.5, 'shap_error': 0.01826682152116048, 'shap_norm_sq': 3.999999999999991, 'weighted_error': 1.00264182152116, 'gamma': 1.0000000000000018}
{'sample_size': 500, 'difference': 2, 'noise': 0, 'n': 16, 'alpha': 0.6, 'shap_error': 0.03404238364141807, 'shap_norm_sq': 2.5599999999999956, 'weighted_error': 1.0042792538406307, 'gamma': 2.2500000000000027}
{'sample_size': 500, 'difference': 2, 'noise': 0, 'n': 16, 'alpha': 0.7, 'shap_error': 0.06702021376064807, 'shap_norm_sq': 1.4400000000000075, 'weighted_error': 1.0043378964050167, 'gamma': 5.444444444444414}
{'sample_size': 500, 'difference': 2, 'noise': 0, 'n': 16, 'alpha': 0.8, 'shap_error': 0.13235103802087267, 'shap_norm_sq': 0.640000000000003, 'weighted_error': 1.0021684242513043, 'gamma': 15.999999999999927}
{'sample_size': 500, 'difference': 2, 'noise': 0, 'n': 16, 'alpha': 0.2, 'shap_error': 0.006209054862127665, 'shap_norm_sq': 10.239999999999993, 'weighted_error': 1.0016886277940398, 'gamma': 0.06250000000000003}
{'sample_size': 500, 'difference': 2, 'noise': 0, 'n': 16, 'alpha': 0.3, 'shap_error': 0.008140903631991516, 'shap_norm_sq': 7.84000000000001, 'weighted_error': 1.0009199197741754, 'gamma': 0.18367346938775472}
{'sample_size': 500, 'difference': 2, 'noise': 0, 'n': 16, 'alpha': 0.4, 'shap_error': 0.012268518617733646, 'shap_norm_sq': 5.760000000000002, 'weighted_error': 1.0031901043899, 'gamma': 0.4444444444444443}
{'sample_size': 500, 'difference': 2, 'noise': 0, 'n': 16, 'alpha': 0.5, 'shap_error': 0.020567750737205303, 'shap_norm_sq': 3.999999999999991, 'weighted_error': 1.0049427507372046, 'gamma': 1.0000000000000018}
{'sample_size': 500, 'difference': 2, 'noise': 0, 'n': 16, 'alpha': 0.6, 'shap_error': 0.032302881921197596, 'shap_norm_sq': 2.5599999999999956, 'weighted_error': 1.003506141964977, 'gamma': 2.2500000000000027}
{'sample_size': 500, 'difference': 2, 'noise': 0, 'n': 16, 'alpha': 0.7, 'shap_error': 0.05342220133189615, 'shap_norm_sq': 1.4400000000000075, 'weighted_error': 1.0018403022854503, 'gamma': 5.444444444444414}
{'sample_size': 500, 'difference': 2, 'noise': 0, 'n': 16, 'alpha': 0.8, 'shap_error': 0.14820460432872767, 'shap_norm_sq': 0.640000000000003, 'weighted_error': 1.003159272145545, 'gamma': 15.999999999999927}
{'sample_size': 500, 'difference': 2, 'noise': 0, 'n': 16, 'alpha': 0.2, 'shap_error': 0.006393138866562785, 'shap_norm_sq': 10.239999999999993, 'weighted_error': 1.0046339718650017, 'gamma': 0.06250000000000003}
{'sample_size': 500, 'difference': 2, 'noise': 0, 'n': 16, 'alpha': 0.3, 'shap_error': 0.00901020315281508, 'shap_norm_sq': 7.84000000000001, 'weighted_error': 1.005652772720881, 'gamma': 0.18367346938775472}
{'sample_size': 500, 'difference': 2, 'noise': 0, 'n': 16, 'alpha': 0.4, 'shap_error': 0.012618050963869046, 'shap_norm_sq': 5.760000000000002, 'weighted_error': 1.0039765521687052, 'gamma': 0.4444444444444443}
{'sample_size': 500, 'difference': 2, 'noise': 0, 'n': 16, 'alpha': 0.5, 'shap_error': 0.01946171399547985, 'shap_norm_sq': 3.999999999999991, 'weighted_error': 1.0038367139954794, 'gamma': 1.0000000000000018}
{'sample_size': 500, 'difference': 2, 'noise': 0, 'n': 16, 'alpha': 0.6, 'shap_error': 0.03314972679343621, 'shap_norm_sq': 2.5599999999999956, 'weighted_error': 1.003882517463749, 'gamma': 2.2500000000000027}
{'sample_size': 500, 'difference': 2, 'noise': 0, 'n': 16, 'alpha': 0.7, 'shap_error': 0.05372660373585126, 'shap_norm_sq': 1.4400000000000075, 'weighted_error': 1.001896212931075, 'gamma': 5.444444444444414}
{'sample_size': 500, 'difference': 2, 'noise': 0, 'n': 16, 'alpha': 0.8, 'shap_error': 0.16053512889704225, 'shap_norm_sq': 0.640000000000003, 'weighted_error': 1.0039299299310651, 'gamma': 15.999999999999927}
{'sample_size': 500, 'difference': 2, 'noise': 0, 'n': 16, 'alpha': 0.2, 'shap_error': 0.0062986121666971095, 'shap_norm_sq': 10.239999999999993, 'weighted_error': 1.0031215446671502, 'gamma': 0.06250000000000003}
{'sample_size': 500, 'difference': 2, 'noise': 0, 'n': 16, 'alpha': 0.3, 'shap_error': 0.008312450528278888, 'shap_norm_sq': 7.84000000000001, 'weighted_error': 1.0018538973206286, 'gamma': 0.18367346938775472}
{'sample_size': 500, 'difference': 2, 'noise': 0, 'n': 16, 'alpha': 0.4, 'shap_error': 0.011855780588992695, 'shap_norm_sq': 5.760000000000002, 'weighted_error': 1.0022614438252326, 'gamma': 0.4444444444444443}
{'sample_size': 500, 'difference': 2, 'noise': 0, 'n': 16, 'alpha': 0.5, 'shap_error': 0.019522736488155085, 'shap_norm_sq': 3.999999999999991, 'weighted_error': 1.003897736488155, 'gamma': 1.0000000000000018}
{'sample_size': 500, 'difference': 2, 'noise': 0, 'n': 16, 'alpha': 0.6, 'shap_error': 0.032630136953430894, 'shap_norm_sq': 2.5599999999999956, 'weighted_error': 1.0036515886459692, 'gamma': 2.2500000000000027}
{'sample_size': 500, 'difference': 2, 'noise': 0, 'n': 16, 'alpha': 0.7, 'shap_error': 0.054275506941648725, 'shap_norm_sq': 1.4400000000000075, 'weighted_error': 1.001997031887242, 'gamma': 5.444444444444414}
{'sample_size': 500, 'difference': 2, 'noise': 0, 'n': 16, 'alpha': 0.8, 'shap_error': 0.1737515745991582, 'shap_norm_sq': 0.640000000000003, 'weighted_error': 1.0047559577874472, 'gamma': 15.999999999999927}
{'sample_size': 500, 'difference': 2, 'noise': 0, 'n': 16, 'alpha': 0.2, 'shap_error': 0.006187932146710007, 'shap_norm_sq': 10.239999999999993, 'weighted_error': 1.0013506643473569, 'gamma': 0.06250000000000003}
{'sample_size': 500, 'difference': 2, 'noise': 0, 'n': 16, 'alpha': 0.3, 'shap_error': 0.008480609459982835, 'shap_norm_sq': 7.84000000000001, 'weighted_error': 1.002769429282128, 'gamma': 0.18367346938775472}
{'sample_size': 500, 'difference': 2, 'noise': 0, 'n': 16, 'alpha': 0.4, 'shap_error': 0.011988231430129963, 'shap_norm_sq': 5.760000000000002, 'weighted_error': 1.0025594582177921, 'gamma': 0.4444444444444443}
{'sample_size': 500, 'difference': 2, 'noise': 0, 'n': 16, 'alpha': 0.5, 'shap_error': 0.018279993940669606, 'shap_norm_sq': 3.999999999999991, 'weighted_error': 1.0026549939406693, 'gamma': 1.0000000000000018}
{'sample_size': 500, 'difference': 2, 'noise': 0, 'n': 16, 'alpha': 0.6, 'shap_error': 0.030895039461908014, 'shap_norm_sq': 2.5599999999999956, 'weighted_error': 1.0028804342052922, 'gamma': 2.2500000000000027}
{'sample_size': 500, 'difference': 2, 'noise': 0, 'n': 16, 'alpha': 0.7, 'shap_error': 0.06549306694737245, 'shap_norm_sq': 1.4400000000000075, 'weighted_error': 1.0040574000515585, 'gamma': 5.444444444444414}
{'sample_size': 500, 'difference': 2, 'noise': 0, 'n': 16, 'alpha': 0.8, 'shap_error': 0.14043761753817055, 'shap_norm_sq': 0.640000000000003, 'weighted_error': 1.0026738354711353, 'gamma': 15.999999999999927}
{'sample_size': 500, 'difference': 2, 'noise': 0, 'n': 16, 'alpha': 0.2, 'shap_error': 0.0063962194506117, 'shap_norm_sq': 10.239999999999993, 'weighted_error': 1.0046832612097838, 'gamma': 0.06250000000000003}
{'sample_size': 500, 'difference': 2, 'noise': 0, 'n': 16, 'alpha': 0.3, 'shap_error': 0.00837891953089726, 'shap_norm_sq': 7.84000000000001, 'weighted_error': 1.002215784112662, 'gamma': 0.18367346938775472}
{'sample_size': 500, 'difference': 2, 'noise': 0, 'n': 16, 'alpha': 0.4, 'shap_error': 0.011887003586809115, 'shap_norm_sq': 5.760000000000002, 'weighted_error': 1.0023316955703199, 'gamma': 0.4444444444444443}
{'sample_size': 500, 'difference': 2, 'noise': 0, 'n': 16, 'alpha': 0.5, 'shap_error': 0.01913208563349869, 'shap_norm_sq': 3.999999999999991, 'weighted_error': 1.0035070856334982, 'gamma': 1.0000000000000018}
{'sample_size': 500, 'difference': 2, 'noise': 0, 'n': 16, 'alpha': 0.6, 'shap_error': 0.031148686001483402, 'shap_norm_sq': 2.5599999999999956, 'weighted_error': 1.002993166000659, 'gamma': 2.2500000000000027}
{'sample_size': 500, 'difference': 2, 'noise': 0, 'n': 16, 'alpha': 0.7, 'shap_error': 0.05860672381753592, 'shap_norm_sq': 1.4400000000000075, 'weighted_error': 1.0027925615175064, 'gamma': 5.444444444444414}
{'sample_size': 500, 'difference': 2, 'noise': 0, 'n': 16, 'alpha': 0.8, 'shap_error': 0.15044594459391233, 'shap_norm_sq': 0.640000000000003, 'weighted_error': 1.0032993559121193, 'gamma': 15.999999999999927}
{'sample_size': 500, 'difference': 2, 'noise': 0, 'n': 16, 'alpha': 0.2, 'shap_error': 0.006178205751995428, 'shap_norm_sq': 10.239999999999993, 'weighted_error': 1.0011950420319236, 'gamma': 0.06250000000000003}
{'sample_size': 500, 'difference': 2, 'noise': 0, 'n': 16, 'alpha': 0.3, 'shap_error': 0.008644522248786271, 'shap_norm_sq': 7.84000000000001, 'weighted_error': 1.0036618433545026, 'gamma': 0.18367346938775472}
{'sample_size': 500, 'difference': 2, 'noise': 0, 'n': 16, 'alpha': 0.4, 'shap_error': 0.012129368177208796, 'shap_norm_sq': 5.760000000000002, 'weighted_error': 1.002877015898719, 'gamma': 0.4444444444444443}
{'sample_size': 500, 'difference': 2, 'noise': 0, 'n': 16, 'alpha': 0.5, 'shap_error': 0.019072834692645285, 'shap_norm_sq': 3.999999999999991, 'weighted_error': 1.0034478346926448, 'gamma': 1.0000000000000018}
{'sample_size': 500, 'difference': 2, 'noise': 0, 'n': 16, 'alpha': 0.6, 'shap_error': 0.029814883232604505, 'shap_norm_sq': 2.5599999999999956, 'weighted_error': 1.0024003647700466, 'gamma': 2.2500000000000027}
{'sample_size': 500, 'difference': 2, 'noise': 0, 'n': 16, 'alpha': 0.7, 'shap_error': 0.0608528895659627, 'shap_norm_sq': 1.4400000000000075, 'weighted_error': 1.00320512257334, 'gamma': 5.444444444444414}
{'sample_size': 500, 'difference': 2, 'noise': 0, 'n': 16, 'alpha': 0.8, 'shap_error': 0.14229885347517757, 'shap_norm_sq': 0.640000000000003, 'weighted_error': 1.0027901627171987, 'gamma': 15.999999999999927}
{'sample_size': 500, 'difference': 2, 'noise': 0, 'n': 16, 'alpha': 0.2, 'shap_error': 0.006319127146306533, 'shap_norm_sq': 10.239999999999993, 'weighted_error': 1.003449784340901, 'gamma': 0.06250000000000003}
{'sample_size': 500, 'difference': 2, 'noise': 0, 'n': 16, 'alpha': 0.3, 'shap_error': 0.009796809263516396, 'shap_norm_sq': 7.84000000000001, 'weighted_error': 1.0099354059902548, 'gamma': 0.18367346938775472}
{'sample_size': 500, 'difference': 2, 'noise': 0, 'n': 16, 'alpha': 0.4, 'shap_error': 0.012535782379849952, 'shap_norm_sq': 5.760000000000002, 'weighted_error': 1.003791447854662, 'gamma': 0.4444444444444443}
{'sample_size': 500, 'difference': 2, 'noise': 0, 'n': 16, 'alpha': 0.5, 'shap_error': 0.019788487270612075, 'shap_norm_sq': 3.999999999999991, 'weighted_error': 1.0041634872706113, 'gamma': 1.0000000000000018}
{'sample_size': 500, 'difference': 2, 'noise': 0, 'n': 16, 'alpha': 0.6, 'shap_error': 0.02858063994332433, 'shap_norm_sq': 2.5599999999999956, 'weighted_error': 1.0018518121970332, 'gamma': 2.2500000000000027}
{'sample_size': 500, 'difference': 2, 'noise': 0, 'n': 16, 'alpha': 0.7, 'shap_error': 0.06826482179290845, 'shap_norm_sq': 1.4400000000000075, 'weighted_error': 1.0045664978803301, 'gamma': 5.444444444444414}
{'sample_size': 500, 'difference': 2, 'noise': 0, 'n': 16, 'alpha': 0.8, 'shap_error': 0.14494760715097105, 'shap_norm_sq': 0.640000000000003, 'weighted_error': 1.0029557098219357, 'gamma': 15.999999999999927}
{'sample_size': 500, 'difference': 2, 'noise': 0, 'n': 16, 'alpha': 0.2, 'shap_error': 0.0062376937735169535, 'shap_norm_sq': 10.239999999999993, 'weighted_error': 1.0021468503762683, 'gamma': 0.06250000000000003}
{'sample_size': 500, 'difference': 2, 'noise': 0, 'n': 16, 'alpha': 0.3, 'shap_error': 0.008746203197147109, 'shap_norm_sq': 7.84000000000001, 'weighted_error': 1.0042154396289111, 'gamma': 0.18367346938775472}
{'sample_size': 500, 'difference': 2, 'noise': 0, 'n': 16, 'alpha': 0.4, 'shap_error': 0.012170196235358829, 'shap_norm_sq': 5.760000000000002, 'weighted_error': 1.0029688790295568, 'gamma': 0.4444444444444443}
{'sample_size': 500, 'difference': 2, 'noise': 0, 'n': 16, 'alpha': 0.5, 'shap_error': 0.018434018477190707, 'shap_norm_sq': 3.999999999999991, 'weighted_error': 1.0028090184771905, 'gamma': 1.0000000000000018}
{'sample_size': 500, 'difference': 2, 'noise': 0, 'n': 16, 'alpha': 0.6, 'shap_error': 0.042850214900939744, 'shap_norm_sq': 2.5599999999999956, 'weighted_error': 1.0081938455115285, 'gamma': 2.2500000000000027}
{'sample_size': 500, 'difference': 2, 'noise': 0, 'n': 16, 'alpha': 0.7, 'shap_error': 0.07092956319299065, 'shap_norm_sq': 1.4400000000000075, 'weighted_error': 1.0050559401783044, 'gamma': 5.444444444444414}
{'sample_size': 500, 'difference': 2, 'noise': 0, 'n': 16, 'alpha': 0.8, 'shap_error': 0.1623763009148594, 'shap_norm_sq': 0.640000000000003, 'weighted_error': 1.0040450031821784, 'gamma': 15.999999999999927}
{'sample_size': 500, 'difference': 2, 'noise': 0, 'n': 16, 'alpha': 0.2, 'shap_error': 0.006300270917057054, 'shap_norm_sq': 10.239999999999993, 'weighted_error': 1.0031480846729095, 'gamma': 0.06250000000000003}
{'sample_size': 500, 'difference': 2, 'noise': 0, 'n': 16, 'alpha': 0.3, 'shap_error': 0.008367135117800713, 'shap_norm_sq': 7.84000000000001, 'weighted_error': 1.0021516245302478, 'gamma': 0.18367346938775472}
{'sample_size': 500, 'difference': 2, 'noise': 0, 'n': 16, 'alpha': 0.4, 'shap_error': 0.013078984593238875, 'shap_norm_sq': 5.760000000000002, 'weighted_error': 1.0050136528347864, 'gamma': 0.4444444444444443}
{'sample_size': 500, 'difference': 2, 'noise': 0, 'n': 16, 'alpha': 0.5, 'shap_error': 0.017901164088210363, 'shap_norm_sq': 3.999999999999991, 'weighted_error': 1.0022761640882103, 'gamma': 1.0000000000000018}
{'sample_size': 500, 'difference': 2, 'noise': 0, 'n': 16, 'alpha': 0.6, 'shap_error': 0.036930786746331, 'shap_norm_sq': 2.5599999999999956, 'weighted_error': 1.0055629885539248, 'gamma': 2.2500000000000027}
{'sample_size': 500, 'difference': 2, 'noise': 0, 'n': 16, 'alpha': 0.7, 'shap_error': 0.049954365737457866, 'shap_norm_sq': 1.4400000000000075, 'weighted_error': 1.0012033528905535, 'gamma': 5.444444444444414}
{'sample_size': 500, 'difference': 2, 'noise': 0, 'n': 16, 'alpha': 0.8, 'shap_error': 0.12535751562207328, 'shap_norm_sq': 0.640000000000003, 'weighted_error': 1.0017313291013794, 'gamma': 15.999999999999927}
{'sample_size': 500, 'difference': 2, 'noise': 0, 'n': 16, 'alpha': 0.2, 'shap_error': 0.0062801060441874685, 'shap_norm_sq': 10.239999999999993, 'weighted_error': 1.0028254467069966, 'gamma': 0.06250000000000003}
{'sample_size': 500, 'difference': 2, 'noise': 0, 'n': 16, 'alpha': 0.3, 'shap_error': 0.008464526375913264, 'shap_norm_sq': 7.84000000000001, 'weighted_error': 1.0026818658244163, 'gamma': 0.18367346938775472}
{'sample_size': 500, 'difference': 2, 'noise': 0, 'n': 16, 'alpha': 0.4, 'shap_error': 0.012624944367830867, 'shap_norm_sq': 5.760000000000002, 'weighted_error': 1.003992062327619, 'gamma': 0.4444444444444443}
{'sample_size': 500, 'difference': 2, 'noise': 0, 'n': 16, 'alpha': 0.5, 'shap_error': 0.019443736522933384, 'shap_norm_sq': 3.999999999999991, 'weighted_error': 1.003818736522933, 'gamma': 1.0000000000000018}
{'sample_size': 500, 'difference': 2, 'noise': 0, 'n': 16, 'alpha': 0.6, 'shap_error': 0.03203287231668623, 'shap_norm_sq': 2.5599999999999956, 'weighted_error': 1.0033861376963054, 'gamma': 2.2500000000000027}
{'sample_size': 500, 'difference': 2, 'noise': 0, 'n': 16, 'alpha': 0.7, 'shap_error': 0.06188146656121022, 'shap_norm_sq': 1.4400000000000075, 'weighted_error': 1.0033940448785894, 'gamma': 5.444444444444414}
{'sample_size': 500, 'difference': 2, 'noise': 0, 'n': 16, 'alpha': 0.8, 'shap_error': 0.13877476045674814, 'shap_norm_sq': 0.640000000000003, 'weighted_error': 1.0025699069035465, 'gamma': 15.999999999999927}
{'sample_size': 500, 'difference': 2, 'noise': 0, 'n': 16, 'alpha': 0.2, 'shap_error': 0.006396889922235118, 'shap_norm_sq': 10.239999999999993, 'weighted_error': 1.0046939887557587, 'gamma': 0.06250000000000003}
{'sample_size': 500, 'difference': 2, 'noise': 0, 'n': 16, 'alpha': 0.3, 'shap_error': 0.008942556441698975, 'shap_norm_sq': 7.84000000000001, 'weighted_error': 1.0052844739603604, 'gamma': 0.18367346938775472}
{'sample_size': 500, 'difference': 2, 'noise': 0, 'n': 16, 'alpha': 0.4, 'shap_error': 0.01165779305351721, 'shap_norm_sq': 5.760000000000002, 'weighted_error': 1.001815971870413, 'gamma': 0.4444444444444443}
{'sample_size': 500, 'difference': 2, 'noise': 0, 'n': 16, 'alpha': 0.5, 'shap_error': 0.01865927281284317, 'shap_norm_sq': 3.999999999999991, 'weighted_error': 1.0030342728128427, 'gamma': 1.0000000000000018}
{'sample_size': 500, 'difference': 2, 'noise': 0, 'n': 16, 'alpha': 0.6, 'shap_error': 0.03389988278747836, 'shap_norm_sq': 2.5599999999999956, 'weighted_error': 1.0042159201277678, 'gamma': 2.2500000000000027}
{'sample_size': 500, 'difference': 2, 'noise': 0, 'n': 16, 'alpha': 0.7, 'shap_error': 0.05904052841177447, 'shap_norm_sq': 1.4400000000000075, 'weighted_error': 1.0028722399123668, 'gamma': 5.444444444444414}
{'sample_size': 500, 'difference': 2, 'noise': 0, 'n': 16, 'alpha': 0.8, 'shap_error': 0.1571293166507833, 'shap_norm_sq': 0.640000000000003, 'weighted_error': 1.0037170666656736, 'gamma': 15.999999999999927}
{'sample_size': 500, 'difference': 2, 'noise': 0, 'n': 16, 'alpha': 0.2, 'shap_error': 0.006355227503565727, 'shap_norm_sq': 10.239999999999993, 'weighted_error': 1.004027390057049, 'gamma': 0.06250000000000003}
{'sample_size': 500, 'difference': 2, 'noise': 0, 'n': 16, 'alpha': 0.3, 'shap_error': 0.00834627872724357, 'shap_norm_sq': 7.84000000000001, 'weighted_error': 1.0020380730705476, 'gamma': 0.18367346938775472}
{'sample_size': 500, 'difference': 2, 'noise': 0, 'n': 16, 'alpha': 0.4, 'shap_error': 0.011551398466523652, 'shap_norm_sq': 5.760000000000002, 'weighted_error': 1.0015765840496778, 'gamma': 0.4444444444444443}
{'sample_size': 500, 'difference': 2, 'noise': 0, 'n': 16, 'alpha': 0.5, 'shap_error': 0.019527978814488006, 'shap_norm_sq': 3.999999999999991, 'weighted_error': 1.0039029788144878, 'gamma': 1.0000000000000018}
{'sample_size': 500, 'difference': 2, 'noise': 0, 'n': 16, 'alpha': 0.6, 'shap_error': 0.029250275098358078, 'shap_norm_sq': 2.5599999999999956, 'weighted_error': 1.0021494278214929, 'gamma': 2.2500000000000027}
{'sample_size': 500, 'difference': 2, 'noise': 0, 'n': 16, 'alpha': 0.7, 'shap_error': 0.05831460268700798, 'shap_norm_sq': 1.4400000000000075, 'weighted_error': 1.002738906615981, 'gamma': 5.444444444444414}
{'sample_size': 500, 'difference': 2, 'noise': 0, 'n': 16, 'alpha': 0.8, 'shap_error': 0.15197661243461644, 'shap_norm_sq': 0.640000000000003, 'weighted_error': 1.0033950226521633, 'gamma': 15.999999999999927}
{'sample_size': 500, 'difference': 2, 'noise': 0, 'n': 16, 'alpha': 0.2, 'shap_error': 0.006243026495726459, 'shap_norm_sq': 10.239999999999993, 'weighted_error': 1.0022321739316202, 'gamma': 0.06250000000000003}
{'sample_size': 500, 'difference': 2, 'noise': 0, 'n': 16, 'alpha': 0.3, 'shap_error': 0.008524435863623642, 'shap_norm_sq': 7.84000000000001, 'weighted_error': 1.0030080397019503, 'gamma': 0.18367346938775472}
{'sample_size': 500, 'difference': 2, 'noise': 0, 'n': 16, 'alpha': 0.4, 'shap_error': 0.011578080119793091, 'shap_norm_sq': 5.760000000000002, 'weighted_error': 1.0016366177695344, 'gamma': 0.4444444444444443}
{'sample_size': 500, 'difference': 2, 'noise': 0, 'n': 16, 'alpha': 0.5, 'shap_error': 0.01839234040195705, 'shap_norm_sq': 3.999999999999991, 'weighted_error': 1.002767340401957, 'gamma': 1.0000000000000018}
{'sample_size': 500, 'difference': 2, 'noise': 0, 'n': 16, 'alpha': 0.6, 'shap_error': 0.03732014327588192, 'shap_norm_sq': 2.5599999999999956, 'weighted_error': 1.0057360359003917, 'gamma': 2.2500000000000027}
{'sample_size': 500, 'difference': 2, 'noise': 0, 'n': 16, 'alpha': 0.7, 'shap_error': 0.07303946395553755, 'shap_norm_sq': 1.4400000000000075, 'weighted_error': 1.0054434729714252, 'gamma': 5.444444444444414}
{'sample_size': 500, 'difference': 2, 'noise': 0, 'n': 16, 'alpha': 0.8, 'shap_error': 0.14006863758660204, 'shap_norm_sq': 0.640000000000003, 'weighted_error': 1.0026507742241622, 'gamma': 15.999999999999927}
{'sample_size': 500, 'difference': 2, 'noise': 0, 'n': 16, 'alpha': 0.2, 'shap_error': 0.00622990378158566, 'shap_norm_sq': 10.239999999999993, 'weighted_error': 1.002022210505368, 'gamma': 0.06250000000000003}
{'sample_size': 500, 'difference': 2, 'noise': 0, 'n': 16, 'alpha': 0.3, 'shap_error': 0.008762166824695897, 'shap_norm_sq': 7.84000000000001, 'weighted_error': 1.0043023527122328, 'gamma': 0.18367346938775472}
{'sample_size': 500, 'difference': 2, 'noise': 0, 'n': 16, 'alpha': 0.4, 'shap_error': 0.01202101387584208, 'shap_norm_sq': 5.760000000000002, 'weighted_error': 1.0026332187206441, 'gamma': 0.4444444444444443}
{'sample_size': 500, 'difference': 2, 'noise': 0, 'n': 16, 'alpha': 0.5, 'shap_error': 0.017873279426174057, 'shap_norm_sq': 3.999999999999991, 'weighted_error': 1.0022482794261738, 'gamma': 1.0000000000000018}
{'sample_size': 500, 'difference': 2, 'noise': 0, 'n': 16, 'alpha': 0.6, 'shap_error': 0.03311106559720939, 'shap_norm_sq': 2.5599999999999956, 'weighted_error': 1.0038653347098707, 'gamma': 2.2500000000000027}
{'sample_size': 500, 'difference': 2, 'noise': 0, 'n': 16, 'alpha': 0.7, 'shap_error': 0.05857061372046843, 'shap_norm_sq': 1.4400000000000075, 'weighted_error': 1.0027859290506982, 'gamma': 5.444444444444414}
{'sample_size': 500, 'difference': 2, 'noise': 0, 'n': 16, 'alpha': 0.8, 'shap_error': 0.17306291099995738, 'shap_norm_sq': 0.640000000000003, 'weighted_error': 1.004712916312497, 'gamma': 15.999999999999927}
{'sample_size': 500, 'difference': 2, 'noise': 0, 'n': 16, 'alpha': 0.2, 'shap_error': 0.006191296645662706, 'shap_norm_sq': 10.239999999999993, 'weighted_error': 1.0014044963306001, 'gamma': 0.06250000000000003}
{'sample_size': 500, 'difference': 2, 'noise': 0, 'n': 16, 'alpha': 0.3, 'shap_error': 0.008256918781021146, 'shap_norm_sq': 7.84000000000001, 'weighted_error': 1.0015515578077807, 'gamma': 0.18367346938775472}
{'sample_size': 500, 'difference': 2, 'noise': 0, 'n': 16, 'alpha': 0.4, 'shap_error': 0.011603122503994498, 'shap_norm_sq': 5.760000000000002, 'weighted_error': 1.0016929631339868, 'gamma': 0.4444444444444443}
{'sample_size': 500, 'difference': 2, 'noise': 0, 'n': 16, 'alpha': 0.5, 'shap_error': 0.018794108543981357, 'shap_norm_sq': 3.999999999999991, 'weighted_error': 1.0031691085439813, 'gamma': 1.0000000000000018}
{'sample_size': 500, 'difference': 2, 'noise': 0, 'n': 16, 'alpha': 0.6, 'shap_error': 0.031883352374135185, 'shap_norm_sq': 2.5599999999999956, 'weighted_error': 1.0033196843885044, 'gamma': 2.2500000000000027}
{'sample_size': 500, 'difference': 2, 'noise': 0, 'n': 16, 'alpha': 0.7, 'shap_error': 0.05523556412549723, 'shap_norm_sq': 1.4400000000000075, 'weighted_error': 1.0021733689210097, 'gamma': 5.444444444444414}
{'sample_size': 500, 'difference': 2, 'noise': 0, 'n': 16, 'alpha': 0.8, 'shap_error': 0.15909000559716224, 'shap_norm_sq': 0.640000000000003, 'weighted_error': 1.0038396097248226, 'gamma': 15.999999999999927}
{'sample_size': 500, 'difference': 2, 'noise': 0, 'n': 16, 'alpha': 0.2, 'shap_error': 0.006221498313856504, 'shap_norm_sq': 10.239999999999993, 'weighted_error': 1.0018877230217007, 'gamma': 0.06250000000000003}
{'sample_size': 500, 'difference': 2, 'noise': 0, 'n': 16, 'alpha': 0.3, 'shap_error': 0.008826907128983298, 'shap_norm_sq': 7.84000000000001, 'weighted_error': 1.0046548277022418, 'gamma': 0.18367346938775472}
{'sample_size': 500, 'difference': 2, 'noise': 0, 'n': 16, 'alpha': 0.4, 'shap_error': 0.011899860513181348, 'shap_norm_sq': 5.760000000000002, 'weighted_error': 1.0023606236546574, 'gamma': 0.4444444444444443}
{'sample_size': 500, 'difference': 2, 'noise': 0, 'n': 16, 'alpha': 0.5, 'shap_error': 0.018501376465458044, 'shap_norm_sq': 3.999999999999991, 'weighted_error': 1.0028763764654578, 'gamma': 1.0000000000000018}
{'sample_size': 500, 'difference': 2, 'noise': 0, 'n': 16, 'alpha': 0.6, 'shap_error': 0.029915403259487255, 'shap_norm_sq': 2.5599999999999956, 'weighted_error': 1.0024450403375496, 'gamma': 2.2500000000000027}
{'sample_size': 500, 'difference': 2, 'noise': 0, 'n': 16, 'alpha': 0.7, 'shap_error': 0.05498966067015372, 'shap_norm_sq': 1.4400000000000075, 'weighted_error': 1.0021282029802325, 'gamma': 5.444444444444414}
{'sample_size': 500, 'difference': 2, 'noise': 0, 'n': 16, 'alpha': 0.8, 'shap_error': 0.16987340708062768, 'shap_norm_sq': 0.640000000000003, 'weighted_error': 1.0045135723175391, 'gamma': 15.999999999999927}
{'sample_size': 500, 'difference': 2, 'noise': 0, 'n': 16, 'alpha': 0.2, 'shap_error': 0.006520384928407714, 'shap_norm_sq': 10.239999999999993, 'weighted_error': 1.0066699088545201, 'gamma': 0.06250000000000003}
{'sample_size': 500, 'difference': 2, 'noise': 0, 'n': 16, 'alpha': 0.3, 'shap_error': 0.00880145525731769, 'shap_norm_sq': 7.84000000000001, 'weighted_error': 1.004516256400951, 'gamma': 0.18367346938775472}
{'sample_size': 500, 'difference': 2, 'noise': 0, 'n': 16, 'alpha': 0.4, 'shap_error': 0.011616611399408634, 'shap_norm_sq': 5.760000000000002, 'weighted_error': 1.001723313148669, 'gamma': 0.4444444444444443}
{'sample_size': 500, 'difference': 2, 'noise': 0, 'n': 16, 'alpha': 0.5, 'shap_error': 0.018175921196676444, 'shap_norm_sq': 3.999999999999991, 'weighted_error': 1.002550921196676, 'gamma': 1.0000000000000018}
{'sample_size': 500, 'difference': 2, 'noise': 0, 'n': 16, 'alpha': 0.6, 'shap_error': 0.03329566173144236, 'shap_norm_sq': 2.5599999999999956, 'weighted_error': 1.0039473774361962, 'gamma': 2.2500000000000027}
{'sample_size': 500, 'difference': 2, 'noise': 0, 'n': 16, 'alpha': 0.7, 'shap_error': 0.06079460731668504, 'shap_norm_sq': 1.4400000000000075, 'weighted_error': 1.0031944176704115, 'gamma': 5.444444444444414}
{'sample_size': 500, 'difference': 2, 'noise': 0, 'n': 16, 'alpha': 0.8, 'shap_error': 0.1383652667820034, 'shap_norm_sq': 0.640000000000003, 'weighted_error': 1.0025443135488752, 'gamma': 15.999999999999927}
{'sample_size': 500, 'difference': 2, 'noise': 0, 'n': 16, 'alpha': 0.2, 'shap_error': 0.00618980961180261, 'shap_norm_sq': 10.239999999999993, 'weighted_error': 1.0013807037888391, 'gamma': 0.06250000000000003}
{'sample_size': 500, 'difference': 2, 'noise': 0, 'n': 16, 'alpha': 0.3, 'shap_error': 0.008368047928376761, 'shap_norm_sq': 7.84000000000001, 'weighted_error': 1.0021565942767174, 'gamma': 0.18367346938775472}
{'sample_size': 500, 'difference': 2, 'noise': 0, 'n': 16, 'alpha': 0.4, 'shap_error': 0.012421180073802458, 'shap_norm_sq': 5.760000000000002, 'weighted_error': 1.0035335926660551, 'gamma': 0.4444444444444443}
{'sample_size': 500, 'difference': 2, 'noise': 0, 'n': 16, 'alpha': 0.5, 'shap_error': 0.018952216990954143, 'shap_norm_sq': 3.999999999999991, 'weighted_error': 1.003327216990954, 'gamma': 1.0000000000000018}
{'sample_size': 500, 'difference': 2, 'noise': 0, 'n': 16, 'alpha': 0.6, 'shap_error': 0.026243059055231402, 'shap_norm_sq': 2.5599999999999956, 'weighted_error': 1.0008128873578808, 'gamma': 2.2500000000000027}
{'sample_size': 500, 'difference': 2, 'noise': 0, 'n': 16, 'alpha': 0.7, 'shap_error': 0.053618735268809295, 'shap_norm_sq': 1.4400000000000075, 'weighted_error': 1.0018764003554954, 'gamma': 5.444444444444414}
{'sample_size': 500, 'difference': 2, 'noise': 0, 'n': 16, 'alpha': 0.8, 'shap_error': 0.13741389589212982, 'shap_norm_sq': 0.640000000000003, 'weighted_error': 1.0024848528682582, 'gamma': 15.999999999999927}
{'sample_size': 500, 'difference': 2, 'noise': 0, 'n': 16, 'alpha': 0.2, 'shap_error': 0.006289810729811605, 'shap_norm_sq': 10.239999999999993, 'weighted_error': 1.0029807216769828, 'gamma': 0.06250000000000003}
{'sample_size': 500, 'difference': 2, 'noise': 0, 'n': 16, 'alpha': 0.3, 'shap_error': 0.00897367025346651, 'shap_norm_sq': 7.84000000000001, 'weighted_error': 1.0054538713799832, 'gamma': 0.18367346938775472}
{'sample_size': 500, 'difference': 2, 'noise': 0, 'n': 16, 'alpha': 0.4, 'shap_error': 0.011547547428231653, 'shap_norm_sq': 5.760000000000002, 'weighted_error': 1.0015679192135205, 'gamma': 0.4444444444444443}
{'sample_size': 500, 'difference': 2, 'noise': 0, 'n': 16, 'alpha': 0.5, 'shap_error': 0.020958310676898854, 'shap_norm_sq': 3.999999999999991, 'weighted_error': 1.0053333106768982, 'gamma': 1.0000000000000018}
{'sample_size': 500, 'difference': 2, 'noise': 0, 'n': 16, 'alpha': 0.6, 'shap_error': 0.033664915404923786, 'shap_norm_sq': 2.5599999999999956, 'weighted_error': 1.0041114901799657, 'gamma': 2.2500000000000027}
{'sample_size': 500, 'difference': 2, 'noise': 0, 'n': 16, 'alpha': 0.7, 'shap_error': 0.059369073545775926, 'shap_norm_sq': 1.4400000000000075, 'weighted_error': 1.0029325849369792, 'gamma': 5.444444444444414}
{'sample_size': 500, 'difference': 2, 'noise': 0, 'n': 16, 'alpha': 0.8, 'shap_error': 0.17854785990925715, 'shap_norm_sq': 0.640000000000003, 'weighted_error': 1.0050557256193284, 'gamma': 15.999999999999927}
{'sample_size': 500, 'difference': 2, 'noise': 0, 'n': 16, 'alpha': 0.2, 'shap_error': 0.006222481708737856, 'shap_norm_sq': 10.239999999999993, 'weighted_error': 1.001903457339803, 'gamma': 0.06250000000000003}
{'sample_size': 500, 'difference': 2, 'noise': 0, 'n': 16, 'alpha': 0.3, 'shap_error': 0.008336734671261484, 'shap_norm_sq': 7.84000000000001, 'weighted_error': 1.0019861109879784, 'gamma': 0.18367346938775472}
{'sample_size': 500, 'difference': 2, 'noise': 0, 'n': 16, 'alpha': 0.4, 'shap_error': 0.012029559577014208, 'shap_norm_sq': 5.760000000000002, 'weighted_error': 1.0026524465482816, 'gamma': 0.4444444444444443}
{'sample_size': 500, 'difference': 2, 'noise': 0, 'n': 16, 'alpha': 0.5, 'shap_error': 0.01882254470010248, 'shap_norm_sq': 3.999999999999991, 'weighted_error': 1.0031975447001018, 'gamma': 1.0000000000000018}
{'sample_size': 500, 'difference': 2, 'noise': 0, 'n': 16, 'alpha': 0.6, 'shap_error': 0.03753609842568939, 'shap_norm_sq': 2.5599999999999956, 'weighted_error': 1.0058320159669725, 'gamma': 2.2500000000000027}
{'sample_size': 500, 'difference': 2, 'noise': 0, 'n': 16, 'alpha': 0.7, 'shap_error': 0.06354934032442952, 'shap_norm_sq': 1.4400000000000075, 'weighted_error': 1.0037003890391811, 'gamma': 5.444444444444414}
{'sample_size': 500, 'difference': 2, 'noise': 0, 'n': 16, 'alpha': 0.8, 'shap_error': 0.11603236017972146, 'shap_norm_sq': 0.640000000000003, 'weighted_error': 1.0011485068862325, 'gamma': 15.999999999999927}
{'sample_size': 500, 'difference': 2, 'noise': 0, 'n': 16, 'alpha': 0.2, 'shap_error': 0.006307790869989684, 'shap_norm_sq': 10.239999999999993, 'weighted_error': 1.0032684039198316, 'gamma': 0.06250000000000003}
{'sample_size': 500, 'difference': 2, 'noise': 0, 'n': 16, 'alpha': 0.3, 'shap_error': 0.008483391896450887, 'shap_norm_sq': 7.84000000000001, 'weighted_error': 1.0027845781028988, 'gamma': 0.18367346938775472}
{'sample_size': 500, 'difference': 2, 'noise': 0, 'n': 16, 'alpha': 0.4, 'shap_error': 0.012930317460132991, 'shap_norm_sq': 5.760000000000002, 'weighted_error': 1.0046791517852987, 'gamma': 0.4444444444444443}
{'sample_size': 500, 'difference': 2, 'noise': 0, 'n': 16, 'alpha': 0.5, 'shap_error': 0.021045398695968064, 'shap_norm_sq': 3.999999999999991, 'weighted_error': 1.0054203986959673, 'gamma': 1.0000000000000018}
{'sample_size': 500, 'difference': 2, 'noise': 0, 'n': 16, 'alpha': 0.6, 'shap_error': 0.04022499128535914, 'shap_norm_sq': 2.5599999999999956, 'weighted_error': 1.0070270794601592, 'gamma': 2.2500000000000027}
{'sample_size': 500, 'difference': 2, 'noise': 0, 'n': 16, 'alpha': 0.7, 'shap_error': 0.05648043700778176, 'shap_norm_sq': 1.4400000000000075, 'weighted_error': 1.0024020190422456, 'gamma': 5.444444444444414}
{'sample_size': 500, 'difference': 2, 'noise': 0, 'n': 16, 'alpha': 0.8, 'shap_error': 0.12508847970893758, 'shap_norm_sq': 0.640000000000003, 'weighted_error': 1.0017145143568087, 'gamma': 15.999999999999927}
{'sample_size': 500, 'difference': 2, 'noise': 0, 'n': 16, 'alpha': 0.2, 'shap_error': 0.006390870634193253, 'shap_norm_sq': 10.239999999999993, 'weighted_error': 1.0045976801470886, 'gamma': 0.06250000000000003}
{'sample_size': 500, 'difference': 2, 'noise': 0, 'n': 16, 'alpha': 0.3, 'shap_error': 0.008542222087327566, 'shap_norm_sq': 7.84000000000001, 'weighted_error': 1.0031048758087824, 'gamma': 0.18367346938775472}
{'sample_size': 500, 'difference': 2, 'noise': 0, 'n': 16, 'alpha': 0.4, 'shap_error': 0.01170037227089927, 'shap_norm_sq': 5.760000000000002, 'weighted_error': 1.0019117751095228, 'gamma': 0.4444444444444443}
{'sample_size': 500, 'difference': 2, 'noise': 0, 'n': 16, 'alpha': 0.5, 'shap_error': 0.018049542351940555, 'shap_norm_sq': 3.999999999999991, 'weighted_error': 1.0024245423519402, 'gamma': 1.0000000000000018}
{'sample_size': 500, 'difference': 2, 'noise': 0, 'n': 16, 'alpha': 0.6, 'shap_error': 0.028206265440784563, 'shap_norm_sq': 2.5599999999999956, 'weighted_error': 1.0016854235292374, 'gamma': 2.2500000000000027}
{'sample_size': 500, 'difference': 2, 'noise': 0, 'n': 16, 'alpha': 0.7, 'shap_error': 0.053074998157937474, 'shap_norm_sq': 1.4400000000000075, 'weighted_error': 1.001776530273907, 'gamma': 5.444444444444414}
{'sample_size': 500, 'difference': 2, 'noise': 0, 'n': 16, 'alpha': 0.8, 'shap_error': 0.1155930637445143, 'shap_norm_sq': 0.640000000000003, 'weighted_error': 1.0011210508590318, 'gamma': 15.999999999999927}
{'sample_size': 500, 'difference': 2, 'noise': 0, 'n': 16, 'alpha': 0.2, 'shap_error': 0.006217644586891919, 'shap_norm_sq': 10.239999999999993, 'weighted_error': 1.0018260633902674, 'gamma': 0.06250000000000003}
{'sample_size': 500, 'difference': 2, 'noise': 0, 'n': 16, 'alpha': 0.3, 'shap_error': 0.008344645068881582, 'shap_norm_sq': 7.84000000000001, 'weighted_error': 1.0020291787083546, 'gamma': 0.18367346938775472}
{'sample_size': 500, 'difference': 2, 'noise': 0, 'n': 16, 'alpha': 0.4, 'shap_error': 0.01190445791123832, 'shap_norm_sq': 5.760000000000002, 'weighted_error': 1.0023709678002855, 'gamma': 0.4444444444444443}
{'sample_size': 500, 'difference': 2, 'noise': 0, 'n': 16, 'alpha': 0.5, 'shap_error': 0.018884284002796854, 'shap_norm_sq': 3.999999999999991, 'weighted_error': 1.0032592840027967, 'gamma': 1.0000000000000018}
{'sample_size': 500, 'difference': 2, 'noise': 0, 'n': 16, 'alpha': 0.6, 'shap_error': 0.031857125529205194, 'shap_norm_sq': 2.5599999999999956, 'weighted_error': 1.0033080280129802, 'gamma': 2.2500000000000027}
{'sample_size': 500, 'difference': 2, 'noise': 0, 'n': 16, 'alpha': 0.7, 'shap_error': 0.0657783600392917, 'shap_norm_sq': 1.4400000000000075, 'weighted_error': 1.0041098008235436, 'gamma': 5.444444444444414}
{'sample_size': 500, 'difference': 2, 'noise': 0, 'n': 16, 'alpha': 0.8, 'shap_error': 0.13539316238634005, 'shap_norm_sq': 0.640000000000003, 'weighted_error': 1.0023585570241462, 'gamma': 15.999999999999927}
{'sample_size': 500, 'difference': 2, 'noise': 0, 'n': 16, 'alpha': 0.2, 'shap_error': 0.006306789891306475, 'shap_norm_sq': 10.239999999999993, 'weighted_error': 1.0032523882609001, 'gamma': 0.06250000000000003}
{'sample_size': 500, 'difference': 2, 'noise': 0, 'n': 16, 'alpha': 0.3, 'shap_error': 0.008623289329250978, 'shap_norm_sq': 7.84000000000001, 'weighted_error': 1.0035462419036991, 'gamma': 0.18367346938775472}
{'sample_size': 500, 'difference': 2, 'noise': 0, 'n': 16, 'alpha': 0.4, 'shap_error': 0.012928242189610367, 'shap_norm_sq': 5.760000000000002, 'weighted_error': 1.0046744824266227, 'gamma': 0.4444444444444443}
{'sample_size': 500, 'difference': 2, 'noise': 0, 'n': 16, 'alpha': 0.5, 'shap_error': 0.019469959873394352, 'shap_norm_sq': 3.999999999999991, 'weighted_error': 1.0038449598733943, 'gamma': 1.0000000000000018}
{'sample_size': 500, 'difference': 2, 'noise': 0, 'n': 16, 'alpha': 0.6, 'shap_error': 0.03056050535318566, 'shap_norm_sq': 2.5599999999999956, 'weighted_error': 1.0027317523791937, 'gamma': 2.2500000000000027}
{'sample_size': 500, 'difference': 2, 'noise': 0, 'n': 16, 'alpha': 0.7, 'shap_error': 0.05639553039334449, 'shap_norm_sq': 1.4400000000000075, 'weighted_error': 1.002386423949798, 'gamma': 5.444444444444414}
{'sample_size': 500, 'difference': 2, 'noise': 0, 'n': 16, 'alpha': 0.8, 'shap_error': 0.1308541969735126, 'shap_norm_sq': 0.640000000000003, 'weighted_error': 1.0020748716858443, 'gamma': 15.999999999999927}
{'sample_size': 500, 'difference': 2, 'noise': 0, 'n': 16, 'alpha': 0.2, 'shap_error': 0.00618594822889932, 'shap_norm_sq': 10.239999999999993, 'weighted_error': 1.001318921662386, 'gamma': 0.06250000000000003}
{'sample_size': 500, 'difference': 2, 'noise': 0, 'n': 16, 'alpha': 0.3, 'shap_error': 0.008289187444406305, 'shap_norm_sq': 7.84000000000001, 'weighted_error': 1.001727242752878, 'gamma': 0.18367346938775472}
{'sample_size': 500, 'difference': 2, 'noise': 0, 'n': 16, 'alpha': 0.4, 'shap_error': 0.01226013396731857, 'shap_norm_sq': 5.760000000000002, 'weighted_error': 1.003171238926466, 'gamma': 0.4444444444444443}
{'sample_size': 500, 'difference': 2, 'noise': 0, 'n': 16, 'alpha': 0.5, 'shap_error': 0.01936603177907881, 'shap_norm_sq': 3.999999999999991, 'weighted_error': 1.0037410317790785, 'gamma': 1.0000000000000018}
{'sample_size': 500, 'difference': 2, 'noise': 0, 'n': 16, 'alpha': 0.6, 'shap_error': 0.03147209611968982, 'shap_norm_sq': 2.5599999999999956, 'weighted_error': 1.003136903830973, 'gamma': 2.2500000000000027}
{'sample_size': 500, 'difference': 2, 'noise': 0, 'n': 16, 'alpha': 0.7, 'shap_error': 0.061447429308418074, 'shap_norm_sq': 1.4400000000000075, 'weighted_error': 1.0033143237505258, 'gamma': 5.444444444444414}
{'sample_size': 500, 'difference': 2, 'noise': 0, 'n': 16, 'alpha': 0.8, 'shap_error': 0.17878691680305678, 'shap_norm_sq': 0.640000000000003, 'weighted_error': 1.005070666675191, 'gamma': 15.999999999999927}
{'sample_size': 500, 'difference': 2, 'noise': 0, 'n': 16, 'alpha': 0.2, 'shap_error': 0.006280641804370739, 'shap_norm_sq': 10.239999999999993, 'weighted_error': 1.0028340188699285, 'gamma': 0.06250000000000003}
{'sample_size': 500, 'difference': 2, 'noise': 0, 'n': 16, 'alpha': 0.3, 'shap_error': 0.00875580544554777, 'shap_norm_sq': 7.84000000000001, 'weighted_error': 1.0042677185368707, 'gamma': 0.18367346938775472}
{'sample_size': 500, 'difference': 2, 'noise': 0, 'n': 16, 'alpha': 0.4, 'shap_error': 0.012073701131754988, 'shap_norm_sq': 5.760000000000002, 'weighted_error': 1.0027517650464484, 'gamma': 0.4444444444444443}
{'sample_size': 500, 'difference': 2, 'noise': 0, 'n': 16, 'alpha': 0.5, 'shap_error': 0.01794336541644211, 'shap_norm_sq': 3.999999999999991, 'weighted_error': 1.0023183654164416, 'gamma': 1.0000000000000018}
{'sample_size': 500, 'difference': 2, 'noise': 0, 'n': 16, 'alpha': 0.6, 'shap_error': 0.03228055475903865, 'shap_norm_sq': 2.5599999999999956, 'weighted_error': 1.0034962187817948, 'gamma': 2.2500000000000027}
{'sample_size': 500, 'difference': 2, 'noise': 0, 'n': 16, 'alpha': 0.7, 'shap_error': 0.05662316308710992, 'shap_norm_sq': 1.4400000000000075, 'weighted_error': 1.002428234036408, 'gamma': 5.444444444444414}
{'sample_size': 500, 'difference': 2, 'noise': 0, 'n': 16, 'alpha': 0.8, 'shap_error': 0.15278199746646942, 'shap_norm_sq': 0.640000000000003, 'weighted_error': 1.0034453592166541, 'gamma': 15.999999999999927}
{'sample_size': 500, 'difference': 2, 'noise': 0, 'n': 16, 'alpha': 0.2, 'shap_error': 0.006244401306552661, 'shap_norm_sq': 10.239999999999993, 'weighted_error': 1.0022541709048394, 'gamma': 0.06250000000000003}
{'sample_size': 500, 'difference': 2, 'noise': 0, 'n': 16, 'alpha': 0.3, 'shap_error': 0.00879903141922738, 'shap_norm_sq': 7.84000000000001, 'weighted_error': 1.004503059949126, 'gamma': 0.18367346938775472}
{'sample_size': 500, 'difference': 2, 'noise': 0, 'n': 16, 'alpha': 0.4, 'shap_error': 0.01280095663515781, 'shap_norm_sq': 5.760000000000002, 'weighted_error': 1.0043880899291047, 'gamma': 0.4444444444444443}
{'sample_size': 500, 'difference': 2, 'noise': 0, 'n': 16, 'alpha': 0.5, 'shap_error': 0.019325264833609412, 'shap_norm_sq': 3.999999999999991, 'weighted_error': 1.003700264833609, 'gamma': 1.0000000000000018}
{'sample_size': 500, 'difference': 2, 'noise': 0, 'n': 16, 'alpha': 0.6, 'shap_error': 0.03447027754984473, 'shap_norm_sq': 2.5599999999999956, 'weighted_error': 1.0044694289110416, 'gamma': 2.2500000000000027}
{'sample_size': 500, 'difference': 2, 'noise': 0, 'n': 16, 'alpha': 0.7, 'shap_error': 0.06789361400180775, 'shap_norm_sq': 1.4400000000000075, 'weighted_error': 1.004498316857475, 'gamma': 5.444444444444414}
{'sample_size': 500, 'difference': 2, 'noise': 0, 'n': 16, 'alpha': 0.8, 'shap_error': 0.15197569408510728, 'shap_norm_sq': 0.640000000000003, 'weighted_error': 1.0033949652553187, 'gamma': 15.999999999999927}
{'sample_size': 500, 'difference': 2, 'noise': 0, 'n': 16, 'alpha': 0.2, 'shap_error': 0.006249015217774118, 'shap_norm_sq': 10.239999999999993, 'weighted_error': 1.0023279934843827, 'gamma': 0.06250000000000003}
{'sample_size': 500, 'difference': 2, 'noise': 0, 'n': 16, 'alpha': 0.3, 'shap_error': 0.008798291118549168, 'shap_norm_sq': 7.84000000000001, 'weighted_error': 1.004499029423211, 'gamma': 0.18367346938775472}
{'sample_size': 500, 'difference': 2, 'noise': 0, 'n': 16, 'alpha': 0.4, 'shap_error': 0.012656597361303836, 'shap_norm_sq': 5.760000000000002, 'weighted_error': 1.0040632815629331, 'gamma': 0.4444444444444443}
{'sample_size': 500, 'difference': 2, 'noise': 0, 'n': 16, 'alpha': 0.5, 'shap_error': 0.020830044970496658, 'shap_norm_sq': 3.999999999999991, 'weighted_error': 1.0052050449704963, 'gamma': 1.0000000000000018}
{'sample_size': 500, 'difference': 2, 'noise': 0, 'n': 16, 'alpha': 0.6, 'shap_error': 0.02912884781009569, 'shap_norm_sq': 2.5599999999999956, 'weighted_error': 1.0020954601378202, 'gamma': 2.2500000000000027}
{'sample_size': 500, 'difference': 2, 'noise': 0, 'n': 16, 'alpha': 0.7, 'shap_error': 0.0704076220469265, 'shap_norm_sq': 1.4400000000000075, 'weighted_error': 1.0049600734371908, 'gamma': 5.444444444444414}
{'sample_size': 500, 'difference': 2, 'noise': 0, 'n': 16, 'alpha': 0.8, 'shap_error': 0.13184254010268218, 'shap_norm_sq': 0.640000000000003, 'weighted_error': 1.0021366431314176, 'gamma': 15.999999999999927}
{'sample_size': 500, 'difference': 2, 'noise': 0, 'n': 16, 'alpha': 0.2, 'shap_error': 0.006300159567156464, 'shap_norm_sq': 10.239999999999993, 'weighted_error': 1.0031463030745003, 'gamma': 0.06250000000000003}
{'sample_size': 500, 'difference': 2, 'noise': 0, 'n': 16, 'alpha': 0.3, 'shap_error': 0.00911451034951612, 'shap_norm_sq': 7.84000000000001, 'weighted_error': 1.006220667458476, 'gamma': 0.18367346938775472}
{'sample_size': 500, 'difference': 2, 'noise': 0, 'n': 16, 'alpha': 0.4, 'shap_error': 0.013057592592648439, 'shap_norm_sq': 5.760000000000002, 'weighted_error': 1.0049655208334585, 'gamma': 0.4444444444444443}
{'sample_size': 500, 'difference': 2, 'noise': 0, 'n': 16, 'alpha': 0.5, 'shap_error': 0.018292509806521556, 'shap_norm_sq': 3.999999999999991, 'weighted_error': 1.0026675098065212, 'gamma': 1.0000000000000018}
{'sample_size': 500, 'difference': 2, 'noise': 0, 'n': 16, 'alpha': 0.6, 'shap_error': 0.028560702732532653, 'shap_norm_sq': 2.5599999999999956, 'weighted_error': 1.0018429512144589, 'gamma': 2.2500000000000027}
{'sample_size': 500, 'difference': 2, 'noise': 0, 'n': 16, 'alpha': 0.7, 'shap_error': 0.062479662410701, 'shap_norm_sq': 1.4400000000000075, 'weighted_error': 1.0035039175856393, 'gamma': 5.444444444444414}
{'sample_size': 500, 'difference': 2, 'noise': 0, 'n': 16, 'alpha': 0.8, 'shap_error': 0.12617172299136803, 'shap_norm_sq': 0.640000000000003, 'weighted_error': 1.0017822170619601, 'gamma': 15.999999999999927}
{'sample_size': 500, 'difference': 2, 'noise': 0, 'n': 16, 'alpha': 0.2, 'shap_error': 0.006274284939788385, 'shap_norm_sq': 10.239999999999993, 'weighted_error': 1.0027323090366116, 'gamma': 0.06250000000000003}
{'sample_size': 500, 'difference': 2, 'noise': 0, 'n': 16, 'alpha': 0.3, 'shap_error': 0.008714307385703448, 'shap_norm_sq': 7.84000000000001, 'weighted_error': 1.0040417846554954, 'gamma': 0.18367346938775472}
{'sample_size': 500, 'difference': 2, 'noise': 0, 'n': 16, 'alpha': 0.4, 'shap_error': 0.012904840038512432, 'shap_norm_sq': 5.760000000000002, 'weighted_error': 1.0046218275866523, 'gamma': 0.4444444444444443}
{'sample_size': 500, 'difference': 2, 'noise': 0, 'n': 16, 'alpha': 0.5, 'shap_error': 0.02054234451442578, 'shap_norm_sq': 3.999999999999991, 'weighted_error': 1.0049173445144253, 'gamma': 1.0000000000000018}
{'sample_size': 500, 'difference': 2, 'noise': 0, 'n': 16, 'alpha': 0.6, 'shap_error': 0.029422964719899403, 'shap_norm_sq': 2.5599999999999956, 'weighted_error': 1.0022261787643996, 'gamma': 2.2500000000000027}
{'sample_size': 500, 'difference': 2, 'noise': 0, 'n': 16, 'alpha': 0.7, 'shap_error': 0.05764254345201071, 'shap_norm_sq': 1.4400000000000075, 'weighted_error': 1.002615467164655, 'gamma': 5.444444444444414}
{'sample_size': 500, 'difference': 2, 'noise': 0, 'n': 16, 'alpha': 0.8, 'shap_error': 0.11924777716951807, 'shap_norm_sq': 0.640000000000003, 'weighted_error': 1.0013494704480947, 'gamma': 15.999999999999927}
{'sample_size': 500, 'difference': 2, 'noise': 0, 'n': 16, 'alpha': 0.2, 'shap_error': 0.0061574732745198, 'shap_norm_sq': 10.239999999999993, 'weighted_error': 1.0008633223923138, 'gamma': 0.06250000000000003}
{'sample_size': 500, 'difference': 2, 'noise': 0, 'n': 16, 'alpha': 0.3, 'shap_error': 0.008523430913629077, 'shap_norm_sq': 7.84000000000001, 'weighted_error': 1.0030025683075356, 'gamma': 0.18367346938775472}
{'sample_size': 500, 'difference': 2, 'noise': 0, 'n': 16, 'alpha': 0.4, 'shap_error': 0.011556945567670349, 'shap_norm_sq': 5.760000000000002, 'weighted_error': 1.0015890650272579, 'gamma': 0.4444444444444443}
{'sample_size': 500, 'difference': 2, 'noise': 0, 'n': 16, 'alpha': 0.5, 'shap_error': 0.01848415017525832, 'shap_norm_sq': 3.999999999999991, 'weighted_error': 1.002859150175258, 'gamma': 1.0000000000000018}
{'sample_size': 500, 'difference': 2, 'noise': 0, 'n': 16, 'alpha': 0.6, 'shap_error': 0.03299029105006958, 'shap_norm_sq': 2.5599999999999956, 'weighted_error': 1.003811657133364, 'gamma': 2.2500000000000027}
{'sample_size': 500, 'difference': 2, 'noise': 0, 'n': 16, 'alpha': 0.7, 'shap_error': 0.08195295798496535, 'shap_norm_sq': 1.4400000000000075, 'weighted_error': 1.0070806453441767, 'gamma': 5.444444444444414}
{'sample_size': 500, 'difference': 2, 'noise': 0, 'n': 16, 'alpha': 0.8, 'shap_error': 0.14651160902853835, 'shap_norm_sq': 0.640000000000003, 'weighted_error': 1.0030534599392835, 'gamma': 15.999999999999927}
{'sample_size': 500, 'difference': 2, 'noise': 0, 'n': 16, 'alpha': 0.2, 'shap_error': 0.006365408814617493, 'shap_norm_sq': 10.239999999999993, 'weighted_error': 1.0041902910338771, 'gamma': 0.06250000000000003}
{'sample_size': 500, 'difference': 2, 'noise': 0, 'n': 16, 'alpha': 0.3, 'shap_error': 0.00862145624900417, 'shap_norm_sq': 7.84000000000001, 'weighted_error': 1.003536261800133, 'gamma': 0.18367346938775472}
{'sample_size': 500, 'difference': 2, 'noise': 0, 'n': 16, 'alpha': 0.4, 'shap_error': 0.011834985234896062, 'shap_norm_sq': 5.760000000000002, 'weighted_error': 1.0022146542785157, 'gamma': 0.4444444444444443}
{'sample_size': 500, 'difference': 2, 'noise': 0, 'n': 16, 'alpha': 0.5, 'shap_error': 0.018340558665601227, 'shap_norm_sq': 3.999999999999991, 'weighted_error': 1.0027155586656007, 'gamma': 1.0000000000000018}
{'sample_size': 500, 'difference': 2, 'noise': 0, 'n': 16, 'alpha': 0.6, 'shap_error': 0.03376119853043507, 'shap_norm_sq': 2.5599999999999956, 'weighted_error': 1.0041542826801935, 'gamma': 2.2500000000000027}
{'sample_size': 500, 'difference': 2, 'noise': 0, 'n': 16, 'alpha': 0.7, 'shap_error': 0.058784206610318974, 'shap_norm_sq': 1.4400000000000075, 'weighted_error': 1.0028251603978138, 'gamma': 5.444444444444414}
{'sample_size': 500, 'difference': 2, 'noise': 0, 'n': 16, 'alpha': 0.8, 'shap_error': 0.1718020904387052, 'shap_norm_sq': 0.640000000000003, 'weighted_error': 1.0046341150274192, 'gamma': 15.999999999999927}
{'sample_size': 500, 'difference': 2, 'noise': 0, 'n': 16, 'alpha': 0.2, 'shap_error': 0.006295456643507553, 'shap_norm_sq': 10.239999999999993, 'weighted_error': 1.0030710562961171, 'gamma': 0.06250000000000003}
{'sample_size': 500, 'difference': 2, 'noise': 0, 'n': 16, 'alpha': 0.3, 'shap_error': 0.00830940960959643, 'shap_norm_sq': 7.84000000000001, 'weighted_error': 1.001837341207802, 'gamma': 0.18367346938775472}
{'sample_size': 500, 'difference': 2, 'noise': 0, 'n': 16, 'alpha': 0.4, 'shap_error': 0.01227820538350662, 'shap_norm_sq': 5.760000000000002, 'weighted_error': 1.0032118996128891, 'gamma': 0.4444444444444443}
{'sample_size': 500, 'difference': 2, 'noise': 0, 'n': 16, 'alpha': 0.5, 'shap_error': 0.02034136575394419, 'shap_norm_sq': 3.999999999999991, 'weighted_error': 1.0047163657539435, 'gamma': 1.0000000000000018}
{'sample_size': 500, 'difference': 2, 'noise': 0, 'n': 16, 'alpha': 0.6, 'shap_error': 0.027856214885151276, 'shap_norm_sq': 2.5599999999999956, 'weighted_error': 1.0015298455045116, 'gamma': 2.2500000000000027}
{'sample_size': 500, 'difference': 2, 'noise': 0, 'n': 16, 'alpha': 0.7, 'shap_error': 0.08243154096384094, 'shap_norm_sq': 1.4400000000000075, 'weighted_error': 1.007168548340297, 'gamma': 5.444444444444414}
{'sample_size': 500, 'difference': 2, 'noise': 0, 'n': 16, 'alpha': 0.8, 'shap_error': 0.13223112970392648, 'shap_norm_sq': 0.640000000000003, 'weighted_error': 1.0021609299814953, 'gamma': 15.999999999999927}
{'sample_size': 500, 'difference': 2, 'noise': 0, 'n': 16, 'alpha': 0.2, 'shap_error': 0.0063694554260904585, 'shap_norm_sq': 10.239999999999993, 'weighted_error': 1.004255036817444, 'gamma': 0.06250000000000003}
{'sample_size': 500, 'difference': 2, 'noise': 0, 'n': 16, 'alpha': 0.3, 'shap_error': 0.008704812941292822, 'shap_norm_sq': 7.84000000000001, 'weighted_error': 1.0039900926803718, 'gamma': 0.18367346938775472}
{'sample_size': 500, 'difference': 2, 'noise': 0, 'n': 16, 'alpha': 0.4, 'shap_error': 0.011691913444417676, 'shap_norm_sq': 5.760000000000002, 'weighted_error': 1.0018927427499391, 'gamma': 0.4444444444444443}
{'sample_size': 500, 'difference': 2, 'noise': 0, 'n': 16, 'alpha': 0.5, 'shap_error': 0.019599115780133358, 'shap_norm_sq': 3.999999999999991, 'weighted_error': 1.0039741157801332, 'gamma': 1.0000000000000018}
{'sample_size': 500, 'difference': 2, 'noise': 0, 'n': 16, 'alpha': 0.6, 'shap_error': 0.03254223227361511, 'shap_norm_sq': 2.5599999999999956, 'weighted_error': 1.0036125198993846, 'gamma': 2.2500000000000027}
{'sample_size': 500, 'difference': 2, 'noise': 0, 'n': 16, 'alpha': 0.7, 'shap_error': 0.06962547634384872, 'shap_norm_sq': 1.4400000000000075, 'weighted_error': 1.0048164140223395, 'gamma': 5.444444444444414}
{'sample_size': 500, 'difference': 2, 'noise': 0, 'n': 16, 'alpha': 0.8, 'shap_error': 0.12957787758035344, 'shap_norm_sq': 0.640000000000003, 'weighted_error': 1.0019951017237718, 'gamma': 15.999999999999927}
{'sample_size': 500, 'difference': 2, 'noise': 0, 'n': 16, 'alpha': 0.2, 'shap_error': 0.00621550360936659, 'shap_norm_sq': 10.239999999999993, 'weighted_error': 1.0017918077498627, 'gamma': 0.06250000000000003}
{'sample_size': 500, 'difference': 2, 'noise': 0, 'n': 16, 'alpha': 0.3, 'shap_error': 0.008866224999142004, 'shap_norm_sq': 7.84000000000001, 'weighted_error': 1.0048688916619943, 'gamma': 0.18367346938775472}
{'sample_size': 500, 'difference': 2, 'noise': 0, 'n': 16, 'alpha': 0.4, 'shap_error': 0.012333647306115096, 'shap_norm_sq': 5.760000000000002, 'weighted_error': 1.0033366439387583, 'gamma': 0.4444444444444443}
{'sample_size': 500, 'difference': 2, 'noise': 0, 'n': 16, 'alpha': 0.5, 'shap_error': 0.017548882334100395, 'shap_norm_sq': 3.999999999999991, 'weighted_error': 1.0019238823341, 'gamma': 1.0000000000000018}
{'sample_size': 500, 'difference': 2, 'noise': 0, 'n': 16, 'alpha': 0.6, 'shap_error': 0.027628557208115165, 'shap_norm_sq': 2.5599999999999956, 'weighted_error': 1.0014286643147179, 'gamma': 2.2500000000000027}
{'sample_size': 500, 'difference': 2, 'noise': 0, 'n': 16, 'alpha': 0.7, 'shap_error': 0.0608927829994053, 'shap_norm_sq': 1.4400000000000075, 'weighted_error': 1.0032124499386663, 'gamma': 5.444444444444414}
{'sample_size': 500, 'difference': 2, 'noise': 0, 'n': 16, 'alpha': 0.8, 'shap_error': 0.1418161625985072, 'shap_norm_sq': 0.640000000000003, 'weighted_error': 1.0027599945374064, 'gamma': 15.999999999999927}
{'sample_size': 500, 'difference': 2, 'noise': 0, 'n': 16, 'alpha': 0.2, 'shap_error': 0.0062438864085419404, 'shap_norm_sq': 10.239999999999993, 'weighted_error': 1.002245932536668, 'gamma': 0.06250000000000003}
{'sample_size': 500, 'difference': 2, 'noise': 0, 'n': 16, 'alpha': 0.3, 'shap_error': 0.008828161836744664, 'shap_norm_sq': 7.84000000000001, 'weighted_error': 1.0046616588889423, 'gamma': 0.18367346938775472}
{'sample_size': 500, 'difference': 2, 'noise': 0, 'n': 16, 'alpha': 0.4, 'shap_error': 0.011725559313333885, 'shap_norm_sq': 5.760000000000002, 'weighted_error': 1.0019684459550007, 'gamma': 0.4444444444444443}
{'sample_size': 500, 'difference': 2, 'noise': 0, 'n': 16, 'alpha': 0.5, 'shap_error': 0.017765956049347848, 'shap_norm_sq': 3.999999999999991, 'weighted_error': 1.0021409560493475, 'gamma': 1.0000000000000018}
{'sample_size': 500, 'difference': 2, 'noise': 0, 'n': 16, 'alpha': 0.6, 'shap_error': 0.03044073223624825, 'shap_norm_sq': 2.5599999999999956, 'weighted_error': 1.002678519882777, 'gamma': 2.2500000000000027}
{'sample_size': 500, 'difference': 2, 'noise': 0, 'n': 16, 'alpha': 0.7, 'shap_error': 0.06734267535624489, 'shap_norm_sq': 1.4400000000000075, 'weighted_error': 1.0043971240450247, 'gamma': 5.444444444444414}
{'sample_size': 500, 'difference': 2, 'noise': 0, 'n': 16, 'alpha': 0.8, 'shap_error': 0.14055953413415032, 'shap_norm_sq': 0.640000000000003, 'weighted_error': 1.0026814552583843, 'gamma': 15.999999999999927}
{'sample_size': 500, 'difference': 2, 'noise': 0, 'n': 16, 'alpha': 0.2, 'shap_error': 0.006314031085589232, 'shap_norm_sq': 10.239999999999993, 'weighted_error': 1.0033682473694245, 'gamma': 0.06250000000000003}
{'sample_size': 500, 'difference': 2, 'noise': 0, 'n': 16, 'alpha': 0.3, 'shap_error': 0.008517236494740399, 'shap_norm_sq': 7.84000000000001, 'weighted_error': 1.00296884313803, 'gamma': 0.18367346938775472}
{'sample_size': 500, 'difference': 2, 'noise': 0, 'n': 16, 'alpha': 0.4, 'shap_error': 0.01301798182847952, 'shap_norm_sq': 5.760000000000002, 'weighted_error': 1.0048763966140781, 'gamma': 0.4444444444444443}
{'sample_size': 500, 'difference': 2, 'noise': 0, 'n': 16, 'alpha': 0.5, 'shap_error': 0.023186786638330622, 'shap_norm_sq': 3.999999999999991, 'weighted_error': 1.0075617866383304, 'gamma': 1.0000000000000018}
{'sample_size': 500, 'difference': 2, 'noise': 0, 'n': 16, 'alpha': 0.6, 'shap_error': 0.02843852093482054, 'shap_norm_sq': 2.5599999999999956, 'weighted_error': 1.0017886481932534, 'gamma': 2.2500000000000027}
{'sample_size': 500, 'difference': 2, 'noise': 0, 'n': 16, 'alpha': 0.7, 'shap_error': 0.057516435944691996, 'shap_norm_sq': 1.4400000000000075, 'weighted_error': 1.0025923045612701, 'gamma': 5.444444444444414}
{'sample_size': 500, 'difference': 2, 'noise': 0, 'n': 16, 'alpha': 0.8, 'shap_error': 0.1310961988418939, 'shap_norm_sq': 0.640000000000003, 'weighted_error': 1.0020899968026182, 'gamma': 15.999999999999927}
{'sample_size': 500, 'difference': 2, 'noise': 0, 'n': 16, 'alpha': 0.2, 'shap_error': 0.006246020423242515, 'shap_norm_sq': 10.239999999999993, 'weighted_error': 1.0022800767718771, 'gamma': 0.06250000000000003}
{'sample_size': 500, 'difference': 2, 'noise': 0, 'n': 16, 'alpha': 0.3, 'shap_error': 0.00899754380291372, 'shap_norm_sq': 7.84000000000001, 'weighted_error': 1.0055838495936402, 'gamma': 0.18367346938775472}
{'sample_size': 500, 'difference': 2, 'noise': 0, 'n': 16, 'alpha': 0.4, 'shap_error': 0.012376814621459922, 'shap_norm_sq': 5.760000000000002, 'weighted_error': 1.0034337703982843, 'gamma': 0.4444444444444443}
{'sample_size': 500, 'difference': 2, 'noise': 0, 'n': 16, 'alpha': 0.5, 'shap_error': 0.018127449765185176, 'shap_norm_sq': 3.999999999999991, 'weighted_error': 1.0025024497651849, 'gamma': 1.0000000000000018}
{'sample_size': 500, 'difference': 2, 'noise': 0, 'n': 16, 'alpha': 0.6, 'shap_error': 0.030874095097967652, 'shap_norm_sq': 2.5599999999999956, 'weighted_error': 1.0028711255990967, 'gamma': 2.2500000000000027}
{'sample_size': 500, 'difference': 2, 'noise': 0, 'n': 16, 'alpha': 0.7, 'shap_error': 0.05485169303562428, 'shap_norm_sq': 1.4400000000000075, 'weighted_error': 1.0021028619861352, 'gamma': 5.444444444444414}
{'sample_size': 500, 'difference': 2, 'noise': 0, 'n': 16, 'alpha': 0.8, 'shap_error': 0.15650175351860424, 'shap_norm_sq': 0.640000000000003, 'weighted_error': 1.0036778439699123, 'gamma': 15.999999999999927}
{'sample_size': 500, 'difference': 2, 'noise': 0, 'n': 16, 'alpha': 0.2, 'shap_error': 0.006273366084816539, 'shap_norm_sq': 10.239999999999993, 'weighted_error': 1.0027176073570612, 'gamma': 0.06250000000000003}
{'sample_size': 500, 'difference': 2, 'noise': 0, 'n': 16, 'alpha': 0.3, 'shap_error': 0.008661840328312654, 'shap_norm_sq': 7.84000000000001, 'weighted_error': 1.003756130676368, 'gamma': 0.18367346938775472}
{'sample_size': 500, 'difference': 2, 'noise': 0, 'n': 16, 'alpha': 0.4, 'shap_error': 0.012062631276941127, 'shap_norm_sq': 5.760000000000002, 'weighted_error': 1.0027268578731172, 'gamma': 0.4444444444444443}
{'sample_size': 500, 'difference': 2, 'noise': 0, 'n': 16, 'alpha': 0.5, 'shap_error': 0.019505418281584926, 'shap_norm_sq': 3.999999999999991, 'weighted_error': 1.0038804182815846, 'gamma': 1.0000000000000018}
{'sample_size': 500, 'difference': 2, 'noise': 0, 'n': 16, 'alpha': 0.6, 'shap_error': 0.032020814582372714, 'shap_norm_sq': 2.5599999999999956, 'weighted_error': 1.0033807787032767, 'gamma': 2.2500000000000027}
{'sample_size': 500, 'difference': 2, 'noise': 0, 'n': 16, 'alpha': 0.7, 'shap_error': 0.06484534413242374, 'shap_norm_sq': 1.4400000000000075, 'weighted_error': 1.003938430554935, 'gamma': 5.444444444444414}
{'sample_size': 500, 'difference': 2, 'noise': 0, 'n': 16, 'alpha': 0.8, 'shap_error': 0.19329460105605534, 'shap_norm_sq': 0.640000000000003, 'weighted_error': 1.0059773969410037, 'gamma': 15.999999999999927}
{'sample_size': 500, 'difference': 2, 'noise': 0, 'n': 16, 'alpha': 0.2, 'shap_error': 0.006380204376641218, 'shap_norm_sq': 10.239999999999993, 'weighted_error': 1.0044270200262562, 'gamma': 0.06250000000000003}
{'sample_size': 500, 'difference': 2, 'noise': 0, 'n': 16, 'alpha': 0.3, 'shap_error': 0.009245897535523451, 'shap_norm_sq': 7.84000000000001, 'weighted_error': 1.0069359976934042, 'gamma': 0.18367346938775472}
{'sample_size': 500, 'difference': 2, 'noise': 0, 'n': 16, 'alpha': 0.4, 'shap_error': 0.011916216733676665, 'shap_norm_sq': 5.760000000000002, 'weighted_error': 1.0023974251507723, 'gamma': 0.4444444444444443}
{'sample_size': 500, 'difference': 2, 'noise': 0, 'n': 16, 'alpha': 0.5, 'shap_error': 0.018591942627121133, 'shap_norm_sq': 3.999999999999991, 'weighted_error': 1.0029669426271206, 'gamma': 1.0000000000000018}
{'sample_size': 500, 'difference': 2, 'noise': 0, 'n': 16, 'alpha': 0.6, 'shap_error': 0.03273351268892151, 'shap_norm_sq': 2.5599999999999956, 'weighted_error': 1.0036975334172984, 'gamma': 2.2500000000000027}
{'sample_size': 500, 'difference': 2, 'noise': 0, 'n': 16, 'alpha': 0.7, 'shap_error': 0.07298442131614967, 'shap_norm_sq': 1.4400000000000075, 'weighted_error': 1.005433363098885, 'gamma': 5.444444444444414}
{'sample_size': 500, 'difference': 2, 'noise': 0, 'n': 16, 'alpha': 0.8, 'shap_error': 0.14509643252475954, 'shap_norm_sq': 0.640000000000003, 'weighted_error': 1.0029650114077973, 'gamma': 15.999999999999927}
{'sample_size': 500, 'difference': 2, 'noise': 0, 'n': 16, 'alpha': 0.2, 'shap_error': 0.00631753917362452, 'shap_norm_sq': 10.239999999999993, 'weighted_error': 1.0034243767779891, 'gamma': 0.06250000000000003}
{'sample_size': 500, 'difference': 2, 'noise': 0, 'n': 16, 'alpha': 0.3, 'shap_error': 0.008799274043014707, 'shap_norm_sq': 7.84000000000001, 'weighted_error': 1.0045043809008567, 'gamma': 0.18367346938775472}
{'sample_size': 500, 'difference': 2, 'noise': 0, 'n': 16, 'alpha': 0.4, 'shap_error': 0.012444487623018642, 'shap_norm_sq': 5.760000000000002, 'weighted_error': 1.0035860346517913, 'gamma': 0.4444444444444443}
{'sample_size': 500, 'difference': 2, 'noise': 0, 'n': 16, 'alpha': 0.5, 'shap_error': 0.018225123555674697, 'shap_norm_sq': 3.999999999999991, 'weighted_error': 1.0026001235556743, 'gamma': 1.0000000000000018}
{'sample_size': 500, 'difference': 2, 'noise': 0, 'n': 16, 'alpha': 0.6, 'shap_error': 0.035846828633453634, 'shap_norm_sq': 2.5599999999999956, 'weighted_error': 1.0050812293926463, 'gamma': 2.2500000000000027}
{'sample_size': 500, 'difference': 2, 'noise': 0, 'n': 16, 'alpha': 0.7, 'shap_error': 0.06105997410250938, 'shap_norm_sq': 1.4400000000000075, 'weighted_error': 1.0032431585086241, 'gamma': 5.444444444444414}
{'sample_size': 500, 'difference': 2, 'noise': 0, 'n': 16, 'alpha': 0.8, 'shap_error': 0.1512677253626096, 'shap_norm_sq': 0.640000000000003, 'weighted_error': 1.0033507172101628, 'gamma': 15.999999999999927}
{'sample_size': 500, 'difference': 2, 'noise': 0, 'n': 16, 'alpha': 0.2, 'shap_error': 0.006361043307129971, 'shap_norm_sq': 10.239999999999993, 'weighted_error': 1.0041204429140762, 'gamma': 0.06250000000000003}
{'sample_size': 500, 'difference': 2, 'noise': 0, 'n': 16, 'alpha': 0.3, 'shap_error': 0.008660463171360119, 'shap_norm_sq': 7.84000000000001, 'weighted_error': 1.0037486328218486, 'gamma': 0.18367346938775472}
{'sample_size': 500, 'difference': 2, 'noise': 0, 'n': 16, 'alpha': 0.4, 'shap_error': 0.012538313681944357, 'shap_norm_sq': 5.760000000000002, 'weighted_error': 1.0037971432843744, 'gamma': 0.4444444444444443}
{'sample_size': 500, 'difference': 2, 'noise': 0, 'n': 16, 'alpha': 0.5, 'shap_error': 0.018169518085545185, 'shap_norm_sq': 3.999999999999991, 'weighted_error': 1.0025445180855448, 'gamma': 1.0000000000000018}
{'sample_size': 500, 'difference': 2, 'noise': 0, 'n': 16, 'alpha': 0.6, 'shap_error': 0.02936830170355512, 'shap_norm_sq': 2.5599999999999956, 'weighted_error': 1.0022018840904687, 'gamma': 2.2500000000000027}
{'sample_size': 500, 'difference': 2, 'noise': 0, 'n': 16, 'alpha': 0.7, 'shap_error': 0.05686222239598511, 'shap_norm_sq': 1.4400000000000075, 'weighted_error': 1.0024721428890584, 'gamma': 5.444444444444414}
{'sample_size': 500, 'difference': 2, 'noise': 0, 'n': 16, 'alpha': 0.8, 'shap_error': 0.13666855243837464, 'shap_norm_sq': 0.640000000000003, 'weighted_error': 1.0024382689023983, 'gamma': 15.999999999999927}
{'sample_size': 500, 'difference': 2, 'noise': 0, 'n': 16, 'alpha': 0.2, 'shap_error': 0.006309006941299183, 'shap_norm_sq': 10.239999999999993, 'weighted_error': 1.0032878610607843, 'gamma': 0.06250000000000003}
{'sample_size': 500, 'difference': 2, 'noise': 0, 'n': 16, 'alpha': 0.3, 'shap_error': 0.008353323504833643, 'shap_norm_sq': 7.84000000000001, 'weighted_error': 1.0020764279707604, 'gamma': 0.18367346938775472}
{'sample_size': 500, 'difference': 2, 'noise': 0, 'n': 16, 'alpha': 0.4, 'shap_error': 0.012373975948045469, 'shap_norm_sq': 5.760000000000002, 'weighted_error': 1.0034273833831018, 'gamma': 0.4444444444444443}
{'sample_size': 500, 'difference': 2, 'noise': 0, 'n': 16, 'alpha': 0.5, 'shap_error': 0.01970834634051957, 'shap_norm_sq': 3.999999999999991, 'weighted_error': 1.0040833463405192, 'gamma': 1.0000000000000018}
{'sample_size': 500, 'difference': 2, 'noise': 0, 'n': 16, 'alpha': 0.6, 'shap_error': 0.030730932499213808, 'shap_norm_sq': 2.5599999999999956, 'weighted_error': 1.0028074977774282, 'gamma': 2.2500000000000027}
{'sample_size': 500, 'difference': 2, 'noise': 0, 'n': 16, 'alpha': 0.7, 'shap_error': 0.055814529785492, 'shap_norm_sq': 1.4400000000000075, 'weighted_error': 1.0022797095524374, 'gamma': 5.444444444444414}
{'sample_size': 500, 'difference': 2, 'noise': 0, 'n': 16, 'alpha': 0.8, 'shap_error': 0.15819391092944898, 'shap_norm_sq': 0.640000000000003, 'weighted_error': 1.0037836038080905, 'gamma': 15.999999999999927}
{'sample_size': 500, 'difference': 2, 'noise': 0, 'n': 16, 'alpha': 0.2, 'shap_error': 0.00631059707188358, 'shap_norm_sq': 10.239999999999993, 'weighted_error': 1.0033133031501342, 'gamma': 0.06250000000000003}
{'sample_size': 500, 'difference': 2, 'noise': 0, 'n': 16, 'alpha': 0.3, 'shap_error': 0.008275036320879402, 'shap_norm_sq': 7.84000000000001, 'weighted_error': 1.0016501977470096, 'gamma': 0.18367346938775472}
{'sample_size': 500, 'difference': 2, 'noise': 0, 'n': 16, 'alpha': 0.4, 'shap_error': 0.012743668134343964, 'shap_norm_sq': 5.760000000000002, 'weighted_error': 1.004259190802273, 'gamma': 0.4444444444444443}
{'sample_size': 500, 'difference': 2, 'noise': 0, 'n': 16, 'alpha': 0.5, 'shap_error': 0.01826095167278711, 'shap_norm_sq': 3.999999999999991, 'weighted_error': 1.0026359516727867, 'gamma': 1.0000000000000018}
{'sample_size': 500, 'difference': 2, 'noise': 0, 'n': 16, 'alpha': 0.6, 'shap_error': 0.035881614936903956, 'shap_norm_sq': 2.5599999999999956, 'weighted_error': 1.0050966899719571, 'gamma': 2.2500000000000027}
{'sample_size': 500, 'difference': 2, 'noise': 0, 'n': 16, 'alpha': 0.7, 'shap_error': 0.05525048926794088, 'shap_norm_sq': 1.4400000000000075, 'weighted_error': 1.0021761102737035, 'gamma': 5.444444444444414}
{'sample_size': 500, 'difference': 2, 'noise': 0, 'n': 16, 'alpha': 0.8, 'shap_error': 0.13363110858458713, 'shap_norm_sq': 0.640000000000003, 'weighted_error': 1.0022484286615367, 'gamma': 15.999999999999927}
{'sample_size': 500, 'difference': 2, 'noise': 0, 'n': 16, 'alpha': 0.2, 'shap_error': 0.006295952599550148, 'shap_norm_sq': 10.239999999999993, 'weighted_error': 1.0030789915927993, 'gamma': 0.06250000000000003}
{'sample_size': 500, 'difference': 2, 'noise': 0, 'n': 16, 'alpha': 0.3, 'shap_error': 0.00857627636669871, 'shap_norm_sq': 7.84000000000001, 'weighted_error': 1.0032902824409147, 'gamma': 0.18367346938775472}
{'sample_size': 500, 'difference': 2, 'noise': 0, 'n': 16, 'alpha': 0.4, 'shap_error': 0.013173680042992988, 'shap_norm_sq': 5.760000000000002, 'weighted_error': 1.0052267175967335, 'gamma': 0.4444444444444443}
{'sample_size': 500, 'difference': 2, 'noise': 0, 'n': 16, 'alpha': 0.5, 'shap_error': 0.01806429633852602, 'shap_norm_sq': 3.999999999999991, 'weighted_error': 1.0024392963385258, 'gamma': 1.0000000000000018}
{'sample_size': 500, 'difference': 2, 'noise': 0, 'n': 16, 'alpha': 0.6, 'shap_error': 0.03024854023508823, 'shap_norm_sq': 2.5599999999999956, 'weighted_error': 1.0025931012155946, 'gamma': 2.2500000000000027}
{'sample_size': 500, 'difference': 2, 'noise': 0, 'n': 16, 'alpha': 0.7, 'shap_error': 0.05106335964716452, 'shap_norm_sq': 1.4400000000000075, 'weighted_error': 1.0014070456494795, 'gamma': 5.444444444444414}
{'sample_size': 500, 'difference': 2, 'noise': 0, 'n': 16, 'alpha': 0.8, 'shap_error': 0.1565379101237011, 'shap_norm_sq': 0.640000000000003, 'weighted_error': 1.0036801037577314, 'gamma': 15.999999999999927}
{'sample_size': 500, 'difference': 2, 'noise': 0, 'n': 16, 'alpha': 0.2, 'shap_error': 0.006198835873756334, 'shap_norm_sq': 10.239999999999993, 'weighted_error': 1.001525123980098, 'gamma': 0.06250000000000003}
{'sample_size': 500, 'difference': 2, 'noise': 0, 'n': 16, 'alpha': 0.3, 'shap_error': 0.009049142463073685, 'shap_norm_sq': 7.84000000000001, 'weighted_error': 1.0058647756322898, 'gamma': 0.18367346938775472}
{'sample_size': 500, 'difference': 2, 'noise': 0, 'n': 16, 'alpha': 0.4, 'shap_error': 0.015048998684614305, 'shap_norm_sq': 5.760000000000002, 'weighted_error': 1.0094461845403813, 'gamma': 0.4444444444444443}
{'sample_size': 500, 'difference': 2, 'noise': 0, 'n': 16, 'alpha': 0.5, 'shap_error': 0.017413232962948177, 'shap_norm_sq': 3.999999999999991, 'weighted_error': 1.001788232962948, 'gamma': 1.0000000000000018}
{'sample_size': 500, 'difference': 2, 'noise': 0, 'n': 16, 'alpha': 0.6, 'shap_error': 0.03076484827754243, 'shap_norm_sq': 2.5599999999999956, 'weighted_error': 1.0028225714566856, 'gamma': 2.2500000000000027}
{'sample_size': 500, 'difference': 2, 'noise': 0, 'n': 16, 'alpha': 0.7, 'shap_error': 0.0628049558602622, 'shap_norm_sq': 1.4400000000000075, 'weighted_error': 1.0035636653620892, 'gamma': 5.444444444444414}
{'sample_size': 500, 'difference': 2, 'noise': 0, 'n': 16, 'alpha': 0.8, 'shap_error': 0.1206963266899595, 'shap_norm_sq': 0.640000000000003, 'weighted_error': 1.0014400047931225, 'gamma': 15.999999999999927}
{'sample_size': 500, 'difference': 2, 'noise': 0, 'n': 16, 'alpha': 0.2, 'shap_error': 0.006210019779670056, 'shap_norm_sq': 10.239999999999993, 'weighted_error': 1.001704066474718, 'gamma': 0.06250000000000003}
{'sample_size': 500, 'difference': 2, 'noise': 0, 'n': 16, 'alpha': 0.3, 'shap_error': 0.008580334472588312, 'shap_norm_sq': 7.84000000000001, 'weighted_error': 1.0033123765729801, 'gamma': 0.18367346938775472}
{'sample_size': 500, 'difference': 2, 'noise': 0, 'n': 16, 'alpha': 0.4, 'shap_error': 0.012364830837752071, 'shap_norm_sq': 5.760000000000002, 'weighted_error': 1.0034068068849415, 'gamma': 0.4444444444444443}
{'sample_size': 500, 'difference': 2, 'noise': 0, 'n': 16, 'alpha': 0.5, 'shap_error': 0.017932626601293297, 'shap_norm_sq': 3.999999999999991, 'weighted_error': 1.002307626601293, 'gamma': 1.0000000000000018}
{'sample_size': 500, 'difference': 2, 'noise': 0, 'n': 16, 'alpha': 0.6, 'shap_error': 0.029277500856267843, 'shap_norm_sq': 2.5599999999999956, 'weighted_error': 1.0021615281583411, 'gamma': 2.2500000000000027}
{'sample_size': 500, 'difference': 2, 'noise': 0, 'n': 16, 'alpha': 0.7, 'shap_error': 0.054932048623469794, 'shap_norm_sq': 1.4400000000000075, 'weighted_error': 1.0021176211757397, 'gamma': 5.444444444444414}
{'sample_size': 500, 'difference': 2, 'noise': 0, 'n': 16, 'alpha': 0.8, 'shap_error': 0.12014250848444961, 'shap_norm_sq': 0.640000000000003, 'weighted_error': 1.001405391155278, 'gamma': 15.999999999999927}
{'sample_size': 500, 'difference': 2, 'noise': 0, 'n': 16, 'alpha': 0.2, 'shap_error': 0.006318524700045431, 'shap_norm_sq': 10.239999999999993, 'weighted_error': 1.0034401452007238, 'gamma': 0.06250000000000003}
{'sample_size': 500, 'difference': 2, 'noise': 0, 'n': 16, 'alpha': 0.3, 'shap_error': 0.008439094564581322, 'shap_norm_sq': 7.84000000000001, 'weighted_error': 1.0025434037404974, 'gamma': 0.18367346938775472}
{'sample_size': 500, 'difference': 2, 'noise': 0, 'n': 16, 'alpha': 0.4, 'shap_error': 0.013115252269005954, 'shap_norm_sq': 5.760000000000002, 'weighted_error': 1.005095255105263, 'gamma': 0.4444444444444443}
{'sample_size': 500, 'difference': 2, 'noise': 0, 'n': 16, 'alpha': 0.5, 'shap_error': 0.01962862615553222, 'shap_norm_sq': 3.999999999999991, 'weighted_error': 1.004003626155532, 'gamma': 1.0000000000000018}
{'sample_size': 500, 'difference': 2, 'noise': 0, 'n': 16, 'alpha': 0.6, 'shap_error': 0.029357967018910528, 'shap_norm_sq': 2.5599999999999956, 'weighted_error': 1.0021972908972936, 'gamma': 2.2500000000000027}
{'sample_size': 500, 'difference': 2, 'noise': 0, 'n': 16, 'alpha': 0.7, 'shap_error': 0.062277651932844874, 'shap_norm_sq': 1.4400000000000075, 'weighted_error': 1.0034668136203186, 'gamma': 5.444444444444414}
{'sample_size': 500, 'difference': 2, 'noise': 0, 'n': 16, 'alpha': 0.8, 'shap_error': 0.1687661718541921, 'shap_norm_sq': 0.640000000000003, 'weighted_error': 1.0044443701158867, 'gamma': 15.999999999999927}
{'sample_size': 500, 'difference': 2, 'noise': 0, 'n': 16, 'alpha': 0.2, 'shap_error': 0.006302309380226279, 'shap_norm_sq': 10.239999999999993, 'weighted_error': 1.0031807000836173, 'gamma': 0.06250000000000003}
{'sample_size': 500, 'difference': 2, 'noise': 0, 'n': 16, 'alpha': 0.3, 'shap_error': 0.008897884354696446, 'shap_norm_sq': 7.84000000000001, 'weighted_error': 1.0050412592644573, 'gamma': 0.18367346938775472}
{'sample_size': 500, 'difference': 2, 'noise': 0, 'n': 16, 'alpha': 0.4, 'shap_error': 0.012991897599792723, 'shap_norm_sq': 5.760000000000002, 'weighted_error': 1.004817707099533, 'gamma': 0.4444444444444443}
{'sample_size': 500, 'difference': 2, 'noise': 0, 'n': 16, 'alpha': 0.5, 'shap_error': 0.017393948553331647, 'shap_norm_sq': 3.999999999999991, 'weighted_error': 1.0017689485533314, 'gamma': 1.0000000000000018}
{'sample_size': 500, 'difference': 2, 'noise': 0, 'n': 16, 'alpha': 0.6, 'shap_error': 0.032726179820430426, 'shap_norm_sq': 2.5599999999999956, 'weighted_error': 1.0036942743646358, 'gamma': 2.2500000000000027}
{'sample_size': 500, 'difference': 2, 'noise': 0, 'n': 16, 'alpha': 0.7, 'shap_error': 0.06401472962848709, 'shap_norm_sq': 1.4400000000000075, 'weighted_error': 1.0037858687072732, 'gamma': 5.444444444444414}
{'sample_size': 500, 'difference': 2, 'noise': 0, 'n': 16, 'alpha': 0.8, 'shap_error': 0.16040235541006415, 'shap_norm_sq': 0.640000000000003, 'weighted_error': 1.0039216315881285, 'gamma': 15.999999999999927}
{'sample_size': 500, 'difference': 2, 'noise': 0, 'n': 16, 'alpha': 0.2, 'shap_error': 0.006319665226019239, 'shap_norm_sq': 10.239999999999993, 'weighted_error': 1.0034583936163055, 'gamma': 0.06250000000000003}
{'sample_size': 500, 'difference': 2, 'noise': 0, 'n': 16, 'alpha': 0.3, 'shap_error': 0.008558291468192052, 'shap_norm_sq': 7.84000000000001, 'weighted_error': 1.0031923646601562, 'gamma': 0.18367346938775472}
{'sample_size': 500, 'difference': 2, 'noise': 0, 'n': 16, 'alpha': 0.4, 'shap_error': 0.012475553191138446, 'shap_norm_sq': 5.760000000000002, 'weighted_error': 1.0036559321800609, 'gamma': 0.4444444444444443}
{'sample_size': 500, 'difference': 2, 'noise': 0, 'n': 16, 'alpha': 0.5, 'shap_error': 0.018912374354798693, 'shap_norm_sq': 3.999999999999991, 'weighted_error': 1.003287374354798, 'gamma': 1.0000000000000018}
{'sample_size': 500, 'difference': 2, 'noise': 0, 'n': 16, 'alpha': 0.6, 'shap_error': 0.031363732695449655, 'shap_norm_sq': 2.5599999999999956, 'weighted_error': 1.0030887423090884, 'gamma': 2.2500000000000027}
{'sample_size': 500, 'difference': 2, 'noise': 0, 'n': 16, 'alpha': 0.7, 'shap_error': 0.07653789698428262, 'shap_norm_sq': 1.4400000000000075, 'weighted_error': 1.0060860423032356, 'gamma': 5.444444444444414}
{'sample_size': 500, 'difference': 2, 'noise': 0, 'n': 16, 'alpha': 0.8, 'shap_error': 0.1781012315154501, 'shap_norm_sq': 0.640000000000003, 'weighted_error': 1.0050278113447153, 'gamma': 15.999999999999927}
{'sample_size': 500, 'difference': 2, 'noise': 0, 'n': 16, 'alpha': 0.2, 'shap_error': 0.006298791699543148, 'shap_norm_sq': 10.239999999999993, 'weighted_error': 1.003124417192687, 'gamma': 0.06250000000000003}
{'sample_size': 500, 'difference': 2, 'noise': 0, 'n': 16, 'alpha': 0.3, 'shap_error': 0.008528217901471619, 'shap_norm_sq': 7.84000000000001, 'weighted_error': 1.0030286307969005, 'gamma': 0.18367346938775472}
{'sample_size': 500, 'difference': 2, 'noise': 0, 'n': 16, 'alpha': 0.4, 'shap_error': 0.012455849268164476, 'shap_norm_sq': 5.760000000000002, 'weighted_error': 1.0036115983533695, 'gamma': 0.4444444444444443}
{'sample_size': 500, 'difference': 2, 'noise': 0, 'n': 16, 'alpha': 0.5, 'shap_error': 0.016746164907011068, 'shap_norm_sq': 3.999999999999991, 'weighted_error': 1.0011211649070106, 'gamma': 1.0000000000000018}
{'sample_size': 500, 'difference': 2, 'noise': 0, 'n': 16, 'alpha': 0.6, 'shap_error': 0.03048526699709452, 'shap_norm_sq': 2.5599999999999956, 'weighted_error': 1.0026983131098197, 'gamma': 2.2500000000000027}
{'sample_size': 500, 'difference': 2, 'noise': 0, 'n': 16, 'alpha': 0.7, 'shap_error': 0.05154215643633324, 'shap_norm_sq': 1.4400000000000075, 'weighted_error': 1.0014949879168777, 'gamma': 5.444444444444414}
{'sample_size': 500, 'difference': 2, 'noise': 0, 'n': 16, 'alpha': 0.8, 'shap_error': 0.15326059864623132, 'shap_norm_sq': 0.640000000000003, 'weighted_error': 1.003475271790389, 'gamma': 15.999999999999927}
{'sample_size': 500, 'difference': 2, 'noise': 0, 'n': 16, 'alpha': 0.2, 'shap_error': 0.006244952749504493, 'shap_norm_sq': 10.239999999999993, 'weighted_error': 1.0022629939920686, 'gamma': 0.06250000000000003}
{'sample_size': 500, 'difference': 2, 'noise': 0, 'n': 16, 'alpha': 0.3, 'shap_error': 0.008838690681969207, 'shap_norm_sq': 7.84000000000001, 'weighted_error': 1.0047189826018315, 'gamma': 0.18367346938775472}
{'sample_size': 500, 'difference': 2, 'noise': 0, 'n': 16, 'alpha': 0.4, 'shap_error': 0.012492759536591583, 'shap_norm_sq': 5.760000000000002, 'weighted_error': 1.0036946464573302, 'gamma': 0.4444444444444443}
{'sample_size': 500, 'difference': 2, 'noise': 0, 'n': 16, 'alpha': 0.5, 'shap_error': 0.019858647194572535, 'shap_norm_sq': 3.999999999999991, 'weighted_error': 1.004233647194572, 'gamma': 1.0000000000000018}
{'sample_size': 500, 'difference': 2, 'noise': 0, 'n': 16, 'alpha': 0.6, 'shap_error': 0.028720072273894247, 'shap_norm_sq': 2.5599999999999956, 'weighted_error': 1.001913782121731, 'gamma': 2.2500000000000027}
{'sample_size': 500, 'difference': 2, 'noise': 0, 'n': 16, 'alpha': 0.7, 'shap_error': 0.06706796502253083, 'shap_norm_sq': 1.4400000000000075, 'weighted_error': 1.0043466670449552, 'gamma': 5.444444444444414}
{'sample_size': 500, 'difference': 2, 'noise': 0, 'n': 16, 'alpha': 0.8, 'shap_error': 0.16351978158327288, 'shap_norm_sq': 0.640000000000003, 'weighted_error': 1.0041164707239547, 'gamma': 15.999999999999927}
{'sample_size': 500, 'difference': 2, 'noise': 0, 'n': 16, 'alpha': 0.2, 'shap_error': 0.006351982998674686, 'shap_norm_sq': 10.239999999999993, 'weighted_error': 1.0039754779787913, 'gamma': 0.06250000000000003}
{'sample_size': 500, 'difference': 2, 'noise': 0, 'n': 16, 'alpha': 0.3, 'shap_error': 0.008221090195581194, 'shap_norm_sq': 7.84000000000001, 'weighted_error': 1.00135649106483, 'gamma': 0.18367346938775472}
{'sample_size': 500, 'difference': 2, 'noise': 0, 'n': 16, 'alpha': 0.4, 'shap_error': 0.012334153179974678, 'shap_norm_sq': 5.760000000000002, 'weighted_error': 1.0033377821549425, 'gamma': 0.4444444444444443}
{'sample_size': 500, 'difference': 2, 'noise': 0, 'n': 16, 'alpha': 0.5, 'shap_error': 0.017251741884764926, 'shap_norm_sq': 3.999999999999991, 'weighted_error': 1.0016267418847649, 'gamma': 1.0000000000000018}
{'sample_size': 500, 'difference': 2, 'noise': 0, 'n': 16, 'alpha': 0.6, 'shap_error': 0.03326283070630649, 'shap_norm_sq': 2.5599999999999956, 'weighted_error': 1.0039327858694695, 'gamma': 2.2500000000000027}
{'sample_size': 500, 'difference': 2, 'noise': 0, 'n': 16, 'alpha': 0.7, 'shap_error': 0.06278918145823983, 'shap_norm_sq': 1.4400000000000075, 'weighted_error': 1.0035607680229426, 'gamma': 5.444444444444414}
{'sample_size': 500, 'difference': 2, 'noise': 0, 'n': 16, 'alpha': 0.8, 'shap_error': 0.15050187447841454, 'shap_norm_sq': 0.640000000000003, 'weighted_error': 1.0033028515299007, 'gamma': 15.999999999999927}
{'sample_size': 500, 'difference': 2, 'noise': 0, 'n': 16, 'alpha': 0.2, 'shap_error': 0.006295408494547957, 'shap_norm_sq': 10.239999999999993, 'weighted_error': 1.003070285912764, 'gamma': 0.06250000000000003}
{'sample_size': 500, 'difference': 2, 'noise': 0, 'n': 16, 'alpha': 0.3, 'shap_error': 0.008379509140469345, 'shap_norm_sq': 7.84000000000001, 'weighted_error': 1.002218994209221, 'gamma': 0.18367346938775472}
{'sample_size': 500, 'difference': 2, 'noise': 0, 'n': 16, 'alpha': 0.4, 'shap_error': 0.011975470418524516, 'shap_norm_sq': 5.760000000000002, 'weighted_error': 1.0025307459416797, 'gamma': 0.4444444444444443}
{'sample_size': 500, 'difference': 2, 'noise': 0, 'n': 16, 'alpha': 0.5, 'shap_error': 0.018522208757225878, 'shap_norm_sq': 3.999999999999991, 'weighted_error': 1.0028972087572257, 'gamma': 1.0000000000000018}
{'sample_size': 500, 'difference': 2, 'noise': 0, 'n': 16, 'alpha': 0.6, 'shap_error': 0.0298588327612746, 'shap_norm_sq': 2.5599999999999956, 'weighted_error': 1.0024198978938996, 'gamma': 2.2500000000000027}
{'sample_size': 500, 'difference': 2, 'noise': 0, 'n': 16, 'alpha': 0.7, 'shap_error': 0.05727868602249796, 'shap_norm_sq': 1.4400000000000075, 'weighted_error': 1.002548636208214, 'gamma': 5.444444444444414}
{'sample_size': 500, 'difference': 2, 'noise': 0, 'n': 16, 'alpha': 0.8, 'shap_error': 0.1220745732063685, 'shap_norm_sq': 0.640000000000003, 'weighted_error': 1.001526145200398, 'gamma': 15.999999999999927}
{'sample_size': 500, 'difference': 2, 'noise': 0, 'n': 16, 'alpha': 0.2, 'shap_error': 0.006316801384039386, 'shap_norm_sq': 10.239999999999993, 'weighted_error': 1.0034125721446274, 'gamma': 0.06250000000000003}
{'sample_size': 500, 'difference': 2, 'noise': 0, 'n': 16, 'alpha': 0.3, 'shap_error': 0.008294961531325322, 'shap_norm_sq': 7.84000000000001, 'weighted_error': 1.0017586794483258, 'gamma': 0.18367346938775472}
{'sample_size': 500, 'difference': 2, 'noise': 0, 'n': 16, 'alpha': 0.4, 'shap_error': 0.012466054672578726, 'shap_norm_sq': 5.760000000000002, 'weighted_error': 1.0036345605133015, 'gamma': 0.4444444444444443}
{'sample_size': 500, 'difference': 2, 'noise': 0, 'n': 16, 'alpha': 0.5, 'shap_error': 0.0192144873976733, 'shap_norm_sq': 3.999999999999991, 'weighted_error': 1.003589487397673, 'gamma': 1.0000000000000018}
{'sample_size': 500, 'difference': 2, 'noise': 0, 'n': 16, 'alpha': 0.6, 'shap_error': 0.032010416358611585, 'shap_norm_sq': 2.5599999999999956, 'weighted_error': 1.003376157270494, 'gamma': 2.2500000000000027}
{'sample_size': 500, 'difference': 2, 'noise': 0, 'n': 16, 'alpha': 0.7, 'shap_error': 0.06127671419173806, 'shap_norm_sq': 1.4400000000000075, 'weighted_error': 1.0032829679127686, 'gamma': 5.444444444444414}
{'sample_size': 500, 'difference': 2, 'noise': 0, 'n': 16, 'alpha': 0.8, 'shap_error': 0.18275180420001746, 'shap_norm_sq': 0.640000000000003, 'weighted_error': 1.0053184721375008, 'gamma': 15.999999999999927}
{'sample_size': 500, 'difference': 2, 'noise': 0, 'n': 16, 'alpha': 0.2, 'shap_error': 0.006227273434091721, 'shap_norm_sq': 10.239999999999993, 'weighted_error': 1.0019801249454645, 'gamma': 0.06250000000000003}
{'sample_size': 500, 'difference': 2, 'noise': 0, 'n': 16, 'alpha': 0.3, 'shap_error': 0.008631886424552744, 'shap_norm_sq': 7.84000000000001, 'weighted_error': 1.003593048311453, 'gamma': 0.18367346938775472}
{'sample_size': 500, 'difference': 2, 'noise': 0, 'n': 16, 'alpha': 0.4, 'shap_error': 0.011796598681634159, 'shap_norm_sq': 5.760000000000002, 'weighted_error': 1.0021282845336763, 'gamma': 0.4444444444444443}
{'sample_size': 500, 'difference': 2, 'noise': 0, 'n': 16, 'alpha': 0.5, 'shap_error': 0.0186661601842332, 'shap_norm_sq': 3.999999999999991, 'weighted_error': 1.003041160184233, 'gamma': 1.0000000000000018}
{'sample_size': 500, 'difference': 2, 'noise': 0, 'n': 16, 'alpha': 0.6, 'shap_error': 0.03529431928183323, 'shap_norm_sq': 2.5599999999999956, 'weighted_error': 1.0048356696808145, 'gamma': 2.2500000000000027}
{'sample_size': 500, 'difference': 2, 'noise': 0, 'n': 16, 'alpha': 0.7, 'shap_error': 0.05229499306593393, 'shap_norm_sq': 1.4400000000000075, 'weighted_error': 1.0016332640325185, 'gamma': 5.444444444444414}
{'sample_size': 500, 'difference': 2, 'noise': 0, 'n': 16, 'alpha': 0.8, 'shap_error': 0.17209719073953578, 'shap_norm_sq': 0.640000000000003, 'weighted_error': 1.004652558796221, 'gamma': 15.999999999999927}
{'sample_size': 500, 'difference': 2, 'noise': 0, 'n': 16, 'alpha': 0.2, 'shap_error': 0.006257930830862956, 'shap_norm_sq': 10.239999999999993, 'weighted_error': 1.002470643293804, 'gamma': 0.06250000000000003}
{'sample_size': 500, 'difference': 2, 'noise': 0, 'n': 16, 'alpha': 0.3, 'shap_error': 0.008207737862709008, 'shap_norm_sq': 7.84000000000001, 'weighted_error': 1.001283795030304, 'gamma': 0.18367346938775472}
{'sample_size': 500, 'difference': 2, 'noise': 0, 'n': 16, 'alpha': 0.4, 'shap_error': 0.012428726959339713, 'shap_norm_sq': 5.760000000000002, 'weighted_error': 1.003550573158514, 'gamma': 0.4444444444444443}
{'sample_size': 500, 'difference': 2, 'noise': 0, 'n': 16, 'alpha': 0.5, 'shap_error': 0.01831738999140817, 'shap_norm_sq': 3.999999999999991, 'weighted_error': 1.002692389991408, 'gamma': 1.0000000000000018}
{'sample_size': 500, 'difference': 2, 'noise': 0, 'n': 16, 'alpha': 0.6, 'shap_error': 0.029030983290800123, 'shap_norm_sq': 2.5599999999999956, 'weighted_error': 1.0020519647959112, 'gamma': 2.2500000000000027}
{'sample_size': 500, 'difference': 2, 'noise': 0, 'n': 16, 'alpha': 0.7, 'shap_error': 0.06042563463489431, 'shap_norm_sq': 1.4400000000000075, 'weighted_error': 1.0031266471778382, 'gamma': 5.444444444444414}
{'sample_size': 500, 'difference': 2, 'noise': 0, 'n': 16, 'alpha': 0.8, 'shap_error': 0.13785157802101394, 'shap_norm_sq': 0.640000000000003, 'weighted_error': 1.0025122080013134, 'gamma': 15.999999999999927}
{'sample_size': 500, 'difference': 2, 'noise': 0, 'n': 16, 'alpha': 0.2, 'shap_error': 0.006361392005739357, 'shap_norm_sq': 10.239999999999993, 'weighted_error': 1.0041260220918264, 'gamma': 0.06250000000000003}
{'sample_size': 500, 'difference': 2, 'noise': 0, 'n': 16, 'alpha': 0.3, 'shap_error': 0.00848717829798537, 'shap_norm_sq': 7.84000000000001, 'weighted_error': 1.0028051929556974, 'gamma': 0.18367346938775472}
{'sample_size': 500, 'difference': 2, 'noise': 0, 'n': 16, 'alpha': 0.4, 'shap_error': 0.011747086986234577, 'shap_norm_sq': 5.760000000000002, 'weighted_error': 1.002016883219027, 'gamma': 0.4444444444444443}
{'sample_size': 500, 'difference': 2, 'noise': 0, 'n': 16, 'alpha': 0.5, 'shap_error': 0.016190180071251767, 'shap_norm_sq': 3.999999999999991, 'weighted_error': 1.0005651800712512, 'gamma': 1.0000000000000018}
{'sample_size': 500, 'difference': 2, 'noise': 0, 'n': 16, 'alpha': 0.6, 'shap_error': 0.03050996815545569, 'shap_norm_sq': 2.5599999999999956, 'weighted_error': 1.0027092914024247, 'gamma': 2.2500000000000027}
{'sample_size': 500, 'difference': 2, 'noise': 0, 'n': 16, 'alpha': 0.7, 'shap_error': 0.062386476902591255, 'shap_norm_sq': 1.4400000000000075, 'weighted_error': 1.003486801880068, 'gamma': 5.444444444444414}
{'sample_size': 500, 'difference': 2, 'noise': 0, 'n': 16, 'alpha': 0.8, 'shap_error': 0.16166330374766227, 'shap_norm_sq': 0.640000000000003, 'weighted_error': 1.004000440859229, 'gamma': 15.999999999999927}
{'sample_size': 500, 'difference': 2, 'noise': 0, 'n': 16, 'alpha': 0.2, 'shap_error': 0.006303548029812227, 'shap_norm_sq': 10.239999999999993, 'weighted_error': 1.0032005184769923, 'gamma': 0.06250000000000003}
{'sample_size': 500, 'difference': 2, 'noise': 0, 'n': 16, 'alpha': 0.3, 'shap_error': 0.00833221379717226, 'shap_norm_sq': 7.84000000000001, 'weighted_error': 1.0019614973401592, 'gamma': 0.18367346938775472}
{'sample_size': 500, 'difference': 2, 'noise': 0, 'n': 16, 'alpha': 0.4, 'shap_error': 0.012489513670631011, 'shap_norm_sq': 5.760000000000002, 'weighted_error': 1.003687343258919, 'gamma': 0.4444444444444443}
{'sample_size': 500, 'difference': 2, 'noise': 0, 'n': 16, 'alpha': 0.5, 'shap_error': 0.01993016566598095, 'shap_norm_sq': 3.999999999999991, 'weighted_error': 1.0043051656659805, 'gamma': 1.0000000000000018}
{'sample_size': 500, 'difference': 2, 'noise': 0, 'n': 16, 'alpha': 0.6, 'shap_error': 0.029443372712427692, 'shap_norm_sq': 2.5599999999999956, 'weighted_error': 1.0022352489833013, 'gamma': 2.2500000000000027}
{'sample_size': 500, 'difference': 2, 'noise': 0, 'n': 16, 'alpha': 0.7, 'shap_error': 0.05590607409440069, 'shap_norm_sq': 1.4400000000000075, 'weighted_error': 1.0022965238132573, 'gamma': 5.444444444444414}
{'sample_size': 500, 'difference': 2, 'noise': 0, 'n': 16, 'alpha': 0.8, 'shap_error': 0.14191195354871453, 'shap_norm_sq': 0.640000000000003, 'weighted_error': 1.0027659814717944, 'gamma': 15.999999999999927}
{'sample_size': 500, 'difference': 2, 'noise': 0, 'n': 16, 'alpha': 0.2, 'shap_error': 0.006159744014158687, 'shap_norm_sq': 10.239999999999993, 'weighted_error': 1.0008996542265365, 'gamma': 0.06250000000000003}
{'sample_size': 500, 'difference': 2, 'noise': 0, 'n': 16, 'alpha': 0.3, 'shap_error': 0.008430285961330776, 'shap_norm_sq': 7.84000000000001, 'weighted_error': 1.0024954457894668, 'gamma': 0.18367346938775472}
{'sample_size': 500, 'difference': 2, 'noise': 0, 'n': 16, 'alpha': 0.4, 'shap_error': 0.012997845615122548, 'shap_norm_sq': 5.760000000000002, 'weighted_error': 1.0048310901340256, 'gamma': 0.4444444444444443}
{'sample_size': 500, 'difference': 2, 'noise': 0, 'n': 16, 'alpha': 0.5, 'shap_error': 0.018119882731343042, 'shap_norm_sq': 3.999999999999991, 'weighted_error': 1.002494882731343, 'gamma': 1.0000000000000018}
{'sample_size': 500, 'difference': 2, 'noise': 0, 'n': 16, 'alpha': 0.6, 'shap_error': 0.03294268347607519, 'shap_norm_sq': 2.5599999999999956, 'weighted_error': 1.0037904982115888, 'gamma': 2.2500000000000027}
{'sample_size': 500, 'difference': 2, 'noise': 0, 'n': 16, 'alpha': 0.7, 'shap_error': 0.07695281445033403, 'shap_norm_sq': 1.4400000000000075, 'weighted_error': 1.0061622516337347, 'gamma': 5.444444444444414}
{'sample_size': 500, 'difference': 2, 'noise': 0, 'n': 16, 'alpha': 0.8, 'shap_error': 0.13134357415837286, 'shap_norm_sq': 0.640000000000003, 'weighted_error': 1.002105457759898, 'gamma': 15.999999999999927}
{'sample_size': 500, 'difference': 2, 'noise': 0, 'n': 16, 'alpha': 0.2, 'shap_error': 0.006427931571297997, 'shap_norm_sq': 10.239999999999993, 'weighted_error': 1.0051906551407648, 'gamma': 0.06250000000000003}
{'sample_size': 500, 'difference': 2, 'noise': 0, 'n': 16, 'alpha': 0.3, 'shap_error': 0.008481439824457693, 'shap_norm_sq': 7.84000000000001, 'weighted_error': 1.0027739501553796, 'gamma': 0.18367346938775472}
{'sample_size': 500, 'difference': 2, 'noise': 0, 'n': 16, 'alpha': 0.4, 'shap_error': 0.01192418916273874, 'shap_norm_sq': 5.760000000000002, 'weighted_error': 1.0024153631161616, 'gamma': 0.4444444444444443}
{'sample_size': 500, 'difference': 2, 'noise': 0, 'n': 16, 'alpha': 0.5, 'shap_error': 0.01788079508025973, 'shap_norm_sq': 3.999999999999991, 'weighted_error': 1.0022557950802595, 'gamma': 1.0000000000000018}
{'sample_size': 500, 'difference': 2, 'noise': 0, 'n': 16, 'alpha': 0.6, 'shap_error': 0.03312752756098997, 'shap_norm_sq': 2.5599999999999956, 'weighted_error': 1.0038726511382177, 'gamma': 2.2500000000000027}
{'sample_size': 500, 'difference': 2, 'noise': 0, 'n': 16, 'alpha': 0.7, 'shap_error': 0.06732777587012467, 'shap_norm_sq': 1.4400000000000075, 'weighted_error': 1.0043943874047165, 'gamma': 5.444444444444414}
{'sample_size': 500, 'difference': 2, 'noise': 0, 'n': 16, 'alpha': 0.8, 'shap_error': 0.15614764370338524, 'shap_norm_sq': 0.640000000000003, 'weighted_error': 1.003655712106461, 'gamma': 15.999999999999927}
{'sample_size': 500, 'difference': 2, 'noise': 0, 'n': 16, 'alpha': 0.2, 'shap_error': 0.006212695591565334, 'shap_norm_sq': 10.239999999999993, 'weighted_error': 1.001746879465042, 'gamma': 0.06250000000000003}
{'sample_size': 500, 'difference': 2, 'noise': 0, 'n': 16, 'alpha': 0.3, 'shap_error': 0.008547242864737849, 'shap_norm_sq': 7.84000000000001, 'weighted_error': 1.0031322111524608, 'gamma': 0.18367346938775472}
{'sample_size': 500, 'difference': 2, 'noise': 0, 'n': 16, 'alpha': 0.4, 'shap_error': 0.012435828210690565, 'shap_norm_sq': 5.760000000000002, 'weighted_error': 1.0035665509740532, 'gamma': 0.4444444444444443}
{'sample_size': 500, 'difference': 2, 'noise': 0, 'n': 16, 'alpha': 0.5, 'shap_error': 0.01855666162182136, 'shap_norm_sq': 3.999999999999991, 'weighted_error': 1.0029316616218211, 'gamma': 1.0000000000000018}
{'sample_size': 500, 'difference': 2, 'noise': 0, 'n': 16, 'alpha': 0.6, 'shap_error': 0.030995935397618354, 'shap_norm_sq': 2.5599999999999956, 'weighted_error': 1.002925276843386, 'gamma': 2.2500000000000027}
{'sample_size': 500, 'difference': 2, 'noise': 0, 'n': 16, 'alpha': 0.7, 'shap_error': 0.06445305481900253, 'shap_norm_sq': 1.4400000000000075, 'weighted_error': 1.0038663774157353, 'gamma': 5.444444444444414}
{'sample_size': 500, 'difference': 2, 'noise': 0, 'n': 16, 'alpha': 0.8, 'shap_error': 0.13431403489117066, 'shap_norm_sq': 0.640000000000003, 'weighted_error': 1.0022911115556978, 'gamma': 15.999999999999927}
{'sample_size': 500, 'difference': 2, 'noise': 0, 'n': 16, 'alpha': 0.2, 'shap_error': 0.0062950428287494664, 'shap_norm_sq': 10.239999999999993, 'weighted_error': 1.0030644352599882, 'gamma': 0.06250000000000003}
{'sample_size': 500, 'difference': 2, 'noise': 0, 'n': 16, 'alpha': 0.3, 'shap_error': 0.00869427043081855, 'shap_norm_sq': 7.84000000000001, 'weighted_error': 1.0039326945677889, 'gamma': 0.18367346938775472}
{'sample_size': 500, 'difference': 2, 'noise': 0, 'n': 16, 'alpha': 0.4, 'shap_error': 0.013630884892483357, 'shap_norm_sq': 5.760000000000002, 'weighted_error': 1.006255428508087, 'gamma': 0.4444444444444443}
{'sample_size': 500, 'difference': 2, 'noise': 0, 'n': 16, 'alpha': 0.5, 'shap_error': 0.02021261737224685, 'shap_norm_sq': 3.999999999999991, 'weighted_error': 1.0045876173722466, 'gamma': 1.0000000000000018}
{'sample_size': 500, 'difference': 2, 'noise': 0, 'n': 16, 'alpha': 0.6, 'shap_error': 0.0287978082237555, 'shap_norm_sq': 2.5599999999999956, 'weighted_error': 1.0019483314327804, 'gamma': 2.2500000000000027}
{'sample_size': 500, 'difference': 2, 'noise': 0, 'n': 16, 'alpha': 0.7, 'shap_error': 0.062212579868719614, 'shap_norm_sq': 1.4400000000000075, 'weighted_error': 1.0034548616085401, 'gamma': 5.444444444444414}
{'sample_size': 500, 'difference': 2, 'noise': 0, 'n': 16, 'alpha': 0.8, 'shap_error': 0.14166712325230377, 'shap_norm_sq': 0.640000000000003, 'weighted_error': 1.002750679578269, 'gamma': 15.999999999999927}
{'sample_size': 500, 'difference': 2, 'noise': 0, 'n': 16, 'alpha': 0.2, 'shap_error': 0.006363568413421545, 'shap_norm_sq': 10.239999999999993, 'weighted_error': 1.0041608446147416, 'gamma': 0.06250000000000003}
{'sample_size': 500, 'difference': 2, 'noise': 0, 'n': 16, 'alpha': 0.3, 'shap_error': 0.00872988314877477, 'shap_norm_sq': 7.84000000000001, 'weighted_error': 1.0041265860322173, 'gamma': 0.18367346938775472}
{'sample_size': 500, 'difference': 2, 'noise': 0, 'n': 16, 'alpha': 0.4, 'shap_error': 0.012925792226645319, 'shap_norm_sq': 5.760000000000002, 'weighted_error': 1.0046689700099511, 'gamma': 0.4444444444444443}
{'sample_size': 500, 'difference': 2, 'noise': 0, 'n': 16, 'alpha': 0.5, 'shap_error': 0.020061045620847113, 'shap_norm_sq': 3.999999999999991, 'weighted_error': 1.0044360456208465, 'gamma': 1.0000000000000018}
{'sample_size': 500, 'difference': 2, 'noise': 0, 'n': 16, 'alpha': 0.6, 'shap_error': 0.03162567984666319, 'shap_norm_sq': 2.5599999999999956, 'weighted_error': 1.0032051632651835, 'gamma': 2.2500000000000027}
{'sample_size': 500, 'difference': 2, 'noise': 0, 'n': 16, 'alpha': 0.7, 'shap_error': 0.073320602154788, 'shap_norm_sq': 1.4400000000000075, 'weighted_error': 1.0054951105998593, 'gamma': 5.444444444444414}
{'sample_size': 500, 'difference': 2, 'noise': 0, 'n': 16, 'alpha': 0.8, 'shap_error': 0.1430967102511937, 'shap_norm_sq': 0.640000000000003, 'weighted_error': 1.0028400287656993, 'gamma': 15.999999999999927}
{'sample_size': 500, 'difference': 2, 'noise': 0, 'n': 16, 'alpha': 0.2, 'shap_error': 0.00649268870700579, 'shap_norm_sq': 10.239999999999993, 'weighted_error': 1.0062267693120894, 'gamma': 0.06250000000000003}
{'sample_size': 500, 'difference': 2, 'noise': 0, 'n': 16, 'alpha': 0.3, 'shap_error': 0.008700031943723811, 'shap_norm_sq': 7.84000000000001, 'weighted_error': 1.0039640628047177, 'gamma': 0.18367346938775472}
{'sample_size': 500, 'difference': 2, 'noise': 0, 'n': 16, 'alpha': 0.4, 'shap_error': 0.012113871503119739, 'shap_norm_sq': 5.760000000000002, 'weighted_error': 1.002842148382019, 'gamma': 0.4444444444444443}
{'sample_size': 500, 'difference': 2, 'noise': 0, 'n': 16, 'alpha': 0.5, 'shap_error': 0.020003872581201843, 'shap_norm_sq': 3.999999999999991, 'weighted_error': 1.0043788725812008, 'gamma': 1.0000000000000018}
{'sample_size': 500, 'difference': 2, 'noise': 0, 'n': 16, 'alpha': 0.6, 'shap_error': 0.03360318983197254, 'shap_norm_sq': 2.5599999999999956, 'weighted_error': 1.0040840565919877, 'gamma': 2.2500000000000027}
{'sample_size': 500, 'difference': 2, 'noise': 0, 'n': 16, 'alpha': 0.7, 'shap_error': 0.07256306580424138, 'shap_norm_sq': 1.4400000000000075, 'weighted_error': 1.0053559712701665, 'gamma': 5.444444444444414}
{'sample_size': 500, 'difference': 2, 'noise': 0, 'n': 16, 'alpha': 0.8, 'shap_error': 0.19994902561523048, 'shap_norm_sq': 0.640000000000003, 'weighted_error': 1.0063932984759518, 'gamma': 15.999999999999927}
{'sample_size': 500, 'difference': 2, 'noise': 0, 'n': 16, 'alpha': 0.2, 'shap_error': 0.0063042695825602365, 'shap_norm_sq': 10.239999999999993, 'weighted_error': 1.003212063320961, 'gamma': 0.06250000000000003}
{'sample_size': 500, 'difference': 2, 'noise': 0, 'n': 16, 'alpha': 0.3, 'shap_error': 0.008537338040436042, 'shap_norm_sq': 7.84000000000001, 'weighted_error': 1.0030782848868178, 'gamma': 0.18367346938775472}
{'sample_size': 500, 'difference': 2, 'noise': 0, 'n': 16, 'alpha': 0.4, 'shap_error': 0.011657554308720786, 'shap_norm_sq': 5.760000000000002, 'weighted_error': 1.0018154346946215, 'gamma': 0.4444444444444443}
{'sample_size': 500, 'difference': 2, 'noise': 0, 'n': 16, 'alpha': 0.5, 'shap_error': 0.018506824192046613, 'shap_norm_sq': 3.999999999999991, 'weighted_error': 1.0028818241920465, 'gamma': 1.0000000000000018}
{'sample_size': 500, 'difference': 2, 'noise': 0, 'n': 16, 'alpha': 0.6, 'shap_error': 0.0329738502728693, 'shap_norm_sq': 2.5599999999999956, 'weighted_error': 1.0038043501212752, 'gamma': 2.2500000000000027}
{'sample_size': 500, 'difference': 2, 'noise': 0, 'n': 16, 'alpha': 0.7, 'shap_error': 0.06986550179168557, 'shap_norm_sq': 1.4400000000000075, 'weighted_error': 1.0048605003290854, 'gamma': 5.444444444444414}
{'sample_size': 500, 'difference': 2, 'noise': 0, 'n': 16, 'alpha': 0.8, 'shap_error': 0.17675853471487396, 'shap_norm_sq': 0.640000000000003, 'weighted_error': 1.0049438927946794, 'gamma': 15.999999999999927}
{'sample_size': 500, 'difference': 2, 'noise': 0, 'n': 16, 'alpha': 0.2, 'shap_error': 0.006405892642230291, 'shap_norm_sq': 10.239999999999993, 'weighted_error': 1.004838032275681, 'gamma': 0.06250000000000003}
{'sample_size': 500, 'difference': 2, 'noise': 0, 'n': 16, 'alpha': 0.3, 'shap_error': 0.008679475070183006, 'shap_norm_sq': 7.84000000000001, 'weighted_error': 1.0038521420487738, 'gamma': 0.18367346938775472}
{'sample_size': 500, 'difference': 2, 'noise': 0, 'n': 16, 'alpha': 0.4, 'shap_error': 0.012576961978459193, 'shap_norm_sq': 5.760000000000002, 'weighted_error': 1.0038841019515325, 'gamma': 0.4444444444444443}
{'sample_size': 500, 'difference': 2, 'noise': 0, 'n': 16, 'alpha': 0.5, 'shap_error': 0.018425079364979016, 'shap_norm_sq': 3.999999999999991, 'weighted_error': 1.0028000793649787, 'gamma': 1.0000000000000018}
{'sample_size': 500, 'difference': 2, 'noise': 0, 'n': 16, 'alpha': 0.6, 'shap_error': 0.0300701413565642, 'shap_norm_sq': 2.5599999999999956, 'weighted_error': 1.0025138128251396, 'gamma': 2.2500000000000027}
{'sample_size': 500, 'difference': 2, 'noise': 0, 'n': 16, 'alpha': 0.7, 'shap_error': 0.06462397537207118, 'shap_norm_sq': 1.4400000000000075, 'weighted_error': 1.0038977709867067, 'gamma': 5.444444444444414}
{'sample_size': 500, 'difference': 2, 'noise': 0, 'n': 16, 'alpha': 0.8, 'shap_error': 0.14504218296417645, 'shap_norm_sq': 0.640000000000003, 'weighted_error': 1.0029616208102605, 'gamma': 15.999999999999927}
{'sample_size': 500, 'difference': 2, 'noise': 0, 'n': 16, 'alpha': 0.2, 'shap_error': 0.00635779139616433, 'shap_norm_sq': 10.239999999999993, 'weighted_error': 1.0040684123386259, 'gamma': 0.06250000000000003}
{'sample_size': 500, 'difference': 2, 'noise': 0, 'n': 16, 'alpha': 0.3, 'shap_error': 0.008593353509560381, 'shap_norm_sq': 7.84000000000001, 'weighted_error': 1.0033832579964943, 'gamma': 0.18367346938775472}
{'sample_size': 500, 'difference': 2, 'noise': 0, 'n': 16, 'alpha': 0.4, 'shap_error': 0.012121422797301417, 'shap_norm_sq': 5.760000000000002, 'weighted_error': 1.0028591387939276, 'gamma': 0.4444444444444443}
{'sample_size': 500, 'difference': 2, 'noise': 0, 'n': 16, 'alpha': 0.5, 'shap_error': 0.02346168972470173, 'shap_norm_sq': 3.999999999999991, 'weighted_error': 1.0078366897247013, 'gamma': 1.0000000000000018}
{'sample_size': 500, 'difference': 2, 'noise': 0, 'n': 16, 'alpha': 0.6, 'shap_error': 0.03012557336994568, 'shap_norm_sq': 2.5599999999999956, 'weighted_error': 1.0025384492755314, 'gamma': 2.2500000000000027}
{'sample_size': 500, 'difference': 2, 'noise': 0, 'n': 16, 'alpha': 0.7, 'shap_error': 0.07015312260181182, 'shap_norm_sq': 1.4400000000000075, 'weighted_error': 1.0049133286411491, 'gamma': 5.444444444444414}
{'sample_size': 500, 'difference': 2, 'noise': 0, 'n': 16, 'alpha': 0.8, 'shap_error': 0.12070761807959594, 'shap_norm_sq': 0.640000000000003, 'weighted_error': 1.001440710504975, 'gamma': 15.999999999999927}
{'sample_size': 500, 'difference': 2, 'noise': 0, 'n': 16, 'alpha': 0.2, 'shap_error': 0.006250636820821411, 'shap_norm_sq': 10.239999999999993, 'weighted_error': 1.002353939133139, 'gamma': 0.06250000000000003}
{'sample_size': 500, 'difference': 2, 'noise': 0, 'n': 16, 'alpha': 0.3, 'shap_error': 0.008260722959115716, 'shap_norm_sq': 7.84000000000001, 'weighted_error': 1.0015722694440736, 'gamma': 0.18367346938775472}
{'sample_size': 500, 'difference': 2, 'noise': 0, 'n': 16, 'alpha': 0.4, 'shap_error': 0.012360599420683214, 'shap_norm_sq': 5.760000000000002, 'weighted_error': 1.0033972861965368, 'gamma': 0.4444444444444443}
{'sample_size': 500, 'difference': 2, 'noise': 0, 'n': 16, 'alpha': 0.5, 'shap_error': 0.01898870610288609, 'shap_norm_sq': 3.999999999999991, 'weighted_error': 1.0033637061028857, 'gamma': 1.0000000000000018}
{'sample_size': 500, 'difference': 2, 'noise': 0, 'n': 16, 'alpha': 0.6, 'shap_error': 0.031940696494522296, 'shap_norm_sq': 2.5599999999999956, 'weighted_error': 1.0033451706642318, 'gamma': 2.2500000000000027}
{'sample_size': 500, 'difference': 2, 'noise': 0, 'n': 16, 'alpha': 0.7, 'shap_error': 0.06944531771108801, 'shap_norm_sq': 1.4400000000000075, 'weighted_error': 1.00478332366122, 'gamma': 5.444444444444414}
{'sample_size': 500, 'difference': 2, 'noise': 0, 'n': 16, 'alpha': 0.8, 'shap_error': 0.13316982832019386, 'shap_norm_sq': 0.640000000000003, 'weighted_error': 1.0022195986450122, 'gamma': 15.999999999999927}
{'sample_size': 500, 'difference': 2, 'noise': 0, 'n': 16, 'alpha': 0.2, 'shap_error': 0.006579309008124711, 'shap_norm_sq': 10.239999999999993, 'weighted_error': 1.0076126941299912, 'gamma': 0.06250000000000003}
{'sample_size': 500, 'difference': 2, 'noise': 0, 'n': 16, 'alpha': 0.3, 'shap_error': 0.008570108825235666, 'shap_norm_sq': 7.84000000000001, 'weighted_error': 1.0032567036040598, 'gamma': 0.18367346938775472}
{'sample_size': 500, 'difference': 2, 'noise': 0, 'n': 16, 'alpha': 0.4, 'shap_error': 0.012468128920447075, 'shap_norm_sq': 5.760000000000002, 'weighted_error': 1.0036392275710053, 'gamma': 0.4444444444444443}
{'sample_size': 500, 'difference': 2, 'noise': 0, 'n': 16, 'alpha': 0.5, 'shap_error': 0.01859613184806301, 'shap_norm_sq': 3.999999999999991, 'weighted_error': 1.0029711318480627, 'gamma': 1.0000000000000018}
{'sample_size': 500, 'difference': 2, 'noise': 0, 'n': 16, 'alpha': 0.6, 'shap_error': 0.03183682146333935, 'shap_norm_sq': 2.5599999999999956, 'weighted_error': 1.0032990039837062, 'gamma': 2.2500000000000027}
{'sample_size': 500, 'difference': 2, 'noise': 0, 'n': 16, 'alpha': 0.7, 'shap_error': 0.057562156252911355, 'shap_norm_sq': 1.4400000000000075, 'weighted_error': 1.002600702168902, 'gamma': 5.444444444444414}
{'sample_size': 500, 'difference': 2, 'noise': 0, 'n': 16, 'alpha': 0.8, 'shap_error': 0.14488210560800813, 'shap_norm_sq': 0.640000000000003, 'weighted_error': 1.0029516159755, 'gamma': 15.999999999999927}
{'sample_size': 500, 'difference': 2, 'noise': 0, 'n': 16, 'alpha': 0.2, 'shap_error': 0.006252029462081702, 'shap_norm_sq': 10.239999999999993, 'weighted_error': 1.0023762213933036, 'gamma': 0.06250000000000003}
{'sample_size': 500, 'difference': 2, 'noise': 0, 'n': 16, 'alpha': 0.3, 'shap_error': 0.008459291874437494, 'shap_norm_sq': 7.84000000000001, 'weighted_error': 1.0026533668719366, 'gamma': 0.18367346938775472}
{'sample_size': 500, 'difference': 2, 'noise': 0, 'n': 16, 'alpha': 0.4, 'shap_error': 0.01167386857316406, 'shap_norm_sq': 5.760000000000002, 'weighted_error': 1.0018521417896185, 'gamma': 0.4444444444444443}
{'sample_size': 500, 'difference': 2, 'noise': 0, 'n': 16, 'alpha': 0.5, 'shap_error': 0.018234415238501597, 'shap_norm_sq': 3.999999999999991, 'weighted_error': 1.0026094152385014, 'gamma': 1.0000000000000018}
{'sample_size': 500, 'difference': 2, 'noise': 0, 'n': 16, 'alpha': 0.6, 'shap_error': 0.03923849527642115, 'shap_norm_sq': 2.5599999999999956, 'weighted_error': 1.0065886367895203, 'gamma': 2.2500000000000027}
{'sample_size': 500, 'difference': 2, 'noise': 0, 'n': 16, 'alpha': 0.7, 'shap_error': 0.06170379034852818, 'shap_norm_sq': 1.4400000000000075, 'weighted_error': 1.0033614104721786, 'gamma': 5.444444444444414}
{'sample_size': 500, 'difference': 2, 'noise': 0, 'n': 16, 'alpha': 0.8, 'shap_error': 0.14394572685445509, 'shap_norm_sq': 0.640000000000003, 'weighted_error': 1.0028930923034032, 'gamma': 15.999999999999927}
{'sample_size': 500, 'difference': 2, 'noise': 0, 'n': 16, 'alpha': 0.2, 'shap_error': 0.00624823869643743, 'shap_norm_sq': 10.239999999999993, 'weighted_error': 1.0023155691429957, 'gamma': 0.06250000000000003}
{'sample_size': 500, 'difference': 2, 'noise': 0, 'n': 16, 'alpha': 0.3, 'shap_error': 0.008355471958562956, 'shap_norm_sq': 7.84000000000001, 'weighted_error': 1.002088125107731, 'gamma': 0.18367346938775472}
{'sample_size': 500, 'difference': 2, 'noise': 0, 'n': 16, 'alpha': 0.4, 'shap_error': 0.012067470897251013, 'shap_norm_sq': 5.760000000000002, 'weighted_error': 1.002737747018814, 'gamma': 0.4444444444444443}
{'sample_size': 500, 'difference': 2, 'noise': 0, 'n': 16, 'alpha': 0.5, 'shap_error': 0.0169888915203803, 'shap_norm_sq': 3.999999999999991, 'weighted_error': 1.0013638915203802, 'gamma': 1.0000000000000018}
{'sample_size': 500, 'difference': 2, 'noise': 0, 'n': 16, 'alpha': 0.6, 'shap_error': 0.03282592240688415, 'shap_norm_sq': 2.5599999999999956, 'weighted_error': 1.0037386044030594, 'gamma': 2.2500000000000027}
{'sample_size': 500, 'difference': 2, 'noise': 0, 'n': 16, 'alpha': 0.7, 'shap_error': 0.055440402312882955, 'shap_norm_sq': 1.4400000000000075, 'weighted_error': 1.0022109922615499, 'gamma': 5.444444444444414}
{'sample_size': 500, 'difference': 2, 'noise': 0, 'n': 16, 'alpha': 0.8, 'shap_error': 0.1566822392696405, 'shap_norm_sq': 0.640000000000003, 'weighted_error': 1.003689124329352, 'gamma': 15.999999999999927}
{'sample_size': 500, 'difference': 2, 'noise': 0, 'n': 16, 'alpha': 0.2, 'shap_error': 0.006384786537328632, 'shap_norm_sq': 10.239999999999993, 'weighted_error': 1.0045003345972552, 'gamma': 0.06250000000000003}
{'sample_size': 500, 'difference': 2, 'noise': 0, 'n': 16, 'alpha': 0.3, 'shap_error': 0.008603544712934818, 'shap_norm_sq': 7.84000000000001, 'weighted_error': 1.0034387434370886, 'gamma': 0.18367346938775472}
{'sample_size': 500, 'difference': 2, 'noise': 0, 'n': 16, 'alpha': 0.4, 'shap_error': 0.011466651894028118, 'shap_norm_sq': 5.760000000000002, 'weighted_error': 1.0013859042615625, 'gamma': 0.4444444444444443}
{'sample_size': 500, 'difference': 2, 'noise': 0, 'n': 16, 'alpha': 0.5, 'shap_error': 0.01730706779805471, 'shap_norm_sq': 3.999999999999991, 'weighted_error': 1.0016820677980542, 'gamma': 1.0000000000000018}
{'sample_size': 500, 'difference': 2, 'noise': 0, 'n': 16, 'alpha': 0.6, 'shap_error': 0.03136173467537012, 'shap_norm_sq': 2.5599999999999956, 'weighted_error': 1.0030878543001642, 'gamma': 2.2500000000000027}
{'sample_size': 500, 'difference': 2, 'noise': 0, 'n': 16, 'alpha': 0.7, 'shap_error': 0.06169508403185406, 'shap_norm_sq': 1.4400000000000075, 'weighted_error': 1.0033598113527895, 'gamma': 5.444444444444414}
{'sample_size': 500, 'difference': 2, 'noise': 0, 'n': 16, 'alpha': 0.8, 'shap_error': 0.1350459134683742, 'shap_norm_sq': 0.640000000000003, 'weighted_error': 1.002336853966773, 'gamma': 15.999999999999927}
{'sample_size': 500, 'difference': 2, 'noise': 0, 'n': 16, 'alpha': 0.2, 'shap_error': 0.006225067616503677, 'shap_norm_sq': 10.239999999999993, 'weighted_error': 1.001944831864056, 'gamma': 0.06250000000000003}
{'sample_size': 500, 'difference': 2, 'noise': 0, 'n': 16, 'alpha': 0.3, 'shap_error': 0.008427964457946267, 'shap_norm_sq': 7.84000000000001, 'weighted_error': 1.0024828064932627, 'gamma': 0.18367346938775472}
{'sample_size': 500, 'difference': 2, 'noise': 0, 'n': 16, 'alpha': 0.4, 'shap_error': 0.012308778806678838, 'shap_norm_sq': 5.760000000000002, 'weighted_error': 1.0032806898150268, 'gamma': 0.4444444444444443}
{'sample_size': 500, 'difference': 2, 'noise': 0, 'n': 16, 'alpha': 0.5, 'shap_error': 0.019031908873411094, 'shap_norm_sq': 3.999999999999991, 'weighted_error': 1.003406908873411, 'gamma': 1.0000000000000018}
{'sample_size': 500, 'difference': 2, 'noise': 0, 'n': 16, 'alpha': 0.6, 'shap_error': 0.03188168450802107, 'shap_norm_sq': 2.5599999999999956, 'weighted_error': 1.003318943114676, 'gamma': 2.2500000000000027}
{'sample_size': 500, 'difference': 2, 'noise': 0, 'n': 16, 'alpha': 0.7, 'shap_error': 0.060085875224399295, 'shap_norm_sq': 1.4400000000000075, 'weighted_error': 1.0030642423881548, 'gamma': 5.444444444444414}
{'sample_size': 500, 'difference': 2, 'noise': 0, 'n': 16, 'alpha': 0.8, 'shap_error': 0.15715552917330006, 'shap_norm_sq': 0.640000000000003, 'weighted_error': 1.0037187049483312, 'gamma': 15.999999999999927}
{'sample_size': 500, 'difference': 2, 'noise': 0, 'n': 16, 'alpha': 0.2, 'shap_error': 0.006247522838681058, 'shap_norm_sq': 10.239999999999993, 'weighted_error': 1.0023041154188936, 'gamma': 0.06250000000000003}
{'sample_size': 500, 'difference': 2, 'noise': 0, 'n': 16, 'alpha': 0.3, 'shap_error': 0.008399986274226463, 'shap_norm_sq': 7.84000000000001, 'weighted_error': 1.0023304808263431, 'gamma': 0.18367346938775472}
{'sample_size': 500, 'difference': 2, 'noise': 0, 'n': 16, 'alpha': 0.4, 'shap_error': 0.012226457335482256, 'shap_norm_sq': 5.760000000000002, 'weighted_error': 1.0030954665048337, 'gamma': 0.4444444444444443}
{'sample_size': 500, 'difference': 2, 'noise': 0, 'n': 16, 'alpha': 0.5, 'shap_error': 0.019470836205034925, 'shap_norm_sq': 3.999999999999991, 'weighted_error': 1.0038458362050346, 'gamma': 1.0000000000000018}
{'sample_size': 500, 'difference': 2, 'noise': 0, 'n': 16, 'alpha': 0.6, 'shap_error': 0.03130868726052026, 'shap_norm_sq': 2.5599999999999956, 'weighted_error': 1.003064277671342, 'gamma': 2.2500000000000027}
{'sample_size': 500, 'difference': 2, 'noise': 0, 'n': 16, 'alpha': 0.7, 'shap_error': 0.06264899416277092, 'shap_norm_sq': 1.4400000000000075, 'weighted_error': 1.0035350193360195, 'gamma': 5.444444444444414}
{'sample_size': 500, 'difference': 2, 'noise': 0, 'n': 16, 'alpha': 0.8, 'shap_error': 0.16377755757719387, 'shap_norm_sq': 0.640000000000003, 'weighted_error': 1.0041325817235747, 'gamma': 15.999999999999927}
{'sample_size': 500, 'difference': 2, 'noise': 0, 'n': 16, 'alpha': 0.2, 'shap_error': 0.006229705278329893, 'shap_norm_sq': 10.239999999999993, 'weighted_error': 1.0020190344532753, 'gamma': 0.06250000000000003}
{'sample_size': 500, 'difference': 2, 'noise': 0, 'n': 16, 'alpha': 0.3, 'shap_error': 0.008741408770284781, 'shap_norm_sq': 7.84000000000001, 'weighted_error': 1.0041893366382162, 'gamma': 0.18367346938775472}
{'sample_size': 500, 'difference': 2, 'noise': 0, 'n': 16, 'alpha': 0.4, 'shap_error': 0.01258002472208866, 'shap_norm_sq': 5.760000000000002, 'weighted_error': 1.0038909931246986, 'gamma': 0.4444444444444443}
{'sample_size': 500, 'difference': 2, 'noise': 0, 'n': 16, 'alpha': 0.5, 'shap_error': 0.02148724748887397, 'shap_norm_sq': 3.999999999999991, 'weighted_error': 1.0058622474888734, 'gamma': 1.0000000000000018}
{'sample_size': 500, 'difference': 2, 'noise': 0, 'n': 16, 'alpha': 0.6, 'shap_error': 0.03219891424513091, 'shap_norm_sq': 2.5599999999999956, 'weighted_error': 1.0034599341089472, 'gamma': 2.2500000000000027}
{'sample_size': 500, 'difference': 2, 'noise': 0, 'n': 16, 'alpha': 0.7, 'shap_error': 0.05687979416335251, 'shap_norm_sq': 1.4400000000000075, 'weighted_error': 1.0024753703565341, 'gamma': 5.444444444444414}
{'sample_size': 500, 'difference': 2, 'noise': 0, 'n': 16, 'alpha': 0.8, 'shap_error': 0.16182190315930414, 'shap_norm_sq': 0.640000000000003, 'weighted_error': 1.0040103533224563, 'gamma': 15.999999999999927}
{'sample_size': 500, 'difference': 2, 'noise': 0, 'n': 16, 'alpha': 0.2, 'shap_error': 0.006232872201362783, 'shap_norm_sq': 10.239999999999993, 'weighted_error': 1.0020697052218013, 'gamma': 0.06250000000000003}
{'sample_size': 500, 'difference': 2, 'noise': 0, 'n': 16, 'alpha': 0.3, 'shap_error': 0.008532520129663356, 'shap_norm_sq': 7.84000000000001, 'weighted_error': 1.003052054039278, 'gamma': 0.18367346938775472}
{'sample_size': 500, 'difference': 2, 'noise': 0, 'n': 16, 'alpha': 0.4, 'shap_error': 0.011566327516652796, 'shap_norm_sq': 5.760000000000002, 'weighted_error': 1.0016101744124684, 'gamma': 0.4444444444444443}
{'sample_size': 500, 'difference': 2, 'noise': 0, 'n': 16, 'alpha': 0.5, 'shap_error': 0.019349821581918704, 'shap_norm_sq': 3.999999999999991, 'weighted_error': 1.0037248215819183, 'gamma': 1.0000000000000018}
{'sample_size': 500, 'difference': 2, 'noise': 0, 'n': 16, 'alpha': 0.6, 'shap_error': 0.028008305146884658, 'shap_norm_sq': 2.5599999999999956, 'weighted_error': 1.001597441176393, 'gamma': 2.2500000000000027}
{'sample_size': 500, 'difference': 2, 'noise': 0, 'n': 16, 'alpha': 0.7, 'shap_error': 0.06507866704730071, 'shap_norm_sq': 1.4400000000000075, 'weighted_error': 1.003981285784198, 'gamma': 5.444444444444414}
{'sample_size': 500, 'difference': 2, 'noise': 0, 'n': 16, 'alpha': 0.8, 'shap_error': 0.16428816113525604, 'shap_norm_sq': 0.640000000000003, 'weighted_error': 1.0041644944459538, 'gamma': 15.999999999999927}
{'sample_size': 500, 'difference': 2, 'noise': 0, 'n': 16, 'alpha': 0.2, 'shap_error': 0.006474827402513821, 'shap_norm_sq': 10.239999999999993, 'weighted_error': 1.0059409884402177, 'gamma': 0.06250000000000003}
{'sample_size': 500, 'difference': 2, 'noise': 0, 'n': 16, 'alpha': 0.3, 'shap_error': 0.008403942866727387, 'shap_norm_sq': 7.84000000000001, 'weighted_error': 1.0023520222744031, 'gamma': 0.18367346938775472}
{'sample_size': 500, 'difference': 2, 'noise': 0, 'n': 16, 'alpha': 0.4, 'shap_error': 0.012249568238364669, 'shap_norm_sq': 5.760000000000002, 'weighted_error': 1.0031474660363195, 'gamma': 0.4444444444444443}
{'sample_size': 500, 'difference': 2, 'noise': 0, 'n': 16, 'alpha': 0.5, 'shap_error': 0.018041062188401943, 'shap_norm_sq': 3.999999999999991, 'weighted_error': 1.0024160621884017, 'gamma': 1.0000000000000018}
{'sample_size': 500, 'difference': 2, 'noise': 0, 'n': 16, 'alpha': 0.6, 'shap_error': 0.03121394030467916, 'shap_norm_sq': 2.5599999999999956, 'weighted_error': 1.0030221679131908, 'gamma': 2.2500000000000027}
{'sample_size': 500, 'difference': 2, 'noise': 0, 'n': 16, 'alpha': 0.7, 'shap_error': 0.08538218809469435, 'shap_norm_sq': 1.4400000000000075, 'weighted_error': 1.00771050393576, 'gamma': 5.444444444444414}
{'sample_size': 500, 'difference': 2, 'noise': 0, 'n': 16, 'alpha': 0.8, 'shap_error': 0.15215576510443124, 'shap_norm_sq': 0.640000000000003, 'weighted_error': 1.0034062196940268, 'gamma': 15.999999999999927}
{'sample_size': 500, 'difference': 2, 'noise': 0, 'n': 16, 'alpha': 0.2, 'shap_error': 0.006350764045707652, 'shap_norm_sq': 10.239999999999993, 'weighted_error': 1.0039559747313191, 'gamma': 0.06250000000000003}
{'sample_size': 500, 'difference': 2, 'noise': 0, 'n': 16, 'alpha': 0.3, 'shap_error': 0.00830403906545372, 'shap_norm_sq': 7.84000000000001, 'weighted_error': 1.0018081015785807, 'gamma': 0.18367346938775472}
{'sample_size': 500, 'difference': 2, 'noise': 0, 'n': 16, 'alpha': 0.4, 'shap_error': 0.012446982900405568, 'shap_norm_sq': 5.760000000000002, 'weighted_error': 1.0035916490259118, 'gamma': 0.4444444444444443}
{'sample_size': 500, 'difference': 2, 'noise': 0, 'n': 16, 'alpha': 0.5, 'shap_error': 0.019148291088870638, 'shap_norm_sq': 3.999999999999991, 'weighted_error': 1.0035232910888705, 'gamma': 1.0000000000000018}
{'sample_size': 500, 'difference': 2, 'noise': 0, 'n': 16, 'alpha': 0.6, 'shap_error': 0.028871359270530344, 'shap_norm_sq': 2.5599999999999956, 'weighted_error': 1.0019810207869022, 'gamma': 2.2500000000000027}
{'sample_size': 500, 'difference': 2, 'noise': 0, 'n': 16, 'alpha': 0.7, 'shap_error': 0.08324885374206213, 'shap_norm_sq': 1.4400000000000075, 'weighted_error': 1.007318667013848, 'gamma': 5.444444444444414}
{'sample_size': 500, 'difference': 2, 'noise': 0, 'n': 16, 'alpha': 0.8, 'shap_error': 0.1436353137601833, 'shap_norm_sq': 0.640000000000003, 'weighted_error': 1.0028736914850118, 'gamma': 15.999999999999927}
{'sample_size': 500, 'difference': 2, 'noise': 0, 'n': 16, 'alpha': 0.2, 'shap_error': 0.006220644588275064, 'shap_norm_sq': 10.239999999999993, 'weighted_error': 1.0018740634123977, 'gamma': 0.06250000000000003}
{'sample_size': 500, 'difference': 2, 'noise': 0, 'n': 16, 'alpha': 0.3, 'shap_error': 0.008529243588702851, 'shap_norm_sq': 7.84000000000001, 'weighted_error': 1.003034215094048, 'gamma': 0.18367346938775472}
{'sample_size': 500, 'difference': 2, 'noise': 0, 'n': 16, 'alpha': 0.4, 'shap_error': 0.01202414924768584, 'shap_norm_sq': 5.760000000000002, 'weighted_error': 1.0026402733072923, 'gamma': 0.4444444444444443}
{'sample_size': 500, 'difference': 2, 'noise': 0, 'n': 16, 'alpha': 0.5, 'shap_error': 0.018263683616607473, 'shap_norm_sq': 3.999999999999991, 'weighted_error': 1.0026386836166068, 'gamma': 1.0000000000000018}
{'sample_size': 500, 'difference': 2, 'noise': 0, 'n': 16, 'alpha': 0.6, 'shap_error': 0.032056871579185596, 'shap_norm_sq': 2.5599999999999956, 'weighted_error': 1.0033968040351937, 'gamma': 2.2500000000000027}
{'sample_size': 500, 'difference': 2, 'noise': 0, 'n': 16, 'alpha': 0.7, 'shap_error': 0.06639748560611972, 'shap_norm_sq': 1.4400000000000075, 'weighted_error': 1.0042235177643895, 'gamma': 5.444444444444414}
{'sample_size': 500, 'difference': 2, 'noise': 0, 'n': 16, 'alpha': 0.8, 'shap_error': 0.13415983736085846, 'shap_norm_sq': 0.640000000000003, 'weighted_error': 1.0022814742100536, 'gamma': 15.999999999999927}
{'sample_size': 500, 'difference': 2, 'noise': 0, 'n': 16, 'alpha': 0.2, 'shap_error': 0.006238099302944942, 'shap_norm_sq': 10.239999999999993, 'weighted_error': 1.002153338847116, 'gamma': 0.06250000000000003}
{'sample_size': 500, 'difference': 2, 'noise': 0, 'n': 16, 'alpha': 0.3, 'shap_error': 0.008313415715971098, 'shap_norm_sq': 7.84000000000001, 'weighted_error': 1.001859152231397, 'gamma': 0.18367346938775472}
{'sample_size': 500, 'difference': 2, 'noise': 0, 'n': 16, 'alpha': 0.4, 'shap_error': 0.011545988751271958, 'shap_norm_sq': 5.760000000000002, 'weighted_error': 1.0015644121903615, 'gamma': 0.4444444444444443}
{'sample_size': 500, 'difference': 2, 'noise': 0, 'n': 16, 'alpha': 0.5, 'shap_error': 0.019223472541005947, 'shap_norm_sq': 3.999999999999991, 'weighted_error': 1.0035984725410054, 'gamma': 1.0000000000000018}
{'sample_size': 500, 'difference': 2, 'noise': 0, 'n': 16, 'alpha': 0.6, 'shap_error': 0.030564607552831857, 'shap_norm_sq': 2.5599999999999956, 'weighted_error': 1.0027335755790363, 'gamma': 2.2500000000000027}
{'sample_size': 500, 'difference': 2, 'noise': 0, 'n': 16, 'alpha': 0.7, 'shap_error': 0.056959838251350564, 'shap_norm_sq': 1.4400000000000075, 'weighted_error': 1.0024900723318808, 'gamma': 5.444444444444414}
{'sample_size': 500, 'difference': 2, 'noise': 0, 'n': 16, 'alpha': 0.8, 'shap_error': 0.1576008990255772, 'shap_norm_sq': 0.640000000000003, 'weighted_error': 1.0037465405640984, 'gamma': 15.999999999999927}
{'sample_size': 500, 'difference': 2, 'noise': 0, 'n': 16, 'alpha': 0.2, 'shap_error': 0.006284657237846367, 'shap_norm_sq': 10.239999999999993, 'weighted_error': 1.002898265805539, 'gamma': 0.06250000000000003}
{'sample_size': 500, 'difference': 2, 'noise': 0, 'n': 16, 'alpha': 0.3, 'shap_error': 0.008454432233412162, 'shap_norm_sq': 7.84000000000001, 'weighted_error': 1.0026269088263544, 'gamma': 0.18367346938775472}
{'sample_size': 500, 'difference': 2, 'noise': 0, 'n': 16, 'alpha': 0.4, 'shap_error': 0.012519378533341967, 'shap_norm_sq': 5.760000000000002, 'weighted_error': 1.0037545392000187, 'gamma': 0.4444444444444443}
{'sample_size': 500, 'difference': 2, 'noise': 0, 'n': 16, 'alpha': 0.5, 'shap_error': 0.018241082982748638, 'shap_norm_sq': 3.999999999999991, 'weighted_error': 1.0026160829827482, 'gamma': 1.0000000000000018}
{'sample_size': 500, 'difference': 2, 'noise': 0, 'n': 16, 'alpha': 0.6, 'shap_error': 0.03405838892964555, 'shap_norm_sq': 2.5599999999999956, 'weighted_error': 1.0042863673020643, 'gamma': 2.2500000000000027}
{'sample_size': 500, 'difference': 2, 'noise': 0, 'n': 16, 'alpha': 0.7, 'shap_error': 0.057521786830669976, 'shap_norm_sq': 1.4400000000000075, 'weighted_error': 1.0025932873770618, 'gamma': 5.444444444444414}
{'sample_size': 500, 'difference': 2, 'noise': 0, 'n': 16, 'alpha': 0.8, 'shap_error': 0.19457948169370068, 'shap_norm_sq': 0.640000000000003, 'weighted_error': 1.0060577019808563, 'gamma': 15.999999999999927}
{'sample_size': 500, 'difference': 2, 'noise': 0, 'n': 16, 'alpha': 0.2, 'shap_error': 0.006229879281557441, 'shap_norm_sq': 10.239999999999993, 'weighted_error': 1.0020218185049161, 'gamma': 0.06250000000000003}
{'sample_size': 500, 'difference': 2, 'noise': 0, 'n': 16, 'alpha': 0.3, 'shap_error': 0.008472095935235995, 'shap_norm_sq': 7.84000000000001, 'weighted_error': 1.0027230778696172, 'gamma': 0.18367346938775472}
{'sample_size': 500, 'difference': 2, 'noise': 0, 'n': 16, 'alpha': 0.4, 'shap_error': 0.011917191953917052, 'shap_norm_sq': 5.760000000000002, 'weighted_error': 1.002399619396313, 'gamma': 0.4444444444444443}
{'sample_size': 500, 'difference': 2, 'noise': 0, 'n': 16, 'alpha': 0.5, 'shap_error': 0.0178824242632008, 'shap_norm_sq': 3.999999999999991, 'weighted_error': 1.0022574242632007, 'gamma': 1.0000000000000018}
{'sample_size': 500, 'difference': 2, 'noise': 0, 'n': 16, 'alpha': 0.6, 'shap_error': 0.03429751439571122, 'shap_norm_sq': 2.5599999999999956, 'weighted_error': 1.0043926452869825, 'gamma': 2.2500000000000027}
{'sample_size': 500, 'difference': 2, 'noise': 0, 'n': 16, 'alpha': 0.7, 'shap_error': 0.06025909793613351, 'shap_norm_sq': 1.4400000000000075, 'weighted_error': 1.0030960588045963, 'gamma': 5.444444444444414}
{'sample_size': 500, 'difference': 2, 'noise': 0, 'n': 16, 'alpha': 0.8, 'shap_error': 0.13209202723385935, 'shap_norm_sq': 0.640000000000003, 'weighted_error': 1.0021522360771165, 'gamma': 15.999999999999927}
{'sample_size': 500, 'difference': 2, 'noise': 0, 'n': 16, 'alpha': 0.2, 'shap_error': 0.0064785990095234626, 'shap_norm_sq': 10.239999999999993, 'weighted_error': 1.0060013341523724, 'gamma': 0.06250000000000003}
{'sample_size': 500, 'difference': 2, 'noise': 0, 'n': 16, 'alpha': 0.3, 'shap_error': 0.008157769583116327, 'shap_norm_sq': 7.84000000000001, 'weighted_error': 1.001011745508077, 'gamma': 0.18367346938775472}
{'sample_size': 500, 'difference': 2, 'noise': 0, 'n': 16, 'alpha': 0.4, 'shap_error': 0.011927726262609458, 'shap_norm_sq': 5.760000000000002, 'weighted_error': 1.0024233215908709, 'gamma': 0.4444444444444443}
{'sample_size': 500, 'difference': 2, 'noise': 0, 'n': 16, 'alpha': 0.5, 'shap_error': 0.01818487158402077, 'shap_norm_sq': 3.999999999999991, 'weighted_error': 1.0025598715840207, 'gamma': 1.0000000000000018}
{'sample_size': 500, 'difference': 2, 'noise': 0, 'n': 16, 'alpha': 0.6, 'shap_error': 0.033833254576776134, 'shap_norm_sq': 2.5599999999999956, 'weighted_error': 1.0041863075896782, 'gamma': 2.2500000000000027}
{'sample_size': 500, 'difference': 2, 'noise': 0, 'n': 16, 'alpha': 0.7, 'shap_error': 0.05291673160368242, 'shap_norm_sq': 1.4400000000000075, 'weighted_error': 1.0017474609067987, 'gamma': 5.444444444444414}
{'sample_size': 500, 'difference': 2, 'noise': 0, 'n': 16, 'alpha': 0.8, 'shap_error': 0.14674332288992276, 'shap_norm_sq': 0.640000000000003, 'weighted_error': 1.0030679420556199, 'gamma': 15.999999999999927}
{'sample_size': 500, 'difference': 2, 'noise': 0, 'n': 16, 'alpha': 0.2, 'shap_error': 0.006529281361405906, 'shap_norm_sq': 10.239999999999993, 'weighted_error': 1.006812251782491, 'gamma': 0.06250000000000003}
{'sample_size': 500, 'difference': 2, 'noise': 0, 'n': 16, 'alpha': 0.3, 'shap_error': 0.00834404669189361, 'shap_norm_sq': 7.84000000000001, 'weighted_error': 1.0020259208780868, 'gamma': 0.18367346938775472}
{'sample_size': 500, 'difference': 2, 'noise': 0, 'n': 16, 'alpha': 0.4, 'shap_error': 0.011897653356969363, 'shap_norm_sq': 5.760000000000002, 'weighted_error': 1.0023556575531805, 'gamma': 0.4444444444444443}
{'sample_size': 500, 'difference': 2, 'noise': 0, 'n': 16, 'alpha': 0.5, 'shap_error': 0.01778840246543079, 'shap_norm_sq': 3.999999999999991, 'weighted_error': 1.0021634024654307, 'gamma': 1.0000000000000018}
{'sample_size': 500, 'difference': 2, 'noise': 0, 'n': 16, 'alpha': 0.6, 'shap_error': 0.03508149969336015, 'shap_norm_sq': 2.5599999999999956, 'weighted_error': 1.004741083197049, 'gamma': 2.2500000000000027}
{'sample_size': 500, 'difference': 2, 'noise': 0, 'n': 16, 'alpha': 0.7, 'shap_error': 0.06915259469366096, 'shap_norm_sq': 1.4400000000000075, 'weighted_error': 1.0047295582090399, 'gamma': 5.444444444444414}
{'sample_size': 500, 'difference': 2, 'noise': 0, 'n': 16, 'alpha': 0.8, 'shap_error': 0.1602270578983881, 'shap_norm_sq': 0.640000000000003, 'weighted_error': 1.0039106754936489, 'gamma': 15.999999999999927}
{'sample_size': 500, 'difference': 2, 'noise': 0, 'n': 16, 'alpha': 0.2, 'shap_error': 0.006302108543457121, 'shap_norm_sq': 10.239999999999993, 'weighted_error': 1.003177486695311, 'gamma': 0.06250000000000003}
{'sample_size': 500, 'difference': 2, 'noise': 0, 'n': 16, 'alpha': 0.3, 'shap_error': 0.008530517150106312, 'shap_norm_sq': 7.84000000000001, 'weighted_error': 1.0030411489283557, 'gamma': 0.18367346938775472}
{'sample_size': 500, 'difference': 2, 'noise': 0, 'n': 16, 'alpha': 0.4, 'shap_error': 0.011924518192259446, 'shap_norm_sq': 5.760000000000002, 'weighted_error': 1.002416103432583, 'gamma': 0.4444444444444443}
{'sample_size': 500, 'difference': 2, 'noise': 0, 'n': 16, 'alpha': 0.5, 'shap_error': 0.018162478771529593, 'shap_norm_sq': 3.999999999999991, 'weighted_error': 1.0025374787715295, 'gamma': 1.0000000000000018}
{'sample_size': 500, 'difference': 2, 'noise': 0, 'n': 16, 'alpha': 0.6, 'shap_error': 0.03021782397938221, 'shap_norm_sq': 2.5599999999999956, 'weighted_error': 1.002579449546392, 'gamma': 2.2500000000000027}
{'sample_size': 500, 'difference': 2, 'noise': 0, 'n': 16, 'alpha': 0.7, 'shap_error': 0.05621372397692531, 'shap_norm_sq': 1.4400000000000075, 'weighted_error': 1.0023530309345376, 'gamma': 5.444444444444414}
{'sample_size': 500, 'difference': 2, 'noise': 0, 'n': 16, 'alpha': 0.8, 'shap_error': 0.18979574176012448, 'shap_norm_sq': 0.640000000000003, 'weighted_error': 1.0057587182350076, 'gamma': 15.999999999999927}
{'sample_size': 500, 'difference': 2, 'noise': 0, 'n': 16, 'alpha': 0.2, 'shap_error': 0.006407862932153957, 'shap_norm_sq': 10.239999999999993, 'weighted_error': 1.0048695569144597, 'gamma': 0.06250000000000003}
{'sample_size': 500, 'difference': 2, 'noise': 0, 'n': 16, 'alpha': 0.3, 'shap_error': 0.008559040655971482, 'shap_norm_sq': 7.84000000000001, 'weighted_error': 1.0031964435713991, 'gamma': 0.18367346938775472}
{'sample_size': 500, 'difference': 2, 'noise': 0, 'n': 16, 'alpha': 0.4, 'shap_error': 0.011738199558354673, 'shap_norm_sq': 5.760000000000002, 'weighted_error': 1.0019968865062974, 'gamma': 0.4444444444444443}
{'sample_size': 500, 'difference': 2, 'noise': 0, 'n': 16, 'alpha': 0.5, 'shap_error': 0.017868611108745696, 'shap_norm_sq': 3.999999999999991, 'weighted_error': 1.0022436111087452, 'gamma': 1.0000000000000018}
{'sample_size': 500, 'difference': 2, 'noise': 0, 'n': 16, 'alpha': 0.6, 'shap_error': 0.029881928088655148, 'shap_norm_sq': 2.5599999999999956, 'weighted_error': 1.0024301624838465, 'gamma': 2.2500000000000027}
{'sample_size': 500, 'difference': 2, 'noise': 0, 'n': 16, 'alpha': 0.7, 'shap_error': 0.0566838318897576, 'shap_norm_sq': 1.4400000000000075, 'weighted_error': 1.0024393772858742, 'gamma': 5.444444444444414}
{'sample_size': 500, 'difference': 2, 'noise': 0, 'n': 16, 'alpha': 0.8, 'shap_error': 0.15317161158841755, 'shap_norm_sq': 0.640000000000003, 'weighted_error': 1.0034697100992758, 'gamma': 15.999999999999927}
{'sample_size': 500, 'difference': 2, 'noise': 0, 'n': 16, 'alpha': 0.2, 'shap_error': 0.006253547983651125, 'shap_norm_sq': 10.239999999999993, 'weighted_error': 1.0024005177384152, 'gamma': 0.06250000000000003}
{'sample_size': 500, 'difference': 2, 'noise': 0, 'n': 16, 'alpha': 0.3, 'shap_error': 0.008531329610679301, 'shap_norm_sq': 7.84000000000001, 'weighted_error': 1.0030455723248088, 'gamma': 0.18367346938775472}
{'sample_size': 500, 'difference': 2, 'noise': 0, 'n': 16, 'alpha': 0.4, 'shap_error': 0.0127295164385203, 'shap_norm_sq': 5.760000000000002, 'weighted_error': 1.00422734948667, 'gamma': 0.4444444444444443}
{'sample_size': 500, 'difference': 2, 'noise': 0, 'n': 16, 'alpha': 0.5, 'shap_error': 0.018501659809130166, 'shap_norm_sq': 3.999999999999991, 'weighted_error': 1.0028766598091299, 'gamma': 1.0000000000000018}
{'sample_size': 500, 'difference': 2, 'noise': 0, 'n': 16, 'alpha': 0.6, 'shap_error': 0.03626243408691854, 'shap_norm_sq': 2.5599999999999956, 'weighted_error': 1.0052659429275193, 'gamma': 2.2500000000000027}
{'sample_size': 500, 'difference': 2, 'noise': 0, 'n': 16, 'alpha': 0.7, 'shap_error': 0.07618703143704261, 'shap_norm_sq': 1.4400000000000075, 'weighted_error': 1.0060215976108857, 'gamma': 5.444444444444414}
{'sample_size': 500, 'difference': 2, 'noise': 0, 'n': 16, 'alpha': 0.8, 'shap_error': 0.17126099777289533, 'shap_norm_sq': 0.640000000000003, 'weighted_error': 1.0046002967358056, 'gamma': 15.999999999999927}
