{'sample_size': 500, 'difference': 0, 'noise': 0, 'n': 12, 'alpha': 0.2, 'shap_error': 0.011304098889921767, 'shap_norm_sq': 7.680000000000017, 'weighted_error': 1.0072544711276368, 'gamma': 0.06249999999999987}
{'sample_size': 500, 'difference': 0, 'noise': 0, 'n': 12, 'alpha': 0.3, 'shap_error': 0.01855962755535211, 'shap_norm_sq': 5.880000000000017, 'weighted_error': 1.0238863673075342, 'gamma': 0.1836734693877546}
{'sample_size': 500, 'difference': 0, 'noise': 0, 'n': 12, 'alpha': 0.4, 'shap_error': 0.030254788528266876, 'shap_norm_sq': 4.319999999999995, 'weighted_error': 1.0246704964108222, 'gamma': 0.4444444444444451}
{'sample_size': 500, 'difference': 0, 'noise': 0, 'n': 12, 'alpha': 0.5, 'shap_error': 0.03208476750731093, 'shap_norm_sq': 3.000000000000004, 'weighted_error': 1.004306989729533, 'gamma': 0.9999999999999984}
{'sample_size': 500, 'difference': 0, 'noise': 0, 'n': 12, 'alpha': 0.6, 'shap_error': 0.05467606149734672, 'shap_norm_sq': 1.920000000000003, 'weighted_error': 1.0050103483198087, 'gamma': 2.249999999999996}
{'sample_size': 500, 'difference': 0, 'noise': 0, 'n': 12, 'alpha': 0.7, 'shap_error': 0.10073156392327837, 'shap_norm_sq': 1.0800000000000078, 'weighted_error': 1.0043293802217366, 'gamma': 5.444444444444405}
{'sample_size': 500, 'difference': 0, 'noise': 0, 'n': 12, 'alpha': 0.8, 'shap_error': 0.2167548506754543, 'shap_norm_sq': 0.4800000000000006, 'weighted_error': 1.0026964837227714, 'gamma': 15.99999999999999}
{'sample_size': 500, 'difference': 0, 'noise': 0, 'n': 12, 'alpha': 0.2, 'shap_error': 0.011338890555745622, 'shap_norm_sq': 7.680000000000017, 'weighted_error': 1.0078111377808172, 'gamma': 0.06249999999999987}
{'sample_size': 500, 'difference': 0, 'noise': 0, 'n': 12, 'alpha': 0.3, 'shap_error': 0.022627858994053316, 'shap_norm_sq': 5.880000000000017, 'weighted_error': 1.0460356273626839, 'gamma': 0.1836734693877546}
{'sample_size': 500, 'difference': 0, 'noise': 0, 'n': 12, 'alpha': 0.4, 'shap_error': 0.0211115951604097, 'shap_norm_sq': 4.319999999999995, 'weighted_error': 1.0040983113331439, 'gamma': 0.4444444444444451}
{'sample_size': 500, 'difference': 0, 'noise': 0, 'n': 12, 'alpha': 0.5, 'shap_error': 0.036832562791561066, 'shap_norm_sq': 3.000000000000004, 'weighted_error': 1.009054785013783, 'gamma': 0.9999999999999984}
{'sample_size': 500, 'difference': 0, 'noise': 0, 'n': 12, 'alpha': 0.6, 'shap_error': 0.10885347376484235, 'shap_norm_sq': 1.920000000000003, 'weighted_error': 1.0290891982164736, 'gamma': 2.249999999999996}
{'sample_size': 500, 'difference': 0, 'noise': 0, 'n': 12, 'alpha': 0.7, 'shap_error': 0.11295777173249139, 'shap_norm_sq': 1.0800000000000078, 'weighted_error': 1.0065750102275102, 'gamma': 5.444444444444405}
{'sample_size': 500, 'difference': 0, 'noise': 0, 'n': 12, 'alpha': 0.8, 'shap_error': 0.3408466107315529, 'shap_norm_sq': 0.4800000000000006, 'weighted_error': 1.0104522187262777, 'gamma': 15.99999999999999}
{'sample_size': 500, 'difference': 0, 'noise': 0, 'n': 12, 'alpha': 0.2, 'shap_error': 0.011184406739520059, 'shap_norm_sq': 7.680000000000017, 'weighted_error': 1.0053393967212076, 'gamma': 0.06249999999999987}
{'sample_size': 500, 'difference': 0, 'noise': 0, 'n': 12, 'alpha': 0.3, 'shap_error': 0.016736177086585428, 'shap_norm_sq': 5.880000000000017, 'weighted_error': 1.0139586925331372, 'gamma': 0.1836734693877546}
{'sample_size': 500, 'difference': 0, 'noise': 0, 'n': 12, 'alpha': 0.4, 'shap_error': 0.0253595403809026, 'shap_norm_sq': 4.319999999999995, 'weighted_error': 1.0136561880792527, 'gamma': 0.4444444444444451}
{'sample_size': 500, 'difference': 0, 'noise': 0, 'n': 12, 'alpha': 0.5, 'shap_error': 0.04424315838072852, 'shap_norm_sq': 3.000000000000004, 'weighted_error': 1.0164653806029507, 'gamma': 0.9999999999999984}
{'sample_size': 500, 'difference': 0, 'noise': 0, 'n': 12, 'alpha': 0.6, 'shap_error': 0.06883202274582652, 'shap_norm_sq': 1.920000000000003, 'weighted_error': 1.0113018866524663, 'gamma': 2.249999999999996}
{'sample_size': 500, 'difference': 0, 'noise': 0, 'n': 12, 'alpha': 0.7, 'shap_error': 0.14346317962847666, 'shap_norm_sq': 1.0800000000000078, 'weighted_error': 1.0121780443308546, 'gamma': 5.444444444444405}
{'sample_size': 500, 'difference': 0, 'noise': 0, 'n': 12, 'alpha': 0.8, 'shap_error': 0.211426382294108, 'shap_norm_sq': 0.4800000000000006, 'weighted_error': 1.0023634544489373, 'gamma': 15.99999999999999}
{'sample_size': 500, 'difference': 0, 'noise': 0, 'n': 12, 'alpha': 0.2, 'shap_error': 0.011110189595568086, 'shap_norm_sq': 7.680000000000017, 'weighted_error': 1.0041519224179767, 'gamma': 0.06249999999999987}
{'sample_size': 500, 'difference': 0, 'noise': 0, 'n': 12, 'alpha': 0.3, 'shap_error': 0.016401966386285455, 'shap_norm_sq': 5.880000000000017, 'weighted_error': 1.012139100942615, 'gamma': 0.1836734693877546}
{'sample_size': 500, 'difference': 0, 'noise': 0, 'n': 12, 'alpha': 0.4, 'shap_error': 0.03172466427019398, 'shap_norm_sq': 4.319999999999995, 'weighted_error': 1.0279777168301585, 'gamma': 0.4444444444444451}
{'sample_size': 500, 'difference': 0, 'noise': 0, 'n': 12, 'alpha': 0.5, 'shap_error': 0.03099351189006086, 'shap_norm_sq': 3.000000000000004, 'weighted_error': 1.0032157341122832, 'gamma': 0.9999999999999984}
{'sample_size': 500, 'difference': 0, 'noise': 0, 'n': 12, 'alpha': 0.6, 'shap_error': 0.07216116061053188, 'shap_norm_sq': 1.920000000000003, 'weighted_error': 1.0127815034812238, 'gamma': 2.249999999999996}
{'sample_size': 500, 'difference': 0, 'noise': 0, 'n': 12, 'alpha': 0.7, 'shap_error': 0.12444329008607008, 'shap_norm_sq': 1.0800000000000078, 'weighted_error': 1.0086845952312289, 'gamma': 5.444444444444405}
{'sample_size': 500, 'difference': 0, 'noise': 0, 'n': 12, 'alpha': 0.8, 'shap_error': 0.278481638280001, 'shap_norm_sq': 0.4800000000000006, 'weighted_error': 1.006554407948055, 'gamma': 15.99999999999999}
{'sample_size': 500, 'difference': 0, 'noise': 0, 'n': 12, 'alpha': 0.2, 'shap_error': 0.011898664393920393, 'shap_norm_sq': 7.680000000000017, 'weighted_error': 1.0167675191916132, 'gamma': 0.06249999999999987}
{'sample_size': 500, 'difference': 0, 'noise': 0, 'n': 12, 'alpha': 0.3, 'shap_error': 0.01657135222215265, 'shap_norm_sq': 5.880000000000017, 'weighted_error': 1.013061312715671, 'gamma': 0.1836734693877546}
{'sample_size': 500, 'difference': 0, 'noise': 0, 'n': 12, 'alpha': 0.4, 'shap_error': 0.033466114873145776, 'shap_norm_sq': 4.319999999999995, 'weighted_error': 1.0318959806867998, 'gamma': 0.4444444444444451}
{'sample_size': 500, 'difference': 0, 'noise': 0, 'n': 12, 'alpha': 0.5, 'shap_error': 0.041790676200829484, 'shap_norm_sq': 3.000000000000004, 'weighted_error': 1.014012898423052, 'gamma': 0.9999999999999984}
{'sample_size': 500, 'difference': 0, 'noise': 0, 'n': 12, 'alpha': 0.6, 'shap_error': 0.06713349645098397, 'shap_norm_sq': 1.920000000000003, 'weighted_error': 1.0105469860769805, 'gamma': 2.249999999999996}
{'sample_size': 500, 'difference': 0, 'noise': 0, 'n': 12, 'alpha': 0.7, 'shap_error': 0.10481810822493336, 'shap_norm_sq': 1.0800000000000078, 'weighted_error': 1.0050799699914277, 'gamma': 5.444444444444405}
{'sample_size': 500, 'difference': 0, 'noise': 0, 'n': 12, 'alpha': 0.8, 'shap_error': 0.2881465304512249, 'shap_norm_sq': 0.4800000000000006, 'weighted_error': 1.007158463708757, 'gamma': 15.99999999999999}
{'sample_size': 500, 'difference': 0, 'noise': 0, 'n': 12, 'alpha': 0.2, 'shap_error': 0.011857867251954979, 'shap_norm_sq': 7.680000000000017, 'weighted_error': 1.0161147649201667, 'gamma': 0.06249999999999987}
{'sample_size': 500, 'difference': 0, 'noise': 0, 'n': 12, 'alpha': 0.3, 'shap_error': 0.01841131575320041, 'shap_norm_sq': 5.880000000000017, 'weighted_error': 1.0230788919402638, 'gamma': 0.1836734693877546}
{'sample_size': 500, 'difference': 0, 'noise': 0, 'n': 12, 'alpha': 0.4, 'shap_error': 0.021109228774830572, 'shap_norm_sq': 4.319999999999995, 'weighted_error': 1.0040929869655908, 'gamma': 0.4444444444444451}
{'sample_size': 500, 'difference': 0, 'noise': 0, 'n': 12, 'alpha': 0.5, 'shap_error': 0.034727405980483246, 'shap_norm_sq': 3.000000000000004, 'weighted_error': 1.006949628202705, 'gamma': 0.9999999999999984}
{'sample_size': 500, 'difference': 0, 'noise': 0, 'n': 12, 'alpha': 0.6, 'shap_error': 0.0646532944785492, 'shap_norm_sq': 1.920000000000003, 'weighted_error': 1.0094446740892318, 'gamma': 2.249999999999996}
{'sample_size': 500, 'difference': 0, 'noise': 0, 'n': 12, 'alpha': 0.7, 'shap_error': 0.27822971939784624, 'shap_norm_sq': 1.0800000000000078, 'weighted_error': 1.0369310822476778, 'gamma': 5.444444444444405}
{'sample_size': 500, 'difference': 0, 'noise': 0, 'n': 12, 'alpha': 0.8, 'shap_error': 0.724977717104865, 'shap_norm_sq': 0.4800000000000006, 'weighted_error': 1.034460412874609, 'gamma': 15.99999999999999}
{'sample_size': 500, 'difference': 0, 'noise': 0, 'n': 12, 'alpha': 0.2, 'shap_error': 0.011565447586275764, 'shap_norm_sq': 7.680000000000017, 'weighted_error': 1.0114360502692996, 'gamma': 0.06249999999999987}
{'sample_size': 500, 'difference': 0, 'noise': 0, 'n': 12, 'alpha': 0.3, 'shap_error': 0.015627441417025656, 'shap_norm_sq': 5.880000000000017, 'weighted_error': 1.0079222427766448, 'gamma': 0.1836734693877546}
{'sample_size': 500, 'difference': 0, 'noise': 0, 'n': 12, 'alpha': 0.4, 'shap_error': 0.02256047308481203, 'shap_norm_sq': 4.319999999999995, 'weighted_error': 1.0073582866630486, 'gamma': 0.4444444444444451}
{'sample_size': 500, 'difference': 0, 'noise': 0, 'n': 12, 'alpha': 0.5, 'shap_error': 0.036307437247677724, 'shap_norm_sq': 3.000000000000004, 'weighted_error': 1.0085296594699003, 'gamma': 0.9999999999999984}
{'sample_size': 500, 'difference': 0, 'noise': 0, 'n': 12, 'alpha': 0.6, 'shap_error': 0.10403704494140491, 'shap_norm_sq': 1.920000000000003, 'weighted_error': 1.0269485631838342, 'gamma': 2.249999999999996}
{'sample_size': 500, 'difference': 0, 'noise': 0, 'n': 12, 'alpha': 0.7, 'shap_error': 0.12726034345122933, 'shap_norm_sq': 1.0800000000000078, 'weighted_error': 1.009202013196258, 'gamma': 5.444444444444405}
{'sample_size': 500, 'difference': 0, 'noise': 0, 'n': 12, 'alpha': 0.8, 'shap_error': 0.25292787354716195, 'shap_norm_sq': 0.4800000000000006, 'weighted_error': 1.0049572976522527, 'gamma': 15.99999999999999}
{'sample_size': 500, 'difference': 0, 'noise': 0, 'n': 12, 'alpha': 0.2, 'shap_error': 0.012968492465453108, 'shap_norm_sq': 7.680000000000017, 'weighted_error': 1.0338847683361359, 'gamma': 0.06249999999999987}
{'sample_size': 500, 'difference': 0, 'noise': 0, 'n': 12, 'alpha': 0.3, 'shap_error': 0.017064341132881945, 'shap_norm_sq': 5.880000000000017, 'weighted_error': 1.0157453634518632, 'gamma': 0.1836734693877546}
{'sample_size': 500, 'difference': 0, 'noise': 0, 'n': 12, 'alpha': 0.4, 'shap_error': 0.021332816906117862, 'shap_norm_sq': 4.319999999999995, 'weighted_error': 1.004596060260987, 'gamma': 0.4444444444444451}
{'sample_size': 500, 'difference': 0, 'noise': 0, 'n': 12, 'alpha': 0.5, 'shap_error': 0.042539376096317, 'shap_norm_sq': 3.000000000000004, 'weighted_error': 1.0147615983185392, 'gamma': 0.9999999999999984}
{'sample_size': 500, 'difference': 0, 'noise': 0, 'n': 12, 'alpha': 0.6, 'shap_error': 0.06756251431906943, 'shap_norm_sq': 1.920000000000003, 'weighted_error': 1.0107376606850182, 'gamma': 2.249999999999996}
{'sample_size': 500, 'difference': 0, 'noise': 0, 'n': 12, 'alpha': 0.7, 'shap_error': 0.2020363897120592, 'shap_norm_sq': 1.0800000000000078, 'weighted_error': 1.0229363890400835, 'gamma': 5.444444444444405}
{'sample_size': 500, 'difference': 0, 'noise': 0, 'n': 12, 'alpha': 0.8, 'shap_error': 0.3226184509898203, 'shap_norm_sq': 0.4800000000000006, 'weighted_error': 1.0093129587424194, 'gamma': 15.99999999999999}
{'sample_size': 500, 'difference': 0, 'noise': 0, 'n': 12, 'alpha': 0.2, 'shap_error': 0.012441573665672672, 'shap_norm_sq': 7.680000000000017, 'weighted_error': 1.0254540675396502, 'gamma': 0.06249999999999987}
{'sample_size': 500, 'difference': 0, 'noise': 0, 'n': 12, 'alpha': 0.3, 'shap_error': 0.015773692737465893, 'shap_norm_sq': 5.880000000000017, 'weighted_error': 1.0087184999657082, 'gamma': 0.1836734693877546}
{'sample_size': 500, 'difference': 0, 'noise': 0, 'n': 12, 'alpha': 0.4, 'shap_error': 0.021583966627333293, 'shap_norm_sq': 4.319999999999995, 'weighted_error': 1.0051611471337216, 'gamma': 0.4444444444444451}
{'sample_size': 500, 'difference': 0, 'noise': 0, 'n': 12, 'alpha': 0.5, 'shap_error': 0.029267680251172015, 'shap_norm_sq': 3.000000000000004, 'weighted_error': 1.0014899024733936, 'gamma': 0.9999999999999984}
{'sample_size': 500, 'difference': 0, 'noise': 0, 'n': 12, 'alpha': 0.6, 'shap_error': 0.05465616259082475, 'shap_norm_sq': 1.920000000000003, 'weighted_error': 1.0050015043613547, 'gamma': 2.249999999999996}
{'sample_size': 500, 'difference': 0, 'noise': 0, 'n': 12, 'alpha': 0.7, 'shap_error': 0.10158430404945416, 'shap_norm_sq': 1.0800000000000078, 'weighted_error': 1.0044860059591967, 'gamma': 5.444444444444405}
{'sample_size': 500, 'difference': 0, 'noise': 0, 'n': 12, 'alpha': 0.8, 'shap_error': 0.20816301056810044, 'shap_norm_sq': 0.4800000000000006, 'weighted_error': 1.0021594937160618, 'gamma': 15.99999999999999}
{'sample_size': 500, 'difference': 0, 'noise': 0, 'n': 12, 'alpha': 0.2, 'shap_error': 0.012775109987069374, 'shap_norm_sq': 7.680000000000017, 'weighted_error': 1.0307906486819973, 'gamma': 0.06249999999999987}
{'sample_size': 500, 'difference': 0, 'noise': 0, 'n': 12, 'alpha': 0.3, 'shap_error': 0.015425394694786966, 'shap_norm_sq': 5.880000000000017, 'weighted_error': 1.0068222106222344, 'gamma': 0.1836734693877546}
{'sample_size': 500, 'difference': 0, 'noise': 0, 'n': 12, 'alpha': 0.4, 'shap_error': 0.020461511546076897, 'shap_norm_sq': 4.319999999999995, 'weighted_error': 1.0026356232008946, 'gamma': 0.4444444444444451}
{'sample_size': 500, 'difference': 0, 'noise': 0, 'n': 12, 'alpha': 0.5, 'shap_error': 0.03236287358921133, 'shap_norm_sq': 3.000000000000004, 'weighted_error': 1.0045850958114333, 'gamma': 0.9999999999999984}
{'sample_size': 500, 'difference': 0, 'noise': 0, 'n': 12, 'alpha': 0.6, 'shap_error': 0.1048732568488247, 'shap_norm_sq': 1.920000000000003, 'weighted_error': 1.027320212920465, 'gamma': 2.249999999999996}
{'sample_size': 500, 'difference': 0, 'noise': 0, 'n': 12, 'alpha': 0.7, 'shap_error': 0.12033231101971724, 'shap_norm_sq': 1.0800000000000078, 'weighted_error': 1.0079295174435308, 'gamma': 5.444444444444405}
{'sample_size': 500, 'difference': 0, 'noise': 0, 'n': 12, 'alpha': 0.8, 'shap_error': 0.36567262379828397, 'shap_norm_sq': 0.4800000000000006, 'weighted_error': 1.0120038445429482, 'gamma': 15.99999999999999}
{'sample_size': 500, 'difference': 0, 'noise': 0, 'n': 12, 'alpha': 0.2, 'shap_error': 0.012311079594568826, 'shap_norm_sq': 7.680000000000017, 'weighted_error': 1.0233661624019892, 'gamma': 0.06249999999999987}
{'sample_size': 500, 'difference': 0, 'noise': 0, 'n': 12, 'alpha': 0.3, 'shap_error': 0.017231784853706508, 'shap_norm_sq': 5.880000000000017, 'weighted_error': 1.0166570014874627, 'gamma': 0.1836734693877546}
{'sample_size': 500, 'difference': 0, 'noise': 0, 'n': 12, 'alpha': 0.4, 'shap_error': 0.023871547276426836, 'shap_norm_sq': 4.319999999999995, 'weighted_error': 1.010308203594182, 'gamma': 0.4444444444444451}
{'sample_size': 500, 'difference': 0, 'noise': 0, 'n': 12, 'alpha': 0.5, 'shap_error': 0.05641440614272242, 'shap_norm_sq': 3.000000000000004, 'weighted_error': 1.028636628364944, 'gamma': 0.9999999999999984}
{'sample_size': 500, 'difference': 0, 'noise': 0, 'n': 12, 'alpha': 0.6, 'shap_error': 0.051444532883181376, 'shap_norm_sq': 1.920000000000003, 'weighted_error': 1.0035741133801792, 'gamma': 2.249999999999996}
{'sample_size': 500, 'difference': 0, 'noise': 0, 'n': 12, 'alpha': 0.7, 'shap_error': 0.11171792154215071, 'shap_norm_sq': 1.0800000000000078, 'weighted_error': 1.0063472826415285, 'gamma': 5.444444444444405}
{'sample_size': 500, 'difference': 0, 'noise': 0, 'n': 12, 'alpha': 0.8, 'shap_error': 0.3746213163872843, 'shap_norm_sq': 0.4800000000000006, 'weighted_error': 1.0125631378297608, 'gamma': 15.99999999999999}
{'sample_size': 500, 'difference': 0, 'noise': 0, 'n': 12, 'alpha': 0.2, 'shap_error': 0.011699489863946875, 'shap_norm_sq': 7.680000000000017, 'weighted_error': 1.0135807267120376, 'gamma': 0.06249999999999987}
{'sample_size': 500, 'difference': 0, 'noise': 0, 'n': 12, 'alpha': 0.3, 'shap_error': 0.015939004990612373, 'shap_norm_sq': 5.880000000000017, 'weighted_error': 1.0096185333439516, 'gamma': 0.1836734693877546}
{'sample_size': 500, 'difference': 0, 'noise': 0, 'n': 12, 'alpha': 0.4, 'shap_error': 0.022345071683277814, 'shap_norm_sq': 4.319999999999995, 'weighted_error': 1.0068736335095962, 'gamma': 0.4444444444444451}
{'sample_size': 500, 'difference': 0, 'noise': 0, 'n': 12, 'alpha': 0.5, 'shap_error': 0.039760500939509946, 'shap_norm_sq': 3.000000000000004, 'weighted_error': 1.0119827231617324, 'gamma': 0.9999999999999984}
{'sample_size': 500, 'difference': 0, 'noise': 0, 'n': 12, 'alpha': 0.6, 'shap_error': 0.05548652912530966, 'shap_norm_sq': 1.920000000000003, 'weighted_error': 1.0053705561544586, 'gamma': 2.249999999999996}
{'sample_size': 500, 'difference': 0, 'noise': 0, 'n': 12, 'alpha': 0.7, 'shap_error': 0.13789537434156351, 'shap_norm_sq': 1.0800000000000078, 'weighted_error': 1.0111553862169318, 'gamma': 5.444444444444405}
{'sample_size': 500, 'difference': 0, 'noise': 0, 'n': 12, 'alpha': 0.8, 'shap_error': 0.2530755345653943, 'shap_norm_sq': 0.4800000000000006, 'weighted_error': 1.004966526465892, 'gamma': 15.99999999999999}
{'sample_size': 500, 'difference': 0, 'noise': 0, 'n': 12, 'alpha': 0.2, 'shap_error': 0.011918828729378972, 'shap_norm_sq': 7.680000000000017, 'weighted_error': 1.0170901485589507, 'gamma': 0.06249999999999987}
{'sample_size': 500, 'difference': 0, 'noise': 0, 'n': 12, 'alpha': 0.3, 'shap_error': 0.015362153826650422, 'shap_norm_sq': 5.880000000000017, 'weighted_error': 1.006477899229047, 'gamma': 0.1836734693877546}
{'sample_size': 500, 'difference': 0, 'noise': 0, 'n': 12, 'alpha': 0.4, 'shap_error': 0.025455557529200715, 'shap_norm_sq': 4.319999999999995, 'weighted_error': 1.0138722266629225, 'gamma': 0.4444444444444451}
{'sample_size': 500, 'difference': 0, 'noise': 0, 'n': 12, 'alpha': 0.5, 'shap_error': 0.031090751900062028, 'shap_norm_sq': 3.000000000000004, 'weighted_error': 1.0033129741222837, 'gamma': 0.9999999999999984}
{'sample_size': 500, 'difference': 0, 'noise': 0, 'n': 12, 'alpha': 0.6, 'shap_error': 0.04986111831773459, 'shap_norm_sq': 1.920000000000003, 'weighted_error': 1.0028703735733138, 'gamma': 2.249999999999996}
{'sample_size': 500, 'difference': 0, 'noise': 0, 'n': 12, 'alpha': 0.7, 'shap_error': 0.10371404498605355, 'shap_norm_sq': 1.0800000000000078, 'weighted_error': 1.0048771828659195, 'gamma': 5.444444444444405}
{'sample_size': 500, 'difference': 0, 'noise': 0, 'n': 12, 'alpha': 0.8, 'shap_error': 0.36816782180263585, 'shap_norm_sq': 0.4800000000000006, 'weighted_error': 1.0121597944182203, 'gamma': 15.99999999999999}
{'sample_size': 500, 'difference': 0, 'noise': 0, 'n': 12, 'alpha': 0.2, 'shap_error': 0.012397498306369508, 'shap_norm_sq': 7.680000000000017, 'weighted_error': 1.0247488617907985, 'gamma': 0.06249999999999987}
{'sample_size': 500, 'difference': 0, 'noise': 0, 'n': 12, 'alpha': 0.3, 'shap_error': 0.018896107306159527, 'shap_norm_sq': 5.880000000000017, 'weighted_error': 1.0257183126174854, 'gamma': 0.1836734693877546}
{'sample_size': 500, 'difference': 0, 'noise': 0, 'n': 12, 'alpha': 0.4, 'shap_error': 0.0328229488885881, 'shap_norm_sq': 4.319999999999995, 'weighted_error': 1.030448857221545, 'gamma': 0.4444444444444451}
{'sample_size': 500, 'difference': 0, 'noise': 0, 'n': 12, 'alpha': 0.5, 'shap_error': 0.04910849226592292, 'shap_norm_sq': 3.000000000000004, 'weighted_error': 1.0213307144881454, 'gamma': 0.9999999999999984}
{'sample_size': 500, 'difference': 0, 'noise': 0, 'n': 12, 'alpha': 0.6, 'shap_error': 0.06914424504815361, 'shap_norm_sq': 1.920000000000003, 'weighted_error': 1.0114406521201673, 'gamma': 2.249999999999996}
{'sample_size': 500, 'difference': 0, 'noise': 0, 'n': 12, 'alpha': 0.7, 'shap_error': 0.19709944043811115, 'shap_norm_sq': 1.0800000000000078, 'weighted_error': 1.0220296024387463, 'gamma': 5.444444444444405}
{'sample_size': 500, 'difference': 0, 'noise': 0, 'n': 12, 'alpha': 0.8, 'shap_error': 0.2520048422427746, 'shap_norm_sq': 0.4800000000000006, 'weighted_error': 1.0048996081957287, 'gamma': 15.99999999999999}
{'sample_size': 500, 'difference': 0, 'noise': 0, 'n': 12, 'alpha': 0.2, 'shap_error': 0.011361549591190349, 'shap_norm_sq': 7.680000000000017, 'weighted_error': 1.008173682347934, 'gamma': 0.06249999999999987}
{'sample_size': 500, 'difference': 0, 'noise': 0, 'n': 12, 'alpha': 0.3, 'shap_error': 0.016363542563421377, 'shap_norm_sq': 5.880000000000017, 'weighted_error': 1.0119299045736891, 'gamma': 0.1836734693877546}
{'sample_size': 500, 'difference': 0, 'noise': 0, 'n': 12, 'alpha': 0.4, 'shap_error': 0.022081244206696958, 'shap_norm_sq': 4.319999999999995, 'weighted_error': 1.0062800216872896, 'gamma': 0.4444444444444451}
{'sample_size': 500, 'difference': 0, 'noise': 0, 'n': 12, 'alpha': 0.5, 'shap_error': 0.0350726435412419, 'shap_norm_sq': 3.000000000000004, 'weighted_error': 1.007294865763464, 'gamma': 0.9999999999999984}
{'sample_size': 500, 'difference': 0, 'noise': 0, 'n': 12, 'alpha': 0.6, 'shap_error': 0.06439032664417721, 'shap_norm_sq': 1.920000000000003, 'weighted_error': 1.0093277994961776, 'gamma': 2.249999999999996}
{'sample_size': 500, 'difference': 0, 'noise': 0, 'n': 12, 'alpha': 0.7, 'shap_error': 0.24763912434941535, 'shap_norm_sq': 1.0800000000000078, 'weighted_error': 1.0313124015244963, 'gamma': 5.444444444444405}
{'sample_size': 500, 'difference': 0, 'noise': 0, 'n': 12, 'alpha': 0.8, 'shap_error': 0.27646910995196716, 'shap_norm_sq': 0.4800000000000006, 'weighted_error': 1.0064286249275534, 'gamma': 15.99999999999999}
{'sample_size': 500, 'difference': 0, 'noise': 0, 'n': 12, 'alpha': 0.2, 'shap_error': 0.011349422127126117, 'shap_norm_sq': 7.680000000000017, 'weighted_error': 1.007979642922905, 'gamma': 0.06249999999999987}
{'sample_size': 500, 'difference': 0, 'noise': 0, 'n': 12, 'alpha': 0.3, 'shap_error': 0.017224193499015633, 'shap_norm_sq': 5.880000000000017, 'weighted_error': 1.0166156707785907, 'gamma': 0.1836734693877546}
{'sample_size': 500, 'difference': 0, 'noise': 0, 'n': 12, 'alpha': 0.4, 'shap_error': 0.028370460893277716, 'shap_norm_sq': 4.319999999999995, 'weighted_error': 1.0204307592320965, 'gamma': 0.4444444444444451}
{'sample_size': 500, 'difference': 0, 'noise': 0, 'n': 12, 'alpha': 0.5, 'shap_error': 0.0327476139219951, 'shap_norm_sq': 3.000000000000004, 'weighted_error': 1.0049698361442168, 'gamma': 0.9999999999999984}
{'sample_size': 500, 'difference': 0, 'noise': 0, 'n': 12, 'alpha': 0.6, 'shap_error': 0.12416851839342591, 'shap_norm_sq': 1.920000000000003, 'weighted_error': 1.035895884718066, 'gamma': 2.249999999999996}
{'sample_size': 500, 'difference': 0, 'noise': 0, 'n': 12, 'alpha': 0.7, 'shap_error': 0.10742089315445555, 'shap_norm_sq': 1.0800000000000078, 'weighted_error': 1.0055580325295028, 'gamma': 5.444444444444405}
{'sample_size': 500, 'difference': 0, 'noise': 0, 'n': 12, 'alpha': 0.8, 'shap_error': 0.2841531709627324, 'shap_norm_sq': 0.4800000000000006, 'weighted_error': 1.0069088787407263, 'gamma': 15.99999999999999}
{'sample_size': 500, 'difference': 0, 'noise': 0, 'n': 12, 'alpha': 0.2, 'shap_error': 0.013225596771026625, 'shap_norm_sq': 7.680000000000017, 'weighted_error': 1.0379984372253144, 'gamma': 0.06249999999999987}
{'sample_size': 500, 'difference': 0, 'noise': 0, 'n': 12, 'alpha': 0.3, 'shap_error': 0.01718587730430239, 'shap_norm_sq': 5.880000000000017, 'weighted_error': 1.0164070603851516, 'gamma': 0.1836734693877546}
{'sample_size': 500, 'difference': 0, 'noise': 0, 'n': 12, 'alpha': 0.4, 'shap_error': 0.027426636865650597, 'shap_norm_sq': 4.319999999999995, 'weighted_error': 1.0183071551699359, 'gamma': 0.4444444444444451}
{'sample_size': 500, 'difference': 0, 'noise': 0, 'n': 12, 'alpha': 0.5, 'shap_error': 0.03583704591783271, 'shap_norm_sq': 3.000000000000004, 'weighted_error': 1.0080592681400544, 'gamma': 0.9999999999999984}
{'sample_size': 500, 'difference': 0, 'noise': 0, 'n': 12, 'alpha': 0.6, 'shap_error': 0.057358208128238664, 'shap_norm_sq': 1.920000000000003, 'weighted_error': 1.0062024134890937, 'gamma': 2.249999999999996}
{'sample_size': 500, 'difference': 0, 'noise': 0, 'n': 12, 'alpha': 0.7, 'shap_error': 0.10699889818825892, 'shap_norm_sq': 1.0800000000000078, 'weighted_error': 1.005480523249998, 'gamma': 5.444444444444405}
{'sample_size': 500, 'difference': 0, 'noise': 0, 'n': 12, 'alpha': 0.8, 'shap_error': 0.24171436176263641, 'shap_norm_sq': 0.4800000000000006, 'weighted_error': 1.0042564531657203, 'gamma': 15.99999999999999}
{'sample_size': 500, 'difference': 0, 'noise': 0, 'n': 12, 'alpha': 0.2, 'shap_error': 0.011045667916302399, 'shap_norm_sq': 7.680000000000017, 'weighted_error': 1.0031195755497255, 'gamma': 0.06249999999999987}
{'sample_size': 500, 'difference': 0, 'noise': 0, 'n': 12, 'alpha': 0.3, 'shap_error': 0.015309852681561325, 'shap_norm_sq': 5.880000000000017, 'weighted_error': 1.0061931485502282, 'gamma': 0.1836734693877546}
{'sample_size': 500, 'difference': 0, 'noise': 0, 'n': 12, 'alpha': 0.4, 'shap_error': 0.030490846184312765, 'shap_norm_sq': 4.319999999999995, 'weighted_error': 1.0252016261369252, 'gamma': 0.4444444444444451}
{'sample_size': 500, 'difference': 0, 'noise': 0, 'n': 12, 'alpha': 0.5, 'shap_error': 0.04349352704607027, 'shap_norm_sq': 3.000000000000004, 'weighted_error': 1.0157157492682922, 'gamma': 0.9999999999999984}
{'sample_size': 500, 'difference': 0, 'noise': 0, 'n': 12, 'alpha': 0.6, 'shap_error': 0.0651038073986796, 'shap_norm_sq': 1.920000000000003, 'weighted_error': 1.0096449020537346, 'gamma': 2.249999999999996}
{'sample_size': 500, 'difference': 0, 'noise': 0, 'n': 12, 'alpha': 0.7, 'shap_error': 0.13466459512370982, 'shap_norm_sq': 1.0800000000000078, 'weighted_error': 1.0105619777891623, 'gamma': 5.444444444444405}
{'sample_size': 500, 'difference': 0, 'noise': 0, 'n': 12, 'alpha': 0.8, 'shap_error': 0.23388301768820136, 'shap_norm_sq': 0.4800000000000006, 'weighted_error': 1.0037669941610676, 'gamma': 15.99999999999999}
{'sample_size': 500, 'difference': 0, 'noise': 0, 'n': 12, 'alpha': 0.2, 'shap_error': 0.01098593980823353, 'shap_norm_sq': 7.680000000000017, 'weighted_error': 1.0021639258206239, 'gamma': 0.06249999999999987}
{'sample_size': 500, 'difference': 0, 'noise': 0, 'n': 12, 'alpha': 0.3, 'shap_error': 0.021858488675177506, 'shap_norm_sq': 5.880000000000017, 'weighted_error': 1.0418468334043607, 'gamma': 0.1836734693877546}
{'sample_size': 500, 'difference': 0, 'noise': 0, 'n': 12, 'alpha': 0.4, 'shap_error': 0.022019478428747238, 'shap_norm_sq': 4.319999999999995, 'weighted_error': 1.0061410486869027, 'gamma': 0.4444444444444451}
{'sample_size': 500, 'difference': 0, 'noise': 0, 'n': 12, 'alpha': 0.5, 'shap_error': 0.05638937601751145, 'shap_norm_sq': 3.000000000000004, 'weighted_error': 1.028611598239734, 'gamma': 0.9999999999999984}
{'sample_size': 500, 'difference': 0, 'noise': 0, 'n': 12, 'alpha': 0.6, 'shap_error': 0.06622389111286583, 'shap_norm_sq': 1.920000000000003, 'weighted_error': 1.0101427170378168, 'gamma': 2.249999999999996}
{'sample_size': 500, 'difference': 0, 'noise': 0, 'n': 12, 'alpha': 0.7, 'shap_error': 0.13039589147582065, 'shap_norm_sq': 1.0800000000000078, 'weighted_error': 1.0097779301803658, 'gamma': 5.444444444444405}
{'sample_size': 500, 'difference': 0, 'noise': 0, 'n': 12, 'alpha': 0.8, 'shap_error': 0.43969570485028375, 'shap_norm_sq': 0.4800000000000006, 'weighted_error': 1.0166302871086976, 'gamma': 15.99999999999999}
{'sample_size': 500, 'difference': 0, 'noise': 0, 'n': 12, 'alpha': 0.2, 'shap_error': 0.011181021338066751, 'shap_norm_sq': 7.680000000000017, 'weighted_error': 1.0052852302979547, 'gamma': 0.06249999999999987}
{'sample_size': 500, 'difference': 0, 'noise': 0, 'n': 12, 'alpha': 0.3, 'shap_error': 0.016971773918259842, 'shap_norm_sq': 5.880000000000017, 'weighted_error': 1.0152413863944758, 'gamma': 0.1836734693877546}
{'sample_size': 500, 'difference': 0, 'noise': 0, 'n': 12, 'alpha': 0.4, 'shap_error': 0.022657615862784954, 'shap_norm_sq': 4.319999999999995, 'weighted_error': 1.0075768579134883, 'gamma': 0.4444444444444451}
{'sample_size': 500, 'difference': 0, 'noise': 0, 'n': 12, 'alpha': 0.5, 'shap_error': 0.03306593803054605, 'shap_norm_sq': 3.000000000000004, 'weighted_error': 1.005288160252768, 'gamma': 0.9999999999999984}
{'sample_size': 500, 'difference': 0, 'noise': 0, 'n': 12, 'alpha': 0.6, 'shap_error': 0.07062679868226117, 'shap_norm_sq': 1.920000000000003, 'weighted_error': 1.0120995648464368, 'gamma': 2.249999999999996}
{'sample_size': 500, 'difference': 0, 'noise': 0, 'n': 12, 'alpha': 0.7, 'shap_error': 0.2437472136021309, 'shap_norm_sq': 1.0800000000000078, 'weighted_error': 1.0305975607749938, 'gamma': 5.444444444444405}
{'sample_size': 500, 'difference': 0, 'noise': 0, 'n': 12, 'alpha': 0.8, 'shap_error': 0.27288477599178607, 'shap_norm_sq': 0.4800000000000006, 'weighted_error': 1.0062046040550419, 'gamma': 15.99999999999999}
{'sample_size': 500, 'difference': 0, 'noise': 0, 'n': 12, 'alpha': 0.2, 'shap_error': 0.011946037899352344, 'shap_norm_sq': 7.680000000000017, 'weighted_error': 1.017525495278524, 'gamma': 0.06249999999999987}
{'sample_size': 500, 'difference': 0, 'noise': 0, 'n': 12, 'alpha': 0.3, 'shap_error': 0.0167824508370212, 'shap_norm_sq': 5.880000000000017, 'weighted_error': 1.0142106273966218, 'gamma': 0.1836734693877546}
{'sample_size': 500, 'difference': 0, 'noise': 0, 'n': 12, 'alpha': 0.4, 'shap_error': 0.022672932870389313, 'shap_norm_sq': 4.319999999999995, 'weighted_error': 1.0076113211805982, 'gamma': 0.4444444444444451}
{'sample_size': 500, 'difference': 0, 'noise': 0, 'n': 12, 'alpha': 0.5, 'shap_error': 0.049292794188126855, 'shap_norm_sq': 3.000000000000004, 'weighted_error': 1.0215150164103493, 'gamma': 0.9999999999999984}
{'sample_size': 500, 'difference': 0, 'noise': 0, 'n': 12, 'alpha': 0.6, 'shap_error': 0.10290018007139942, 'shap_norm_sq': 1.920000000000003, 'weighted_error': 1.0264432899082765, 'gamma': 2.249999999999996}
{'sample_size': 500, 'difference': 0, 'noise': 0, 'n': 12, 'alpha': 0.7, 'shap_error': 0.10455697947816908, 'shap_norm_sq': 1.0800000000000078, 'weighted_error': 1.0050320075685524, 'gamma': 5.444444444444405}
{'sample_size': 500, 'difference': 0, 'noise': 0, 'n': 12, 'alpha': 0.8, 'shap_error': 0.2985374055773182, 'shap_norm_sq': 0.4800000000000006, 'weighted_error': 1.0078078934041377, 'gamma': 15.99999999999999}
{'sample_size': 500, 'difference': 0, 'noise': 0, 'n': 12, 'alpha': 0.2, 'shap_error': 0.011718788451479398, 'shap_norm_sq': 7.680000000000017, 'weighted_error': 1.0138895041125586, 'gamma': 0.06249999999999987}
{'sample_size': 500, 'difference': 0, 'noise': 0, 'n': 12, 'alpha': 0.3, 'shap_error': 0.01881377265439899, 'shap_norm_sq': 5.880000000000017, 'weighted_error': 1.0252700461801219, 'gamma': 0.1836734693877546}
{'sample_size': 500, 'difference': 0, 'noise': 0, 'n': 12, 'alpha': 0.4, 'shap_error': 0.022014555794331633, 'shap_norm_sq': 4.319999999999995, 'weighted_error': 1.0061299727594677, 'gamma': 0.4444444444444451}
{'sample_size': 500, 'difference': 0, 'noise': 0, 'n': 12, 'alpha': 0.5, 'shap_error': 0.03849601368841007, 'shap_norm_sq': 3.000000000000004, 'weighted_error': 1.0107182359106317, 'gamma': 0.9999999999999984}
{'sample_size': 500, 'difference': 0, 'noise': 0, 'n': 12, 'alpha': 0.6, 'shap_error': 0.07755475410974125, 'shap_norm_sq': 1.920000000000003, 'weighted_error': 1.0151786561475398, 'gamma': 2.249999999999996}
{'sample_size': 500, 'difference': 0, 'noise': 0, 'n': 12, 'alpha': 0.7, 'shap_error': 0.17841842006858952, 'shap_norm_sq': 1.0800000000000078, 'weighted_error': 1.0185983946157728, 'gamma': 5.444444444444405}
{'sample_size': 500, 'difference': 0, 'noise': 0, 'n': 12, 'alpha': 0.8, 'shap_error': 0.43992435851682876, 'shap_norm_sq': 0.4800000000000006, 'weighted_error': 1.0166445779628577, 'gamma': 15.99999999999999}
{'sample_size': 500, 'difference': 0, 'noise': 0, 'n': 12, 'alpha': 0.2, 'shap_error': 0.012250167759714293, 'shap_norm_sq': 7.680000000000017, 'weighted_error': 1.0223915730443156, 'gamma': 0.06249999999999987}
{'sample_size': 500, 'difference': 0, 'noise': 0, 'n': 12, 'alpha': 0.3, 'shap_error': 0.0163900700856124, 'shap_norm_sq': 5.880000000000017, 'weighted_error': 1.0120743321945067, 'gamma': 0.1836734693877546}
{'sample_size': 500, 'difference': 0, 'noise': 0, 'n': 12, 'alpha': 0.4, 'shap_error': 0.023301938443146323, 'shap_norm_sq': 4.319999999999995, 'weighted_error': 1.0090265837193007, 'gamma': 0.4444444444444451}
{'sample_size': 500, 'difference': 0, 'noise': 0, 'n': 12, 'alpha': 0.5, 'shap_error': 0.03272780274479644, 'shap_norm_sq': 3.000000000000004, 'weighted_error': 1.0049500249670182, 'gamma': 0.9999999999999984}
{'sample_size': 500, 'difference': 0, 'noise': 0, 'n': 12, 'alpha': 0.6, 'shap_error': 0.06428437499622693, 'shap_norm_sq': 1.920000000000003, 'weighted_error': 1.0092807098748664, 'gamma': 2.249999999999996}
{'sample_size': 500, 'difference': 0, 'noise': 0, 'n': 12, 'alpha': 0.7, 'shap_error': 0.13743920506308882, 'shap_norm_sq': 1.0800000000000078, 'weighted_error': 1.0110716000229254, 'gamma': 5.444444444444405}
{'sample_size': 500, 'difference': 0, 'noise': 0, 'n': 12, 'alpha': 0.8, 'shap_error': 0.3085590639641585, 'shap_norm_sq': 0.4800000000000006, 'weighted_error': 1.0084342470533152, 'gamma': 15.99999999999999}
{'sample_size': 500, 'difference': 0, 'noise': 0, 'n': 12, 'alpha': 0.2, 'shap_error': 0.011542575766208277, 'shap_norm_sq': 7.680000000000017, 'weighted_error': 1.0110701011482206, 'gamma': 0.06249999999999987}
{'sample_size': 500, 'difference': 0, 'noise': 0, 'n': 12, 'alpha': 0.3, 'shap_error': 0.01576016582409922, 'shap_norm_sq': 5.880000000000017, 'weighted_error': 1.008644853437379, 'gamma': 0.1836734693877546}
{'sample_size': 500, 'difference': 0, 'noise': 0, 'n': 12, 'alpha': 0.4, 'shap_error': 0.024153790741495127, 'shap_norm_sq': 4.319999999999995, 'weighted_error': 1.0109432513905854, 'gamma': 0.4444444444444451}
{'sample_size': 500, 'difference': 0, 'noise': 0, 'n': 12, 'alpha': 0.5, 'shap_error': 0.03719069847115441, 'shap_norm_sq': 3.000000000000004, 'weighted_error': 1.0094129206933762, 'gamma': 0.9999999999999984}
{'sample_size': 500, 'difference': 0, 'noise': 0, 'n': 12, 'alpha': 0.6, 'shap_error': 0.059252315272071934, 'shap_norm_sq': 1.920000000000003, 'weighted_error': 1.007044238886353, 'gamma': 2.249999999999996}
{'sample_size': 500, 'difference': 0, 'noise': 0, 'n': 12, 'alpha': 0.7, 'shap_error': 0.12263747828264089, 'shap_norm_sq': 1.0800000000000078, 'weighted_error': 1.0083529155122315, 'gamma': 5.444444444444405}
{'sample_size': 500, 'difference': 0, 'noise': 0, 'n': 12, 'alpha': 0.8, 'shap_error': 0.42017336017421514, 'shap_norm_sq': 0.4800000000000006, 'weighted_error': 1.0154101405664435, 'gamma': 15.99999999999999}
{'sample_size': 500, 'difference': 0, 'noise': 0, 'n': 12, 'alpha': 0.2, 'shap_error': 0.011336176721011008, 'shap_norm_sq': 7.680000000000017, 'weighted_error': 1.0077677164250625, 'gamma': 0.06249999999999987}
{'sample_size': 500, 'difference': 0, 'noise': 0, 'n': 12, 'alpha': 0.3, 'shap_error': 0.016445961127679112, 'shap_norm_sq': 5.880000000000017, 'weighted_error': 1.0123786278679814, 'gamma': 0.1836734693877546}
{'sample_size': 500, 'difference': 0, 'noise': 0, 'n': 12, 'alpha': 0.4, 'shap_error': 0.02337883199527993, 'shap_norm_sq': 4.319999999999995, 'weighted_error': 1.0091995942116017, 'gamma': 0.4444444444444451}
{'sample_size': 500, 'difference': 0, 'noise': 0, 'n': 12, 'alpha': 0.5, 'shap_error': 0.07917562177374604, 'shap_norm_sq': 3.000000000000004, 'weighted_error': 1.0513978439959673, 'gamma': 0.9999999999999984}
{'sample_size': 500, 'difference': 0, 'noise': 0, 'n': 12, 'alpha': 0.6, 'shap_error': 0.05764409970303415, 'shap_norm_sq': 1.920000000000003, 'weighted_error': 1.0063294764112245, 'gamma': 2.249999999999996}
{'sample_size': 500, 'difference': 0, 'noise': 0, 'n': 12, 'alpha': 0.7, 'shap_error': 0.2437813427824995, 'shap_norm_sq': 1.0800000000000078, 'weighted_error': 1.0306038293999604, 'gamma': 5.444444444444405}
{'sample_size': 500, 'difference': 0, 'noise': 0, 'n': 12, 'alpha': 0.8, 'shap_error': 0.4028031911949903, 'shap_norm_sq': 0.4800000000000006, 'weighted_error': 1.0143245050052425, 'gamma': 15.99999999999999}
{'sample_size': 500, 'difference': 0, 'noise': 0, 'n': 12, 'alpha': 0.2, 'shap_error': 0.015085467009464993, 'shap_norm_sq': 7.680000000000017, 'weighted_error': 1.0677563610403258, 'gamma': 0.06249999999999987}
{'sample_size': 500, 'difference': 0, 'noise': 0, 'n': 12, 'alpha': 0.3, 'shap_error': 0.019502910941916092, 'shap_norm_sq': 5.880000000000017, 'weighted_error': 1.0290220213010484, 'gamma': 0.1836734693877546}
{'sample_size': 500, 'difference': 0, 'noise': 0, 'n': 12, 'alpha': 0.4, 'shap_error': 0.02091101782176016, 'shap_norm_sq': 4.319999999999995, 'weighted_error': 1.0036470123211818, 'gamma': 0.4444444444444451}
{'sample_size': 500, 'difference': 0, 'noise': 0, 'n': 12, 'alpha': 0.5, 'shap_error': 0.030955525929921724, 'shap_norm_sq': 3.000000000000004, 'weighted_error': 1.0031777481521438, 'gamma': 0.9999999999999984}
{'sample_size': 500, 'difference': 0, 'noise': 0, 'n': 12, 'alpha': 0.6, 'shap_error': 0.0660473243752764, 'shap_norm_sq': 1.920000000000003, 'weighted_error': 1.0100642429322215, 'gamma': 2.249999999999996}
{'sample_size': 500, 'difference': 0, 'noise': 0, 'n': 12, 'alpha': 0.7, 'shap_error': 0.12962163117033057, 'shap_norm_sq': 1.0800000000000078, 'weighted_error': 1.0096357191038479, 'gamma': 5.444444444444405}
{'sample_size': 500, 'difference': 0, 'noise': 0, 'n': 12, 'alpha': 0.8, 'shap_error': 0.7311534628996103, 'shap_norm_sq': 0.4800000000000006, 'weighted_error': 1.0348463969867805, 'gamma': 15.99999999999999}
{'sample_size': 500, 'difference': 0, 'noise': 0, 'n': 12, 'alpha': 0.2, 'shap_error': 0.012121492194096181, 'shap_norm_sq': 7.680000000000017, 'weighted_error': 1.0203327639944255, 'gamma': 0.06249999999999987}
{'sample_size': 500, 'difference': 0, 'noise': 0, 'n': 12, 'alpha': 0.3, 'shap_error': 0.01500835354795287, 'shap_norm_sq': 5.880000000000017, 'weighted_error': 1.0045516532672492, 'gamma': 0.1836734693877546}
{'sample_size': 500, 'difference': 0, 'noise': 0, 'n': 12, 'alpha': 0.4, 'shap_error': 0.021008297159464166, 'shap_norm_sq': 4.319999999999995, 'weighted_error': 1.0038658908310163, 'gamma': 0.4444444444444451}
{'sample_size': 500, 'difference': 0, 'noise': 0, 'n': 12, 'alpha': 0.5, 'shap_error': 0.04598875449480356, 'shap_norm_sq': 3.000000000000004, 'weighted_error': 1.0182109767170253, 'gamma': 0.9999999999999984}
{'sample_size': 500, 'difference': 0, 'noise': 0, 'n': 12, 'alpha': 0.6, 'shap_error': 0.08725819239670232, 'shap_norm_sq': 1.920000000000003, 'weighted_error': 1.0194912953861885, 'gamma': 2.249999999999996}
{'sample_size': 500, 'difference': 0, 'noise': 0, 'n': 12, 'alpha': 0.7, 'shap_error': 0.2254959270044236, 'shap_norm_sq': 1.0800000000000078, 'weighted_error': 1.0272452836448036, 'gamma': 5.444444444444405}
{'sample_size': 500, 'difference': 0, 'noise': 0, 'n': 12, 'alpha': 0.8, 'shap_error': 0.346800228856778, 'shap_norm_sq': 0.4800000000000006, 'weighted_error': 1.0108243198591038, 'gamma': 15.99999999999999}
{'sample_size': 500, 'difference': 0, 'noise': 0, 'n': 12, 'alpha': 0.2, 'shap_error': 0.011599493675679593, 'shap_norm_sq': 7.680000000000017, 'weighted_error': 1.0119807876997604, 'gamma': 0.06249999999999987}
{'sample_size': 500, 'difference': 0, 'noise': 0, 'n': 12, 'alpha': 0.3, 'shap_error': 0.015848013253705412, 'shap_norm_sq': 5.880000000000017, 'weighted_error': 1.0091231338874578, 'gamma': 0.1836734693877546}
{'sample_size': 500, 'difference': 0, 'noise': 0, 'n': 12, 'alpha': 0.4, 'shap_error': 0.022503156223148097, 'shap_norm_sq': 4.319999999999995, 'weighted_error': 1.0072293237243053, 'gamma': 0.4444444444444451}
{'sample_size': 500, 'difference': 0, 'noise': 0, 'n': 12, 'alpha': 0.5, 'shap_error': 0.04748095198852731, 'shap_norm_sq': 3.000000000000004, 'weighted_error': 1.01970317421075, 'gamma': 0.9999999999999984}
{'sample_size': 500, 'difference': 0, 'noise': 0, 'n': 12, 'alpha': 0.6, 'shap_error': 0.0768439500387049, 'shap_norm_sq': 1.920000000000003, 'weighted_error': 1.0148627432270794, 'gamma': 2.249999999999996}
{'sample_size': 500, 'difference': 0, 'noise': 0, 'n': 12, 'alpha': 0.7, 'shap_error': 0.12549581193746115, 'shap_norm_sq': 1.0800000000000078, 'weighted_error': 1.0088779155712795, 'gamma': 5.444444444444405}
{'sample_size': 500, 'difference': 0, 'noise': 0, 'n': 12, 'alpha': 0.8, 'shap_error': 0.5877618078471829, 'shap_norm_sq': 0.4800000000000006, 'weighted_error': 1.0258844185460037, 'gamma': 15.99999999999999}
{'sample_size': 500, 'difference': 0, 'noise': 0, 'n': 12, 'alpha': 0.2, 'shap_error': 0.011262940186855842, 'shap_norm_sq': 7.680000000000017, 'weighted_error': 1.0065959318785804, 'gamma': 0.06249999999999987}
{'sample_size': 500, 'difference': 0, 'noise': 0, 'n': 12, 'alpha': 0.3, 'shap_error': 0.016509267016778326, 'shap_norm_sq': 5.880000000000017, 'weighted_error': 1.0127232932641883, 'gamma': 0.1836734693877546}
{'sample_size': 500, 'difference': 0, 'noise': 0, 'n': 12, 'alpha': 0.4, 'shap_error': 0.021241544328466012, 'shap_norm_sq': 4.319999999999995, 'weighted_error': 1.00439069696127, 'gamma': 0.4444444444444451}
{'sample_size': 500, 'difference': 0, 'noise': 0, 'n': 12, 'alpha': 0.5, 'shap_error': 0.03013388865348715, 'shap_norm_sq': 3.000000000000004, 'weighted_error': 1.002356110875709, 'gamma': 0.9999999999999984}
{'sample_size': 500, 'difference': 0, 'noise': 0, 'n': 12, 'alpha': 0.6, 'shap_error': 0.1542135833124806, 'shap_norm_sq': 1.920000000000003, 'weighted_error': 1.0492492469043122, 'gamma': 2.249999999999996}
{'sample_size': 500, 'difference': 0, 'noise': 0, 'n': 12, 'alpha': 0.7, 'shap_error': 0.12398418508097138, 'shap_norm_sq': 1.0800000000000078, 'weighted_error': 1.0086002698221284, 'gamma': 5.444444444444405}
{'sample_size': 500, 'difference': 0, 'noise': 0, 'n': 12, 'alpha': 0.8, 'shap_error': 0.29412956933465295, 'shap_norm_sq': 0.4800000000000006, 'weighted_error': 1.0075324036389708, 'gamma': 15.99999999999999}
{'sample_size': 500, 'difference': 0, 'noise': 0, 'n': 12, 'alpha': 0.2, 'shap_error': 0.011416052292768682, 'shap_norm_sq': 7.680000000000017, 'weighted_error': 1.0090457255731848, 'gamma': 0.06249999999999987}
{'sample_size': 500, 'difference': 0, 'noise': 0, 'n': 12, 'alpha': 0.3, 'shap_error': 0.015782060271365837, 'shap_norm_sq': 5.880000000000017, 'weighted_error': 1.0087640565391638, 'gamma': 0.1836734693877546}
{'sample_size': 500, 'difference': 0, 'noise': 0, 'n': 12, 'alpha': 0.4, 'shap_error': 0.025140380504855907, 'shap_norm_sq': 4.319999999999995, 'weighted_error': 1.0131630783581476, 'gamma': 0.4444444444444451}
{'sample_size': 500, 'difference': 0, 'noise': 0, 'n': 12, 'alpha': 0.5, 'shap_error': 0.04648443772154131, 'shap_norm_sq': 3.000000000000004, 'weighted_error': 1.0187066599437633, 'gamma': 0.9999999999999984}
{'sample_size': 500, 'difference': 0, 'noise': 0, 'n': 12, 'alpha': 0.6, 'shap_error': 0.08002638405813312, 'shap_norm_sq': 1.920000000000003, 'weighted_error': 1.0162771583468246, 'gamma': 2.249999999999996}
{'sample_size': 500, 'difference': 0, 'noise': 0, 'n': 12, 'alpha': 0.7, 'shap_error': 0.11672471986713295, 'shap_norm_sq': 1.0800000000000078, 'weighted_error': 1.007266898660403, 'gamma': 5.444444444444405}
{'sample_size': 500, 'difference': 0, 'noise': 0, 'n': 12, 'alpha': 0.8, 'shap_error': 0.3038047242475647, 'shap_norm_sq': 0.4800000000000006, 'weighted_error': 1.0081371008210283, 'gamma': 15.99999999999999}
{'sample_size': 500, 'difference': 0, 'noise': 0, 'n': 12, 'alpha': 0.2, 'shap_error': 0.01179359995084743, 'shap_norm_sq': 7.680000000000017, 'weighted_error': 1.015086488102446, 'gamma': 0.06249999999999987}
{'sample_size': 500, 'difference': 0, 'noise': 0, 'n': 12, 'alpha': 0.3, 'shap_error': 0.01554276989709625, 'shap_norm_sq': 5.880000000000017, 'weighted_error': 1.0074612533903635, 'gamma': 0.1836734693877546}
{'sample_size': 500, 'difference': 0, 'noise': 0, 'n': 12, 'alpha': 0.4, 'shap_error': 0.023490392429004137, 'shap_norm_sq': 4.319999999999995, 'weighted_error': 1.009450605187481, 'gamma': 0.4444444444444451}
{'sample_size': 500, 'difference': 0, 'noise': 0, 'n': 12, 'alpha': 0.5, 'shap_error': 0.037016094667870765, 'shap_norm_sq': 3.000000000000004, 'weighted_error': 1.0092383168900931, 'gamma': 0.9999999999999984}
{'sample_size': 500, 'difference': 0, 'noise': 0, 'n': 12, 'alpha': 0.6, 'shap_error': 0.07746536237677777, 'shap_norm_sq': 1.920000000000003, 'weighted_error': 1.0151389264884447, 'gamma': 2.249999999999996}
{'sample_size': 500, 'difference': 0, 'noise': 0, 'n': 12, 'alpha': 0.7, 'shap_error': 0.11109200138782183, 'shap_norm_sq': 1.0800000000000078, 'weighted_error': 1.0062323177152233, 'gamma': 5.444444444444405}
{'sample_size': 500, 'difference': 0, 'noise': 0, 'n': 12, 'alpha': 0.8, 'shap_error': 0.24646064746023116, 'shap_norm_sq': 0.4800000000000006, 'weighted_error': 1.0045530960218199, 'gamma': 15.99999999999999}
{'sample_size': 500, 'difference': 0, 'noise': 0, 'n': 12, 'alpha': 0.2, 'shap_error': 0.013086131100892904, 'shap_norm_sq': 7.680000000000017, 'weighted_error': 1.035766986503174, 'gamma': 0.06249999999999987}
{'sample_size': 500, 'difference': 0, 'noise': 0, 'n': 12, 'alpha': 0.3, 'shap_error': 0.014529455453538977, 'shap_norm_sq': 5.880000000000017, 'weighted_error': 1.0019443191976622, 'gamma': 0.1836734693877546}
{'sample_size': 500, 'difference': 0, 'noise': 0, 'n': 12, 'alpha': 0.4, 'shap_error': 0.021868650413935643, 'shap_norm_sq': 4.319999999999995, 'weighted_error': 1.0058016856535772, 'gamma': 0.4444444444444451}
{'sample_size': 500, 'difference': 0, 'noise': 0, 'n': 12, 'alpha': 0.5, 'shap_error': 0.0479240371515803, 'shap_norm_sq': 3.000000000000004, 'weighted_error': 1.0201462593738027, 'gamma': 0.9999999999999984}
{'sample_size': 500, 'difference': 0, 'noise': 0, 'n': 12, 'alpha': 0.6, 'shap_error': 0.0826930550622028, 'shap_norm_sq': 1.920000000000003, 'weighted_error': 1.0174623454597447, 'gamma': 2.249999999999996}
{'sample_size': 500, 'difference': 0, 'noise': 0, 'n': 12, 'alpha': 0.7, 'shap_error': 0.3600435078734793, 'shap_norm_sq': 1.0800000000000078, 'weighted_error': 1.051958104620754, 'gamma': 5.444444444444405}
{'sample_size': 500, 'difference': 0, 'noise': 0, 'n': 12, 'alpha': 0.8, 'shap_error': 0.35679702051148465, 'shap_norm_sq': 0.4800000000000006, 'weighted_error': 1.0114491193375226, 'gamma': 15.99999999999999}
{'sample_size': 500, 'difference': 0, 'noise': 0, 'n': 12, 'alpha': 0.2, 'shap_error': 0.011666710019467395, 'shap_norm_sq': 7.680000000000017, 'weighted_error': 1.0130562492003639, 'gamma': 0.06249999999999987}
{'sample_size': 500, 'difference': 0, 'noise': 0, 'n': 12, 'alpha': 0.3, 'shap_error': 0.018829503763242956, 'shap_norm_sq': 5.880000000000017, 'weighted_error': 1.0253556933282735, 'gamma': 0.1836734693877546}
{'sample_size': 500, 'difference': 0, 'noise': 0, 'n': 12, 'alpha': 0.4, 'shap_error': 0.03337009127466428, 'shap_norm_sq': 4.319999999999995, 'weighted_error': 1.0316799275902164, 'gamma': 0.4444444444444451}
{'sample_size': 500, 'difference': 0, 'noise': 0, 'n': 12, 'alpha': 0.5, 'shap_error': 0.034777933666065845, 'shap_norm_sq': 3.000000000000004, 'weighted_error': 1.0070001558882877, 'gamma': 0.9999999999999984}
{'sample_size': 500, 'difference': 0, 'noise': 0, 'n': 12, 'alpha': 0.6, 'shap_error': 0.058729796377497014, 'shap_norm_sq': 1.920000000000003, 'weighted_error': 1.0068120082665422, 'gamma': 2.249999999999996}
{'sample_size': 500, 'difference': 0, 'noise': 0, 'n': 12, 'alpha': 0.7, 'shap_error': 0.1112863882249709, 'shap_norm_sq': 1.0800000000000078, 'weighted_error': 1.0062680214200062, 'gamma': 5.444444444444405}
{'sample_size': 500, 'difference': 0, 'noise': 0, 'n': 12, 'alpha': 0.8, 'shap_error': 0.4910042340557248, 'shap_norm_sq': 0.4800000000000006, 'weighted_error': 1.0198370701840382, 'gamma': 15.99999999999999}
{'sample_size': 500, 'difference': 0, 'noise': 0, 'n': 12, 'alpha': 0.2, 'shap_error': 0.011452696799943417, 'shap_norm_sq': 7.680000000000017, 'weighted_error': 1.0096320376879815, 'gamma': 0.06249999999999987}
{'sample_size': 500, 'difference': 0, 'noise': 0, 'n': 12, 'alpha': 0.3, 'shap_error': 0.015935402635458815, 'shap_norm_sq': 5.880000000000017, 'weighted_error': 1.0095989205214477, 'gamma': 0.1836734693877546}
{'sample_size': 500, 'difference': 0, 'noise': 0, 'n': 12, 'alpha': 0.4, 'shap_error': 0.02359192378344055, 'shap_norm_sq': 4.319999999999995, 'weighted_error': 1.009679050734963, 'gamma': 0.4444444444444451}
{'sample_size': 500, 'difference': 0, 'noise': 0, 'n': 12, 'alpha': 0.5, 'shap_error': 0.054046310073367215, 'shap_norm_sq': 3.000000000000004, 'weighted_error': 1.0262685322955891, 'gamma': 0.9999999999999984}
{'sample_size': 500, 'difference': 0, 'noise': 0, 'n': 12, 'alpha': 0.6, 'shap_error': 0.08310085767746596, 'shap_norm_sq': 1.920000000000003, 'weighted_error': 1.0176435910665282, 'gamma': 2.249999999999996}
{'sample_size': 500, 'difference': 0, 'noise': 0, 'n': 12, 'alpha': 0.7, 'shap_error': 0.1435156451749419, 'shap_norm_sq': 1.0800000000000078, 'weighted_error': 1.012187680859796, 'gamma': 5.444444444444405}
{'sample_size': 500, 'difference': 0, 'noise': 0, 'n': 12, 'alpha': 0.8, 'shap_error': 0.250136546519451, 'shap_norm_sq': 0.4800000000000006, 'weighted_error': 1.004782839713021, 'gamma': 15.99999999999999}
{'sample_size': 500, 'difference': 0, 'noise': 0, 'n': 12, 'alpha': 0.2, 'shap_error': 0.011251047515342135, 'shap_norm_sq': 7.680000000000017, 'weighted_error': 1.0064056491343616, 'gamma': 0.06249999999999987}
{'sample_size': 500, 'difference': 0, 'noise': 0, 'n': 12, 'alpha': 0.3, 'shap_error': 0.015242014608812852, 'shap_norm_sq': 5.880000000000017, 'weighted_error': 1.005823807931932, 'gamma': 0.1836734693877546}
{'sample_size': 500, 'difference': 0, 'noise': 0, 'n': 12, 'alpha': 0.4, 'shap_error': 0.02506773603055381, 'shap_norm_sq': 4.319999999999995, 'weighted_error': 1.0129996282909681, 'gamma': 0.4444444444444451}
{'sample_size': 500, 'difference': 0, 'noise': 0, 'n': 12, 'alpha': 0.5, 'shap_error': 0.058123196595575334, 'shap_norm_sq': 3.000000000000004, 'weighted_error': 1.0303454188177967, 'gamma': 0.9999999999999984}
{'sample_size': 500, 'difference': 0, 'noise': 0, 'n': 12, 'alpha': 0.6, 'shap_error': 0.06254773121421066, 'shap_norm_sq': 1.920000000000003, 'weighted_error': 1.00850886819397, 'gamma': 2.249999999999996}
{'sample_size': 500, 'difference': 0, 'noise': 0, 'n': 12, 'alpha': 0.7, 'shap_error': 0.1134822774548364, 'shap_norm_sq': 1.0800000000000078, 'weighted_error': 1.006671348013247, 'gamma': 5.444444444444405}
{'sample_size': 500, 'difference': 0, 'noise': 0, 'n': 12, 'alpha': 0.8, 'shap_error': 0.6647497565829686, 'shap_norm_sq': 0.4800000000000006, 'weighted_error': 1.030696165341991, 'gamma': 15.99999999999999}
{'sample_size': 500, 'difference': 0, 'noise': 0, 'n': 12, 'alpha': 0.2, 'shap_error': 0.01218646709311655, 'shap_norm_sq': 7.680000000000017, 'weighted_error': 1.0213723623787525, 'gamma': 0.06249999999999987}
{'sample_size': 500, 'difference': 0, 'noise': 0, 'n': 12, 'alpha': 0.3, 'shap_error': 0.01759208364691238, 'shap_norm_sq': 5.880000000000017, 'weighted_error': 1.0186186282504741, 'gamma': 0.1836734693877546}
{'sample_size': 500, 'difference': 0, 'noise': 0, 'n': 12, 'alpha': 0.4, 'shap_error': 0.025992961252534162, 'shap_norm_sq': 4.319999999999995, 'weighted_error': 1.0150813850404226, 'gamma': 0.4444444444444451}
{'sample_size': 500, 'difference': 0, 'noise': 0, 'n': 12, 'alpha': 0.5, 'shap_error': 0.035714641756311435, 'shap_norm_sq': 3.000000000000004, 'weighted_error': 1.0079368639785335, 'gamma': 0.9999999999999984}
{'sample_size': 500, 'difference': 0, 'noise': 0, 'n': 12, 'alpha': 0.6, 'shap_error': 0.06950808548018342, 'shap_norm_sq': 1.920000000000003, 'weighted_error': 1.0116023589788468, 'gamma': 2.249999999999996}
{'sample_size': 500, 'difference': 0, 'noise': 0, 'n': 12, 'alpha': 0.7, 'shap_error': 0.10980676442467395, 'shap_norm_sq': 1.0800000000000078, 'weighted_error': 1.0059962537832166, 'gamma': 5.444444444444405}
{'sample_size': 500, 'difference': 0, 'noise': 0, 'n': 12, 'alpha': 0.8, 'shap_error': 0.3416393331351716, 'shap_norm_sq': 0.4800000000000006, 'weighted_error': 1.0105017638765037, 'gamma': 15.99999999999999}
{'sample_size': 500, 'difference': 0, 'noise': 0, 'n': 12, 'alpha': 0.2, 'shap_error': 0.011294264803489877, 'shap_norm_sq': 7.680000000000017, 'weighted_error': 1.007097125744725, 'gamma': 0.06249999999999987}
{'sample_size': 500, 'difference': 0, 'noise': 0, 'n': 12, 'alpha': 0.3, 'shap_error': 0.01652074734521831, 'shap_norm_sq': 5.880000000000017, 'weighted_error': 1.012785797274584, 'gamma': 0.1836734693877546}
{'sample_size': 500, 'difference': 0, 'noise': 0, 'n': 12, 'alpha': 0.4, 'shap_error': 0.024349774653884784, 'shap_norm_sq': 4.319999999999995, 'weighted_error': 1.0113842151934627, 'gamma': 0.4444444444444451}
{'sample_size': 500, 'difference': 0, 'noise': 0, 'n': 12, 'alpha': 0.5, 'shap_error': 0.0322285202607292, 'shap_norm_sq': 3.000000000000004, 'weighted_error': 1.0044507424829512, 'gamma': 0.9999999999999984}
{'sample_size': 500, 'difference': 0, 'noise': 0, 'n': 12, 'alpha': 0.6, 'shap_error': 0.07034581055607857, 'shap_norm_sq': 1.920000000000003, 'weighted_error': 1.0119746812348007, 'gamma': 2.249999999999996}
{'sample_size': 500, 'difference': 0, 'noise': 0, 'n': 12, 'alpha': 0.7, 'shap_error': 0.14783512408846786, 'shap_norm_sq': 1.0800000000000078, 'weighted_error': 1.0129810545377913, 'gamma': 5.444444444444405}
{'sample_size': 500, 'difference': 0, 'noise': 0, 'n': 12, 'alpha': 0.8, 'shap_error': 0.3603303135622597, 'shap_norm_sq': 0.4800000000000006, 'weighted_error': 1.011669950153197, 'gamma': 15.99999999999999}
{'sample_size': 500, 'difference': 0, 'noise': 0, 'n': 12, 'alpha': 0.2, 'shap_error': 0.011576115667040952, 'shap_norm_sq': 7.680000000000017, 'weighted_error': 1.0116067395615427, 'gamma': 0.06249999999999987}
{'sample_size': 500, 'difference': 0, 'noise': 0, 'n': 12, 'alpha': 0.3, 'shap_error': 0.018969421731621437, 'shap_norm_sq': 5.880000000000017, 'weighted_error': 1.0261174689338894, 'gamma': 0.1836734693877546}
{'sample_size': 500, 'difference': 0, 'noise': 0, 'n': 12, 'alpha': 0.4, 'shap_error': 0.023867712021254112, 'shap_norm_sq': 4.319999999999995, 'weighted_error': 1.0102995742700431, 'gamma': 0.4444444444444451}
{'sample_size': 500, 'difference': 0, 'noise': 0, 'n': 12, 'alpha': 0.5, 'shap_error': 0.0381788138408678, 'shap_norm_sq': 3.000000000000004, 'weighted_error': 1.01040103606309, 'gamma': 0.9999999999999984}
{'sample_size': 500, 'difference': 0, 'noise': 0, 'n': 12, 'alpha': 0.6, 'shap_error': 0.05108362385619807, 'shap_norm_sq': 1.920000000000003, 'weighted_error': 1.0034137093681865, 'gamma': 2.249999999999996}
{'sample_size': 500, 'difference': 0, 'noise': 0, 'n': 12, 'alpha': 0.7, 'shap_error': 0.29049573882831137, 'shap_norm_sq': 1.0800000000000078, 'weighted_error': 1.0391840245920476, 'gamma': 5.444444444444405}
{'sample_size': 500, 'difference': 0, 'noise': 0, 'n': 12, 'alpha': 0.8, 'shap_error': 0.26242434180871144, 'shap_norm_sq': 0.4800000000000006, 'weighted_error': 1.0055508269185998, 'gamma': 15.99999999999999}
{'sample_size': 500, 'difference': 0, 'noise': 0, 'n': 12, 'alpha': 0.2, 'shap_error': 0.011999237049148757, 'shap_norm_sq': 7.680000000000017, 'weighted_error': 1.018376681675267, 'gamma': 0.06249999999999987}
{'sample_size': 500, 'difference': 0, 'noise': 0, 'n': 12, 'alpha': 0.3, 'shap_error': 0.0168113974644272, 'shap_norm_sq': 5.880000000000017, 'weighted_error': 1.0143682257013875, 'gamma': 0.1836734693877546}
{'sample_size': 500, 'difference': 0, 'noise': 0, 'n': 12, 'alpha': 0.4, 'shap_error': 0.02199801907531973, 'shap_norm_sq': 4.319999999999995, 'weighted_error': 1.0060927651416907, 'gamma': 0.4444444444444451}
{'sample_size': 500, 'difference': 0, 'noise': 0, 'n': 12, 'alpha': 0.5, 'shap_error': 0.03132888442129111, 'shap_norm_sq': 3.000000000000004, 'weighted_error': 1.0035511066435134, 'gamma': 0.9999999999999984}
{'sample_size': 500, 'difference': 0, 'noise': 0, 'n': 12, 'alpha': 0.6, 'shap_error': 0.06225590540131694, 'shap_norm_sq': 1.920000000000003, 'weighted_error': 1.008379167832684, 'gamma': 2.249999999999996}
{'sample_size': 500, 'difference': 0, 'noise': 0, 'n': 12, 'alpha': 0.7, 'shap_error': 0.1171067418842922, 'shap_norm_sq': 1.0800000000000078, 'weighted_error': 1.0073370659696779, 'gamma': 5.444444444444405}
{'sample_size': 500, 'difference': 0, 'noise': 0, 'n': 12, 'alpha': 0.8, 'shap_error': 0.38578766771162304, 'shap_norm_sq': 0.4800000000000006, 'weighted_error': 1.0132610347875317, 'gamma': 15.99999999999999}
{'sample_size': 500, 'difference': 0, 'noise': 0, 'n': 12, 'alpha': 0.2, 'shap_error': 0.011994622442392798, 'shap_norm_sq': 7.680000000000017, 'weighted_error': 1.0183028479671736, 'gamma': 0.06249999999999987}
{'sample_size': 500, 'difference': 0, 'noise': 0, 'n': 12, 'alpha': 0.3, 'shap_error': 0.017546356034107546, 'shap_norm_sq': 5.880000000000017, 'weighted_error': 1.0183696668029798, 'gamma': 0.1836734693877546}
{'sample_size': 500, 'difference': 0, 'noise': 0, 'n': 12, 'alpha': 0.4, 'shap_error': 0.02313630716493901, 'shap_norm_sq': 4.319999999999995, 'weighted_error': 1.008653913343335, 'gamma': 0.4444444444444451}
{'sample_size': 500, 'difference': 0, 'noise': 0, 'n': 12, 'alpha': 0.5, 'shap_error': 0.046402648012765946, 'shap_norm_sq': 3.000000000000004, 'weighted_error': 1.0186248702349878, 'gamma': 0.9999999999999984}
{'sample_size': 500, 'difference': 0, 'noise': 0, 'n': 12, 'alpha': 0.6, 'shap_error': 0.06736070273991605, 'shap_norm_sq': 1.920000000000003, 'weighted_error': 1.0106479666498396, 'gamma': 2.249999999999996}
{'sample_size': 500, 'difference': 0, 'noise': 0, 'n': 12, 'alpha': 0.7, 'shap_error': 0.15051647045946479, 'shap_norm_sq': 1.0800000000000078, 'weighted_error': 1.0134735467283833, 'gamma': 5.444444444444405}
{'sample_size': 500, 'difference': 0, 'noise': 0, 'n': 12, 'alpha': 0.8, 'shap_error': 0.4898876428622835, 'shap_norm_sq': 0.4800000000000006, 'weighted_error': 1.0197672832344484, 'gamma': 15.99999999999999}
{'sample_size': 500, 'difference': 0, 'noise': 0, 'n': 12, 'alpha': 0.2, 'shap_error': 0.011204576961219268, 'shap_norm_sq': 7.680000000000017, 'weighted_error': 1.0056621202683964, 'gamma': 0.06249999999999987}
{'sample_size': 500, 'difference': 0, 'noise': 0, 'n': 12, 'alpha': 0.3, 'shap_error': 0.015157120131371087, 'shap_norm_sq': 5.880000000000017, 'weighted_error': 1.0053616046658602, 'gamma': 0.1836734693877546}
{'sample_size': 500, 'difference': 0, 'noise': 0, 'n': 12, 'alpha': 0.4, 'shap_error': 0.025695195822634357, 'shap_norm_sq': 4.319999999999995, 'weighted_error': 1.014411412823149, 'gamma': 0.4444444444444451}
{'sample_size': 500, 'difference': 0, 'noise': 0, 'n': 12, 'alpha': 0.5, 'shap_error': 0.03422629443335031, 'shap_norm_sq': 3.000000000000004, 'weighted_error': 1.0064485166555723, 'gamma': 0.9999999999999984}
{'sample_size': 500, 'difference': 0, 'noise': 0, 'n': 12, 'alpha': 0.6, 'shap_error': 0.0672958688077578, 'shap_norm_sq': 1.920000000000003, 'weighted_error': 1.0106191515688798, 'gamma': 2.249999999999996}
{'sample_size': 500, 'difference': 0, 'noise': 0, 'n': 12, 'alpha': 0.7, 'shap_error': 0.12990825190405567, 'shap_norm_sq': 1.0800000000000078, 'weighted_error': 1.0096883637284093, 'gamma': 5.444444444444405}
{'sample_size': 500, 'difference': 0, 'noise': 0, 'n': 12, 'alpha': 0.8, 'shap_error': 0.2654108800926206, 'shap_norm_sq': 0.4800000000000006, 'weighted_error': 1.0057374855613441, 'gamma': 15.99999999999999}
{'sample_size': 500, 'difference': 0, 'noise': 0, 'n': 12, 'alpha': 0.2, 'shap_error': 0.01163496939694737, 'shap_norm_sq': 7.680000000000017, 'weighted_error': 1.0125483992400435, 'gamma': 0.06249999999999987}
{'sample_size': 500, 'difference': 0, 'noise': 0, 'n': 12, 'alpha': 0.3, 'shap_error': 0.01589447315378039, 'shap_norm_sq': 5.880000000000017, 'weighted_error': 1.00937608223231, 'gamma': 0.1836734693877546}
{'sample_size': 500, 'difference': 0, 'noise': 0, 'n': 12, 'alpha': 0.4, 'shap_error': 0.023543599669098386, 'shap_norm_sq': 4.319999999999995, 'weighted_error': 1.0095703214776925, 'gamma': 0.4444444444444451}
{'sample_size': 500, 'difference': 0, 'noise': 0, 'n': 12, 'alpha': 0.5, 'shap_error': 0.047331227801404405, 'shap_norm_sq': 3.000000000000004, 'weighted_error': 1.0195534500236263, 'gamma': 0.9999999999999984}
{'sample_size': 500, 'difference': 0, 'noise': 0, 'n': 12, 'alpha': 0.6, 'shap_error': 0.0821787393437194, 'shap_norm_sq': 1.920000000000003, 'weighted_error': 1.017233760695974, 'gamma': 2.249999999999996}
{'sample_size': 500, 'difference': 0, 'noise': 0, 'n': 12, 'alpha': 0.7, 'shap_error': 0.1338108133231927, 'shap_norm_sq': 1.0800000000000078, 'weighted_error': 1.0104051607237607, 'gamma': 5.444444444444405}
{'sample_size': 500, 'difference': 0, 'noise': 0, 'n': 12, 'alpha': 0.8, 'shap_error': 0.29898113648512803, 'shap_norm_sq': 0.4800000000000006, 'weighted_error': 1.0078356265858763, 'gamma': 15.99999999999999}
{'sample_size': 500, 'difference': 0, 'noise': 0, 'n': 12, 'alpha': 0.2, 'shap_error': 0.013357234297719867, 'shap_norm_sq': 7.680000000000017, 'weighted_error': 1.0401046376524048, 'gamma': 0.06249999999999987}
{'sample_size': 500, 'difference': 0, 'noise': 0, 'n': 12, 'alpha': 0.3, 'shap_error': 0.016234468311935615, 'shap_norm_sq': 5.880000000000017, 'weighted_error': 1.0112271669822661, 'gamma': 0.1836734693877546}
{'sample_size': 500, 'difference': 0, 'noise': 0, 'n': 12, 'alpha': 0.4, 'shap_error': 0.0245752173619871, 'shap_norm_sq': 4.319999999999995, 'weighted_error': 1.0118914612866927, 'gamma': 0.4444444444444451}
{'sample_size': 500, 'difference': 0, 'noise': 0, 'n': 12, 'alpha': 0.5, 'shap_error': 0.06730079303051839, 'shap_norm_sq': 3.000000000000004, 'weighted_error': 1.0395230152527413, 'gamma': 0.9999999999999984}
{'sample_size': 500, 'difference': 0, 'noise': 0, 'n': 12, 'alpha': 0.6, 'shap_error': 0.06302342335799803, 'shap_norm_sq': 1.920000000000003, 'weighted_error': 1.0087202869245429, 'gamma': 2.249999999999996}
{'sample_size': 500, 'difference': 0, 'noise': 0, 'n': 12, 'alpha': 0.7, 'shap_error': 0.21068595804111698, 'shap_norm_sq': 1.0800000000000078, 'weighted_error': 1.0245250852637873, 'gamma': 5.444444444444405}
{'sample_size': 500, 'difference': 0, 'noise': 0, 'n': 12, 'alpha': 0.8, 'shap_error': 0.27714112973530963, 'shap_norm_sq': 0.4800000000000006, 'weighted_error': 1.006470626164012, 'gamma': 15.99999999999999}
{'sample_size': 500, 'difference': 0, 'noise': 0, 'n': 12, 'alpha': 0.2, 'shap_error': 0.011528699011499171, 'shap_norm_sq': 7.680000000000017, 'weighted_error': 1.0108480730728726, 'gamma': 0.06249999999999987}
{'sample_size': 500, 'difference': 0, 'noise': 0, 'n': 12, 'alpha': 0.3, 'shap_error': 0.015268714390188344, 'shap_norm_sq': 5.880000000000017, 'weighted_error': 1.0059691734083092, 'gamma': 0.1836734693877546}
{'sample_size': 500, 'difference': 0, 'noise': 0, 'n': 12, 'alpha': 0.4, 'shap_error': 0.025409178901060158, 'shap_norm_sq': 4.319999999999995, 'weighted_error': 1.0137678747496073, 'gamma': 0.4444444444444451}
{'sample_size': 500, 'difference': 0, 'noise': 0, 'n': 12, 'alpha': 0.5, 'shap_error': 0.03373645754583377, 'shap_norm_sq': 3.000000000000004, 'weighted_error': 1.0059586797680564, 'gamma': 0.9999999999999984}
{'sample_size': 500, 'difference': 0, 'noise': 0, 'n': 12, 'alpha': 0.6, 'shap_error': 0.06284932021565859, 'shap_norm_sq': 1.920000000000003, 'weighted_error': 1.0086429077501693, 'gamma': 2.249999999999996}
{'sample_size': 500, 'difference': 0, 'noise': 0, 'n': 12, 'alpha': 0.7, 'shap_error': 0.14078393318162755, 'shap_norm_sq': 1.0800000000000078, 'weighted_error': 1.0116859378406171, 'gamma': 5.444444444444405}
{'sample_size': 500, 'difference': 0, 'noise': 0, 'n': 12, 'alpha': 0.8, 'shap_error': 0.4132284052575376, 'shap_norm_sq': 0.4800000000000006, 'weighted_error': 1.0149760808841515, 'gamma': 15.99999999999999}
{'sample_size': 500, 'difference': 0, 'noise': 0, 'n': 12, 'alpha': 0.2, 'shap_error': 0.011042104042641778, 'shap_norm_sq': 7.680000000000017, 'weighted_error': 1.003062553571156, 'gamma': 0.06249999999999987}
{'sample_size': 500, 'difference': 0, 'noise': 0, 'n': 12, 'alpha': 0.3, 'shap_error': 0.01878921429681606, 'shap_norm_sq': 5.880000000000017, 'weighted_error': 1.0251363395666149, 'gamma': 0.1836734693877546}
{'sample_size': 500, 'difference': 0, 'noise': 0, 'n': 12, 'alpha': 0.4, 'shap_error': 0.02408758463214429, 'shap_norm_sq': 4.319999999999995, 'weighted_error': 1.010794287644546, 'gamma': 0.4444444444444451}
{'sample_size': 500, 'difference': 0, 'noise': 0, 'n': 12, 'alpha': 0.5, 'shap_error': 0.030445447539093194, 'shap_norm_sq': 3.000000000000004, 'weighted_error': 1.0026676697613155, 'gamma': 0.9999999999999984}
{'sample_size': 500, 'difference': 0, 'noise': 0, 'n': 12, 'alpha': 0.6, 'shap_error': 0.09251475096814928, 'shap_norm_sq': 1.920000000000003, 'weighted_error': 1.021827543640165, 'gamma': 2.249999999999996}
{'sample_size': 500, 'difference': 0, 'noise': 0, 'n': 12, 'alpha': 0.7, 'shap_error': 0.12090578880321892, 'shap_norm_sq': 1.0800000000000078, 'weighted_error': 1.0080348500976437, 'gamma': 5.444444444444405}
{'sample_size': 500, 'difference': 0, 'noise': 0, 'n': 12, 'alpha': 0.8, 'shap_error': 0.3585223416249718, 'shap_norm_sq': 0.4800000000000006, 'weighted_error': 1.0115569519071161, 'gamma': 15.99999999999999}
{'sample_size': 500, 'difference': 0, 'noise': 0, 'n': 12, 'alpha': 0.2, 'shap_error': 0.012127179911511023, 'shap_norm_sq': 7.680000000000017, 'weighted_error': 1.0204237674730627, 'gamma': 0.06249999999999987}
{'sample_size': 500, 'difference': 0, 'noise': 0, 'n': 12, 'alpha': 0.3, 'shap_error': 0.015602829349270058, 'shap_norm_sq': 5.880000000000017, 'weighted_error': 1.0077882437410874, 'gamma': 0.1836734693877546}
{'sample_size': 500, 'difference': 0, 'noise': 0, 'n': 12, 'alpha': 0.4, 'shap_error': 0.024045463347294037, 'shap_norm_sq': 4.319999999999995, 'weighted_error': 1.010699514753633, 'gamma': 0.4444444444444451}
{'sample_size': 500, 'difference': 0, 'noise': 0, 'n': 12, 'alpha': 0.5, 'shap_error': 0.03985283816077498, 'shap_norm_sq': 3.000000000000004, 'weighted_error': 1.0120750603829973, 'gamma': 0.9999999999999984}
{'sample_size': 500, 'difference': 0, 'noise': 0, 'n': 12, 'alpha': 0.6, 'shap_error': 0.06134832916704976, 'shap_norm_sq': 1.920000000000003, 'weighted_error': 1.0079758006174546, 'gamma': 2.249999999999996}
{'sample_size': 500, 'difference': 0, 'noise': 0, 'n': 12, 'alpha': 0.7, 'shap_error': 0.1590797975344722, 'shap_norm_sq': 1.0800000000000078, 'weighted_error': 1.0150464027217505, 'gamma': 5.444444444444405}
{'sample_size': 500, 'difference': 0, 'noise': 0, 'n': 12, 'alpha': 0.8, 'shap_error': 0.9715950565681675, 'shap_norm_sq': 0.4800000000000006, 'weighted_error': 1.049873996591065, 'gamma': 15.99999999999999}
{'sample_size': 500, 'difference': 0, 'noise': 0, 'n': 12, 'alpha': 0.2, 'shap_error': 0.013001880874514874, 'shap_norm_sq': 7.680000000000017, 'weighted_error': 1.0344189828811265, 'gamma': 0.06249999999999987}
{'sample_size': 500, 'difference': 0, 'noise': 0, 'n': 12, 'alpha': 0.3, 'shap_error': 0.015504110559182977, 'shap_norm_sq': 5.880000000000017, 'weighted_error': 1.0072507747728345, 'gamma': 0.1836734693877546}
{'sample_size': 500, 'difference': 0, 'noise': 0, 'n': 12, 'alpha': 0.4, 'shap_error': 0.027310069735007814, 'shap_norm_sq': 4.319999999999995, 'weighted_error': 1.0180448791259886, 'gamma': 0.4444444444444451}
{'sample_size': 500, 'difference': 0, 'noise': 0, 'n': 12, 'alpha': 0.5, 'shap_error': 0.03423481784373302, 'shap_norm_sq': 3.000000000000004, 'weighted_error': 1.006457040065955, 'gamma': 0.9999999999999984}
{'sample_size': 500, 'difference': 0, 'noise': 0, 'n': 12, 'alpha': 0.6, 'shap_error': 0.095407288495327, 'shap_norm_sq': 1.920000000000003, 'weighted_error': 1.0231131158744666, 'gamma': 2.249999999999996}
{'sample_size': 500, 'difference': 0, 'noise': 0, 'n': 12, 'alpha': 0.7, 'shap_error': 0.1670806355314045, 'shap_norm_sq': 1.0800000000000078, 'weighted_error': 1.0165159443946574, 'gamma': 5.444444444444405}
{'sample_size': 500, 'difference': 0, 'noise': 0, 'n': 12, 'alpha': 0.8, 'shap_error': 0.3263292779910881, 'shap_norm_sq': 0.4800000000000006, 'weighted_error': 1.0095448854299984, 'gamma': 15.99999999999999}
{'sample_size': 500, 'difference': 0, 'noise': 0, 'n': 12, 'alpha': 0.2, 'shap_error': 0.011399095276537492, 'shap_norm_sq': 7.680000000000017, 'weighted_error': 1.0087744133134875, 'gamma': 0.06249999999999987}
{'sample_size': 500, 'difference': 0, 'noise': 0, 'n': 12, 'alpha': 0.3, 'shap_error': 0.01452192606868907, 'shap_norm_sq': 5.880000000000017, 'weighted_error': 1.001903325880146, 'gamma': 0.1836734693877546}
{'sample_size': 500, 'difference': 0, 'noise': 0, 'n': 12, 'alpha': 0.4, 'shap_error': 0.028294485062637955, 'shap_norm_sq': 4.319999999999995, 'weighted_error': 1.0202598136131575, 'gamma': 0.4444444444444451}
{'sample_size': 500, 'difference': 0, 'noise': 0, 'n': 12, 'alpha': 0.5, 'shap_error': 0.04871246042266469, 'shap_norm_sq': 3.000000000000004, 'weighted_error': 1.0209346826448868, 'gamma': 0.9999999999999984}
{'sample_size': 500, 'difference': 0, 'noise': 0, 'n': 12, 'alpha': 0.6, 'shap_error': 0.058295309654981226, 'shap_norm_sq': 1.920000000000003, 'weighted_error': 1.006618903056535, 'gamma': 2.249999999999996}
{'sample_size': 500, 'difference': 0, 'noise': 0, 'n': 12, 'alpha': 0.7, 'shap_error': 0.15604838155928322, 'shap_norm_sq': 1.0800000000000078, 'weighted_error': 1.0144896120324316, 'gamma': 5.444444444444405}
{'sample_size': 500, 'difference': 0, 'noise': 0, 'n': 12, 'alpha': 0.8, 'shap_error': 0.23204537473450376, 'shap_norm_sq': 0.4800000000000006, 'weighted_error': 1.0036521414764619, 'gamma': 15.99999999999999}
{'sample_size': 500, 'difference': 0, 'noise': 0, 'n': 12, 'alpha': 0.2, 'shap_error': 0.01421617568951599, 'shap_norm_sq': 7.680000000000017, 'weighted_error': 1.0538476999211424, 'gamma': 0.06249999999999987}
{'sample_size': 500, 'difference': 0, 'noise': 0, 'n': 12, 'alpha': 0.3, 'shap_error': 0.01674580868082876, 'shap_norm_sq': 5.880000000000017, 'weighted_error': 1.0140111312129068, 'gamma': 0.1836734693877546}
{'sample_size': 500, 'difference': 0, 'noise': 0, 'n': 12, 'alpha': 0.4, 'shap_error': 0.025458344399461617, 'shap_norm_sq': 4.319999999999995, 'weighted_error': 1.0138784971210093, 'gamma': 0.4444444444444451}
{'sample_size': 500, 'difference': 0, 'noise': 0, 'n': 12, 'alpha': 0.5, 'shap_error': 0.06185183822249515, 'shap_norm_sq': 3.000000000000004, 'weighted_error': 1.0340740604447176, 'gamma': 0.9999999999999984}
{'sample_size': 500, 'difference': 0, 'noise': 0, 'n': 12, 'alpha': 0.6, 'shap_error': 0.07601141271150864, 'shap_norm_sq': 1.920000000000003, 'weighted_error': 1.0144927266372141, 'gamma': 2.249999999999996}
{'sample_size': 500, 'difference': 0, 'noise': 0, 'n': 12, 'alpha': 0.7, 'shap_error': 0.09984240425137533, 'shap_norm_sq': 1.0800000000000078, 'weighted_error': 1.0041660651799575, 'gamma': 5.444444444444405}
{'sample_size': 500, 'difference': 0, 'noise': 0, 'n': 12, 'alpha': 0.8, 'shap_error': 0.4378311785383931, 'shap_norm_sq': 0.4800000000000006, 'weighted_error': 1.0165137542142049, 'gamma': 15.99999999999999}
{'sample_size': 500, 'difference': 0, 'noise': 0, 'n': 12, 'alpha': 0.2, 'shap_error': 0.011253139459981869, 'shap_norm_sq': 7.680000000000017, 'weighted_error': 1.0064391202485974, 'gamma': 0.06249999999999987}
{'sample_size': 500, 'difference': 0, 'noise': 0, 'n': 12, 'alpha': 0.3, 'shap_error': 0.016482418382275082, 'shap_norm_sq': 5.880000000000017, 'weighted_error': 1.012577117365226, 'gamma': 0.1836734693877546}
{'sample_size': 500, 'difference': 0, 'noise': 0, 'n': 12, 'alpha': 0.4, 'shap_error': 0.022834343414039303, 'shap_norm_sq': 4.319999999999995, 'weighted_error': 1.0079744949038103, 'gamma': 0.4444444444444451}
{'sample_size': 500, 'difference': 0, 'noise': 0, 'n': 12, 'alpha': 0.5, 'shap_error': 0.03475201946744348, 'shap_norm_sq': 3.000000000000004, 'weighted_error': 1.0069742416896652, 'gamma': 0.9999999999999984}
{'sample_size': 500, 'difference': 0, 'noise': 0, 'n': 12, 'alpha': 0.6, 'shap_error': 0.057577121420880485, 'shap_norm_sq': 1.920000000000003, 'weighted_error': 1.0062997082858238, 'gamma': 2.249999999999996}
{'sample_size': 500, 'difference': 0, 'noise': 0, 'n': 12, 'alpha': 0.7, 'shap_error': 0.13539958418886075, 'shap_norm_sq': 1.0800000000000078, 'weighted_error': 1.0106969757807203, 'gamma': 5.444444444444405}
{'sample_size': 500, 'difference': 0, 'noise': 0, 'n': 12, 'alpha': 0.8, 'shap_error': 0.33888094846299993, 'shap_norm_sq': 0.4800000000000006, 'weighted_error': 1.010329364834493, 'gamma': 15.99999999999999}
{'sample_size': 500, 'difference': 0, 'noise': 0, 'n': 12, 'alpha': 0.2, 'shap_error': 0.012226546285199733, 'shap_norm_sq': 7.680000000000017, 'weighted_error': 1.022013629452083, 'gamma': 0.06249999999999987}
{'sample_size': 500, 'difference': 0, 'noise': 0, 'n': 12, 'alpha': 0.3, 'shap_error': 0.017086394051081918, 'shap_norm_sq': 5.880000000000017, 'weighted_error': 1.015865429339841, 'gamma': 0.1836734693877546}
{'sample_size': 500, 'difference': 0, 'noise': 0, 'n': 12, 'alpha': 0.4, 'shap_error': 0.022278245342746614, 'shap_norm_sq': 4.319999999999995, 'weighted_error': 1.0067232742434018, 'gamma': 0.4444444444444451}
{'sample_size': 500, 'difference': 0, 'noise': 0, 'n': 12, 'alpha': 0.5, 'shap_error': 0.03775518877901931, 'shap_norm_sq': 3.000000000000004, 'weighted_error': 1.0099774110012414, 'gamma': 0.9999999999999984}
{'sample_size': 500, 'difference': 0, 'noise': 0, 'n': 12, 'alpha': 0.6, 'shap_error': 0.09387035850828944, 'shap_norm_sq': 1.920000000000003, 'weighted_error': 1.0224300358802276, 'gamma': 2.249999999999996}
{'sample_size': 500, 'difference': 0, 'noise': 0, 'n': 12, 'alpha': 0.7, 'shap_error': 0.35246275025491824, 'shap_norm_sq': 1.0800000000000078, 'weighted_error': 1.050565720568365, 'gamma': 5.444444444444405}
{'sample_size': 500, 'difference': 0, 'noise': 0, 'n': 12, 'alpha': 0.8, 'shap_error': 0.3369051851877254, 'shap_norm_sq': 0.4800000000000006, 'weighted_error': 1.0102058796297881, 'gamma': 15.99999999999999}
{'sample_size': 500, 'difference': 0, 'noise': 0, 'n': 12, 'alpha': 0.2, 'shap_error': 0.011369901166771128, 'shap_norm_sq': 7.680000000000017, 'weighted_error': 1.0083073075572246, 'gamma': 0.06249999999999987}
{'sample_size': 500, 'difference': 0, 'noise': 0, 'n': 12, 'alpha': 0.3, 'shap_error': 0.015050843329016102, 'shap_norm_sq': 5.880000000000017, 'weighted_error': 1.0047829865197042, 'gamma': 0.1836734693877546}
{'sample_size': 500, 'difference': 0, 'noise': 0, 'n': 12, 'alpha': 0.4, 'shap_error': 0.026467489340604996, 'shap_norm_sq': 4.319999999999995, 'weighted_error': 1.016149073238583, 'gamma': 0.4444444444444451}
{'sample_size': 500, 'difference': 0, 'noise': 0, 'n': 12, 'alpha': 0.5, 'shap_error': 0.03447777046069587, 'shap_norm_sq': 3.000000000000004, 'weighted_error': 1.0066999926829179, 'gamma': 0.9999999999999984}
{'sample_size': 500, 'difference': 0, 'noise': 0, 'n': 12, 'alpha': 0.6, 'shap_error': 0.05538876448524329, 'shap_norm_sq': 1.920000000000003, 'weighted_error': 1.0053271052033184, 'gamma': 2.249999999999996}
{'sample_size': 500, 'difference': 0, 'noise': 0, 'n': 12, 'alpha': 0.7, 'shap_error': 0.13213337874638506, 'shap_norm_sq': 1.0800000000000078, 'weighted_error': 1.0100970604953674, 'gamma': 5.444444444444405}
{'sample_size': 500, 'difference': 0, 'noise': 0, 'n': 12, 'alpha': 0.8, 'shap_error': 0.24007067128853787, 'shap_norm_sq': 0.4800000000000006, 'weighted_error': 1.0041537225110888, 'gamma': 15.99999999999999}
{'sample_size': 500, 'difference': 0, 'noise': 0, 'n': 12, 'alpha': 0.2, 'shap_error': 0.01114729500172783, 'shap_norm_sq': 7.680000000000017, 'weighted_error': 1.0047456089165325, 'gamma': 0.06249999999999987}
{'sample_size': 500, 'difference': 0, 'noise': 0, 'n': 12, 'alpha': 0.3, 'shap_error': 0.014817614512917647, 'shap_norm_sq': 5.880000000000017, 'weighted_error': 1.0035131851876131, 'gamma': 0.1836734693877546}
{'sample_size': 500, 'difference': 0, 'noise': 0, 'n': 12, 'alpha': 0.4, 'shap_error': 0.021708604521725735, 'shap_norm_sq': 4.319999999999995, 'weighted_error': 1.0054415823961045, 'gamma': 0.4444444444444451}
{'sample_size': 500, 'difference': 0, 'noise': 0, 'n': 12, 'alpha': 0.5, 'shap_error': 0.038851958106956075, 'shap_norm_sq': 3.000000000000004, 'weighted_error': 1.0110741803291783, 'gamma': 0.9999999999999984}
{'sample_size': 500, 'difference': 0, 'noise': 0, 'n': 12, 'alpha': 0.6, 'shap_error': 0.07781846283373076, 'shap_norm_sq': 1.920000000000003, 'weighted_error': 1.015295860024868, 'gamma': 2.249999999999996}
{'sample_size': 500, 'difference': 0, 'noise': 0, 'n': 12, 'alpha': 0.7, 'shap_error': 0.11710464686224131, 'shap_norm_sq': 1.0800000000000078, 'weighted_error': 1.0073366811697084, 'gamma': 5.444444444444405}
{'sample_size': 500, 'difference': 0, 'noise': 0, 'n': 12, 'alpha': 0.8, 'shap_error': 0.6942413202012954, 'shap_norm_sq': 0.4800000000000006, 'weighted_error': 1.0325393880681364, 'gamma': 15.99999999999999}
{'sample_size': 500, 'difference': 0, 'noise': 0, 'n': 12, 'alpha': 0.2, 'shap_error': 0.012109465517882024, 'shap_norm_sq': 7.680000000000017, 'weighted_error': 1.0201403371749986, 'gamma': 0.06249999999999987}
{'sample_size': 500, 'difference': 0, 'noise': 0, 'n': 12, 'alpha': 0.3, 'shap_error': 0.01523540536408139, 'shap_norm_sq': 5.880000000000017, 'weighted_error': 1.0057878242661713, 'gamma': 0.1836734693877546}
{'sample_size': 500, 'difference': 0, 'noise': 0, 'n': 12, 'alpha': 0.4, 'shap_error': 0.022294580158834874, 'shap_norm_sq': 4.319999999999995, 'weighted_error': 1.0067600275795998, 'gamma': 0.4444444444444451}
{'sample_size': 500, 'difference': 0, 'noise': 0, 'n': 12, 'alpha': 0.5, 'shap_error': 0.03918236847896664, 'shap_norm_sq': 3.000000000000004, 'weighted_error': 1.0114045907011886, 'gamma': 0.9999999999999984}
{'sample_size': 500, 'difference': 0, 'noise': 0, 'n': 12, 'alpha': 0.6, 'shap_error': 0.053461960514473675, 'shap_norm_sq': 1.920000000000003, 'weighted_error': 1.0044707478829764, 'gamma': 2.249999999999996}
{'sample_size': 500, 'difference': 0, 'noise': 0, 'n': 12, 'alpha': 0.7, 'shap_error': 0.20472610055155924, 'shap_norm_sq': 1.0800000000000078, 'weighted_error': 1.0234304175616251, 'gamma': 5.444444444444405}
{'sample_size': 500, 'difference': 0, 'noise': 0, 'n': 12, 'alpha': 0.8, 'shap_error': 0.38150445034131025, 'shap_norm_sq': 0.4800000000000006, 'weighted_error': 1.0129933337018875, 'gamma': 15.99999999999999}
{'sample_size': 500, 'difference': 0, 'noise': 0, 'n': 12, 'alpha': 0.2, 'shap_error': 0.011189039168707575, 'shap_norm_sq': 7.680000000000017, 'weighted_error': 1.0054135155882085, 'gamma': 0.06249999999999987}
{'sample_size': 500, 'difference': 0, 'noise': 0, 'n': 12, 'alpha': 0.3, 'shap_error': 0.015753335627109278, 'shap_norm_sq': 5.880000000000017, 'weighted_error': 1.0086076668093227, 'gamma': 0.1836734693877546}
{'sample_size': 500, 'difference': 0, 'noise': 0, 'n': 12, 'alpha': 0.4, 'shap_error': 0.027999089115037235, 'shap_norm_sq': 4.319999999999995, 'weighted_error': 1.019595172731055, 'gamma': 0.4444444444444451}
{'sample_size': 500, 'difference': 0, 'noise': 0, 'n': 12, 'alpha': 0.5, 'shap_error': 0.03856714487136129, 'shap_norm_sq': 3.000000000000004, 'weighted_error': 1.010789367093583, 'gamma': 0.9999999999999984}
{'sample_size': 500, 'difference': 0, 'noise': 0, 'n': 12, 'alpha': 0.6, 'shap_error': 0.07607864325888283, 'shap_norm_sq': 1.920000000000003, 'weighted_error': 1.0145226068804913, 'gamma': 2.249999999999996}
{'sample_size': 500, 'difference': 0, 'noise': 0, 'n': 12, 'alpha': 0.7, 'shap_error': 0.28022496351414317, 'shap_norm_sq': 1.0800000000000078, 'weighted_error': 1.037297555656794, 'gamma': 5.444444444444405}
{'sample_size': 500, 'difference': 0, 'noise': 0, 'n': 12, 'alpha': 0.8, 'shap_error': 0.25148575605701345, 'shap_norm_sq': 0.4800000000000006, 'weighted_error': 1.0048671653091188, 'gamma': 15.99999999999999}
{'sample_size': 500, 'difference': 0, 'noise': 0, 'n': 12, 'alpha': 0.2, 'shap_error': 0.011580523499557483, 'shap_norm_sq': 7.680000000000017, 'weighted_error': 1.0116772648818062, 'gamma': 0.06249999999999987}
{'sample_size': 500, 'difference': 0, 'noise': 0, 'n': 12, 'alpha': 0.3, 'shap_error': 0.01744158832009913, 'shap_norm_sq': 5.880000000000017, 'weighted_error': 1.0177992648044907, 'gamma': 0.1836734693877546}
{'sample_size': 500, 'difference': 0, 'noise': 0, 'n': 12, 'alpha': 0.4, 'shap_error': 0.023157652470895143, 'shap_norm_sq': 4.319999999999995, 'weighted_error': 1.0087019402817357, 'gamma': 0.4444444444444451}
{'sample_size': 500, 'difference': 0, 'noise': 0, 'n': 12, 'alpha': 0.5, 'shap_error': 0.06454556493654953, 'shap_norm_sq': 3.000000000000004, 'weighted_error': 1.0367677871587715, 'gamma': 0.9999999999999984}
{'sample_size': 500, 'difference': 0, 'noise': 0, 'n': 12, 'alpha': 0.6, 'shap_error': 0.06387069868977319, 'shap_norm_sq': 1.920000000000003, 'weighted_error': 1.0090968537386649, 'gamma': 2.249999999999996}
{'sample_size': 500, 'difference': 0, 'noise': 0, 'n': 12, 'alpha': 0.7, 'shap_error': 0.12766570180104822, 'shap_norm_sq': 1.0800000000000078, 'weighted_error': 1.0092764667707146, 'gamma': 5.444444444444405}
{'sample_size': 500, 'difference': 0, 'noise': 0, 'n': 12, 'alpha': 0.8, 'shap_error': 0.48280961606174155, 'shap_norm_sq': 0.4800000000000006, 'weighted_error': 1.0193249065594143, 'gamma': 15.99999999999999}
{'sample_size': 500, 'difference': 0, 'noise': 0, 'n': 12, 'alpha': 0.2, 'shap_error': 0.01102135752758236, 'shap_norm_sq': 7.680000000000017, 'weighted_error': 1.0027306093302057, 'gamma': 0.06249999999999987}
{'sample_size': 500, 'difference': 0, 'noise': 0, 'n': 12, 'alpha': 0.3, 'shap_error': 0.016676369374047012, 'shap_norm_sq': 5.880000000000017, 'weighted_error': 1.0136330727648735, 'gamma': 0.1836734693877546}
{'sample_size': 500, 'difference': 0, 'noise': 0, 'n': 12, 'alpha': 0.4, 'shap_error': 0.021448100383803893, 'shap_norm_sq': 4.319999999999995, 'weighted_error': 1.00485544808578, 'gamma': 0.4444444444444451}
{'sample_size': 500, 'difference': 0, 'noise': 0, 'n': 12, 'alpha': 0.5, 'shap_error': 0.03448585967301587, 'shap_norm_sq': 3.000000000000004, 'weighted_error': 1.0067080818952379, 'gamma': 0.9999999999999984}
{'sample_size': 500, 'difference': 0, 'noise': 0, 'n': 12, 'alpha': 0.6, 'shap_error': 0.07957947071824792, 'shap_norm_sq': 1.920000000000003, 'weighted_error': 1.0160785301957644, 'gamma': 2.249999999999996}
{'sample_size': 500, 'difference': 0, 'noise': 0, 'n': 12, 'alpha': 0.7, 'shap_error': 0.10694785301896835, 'shap_norm_sq': 1.0800000000000078, 'weighted_error': 1.0054711476066587, 'gamma': 5.444444444444405}
{'sample_size': 500, 'difference': 0, 'noise': 0, 'n': 12, 'alpha': 0.8, 'shap_error': 0.3748794417653897, 'shap_norm_sq': 0.4800000000000006, 'weighted_error': 1.0125792706658916, 'gamma': 15.99999999999999}
{'sample_size': 500, 'difference': 0, 'noise': 0, 'n': 12, 'alpha': 0.2, 'shap_error': 0.011733243988854138, 'shap_norm_sq': 7.680000000000017, 'weighted_error': 1.014120792710553, 'gamma': 0.06249999999999987}
{'sample_size': 500, 'difference': 0, 'noise': 0, 'n': 12, 'alpha': 0.3, 'shap_error': 0.015175316239583861, 'shap_norm_sq': 5.880000000000017, 'weighted_error': 1.0054606723661288, 'gamma': 0.1836734693877546}
{'sample_size': 500, 'difference': 0, 'noise': 0, 'n': 12, 'alpha': 0.4, 'shap_error': 0.027761772148197823, 'shap_norm_sq': 4.319999999999995, 'weighted_error': 1.0190612095556664, 'gamma': 0.4444444444444451}
{'sample_size': 500, 'difference': 0, 'noise': 0, 'n': 12, 'alpha': 0.5, 'shap_error': 0.053319504014839834, 'shap_norm_sq': 3.000000000000004, 'weighted_error': 1.0255417262370616, 'gamma': 0.9999999999999984}
{'sample_size': 500, 'difference': 0, 'noise': 0, 'n': 12, 'alpha': 0.6, 'shap_error': 0.07660781464345368, 'shap_norm_sq': 1.920000000000003, 'weighted_error': 1.014757794162523, 'gamma': 2.249999999999996}
{'sample_size': 500, 'difference': 0, 'noise': 0, 'n': 12, 'alpha': 0.7, 'shap_error': 0.16955093486465647, 'shap_norm_sq': 1.0800000000000078, 'weighted_error': 1.0169696728436224, 'gamma': 5.444444444444405}
{'sample_size': 500, 'difference': 0, 'noise': 0, 'n': 12, 'alpha': 0.8, 'shap_error': 0.22884745057954003, 'shap_norm_sq': 0.4800000000000006, 'weighted_error': 1.0034522712167768, 'gamma': 15.99999999999999}
{'sample_size': 500, 'difference': 0, 'noise': 0, 'n': 12, 'alpha': 0.2, 'shap_error': 0.011114116322623158, 'shap_norm_sq': 7.680000000000017, 'weighted_error': 1.0042147500508576, 'gamma': 0.06249999999999987}
{'sample_size': 500, 'difference': 0, 'noise': 0, 'n': 12, 'alpha': 0.3, 'shap_error': 0.018485245493767802, 'shap_norm_sq': 5.880000000000017, 'weighted_error': 1.023481398305575, 'gamma': 0.1836734693877546}
{'sample_size': 500, 'difference': 0, 'noise': 0, 'n': 12, 'alpha': 0.4, 'shap_error': 0.023662617677006347, 'shap_norm_sq': 4.319999999999995, 'weighted_error': 1.0098381119954858, 'gamma': 0.4444444444444451}
{'sample_size': 500, 'difference': 0, 'noise': 0, 'n': 12, 'alpha': 0.5, 'shap_error': 0.062461358072822416, 'shap_norm_sq': 3.000000000000004, 'weighted_error': 1.034683580295044, 'gamma': 0.9999999999999984}
{'sample_size': 500, 'difference': 0, 'noise': 0, 'n': 12, 'alpha': 0.6, 'shap_error': 0.06451109745524163, 'shap_norm_sq': 1.920000000000003, 'weighted_error': 1.0093814754122061, 'gamma': 2.249999999999996}
{'sample_size': 500, 'difference': 0, 'noise': 0, 'n': 12, 'alpha': 0.7, 'shap_error': 0.15607564994914463, 'shap_norm_sq': 1.0800000000000078, 'weighted_error': 1.0144946205122019, 'gamma': 5.444444444444405}
{'sample_size': 500, 'difference': 0, 'noise': 0, 'n': 12, 'alpha': 0.8, 'shap_error': 0.2772138943418764, 'shap_norm_sq': 0.4800000000000006, 'weighted_error': 1.0064751739519224, 'gamma': 15.99999999999999}
{'sample_size': 500, 'difference': 0, 'noise': 0, 'n': 12, 'alpha': 0.2, 'shap_error': 0.01110710993660834, 'shap_norm_sq': 7.680000000000017, 'weighted_error': 1.0041026478746211, 'gamma': 0.06249999999999987}
{'sample_size': 500, 'difference': 0, 'noise': 0, 'n': 12, 'alpha': 0.3, 'shap_error': 0.01683927109115368, 'shap_norm_sq': 5.880000000000017, 'weighted_error': 1.014519982113565, 'gamma': 0.1836734693877546}
{'sample_size': 500, 'difference': 0, 'noise': 0, 'n': 12, 'alpha': 0.4, 'shap_error': 0.024333801946265436, 'shap_norm_sq': 4.319999999999995, 'weighted_error': 1.011348276601319, 'gamma': 0.4444444444444451}
{'sample_size': 500, 'difference': 0, 'noise': 0, 'n': 12, 'alpha': 0.5, 'shap_error': 0.041853868192734844, 'shap_norm_sq': 3.000000000000004, 'weighted_error': 1.0140760904149568, 'gamma': 0.9999999999999984}
{'sample_size': 500, 'difference': 0, 'noise': 0, 'n': 12, 'alpha': 0.6, 'shap_error': 0.07165310767475223, 'shap_norm_sq': 1.920000000000003, 'weighted_error': 1.0125557021764338, 'gamma': 2.249999999999996}
{'sample_size': 500, 'difference': 0, 'noise': 0, 'n': 12, 'alpha': 0.7, 'shap_error': 0.1403181708479949, 'shap_norm_sq': 1.0800000000000078, 'weighted_error': 1.0116003896568881, 'gamma': 5.444444444444405}
{'sample_size': 500, 'difference': 0, 'noise': 0, 'n': 12, 'alpha': 0.8, 'shap_error': 0.41893444741708974, 'shap_norm_sq': 0.4800000000000006, 'weighted_error': 1.0153327085191235, 'gamma': 15.99999999999999}
{'sample_size': 500, 'difference': 0, 'noise': 0, 'n': 12, 'alpha': 0.2, 'shap_error': 0.012227587484962808, 'shap_norm_sq': 7.680000000000017, 'weighted_error': 1.022030288648294, 'gamma': 0.06249999999999987}
{'sample_size': 500, 'difference': 0, 'noise': 0, 'n': 12, 'alpha': 0.3, 'shap_error': 0.017073352281948225, 'shap_norm_sq': 5.880000000000017, 'weighted_error': 1.0157944241523351, 'gamma': 0.1836734693877546}
{'sample_size': 500, 'difference': 0, 'noise': 0, 'n': 12, 'alpha': 0.4, 'shap_error': 0.024650234124599095, 'shap_norm_sq': 4.319999999999995, 'weighted_error': 1.01206024900257, 'gamma': 0.4444444444444451}
{'sample_size': 500, 'difference': 0, 'noise': 0, 'n': 12, 'alpha': 0.5, 'shap_error': 0.04276450452779133, 'shap_norm_sq': 3.000000000000004, 'weighted_error': 1.0149867267500128, 'gamma': 0.9999999999999984}
{'sample_size': 500, 'difference': 0, 'noise': 0, 'n': 12, 'alpha': 0.6, 'shap_error': 0.058041631112690374, 'shap_norm_sq': 1.920000000000003, 'weighted_error': 1.0065061570377394, 'gamma': 2.249999999999996}
{'sample_size': 500, 'difference': 0, 'noise': 0, 'n': 12, 'alpha': 0.7, 'shap_error': 0.1275648876840792, 'shap_norm_sq': 1.0800000000000078, 'weighted_error': 1.009257949892087, 'gamma': 5.444444444444405}
{'sample_size': 500, 'difference': 0, 'noise': 0, 'n': 12, 'alpha': 0.8, 'shap_error': 0.4107330681326569, 'shap_norm_sq': 0.4800000000000006, 'weighted_error': 1.0148201223138462, 'gamma': 15.99999999999999}
{'sample_size': 500, 'difference': 0, 'noise': 0, 'n': 12, 'alpha': 0.2, 'shap_error': 0.01169905668876079, 'shap_norm_sq': 7.680000000000017, 'weighted_error': 1.013573795909061, 'gamma': 0.06249999999999987}
{'sample_size': 500, 'difference': 0, 'noise': 0, 'n': 12, 'alpha': 0.3, 'shap_error': 0.015983545703802723, 'shap_norm_sq': 5.880000000000017, 'weighted_error': 1.009861032782432, 'gamma': 0.1836734693877546}
{'sample_size': 500, 'difference': 0, 'noise': 0, 'n': 12, 'alpha': 0.4, 'shap_error': 0.029805588950003396, 'shap_norm_sq': 4.319999999999995, 'weighted_error': 1.0236597973597295, 'gamma': 0.4444444444444451}
{'sample_size': 500, 'difference': 0, 'noise': 0, 'n': 12, 'alpha': 0.5, 'shap_error': 0.035921839989385695, 'shap_norm_sq': 3.000000000000004, 'weighted_error': 1.0081440622116076, 'gamma': 0.9999999999999984}
{'sample_size': 500, 'difference': 0, 'noise': 0, 'n': 12, 'alpha': 0.6, 'shap_error': 0.06725540486348712, 'shap_norm_sq': 1.920000000000003, 'weighted_error': 1.0106011675936488, 'gamma': 2.249999999999996}
{'sample_size': 500, 'difference': 0, 'noise': 0, 'n': 12, 'alpha': 0.7, 'shap_error': 0.1463826122247614, 'shap_norm_sq': 1.0800000000000078, 'weighted_error': 1.012714266644458, 'gamma': 5.444444444444405}
{'sample_size': 500, 'difference': 0, 'noise': 0, 'n': 12, 'alpha': 0.8, 'shap_error': 0.29120642852092216, 'shap_norm_sq': 0.4800000000000006, 'weighted_error': 1.0073497073381126, 'gamma': 15.99999999999999}
{'sample_size': 500, 'difference': 0, 'noise': 0, 'n': 12, 'alpha': 0.2, 'shap_error': 0.012288216208718188, 'shap_norm_sq': 7.680000000000017, 'weighted_error': 1.023000348228378, 'gamma': 0.06249999999999987}
{'sample_size': 500, 'difference': 0, 'noise': 0, 'n': 12, 'alpha': 0.3, 'shap_error': 0.01566639437416611, 'shap_norm_sq': 5.880000000000017, 'weighted_error': 1.008134319987744, 'gamma': 0.1836734693877546}
{'sample_size': 500, 'difference': 0, 'noise': 0, 'n': 12, 'alpha': 0.4, 'shap_error': 0.04109021700384186, 'shap_norm_sq': 4.319999999999995, 'weighted_error': 1.0490502104808657, 'gamma': 0.4444444444444451}
{'sample_size': 500, 'difference': 0, 'noise': 0, 'n': 12, 'alpha': 0.5, 'shap_error': 0.03078432588482303, 'shap_norm_sq': 3.000000000000004, 'weighted_error': 1.0030065481070451, 'gamma': 0.9999999999999984}
{'sample_size': 500, 'difference': 0, 'noise': 0, 'n': 12, 'alpha': 0.6, 'shap_error': 0.049579258598531274, 'shap_norm_sq': 1.920000000000003, 'weighted_error': 1.0027451025870018, 'gamma': 2.249999999999996}
{'sample_size': 500, 'difference': 0, 'noise': 0, 'n': 12, 'alpha': 0.7, 'shap_error': 0.19713947260371031, 'shap_norm_sq': 1.0800000000000078, 'weighted_error': 1.02203695528549, 'gamma': 5.444444444444405}
{'sample_size': 500, 'difference': 0, 'noise': 0, 'n': 12, 'alpha': 0.8, 'shap_error': 0.19289203829372878, 'shap_norm_sq': 0.4800000000000006, 'weighted_error': 1.0012050579489136, 'gamma': 15.99999999999999}
{'sample_size': 500, 'difference': 0, 'noise': 0, 'n': 12, 'alpha': 0.2, 'shap_error': 0.011546071203121108, 'shap_norm_sq': 7.680000000000017, 'weighted_error': 1.011126028138823, 'gamma': 0.06249999999999987}
{'sample_size': 500, 'difference': 0, 'noise': 0, 'n': 12, 'alpha': 0.3, 'shap_error': 0.016168033961998198, 'shap_norm_sq': 5.880000000000017, 'weighted_error': 1.0108654688548293, 'gamma': 0.1836734693877546}
{'sample_size': 500, 'difference': 0, 'noise': 0, 'n': 12, 'alpha': 0.4, 'shap_error': 0.022336479088806052, 'shap_norm_sq': 4.319999999999995, 'weighted_error': 1.0068543001720351, 'gamma': 0.4444444444444451}
{'sample_size': 500, 'difference': 0, 'noise': 0, 'n': 12, 'alpha': 0.5, 'shap_error': 0.040225510577642176, 'shap_norm_sq': 3.000000000000004, 'weighted_error': 1.0124477327998647, 'gamma': 0.9999999999999984}
{'sample_size': 500, 'difference': 0, 'noise': 0, 'n': 12, 'alpha': 0.6, 'shap_error': 0.057848382369031566, 'shap_norm_sq': 1.920000000000003, 'weighted_error': 1.006420268707224, 'gamma': 2.249999999999996}
{'sample_size': 500, 'difference': 0, 'noise': 0, 'n': 12, 'alpha': 0.7, 'shap_error': 0.15159850215083664, 'shap_norm_sq': 1.0800000000000078, 'weighted_error': 1.0136722872431245, 'gamma': 5.444444444444405}
{'sample_size': 500, 'difference': 0, 'noise': 0, 'n': 12, 'alpha': 0.8, 'shap_error': 0.7130517431461579, 'shap_norm_sq': 0.4800000000000006, 'weighted_error': 1.0337150395021906, 'gamma': 15.99999999999999}
{'sample_size': 500, 'difference': 0, 'noise': 0, 'n': 12, 'alpha': 0.2, 'shap_error': 0.012624047267188496, 'shap_norm_sq': 7.680000000000017, 'weighted_error': 1.0283736451639014, 'gamma': 0.06249999999999987}
{'sample_size': 500, 'difference': 0, 'noise': 0, 'n': 12, 'alpha': 0.3, 'shap_error': 0.018786858110617182, 'shap_norm_sq': 5.880000000000017, 'weighted_error': 1.0251235114417547, 'gamma': 0.1836734693877546}
{'sample_size': 500, 'difference': 0, 'noise': 0, 'n': 12, 'alpha': 0.4, 'shap_error': 0.0219034174499023, 'shap_norm_sq': 4.319999999999995, 'weighted_error': 1.0058799114845018, 'gamma': 0.4444444444444451}
{'sample_size': 500, 'difference': 0, 'noise': 0, 'n': 12, 'alpha': 0.5, 'shap_error': 0.05655060781684954, 'shap_norm_sq': 3.000000000000004, 'weighted_error': 1.0287728300390713, 'gamma': 0.9999999999999984}
{'sample_size': 500, 'difference': 0, 'noise': 0, 'n': 12, 'alpha': 0.6, 'shap_error': 0.057236674096308886, 'shap_norm_sq': 1.920000000000003, 'weighted_error': 1.0061483983637916, 'gamma': 2.249999999999996}
{'sample_size': 500, 'difference': 0, 'noise': 0, 'n': 12, 'alpha': 0.7, 'shap_error': 0.10997660630338471, 'shap_norm_sq': 1.0800000000000078, 'weighted_error': 1.0060274492303272, 'gamma': 5.444444444444405}
{'sample_size': 500, 'difference': 0, 'noise': 0, 'n': 12, 'alpha': 0.8, 'shap_error': 0.23651241553671065, 'shap_norm_sq': 0.4800000000000006, 'weighted_error': 1.0039313315265996, 'gamma': 15.99999999999999}
{'sample_size': 500, 'difference': 0, 'noise': 0, 'n': 12, 'alpha': 0.2, 'shap_error': 0.011364468781019946, 'shap_norm_sq': 7.680000000000017, 'weighted_error': 1.0082203893852073, 'gamma': 0.06249999999999987}
{'sample_size': 500, 'difference': 0, 'noise': 0, 'n': 12, 'alpha': 0.3, 'shap_error': 0.01808449742259897, 'shap_norm_sq': 5.880000000000017, 'weighted_error': 1.0212995476958782, 'gamma': 0.1836734693877546}
{'sample_size': 500, 'difference': 0, 'noise': 0, 'n': 12, 'alpha': 0.4, 'shap_error': 0.02293628337447786, 'shap_norm_sq': 4.319999999999995, 'weighted_error': 1.0082038598147973, 'gamma': 0.4444444444444451}
{'sample_size': 500, 'difference': 0, 'noise': 0, 'n': 12, 'alpha': 0.5, 'shap_error': 0.04070385087013793, 'shap_norm_sq': 3.000000000000004, 'weighted_error': 1.0129260730923597, 'gamma': 0.9999999999999984}
{'sample_size': 500, 'difference': 0, 'noise': 0, 'n': 12, 'alpha': 0.6, 'shap_error': 0.06647878701419976, 'shap_norm_sq': 1.920000000000003, 'weighted_error': 1.0102560041050765, 'gamma': 2.249999999999996}
{'sample_size': 500, 'difference': 0, 'noise': 0, 'n': 12, 'alpha': 0.7, 'shap_error': 0.20997033250151104, 'shap_norm_sq': 1.0800000000000078, 'weighted_error': 1.0243936438381467, 'gamma': 5.444444444444405}
{'sample_size': 500, 'difference': 0, 'noise': 0, 'n': 12, 'alpha': 0.8, 'shap_error': 0.474253152988025, 'shap_norm_sq': 0.4800000000000006, 'weighted_error': 1.018790127617307, 'gamma': 15.99999999999999}
{'sample_size': 500, 'difference': 0, 'noise': 0, 'n': 12, 'alpha': 0.2, 'shap_error': 0.011770372070755096, 'shap_norm_sq': 7.680000000000017, 'weighted_error': 1.0147148420209697, 'gamma': 0.06249999999999987}
{'sample_size': 500, 'difference': 0, 'noise': 0, 'n': 12, 'alpha': 0.3, 'shap_error': 0.014864474925062713, 'shap_norm_sq': 5.880000000000017, 'weighted_error': 1.0037683140981803, 'gamma': 0.1836734693877546}
{'sample_size': 500, 'difference': 0, 'noise': 0, 'n': 12, 'alpha': 0.4, 'shap_error': 0.023664338958880097, 'shap_norm_sq': 4.319999999999995, 'weighted_error': 1.0098419848797022, 'gamma': 0.4444444444444451}
{'sample_size': 500, 'difference': 0, 'noise': 0, 'n': 12, 'alpha': 0.5, 'shap_error': 0.042319309843562, 'shap_norm_sq': 3.000000000000004, 'weighted_error': 1.0145415320657838, 'gamma': 0.9999999999999984}
{'sample_size': 500, 'difference': 0, 'noise': 0, 'n': 12, 'alpha': 0.6, 'shap_error': 0.0503297746011705, 'shap_norm_sq': 1.920000000000003, 'weighted_error': 1.0030786652548416, 'gamma': 2.249999999999996}
{'sample_size': 500, 'difference': 0, 'noise': 0, 'n': 12, 'alpha': 0.7, 'shap_error': 0.14891894160045438, 'shap_norm_sq': 1.0800000000000078, 'weighted_error': 1.0131801230604018, 'gamma': 5.444444444444405}
{'sample_size': 500, 'difference': 0, 'noise': 0, 'n': 12, 'alpha': 0.8, 'shap_error': 0.7455990843506299, 'shap_norm_sq': 0.4800000000000006, 'weighted_error': 1.03574924832747, 'gamma': 15.99999999999999}
{'sample_size': 500, 'difference': 0, 'noise': 0, 'n': 12, 'alpha': 0.2, 'shap_error': 0.012471225301569253, 'shap_norm_sq': 7.680000000000017, 'weighted_error': 1.0259284937139947, 'gamma': 0.06249999999999987}
{'sample_size': 500, 'difference': 0, 'noise': 0, 'n': 12, 'alpha': 0.3, 'shap_error': 0.015655927140682466, 'shap_norm_sq': 5.880000000000017, 'weighted_error': 1.0080773317165546, 'gamma': 0.1836734693877546}
{'sample_size': 500, 'difference': 0, 'noise': 0, 'n': 12, 'alpha': 0.4, 'shap_error': 0.026629200620843927, 'shap_norm_sq': 4.319999999999995, 'weighted_error': 1.0165129236191213, 'gamma': 0.4444444444444451}
{'sample_size': 500, 'difference': 0, 'noise': 0, 'n': 12, 'alpha': 0.5, 'shap_error': 0.0491528950697819, 'shap_norm_sq': 3.000000000000004, 'weighted_error': 1.0213751172920043, 'gamma': 0.9999999999999984}
{'sample_size': 500, 'difference': 0, 'noise': 0, 'n': 12, 'alpha': 0.6, 'shap_error': 0.0690065653722225, 'shap_norm_sq': 1.920000000000003, 'weighted_error': 1.0113794611530864, 'gamma': 2.249999999999996}
{'sample_size': 500, 'difference': 0, 'noise': 0, 'n': 12, 'alpha': 0.7, 'shap_error': 0.11209019938651382, 'shap_norm_sq': 1.0800000000000078, 'weighted_error': 1.0064156602047798, 'gamma': 5.444444444444405}
{'sample_size': 500, 'difference': 0, 'noise': 0, 'n': 12, 'alpha': 0.8, 'shap_error': 0.2712502747464942, 'shap_norm_sq': 0.4800000000000006, 'weighted_error': 1.0061024477272118, 'gamma': 15.99999999999999}
{'sample_size': 500, 'difference': 0, 'noise': 0, 'n': 12, 'alpha': 0.2, 'shap_error': 0.011568693976303043, 'shap_norm_sq': 7.680000000000017, 'weighted_error': 1.0114879925097349, 'gamma': 0.06249999999999987}
{'sample_size': 500, 'difference': 0, 'noise': 0, 'n': 12, 'alpha': 0.3, 'shap_error': 0.01774194748416849, 'shap_norm_sq': 5.880000000000017, 'weighted_error': 1.0194345535866454, 'gamma': 0.1836734693877546}
{'sample_size': 500, 'difference': 0, 'noise': 0, 'n': 12, 'alpha': 0.4, 'shap_error': 0.021518921462330007, 'shap_norm_sq': 4.319999999999995, 'weighted_error': 1.0050147955124638, 'gamma': 0.4444444444444451}
{'sample_size': 500, 'difference': 0, 'noise': 0, 'n': 12, 'alpha': 0.5, 'shap_error': 0.04644025377833599, 'shap_norm_sq': 3.000000000000004, 'weighted_error': 1.0186624760005578, 'gamma': 0.9999999999999984}
{'sample_size': 500, 'difference': 0, 'noise': 0, 'n': 12, 'alpha': 0.6, 'shap_error': 0.10211998774978734, 'shap_norm_sq': 1.920000000000003, 'weighted_error': 1.0260965377653377, 'gamma': 2.249999999999996}
{'sample_size': 500, 'difference': 0, 'noise': 0, 'n': 12, 'alpha': 0.7, 'shap_error': 0.22945902334011697, 'shap_norm_sq': 1.0800000000000078, 'weighted_error': 1.0279731992982988, 'gamma': 5.444444444444405}
{'sample_size': 500, 'difference': 0, 'noise': 0, 'n': 12, 'alpha': 0.8, 'shap_error': 0.437029501160319, 'shap_norm_sq': 0.4800000000000006, 'weighted_error': 1.0164636493780759, 'gamma': 15.99999999999999}
{'sample_size': 500, 'difference': 0, 'noise': 0, 'n': 12, 'alpha': 0.2, 'shap_error': 0.01251776179060657, 'shap_norm_sq': 7.680000000000017, 'weighted_error': 1.026673077538592, 'gamma': 0.06249999999999987}
{'sample_size': 500, 'difference': 0, 'noise': 0, 'n': 12, 'alpha': 0.3, 'shap_error': 0.0159716113927838, 'shap_norm_sq': 5.880000000000017, 'weighted_error': 1.0097960570891067, 'gamma': 0.1836734693877546}
{'sample_size': 500, 'difference': 0, 'noise': 0, 'n': 12, 'alpha': 0.4, 'shap_error': 0.02891709979964197, 'shap_norm_sq': 4.319999999999995, 'weighted_error': 1.0216606967714166, 'gamma': 0.4444444444444451}
{'sample_size': 500, 'difference': 0, 'noise': 0, 'n': 12, 'alpha': 0.5, 'shap_error': 0.03600786776255038, 'shap_norm_sq': 3.000000000000004, 'weighted_error': 1.0082300899847723, 'gamma': 0.9999999999999984}
{'sample_size': 500, 'difference': 0, 'noise': 0, 'n': 12, 'alpha': 0.6, 'shap_error': 0.05660165267527585, 'shap_norm_sq': 1.920000000000003, 'weighted_error': 1.0058661666211106, 'gamma': 2.249999999999996}
{'sample_size': 500, 'difference': 0, 'noise': 0, 'n': 12, 'alpha': 0.7, 'shap_error': 0.09399225797803903, 'shap_norm_sq': 1.0800000000000078, 'weighted_error': 1.0030915485175085, 'gamma': 5.444444444444405}
{'sample_size': 500, 'difference': 0, 'noise': 0, 'n': 12, 'alpha': 0.8, 'shap_error': 0.440009234517933, 'shap_norm_sq': 0.4800000000000006, 'weighted_error': 1.0166498827129264, 'gamma': 15.99999999999999}
{'sample_size': 500, 'difference': 0, 'noise': 0, 'n': 12, 'alpha': 0.2, 'shap_error': 0.011572261028308873, 'shap_norm_sq': 7.680000000000017, 'weighted_error': 1.0115450653418285, 'gamma': 0.06249999999999987}
{'sample_size': 500, 'difference': 0, 'noise': 0, 'n': 12, 'alpha': 0.3, 'shap_error': 0.01560370555247813, 'shap_norm_sq': 5.880000000000017, 'weighted_error': 1.0077930141807756, 'gamma': 0.1836734693877546}
{'sample_size': 500, 'difference': 0, 'noise': 0, 'n': 12, 'alpha': 0.4, 'shap_error': 0.0367752345997511, 'shap_norm_sq': 4.319999999999995, 'weighted_error': 1.0393415000716606, 'gamma': 0.4444444444444451}
{'sample_size': 500, 'difference': 0, 'noise': 0, 'n': 12, 'alpha': 0.5, 'shap_error': 0.03694667453138287, 'shap_norm_sq': 3.000000000000004, 'weighted_error': 1.0091688967536052, 'gamma': 0.9999999999999984}
{'sample_size': 500, 'difference': 0, 'noise': 0, 'n': 12, 'alpha': 0.6, 'shap_error': 0.06461942129079885, 'shap_norm_sq': 1.920000000000003, 'weighted_error': 1.0094296193391203, 'gamma': 2.249999999999996}
{'sample_size': 500, 'difference': 0, 'noise': 0, 'n': 12, 'alpha': 0.7, 'shap_error': 0.1270670286025976, 'shap_norm_sq': 1.0800000000000078, 'weighted_error': 1.0091665063873252, 'gamma': 5.444444444444405}
{'sample_size': 500, 'difference': 0, 'noise': 0, 'n': 12, 'alpha': 0.8, 'shap_error': 0.3321787255098135, 'shap_norm_sq': 0.4800000000000006, 'weighted_error': 1.0099104758999187, 'gamma': 15.99999999999999}
{'sample_size': 500, 'difference': 0, 'noise': 0, 'n': 12, 'alpha': 0.2, 'shap_error': 0.0126524187581593, 'shap_norm_sq': 7.680000000000017, 'weighted_error': 1.0288275890194347, 'gamma': 0.06249999999999987}
{'sample_size': 500, 'difference': 0, 'noise': 0, 'n': 12, 'alpha': 0.3, 'shap_error': 0.015484008837878038, 'shap_norm_sq': 5.880000000000017, 'weighted_error': 1.0071413320679523, 'gamma': 0.1836734693877546}
{'sample_size': 500, 'difference': 0, 'noise': 0, 'n': 12, 'alpha': 0.4, 'shap_error': 0.023808059051124077, 'shap_norm_sq': 4.319999999999995, 'weighted_error': 1.0101653550872505, 'gamma': 0.4444444444444451}
{'sample_size': 500, 'difference': 0, 'noise': 0, 'n': 12, 'alpha': 0.5, 'shap_error': 0.03847103156660886, 'shap_norm_sq': 3.000000000000004, 'weighted_error': 1.0106932537888311, 'gamma': 0.9999999999999984}
{'sample_size': 500, 'difference': 0, 'noise': 0, 'n': 12, 'alpha': 0.6, 'shap_error': 0.07160513211973554, 'shap_norm_sq': 1.920000000000003, 'weighted_error': 1.0125343797075366, 'gamma': 2.249999999999996}
{'sample_size': 500, 'difference': 0, 'noise': 0, 'n': 12, 'alpha': 0.7, 'shap_error': 0.13320459676057084, 'shap_norm_sq': 1.0800000000000078, 'weighted_error': 1.010293814824504, 'gamma': 5.444444444444405}
{'sample_size': 500, 'difference': 0, 'noise': 0, 'n': 12, 'alpha': 0.8, 'shap_error': 0.2621444513247755, 'shap_norm_sq': 0.4800000000000006, 'weighted_error': 1.005533333763354, 'gamma': 15.99999999999999}
{'sample_size': 500, 'difference': 0, 'noise': 0, 'n': 12, 'alpha': 0.2, 'shap_error': 0.011463745694885015, 'shap_norm_sq': 7.680000000000017, 'weighted_error': 1.009808820007048, 'gamma': 0.06249999999999987}
{'sample_size': 500, 'difference': 0, 'noise': 0, 'n': 12, 'alpha': 0.3, 'shap_error': 0.020631072554135453, 'shap_norm_sq': 5.880000000000017, 'weighted_error': 1.0351642345231322, 'gamma': 0.1836734693877546}
{'sample_size': 500, 'difference': 0, 'noise': 0, 'n': 12, 'alpha': 0.4, 'shap_error': 0.022913189152156663, 'shap_norm_sq': 4.319999999999995, 'weighted_error': 1.008151897814574, 'gamma': 0.4444444444444451}
{'sample_size': 500, 'difference': 0, 'noise': 0, 'n': 12, 'alpha': 0.5, 'shap_error': 0.041454758388612824, 'shap_norm_sq': 3.000000000000004, 'weighted_error': 1.0136769806108359, 'gamma': 0.9999999999999984}
{'sample_size': 500, 'difference': 0, 'noise': 0, 'n': 12, 'alpha': 0.6, 'shap_error': 0.060046391502185666, 'shap_norm_sq': 1.920000000000003, 'weighted_error': 1.0073971616552926, 'gamma': 2.249999999999996}
{'sample_size': 500, 'difference': 0, 'noise': 0, 'n': 12, 'alpha': 0.7, 'shap_error': 0.16894383888579861, 'shap_norm_sq': 1.0800000000000078, 'weighted_error': 1.0168581654189341, 'gamma': 5.444444444444405}
{'sample_size': 500, 'difference': 0, 'noise': 0, 'n': 12, 'alpha': 0.8, 'shap_error': 0.2961716617816682, 'shap_norm_sq': 0.4800000000000006, 'weighted_error': 1.00766003441691, 'gamma': 15.99999999999999}
{'sample_size': 500, 'difference': 0, 'noise': 0, 'n': 12, 'alpha': 0.2, 'shap_error': 0.011535615958067959, 'shap_norm_sq': 7.680000000000017, 'weighted_error': 1.0109587442179748, 'gamma': 0.06249999999999987}
{'sample_size': 500, 'difference': 0, 'noise': 0, 'n': 12, 'alpha': 0.3, 'shap_error': 0.016981389389593392, 'shap_norm_sq': 5.880000000000017, 'weighted_error': 1.015293737293959, 'gamma': 0.1836734693877546}
{'sample_size': 500, 'difference': 0, 'noise': 0, 'n': 12, 'alpha': 0.4, 'shap_error': 0.02151564299248256, 'shap_norm_sq': 4.319999999999995, 'weighted_error': 1.0050074189553078, 'gamma': 0.4444444444444451}
{'sample_size': 500, 'difference': 0, 'noise': 0, 'n': 12, 'alpha': 0.5, 'shap_error': 0.03758752061247531, 'shap_norm_sq': 3.000000000000004, 'weighted_error': 1.0098097428346973, 'gamma': 0.9999999999999984}
{'sample_size': 500, 'difference': 0, 'noise': 0, 'n': 12, 'alpha': 0.6, 'shap_error': 0.11400846765972829, 'shap_norm_sq': 1.920000000000003, 'weighted_error': 1.0313803066142, 'gamma': 2.249999999999996}
{'sample_size': 500, 'difference': 0, 'noise': 0, 'n': 12, 'alpha': 0.7, 'shap_error': 0.2781853579762295, 'shap_norm_sq': 1.0800000000000078, 'weighted_error': 1.0369229342314623, 'gamma': 5.444444444444405}
{'sample_size': 500, 'difference': 0, 'noise': 0, 'n': 12, 'alpha': 0.8, 'shap_error': 0.3697014030285763, 'shap_norm_sq': 0.4800000000000006, 'weighted_error': 1.0122556432448417, 'gamma': 15.99999999999999}
{'sample_size': 500, 'difference': 0, 'noise': 0, 'n': 12, 'alpha': 0.2, 'shap_error': 0.01349925714685212, 'shap_norm_sq': 7.680000000000017, 'weighted_error': 1.0423770032385211, 'gamma': 0.06249999999999987}
{'sample_size': 500, 'difference': 0, 'noise': 0, 'n': 12, 'alpha': 0.3, 'shap_error': 0.014763377133377133, 'shap_norm_sq': 5.880000000000017, 'weighted_error': 1.0032178927878925, 'gamma': 0.1836734693877546}
{'sample_size': 500, 'difference': 0, 'noise': 0, 'n': 12, 'alpha': 0.4, 'shap_error': 0.02394164135555769, 'shap_norm_sq': 4.319999999999995, 'weighted_error': 1.010465915272226, 'gamma': 0.4444444444444451}
{'sample_size': 500, 'difference': 0, 'noise': 0, 'n': 12, 'alpha': 0.5, 'shap_error': 0.05042516534445458, 'shap_norm_sq': 3.000000000000004, 'weighted_error': 1.0226473875666764, 'gamma': 0.9999999999999984}
{'sample_size': 500, 'difference': 0, 'noise': 0, 'n': 12, 'alpha': 0.6, 'shap_error': 0.07344754908392004, 'shap_norm_sq': 1.920000000000003, 'weighted_error': 1.013353231691619, 'gamma': 2.249999999999996}
{'sample_size': 500, 'difference': 0, 'noise': 0, 'n': 12, 'alpha': 0.7, 'shap_error': 0.10850357782369081, 'shap_norm_sq': 1.0800000000000078, 'weighted_error': 1.0057568929789549, 'gamma': 5.444444444444405}
{'sample_size': 500, 'difference': 0, 'noise': 0, 'n': 12, 'alpha': 0.8, 'shap_error': 0.28908012901533797, 'shap_norm_sq': 0.4800000000000006, 'weighted_error': 1.0072168136190136, 'gamma': 15.99999999999999}
{'sample_size': 500, 'difference': 0, 'noise': 0, 'n': 12, 'alpha': 0.2, 'shap_error': 0.01195285992558415, 'shap_norm_sq': 7.680000000000017, 'weighted_error': 1.0176346476982334, 'gamma': 0.06249999999999987}
{'sample_size': 500, 'difference': 0, 'noise': 0, 'n': 12, 'alpha': 0.3, 'shap_error': 0.017637503629810893, 'shap_norm_sq': 5.880000000000017, 'weighted_error': 1.0188659148240322, 'gamma': 0.1836734693877546}
{'sample_size': 500, 'difference': 0, 'noise': 0, 'n': 12, 'alpha': 0.4, 'shap_error': 0.02426019171693709, 'shap_norm_sq': 4.319999999999995, 'weighted_error': 1.0111826535853299, 'gamma': 0.4444444444444451}
{'sample_size': 500, 'difference': 0, 'noise': 0, 'n': 12, 'alpha': 0.5, 'shap_error': 0.03719273603373696, 'shap_norm_sq': 3.000000000000004, 'weighted_error': 1.0094149582559593, 'gamma': 0.9999999999999984}
{'sample_size': 500, 'difference': 0, 'noise': 0, 'n': 12, 'alpha': 0.6, 'shap_error': 0.05960572106848335, 'shap_norm_sq': 1.920000000000003, 'weighted_error': 1.0072013081292026, 'gamma': 2.249999999999996}
{'sample_size': 500, 'difference': 0, 'noise': 0, 'n': 12, 'alpha': 0.7, 'shap_error': 0.21563354245906283, 'shap_norm_sq': 1.0800000000000078, 'weighted_error': 1.0254338252589217, 'gamma': 5.444444444444405}
{'sample_size': 500, 'difference': 0, 'noise': 0, 'n': 12, 'alpha': 0.8, 'shap_error': 0.26412757049966384, 'shap_norm_sq': 0.4800000000000006, 'weighted_error': 1.0056572787117843, 'gamma': 15.99999999999999}
{'sample_size': 500, 'difference': 0, 'noise': 0, 'n': 12, 'alpha': 0.2, 'shap_error': 0.01166434416059143, 'shap_norm_sq': 7.680000000000017, 'weighted_error': 1.0130183954583494, 'gamma': 0.06249999999999987}
{'sample_size': 500, 'difference': 0, 'noise': 0, 'n': 12, 'alpha': 0.3, 'shap_error': 0.015764038300006143, 'shap_norm_sq': 5.880000000000017, 'weighted_error': 1.0086659369173165, 'gamma': 0.1836734693877546}
{'sample_size': 500, 'difference': 0, 'noise': 0, 'n': 12, 'alpha': 0.4, 'shap_error': 0.021990866172864516, 'shap_norm_sq': 4.319999999999995, 'weighted_error': 1.0060766711111668, 'gamma': 0.4444444444444451}
{'sample_size': 500, 'difference': 0, 'noise': 0, 'n': 12, 'alpha': 0.5, 'shap_error': 0.03310719854972699, 'shap_norm_sq': 3.000000000000004, 'weighted_error': 1.005329420771949, 'gamma': 0.9999999999999984}
{'sample_size': 500, 'difference': 0, 'noise': 0, 'n': 12, 'alpha': 0.6, 'shap_error': 0.05997120892833811, 'shap_norm_sq': 1.920000000000003, 'weighted_error': 1.007363747178027, 'gamma': 2.249999999999996}
{'sample_size': 500, 'difference': 0, 'noise': 0, 'n': 12, 'alpha': 0.7, 'shap_error': 0.152331320992547, 'shap_norm_sq': 1.0800000000000078, 'weighted_error': 1.0138068866222139, 'gamma': 5.444444444444405}
{'sample_size': 500, 'difference': 0, 'noise': 0, 'n': 12, 'alpha': 0.8, 'shap_error': 0.5530691520762858, 'shap_norm_sq': 0.4800000000000006, 'weighted_error': 1.0237161275603226, 'gamma': 15.99999999999999}
{'sample_size': 500, 'difference': 0, 'noise': 0, 'n': 12, 'alpha': 0.2, 'shap_error': 0.011786114171788691, 'shap_norm_sq': 7.680000000000017, 'weighted_error': 1.0149667156375068, 'gamma': 0.06249999999999987}
{'sample_size': 500, 'difference': 0, 'noise': 0, 'n': 12, 'alpha': 0.3, 'shap_error': 0.01643332054049898, 'shap_norm_sq': 5.880000000000017, 'weighted_error': 1.012309806893333, 'gamma': 0.1836734693877546}
{'sample_size': 500, 'difference': 0, 'noise': 0, 'n': 12, 'alpha': 0.4, 'shap_error': 0.031692229697321966, 'shap_norm_sq': 4.319999999999995, 'weighted_error': 1.0279047390411957, 'gamma': 0.4444444444444451}
{'sample_size': 500, 'difference': 0, 'noise': 0, 'n': 12, 'alpha': 0.5, 'shap_error': 0.07221175288989864, 'shap_norm_sq': 3.000000000000004, 'weighted_error': 1.0444339751121219, 'gamma': 0.9999999999999984}
{'sample_size': 500, 'difference': 0, 'noise': 0, 'n': 12, 'alpha': 0.6, 'shap_error': 0.06905599795946132, 'shap_norm_sq': 1.920000000000003, 'weighted_error': 1.0114014311918598, 'gamma': 2.249999999999996}
{'sample_size': 500, 'difference': 0, 'noise': 0, 'n': 12, 'alpha': 0.7, 'shap_error': 0.15917067638383123, 'shap_norm_sq': 1.0800000000000078, 'weighted_error': 1.0150630947553063, 'gamma': 5.444444444444405}
{'sample_size': 500, 'difference': 0, 'noise': 0, 'n': 12, 'alpha': 0.8, 'shap_error': 0.2634816815195953, 'shap_norm_sq': 0.4800000000000006, 'weighted_error': 1.00561691065053, 'gamma': 15.99999999999999}
{'sample_size': 500, 'difference': 0, 'noise': 0, 'n': 12, 'alpha': 0.2, 'shap_error': 0.011443278722799809, 'shap_norm_sq': 7.680000000000017, 'weighted_error': 1.009481348453684, 'gamma': 0.06249999999999987}
{'sample_size': 500, 'difference': 0, 'noise': 0, 'n': 12, 'alpha': 0.3, 'shap_error': 0.015626239384006826, 'shap_norm_sq': 5.880000000000017, 'weighted_error': 1.0079156983746542, 'gamma': 0.1836734693877546}
{'sample_size': 500, 'difference': 0, 'noise': 0, 'n': 12, 'alpha': 0.4, 'shap_error': 0.023040343426932033, 'shap_norm_sq': 4.319999999999995, 'weighted_error': 1.008437994932819, 'gamma': 0.4444444444444451}
{'sample_size': 500, 'difference': 0, 'noise': 0, 'n': 12, 'alpha': 0.5, 'shap_error': 0.04203870559121466, 'shap_norm_sq': 3.000000000000004, 'weighted_error': 1.0142609278134367, 'gamma': 0.9999999999999984}
{'sample_size': 500, 'difference': 0, 'noise': 0, 'n': 12, 'alpha': 0.6, 'shap_error': 0.04981549529269258, 'shap_norm_sq': 1.920000000000003, 'weighted_error': 1.0028500966732956, 'gamma': 2.249999999999996}
{'sample_size': 500, 'difference': 0, 'noise': 0, 'n': 12, 'alpha': 0.7, 'shap_error': 0.11819619665133883, 'shap_norm_sq': 1.0800000000000078, 'weighted_error': 1.0075371699064821, 'gamma': 5.444444444444405}
{'sample_size': 500, 'difference': 0, 'noise': 0, 'n': 12, 'alpha': 0.8, 'shap_error': 0.32839180766867193, 'shap_norm_sq': 0.4800000000000006, 'weighted_error': 1.0096737935348477, 'gamma': 15.99999999999999}
{'sample_size': 500, 'difference': 0, 'noise': 0, 'n': 12, 'alpha': 0.2, 'shap_error': 0.011127794246307578, 'shap_norm_sq': 7.680000000000017, 'weighted_error': 1.004433596829808, 'gamma': 0.06249999999999987}
{'sample_size': 500, 'difference': 0, 'noise': 0, 'n': 12, 'alpha': 0.3, 'shap_error': 0.015664678076613075, 'shap_norm_sq': 5.880000000000017, 'weighted_error': 1.008124975701066, 'gamma': 0.1836734693877546}
{'sample_size': 500, 'difference': 0, 'noise': 0, 'n': 12, 'alpha': 0.4, 'shap_error': 0.025800939364670723, 'shap_norm_sq': 4.319999999999995, 'weighted_error': 1.014649335792731, 'gamma': 0.4444444444444451}
{'sample_size': 500, 'difference': 0, 'noise': 0, 'n': 12, 'alpha': 0.5, 'shap_error': 0.06406905494101077, 'shap_norm_sq': 3.000000000000004, 'weighted_error': 1.036291277163233, 'gamma': 0.9999999999999984}
{'sample_size': 500, 'difference': 0, 'noise': 0, 'n': 12, 'alpha': 0.6, 'shap_error': 0.05405267304899919, 'shap_norm_sq': 1.920000000000003, 'weighted_error': 1.0047332867872099, 'gamma': 2.249999999999996}
{'sample_size': 500, 'difference': 0, 'noise': 0, 'n': 12, 'alpha': 0.7, 'shap_error': 0.12466143426311757, 'shap_norm_sq': 1.0800000000000078, 'weighted_error': 1.0087246625290534, 'gamma': 5.444444444444405}
{'sample_size': 500, 'difference': 0, 'noise': 0, 'n': 12, 'alpha': 0.8, 'shap_error': 0.3220720003568044, 'shap_norm_sq': 0.4800000000000006, 'weighted_error': 1.0092788055778557, 'gamma': 15.99999999999999}
{'sample_size': 500, 'difference': 0, 'noise': 0, 'n': 12, 'alpha': 0.2, 'shap_error': 0.011767246749899075, 'shap_norm_sq': 7.680000000000017, 'weighted_error': 1.0146648368872726, 'gamma': 0.06249999999999987}
{'sample_size': 500, 'difference': 0, 'noise': 0, 'n': 12, 'alpha': 0.3, 'shap_error': 0.015802830904169136, 'shap_norm_sq': 5.880000000000017, 'weighted_error': 1.0088771410955377, 'gamma': 0.1836734693877546}
{'sample_size': 500, 'difference': 0, 'noise': 0, 'n': 12, 'alpha': 0.4, 'shap_error': 0.022859195170927108, 'shap_norm_sq': 4.319999999999995, 'weighted_error': 1.0080304113568073, 'gamma': 0.4444444444444451}
{'sample_size': 500, 'difference': 0, 'noise': 0, 'n': 12, 'alpha': 0.5, 'shap_error': 0.03264944431797362, 'shap_norm_sq': 3.000000000000004, 'weighted_error': 1.0048716665401953, 'gamma': 0.9999999999999984}
{'sample_size': 500, 'difference': 0, 'noise': 0, 'n': 12, 'alpha': 0.6, 'shap_error': 0.05703775213241412, 'shap_norm_sq': 1.920000000000003, 'weighted_error': 1.0060599886020607, 'gamma': 2.249999999999996}
{'sample_size': 500, 'difference': 0, 'noise': 0, 'n': 12, 'alpha': 0.7, 'shap_error': 0.08864222444476187, 'shap_norm_sq': 1.0800000000000078, 'weighted_error': 1.0021088892971108, 'gamma': 5.444444444444405}
{'sample_size': 500, 'difference': 0, 'noise': 0, 'n': 12, 'alpha': 0.8, 'shap_error': 0.311791106348235, 'shap_norm_sq': 0.4800000000000006, 'weighted_error': 1.0086362497023202, 'gamma': 15.99999999999999}
{'sample_size': 500, 'difference': 0, 'noise': 0, 'n': 12, 'alpha': 0.2, 'shap_error': 0.011295479953111604, 'shap_norm_sq': 7.680000000000017, 'weighted_error': 1.007116568138672, 'gamma': 0.06249999999999987}
{'sample_size': 500, 'difference': 0, 'noise': 0, 'n': 12, 'alpha': 0.3, 'shap_error': 0.015473860734396773, 'shap_norm_sq': 5.880000000000017, 'weighted_error': 1.0070860812823323, 'gamma': 0.1836734693877546}
{'sample_size': 500, 'difference': 0, 'noise': 0, 'n': 12, 'alpha': 0.4, 'shap_error': 0.022435701004471138, 'shap_norm_sq': 4.319999999999995, 'weighted_error': 1.007077549482282, 'gamma': 0.4444444444444451}
{'sample_size': 500, 'difference': 0, 'noise': 0, 'n': 12, 'alpha': 0.5, 'shap_error': 0.03920341993320542, 'shap_norm_sq': 3.000000000000004, 'weighted_error': 1.0114256421554273, 'gamma': 0.9999999999999984}
{'sample_size': 500, 'difference': 0, 'noise': 0, 'n': 12, 'alpha': 0.6, 'shap_error': 0.07583372171013633, 'shap_norm_sq': 1.920000000000003, 'weighted_error': 1.014413752858826, 'gamma': 2.249999999999996}
{'sample_size': 500, 'difference': 0, 'noise': 0, 'n': 12, 'alpha': 0.7, 'shap_error': 0.13183968451267788, 'shap_norm_sq': 1.0800000000000078, 'weighted_error': 1.0100431166565242, 'gamma': 5.444444444444405}
{'sample_size': 500, 'difference': 0, 'noise': 0, 'n': 12, 'alpha': 0.8, 'shap_error': 0.2285245807022794, 'shap_norm_sq': 0.4800000000000006, 'weighted_error': 1.0034320918494484, 'gamma': 15.99999999999999}
{'sample_size': 500, 'difference': 0, 'noise': 0, 'n': 12, 'alpha': 0.2, 'shap_error': 0.011660018387633416, 'shap_norm_sq': 7.680000000000017, 'weighted_error': 1.0129491830910209, 'gamma': 0.06249999999999987}
{'sample_size': 500, 'difference': 0, 'noise': 0, 'n': 12, 'alpha': 0.3, 'shap_error': 0.01674114079295991, 'shap_norm_sq': 5.880000000000017, 'weighted_error': 1.013985717156732, 'gamma': 0.1836734693877546}
{'sample_size': 500, 'difference': 0, 'noise': 0, 'n': 12, 'alpha': 0.4, 'shap_error': 0.02477719000411663, 'shap_norm_sq': 4.319999999999995, 'weighted_error': 1.0123458997314843, 'gamma': 0.4444444444444451}
{'sample_size': 500, 'difference': 0, 'noise': 0, 'n': 12, 'alpha': 0.5, 'shap_error': 0.03644576753131971, 'shap_norm_sq': 3.000000000000004, 'weighted_error': 1.0086679897535415, 'gamma': 0.9999999999999984}
{'sample_size': 500, 'difference': 0, 'noise': 0, 'n': 12, 'alpha': 0.6, 'shap_error': 0.05178317806012466, 'shap_norm_sq': 1.920000000000003, 'weighted_error': 1.0037246223477094, 'gamma': 2.249999999999996}
{'sample_size': 500, 'difference': 0, 'noise': 0, 'n': 12, 'alpha': 0.7, 'shap_error': 0.11552067901107865, 'shap_norm_sq': 1.0800000000000078, 'weighted_error': 1.0070457482990869, 'gamma': 5.444444444444405}
{'sample_size': 500, 'difference': 0, 'noise': 0, 'n': 12, 'alpha': 0.8, 'shap_error': 0.22248051978461325, 'shap_norm_sq': 0.4800000000000006, 'weighted_error': 1.0030543380420938, 'gamma': 15.99999999999999}
{'sample_size': 500, 'difference': 0, 'noise': 0, 'n': 12, 'alpha': 0.2, 'shap_error': 0.012757354399279776, 'shap_norm_sq': 7.680000000000017, 'weighted_error': 1.030506559277364, 'gamma': 0.06249999999999987}
{'sample_size': 500, 'difference': 0, 'noise': 0, 'n': 12, 'alpha': 0.3, 'shap_error': 0.01609561587001387, 'shap_norm_sq': 5.880000000000017, 'weighted_error': 1.010471192576248, 'gamma': 0.1836734693877546}
{'sample_size': 500, 'difference': 0, 'noise': 0, 'n': 12, 'alpha': 0.4, 'shap_error': 0.03453801389282904, 'shap_norm_sq': 4.319999999999995, 'weighted_error': 1.034307753481087, 'gamma': 0.4444444444444451}
{'sample_size': 500, 'difference': 0, 'noise': 0, 'n': 12, 'alpha': 0.5, 'shap_error': 0.03897766411648546, 'shap_norm_sq': 3.000000000000004, 'weighted_error': 1.011199886338708, 'gamma': 0.9999999999999984}
{'sample_size': 500, 'difference': 0, 'noise': 0, 'n': 12, 'alpha': 0.6, 'shap_error': 0.07004851367060788, 'shap_norm_sq': 1.920000000000003, 'weighted_error': 1.0118425492857024, 'gamma': 2.249999999999996}
{'sample_size': 500, 'difference': 0, 'noise': 0, 'n': 12, 'alpha': 0.7, 'shap_error': 0.11459486779337377, 'shap_norm_sq': 1.0800000000000078, 'weighted_error': 1.0068757013407332, 'gamma': 5.444444444444405}
{'sample_size': 500, 'difference': 0, 'noise': 0, 'n': 12, 'alpha': 0.8, 'shap_error': 0.47475730844341507, 'shap_norm_sq': 0.4800000000000006, 'weighted_error': 1.018821637333269, 'gamma': 15.99999999999999}
{'sample_size': 500, 'difference': 0, 'noise': 0, 'n': 12, 'alpha': 0.2, 'shap_error': 0.011090713756540097, 'shap_norm_sq': 7.680000000000017, 'weighted_error': 1.0038403089935297, 'gamma': 0.06249999999999987}
{'sample_size': 500, 'difference': 0, 'noise': 0, 'n': 12, 'alpha': 0.3, 'shap_error': 0.015980070979724315, 'shap_norm_sq': 5.880000000000017, 'weighted_error': 1.0098421148402275, 'gamma': 0.1836734693877546}
{'sample_size': 500, 'difference': 0, 'noise': 0, 'n': 12, 'alpha': 0.4, 'shap_error': 0.026396855343731436, 'shap_norm_sq': 4.319999999999995, 'weighted_error': 1.0159901467456174, 'gamma': 0.4444444444444451}
{'sample_size': 500, 'difference': 0, 'noise': 0, 'n': 12, 'alpha': 0.5, 'shap_error': 0.054281314683551934, 'shap_norm_sq': 3.000000000000004, 'weighted_error': 1.0265035369057742, 'gamma': 0.9999999999999984}
{'sample_size': 500, 'difference': 0, 'noise': 0, 'n': 12, 'alpha': 0.6, 'shap_error': 0.045867355045893336, 'shap_norm_sq': 1.920000000000003, 'weighted_error': 1.001095367674718, 'gamma': 2.249999999999996}
{'sample_size': 500, 'difference': 0, 'noise': 0, 'n': 12, 'alpha': 0.7, 'shap_error': 0.11906464585098027, 'shap_norm_sq': 1.0800000000000078, 'weighted_error': 1.0076966809839667, 'gamma': 5.444444444444405}
{'sample_size': 500, 'difference': 0, 'noise': 0, 'n': 12, 'alpha': 0.8, 'shap_error': 0.21428733665482874, 'shap_norm_sq': 0.4800000000000006, 'weighted_error': 1.0025422640964823, 'gamma': 15.99999999999999}
{'sample_size': 500, 'difference': 0, 'noise': 0, 'n': 12, 'alpha': 0.2, 'shap_error': 0.01117945279600795, 'shap_norm_sq': 7.680000000000017, 'weighted_error': 1.0052601336250153, 'gamma': 0.06249999999999987}
{'sample_size': 500, 'difference': 0, 'noise': 0, 'n': 12, 'alpha': 0.3, 'shap_error': 0.0152411498548391, 'shap_norm_sq': 5.880000000000017, 'weighted_error': 1.0058190998269632, 'gamma': 0.1836734693877546}
{'sample_size': 500, 'difference': 0, 'noise': 0, 'n': 12, 'alpha': 0.4, 'shap_error': 0.022900035846043817, 'shap_norm_sq': 4.319999999999995, 'weighted_error': 1.0081223028758202, 'gamma': 0.4444444444444451}
{'sample_size': 500, 'difference': 0, 'noise': 0, 'n': 12, 'alpha': 0.5, 'shap_error': 0.03188482460523591, 'shap_norm_sq': 3.000000000000004, 'weighted_error': 1.0041070468274582, 'gamma': 0.9999999999999984}
{'sample_size': 500, 'difference': 0, 'noise': 0, 'n': 12, 'alpha': 0.6, 'shap_error': 0.07794576061034442, 'shap_norm_sq': 1.920000000000003, 'weighted_error': 1.0153524368144744, 'gamma': 2.249999999999996}
{'sample_size': 500, 'difference': 0, 'noise': 0, 'n': 12, 'alpha': 0.7, 'shap_error': 0.3226619108806369, 'shap_norm_sq': 1.0800000000000078, 'weighted_error': 1.0450920970098232, 'gamma': 5.444444444444405}
{'sample_size': 500, 'difference': 0, 'noise': 0, 'n': 12, 'alpha': 0.8, 'shap_error': 0.39317865789258344, 'shap_norm_sq': 0.4800000000000006, 'weighted_error': 1.0137229716738425, 'gamma': 15.99999999999999}
{'sample_size': 500, 'difference': 0, 'noise': 0, 'n': 12, 'alpha': 0.2, 'shap_error': 0.011538765799493922, 'shap_norm_sq': 7.680000000000017, 'weighted_error': 1.0110091416807891, 'gamma': 0.06249999999999987}
{'sample_size': 500, 'difference': 0, 'noise': 0, 'n': 12, 'alpha': 0.3, 'shap_error': 0.02130110884493304, 'shap_norm_sq': 5.880000000000017, 'weighted_error': 1.038812209884141, 'gamma': 0.1836734693877546}
{'sample_size': 500, 'difference': 0, 'noise': 0, 'n': 12, 'alpha': 0.4, 'shap_error': 0.022864085366656944, 'shap_norm_sq': 4.319999999999995, 'weighted_error': 1.0080414142971992, 'gamma': 0.4444444444444451}
{'sample_size': 500, 'difference': 0, 'noise': 0, 'n': 12, 'alpha': 0.5, 'shap_error': 0.05396414556408093, 'shap_norm_sq': 3.000000000000004, 'weighted_error': 1.0261863677863023, 'gamma': 0.9999999999999984}
{'sample_size': 500, 'difference': 0, 'noise': 0, 'n': 12, 'alpha': 0.6, 'shap_error': 0.08731681792295518, 'shap_norm_sq': 1.920000000000003, 'weighted_error': 1.0195173511756346, 'gamma': 2.249999999999996}
{'sample_size': 500, 'difference': 0, 'noise': 0, 'n': 12, 'alpha': 0.7, 'shap_error': 0.16979405070370399, 'shap_norm_sq': 1.0800000000000078, 'weighted_error': 1.017014326773242, 'gamma': 5.444444444444405}
{'sample_size': 500, 'difference': 0, 'noise': 0, 'n': 12, 'alpha': 0.8, 'shap_error': 0.3571771864069044, 'shap_norm_sq': 0.4800000000000006, 'weighted_error': 1.0114728797059869, 'gamma': 15.99999999999999}
{'sample_size': 500, 'difference': 0, 'noise': 0, 'n': 12, 'alpha': 0.2, 'shap_error': 0.01148365751871611, 'shap_norm_sq': 7.680000000000017, 'weighted_error': 1.0101274091883443, 'gamma': 0.06249999999999987}
{'sample_size': 500, 'difference': 0, 'noise': 0, 'n': 12, 'alpha': 0.3, 'shap_error': 0.016740174515758408, 'shap_norm_sq': 5.880000000000017, 'weighted_error': 1.013980456314191, 'gamma': 0.1836734693877546}
{'sample_size': 500, 'difference': 0, 'noise': 0, 'n': 12, 'alpha': 0.4, 'shap_error': 0.033121601514289965, 'shap_norm_sq': 4.319999999999995, 'weighted_error': 1.0311208256293736, 'gamma': 0.4444444444444451}
{'sample_size': 500, 'difference': 0, 'noise': 0, 'n': 12, 'alpha': 0.5, 'shap_error': 0.04145707291221262, 'shap_norm_sq': 3.000000000000004, 'weighted_error': 1.0136792951344342, 'gamma': 0.9999999999999984}
{'sample_size': 500, 'difference': 0, 'noise': 0, 'n': 12, 'alpha': 0.6, 'shap_error': 0.0612563523565827, 'shap_norm_sq': 1.920000000000003, 'weighted_error': 1.0079349220350247, 'gamma': 2.249999999999996}
{'sample_size': 500, 'difference': 0, 'noise': 0, 'n': 12, 'alpha': 0.7, 'shap_error': 0.11183616319625944, 'shap_norm_sq': 1.0800000000000078, 'weighted_error': 1.0063690004963652, 'gamma': 5.444444444444405}
{'sample_size': 500, 'difference': 0, 'noise': 0, 'n': 12, 'alpha': 0.8, 'shap_error': 0.445666059661531, 'shap_norm_sq': 0.4800000000000006, 'weighted_error': 1.0170034342844008, 'gamma': 15.99999999999999}
{'sample_size': 500, 'difference': 0, 'noise': 0, 'n': 12, 'alpha': 0.2, 'shap_error': 0.01135451430196666, 'shap_norm_sq': 7.680000000000017, 'weighted_error': 1.0080611177203547, 'gamma': 0.06249999999999987}
{'sample_size': 500, 'difference': 0, 'noise': 0, 'n': 12, 'alpha': 0.3, 'shap_error': 0.018353232000837945, 'shap_norm_sq': 5.880000000000017, 'weighted_error': 1.0227626581774008, 'gamma': 0.1836734693877546}
{'sample_size': 500, 'difference': 0, 'noise': 0, 'n': 12, 'alpha': 0.4, 'shap_error': 0.030348173177033706, 'shap_norm_sq': 4.319999999999995, 'weighted_error': 1.0248806118705471, 'gamma': 0.4444444444444451}
{'sample_size': 500, 'difference': 0, 'noise': 0, 'n': 12, 'alpha': 0.5, 'shap_error': 0.03768226235794749, 'shap_norm_sq': 3.000000000000004, 'weighted_error': 1.0099044845801697, 'gamma': 0.9999999999999984}
{'sample_size': 500, 'difference': 0, 'noise': 0, 'n': 12, 'alpha': 0.6, 'shap_error': 0.051560265832038495, 'shap_norm_sq': 1.920000000000003, 'weighted_error': 1.0036255502463383, 'gamma': 2.249999999999996}
{'sample_size': 500, 'difference': 0, 'noise': 0, 'n': 12, 'alpha': 0.7, 'shap_error': 0.1476507130455208, 'shap_norm_sq': 1.0800000000000078, 'weighted_error': 1.01294718312174, 'gamma': 5.444444444444405}
{'sample_size': 500, 'difference': 0, 'noise': 0, 'n': 12, 'alpha': 0.8, 'shap_error': 0.3178276886008656, 'shap_norm_sq': 0.4800000000000006, 'weighted_error': 1.0090135360931098, 'gamma': 15.99999999999999}
{'sample_size': 500, 'difference': 0, 'noise': 0, 'n': 12, 'alpha': 0.2, 'shap_error': 0.011267094146204932, 'shap_norm_sq': 7.680000000000017, 'weighted_error': 1.006662395228166, 'gamma': 0.06249999999999987}
{'sample_size': 500, 'difference': 0, 'noise': 0, 'n': 12, 'alpha': 0.3, 'shap_error': 0.016135764178698213, 'shap_norm_sq': 5.880000000000017, 'weighted_error': 1.010689777812418, 'gamma': 0.1836734693877546}
{'sample_size': 500, 'difference': 0, 'noise': 0, 'n': 12, 'alpha': 0.4, 'shap_error': 0.023641473278788846, 'shap_norm_sq': 4.319999999999995, 'weighted_error': 1.0097905370994957, 'gamma': 0.4444444444444451}
{'sample_size': 500, 'difference': 0, 'noise': 0, 'n': 12, 'alpha': 0.5, 'shap_error': 0.05030862763466937, 'shap_norm_sq': 3.000000000000004, 'weighted_error': 1.0225308498568915, 'gamma': 0.9999999999999984}
{'sample_size': 500, 'difference': 0, 'noise': 0, 'n': 12, 'alpha': 0.6, 'shap_error': 0.06791542246745443, 'shap_norm_sq': 1.920000000000003, 'weighted_error': 1.0108945087509675, 'gamma': 2.249999999999996}
{'sample_size': 500, 'difference': 0, 'noise': 0, 'n': 12, 'alpha': 0.7, 'shap_error': 0.11048303570571803, 'shap_norm_sq': 1.0800000000000078, 'weighted_error': 1.0061204668756534, 'gamma': 5.444444444444405}
{'sample_size': 500, 'difference': 0, 'noise': 0, 'n': 12, 'alpha': 0.8, 'shap_error': 0.43449755326857314, 'shap_norm_sq': 0.4800000000000006, 'weighted_error': 1.0163054026348408, 'gamma': 15.99999999999999}
{'sample_size': 500, 'difference': 0, 'noise': 0, 'n': 12, 'alpha': 0.2, 'shap_error': 0.011570919533090989, 'shap_norm_sq': 7.680000000000017, 'weighted_error': 1.0115236014183413, 'gamma': 0.06249999999999987}
{'sample_size': 500, 'difference': 0, 'noise': 0, 'n': 12, 'alpha': 0.3, 'shap_error': 0.016756658106214226, 'shap_norm_sq': 5.880000000000017, 'weighted_error': 1.0140702003066724, 'gamma': 0.1836734693877546}
{'sample_size': 500, 'difference': 0, 'noise': 0, 'n': 12, 'alpha': 0.4, 'shap_error': 0.021346465206508715, 'shap_norm_sq': 4.319999999999995, 'weighted_error': 1.0046267689368662, 'gamma': 0.4444444444444451}
{'sample_size': 500, 'difference': 0, 'noise': 0, 'n': 12, 'alpha': 0.5, 'shap_error': 0.04755615739588997, 'shap_norm_sq': 3.000000000000004, 'weighted_error': 1.0197783796181124, 'gamma': 0.9999999999999984}
{'sample_size': 500, 'difference': 0, 'noise': 0, 'n': 12, 'alpha': 0.6, 'shap_error': 0.07502763104746277, 'shap_norm_sq': 1.920000000000003, 'weighted_error': 1.0140554903420826, 'gamma': 2.249999999999996}
{'sample_size': 500, 'difference': 0, 'noise': 0, 'n': 12, 'alpha': 0.7, 'shap_error': 0.11278091564169249, 'shap_norm_sq': 1.0800000000000078, 'weighted_error': 1.0065425264557302, 'gamma': 5.444444444444405}
{'sample_size': 500, 'difference': 0, 'noise': 0, 'n': 12, 'alpha': 0.8, 'shap_error': 0.7702610010731417, 'shap_norm_sq': 0.4800000000000006, 'weighted_error': 1.0372906181226271, 'gamma': 15.99999999999999}
{'sample_size': 500, 'difference': 0, 'noise': 0, 'n': 12, 'alpha': 0.2, 'shap_error': 0.01262873874520388, 'shap_norm_sq': 7.680000000000017, 'weighted_error': 1.0284487088121492, 'gamma': 0.06249999999999987}
{'sample_size': 500, 'difference': 0, 'noise': 0, 'n': 12, 'alpha': 0.3, 'shap_error': 0.015144638564984592, 'shap_norm_sq': 5.880000000000017, 'weighted_error': 1.0052936494710887, 'gamma': 0.1836734693877546}
{'sample_size': 500, 'difference': 0, 'noise': 0, 'n': 12, 'alpha': 0.4, 'shap_error': 0.022322226922854127, 'shap_norm_sq': 4.319999999999995, 'weighted_error': 1.0068222327986436, 'gamma': 0.4444444444444451}
{'sample_size': 500, 'difference': 0, 'noise': 0, 'n': 12, 'alpha': 0.5, 'shap_error': 0.04215310383035506, 'shap_norm_sq': 3.000000000000004, 'weighted_error': 1.0143753260525776, 'gamma': 0.9999999999999984}
{'sample_size': 500, 'difference': 0, 'noise': 0, 'n': 12, 'alpha': 0.6, 'shap_error': 0.08954475104443611, 'shap_norm_sq': 1.920000000000003, 'weighted_error': 1.0205075436740707, 'gamma': 2.249999999999996}
{'sample_size': 500, 'difference': 0, 'noise': 0, 'n': 12, 'alpha': 0.7, 'shap_error': 0.17720837499602224, 'shap_norm_sq': 1.0800000000000078, 'weighted_error': 1.0183761414391779, 'gamma': 5.444444444444405}
{'sample_size': 500, 'difference': 0, 'noise': 0, 'n': 12, 'alpha': 0.8, 'shap_error': 0.3352791014492501, 'shap_norm_sq': 0.4800000000000006, 'weighted_error': 1.0101042493961339, 'gamma': 15.99999999999999}
{'sample_size': 500, 'difference': 0, 'noise': 0, 'n': 12, 'alpha': 0.2, 'shap_error': 0.01158849887228408, 'shap_norm_sq': 7.680000000000017, 'weighted_error': 1.011804870845433, 'gamma': 0.06249999999999987}
{'sample_size': 500, 'difference': 0, 'noise': 0, 'n': 12, 'alpha': 0.3, 'shap_error': 0.017024769166572404, 'shap_norm_sq': 5.880000000000017, 'weighted_error': 1.015529916079733, 'gamma': 0.1836734693877546}
{'sample_size': 500, 'difference': 0, 'noise': 0, 'n': 12, 'alpha': 0.4, 'shap_error': 0.0215254667595787, 'shap_norm_sq': 4.319999999999995, 'weighted_error': 1.0050295224312737, 'gamma': 0.4444444444444451}
{'sample_size': 500, 'difference': 0, 'noise': 0, 'n': 12, 'alpha': 0.5, 'shap_error': 0.031742395852512255, 'shap_norm_sq': 3.000000000000004, 'weighted_error': 1.0039646180747341, 'gamma': 0.9999999999999984}
{'sample_size': 500, 'difference': 0, 'noise': 0, 'n': 12, 'alpha': 0.6, 'shap_error': 0.11277917389446106, 'shap_norm_sq': 1.920000000000003, 'weighted_error': 1.0308339538296372, 'gamma': 2.249999999999996}
{'sample_size': 500, 'difference': 0, 'noise': 0, 'n': 12, 'alpha': 0.7, 'shap_error': 0.21489597259041, 'shap_norm_sq': 1.0800000000000078, 'weighted_error': 1.0252983532422293, 'gamma': 5.444444444444405}
{'sample_size': 500, 'difference': 0, 'noise': 0, 'n': 12, 'alpha': 0.8, 'shap_error': 0.2782447546990624, 'shap_norm_sq': 0.4800000000000006, 'weighted_error': 1.0065396027242464, 'gamma': 15.99999999999999}
{'sample_size': 500, 'difference': 0, 'noise': 0, 'n': 12, 'alpha': 0.2, 'shap_error': 0.01145786752595175, 'shap_norm_sq': 7.680000000000017, 'weighted_error': 1.0097147693041169, 'gamma': 0.06249999999999987}
{'sample_size': 500, 'difference': 0, 'noise': 0, 'n': 12, 'alpha': 0.3, 'shap_error': 0.01519562191658901, 'shap_norm_sq': 5.880000000000017, 'weighted_error': 1.0055712254964901, 'gamma': 0.1836734693877546}
{'sample_size': 500, 'difference': 0, 'noise': 0, 'n': 12, 'alpha': 0.4, 'shap_error': 0.030653495042006786, 'shap_norm_sq': 4.319999999999995, 'weighted_error': 1.0255675860667366, 'gamma': 0.4444444444444451}
{'sample_size': 500, 'difference': 0, 'noise': 0, 'n': 12, 'alpha': 0.5, 'shap_error': 0.03140066275749411, 'shap_norm_sq': 3.000000000000004, 'weighted_error': 1.0036228849797164, 'gamma': 0.9999999999999984}
{'sample_size': 500, 'difference': 0, 'noise': 0, 'n': 12, 'alpha': 0.6, 'shap_error': 0.07850804525237487, 'shap_norm_sq': 1.920000000000003, 'weighted_error': 1.0156023410998214, 'gamma': 2.249999999999996}
{'sample_size': 500, 'difference': 0, 'noise': 0, 'n': 12, 'alpha': 0.7, 'shap_error': 0.09731526455823893, 'shap_norm_sq': 1.0800000000000078, 'weighted_error': 1.0037018966648923, 'gamma': 5.444444444444405}
{'sample_size': 500, 'difference': 0, 'noise': 0, 'n': 12, 'alpha': 0.8, 'shap_error': 0.4390911321293582, 'shap_norm_sq': 0.4800000000000006, 'weighted_error': 1.0165925013136403, 'gamma': 15.99999999999999}
{'sample_size': 500, 'difference': 0, 'noise': 0, 'n': 12, 'alpha': 0.2, 'shap_error': 0.011636495635465894, 'shap_norm_sq': 7.680000000000017, 'weighted_error': 1.0125728190563406, 'gamma': 0.06249999999999987}
{'sample_size': 500, 'difference': 0, 'noise': 0, 'n': 12, 'alpha': 0.3, 'shap_error': 0.01523158843729701, 'shap_norm_sq': 5.880000000000017, 'weighted_error': 1.0057670432203452, 'gamma': 0.1836734693877546}
{'sample_size': 500, 'difference': 0, 'noise': 0, 'n': 12, 'alpha': 0.4, 'shap_error': 0.023123731934150515, 'shap_norm_sq': 4.319999999999995, 'weighted_error': 1.0086256190740608, 'gamma': 0.4444444444444451}
{'sample_size': 500, 'difference': 0, 'noise': 0, 'n': 12, 'alpha': 0.5, 'shap_error': 0.0570148776684672, 'shap_norm_sq': 3.000000000000004, 'weighted_error': 1.02923709989069, 'gamma': 0.9999999999999984}
{'sample_size': 500, 'difference': 0, 'noise': 0, 'n': 12, 'alpha': 0.6, 'shap_error': 0.05931864452205066, 'shap_norm_sq': 1.920000000000003, 'weighted_error': 1.0070737185530105, 'gamma': 2.249999999999996}
{'sample_size': 500, 'difference': 0, 'noise': 0, 'n': 12, 'alpha': 0.7, 'shap_error': 0.09789787594303784, 'shap_norm_sq': 1.0800000000000078, 'weighted_error': 1.003808906919243, 'gamma': 5.444444444444405}
{'sample_size': 500, 'difference': 0, 'noise': 0, 'n': 12, 'alpha': 0.8, 'shap_error': 0.5138020117976849, 'shap_norm_sq': 0.4800000000000006, 'weighted_error': 1.0212619312929103, 'gamma': 15.99999999999999}
{'sample_size': 500, 'difference': 0, 'noise': 0, 'n': 12, 'alpha': 0.2, 'shap_error': 0.01210432275173853, 'shap_norm_sq': 7.680000000000017, 'weighted_error': 1.0200580529167027, 'gamma': 0.06249999999999987}
{'sample_size': 500, 'difference': 0, 'noise': 0, 'n': 12, 'alpha': 0.3, 'shap_error': 0.01893370949957632, 'shap_norm_sq': 5.880000000000017, 'weighted_error': 1.0259230356705324, 'gamma': 0.1836734693877546}
{'sample_size': 500, 'difference': 0, 'noise': 0, 'n': 12, 'alpha': 0.4, 'shap_error': 0.02533353084100794, 'shap_norm_sq': 4.319999999999995, 'weighted_error': 1.013597666614489, 'gamma': 0.4444444444444451}
{'sample_size': 500, 'difference': 0, 'noise': 0, 'n': 12, 'alpha': 0.5, 'shap_error': 0.033152002629902345, 'shap_norm_sq': 3.000000000000004, 'weighted_error': 1.0053742248521242, 'gamma': 0.9999999999999984}
{'sample_size': 500, 'difference': 0, 'noise': 0, 'n': 12, 'alpha': 0.6, 'shap_error': 0.06672084569974385, 'shap_norm_sq': 1.920000000000003, 'weighted_error': 1.0103635857430961, 'gamma': 2.249999999999996}
{'sample_size': 500, 'difference': 0, 'noise': 0, 'n': 12, 'alpha': 0.7, 'shap_error': 0.12456917102546204, 'shap_norm_sq': 1.0800000000000078, 'weighted_error': 1.008707716220096, 'gamma': 5.444444444444405}
{'sample_size': 500, 'difference': 0, 'noise': 0, 'n': 12, 'alpha': 0.8, 'shap_error': 0.21480260728199163, 'shap_norm_sq': 0.4800000000000006, 'weighted_error': 1.00257446851068, 'gamma': 15.99999999999999}
{'sample_size': 500, 'difference': 0, 'noise': 0, 'n': 12, 'alpha': 0.2, 'shap_error': 0.011528248721879741, 'shap_norm_sq': 7.680000000000017, 'weighted_error': 1.0108408684389623, 'gamma': 0.06249999999999987}
{'sample_size': 500, 'difference': 0, 'noise': 0, 'n': 12, 'alpha': 0.3, 'shap_error': 0.014939018976025727, 'shap_norm_sq': 5.880000000000017, 'weighted_error': 1.0041741650423126, 'gamma': 0.1836734693877546}
{'sample_size': 500, 'difference': 0, 'noise': 0, 'n': 12, 'alpha': 0.4, 'shap_error': 0.043443345071175365, 'shap_norm_sq': 4.319999999999995, 'weighted_error': 1.0543447486323663, 'gamma': 0.4444444444444451}
{'sample_size': 500, 'difference': 0, 'noise': 0, 'n': 12, 'alpha': 0.5, 'shap_error': 0.038773325669329096, 'shap_norm_sq': 3.000000000000004, 'weighted_error': 1.0109955478915515, 'gamma': 0.9999999999999984}
{'sample_size': 500, 'difference': 0, 'noise': 0, 'n': 12, 'alpha': 0.6, 'shap_error': 0.05721580326355556, 'shap_norm_sq': 1.920000000000003, 'weighted_error': 1.0061391224381238, 'gamma': 2.249999999999996}
{'sample_size': 500, 'difference': 0, 'noise': 0, 'n': 12, 'alpha': 0.7, 'shap_error': 0.13711447860789103, 'shap_norm_sq': 1.0800000000000078, 'weighted_error': 1.0110119563882976, 'gamma': 5.444444444444405}
{'sample_size': 500, 'difference': 0, 'noise': 0, 'n': 12, 'alpha': 0.8, 'shap_error': 0.7033753343210887, 'shap_norm_sq': 0.4800000000000006, 'weighted_error': 1.0331102639506236, 'gamma': 15.99999999999999}
{'sample_size': 500, 'difference': 0, 'noise': 0, 'n': 12, 'alpha': 0.2, 'shap_error': 0.011861036370238677, 'shap_norm_sq': 7.680000000000017, 'weighted_error': 1.0161654708127046, 'gamma': 0.06249999999999987}
{'sample_size': 500, 'difference': 0, 'noise': 0, 'n': 12, 'alpha': 0.3, 'shap_error': 0.015929110737958004, 'shap_norm_sq': 5.880000000000017, 'weighted_error': 1.0095646646350547, 'gamma': 0.1836734693877546}
{'sample_size': 500, 'difference': 0, 'noise': 0, 'n': 12, 'alpha': 0.4, 'shap_error': 0.022865371775124467, 'shap_norm_sq': 4.319999999999995, 'weighted_error': 1.008044308716252, 'gamma': 0.4444444444444451}
{'sample_size': 500, 'difference': 0, 'noise': 0, 'n': 12, 'alpha': 0.5, 'shap_error': 0.044170845240037795, 'shap_norm_sq': 3.000000000000004, 'weighted_error': 1.01639306746226, 'gamma': 0.9999999999999984}
{'sample_size': 500, 'difference': 0, 'noise': 0, 'n': 12, 'alpha': 0.6, 'shap_error': 0.056492735905314215, 'shap_norm_sq': 1.920000000000003, 'weighted_error': 1.005817759167794, 'gamma': 2.249999999999996}
{'sample_size': 500, 'difference': 0, 'noise': 0, 'n': 12, 'alpha': 0.7, 'shap_error': 0.26657863660165193, 'shap_norm_sq': 1.0800000000000078, 'weighted_error': 1.0347910874483766, 'gamma': 5.444444444444405}
{'sample_size': 500, 'difference': 0, 'noise': 0, 'n': 12, 'alpha': 0.8, 'shap_error': 0.1969340592784367, 'shap_norm_sq': 0.4800000000000006, 'weighted_error': 1.0014576842604577, 'gamma': 15.99999999999999}
{'sample_size': 500, 'difference': 0, 'noise': 0, 'n': 12, 'alpha': 0.2, 'shap_error': 0.011739782846022498, 'shap_norm_sq': 7.680000000000017, 'weighted_error': 1.0142254144252476, 'gamma': 0.06249999999999987}
{'sample_size': 500, 'difference': 0, 'noise': 0, 'n': 12, 'alpha': 0.3, 'shap_error': 0.015063153306567318, 'shap_norm_sq': 5.880000000000017, 'weighted_error': 1.0048500075085942, 'gamma': 0.1836734693877546}
{'sample_size': 500, 'difference': 0, 'noise': 0, 'n': 12, 'alpha': 0.4, 'shap_error': 0.023685727238010074, 'shap_norm_sq': 4.319999999999995, 'weighted_error': 1.009890108507745, 'gamma': 0.4444444444444451}
{'sample_size': 500, 'difference': 0, 'noise': 0, 'n': 12, 'alpha': 0.5, 'shap_error': 0.03474559043309986, 'shap_norm_sq': 3.000000000000004, 'weighted_error': 1.006967812655322, 'gamma': 0.9999999999999984}
{'sample_size': 500, 'difference': 0, 'noise': 0, 'n': 12, 'alpha': 0.6, 'shap_error': 0.05835229390395182, 'shap_norm_sq': 1.920000000000003, 'weighted_error': 1.006644229389411, 'gamma': 2.249999999999996}
{'sample_size': 500, 'difference': 0, 'noise': 0, 'n': 12, 'alpha': 0.7, 'shap_error': 0.13339094114821334, 'shap_norm_sq': 1.0800000000000078, 'weighted_error': 1.010328041344684, 'gamma': 5.444444444444405}
{'sample_size': 500, 'difference': 0, 'noise': 0, 'n': 12, 'alpha': 0.8, 'shap_error': 0.6606005176507577, 'shap_norm_sq': 0.4800000000000006, 'weighted_error': 1.030436837908728, 'gamma': 15.99999999999999}
{'sample_size': 500, 'difference': 0, 'noise': 0, 'n': 12, 'alpha': 0.2, 'shap_error': 0.011373152781129743, 'shap_norm_sq': 7.680000000000017, 'weighted_error': 1.0083593333869616, 'gamma': 0.06249999999999987}
{'sample_size': 500, 'difference': 0, 'noise': 0, 'n': 12, 'alpha': 0.3, 'shap_error': 0.016159949867712603, 'shap_norm_sq': 5.880000000000017, 'weighted_error': 1.0108214554526074, 'gamma': 0.1836734693877546}
{'sample_size': 500, 'difference': 0, 'noise': 0, 'n': 12, 'alpha': 0.4, 'shap_error': 0.020746507220256654, 'shap_norm_sq': 4.319999999999995, 'weighted_error': 1.0032768634677993, 'gamma': 0.4444444444444451}
{'sample_size': 500, 'difference': 0, 'noise': 0, 'n': 12, 'alpha': 0.5, 'shap_error': 0.030860255013834853, 'shap_norm_sq': 3.000000000000004, 'weighted_error': 1.003082477236057, 'gamma': 0.9999999999999984}
{'sample_size': 500, 'difference': 0, 'noise': 0, 'n': 12, 'alpha': 0.6, 'shap_error': 0.09037667163077533, 'shap_norm_sq': 1.920000000000003, 'weighted_error': 1.0208772861568876, 'gamma': 2.249999999999996}
{'sample_size': 500, 'difference': 0, 'noise': 0, 'n': 12, 'alpha': 0.7, 'shap_error': 0.09642378192609252, 'shap_norm_sq': 1.0800000000000078, 'weighted_error': 1.0035381549569466, 'gamma': 5.444444444444405}
{'sample_size': 500, 'difference': 0, 'noise': 0, 'n': 12, 'alpha': 0.8, 'shap_error': 0.33205572205885386, 'shap_norm_sq': 0.4800000000000006, 'weighted_error': 1.009902788184234, 'gamma': 15.99999999999999}
